714,696,361,118,236,436,366,348,804,330,990,693,379,209,329,788,716,985,54,565,342,271,243,224,211,184,60,12,996,739,366,146,106,677,668,313,572,6,213,727,593,288,245,218,72,115,984,108,790,566,421,228,746,735,134,693,414,658,247,646,373,735,264,25,53,38,576,707,821,423,493,835,72,83,922,653,720,200,564,469,644,345,804,826,162,193,77,820,506,362,47,661,768,319,413,159,318,34,129,713,669,189,303,796,562,16,633,407,80,993,349,235,554,364,520,506,183,535,856,670,654,862,717,181,241,350,933,403,443,638,869,2,667,157,270,315,339,201,238,676,461,910,978,635,338,700,327,84,406,197,921,463,834,629,255,953,545,278,32,741,243,689,471,735,637,831,304,663,786,399,871,366,844,12,816,594,467,523,248,385,408,998,450,241,330,404,581,501,332,325,584,709,668,95,279,894,868,694,206,51,435,848,416,207,343,358,559,869,936,522,600,845,874,933,380,912,211,906,387,479,981,839,97,811,385,307,311,399,554,754,681,703,909,742,176,800,56,72,326,488,521,681,136,709,594,573,208,576,138,594,51,969,681,36,300,609,674,572,288,339,843,983,11,704,785,588,518,54,649,353,71,119,189,385,667,820,342,422,983,198,118,294,857,451,586,125,942,65,974,390,957,647,438,134,978,607,569,402,90,167,353,619,734,560,614,677,349,678,592,579,372,473,52,396,843,575,14,506,904,361,206,807,377,708,761,845,770,825,320,584,587,725,204,555,434,6,862,175,315,35,373,400,237,688,661,514,679,188,867,383,959,156,318,326,661,953,923,626,942,418,889,609,832,243,362,557,284,764,305,584,438,371,302,377,717,715,341,915,786,952,699,175,921,614,304,54,964,713,278,527,131,789,448,776,433,225,503,887,430,330
169,911,891,282,708,853,220,639,782,410,988,388,86,29,803,170,444,219,647,63,785,266,297,191,865,226,902,354,104,245,456,871,61,649,269,345,572,193,479,163,826,991,298,178,358,628,991,843,291,171,99,620,347,200,168,103,52,602,722,734,638,493,328,217,332,622,609,862,929,723,569,196,104,717,890,401,692,449,447,35,957,883,872,271,776,670,657,306,410,600,340,559,917,700,255,824,232,639,91,411,983,403,392,499,618,537,705,989,900,172,851,966,230,694,179,541,251,254,253,341,67,70,692,10,911,890,615,51,995,552,411,711,251,588,735,748,214,7,486,318,895,479,415,182,567,351,571,299,485,355,942,365,826,666,211,64,977,801,64,995,640,255,277,917,407,701,318,587,633,499,519,652,694,836,351,734,856,368,415,154,29,361,835,685,585,69,17,921,946,756,238,728,461,160,191,871,509,243,728,109,876,370,541,584,849,339,576,642,143,835,394,698,711,348,659,423,413,886,869,443,846,327,837,730,146,491,664,283,382,441,172,751,482,385,113,923,27,270,563,238,804,144,248,528,699,630,613,506,678,941,258,946,29,399,603,62,359,767,318,785,693,434,676,676,302,713,132,249,922,75,744,82,818,591,235,925,711,942,378,612,138,35,634,980,423,617,663,441,657,321,375,651,587,656,265,398,951,233,712,917,355,66,650,8,870,978,780,909,522,417,318,269,341,539,296,402,860,321,340,660,476,680,278,116,333,448,710,985,427,406,759,142,900,201,390,670,951,378,748,611,111,979,861,156,350,672,915,65,817,478,864,608,254,686,686,175,10,97,498,497,789,877,225,836,235,300,887,731,347,102,287,875,750,639,241,497,47,60,168,149,985,12,196,47,929,584,903,459,758,799,510,632,885,834,780,887,77,677,748,759
143,78,716,175,890,810,704,288,256,749,568,695,390,324,488,584,923,57,779,437,775,875,161,604,456,4,975,408,917,500,55,794,628,722,364,491,196,370,582,384,814,367,929,683,482,324,908,300,564,552,68,935,41,251,225,446,130,666,116,773,217,401,504,294,792,121,199,325,246,492,568,486,570,20,418,362,525,554,224,111,960,225,136,533,149,229,87,429,416,91,805,56,87,490,182,798,619,83,827,319,743,101,616,826,130,806,191,338,656,713,203,864,357,55,75,585,116,533,74,817,774,572,814,641,508,430,871,487,591,912,240,202,733,670,497,745,259,574,907,142,839,763,577,919,535,96,494,740,410,892,981,809,733,584,479,39,956,542,357,513,481,668,917,610,550,935,513,567,979,767,705,645,71,839,704,173,255,843,33,256,523,907,12,542,238,446,724,874,546,703,219,315,516,436,869,231,771,465,452,743,610,109,760,916,208,18,943,55,248,788,730,691,145,344,740,949,161,293,251,921,373,170,202,976,780,980,365,822,501,567,847,804,725,807,774,69,526,332,522,319,637,38,395,339,486,498,50,524,285,934,445,501,402,159,454,69,134,745,116,410,239,886,473,491,487,178,442,193,485,153,960,913,389,564,734,748,513,698,270,673,46,584,927,243,515,639,970,726,170,174,686,975,398,334,572,799,812,625,63,843,726,121,97,164,146,860,616,727,46,491,401,351,543,385,549,439,690,594,589,926,246,523,482,385,591,423,364,782,681,931,380,908,628,236,978,538,247,304,201,808,637,103,292,90,500,204,510,786,772,270,288,617,916,715,121,102,45,879,209,526,826,122,584,774,645,644,531,785,549,579,671,646,112,453,146,677,234,376,415,290,139,746,733,647,38,633,538,408,938,381,486,171,676,885,121,631,908,721,179,292
684,146,302,939,632,567,859,455,889,655,483,864,542,349,605,628,676,509,328,531,79,446,368,264,981,711,97,843,481,176,920,825,909,320,147,497,925,918,354,13,743,568,513,970,704,520,740,343,854,178,401,523,512,692,890,248,952,192,635,273,970,848,660,528,226,444,453,204,458,496,19,801,66,640,687,724,111,820,42,58,872,524,725,190,282,181,857,79,132,694,299,662,301,903,27,103,887,204,995,56,334,864,188,718,195,847,750,548,927,375,397,903,54,83,793,419,963,697,556,396,909,446,752,184,977,123,938,759,838,203,67,742,421,15,849,470,140,440,87,994,72,178,396,233,491,922,639,234,788,76,8,438,470,721,396,427,528,854,924,697,167,821,917,357,304,898,635,993,216,237,709,204,244,302,162,446,829,912,852,467,396,206,645,202,534,915,286,270,636,556,987,403,211,814,528,92,28,115,506,945,587,819,666,70,684,371,221,239,347,520,121,502,739,880,213,906,991,470,290,147,128,893,203,839,140,939,874,376,597,950,684,704,877,104,411,829,638,854,389,600,996,163,631,835,472,295,446,437,477,290,678,824,485,319,949,172,404,25,424,11,65,103,512,483,112,155,33,94,321,13,482,14,256,693,634,401,958,958,139,581,369,567,809,494,837,421,808,967,322,618,280,449,353,599,903,952,229,814,185,923,556,812,344,75,410,144,680,594,963,177,596,692,348,362,843,172,689,206,406,404,958,837,982,883,463,442,481,128,911,299,522,773,579,665,643,496,941,784,959,778,259,986,847,117,331,599,494,315,479,713,710,839,670,17,113,695,91,873,818,208,653,425,961,42,254,988,665,867,316,521,134,639,590,925,996,320,742,239,156,382,611,692,66,736,167,326,9,791,379,713,618,687,450,941,27,307,735,466,119,529
489,218,117,171,642,995,496,204,335,627,99,988,570,458,451,429,964,838,474,785,138,188,827,272,188,139,660,985,173,34,439,701,988,2,305,928,604,955,812,474,111,122,41,580,527,323,466,928,450,858,146,560,574,305,822,903,983,462,284,72,884,347,446,85,654,840,812,707,417,29,384,167,996,474,154,255,608,584,391,976,247,458,131,629,828,879,440,679,812,506,190,226,77,899,692,723,793,387,843,102,841,22,814,303,432,928,970,366,893,612,458,599,157,545,664,616,294,881,585,905,663,394,800,406,407,442,196,258,28,368,682,461,616,973,328,912,952,533,913,991,647,501,802,242,564,416,627,890,926,384,490,267,383,665,125,917,619,237,565,578,931,124,493,742,8,990,197,940,556,77,142,637,89,406,899,821,514,721,187,544,928,351,818,147,122,780,226,772,804,469,332,266,366,728,615,978,837,547,312,514,27,362,386,283,272,169,164,120,138,771,133,182,44,290,127,628,350,466,235,392,886,697,400,338,92,962,913,964,574,15,52,105,85,299,900,819,609,193,890,882,529,831,852,145,271,859,277,71,541,231,361,330,734,401,783,352,800,907,347,46,765,780,672,824,44,205,836,640,341,814,592,220,136,188,252,573,40,161,710,421,957,337,104,46,570,787,559,483,121,168,264,751,487,119,105,969,453,141,728,251,156,499,146,458,869,948,843,172,755,429,173,857,43,355,904,905,811,738,29,118,981,304,879,241,505,627,941,526,289,715,774,78,148,936,77,110,320,891,48,661,286,788,478,968,799,110,577,122,881,802,145,842,958,366,844,14,994,929,378,966,884,336,9,267,187,798,722,91,664,263,370,813,504,990,911,111,675,463,454,103,775,732,136,869,684,400,918,556,961,707,882,66,169,401,227,168,152,228,845,615
887,761,677,583,688,141,459,876,72,392,716,478,79,835,620,666,343,895,306,505,677,403,516,96,618,488,864,221,339,134,613,892,984,175,697,627,128,983,619,829,998,648,357,903,339,270,483,58,684,446,8,477,564,86,905,615,857,418,995,147,939,899,763,199,586,682,897,801,252,967,253,377,561,804,358,260,299,634,376,959,798,244,9,211,544,752,833,49,36,807,945,48,416,950,610,382,77,243,779,319,259,655,555,937,304,350,731,870,207,175,720,39,132,693,990,896,2,388,279,689,835,880,528,998,540,549,378,379,278,681,172,725,416,107,795,603,93,820,162,697,833,340,763,393,850,956,536,144,783,645,389,167,770,549,462,220,657,803,516,595,381,425,211,159,459,431,136,683,924,287,308,729,104,48,82,768,728,13,741,332,862,731,896,258,68,857,365,373,301,390,619,939,509,111,213,973,808,87,42,766,109,856,799,63,654,87,318,71,757,937,13,796,63,909,972,794,443,967,326,997,958,944,653,555,427,896,11,859,852,7,127,384,13,156,684,439,18,586,52,21,391,21,272,849,134,686,949,566,637,964,936,860,983,628,149,148,553,345,736,41,358,95,971,174,591,951,438,845,573,0,650,41,912,686,47,884,710,915,603,674,380,729,92,920,849,673,557,796,55,907,451,54,541,438,845,148,97,586,991,687,94,406,318,464,209,495,777,385,779,325,53,751,906,708,786,856,173,438,85,497,288,433,253,104,621,871,806,848,653,446,101,710,205,838,110,209,457,10,617,123,121,759,971,698,71,566,66,288,988,49,915,438,54,857,322,736,801,781,146,316,979,381,508,540,534,296,78,533,112,166,970,172,40,225,172,428,226,37,613,119,990,65,622,596,538,897,527,550,976,697,45,789,234,102,160,495,873,447,699,351
196,811,765,258,865,228,851,668,641,341,162,333,100,956,663,329,100,135,220,104,444,181,448,166,843,421,758,785,252,591,767,653,188,221,284,592,464,699,342,644,338,862,869,896,237,587,11,965,554,270,53,585,213,550,517,835,962,615,272,909,378,157,831,306,185,243,431,110,993,420,754,398,571,962,918,7,771,157,376,167,700,819,88,676,774,934,651,880,975,632,563,30,511,172,600,810,937,248,183,781,798,796,753,47,389,595,787,173,757,887,903,744,724,524,234,190,930,643,147,861,863,443,909,447,444,567,992,330,194,551,457,94,370,239,233,57,400,654,155,129,566,144,205,411,880,510,111,847,271,103,851,992,829,463,877,82,207,330,979,145,981,681,309,271,416,297,622,940,470,345,987,95,77,47,46,14,369,455,847,753,910,462,156,666,757,752,694,145,637,560,733,435,738,520,853,785,449,695,810,294,63,339,723,100,678,791,41,796,402,437,333,551,774,142,535,481,698,426,307,898,919,411,205,910,280,630,872,929,525,716,737,259,531,925,188,531,504,697,226,218,412,568,695,980,140,114,775,436,919,557,977,260,766,45,929,298,182,676,921,392,478,752,996,87,644,626,689,993,661,824,769,696,599,891,55,476,660,446,940,428,162,865,514,395,455,686,38,58,401,798,687,18,918,377,208,807,401,41,226,671,99,906,59,376,663,10,628,223,912,237,988,714,133,370,496,71,399,63,880,190,738,619,39,321,55,736,953,457,886,421,17,371,247,425,671,598,587,633,91,222,673,405,661,950,300,865,303,126,903,771,524,424,347,388,619,813,192,584,212,392,272,662,88,849,691,809,549,972,199,552,373,655,351,276,62,392,53,265,358,765,966,633,384,248,135,284,180,900,283,729,380,267,938,17,319,188,309,98,527,39
530,402,376,825,869,729,415,938,525,886,255,556,74,376,978,875,5,677,154,843,35,689,118,431,822,952,529,218,573,529,717,684,725,53,299,164,37,789,902,354,244,673,984,904,56,573,702,112,56,41,921,497,39,265,986,694,802,31,559,504,41,756,937,939,280,323,22,924,689,485,875,289,975,413,390,89,145,172,867,65,297,430,742,359,378,542,370,789,570,457,768,734,425,947,420,488,752,355,818,423,145,91,105,88,871,613,103,65,321,335,275,388,533,927,472,799,788,609,32,251,196,970,455,662,245,157,651,433,950,43,962,672,323,667,60,195,619,36,602,501,579,493,655,910,340,265,658,649,355,443,86,393,619,392,355,149,388,258,958,555,897,7,194,140,909,125,599,71,619,117,389,309,755,499,243,455,659,439,344,423,706,480,5,53,886,184,838,439,224,362,773,245,162,43,723,316,174,512,121,501,733,723,778,414,978,297,866,152,505,226,18,977,119,978,295,595,215,474,174,185,458,926,833,972,643,89,68,734,932,831,53,709,552,273,879,344,945,597,75,805,3,47,295,665,70,489,367,510,699,143,782,591,333,876,41,127,682,626,164,847,669,209,155,133,681,549,595,216,545,500,14,925,431,994,250,723,844,138,47,460,327,10,930,101,752,955,861,912,155,391,123,267,773,443,212,230,847,950,285,28,351,234,651,657,580,491,128,355,138,231,911,602,378,801,376,132,397,82,236,612,398,140,81,692,801,961,627,699,559,707,453,87,115,106,857,903,892,187,740,204,680,761,944,994,300,894,720,602,198,101,328,929,114,429,181,516,337,970,859,679,647,397,5,714,668,670,315,336,772,148,345,266,433,824,294,869,606,1000,255,955,503,172,454,74,129,744,741,569,127,345,719,352,17,592,889,25,919,59,160,767
484,905,43,631,988,685,500,239,519,887,569,178,674,198,200,795,440,266,262,563,325,812,727,313,597,269,634,969,571,854,76,602,654,440,552,613,393,177,358,276,1,413,282,132,983,214,674,503,643,638,562,277,549,571,424,603,437,311,803,631,529,882,977,513,539,944,679,58,692,464,596,73,442,6,946,395,631,109,530,22,513,899,881,480,172,676,642,589,728,233,441,251,148,273,370,255,52,317,250,43,919,579,504,786,97,969,324,985,157,482,798,108,576,471,372,848,401,56,312,340,919,97,592,165,874,349,545,744,294,906,108,451,592,978,9,949,595,340,265,971,705,803,712,884,266,544,470,537,423,831,139,804,611,267,903,743,968,678,336,58,877,184,777,156,186,614,229,407,318,31,710,591,877,886,812,158,408,418,598,673,629,347,819,14,233,594,378,29,445,885,777,69,728,636,434,769,808,712,388,595,107,593,946,505,495,392,828,540,52,40,669,895,197,922,559,585,342,350,578,228,873,405,791,779,249,334,178,707,198,152,684,719,699,789,922,21,149,535,242,647,273,428,19,565,232,236,890,434,543,733,289,380,992,374,629,345,322,96,606,892,652,451,153,907,547,372,850,659,457,99,18,247,671,229,118,771,914,409,759,927,545,358,959,471,401,385,596,192,66,468,744,754,163,986,223,17,136,377,983,110,587,958,802,13,914,222,484,158,182,580,314,407,135,426,677,926,411,195,763,240,935,584,436,805,527,797,563,568,974,773,253,517,871,669,891,406,106,372,661,163,350,415,30,688,457,42,546,117,721,50,502,577,738,422,643,219,437,25,965,588,531,297,677,595,118,321,818,494,359,443,670,888,109,358,556,966,87,379,482,611,33,870,299,923,234,414,689,259,279,976,900,653,393,425,3,911,224,849,256,894
941,80,374,740,809,627,378,608,94,170,249,503,686,374,906,84,311,726,721,662,218,382,646,147,103,148,466,934,293,395,267,555,101,345,729,428,574,67,475,889,561,72,528,276,164,368,102,700,532,258,965,991,189,966,239,604,41,565,53,589,550,443,814,939,614,959,241,284,309,503,693,408,417,897,163,718,776,933,159,239,489,596,989,623,627,635,806,381,265,160,957,108,427,714,4,295,992,331,190,97,325,874,472,377,282,5,176,901,938,748,81,413,298,16,325,966,757,912,444,339,688,544,158,394,352,706,124,343,15,616,679,363,698,188,251,105,182,94,798,322,631,641,416,954,471,507,913,178,695,226,261,124,534,204,525,768,456,135,140,225,88,75,510,806,531,253,308,76,618,281,96,180,724,191,125,616,956,79,706,538,41,444,783,329,906,885,891,564,966,818,333,995,193,248,799,696,41,457,374,777,858,932,925,65,67,636,985,711,388,343,54,821,819,115,126,785,892,268,473,4,904,136,293,747,414,707,339,959,404,356,690,188,76,488,877,125,328,938,678,855,631,395,486,582,807,850,616,890,995,60,220,672,862,630,675,682,634,401,44,10,671,765,274,836,583,584,647,250,223,886,657,898,183,271,938,425,982,919,987,173,823,995,447,826,924,746,33,870,691,460,214,200,214,969,557,425,632,814,627,413,934,544,443,173,172,280,950,243,227,138,755,150,852,169,432,675,755,556,835,668,269,599,7,441,475,508,328,474,256,49,481,294,843,338,827,813,730,721,955,510,796,45,230,736,457,362,128,106,930,70,602,973,332,245,491,463,270,202,970,440,725,854,184,851,246,298,930,588,317,144,876,694,962,276,818,803,155,211,968,521,694,372,735,693,732,34,773,613,929,127,185,155,233,480,422,221,977,129,276,810
836,927,168,709,962,952,12,711,667,998,535,250,256,883,167,696,480,694,444,818,23,445,28,975,302,64,409,374,894,437,94,592,546,371,419,461,496,668,429,496,238,84,891,10,689,62,225,805,306,4,389,885,454,403,776,691,834,684,813,633,454,572,776,538,64,891,114,573,375,851,891,309,610,535,726,797,897,575,784,977,840,913,718,392,461,523,175,245,211,34,408,809,224,85,341,886,440,121,234,24,809,701,383,945,289,81,258,527,258,985,966,284,299,834,242,783,221,122,757,435,306,281,258,813,30,536,79,436,374,844,339,537,42,941,504,536,664,521,935,595,143,352,415,646,24,793,958,770,59,840,407,225,1,9,840,53,511,245,322,494,62,889,297,830,654,983,420,292,887,122,778,261,442,35,475,168,350,475,322,832,77,478,423,192,350,372,114,161,355,708,561,805,671,39,967,868,228,153,833,734,485,731,724,83,664,415,742,639,52,311,101,982,490,667,549,588,963,14,702,88,946,948,420,522,738,271,218,532,615,295,990,798,436,811,19,540,886,686,919,849,611,173,68,735,296,262,668,931,353,797,510,425,952,443,251,8,179,400,962,774,161,263,262,28,967,468,64,427,262,159,407,198,540,219,706,435,671,575,698,176,782,614,965,527,173,842,847,736,17,15,725,959,361,12,17,931,955,682,583,638,321,249,451,132,879,413,822,443,691,506,57,505,526,963,978,137,851,547,705,338,149,691,678,600,223,705,304,865,884,52,491,170,521,204,596,150,189,389,262,961,693,543,904,231,100,385,810,647,831,634,289,713,376,613,746,663,808,275,275,776,268,593,193,120,9,218,574,694,186,757,27,3,527,308,288,352,35,400,548,144,704,815,42,360,649,459,665,762,282,942,655,244,393,452,663,392,531,265,227,987
643,644,590,797,49,634,962,946,355,145,496,500,393,430,717,358,61,861,362,52,151,633,192,816,932,97,276,351,408,117,870,484,409,102,847,151,365,190,794,791,41,813,722,983,646,419,465,389,113,613,186,929,47,880,372,635,957,116,479,757,426,875,688,541,703,248,266,79,841,590,568,50,613,74,487,794,459,189,364,569,389,65,766,73,593,238,372,837,942,793,980,723,701,212,66,95,761,961,113,932,751,980,733,946,291,628,306,261,885,647,689,191,347,3,404,687,447,339,15,813,592,449,113,546,978,300,614,120,628,715,11,422,731,548,494,160,262,756,898,584,106,106,993,220,451,686,448,2,522,267,59,378,974,413,9,363,985,870,879,156,476,272,257,24,644,663,748,803,782,171,215,830,358,55,156,294,645,704,292,742,379,155,710,654,885,381,511,591,285,228,282,59,718,5,500,52,967,488,596,138,668,918,237,109,350,123,749,362,166,548,9,451,147,947,949,771,753,288,144,826,992,33,391,377,88,212,288,984,373,455,518,146,972,750,646,869,702,631,683,333,752,946,342,528,409,548,815,852,747,217,866,6,270,921,213,401,766,168,634,662,388,811,562,253,727,706,828,972,815,417,769,48,217,307,39,448,205,877,249,106,476,620,147,726,98,602,293,657,962,188,227,463,337,379,521,997,440,203,145,155,13,376,475,179,132,751,471,574,470,439,503,908,831,669,328,389,937,472,903,361,640,996,643,923,791,748,288,94,212,108,682,433,788,109,694,852,216,764,429,531,838,198,344,346,600,120,755,643,19,952,294,426,497,163,999,224,808,974,986,543,845,526,335,203,980,158,914,385,941,793,567,415,800,237,182,151,329,511,12,19,937,646,788,301,996,321,408,130,486,735,568,195,739,65,652,471,819,947,131,262
905,985,467,648,740,523,975,126,700,714,579,220,392,872,554,898,308,665,348,484,724,347,59,592,349,600,425,944,269,942,409,286,872,28,646,294,169,363,618,394,114,670,257,425,565,663,144,412,195,719,440,189,798,899,532,609,492,540,696,841,189,459,157,967,934,436,315,607,949,209,378,410,461,992,292,456,841,538,232,882,861,139,224,450,722,191,576,970,96,737,183,490,642,144,318,337,846,259,664,936,346,34,990,537,737,35,363,934,224,815,954,417,393,24,393,162,692,845,74,18,669,696,203,656,183,853,503,669,655,655,393,317,189,184,697,175,589,521,857,787,982,388,979,81,216,262,322,856,635,849,423,148,586,440,660,979,770,342,772,637,382,624,978,811,569,968,707,853,65,179,698,356,298,473,775,713,168,976,555,79,551,932,784,145,97,278,299,580,378,462,66,575,770,127,519,198,168,395,711,208,946,699,159,645,663,809,720,692,374,488,284,470,469,472,391,866,769,822,739,198,63,323,433,329,842,514,553,695,436,823,924,130,720,905,384,852,939,72,738,914,884,553,616,942,890,342,43,522,993,937,21,324,131,483,863,580,686,83,407,567,997,329,313,843,266,293,96,130,745,399,19,686,247,541,352,696,997,202,43,159,334,451,492,483,795,927,536,515,623,61,149,683,946,200,896,855,652,392,843,572,725,533,593,289,921,912,754,805,723,854,442,138,920,434,612,375,160,964,79,758,882,803,38,384,232,508,790,474,927,174,380,988,889,758,547,86,50,532,475,584,931,167,210,952,428,413,452,169,962,240,482,452,113,709,395,483,260,548,205,701,890,113,586,25,872,158,541,354,219,150,888,308,815,453,34,994,686,651,196,895,665,713,265,376,770,539,406,348,898,759,361,95,283,830,182,909,281,954,216,224
200,499,429,527,661,191,545,502,776,452,454,838,891,488,2,72,885,435,950,522,763,387,213,931,479,996,150,186,174,201,987,27,434,873,727,257,569,151,659,930,223,301,118,708,198,149,712,475,671,269,916,634,960,501,828,367,646,799,858,691,234,267,642,810,44,534,222,774,172,153,60,952,439,554,316,833,53,562,203,877,499,733,358,603,868,261,103,120,401,40,981,306,868,118,59,162,689,210,9,280,239,505,678,932,651,623,586,142,626,979,461,390,259,333,380,799,714,66,363,90,936,755,745,991,967,324,947,319,157,928,909,179,470,834,576,853,339,771,977,993,436,971,873,348,63,35,801,440,877,521,308,199,240,829,711,132,328,281,185,622,540,416,231,419,856,126,445,247,306,909,983,270,517,494,19,722,946,222,840,764,383,34,824,528,100,503,479,52,744,357,180,970,766,206,673,44,591,217,38,778,62,586,100,480,46,733,56,105,786,199,311,619,8,478,287,471,9,740,983,570,622,226,139,604,609,63,414,484,102,344,248,318,925,81,383,40,518,332,465,735,842,864,920,901,243,370,234,629,519,685,981,770,155,711,358,526,937,986,154,226,945,539,103,225,872,33,313,508,281,324,592,498,597,660,882,268,976,473,505,660,803,340,146,874,506,108,567,451,764,480,823,158,281,512,614,303,898,821,69,158,432,501,616,481,327,201,778,139,491,621,578,105,862,999,255,279,428,194,234,234,118,933,558,734,28,161,887,266,16,982,180,682,146,49,479,256,499,813,699,192,684,850,111,624,767,967,743,159,34,480,902,134,847,348,914,84,113,281,567,385,683,759,322,549,1,422,891,890,643,83,564,443,669,494,41,952,392,92,962,953,552,425,331,908,192,667,676,920,164,732,193,563,31,634,840,247,337,963,402,774
906,611,0,10,627,42,218,757,391,824,786,921,100,813,67,427,412,338,310,124,17,932,283,503,635,466,52,311,594,943,709,637,433,690,560,154,271,165,615,904,319,690,253,81,580,595,804,731,763,731,212,939,272,408,843,150,733,473,203,157,672,215,988,406,229,82,240,23,332,310,107,640,430,163,89,503,781,797,78,244,57,896,260,892,4,403,525,259,295,237,231,485,946,596,281,960,547,159,269,456,54,401,266,327,398,744,105,802,639,759,444,888,926,184,832,799,940,664,849,780,1,929,13,315,377,373,820,410,394,838,251,789,802,624,920,779,788,74,364,132,846,207,575,484,216,732,178,108,702,778,532,923,738,578,9,904,328,980,273,675,983,114,77,790,690,60,152,325,703,578,667,101,702,116,813,180,578,134,777,677,248,185,504,581,327,392,407,753,678,553,15,484,467,139,301,369,535,784,71,949,250,553,770,241,121,959,455,21,599,245,447,713,8,402,563,87,408,479,462,231,241,291,553,718,94,190,244,646,657,481,249,473,426,232,23,521,512,898,30,969,885,89,661,558,777,541,379,101,79,119,145,262,240,308,78,258,933,910,654,392,54,438,460,92,554,881,878,693,85,914,96,633,672,522,286,497,929,133,260,410,505,117,466,499,331,82,299,335,644,968,803,484,258,77,114,258,887,925,469,482,445,318,882,860,16,497,724,242,653,990,728,49,354,255,294,612,737,854,820,308,220,826,157,228,891,744,994,35,369,198,335,564,875,991,971,624,959,606,73,13,549,132,494,722,468,370,638,943,707,818,200,126,520,97,700,980,880,591,794,710,598,707,605,313,848,860,761,547,244,957,560,534,65,956,728,157,298,699,819,829,197,572,523,171,974,917,331,824,843,967,388,73,876,48,16,983,279,205,850,434
52,954,982,880,54,916,556,440,81,731,660,449,601,879,261,227,130,398,106,337,118,89,523,931,338,210,191,261,634,296,103,571,481,685,64,7,129,877,453,920,169,556,357,394,542,303,227,233,691,740,574,339,81,224,452,371,252,352,599,961,816,659,291,490,771,853,476,842,868,718,772,649,279,537,72,461,884,444,265,969,891,914,247,673,311,403,742,818,753,981,684,332,228,275,240,231,362,437,681,766,938,61,672,401,340,534,110,786,826,599,32,497,678,370,933,208,983,379,625,698,844,62,187,184,574,152,521,578,559,593,362,885,584,406,381,109,0,742,145,549,225,792,426,103,237,682,8,822,318,802,18,580,513,517,142,707,935,215,566,980,996,193,435,870,396,515,447,149,387,105,985,173,273,55,723,290,572,697,544,508,741,497,955,428,51,387,192,718,178,604,99,993,402,49,854,403,694,198,198,822,111,770,904,718,199,401,438,343,360,542,890,107,447,916,613,479,615,900,609,572,937,177,977,47,683,102,147,777,755,603,244,798,460,925,972,601,44,638,453,334,592,448,953,645,180,676,621,525,287,93,911,243,128,982,689,2,766,276,597,850,507,337,693,678,645,845,750,381,977,114,286,373,886,630,914,738,517,542,78,624,957,825,268,630,567,674,218,816,604,978,366,665,536,104,209,544,645,339,470,701,932,270,711,880,652,18,445,407,171,773,888,271,770,317,55,617,160,502,171,899,990,942,902,462,686,759,206,967,124,565,852,406,838,189,500,548,415,108,236,460,89,781,681,748,64,370,23,198,424,977,992,527,813,131,241,742,601,691,76,877,831,680,925,903,683,819,31,603,947,116,571,337,942,633,761,917,126,655,940,111,79,545,889,845,895,91,541,889,419,689,18,87,657,737,274,860,868,876,421,682
144,243,168,467,970,639,904,11,694,326,844,804,675,964,320,60,670,834,462,841,883,934,407,831,980,559,708,34,35,601,89,615,460,15,682,699,892,889,482,703,969,342,895,399,392,346,191,986,60,697,337,768,127,517,206,449,551,243,284,707,600,888,782,655,393,77,79,893,2,574,921,149,792,377,306,626,802,93,562,246,556,237,881,601,61,271,813,473,227,230,225,879,411,185,957,169,225,496,138,271,360,927,846,277,646,487,273,54,717,539,261,325,493,361,370,512,477,456,409,799,979,467,783,324,2,203,943,812,276,895,884,126,141,890,981,908,647,329,131,653,895,701,725,417,91,675,138,0,238,850,986,39,395,983,282,679,952,815,179,934,637,282,102,805,538,30,254,384,338,693,330,261,675,8,821,286,934,384,263,676,982,517,964,892,853,468,760,654,102,930,426,241,496,164,480,564,821,445,121,42,414,13,398,15,43,493,881,110,684,144,583,732,78,547,60,468,616,367,54,648,824,949,956,663,736,937,676,502,108,710,118,74,944,103,618,42,843,532,122,124,958,122,123,931,250,687,822,992,803,673,20,465,587,501,172,119,374,547,228,113,343,54,56,107,508,168,929,739,275,289,362,205,684,813,197,632,788,559,95,782,265,342,113,23,479,535,86,995,308,33,761,45,268,740,513,529,868,881,77,600,248,115,619,187,191,719,178,629,334,959,677,430,756,162,875,509,951,445,30,948,69,479,999,248,800,382,490,861,77,878,364,720,633,796,144,806,959,780,118,999,12,647,637,282,366,569,759,722,172,239,51,815,555,442,43,710,865,967,143,13,641,804,704,378,258,705,738,619,493,747,599,284,3,89,322,329,828,125,987,141,483,707,626,308,275,287,137,169,408,601,346,348,308,635,566,907,880,483,199,913
391,620,642,456,1,48,567,631,562,362,275,623,226,820,475,847,127,174,400,134,653,338,448,377,697,466,550,136,129,802,711,94,578,403,367,474,182,300,735,593,515,536,823,348,84,270,195,410,56,690,321,524,427,99,935,477,502,557,727,908,195,29,137,211,457,449,114,385,489,153,635,378,376,437,799,183,912,757,540,338,42,344,221,661,98,281,402,459,52,688,113,638,226,136,830,748,789,439,777,120,610,381,301,998,3,850,471,545,254,88,501,599,902,25,758,126,550,97,828,415,102,437,535,565,314,66,139,484,398,21,415,114,576,978,379,14,714,461,155,483,107,329,687,54,651,140,117,144,751,872,822,397,801,35,274,300,551,249,346,859,12,474,72,991,149,842,744,328,964,72,912,997,855,192,536,443,689,607,189,376,295,976,184,594,932,775,469,886,562,727,921,615,358,37,181,710,611,527,579,860,435,672,942,332,608,884,307,270,749,877,736,946,455,664,999,272,728,619,336,373,166,468,651,690,391,117,807,88,203,290,440,153,706,979,140,823,112,874,719,472,734,466,803,391,222,155,732,709,117,418,448,952,397,420,763,991,235,597,876,253,843,321,506,309,652,192,963,622,95,701,845,792,203,227,989,933,454,375,234,708,533,9,904,575,403,272,571,246,195,855,236,997,980,455,363,562,50,157,892,15,739,529,254,528,405,551,74,581,383,423,343,567,891,682,421,356,874,476,698,394,645,260,292,456,372,276,999,819,363,133,284,21,365,156,712,728,267,264,465,894,294,131,415,540,333,326,993,642,198,494,979,370,998,909,51,628,235,753,62,967,798,152,525,394,770,773,608,834,947,169,885,921,738,873,310,187,696,700,108,870,468,740,251,637,389,647,807,53,341,795,796,704,67,402,223,7,897,32,345,551
606,470,124,22,56,739,548,964,332,482,549,282,804,590,314,541,73,221,964,488,720,928,849,981,439,499,103,775,951,787,759,111,454,231,621,570,668,879,534,943,733,81,807,485,944,104,207,96,771,304,569,265,784,904,121,578,794,289,216,753,269,26,937,733,547,146,315,821,43,296,964,954,886,242,913,5,80,71,408,857,167,425,434,681,915,233,195,279,180,582,269,657,454,862,824,724,390,461,73,941,277,318,712,739,544,407,425,431,662,101,30,144,65,285,601,891,101,480,457,355,671,719,394,305,192,105,567,695,814,141,714,822,231,385,393,832,593,452,620,704,502,442,218,21,334,856,456,164,51,824,875,422,546,0,185,272,848,544,203,761,164,360,568,150,130,283,867,471,585,679,28,885,837,971,780,817,723,57,871,982,650,10,66,570,63,901,996,122,191,859,546,334,520,649,609,242,272,786,476,200,976,878,454,325,468,347,386,0,696,406,591,977,720,751,426,222,736,598,805,13,389,485,644,568,537,268,921,359,85,459,789,750,703,191,611,38,696,328,967,719,418,939,750,849,402,638,320,483,810,642,830,197,946,567,144,821,630,148,741,406,671,480,842,876,866,305,55,821,729,342,734,179,880,109,643,274,722,627,748,905,59,19,756,630,704,752,779,984,933,891,150,278,657,903,934,586,549,989,65,960,449,178,476,610,464,270,963,465,171,228,812,675,653,904,460,837,947,703,275,141,896,583,243,107,912,626,462,485,853,819,810,542,504,781,136,587,695,634,43,481,707,974,725,925,197,888,931,233,173,934,34,413,885,112,376,771,750,687,904,564,316,763,10,997,513,830,14,456,468,231,39,644,454,318,66,111,238,541,879,386,13,363,575,655,822,490,256,148,859,519,409,283,395,536,583,362,876,75,703,579
207,420,974,493,213,421,645,697,150,182,204,944,385,299,925,689,33,985,722,877,184,938,513,546,722,135,543,828,762,476,317,74,638,215,348,858,739,204,947,182,331,487,706,832,161,144,265,935,430,334,782,281,526,531,898,124,964,596,877,548,70,235,935,44,237,793,556,489,624,690,322,134,849,265,900,384,143,863,294,790,782,199,401,260,230,715,677,632,946,949,515,471,591,446,808,345,303,921,861,752,326,839,893,442,485,220,995,409,213,753,708,779,641,573,730,206,460,641,217,803,507,916,504,405,692,755,330,816,243,961,455,779,201,188,207,694,210,547,934,593,97,313,601,117,969,637,877,565,85,253,259,417,194,150,576,221,293,544,439,791,156,159,940,521,667,649,143,248,34,723,178,727,794,680,633,619,319,51,667,910,814,29,988,281,261,794,950,388,974,764,994,47,950,668,941,240,422,783,552,946,321,527,277,692,709,52,589,897,635,401,280,788,974,802,877,738,874,467,421,157,120,758,601,149,476,316,256,424,871,644,415,392,312,510,896,884,513,1,142,849,980,108,511,62,541,964,209,459,995,185,350,963,334,420,872,416,111,558,858,110,630,575,407,218,195,25,757,663,582,58,782,213,666,856,14,200,778,488,783,29,598,452,303,382,379,79,211,536,101,521,318,26,896,948,881,916,617,752,5,611,482,783,34,341,492,442,35,178,279,607,489,716,277,328,896,877,368,182,279,64,781,680,480,745,121,763,396,17,943,641,56,912,499,502,994,27,651,681,337,608,925,352,196,219,29,451,807,740,715,52,448,245,940,162,623,502,558,403,899,165,803,490,247,144,529,199,154,72,51,43,363,110,535,598,451,641,683,303,646,538,402,974,243,793,166,798,931,868,590,535,824,414,342,420,295,286,880,108,843,621
657,646,92,429,56,333,660,232,889,327,247,189,92,362,587,782,943,919,819,150,5,300,584,829,196,640,227,777,627,547,853,504,809,849,676,427,296,433,772,49,993,34,281,626,681,212,751,440,667,324,449,595,159,878,390,93,536,123,805,273,337,336,142,635,964,244,940,43,87,330,949,842,869,948,570,638,666,514,159,167,259,464,532,545,389,873,716,90,287,849,436,143,735,775,999,18,400,970,564,705,724,24,327,502,118,761,105,993,158,271,301,611,245,93,493,880,230,751,777,952,98,151,751,113,609,208,389,604,602,838,19,615,833,401,684,328,670,395,77,889,178,130,600,442,86,145,181,86,769,344,986,850,39,907,923,94,475,648,212,818,670,389,727,731,106,106,447,27,927,985,214,656,848,34,912,519,789,101,436,521,197,463,735,994,149,195,162,673,754,769,842,825,794,538,480,710,904,731,443,656,17,294,184,216,394,131,708,158,191,498,140,35,35,271,305,681,911,942,530,938,605,818,412,988,867,167,255,534,34,23,260,879,155,689,795,776,847,836,365,200,248,355,558,25,265,79,622,843,289,150,960,682,598,739,230,594,702,612,432,323,142,866,306,305,841,828,692,681,848,944,332,526,390,631,88,843,332,460,520,559,103,811,224,450,514,943,616,530,437,55,950,290,349,947,499,892,314,557,616,564,489,507,597,389,42,486,445,506,374,889,856,725,548,382,20,747,888,131,649,907,294,504,706,98,741,812,647,183,777,106,826,999,521,685,774,610,195,212,559,945,668,325,288,993,682,638,470,475,132,17,483,447,422,876,641,623,699,392,192,435,699,225,397,536,142,773,389,766,996,784,85,201,974,356,279,117,903,205,471,124,327,641,912,817,117,377,539,849,34,886,56,413,105,107,825,586,796,672,908,438
184,560,736,553,883,791,31,58,539,309,914,42,210,351,148,725,749,498,334,954,167,314,582,789,778,152,949,108,831,919,593,933,797,684,482,684,372,200,638,693,248,569,449,619,513,484,223,526,10,15,175,532,550,457,169,967,408,78,790,980,757,960,5,250,824,301,817,629,131,394,60,90,445,65,920,730,515,492,362,246,658,727,253,637,172,494,431,269,164,626,417,367,933,127,650,691,950,281,188,275,260,441,610,365,251,772,43,288,493,916,595,759,85,782,146,105,442,540,438,264,614,619,952,382,482,745,533,150,252,144,967,301,695,999,469,961,232,52,9,466,181,551,57,335,258,665,264,923,970,818,220,837,718,58,338,132,862,301,228,787,557,535,206,391,823,92,65,604,2,932,909,115,735,334,315,409,862,270,457,40,376,62,30,651,588,840,727,994,282,717,531,926,408,821,365,980,119,826,850,972,596,753,461,558,357,973,828,346,25,949,642,576,718,179,237,341,495,660,361,286,16,944,915,440,366,19,150,329,64,906,470,293,922,246,870,987,908,99,872,803,215,886,241,419,641,246,135,172,118,903,358,73,222,768,973,445,617,554,753,871,300,245,376,604,887,891,713,5,982,86,977,952,925,73,758,954,419,343,108,559,442,809,769,128,914,414,813,906,574,416,535,759,575,468,882,579,790,927,129,93,823,942,956,669,327,99,351,297,413,914,340,439,444,45,71,688,50,813,137,142,87,1000,292,51,313,256,141,517,864,235,980,796,311,451,564,498,535,903,19,121,245,68,251,912,395,122,455,806,823,600,887,303,424,770,78,28,291,7,503,502,628,670,706,910,484,583,264,585,757,553,7,723,507,106,6,925,62,942,819,283,299,150,773,434,716,389,307,517,505,576,742,209,318,502,987,919,473,601,276,464
193,971,393,910,441,497,712,960,614,301,720,256,883,388,901,881,435,635,88,166,949,668,124,928,503,215,566,734,164,260,952,643,360,155,810,948,573,813,659,865,749,975,95,209,779,211,519,295,82,708,17,311,493,276,205,292,603,859,618,775,644,684,147,864,50,599,868,364,682,52,258,655,64,172,851,349,240,482,114,580,420,737,547,270,174,865,217,87,527,337,926,240,602,975,629,571,941,822,38,117,212,332,438,34,721,290,101,133,290,721,200,449,191,325,502,471,790,121,518,134,1000,508,614,502,191,426,58,758,639,218,917,616,525,917,555,453,452,645,451,372,968,32,718,661,106,898,1000,857,765,940,376,45,10,750,787,649,427,19,509,588,600,333,243,52,682,353,19,712,394,116,562,229,640,83,573,456,547,702,229,18,427,210,626,872,266,85,278,760,206,866,361,617,146,703,923,739,714,249,853,4,555,842,222,401,448,777,843,529,770,190,730,720,844,474,985,520,293,548,994,620,414,164,921,256,134,251,711,475,789,731,946,13,971,732,485,437,107,128,410,887,203,388,977,424,783,757,132,217,197,181,637,953,394,125,544,62,438,202,821,847,520,604,109,187,850,439,596,280,826,930,213,378,980,537,899,480,4,587,558,488,645,959,309,907,857,286,237,329,109,518,396,630,485,438,638,19,204,511,511,357,882,104,901,144,600,588,227,949,184,50,674,564,6,548,295,254,421,597,701,981,451,118,324,239,180,958,533,273,432,346,0,601,646,127,594,540,164,327,404,409,897,885,620,862,778,725,972,761,835,647,840,376,543,206,720,0,80,559,131,279,415,18,121,63,378,176,879,712,564,957,716,150,276,718,984,964,278,964,881,171,592,926,721,561,978,319,686,393,128,955,747,888,44,990,417,80,602,625,289,8
367,792,453,505,895,605,35,779,640,55,67,260,939,910,109,395,886,194,5,388,841,778,569,788,289,598,969,675,216,275,241,506,764,765,859,382,771,939,926,897,513,369,70,657,879,772,490,825,939,745,708,743,186,500,537,325,584,464,975,742,134,997,27,125,616,847,831,465,583,649,754,991,596,163,735,680,672,70,505,984,784,684,630,130,515,538,119,3,100,26,50,395,417,515,282,575,997,588,450,997,824,807,735,135,956,493,867,79,886,260,453,867,401,415,290,917,691,968,951,756,613,356,391,546,438,741,137,607,444,864,218,635,82,741,463,807,168,293,196,988,251,603,2,938,544,201,339,240,136,801,396,968,493,135,933,229,915,10,519,23,84,820,636,817,819,464,857,437,112,309,432,956,433,377,470,190,112,67,396,711,400,1,969,11,875,607,600,385,3,355,128,33,345,1000,825,954,535,342,373,52,456,673,979,212,558,747,476,852,821,186,684,250,424,603,311,993,793,867,844,339,61,32,708,822,816,586,851,811,187,107,676,66,995,437,92,683,945,234,588,506,224,694,195,300,71,980,697,701,411,578,584,625,236,954,90,8,791,239,822,65,825,581,866,638,471,691,292,213,652,474,161,375,256,42,170,763,195,564,853,311,187,53,645,411,463,88,665,4,863,721,185,63,679,834,963,398,119,589,807,402,891,11,106,363,994,532,967,966,844,126,97,133,709,657,443,951,613,249,668,501,706,27,37,988,570,114,39,13,215,162,739,873,369,284,243,947,700,935,3,570,501,461,787,519,786,335,746,200,648,525,788,902,242,81,575,702,191,537,449,466,346,212,349,255,235,377,111,938,25,234,242,552,362,951,391,536,995,783,817,572,806,361,28,779,483,922,847,644,297,429,952,491,408,821,872,358,194,378,236,226
786,629,763,124,939,847,598,690,720,404,410,331,503,890,678,158,38,244,330,311,732,869,426,836,481,751,494,535,620,655,325,663,987,884,388,242,773,719,156,929,850,618,427,904,742,153,377,119,611,560,488,461,962,140,151,342,75,885,471,824,952,155,173,166,291,478,412,547,508,457,359,86,611,681,559,692,851,162,970,503,775,290,699,203,590,10,260,755,169,343,151,722,591,886,570,397,461,995,76,937,768,753,918,328,863,461,137,869,750,977,26,793,78,794,330,232,123,164,402,254,910,845,501,641,777,645,517,720,154,805,982,671,508,7,50,122,325,970,594,628,638,636,112,244,655,449,600,376,676,424,856,439,531,987,624,269,21,41,716,540,907,771,451,41,593,343,353,448,23,788,525,367,682,834,503,801,601,380,60,188,805,459,194,552,505,337,94,872,909,281,755,173,981,836,885,236,900,832,538,929,634,538,980,146,586,191,290,70,596,416,353,334,232,170,22,341,958,956,686,295,614,932,906,895,109,881,304,519,884,934,936,426,147,480,78,53,239,490,453,950,533,928,203,826,907,528,41,78,527,190,951,378,628,875,531,56,104,507,953,18,345,781,707,272,273,937,487,154,810,129,121,2,959,736,355,57,949,396,145,459,297,133,324,871,426,878,861,531,267,318,890,538,21,590,844,855,908,964,470,993,494,238,315,594,470,911,900,749,24,832,96,759,295,753,349,114,184,333,947,901,399,259,413,487,667,290,633,984,9,995,403,388,976,216,553,174,905,679,592,706,489,746,611,190,272,193,589,385,446,223,590,718,220,87,312,120,646,782,757,79,742,302,516,408,262,793,153,988,989,693,424,650,21,219,578,419,369,952,849,539,58,10,20,4,931,372,293,689,158,206,758,226,312,553,340,475,966,311,833,662
627,829,348,443,482,754,858,117,926,466,520,753,940,134,314,836,693,907,992,515,965,528,573,817,764,339,19,342,359,880,251,736,268,84,733,10,353,991,779,488,409,295,258,211,352,28,974,538,620,333,397,747,667,27,421,339,757,426,284,808,329,80,628,947,855,87,236,350,693,747,844,448,959,781,884,155,507,140,80,466,20,790,114,840,953,321,469,244,943,455,252,924,907,373,206,434,899,548,56,110,827,980,484,751,30,246,56,347,545,344,347,654,849,324,633,344,151,636,214,328,890,728,74,677,481,721,733,418,377,175,936,708,435,109,314,410,244,271,358,2,313,731,960,388,845,134,811,471,684,77,888,905,524,973,403,321,371,701,406,858,652,103,760,612,190,719,200,836,910,700,675,723,494,617,589,911,680,679,706,53,989,158,669,438,315,472,578,773,979,812,43,528,121,809,200,825,597,266,800,968,86,980,689,491,725,544,57,538,575,132,719,795,459,98,674,205,9,480,186,992,128,825,551,53,954,176,629,991,875,354,471,195,483,445,961,28,957,760,587,244,340,276,472,257,620,567,200,607,557,810,816,665,195,547,879,254,206,120,559,916,227,820,164,333,981,726,428,731,231,484,745,481,308,416,585,207,859,466,999,141,905,27,396,666,277,136,92,38,144,491,23,32,431,989,839,321,437,873,795,42,505,497,104,495,148,733,678,329,344,130,176,839,255,294,568,757,433,197,36,938,16,554,707,437,507,200,572,267,467,582,757,633,445,18,187,817,33,981,97,211,317,470,797,355,478,113,789,363,937,526,982,726,969,457,486,187,983,682,688,953,621,606,88,87,833,926,516,840,225,743,207,98,949,272,274,996,536,103,106,581,806,474,359,175,964,89,509,807,87,3,229,67,618,386,329,590,909,933,806,163
312,818,316,131,905,501,721,766,916,346,813,393,117,608,404,322,379,265,305,829,819,200,514,981,586,925,269,226,766,37,60,625,909,450,200,677,71,71,97,488,89,807,456,739,267,802,520,162,589,321,811,417,98,398,562,613,280,289,589,226,638,395,898,586,540,203,388,415,949,641,813,92,249,34,250,191,986,88,665,974,159,927,724,563,578,517,940,34,223,74,289,814,20,359,727,934,856,578,829,14,503,762,83,902,738,408,471,858,107,353,918,403,197,944,772,510,21,93,760,154,16,881,49,30,307,470,588,533,692,802,666,369,550,20,2,78,696,434,711,679,802,797,842,402,161,945,698,319,366,21,755,133,127,402,80,478,765,935,934,889,876,161,84,453,401,705,639,320,752,461,427,138,819,861,782,794,311,308,493,967,360,844,624,972,688,504,991,614,451,90,294,372,887,366,406,966,175,737,706,951,104,93,308,635,858,332,316,311,283,13,177,133,978,885,11,508,55,269,521,631,136,824,127,546,774,365,659,462,439,595,369,607,880,114,838,361,15,351,212,205,376,167,817,630,797,959,5,950,971,950,969,370,257,332,249,631,418,938,502,356,875,329,664,51,688,104,314,497,216,157,952,651,141,222,283,278,416,500,705,331,362,733,809,677,290,187,657,861,917,59,470,349,965,680,708,57,78,607,275,769,584,772,248,622,247,955,71,237,529,153,269,709,72,382,635,109,246,280,922,512,103,713,93,52,728,341,136,819,907,343,305,962,670,29,623,219,636,613,944,23,536,444,927,132,704,770,53,466,234,78,646,109,3,554,638,814,406,652,78,624,658,152,444,313,725,476,313,315,77,574,494,524,627,657,426,0,698,31,383,714,428,446,558,630,828,89,537,860,589,66,722,17,931,270,477,117,604,352,729,252
985,587,629,623,540,275,886,537,563,594,152,61,683,368,895,326,456,21,706,687,513,994,914,505,550,981,149,646,250,645,32,974,939,234,460,4,371,709,88,131,462,149,116,762,248,202,377,922,146,143,22,386,75,258,343,938,575,892,824,137,338,52,742,846,38,936,679,720,585,744,216,705,985,607,626,867,577,33,388,177,714,424,152,752,601,245,908,433,515,142,786,398,152,173,260,964,306,418,510,936,416,156,621,634,206,190,681,593,285,105,806,271,554,338,702,816,210,508,931,195,701,704,943,112,927,586,91,305,132,804,351,155,223,602,552,997,591,329,356,836,497,940,153,114,682,208,224,306,611,953,546,160,406,163,834,979,352,736,282,452,54,321,567,878,392,376,822,715,12,262,779,702,89,128,61,229,305,72,859,860,293,748,41,186,969,171,724,838,652,12,161,706,683,252,808,497,897,130,942,931,605,429,460,940,523,839,312,368,122,423,339,618,869,391,296,703,114,765,444,97,218,73,250,916,46,477,893,906,392,301,36,932,829,241,351,669,353,724,479,24,934,129,817,852,643,429,640,61,390,484,929,223,546,722,947,550,469,233,832,78,640,636,978,267,221,393,319,123,124,786,925,448,560,588,757,921,951,383,220,590,224,439,334,123,450,508,520,982,828,669,704,72,356,950,268,123,703,276,502,125,436,708,595,665,115,755,820,663,403,342,34,33,409,348,458,738,545,530,771,181,791,926,535,735,853,293,833,172,254,8,168,398,720,558,135,52,487,154,995,392,831,408,293,174,424,733,726,216,220,254,944,532,41,866,5,177,821,368,770,904,452,400,136,578,717,238,646,550,235,719,767,68,346,256,853,818,96,821,657,743,96,886,715,756,171,632,217,681,533,866,959,880,254,124,34,25,138,278,172,611
408,993,599,102,960,400,926,243,60,160,139,335,132,826,245,107,67,650,179,713,10,638,649,903,181,555,984,475,978,977,447,807,639,693,650,629,161,120,410,391,986,978,854,63,940,781,323,96,594,652,311,920,981,66,743,840,514,249,56,940,4,871,350,703,388,701,892,8,978,568,374,806,30,732,806,277,305,559,822,42,288,103,392,506,345,909,95,593,475,86,381,632,985,965,640,280,268,158,366,349,997,485,649,590,301,106,33,868,764,21,536,498,476,839,747,480,662,786,649,302,902,346,184,884,281,43,102,667,261,396,165,992,462,41,83,901,568,556,754,555,177,561,139,528,316,460,445,669,638,805,279,553,262,632,526,655,839,869,512,551,264,62,827,634,211,119,489,742,223,419,867,223,526,602,301,945,327,650,125,939,676,922,499,494,931,376,643,576,201,797,633,330,155,185,768,789,851,978,758,829,358,974,366,225,382,245,413,448,321,886,118,196,254,975,427,868,847,372,195,627,51,597,428,908,803,987,3,719,506,301,797,824,904,846,407,867,125,517,519,120,66,210,943,925,957,381,400,351,764,270,238,661,550,974,704,462,1,549,846,90,570,187,360,989,683,95,437,387,305,101,926,227,545,968,983,69,199,994,35,530,794,127,863,408,10,61,873,515,438,931,846,632,126,502,801,546,875,602,189,323,216,596,971,141,677,239,846,827,789,582,51,573,833,709,457,549,747,249,298,97,716,334,32,397,466,373,826,720,944,41,946,870,107,757,763,837,375,39,968,843,997,465,456,341,346,496,376,275,397,314,505,875,967,584,310,281,862,499,979,168,992,596,590,516,886,743,633,654,166,841,152,645,67,350,544,239,47,307,187,577,239,55,330,452,127,560,778,865,701,520,5,315,217,149,856,105,268,107,334,160
325,858,105,740,394,652,884,579,960,356,414,742,202,274,498,665,321,289,317,751,793,676,974,36,969,369,631,86,883,915,530,57,825,0,523,574,860,110,50,45,287,598,291,300,919,925,904,63,923,424,614,56,831,387,131,600,950,307,910,827,676,244,131,355,734,662,252,196,913,867,549,381,890,489,916,405,211,124,89,571,105,15,250,62,589,281,532,273,969,331,767,80,21,649,607,937,345,603,136,515,332,898,705,407,441,106,962,645,51,530,929,856,919,605,971,732,147,301,304,638,190,219,336,832,66,416,856,158,738,89,115,463,490,138,546,7,540,953,638,390,37,833,991,572,151,978,231,45,702,456,20,148,446,778,349,227,815,499,841,939,255,823,890,861,282,979,75,311,194,705,469,545,12,736,369,543,768,604,842,654,281,454,107,70,988,534,618,757,94,446,190,964,866,931,291,888,292,423,328,598,859,529,409,286,742,249,139,13,893,598,84,821,408,905,163,820,638,545,73,569,468,120,773,492,731,173,935,275,422,613,651,534,73,345,352,14,970,625,555,875,528,985,297,223,378,846,118,14,928,196,491,178,282,138,728,822,731,458,962,755,255,521,656,923,305,958,199,56,979,483,598,938,718,390,173,971,150,421,597,259,151,898,236,721,832,940,442,42,198,887,571,480,226,350,625,413,739,605,535,422,216,198,832,95,291,33,866,559,854,952,327,259,349,331,445,124,787,243,511,95,144,303,416,420,674,309,214,914,712,521,980,206,403,189,786,770,920,479,115,44,404,97,381,439,291,247,370,34,42,631,643,861,759,315,152,585,901,460,10,802,34,242,361,785,753,364,55,279,447,937,497,948,269,667,941,554,901,603,511,430,182,569,568,811,288,768,222,263,532,222,681,288,365,435,187,814,270,970,495,4
14,40,56,764,524,487,645,850,179,799,40,610,836,548,868,322,635,826,618,845,957,372,305,374,996,56,911,375,619,121,219,743,501,688,871,700,623,318,339,434,758,864,473,955,837,384,415,152,313,976,928,198,625,866,386,289,587,720,615,197,256,593,735,829,849,571,863,120,317,341,373,450,270,823,288,716,125,86,127,997,545,760,151,541,562,41,800,911,631,785,645,385,944,807,769,7,168,823,139,701,248,979,60,75,369,84,89,974,232,717,341,663,134,239,241,388,510,223,323,404,704,986,10,921,630,451,184,934,615,744,596,14,813,942,568,245,589,875,652,194,614,193,835,769,384,221,384,919,747,193,746,217,134,150,395,952,48,208,596,931,169,149,710,234,693,454,422,806,784,665,384,340,371,522,842,432,940,426,136,400,846,820,86,631,352,31,997,550,835,263,382,209,396,631,188,666,386,638,540,583,755,12,185,811,965,280,924,849,593,308,893,777,555,878,882,938,752,143,109,960,981,987,63,769,347,72,612,718,340,540,939,74,526,371,898,320,127,48,82,432,366,967,552,414,583,358,568,253,341,643,727,868,922,810,223,383,971,312,602,950,239,462,318,510,850,701,110,828,928,79,243,840,381,430,621,586,664,200,703,817,196,74,771,929,11,641,835,883,508,64,388,439,439,858,311,269,585,405,590,647,505,371,494,968,961,738,782,899,572,551,219,157,857,493,225,565,711,251,258,831,196,73,958,87,392,198,486,72,765,684,406,796,154,204,723,581,95,313,694,250,141,901,865,856,301,818,910,926,266,331,807,645,798,10,806,132,778,169,218,664,71,683,95,91,267,165,687,530,539,349,813,818,949,289,509,520,596,754,143,71,588,415,766,167,669,325,308,232,290,856,41,63,849,882,690,447,932,627,356,655
383,577,855,828,853,29,992,642,628,395,22,536,638,297,114,540,102,831,83,61,361,167,559,250,285,200,2,402,716,329,351,82,264,274,603,796,592,23,302,111,233,612,988,985,603,483,837,898,983,250,215,778,309,101,980,446,787,600,411,749,869,123,700,869,307,309,78,395,654,838,839,258,917,110,909,931,946,127,91,411,266,364,80,118,123,518,22,513,704,849,22,789,234,893,438,117,256,937,207,328,335,708,803,734,692,40,914,262,972,794,6,187,851,545,358,842,611,641,662,341,937,960,172,826,465,645,327,320,424,996,800,665,480,859,20,847,652,704,841,539,793,677,306,379,615,671,269,794,239,836,890,525,560,842,999,389,609,571,333,937,852,309,503,945,647,725,283,314,180,680,156,803,22,341,106,473,164,424,115,813,220,22,521,573,236,980,399,316,355,434,384,560,494,505,827,270,112,515,701,705,551,468,230,373,855,57,627,867,215,747,820,701,947,645,94,361,357,155,96,948,182,174,145,27,123,60,198,632,185,957,401,969,81,893,813,642,914,510,450,253,118,582,494,307,461,789,652,344,374,404,698,693,483,562,573,910,395,594,266,17,75,858,147,568,559,175,87,3,198,428,712,732,672,728,885,356,396,549,57,173,468,173,774,781,235,625,419,937,319,141,978,954,281,933,980,770,308,412,556,420,243,602,861,249,934,575,624,257,287,828,941,556,77,888,171,418,868,902,556,505,897,25,859,769,468,303,423,999,779,336,711,668,850,758,420,921,109,534,501,91,165,886,633,884,217,702,335,869,655,649,412,686,17,536,671,515,663,750,557,328,738,217,824,126,829,999,246,184,234,138,490,817,854,371,979,597,886,351,984,199,881,414,78,836,489,192,458,866,970,847,392,607,6,838,888,501,971,502,615,874
903,967,822,82,65,165,449,245,833,174,156,825,610,372,40,418,963,989,839,465,52,517,565,833,448,591,509,854,381,810,204,93,568,966,118,925,916,209,868,433,776,267,642,531,85,384,726,988,92,494,997,741,518,753,589,440,251,483,514,169,386,355,247,307,339,929,243,769,691,509,126,458,715,374,680,275,30,376,364,756,766,596,247,588,453,695,697,72,661,568,804,161,688,725,205,388,865,625,440,68,324,251,493,569,765,804,786,662,814,451,95,249,787,959,626,289,74,661,910,691,500,322,673,1000,418,667,250,587,62,553,198,463,220,784,312,148,83,677,47,816,199,941,679,970,323,934,39,923,564,768,82,358,226,686,555,240,387,845,47,307,58,496,613,356,893,654,843,999,952,432,408,49,766,961,473,464,971,473,581,641,355,904,774,714,645,994,837,58,839,568,698,805,320,825,170,500,899,996,214,712,349,514,894,190,182,98,862,253,696,336,230,244,767,906,146,877,338,255,260,462,838,460,956,786,294,264,94,329,812,559,342,449,196,961,642,449,908,756,420,221,380,491,678,616,726,343,856,98,821,329,784,667,958,385,700,440,175,268,715,526,674,643,398,549,858,948,589,543,767,763,110,112,196,390,666,548,31,215,431,515,753,179,869,687,967,925,21,40,665,513,565,306,43,636,306,403,876,574,691,212,850,58,287,866,927,720,33,275,399,900,291,853,142,171,385,875,924,987,3,405,557,667,295,727,568,423,51,3,781,53,648,310,47,799,572,548,315,105,169,844,438,219,364,639,454,233,793,170,126,906,47,209,106,923,947,698,483,810,353,952,402,206,91,519,64,186,913,786,622,312,739,156,590,855,35,365,95,576,887,289,520,490,873,181,529,596,41,102,889,779,636,343,121,590,41,119,944,581,454,365
240,592,47,756,261,418,788,953,132,650,215,732,638,897,217,837,720,630,600,954,432,602,578,911,489,511,93,661,822,629,136,192,243,3,126,155,659,743,356,816,642,974,922,87,772,421,146,277,767,745,746,915,782,502,338,822,751,452,313,655,480,54,146,144,49,60,305,861,869,392,537,544,643,219,985,332,495,294,367,296,835,344,129,966,299,570,888,32,224,752,524,359,37,993,35,188,432,747,553,802,621,777,181,126,639,102,199,139,707,268,968,557,899,491,496,453,973,8,154,643,973,651,937,29,89,155,163,964,867,56,606,217,902,488,813,759,276,28,859,733,753,641,458,750,381,898,555,696,437,206,927,150,524,149,217,770,824,565,352,580,430,71,486,994,445,506,593,371,62,852,80,202,412,357,955,569,115,156,260,999,398,554,50,857,334,302,219,224,497,584,143,478,9,873,656,202,487,600,459,408,408,847,291,550,676,841,371,605,231,113,59,789,578,225,172,392,625,912,477,867,872,444,635,960,565,545,329,218,346,770,552,198,3,845,847,399,664,996,869,15,369,565,658,412,490,17,910,153,437,42,438,615,511,253,428,199,700,819,768,771,743,504,32,18,978,49,577,1,831,157,670,518,41,400,686,352,34,76,134,585,855,7,236,713,471,986,996,20,657,659,297,477,177,720,696,376,520,234,8,640,954,799,572,47,241,589,927,693,803,842,571,88,255,914,87,746,333,663,823,304,227,488,828,95,877,101,754,338,212,132,347,677,80,335,544,287,306,840,299,223,298,958,105,245,621,270,912,4,177,742,291,644,581,444,212,375,493,414,453,858,565,359,407,436,950,733,187,613,578,804,267,697,617,569,11,615,895,412,942,233,949,389,613,107,865,152,910,116,239,803,107,378,174,316,255,592,392,2,138,388
158,263,167,501,255,236,905,687,282,190,549,411,600,941,245,196,586,669,585,0,884,776,480,417,268,627,143,650,308,220,965,235,510,781,962,364,40,544,972,587,775,295,865,547,686,83,39,422,253,138,723,488,931,155,41,956,860,97,493,9,473,271,291,219,573,624,187,768,431,876,293,439,587,795,188,560,594,445,856,620,990,753,717,917,702,425,247,978,852,532,960,358,285,138,940,741,453,637,870,938,272,87,104,286,641,232,364,241,464,446,225,460,779,153,712,240,294,661,981,958,540,171,381,801,311,581,364,873,750,950,859,703,879,231,343,219,720,823,281,538,688,290,42,648,951,738,870,856,364,12,270,289,428,176,657,786,923,282,202,393,595,101,591,149,31,503,910,449,850,717,358,946,97,712,138,497,766,43,589,872,510,86,314,501,606,395,167,140,9,882,36,178,741,272,578,857,842,724,385,31,135,324,781,638,18,8,298,12,591,328,137,453,316,837,626,145,13,371,194,629,559,97,93,13,641,813,711,809,344,484,593,66,446,391,165,961,267,949,576,725,213,298,137,99,803,176,966,457,982,972,837,221,989,972,245,587,284,123,584,269,896,620,817,648,547,413,265,512,899,9,460,59,736,980,17,538,360,947,940,490,458,63,427,580,103,201,853,992,181,895,968,431,234,194,197,953,901,590,822,198,939,828,920,632,42,505,219,22,677,33,579,969,532,957,386,152,591,11,325,888,259,555,926,16,332,924,796,553,374,428,220,594,383,767,816,677,742,323,797,883,433,224,553,58,498,794,144,711,635,738,704,919,396,113,386,307,158,288,742,874,753,299,384,971,574,283,419,284,383,851,283,891,33,486,67,855,769,56,38,608,835,683,700,162,838,476,497,886,62,386,876,552,976,411,849,890,409,553,894,362
773,359,745,26,674,516,80,279,219,351,939,51,120,977,305,572,166,117,256,11,608,70,358,813,616,569,86,360,457,449,332,615,26,897,772,52,152,699,558,198,267,458,927,209,52,598,502,318,785,91,228,260,200,374,399,366,148,462,984,593,961,399,996,641,971,84,571,443,116,643,68,48,935,964,542,594,599,236,243,911,478,109,15,386,227,537,158,765,388,788,886,182,963,974,808,246,188,358,150,319,162,63,927,75,68,698,955,653,228,509,42,193,514,188,869,529,244,959,670,390,343,581,163,661,715,233,225,82,110,325,423,585,870,643,883,789,443,368,103,120,838,83,850,476,738,360,36,97,482,876,854,765,142,84,99,50,382,222,855,939,964,635,90,53,698,632,256,345,82,365,839,761,982,379,794,130,478,852,840,33,139,855,17,301,20,391,57,624,216,649,690,706,381,60,238,185,913,460,51,555,544,199,695,889,668,5,549,54,95,608,800,639,231,125,434,597,690,509,856,389,801,662,795,55,686,599,778,794,674,881,13,165,541,362,883,653,910,384,348,681,133,634,499,428,831,545,536,742,455,141,417,142,257,863,879,846,325,381,590,24,495,387,120,950,77,260,506,865,312,736,272,677,514,528,978,512,333,501,938,459,242,526,968,894,216,84,431,707,788,146,246,352,300,338,622,516,423,60,984,670,53,422,875,243,47,999,231,758,103,916,929,155,304,914,146,988,814,625,566,238,187,582,781,383,509,189,45,17,701,249,953,344,639,748,751,12,603,210,66,49,957,130,12,473,84,845,157,365,358,99,265,997,62,758,983,579,199,882,937,194,657,251,68,334,106,504,440,64,689,190,968,993,978,718,598,869,324,516,588,329,884,429,171,957,900,603,387,632,241,578,532,555,291,766,665,797,419,30,422,353
974,989,606,826,407,851,24,97,31,642,137,367,83,50,195,207,612,662,719,683,629,714,733,678,696,272,879,549,199,934,906,626,117,450,732,325,296,45,753,776,990,786,888,200,306,984,133,605,814,909,272,429,764,0,132,475,759,512,627,507,525,131,985,50,889,335,281,565,97,848,683,690,935,563,605,722,576,664,135,720,504,64,355,639,483,3,730,590,286,49,50,333,905,785,614,127,116,143,461,472,201,338,460,304,24,289,719,897,388,536,541,862,913,22,367,428,930,245,525,45,315,43,776,651,225,240,475,877,749,601,107,844,254,502,607,455,643,173,830,68,164,19,800,1,188,970,312,383,287,523,731,869,713,24,478,473,419,956,584,820,751,474,619,392,585,447,322,124,386,13,398,50,488,851,498,463,686,661,845,639,863,68,741,907,123,274,200,700,210,29,577,115,761,20,804,593,281,256,907,635,437,174,157,518,863,392,89,533,674,151,996,659,951,175,500,555,856,858,667,399,451,403,643,780,971,13,252,300,178,576,334,875,193,338,139,832,281,967,534,974,287,428,150,376,212,421,710,354,246,748,157,683,474,451,979,163,166,477,66,31,896,125,509,885,631,829,647,400,176,365,445,76,835,180,239,288,599,989,173,335,638,877,663,54,253,244,763,6,237,65,663,962,108,123,333,388,947,262,514,918,558,953,759,837,815,569,123,335,913,664,877,325,126,918,304,728,32,615,891,445,640,266,661,883,427,76,77,852,615,609,689,903,111,566,808,834,343,715,743,740,923,516,302,455,25,865,103,644,726,838,766,479,286,306,297,749,97,925,589,613,636,482,407,698,24,308,667,749,813,578,799,447,723,221,995,838,599,437,291,981,806,313,825,110,422,631,834,473,7,425,231,271,526,932,899,243,301,264,334,73
344,289,846,489,205,304,584,184,117,431,705,996,300,174,156,398,588,788,431,176,958,274,470,761,276,469,24,473,478,341,17,625,648,594,749,532,33,558,153,709,575,810,506,956,776,354,231,679,517,447,333,321,969,127,155,846,435,192,507,586,451,594,551,544,602,7,543,975,474,329,974,83,21,77,826,866,401,424,345,459,548,382,681,623,136,412,881,520,806,801,618,871,728,835,805,485,589,645,295,367,492,930,777,809,985,675,655,573,940,738,317,668,585,123,981,407,263,363,417,639,611,955,323,775,930,164,36,681,49,72,891,303,709,136,453,358,758,252,169,387,102,278,90,997,867,105,504,12,387,711,476,36,349,389,621,823,845,272,841,835,904,307,499,214,309,78,36,339,225,1000,10,968,76,865,310,794,666,555,898,738,428,483,709,159,422,385,970,56,572,597,885,128,683,116,166,406,762,409,905,689,682,858,807,952,981,214,834,859,47,815,372,144,475,964,480,738,479,698,541,68,756,400,34,145,57,588,578,681,670,775,110,134,355,789,130,990,391,139,626,100,515,359,841,75,448,920,246,335,765,945,972,982,574,658,760,95,684,582,289,575,397,128,520,539,858,810,632,340,839,684,692,683,849,381,487,192,32,400,68,589,700,942,85,302,970,826,271,23,256,244,123,801,372,443,186,724,265,100,283,203,735,92,523,469,552,449,593,963,352,41,360,383,925,702,698,778,433,599,300,274,863,866,400,498,221,108,151,640,733,564,247,580,327,782,590,983,636,121,303,385,159,434,370,260,362,557,206,452,260,344,676,841,944,23,685,529,396,152,336,389,299,268,605,619,4,228,505,136,958,132,535,520,319,491,795,757,617,119,50,407,599,729,766,907,511,403,302,290,751,300,926,892,852,131,966,957,59,909,870,988
636,373,730,956,245,669,84,537,353,60,391,211,779,819,781,587,631,985,518,819,444,247,152,686,785,737,612,308,288,70,610,666,439,566,133,344,463,300,336,972,112,592,227,679,249,885,193,511,622,373,508,830,106,929,758,269,989,508,451,235,617,346,455,689,829,353,994,329,772,586,25,538,970,779,404,724,785,886,690,104,737,849,132,859,644,405,424,113,100,874,725,108,677,328,351,884,706,848,96,619,466,644,343,898,376,576,467,907,881,272,281,256,696,5,182,831,860,46,639,610,56,830,863,884,524,994,962,842,754,582,724,387,884,596,803,843,266,398,505,1,171,682,65,106,318,251,771,640,216,922,784,165,576,769,18,619,113,730,262,697,586,666,999,766,76,163,874,560,134,820,81,537,244,478,987,559,285,481,984,967,325,723,880,732,326,1000,826,195,787,344,414,110,353,961,678,773,715,299,565,373,489,560,808,709,875,83,294,309,167,96,502,954,340,24,299,459,237,913,76,290,766,236,914,546,739,200,123,82,897,452,797,319,152,90,516,434,605,187,665,724,62,678,154,31,226,623,192,22,725,186,168,38,571,452,788,931,48,580,165,520,693,626,517,1000,836,539,167,387,475,594,320,91,112,293,567,92,454,77,839,275,538,486,497,820,28,940,148,937,568,364,642,723,278,871,776,55,608,411,976,345,529,494,282,726,24,974,418,773,76,132,106,79,266,831,240,897,173,725,765,335,232,903,217,411,735,125,851,473,702,470,210,76,416,263,93,232,446,214,550,121,641,921,747,130,469,30,871,944,889,670,583,84,595,498,54,324,189,791,815,854,71,181,93,565,372,528,938,126,833,101,122,964,211,523,141,511,31,128,804,483,804,35,768,496,693,172,284,349,718,569,783,876,6,619,707,17,725,430,331,514
58,286,571,190,301,894,898,965,759,260,141,275,769,75,356,681,215,714,926,779,412,502,357,910,488,999,15,458,334,417,283,705,853,804,816,249,174,579,155,158,920,954,332,886,398,89,373,975,798,230,232,20,29,498,283,58,767,931,778,720,694,346,349,203,198,490,226,156,871,667,844,117,942,825,942,357,695,334,881,794,923,857,982,858,662,689,357,880,816,638,586,389,752,115,490,735,172,465,408,204,111,572,880,554,724,452,155,327,131,797,954,769,657,626,97,838,771,568,342,665,586,572,971,404,448,492,605,748,468,865,302,851,299,266,111,631,104,45,65,288,28,645,711,115,40,234,330,734,38,819,805,520,431,328,827,17,102,935,664,770,126,201,946,506,258,472,594,196,38,549,847,372,385,770,263,816,426,80,107,335,799,19,710,550,234,796,877,342,559,784,421,669,72,706,397,674,933,241,278,983,975,650,922,709,534,882,388,254,811,566,587,971,933,295,517,486,25,259,202,539,880,834,373,452,863,380,900,168,615,514,646,915,479,363,124,601,990,11,436,213,719,207,602,639,810,989,576,780,411,259,538,551,790,570,905,168,229,895,28,687,249,670,125,531,492,946,466,809,303,268,50,206,623,696,31,734,276,93,860,772,641,486,167,607,400,719,848,824,701,627,296,208,246,877,79,776,878,855,147,621,698,48,427,843,400,383,712,312,331,194,146,201,676,771,809,723,458,733,718,93,27,231,15,859,430,169,232,326,916,56,467,934,121,489,874,422,392,324,536,3,550,124,295,0,930,960,120,573,853,484,224,961,810,483,758,915,750,15,50,604,261,710,449,936,145,630,258,490,110,337,400,682,455,630,503,297,130,49,160,746,253,933,741,466,264,251,521,820,217,1,793,564,237,632,665,567,26,85,157,124
415,972,697,234,958,439,708,658,941,440,20,661,604,995,690,747,772,814,64,367,802,295,382,227,155,885,549,826,639,679,611,825,221,21,98,886,585,23,340,288,225,982,680,429,712,427,809,738,346,340,939,542,796,603,291,214,510,608,1000,727,373,109,376,223,457,292,422,371,756,363,131,145,734,39,564,439,58,830,141,353,66,37,992,381,138,57,111,655,51,512,231,775,960,193,378,668,451,323,944,866,169,754,877,310,455,35,801,922,971,400,326,318,253,138,981,532,91,417,296,429,628,226,588,941,13,186,664,926,953,450,691,677,224,668,906,563,395,255,103,325,939,90,859,518,971,49,927,904,356,238,366,95,306,146,584,302,967,126,470,475,522,442,263,639,319,274,546,230,695,51,255,622,36,255,281,81,217,786,102,637,795,966,378,53,486,443,227,147,801,572,38,988,288,403,858,619,163,859,0,170,749,803,679,921,205,254,707,80,691,183,868,806,931,523,992,145,292,163,988,133,265,780,745,889,353,621,156,734,49,177,557,285,336,38,918,550,360,125,157,206,608,899,156,359,460,513,313,284,650,632,961,289,814,466,172,542,335,876,874,805,663,113,259,661,689,274,434,68,879,882,761,892,693,269,526,920,203,525,825,769,337,176,833,431,270,911,294,566,411,358,226,465,931,222,197,931,833,609,21,442,344,40,710,222,55,248,675,517,485,971,870,135,304,576,850,126,927,919,918,439,742,554,231,27,972,726,665,368,754,337,334,688,325,624,286,508,400,308,420,464,941,933,736,137,334,102,154,480,242,948,509,686,719,746,918,552,950,641,809,760,492,964,990,537,567,887,322,183,247,578,485,763,838,690,509,300,217,180,333,581,993,956,660,122,869,391,522,354,882,249,193,189,192,28,625,281,88,553,541,877
199,593,348,444,770,716,800,671,860,513,18,395,812,663,28,314,214,698,33,129,980,210,659,471,443,30,476,817,867,107,868,76,519,968,488,10,715,874,611,94,632,867,431,992,213,1,281,603,85,574,77,840,88,946,314,638,722,752,561,599,669,773,216,722,360,248,402,376,674,334,151,614,663,415,592,74,431,911,241,141,864,221,307,75,575,729,467,429,948,568,310,413,939,18,565,725,761,549,456,631,642,251,758,772,284,822,436,513,611,571,885,392,494,29,422,390,891,308,241,515,853,390,506,990,560,588,60,375,529,29,520,772,585,752,316,538,236,831,394,656,795,516,384,328,895,58,304,979,181,135,151,199,807,396,273,105,336,844,618,810,195,882,880,486,330,204,173,599,134,706,557,943,603,687,513,810,397,711,300,938,826,558,549,445,680,853,297,462,302,789,97,484,495,324,441,937,730,828,85,366,629,302,620,589,501,680,823,591,425,877,173,631,647,931,680,141,525,569,848,873,967,30,768,696,139,19,459,910,576,842,182,285,562,42,165,954,937,288,753,998,643,313,819,688,190,498,871,565,283,646,921,225,910,857,879,590,446,955,307,817,676,518,337,210,11,314,864,368,242,117,461,440,427,815,13,262,465,518,698,96,938,915,721,655,874,883,167,867,955,311,271,397,807,844,248,903,165,187,147,920,599,956,230,652,761,496,756,399,822,891,751,991,892,674,853,187,459,254,993,340,140,204,312,73,50,186,968,435,368,130,72,15,349,494,53,331,623,399,865,375,33,278,167,778,883,632,167,219,266,122,440,652,68,962,285,583,450,453,515,645,504,980,326,978,487,718,200,414,593,392,115,952,310,689,963,120,130,457,999,373,976,861,104,430,528,665,708,123,265,693,356,604,970,269,421,186,191,926,92,187
416,684,982,491,129,56,983,904,300,319,204,420,919,855,311,833,210,899,654,236,281,340,137,724,983,264,7,152,891,795,577,619,898,843,936,938,499,306,998,501,576,574,700,803,836,807,543,516,673,885,801,755,232,185,752,268,557,370,117,475,905,621,791,323,373,447,223,575,220,955,198,290,271,929,856,295,113,391,629,418,774,485,293,376,4,105,656,752,903,332,817,569,227,489,759,669,477,530,84,64,512,142,604,469,30,476,769,187,695,525,808,882,853,834,735,760,490,224,504,290,318,380,856,508,540,613,405,488,934,227,367,13,345,502,930,571,690,558,646,588,954,234,305,113,575,379,638,666,57,93,215,124,487,946,587,88,287,916,824,164,414,65,451,902,183,133,967,447,421,808,422,788,872,112,848,220,425,360,719,108,834,480,839,591,585,615,119,529,257,17,657,948,815,42,178,390,699,306,791,731,203,971,456,373,27,572,139,76,777,474,928,991,331,646,356,688,467,567,587,66,37,15,104,304,33,147,564,429,570,351,266,512,3,139,175,532,747,6,5,550,848,254,344,315,590,154,263,899,187,939,489,234,431,483,76,126,872,321,818,149,195,484,577,479,473,402,725,617,554,957,139,76,530,316,330,394,691,486,340,231,596,402,653,532,794,5,676,812,904,881,951,903,575,102,442,166,480,945,728,1,311,796,109,436,103,81,984,399,465,202,980,389,384,467,614,612,230,649,709,370,170,783,1,474,949,936,934,577,564,583,666,655,834,856,830,257,833,16,189,4,646,180,424,658,308,362,311,510,578,325,842,7,89,826,530,494,988,639,140,338,138,54,525,450,311,210,136,996,220,231,505,941,397,598,878,842,311,547,297,399,271,847,788,48,274,331,9,310,3,101,201,918,663,141,867,866,502,72,311,319
367,338,452,727,937,393,247,91,79,533,454,279,737,377,914,322,385,670,537,399,974,840,514,97,681,204,624,390,303,380,978,729,666,163,725,934,864,801,757,252,968,958,545,998,948,200,717,915,439,655,156,286,431,569,420,388,15,249,570,987,312,635,352,321,221,6,627,406,741,419,191,999,322,890,135,197,583,451,648,748,908,395,287,942,423,325,143,991,282,225,594,368,682,15,693,438,933,926,204,42,942,735,785,605,2,660,259,839,641,807,111,788,683,744,906,622,334,613,369,650,384,764,315,476,224,655,617,572,105,790,969,214,473,51,654,267,900,313,919,802,882,302,15,423,921,735,217,81,313,585,518,595,715,83,294,345,182,880,918,922,168,294,511,268,933,543,749,689,225,36,614,867,270,410,261,721,715,760,172,190,926,198,352,762,918,122,569,59,161,733,735,193,155,543,280,996,150,111,946,611,876,882,979,691,144,683,380,787,261,785,153,979,226,546,28,624,970,82,554,333,226,844,279,278,531,747,681,145,461,233,293,492,498,626,665,285,821,364,783,791,269,214,0,622,95,470,981,858,411,664,296,315,599,904,832,154,292,103,428,271,196,855,540,168,772,646,496,397,542,537,61,372,545,668,158,732,16,378,596,154,193,787,60,585,308,753,486,657,183,418,347,595,13,647,236,566,183,173,475,384,689,276,204,104,814,853,185,62,689,61,58,305,861,950,925,605,916,354,399,523,43,488,346,797,123,664,873,989,765,815,150,101,546,77,44,755,249,482,620,470,812,144,207,250,538,74,317,701,83,944,159,622,734,887,983,160,735,81,388,818,795,953,178,993,310,588,175,399,320,62,438,971,606,829,162,822,518,855,550,385,948,559,838,893,135,651,979,261,828,643,101,320,497,697,700,493,269,575,706,351
632,846,784,646,699,845,602,876,656,844,734,44,740,23,602,464,588,406,783,931,843,678,139,989,27,416,173,136,244,12,33,167,230,502,722,848,807,60,922,418,63,828,848,838,557,289,551,657,464,607,756,449,340,444,40,642,75,459,574,594,949,128,785,519,980,909,779,271,93,631,60,397,476,457,290,668,528,139,509,376,687,874,8,713,970,873,266,549,516,528,128,667,729,898,605,215,101,300,562,457,281,287,252,606,743,797,26,866,533,851,869,198,44,872,526,747,756,649,978,382,308,321,764,267,753,798,126,925,545,742,384,950,639,229,455,653,108,965,390,300,205,178,649,562,591,668,345,608,510,158,497,829,174,339,810,68,101,832,891,677,77,910,532,448,294,218,611,991,257,967,785,631,996,989,884,19,247,332,183,321,393,441,176,285,88,437,692,733,383,484,907,704,237,103,606,625,230,452,23,28,276,616,580,370,194,239,826,461,59,995,209,846,196,360,353,722,294,340,92,225,778,467,28,996,437,742,653,328,786,22,716,631,510,272,796,442,237,197,273,934,825,848,466,333,245,648,296,448,449,943,643,291,832,183,176,906,560,549,323,146,297,376,187,371,645,61,942,633,38,904,905,87,339,872,212,124,405,211,527,140,731,203,700,932,258,654,22,458,495,50,893,580,477,444,803,113,22,816,929,270,359,201,923,191,854,49,323,785,792,414,500,922,16,279,354,816,557,93,276,834,753,470,614,229,375,849,322,117,418,950,939,67,24,805,132,22,579,57,93,376,738,215,716,874,621,269,873,180,362,255,837,438,529,262,173,842,686,850,518,645,575,821,144,753,561,491,616,737,100,920,539,62,631,132,47,30,930,535,301,605,511,828,416,102,379,436,573,98,180,374,148,215,714,928,827,90,706,672,605,568
259,216,405,628,15,627,520,605,86,853,563,128,518,27,321,960,99,584,578,677,815,499,869,425,621,855,388,889,480,940,385,371,421,327,942,315,106,57,493,463,666,931,308,677,93,996,496,316,292,305,134,674,579,826,631,736,150,33,678,322,18,195,916,438,752,547,188,944,536,900,385,959,963,576,993,870,805,469,320,26,777,117,953,355,286,493,498,871,363,894,157,787,293,859,882,979,904,426,760,206,5,115,857,850,518,67,145,898,471,940,271,410,532,190,822,166,870,866,370,701,593,102,785,38,914,506,301,595,141,822,468,649,694,340,308,598,471,588,456,540,477,753,308,148,478,369,27,649,208,286,410,458,907,635,803,918,275,945,599,529,738,360,583,727,451,669,744,802,20,358,762,326,682,100,96,823,637,658,529,247,958,952,667,844,610,987,364,687,706,368,294,299,610,677,527,725,844,23,625,396,10,642,759,830,385,346,93,751,901,440,33,6,723,595,27,229,86,367,43,49,530,917,762,502,604,721,324,881,488,308,737,337,377,429,19,500,223,127,776,551,22,480,502,692,718,545,451,489,177,121,44,332,202,21,383,874,125,854,670,221,914,0,833,659,534,965,971,58,819,58,535,198,641,497,990,553,722,933,272,28,71,876,135,200,956,138,263,751,589,680,221,778,874,858,250,84,534,479,46,729,410,690,737,926,217,474,732,242,934,632,478,592,806,481,587,314,853,47,512,403,974,802,733,84,637,429,452,521,232,853,445,462,537,988,426,430,781,398,1,778,595,874,798,982,7,885,444,444,126,691,844,650,963,191,516,18,378,583,70,225,958,662,334,918,116,828,335,195,772,204,520,677,733,586,69,35,399,849,201,115,821,580,500,294,447,643,422,562,148,691,205,421,54,451,116,809,544,125,460,701
234,62,929,473,788,841,555,856,850,390,285,195,90,535,863,123,348,946,838,231,410,4,644,165,682,150,544,516,592,340,857,145,869,870,38,122,75,143,800,972,221,192,185,712,331,663,315,598,868,757,541,827,33,732,57,118,415,904,388,697,190,499,378,357,408,669,793,447,750,267,590,612,986,430,542,456,874,429,56,893,561,831,419,185,251,88,526,956,418,914,240,476,905,709,813,127,783,155,3,783,670,506,956,676,370,321,315,176,628,657,961,711,519,603,25,649,15,158,985,247,562,187,100,953,301,303,877,158,834,487,955,422,147,906,233,443,685,893,844,197,700,62,783,530,810,311,711,144,360,891,314,45,110,873,854,864,972,150,435,879,942,676,391,483,393,483,480,50,721,551,733,638,411,373,3,568,76,693,937,720,263,668,974,957,345,559,843,919,9,854,313,814,662,800,350,812,714,634,301,292,663,51,733,672,631,584,853,837,819,879,835,769,502,847,456,872,853,92,909,610,678,255,936,49,393,328,701,60,583,692,717,652,548,887,241,800,644,412,137,549,7,107,34,799,327,334,77,126,223,173,397,708,511,687,740,141,949,106,966,740,892,11,820,911,596,936,274,917,822,638,569,432,405,774,668,13,304,25,385,430,927,475,107,366,419,484,714,623,57,816,410,570,6,157,524,517,509,49,526,784,560,802,285,125,713,487,504,758,718,539,675,317,925,729,191,659,910,632,501,304,721,591,367,561,366,556,934,584,531,858,115,890,466,0,305,98,177,453,175,770,334,296,63,717,828,825,140,280,748,182,661,296,10,440,405,586,779,596,829,640,269,88,55,913,632,39,676,227,433,397,677,342,629,814,501,96,324,249,376,480,495,61,933,660,642,228,586,49,810,757,34,535,717,832,806,354,542,741,58,627
724,162,243,354,638,863,371,836,854,647,285,60,717,81,451,151,628,694,695,152,194,834,214,417,722,376,500,778,781,874,5,48,295,548,273,908,141,948,432,754,433,812,718,516,76,839,4,314,607,701,261,184,660,161,159,995,876,303,336,61,584,702,765,658,598,537,934,394,510,557,928,398,822,992,974,945,998,394,797,398,77,37,781,132,57,512,849,390,446,174,488,478,455,734,878,617,915,383,535,586,478,113,65,199,846,912,559,516,74,722,81,950,998,710,440,851,165,795,22,228,330,926,364,804,943,95,85,479,856,825,960,450,735,47,607,976,16,724,713,957,756,96,795,464,565,919,856,371,721,96,965,774,500,173,331,964,443,276,688,320,161,452,647,56,319,40,230,96,450,384,517,57,239,647,146,969,115,612,234,787,673,990,136,454,554,240,281,971,436,761,716,602,909,824,959,621,423,145,988,533,441,462,375,35,601,625,19,502,515,355,830,429,454,343,699,520,695,298,136,100,907,265,464,640,78,299,652,463,811,258,704,726,151,780,665,279,679,35,218,272,392,6,736,278,217,204,554,811,394,185,151,207,876,205,497,893,844,815,485,633,208,344,100,602,224,878,350,391,789,3,462,854,66,527,374,434,865,275,61,236,680,966,372,828,966,582,652,190,887,431,299,950,507,721,101,754,846,130,414,983,373,426,167,19,609,291,815,432,214,154,571,680,811,543,190,679,30,158,779,4,26,472,126,906,115,499,980,330,364,57,584,508,37,6,413,569,231,64,476,913,294,608,532,930,337,324,885,116,760,836,925,683,614,703,201,986,3,327,590,716,363,989,623,215,669,419,337,634,426,86,658,805,658,721,644,322,246,608,718,513,960,985,233,592,644,620,781,205,272,64,774,633,421,446,137,619,807,663,960,956
600,674,198,361,767,582,529,835,896,211,684,829,717,774,917,171,108,272,147,208,1000,989,594,482,249,87,165,644,457,121,480,52,257,585,166,445,325,126,166,21,171,875,755,799,34,891,629,716,540,328,131,630,809,718,31,648,774,121,899,703,960,484,751,960,79,51,771,971,819,309,221,357,440,517,508,520,465,851,749,174,269,368,14,593,19,17,891,773,927,182,690,246,657,149,767,810,765,319,27,787,940,629,520,287,848,548,426,333,686,624,942,355,817,231,714,585,947,526,454,823,248,703,910,610,46,381,747,17,682,9,216,442,165,517,121,155,236,511,138,495,145,579,800,887,586,160,114,770,979,971,344,566,774,881,820,769,889,914,232,416,250,121,359,455,126,851,598,478,863,194,244,679,27,938,235,847,356,979,36,958,611,724,474,472,591,134,923,914,721,409,370,277,760,302,150,586,85,561,249,471,197,186,614,242,996,130,869,21,366,594,430,628,952,311,479,144,588,675,808,154,30,943,915,517,627,132,496,287,628,167,1,549,667,192,746,537,241,749,836,881,180,269,495,761,671,559,865,146,253,954,673,231,145,869,910,566,659,418,349,147,662,26,380,134,24,889,416,425,992,958,935,347,170,596,924,598,465,450,215,854,179,122,494,183,618,366,406,438,519,136,663,569,594,369,895,611,595,0,37,651,235,473,382,390,375,518,866,902,969,239,604,29,878,276,706,444,635,841,586,193,80,875,689,873,906,985,918,88,169,90,657,960,58,819,810,828,778,82,232,33,924,92,985,804,399,554,247,369,669,696,364,994,840,416,544,451,670,714,872,841,175,508,930,800,439,18,818,970,728,887,746,0,915,12,772,346,416,203,435,623,576,863,115,504,898,511,260,642,555,981,519,209,758,405,894,460,385,525,494,470
499,356,988,644,961,571,128,986,776,63,28,640,800,114,451,755,956,892,119,166,109,912,452,371,224,432,649,580,692,315,880,286,462,3,836,425,318,272,115,171,924,408,775,515,354,298,439,846,969,251,773,641,306,945,215,976,737,989,3,713,828,383,545,524,770,657,823,875,920,802,315,107,409,267,741,843,75,999,832,202,913,571,143,985,182,89,820,255,648,320,442,3,339,42,655,570,489,993,753,738,532,135,13,283,467,383,985,640,139,916,583,282,407,106,112,551,561,398,100,956,261,402,114,612,603,569,389,900,784,493,683,370,184,437,367,699,9,808,33,832,148,212,88,824,989,307,277,711,279,771,998,112,291,639,359,513,301,929,842,770,144,998,330,474,959,53,879,920,38,582,484,54,811,663,387,100,770,958,165,363,156,110,390,857,102,438,2,802,428,111,254,278,657,966,996,406,2,130,277,286,1000,804,232,798,68,660,431,797,278,575,237,782,305,528,848,621,114,321,269,73,88,765,819,342,701,163,80,243,798,769,864,735,573,161,690,64,724,390,241,195,245,774,228,357,92,616,506,929,581,921,873,176,31,928,232,623,993,685,358,438,629,960,185,518,823,670,447,892,880,193,32,445,292,560,765,878,887,316,219,305,53,793,798,474,92,680,150,58,155,239,379,737,285,584,30,916,213,727,892,724,986,0,187,872,347,84,287,485,381,581,659,608,314,577,647,9,233,55,82,792,254,736,839,269,82,676,543,308,974,413,753,664,23,735,395,254,667,588,357,643,997,365,570,410,124,5,133,424,54,231,69,981,401,966,939,541,319,762,147,272,302,390,187,854,625,837,560,929,965,175,567,914,100,751,771,322,894,481,532,418,941,573,771,658,578,139,536,733,235,992,469,594,151,802,860,761,823,943,695,725
179,427,117,796,686,54,970,724,677,149,547,863,480,258,817,527,738,833,676,485,304,179,500,748,735,899,260,153,946,550,55,446,563,262,20,675,334,604,271,894,26,105,677,818,699,633,379,737,920,728,352,39,373,920,133,712,316,54,270,409,920,550,237,89,135,569,936,418,34,298,696,220,231,289,534,264,890,14,558,36,732,629,770,102,178,339,790,314,378,8,48,353,934,406,254,863,792,736,751,828,614,541,295,499,12,992,513,851,703,648,781,259,638,327,133,265,685,28,996,266,313,248,66,861,823,102,136,469,430,564,460,318,687,728,194,58,191,151,831,450,663,147,811,1,565,708,161,496,389,813,776,67,434,201,734,129,861,489,369,128,695,619,411,724,458,814,454,170,593,404,802,216,386,86,732,344,70,614,988,253,674,188,600,693,717,215,653,746,16,148,35,24,497,790,405,229,447,557,997,516,923,866,718,446,568,719,289,334,354,806,827,687,759,812,677,362,455,275,108,47,787,552,125,880,920,958,293,664,113,250,146,696,296,558,914,585,999,262,572,770,458,695,882,518,385,819,527,668,826,296,205,368,280,106,164,564,272,920,573,382,27,912,246,453,745,53,925,131,639,63,134,133,851,638,590,992,252,231,344,477,114,482,228,70,588,696,962,909,958,814,156,943,630,611,102,103,688,52,634,764,966,904,667,332,211,198,719,635,336,55,579,579,147,25,307,438,804,15,0,518,352,613,331,828,297,908,665,878,42,833,496,439,714,826,751,532,786,188,271,680,777,180,215,509,214,849,700,354,267,793,171,1000,261,213,282,790,656,937,777,143,124,336,619,826,148,188,842,977,629,29,896,727,44,978,428,42,345,994,871,1000,324,510,128,413,84,880,414,916,692,269,160,646,78,908,819,157,997,47,849,117
37,613,909,808,158,935,213,348,4,729,710,824,85,395,262,661,449,533,802,863,894,969,358,264,129,491,455,84,988,632,246,123,321,157,489,766,797,567,325,635,815,166,747,464,656,784,638,916,461,161,992,329,251,629,692,124,738,463,16,896,6,273,489,2,467,75,790,179,736,169,876,661,671,542,274,515,135,615,814,73,704,728,546,858,256,916,985,983,582,475,688,12,607,515,659,89,936,382,439,705,301,388,52,874,895,19,732,728,425,649,553,196,488,747,34,990,624,365,623,617,965,164,434,462,843,606,280,998,341,769,677,628,598,429,199,793,567,885,380,523,262,454,783,103,459,694,614,375,275,104,35,686,370,15,568,438,606,654,959,352,123,299,692,999,551,412,555,795,86,81,148,263,727,406,228,1,833,10,557,629,550,900,844,246,762,184,917,716,773,422,639,424,922,675,745,616,311,236,622,832,464,922,743,327,47,649,839,190,456,767,43,566,280,992,490,932,63,357,281,782,511,573,909,44,726,440,546,603,992,689,867,716,124,609,212,519,981,655,418,509,434,815,470,88,778,826,529,24,992,581,895,302,763,464,159,779,337,574,400,480,947,867,494,173,931,478,769,81,426,357,940,76,244,927,105,872,976,451,228,140,685,723,276,362,40,830,301,937,781,208,572,483,785,205,827,181,875,389,828,306,556,710,717,371,568,473,953,727,759,622,342,956,415,552,120,490,157,634,380,197,739,457,38,692,586,331,55,230,46,587,45,495,716,66,896,689,276,174,386,81,471,773,989,421,385,318,879,895,176,66,112,116,529,805,333,993,410,454,222,822,731,410,852,955,58,955,707,175,607,340,604,901,233,574,760,538,788,702,255,272,171,113,528,957,571,980,577,533,273,824,19,777,303,569,860,524,547,321,502,889
943,350,209,192,445,282,719,149,789,946,160,233,390,700,290,345,57,84,540,65,633,41,413,361,667,335,545,100,880,783,523,866,291,653,424,493,796,60,133,830,752,606,546,933,429,103,641,999,142,221,921,240,190,984,767,63,845,565,217,481,946,746,622,452,919,614,913,348,930,788,965,967,526,634,388,45,710,510,317,253,317,149,434,352,397,96,364,49,833,813,581,846,742,542,398,259,0,703,181,511,672,141,271,752,176,341,198,95,993,76,711,832,282,693,222,330,470,735,562,679,676,625,632,303,777,455,881,782,482,759,612,97,402,667,512,632,689,367,663,278,231,32,497,343,469,698,645,879,594,776,842,741,520,887,634,262,767,294,887,123,237,873,718,182,450,834,441,499,500,514,69,98,836,970,826,460,546,430,180,27,973,40,113,364,704,298,734,127,195,370,93,183,529,523,143,716,214,967,397,652,645,855,668,453,841,857,552,69,612,252,81,283,316,421,744,322,564,911,716,672,893,446,379,150,391,754,588,845,901,152,889,525,118,744,236,268,969,81,609,66,896,402,104,55,49,838,268,649,427,299,195,514,226,489,446,107,674,315,142,199,837,830,831,974,369,387,890,86,566,940,85,79,615,848,543,426,356,689,33,597,611,15,761,564,247,503,326,152,269,0,419,567,972,313,310,2,447,58,896,177,445,977,728,968,693,465,802,641,234,443,606,651,248,450,469,294,457,151,195,983,595,196,988,298,268,687,604,361,365,991,881,75,648,811,174,956,45,803,213,976,988,412,108,722,119,957,11,363,99,572,213,464,493,99,566,218,600,893,830,762,101,482,953,173,921,867,696,66,56,428,191,507,509,29,178,131,992,220,380,315,395,450,604,195,993,186,444,873,166,978,897,472,465,807,266,217,117,98,115,907
559,760,860,836,884,32,948,929,159,898,272,740,738,63,898,872,243,323,731,156,176,445,368,584,383,963,40,188,790,730,20,547,947,466,670,563,958,603,548,321,935,344,879,637,957,480,783,467,460,797,535,698,380,952,457,237,749,867,655,2,5,595,327,316,72,117,903,673,204,135,453,680,502,234,932,722,365,615,485,35,536,999,857,171,139,870,826,919,143,700,110,426,204,182,727,576,857,904,233,536,732,563,167,552,46,9,287,963,23,764,822,536,703,820,409,168,771,999,547,774,930,928,369,257,720,314,8,401,284,359,588,336,200,461,750,121,461,760,757,972,125,146,634,259,428,733,470,297,179,469,522,939,911,225,557,76,779,672,427,293,817,803,150,984,669,980,398,754,483,932,670,260,747,973,915,325,962,822,312,232,949,97,803,638,275,697,100,130,787,529,883,427,958,297,155,914,162,417,839,551,178,934,73,978,846,248,389,862,927,322,778,253,312,270,253,245,557,669,783,933,346,453,735,294,74,672,691,322,127,555,544,160,348,879,890,755,186,127,303,408,879,16,252,695,526,216,923,478,773,376,998,245,517,362,758,799,918,24,845,485,119,345,579,667,576,721,956,666,304,617,379,915,384,637,806,46,393,649,126,588,429,851,371,960,157,822,448,416,348,818,76,435,606,449,975,522,885,719,574,697,83,319,468,509,836,1,794,855,550,183,448,79,807,930,724,869,987,220,341,512,643,641,922,721,640,34,779,913,58,827,292,238,582,66,918,307,894,781,464,124,146,944,636,454,255,634,497,640,435,188,244,92,443,319,510,591,709,57,434,163,147,9,789,116,747,421,558,163,761,615,606,262,601,216,857,623,557,113,708,854,979,826,47,12,145,628,37,237,298,594,938,582,261,771,445,392,95,217,385,286
183,608,754,725,702,686,418,702,728,396,956,79,808,348,140,763,239,215,60,111,130,114,463,600,904,277,864,435,449,971,755,422,726,19,925,375,787,142,137,54,685,355,897,564,393,72,748,785,893,589,244,495,888,1000,232,78,636,189,912,60,524,914,227,867,681,471,916,887,665,175,59,159,663,342,162,112,858,888,644,376,906,97,197,60,288,294,675,708,243,493,293,618,452,482,794,17,178,956,219,837,11,371,981,114,174,16,567,142,197,173,543,737,896,508,702,748,348,608,164,406,701,614,425,28,280,952,672,751,400,472,579,557,432,413,250,366,275,539,801,846,972,425,759,375,704,585,770,279,158,794,316,539,104,566,753,495,528,749,603,512,669,735,217,99,764,1000,509,53,660,395,224,687,351,248,336,35,845,101,188,668,629,38,307,953,10,831,28,977,683,313,801,957,181,108,37,369,80,570,576,336,151,388,717,975,453,300,455,789,518,891,430,34,942,735,334,18,324,452,832,128,569,340,175,451,710,512,955,158,369,416,405,285,310,640,191,34,515,341,59,359,255,890,817,204,919,270,710,515,983,113,70,836,584,419,269,761,491,710,563,448,119,811,557,804,737,989,768,129,917,557,883,386,968,222,752,431,172,787,346,32,374,414,734,821,931,225,595,789,62,615,661,156,536,348,646,242,145,870,856,370,261,154,728,142,687,173,526,626,244,226,934,428,31,661,949,441,592,257,692,377,428,49,31,448,758,96,836,999,467,52,338,408,344,289,945,440,750,477,317,765,525,284,416,650,660,486,620,462,505,285,407,304,91,266,266,266,66,695,491,602,28,869,957,780,501,736,607,814,242,197,356,684,208,49,936,140,608,905,622,959,654,723,500,503,151,162,61,589,561,142,544,764,172,771,385,291,426,873,888,857
953,651,60,798,876,648,466,94,94,218,41,7,723,874,255,824,607,21,967,451,285,40,106,486,650,726,330,276,576,512,336,59,996,59,505,262,21,415,17,9,35,629,673,543,877,596,839,741,846,718,868,916,554,975,553,609,867,689,338,212,584,566,735,598,770,769,608,5,168,96,23,822,777,912,905,1,935,216,530,975,171,398,604,491,566,768,90,401,479,90,786,832,10,495,145,691,10,282,649,714,629,928,136,735,56,629,16,596,105,884,165,998,569,260,473,479,228,955,823,948,12,412,30,845,48,193,388,912,934,116,209,856,62,7,84,65,349,75,671,185,325,651,958,185,818,706,355,12,44,643,501,620,601,462,204,127,758,869,250,356,458,426,763,138,185,27,705,589,883,319,977,893,609,149,175,725,519,896,794,415,276,180,150,609,443,436,289,581,463,497,803,715,959,562,462,493,95,995,827,91,746,390,969,519,552,520,849,436,691,397,962,390,515,668,756,656,772,598,957,614,639,487,951,84,622,310,240,588,169,339,958,359,712,765,605,814,911,963,91,690,493,820,451,311,88,666,811,259,712,285,417,622,981,410,491,453,655,262,759,767,744,758,529,776,748,665,748,448,412,713,24,749,516,792,22,809,947,250,241,84,255,433,172,106,680,64,691,263,975,483,289,908,495,797,854,597,17,912,825,506,998,111,491,6,265,59,625,546,719,665,653,46,516,911,758,884,713,328,163,563,867,40,4,881,509,166,223,403,927,192,881,426,949,493,912,628,669,876,730,522,357,510,953,405,141,301,342,392,831,876,577,764,529,137,395,494,369,278,921,800,190,972,836,424,724,925,786,706,723,976,629,213,566,604,294,133,616,81,189,323,114,446,637,350,606,301,621,403,554,229,201,98,398,749,456,531,258,485,890,958
957,581,977,975,975,313,153,978,393,269,760,825,296,972,377,585,73,703,517,162,353,718,91,865,265,540,225,505,334,476,418,736,264,605,334,208,657,559,505,445,800,887,569,356,825,980,435,198,520,449,688,159,897,649,842,758,858,32,432,579,417,920,833,488,677,135,933,265,358,395,361,744,18,486,466,169,518,67,34,15,736,998,501,29,585,562,304,426,723,8,546,659,360,663,298,824,201,120,695,221,339,326,916,435,894,711,269,518,273,940,421,264,217,235,167,597,309,833,93,820,627,225,55,653,33,225,845,727,884,675,302,479,284,734,763,370,664,243,480,978,900,229,970,936,104,794,586,459,682,251,580,327,965,920,903,901,753,351,590,350,123,873,459,813,930,181,224,147,638,799,682,907,336,970,369,729,273,415,574,139,568,282,99,161,570,895,945,572,11,922,707,685,218,881,82,435,930,59,326,154,456,844,56,366,491,767,606,661,434,14,653,523,904,876,210,324,583,243,803,171,351,72,303,445,343,773,435,453,355,736,20,261,673,748,806,726,378,344,470,53,789,451,134,547,915,206,6,273,605,658,712,150,647,675,300,209,15,146,873,324,391,129,662,2,236,157,455,417,737,455,835,513,355,220,265,836,435,10,938,486,786,166,341,1000,169,986,462,331,624,284,651,584,240,929,891,16,908,761,161,225,424,967,499,175,124,3,362,853,701,296,766,487,373,858,698,652,565,869,975,217,398,619,950,293,246,370,946,260,322,439,159,593,952,486,780,372,984,962,961,774,969,818,906,455,259,452,98,922,623,513,343,291,857,466,283,579,625,825,738,447,69,984,798,175,411,500,297,804,957,270,801,562,793,448,494,659,190,124,488,264,710,150,666,771,16,443,844,256,661,174,678,793,311,380,662,197,408,825,548,14
747,43,560,79,610,336,662,279,665,571,732,585,534,78,757,989,959,403,889,762,793,4,625,890,45,316,460,0,458,486,79,212,465,469,961,78,381,891,820,169,746,84,277,389,68,660,410,740,465,624,712,195,741,334,666,100,258,424,917,199,936,150,887,771,645,396,317,654,330,947,920,827,810,143,286,871,625,358,229,517,58,633,975,694,181,91,599,193,259,215,632,374,910,71,425,359,355,328,375,999,159,242,368,524,22,285,146,129,715,421,898,158,175,666,730,969,111,472,334,472,824,218,343,608,785,731,5,784,205,305,637,702,866,705,710,787,436,359,155,926,93,113,497,902,618,537,512,303,850,663,671,685,885,420,465,696,635,79,792,476,887,127,519,64,415,926,456,212,100,369,322,167,457,253,451,51,307,309,45,696,593,594,531,30,21,158,54,165,109,285,877,460,168,348,256,788,634,907,529,929,634,639,813,428,298,729,650,318,725,658,758,138,438,361,569,487,521,214,744,557,112,479,250,946,663,143,579,73,610,643,409,783,897,732,723,75,586,994,207,619,87,474,842,751,531,393,377,63,517,227,591,356,538,609,272,221,137,116,985,994,189,900,776,140,82,227,887,235,629,204,411,430,990,696,293,119,580,697,807,109,572,415,731,757,223,200,152,413,771,347,125,500,611,715,244,232,746,993,256,809,679,292,863,97,339,480,584,361,600,903,827,30,276,566,296,398,743,383,888,817,153,498,592,510,932,879,538,589,699,259,952,792,690,939,981,558,762,811,407,967,687,274,729,21,282,270,736,403,30,876,590,280,787,609,515,84,859,948,879,555,310,243,894,792,997,350,934,887,379,984,987,26,830,843,466,613,744,609,90,72,131,999,711,944,166,68,809,867,447,966,292,575,854,49,828,86,958,799,825,791
749,166,701,189,459,476,669,347,494,861,794,425,212,804,647,404,585,709,87,902,41,617,431,783,323,307,983,782,301,774,309,417,554,121,831,273,207,373,747,202,250,335,180,10,788,823,568,689,389,62,465,598,898,673,278,280,732,584,974,100,87,337,712,749,10,394,963,431,22,99,532,331,57,671,747,808,276,804,722,698,839,183,264,968,636,243,955,743,453,54,582,747,635,194,300,710,219,147,875,867,145,954,437,994,484,975,896,578,199,848,540,415,80,90,825,588,940,726,933,687,958,444,852,831,305,234,700,242,304,140,805,772,400,732,471,479,381,208,647,165,525,726,446,981,373,400,91,396,314,748,273,131,183,353,463,875,226,149,377,373,96,197,116,552,448,621,235,967,728,124,535,242,236,516,661,529,229,267,457,421,193,136,865,467,294,276,547,714,382,710,283,92,270,608,964,3,853,939,242,278,881,676,299,733,414,40,268,167,740,704,988,305,833,737,249,366,921,450,774,896,275,881,484,73,466,617,808,375,513,101,378,387,739,754,499,557,603,5,9,176,934,462,49,703,936,609,118,703,973,847,164,855,701,420,24,482,344,840,822,283,670,483,57,195,832,961,484,349,51,52,294,498,72,287,592,72,949,546,322,993,963,365,701,167,2,798,74,468,146,46,173,571,895,875,381,62,687,268,541,332,338,61,374,972,641,747,208,45,412,743,554,393,185,325,741,834,805,302,110,632,425,413,738,279,388,808,87,488,717,12,577,849,718,3,794,935,953,56,60,462,392,340,117,947,710,786,607,780,561,988,51,401,276,394,722,494,475,608,217,81,812,766,540,873,402,557,674,979,960,923,775,496,482,894,280,922,485,444,71,529,688,678,10,785,800,110,477,726,176,688,485,516,269,118,721,457,63,230,169,225
23,331,545,948,525,46,580,949,42,699,13,309,512,285,268,381,255,726,738,474,193,536,557,952,71,317,693,382,509,131,457,136,799,456,835,304,782,773,234,717,777,387,885,460,291,666,474,329,265,392,762,650,681,135,128,884,131,933,828,311,35,440,113,9,910,819,123,148,100,701,650,367,111,139,19,730,606,337,246,929,531,908,856,72,90,55,450,567,787,645,315,939,803,806,624,735,387,799,412,269,738,970,638,283,855,506,379,557,262,569,550,635,958,966,535,370,439,116,609,139,669,815,37,466,71,580,167,174,415,519,481,805,510,196,647,461,595,447,568,680,131,753,424,482,222,721,880,165,351,477,661,960,485,222,559,946,320,650,268,466,631,778,521,345,672,865,129,667,953,773,342,752,154,765,932,940,251,103,973,416,903,928,5,691,736,393,860,493,348,796,154,465,468,255,576,427,736,610,47,375,205,150,623,553,669,864,927,958,526,876,799,535,816,133,895,44,16,373,483,176,911,38,946,306,786,387,826,307,355,91,868,765,146,771,113,318,483,819,360,563,85,807,590,826,473,18,15,53,938,699,121,429,378,821,168,133,641,1000,500,230,615,421,131,772,663,179,126,933,981,34,530,803,252,130,236,810,683,812,953,544,31,73,943,390,260,538,950,896,781,756,329,148,776,870,41,717,233,862,706,839,534,654,984,245,592,628,231,905,452,683,655,915,388,991,410,867,821,310,783,876,656,941,245,564,66,957,221,973,768,906,221,73,983,355,271,301,912,325,417,834,221,755,301,881,733,996,532,716,544,813,546,148,222,396,213,776,299,279,535,49,73,218,747,986,110,506,742,114,800,816,669,293,826,191,249,971,166,42,384,901,629,933,723,966,167,179,211,640,855,518,296,360,99,489,461,392,642,852,312,822
351,474,915,413,557,20,492,897,660,931,68,790,438,9,920,936,988,515,974,926,175,33,345,750,957,175,343,86,767,290,861,367,648,881,529,899,242,760,51,571,388,675,667,246,862,614,54,93,933,717,646,79,558,634,116,648,182,246,523,17,276,131,754,897,92,249,166,162,408,242,506,328,293,350,374,308,559,141,610,210,568,853,142,148,309,171,723,342,355,858,613,332,171,127,447,678,108,453,127,722,277,562,908,849,81,572,384,630,695,202,278,820,244,32,10,192,130,455,147,216,272,871,916,437,325,947,946,508,36,822,226,218,953,199,18,829,826,921,258,32,860,661,998,207,871,183,203,928,516,338,858,382,554,398,352,319,519,242,129,904,346,390,638,318,530,240,440,414,797,770,282,471,441,317,341,183,420,109,734,647,422,930,357,748,21,363,955,184,205,749,380,299,367,442,715,229,227,794,975,595,90,709,256,739,844,347,215,612,429,533,865,943,903,750,710,138,179,64,364,469,648,366,151,169,529,970,795,262,730,185,389,486,413,27,455,608,732,931,985,111,523,454,341,836,738,3,847,554,514,612,759,857,344,402,950,192,270,412,402,421,78,645,494,133,758,905,169,669,851,882,31,339,196,283,338,216,26,625,387,748,610,409,984,400,320,896,412,182,990,818,644,655,918,428,385,942,13,818,486,76,799,537,54,677,670,110,299,670,342,450,365,0,551,655,810,25,290,718,806,486,406,697,21,15,58,768,819,904,742,806,919,157,537,755,128,331,988,326,203,704,918,609,207,45,498,474,808,346,401,922,953,730,539,462,70,134,410,879,184,82,904,824,332,640,562,797,457,658,827,766,318,586,792,970,242,658,245,653,318,117,584,100,767,928,451,705,38,676,342,349,718,873,100,329,59,906,626,789,127,282
173,799,540,313,606,920,361,555,438,773,400,531,533,629,633,349,154,940,559,713,157,215,942,557,760,513,153,71,619,105,908,732,934,983,4,89,82,188,962,795,699,149,549,695,663,603,999,945,569,496,203,368,63,66,932,306,988,128,676,750,679,576,410,701,362,262,666,146,482,930,397,255,975,506,145,590,66,87,861,63,639,551,683,390,7,137,86,111,264,389,838,864,320,495,253,272,519,162,172,61,804,345,474,394,316,660,560,997,608,823,836,541,84,902,693,14,845,203,874,279,62,628,848,714,834,616,76,550,641,441,718,664,187,214,810,410,519,798,846,735,47,971,330,321,82,185,977,363,391,318,90,619,448,264,908,786,339,445,493,323,918,307,692,581,728,69,74,711,876,611,608,348,511,367,947,828,426,322,49,207,64,992,68,547,652,185,617,998,7,756,304,68,356,86,936,347,209,652,574,978,787,906,321,395,791,253,809,126,577,681,938,481,195,597,87,709,748,933,910,608,271,773,381,420,448,525,899,503,700,231,891,275,362,1,410,344,600,559,841,473,931,378,209,710,952,703,173,554,582,173,517,910,339,968,303,621,4,606,507,841,938,430,135,576,253,4,592,162,207,621,154,696,393,632,160,97,924,598,842,733,468,94,196,581,285,908,956,198,428,827,173,900,904,397,791,907,504,539,714,779,813,202,525,980,175,767,612,374,526,108,405,152,343,433,176,862,922,50,107,757,763,720,630,915,995,723,389,928,178,506,440,502,60,914,513,785,754,407,15,991,11,5,572,363,363,822,886,209,314,97,472,529,515,570,80,774,74,404,290,745,222,837,593,368,374,441,927,861,603,217,291,995,156,349,94,799,27,870,493,138,687,853,963,312,474,367,933,84,465,483,395,259,911,661,252,984,77,13,400,875
394,747,614,802,803,875,236,867,331,794,420,475,361,228,601,64,455,900,561,84,132,931,571,398,648,639,81,796,268,836,896,964,57,781,26,690,970,863,756,891,767,785,289,392,643,812,85,939,780,928,610,776,415,466,143,273,997,279,196,587,128,822,181,702,692,382,117,317,80,303,735,182,489,709,931,410,544,857,791,109,698,923,895,933,748,935,850,701,671,672,945,206,936,250,598,307,192,382,810,798,747,810,417,709,551,853,126,903,370,157,482,458,441,660,407,382,109,317,122,416,659,516,721,300,855,157,919,624,156,799,394,813,157,756,870,524,746,606,395,257,139,135,31,991,819,872,975,115,218,676,285,56,595,332,728,629,275,603,690,932,959,810,298,931,181,693,845,65,717,138,255,714,539,601,359,88,934,177,204,347,371,533,71,814,50,445,694,50,271,733,459,387,972,402,255,213,708,479,316,786,853,179,530,84,155,111,765,517,412,44,732,515,424,262,679,332,980,476,258,469,729,700,84,856,467,91,112,413,747,527,40,983,638,913,568,42,630,500,197,308,947,536,417,692,816,240,287,64,572,95,204,360,933,547,994,742,988,587,114,664,3,144,298,796,974,478,822,233,162,279,847,444,982,33,533,83,174,327,22,337,49,419,673,75,616,763,832,693,281,927,300,562,465,942,108,559,829,281,501,784,128,654,881,742,855,893,377,13,996,259,545,786,47,255,818,708,186,362,20,984,46,331,482,725,194,687,9,740,649,317,795,661,421,895,121,623,974,771,162,825,305,411,914,318,640,341,609,589,120,483,908,579,875,113,14,413,319,664,219,234,165,309,123,276,219,462,67,703,504,993,582,903,781,64,936,629,636,817,483,473,351,234,328,790,598,612,135,948,477,161,432,202,438,281,869,648,979,629,742,282
4,138,897,127,560,236,450,774,221,390,732,826,697,226,158,71,359,407,605,167,231,597,636,346,490,979,180,451,543,114,178,218,578,686,61,411,48,925,425,527,635,68,848,466,692,706,176,275,732,3,869,339,49,9,568,467,319,843,765,267,647,34,261,468,160,260,105,757,437,124,346,859,251,284,871,123,65,933,103,840,467,454,889,94,443,167,22,596,571,347,857,750,18,691,345,360,840,727,181,988,734,798,273,28,986,968,334,294,196,858,210,369,4,148,519,868,240,718,447,909,609,663,484,652,401,467,709,907,756,313,678,670,647,911,987,967,144,895,790,199,108,76,609,154,229,653,499,111,652,291,831,950,238,455,663,881,2,301,576,520,434,975,527,523,11,663,107,125,55,267,724,355,163,835,558,631,582,659,464,51,990,346,214,389,555,948,895,109,261,976,826,519,345,524,676,705,281,354,931,152,133,890,224,570,326,395,367,29,950,97,16,79,451,688,855,320,382,935,823,950,496,566,77,192,171,663,219,837,664,964,963,680,523,773,471,158,25,354,775,193,62,936,870,721,342,249,337,227,44,646,544,126,667,876,211,32,568,866,309,719,863,700,70,561,693,489,235,834,285,673,834,429,513,412,173,465,89,865,824,381,379,645,740,469,623,211,357,820,944,838,33,881,483,49,806,622,13,779,690,31,419,805,704,328,858,843,211,990,639,935,885,736,332,661,934,129,132,606,435,677,999,98,956,168,241,165,633,487,241,613,872,715,996,742,105,775,815,417,926,375,496,547,877,360,917,280,810,253,742,23,268,209,22,132,760,204,474,79,529,947,989,668,538,14,391,243,306,69,811,741,172,788,739,35,125,436,315,120,993,420,891,497,945,529,970,665,503,637,547,173,511,797,225,227,519,694,344,314,538,98
538,329,565,474,417,188,137,995,458,984,705,935,134,388,244,764,180,214,388,592,763,2,624,973,947,169,151,26,964,470,956,880,325,621,172,283,810,276,262,721,196,405,397,911,975,293,270,421,964,881,661,400,602,219,304,265,394,159,52,906,120,600,823,709,810,618,308,573,654,538,464,864,684,603,109,55,818,717,562,86,916,204,563,606,144,485,654,736,212,764,375,174,676,737,388,84,794,55,992,475,477,675,864,848,790,902,716,0,607,373,248,280,427,514,745,420,538,4,233,49,152,489,722,636,22,286,580,239,0,783,742,264,871,757,914,841,325,889,131,263,90,249,312,439,775,340,350,680,276,101,552,185,924,958,831,626,803,156,86,78,936,970,259,60,57,555,166,617,487,86,468,846,595,832,134,307,839,909,306,143,443,134,56,224,413,977,711,720,807,964,623,185,195,11,53,507,801,908,954,660,319,805,809,639,237,941,788,197,738,43,993,163,29,324,824,0,885,292,250,788,732,411,632,354,753,265,820,208,143,296,316,81,429,840,823,679,526,607,672,799,155,363,19,56,514,40,894,850,371,35,469,189,432,841,473,984,613,796,69,70,478,382,290,547,835,182,974,904,688,351,578,859,63,933,280,343,31,185,630,642,722,143,904,904,368,826,167,134,38,823,527,881,77,132,543,196,116,169,949,340,411,902,594,860,297,50,545,134,553,406,708,980,648,23,484,667,615,20,330,825,544,582,830,255,846,733,400,491,403,229,82,249,604,436,343,940,756,365,804,707,266,456,445,90,809,687,686,14,751,144,25,917,7,42,106,933,137,384,77,728,767,854,717,608,402,298,155,279,563,403,992,871,252,206,130,396,840,447,754,278,874,360,279,175,783,102,538,938,620,262,256,900,966,58,54,839,190,323,945,865
706,465,601,136,846,916,498,659,183,843,263,788,947,868,809,785,827,279,87,871,813,577,789,920,104,669,96,830,853,386,74,39,761,752,25,6,301,265,503,219,188,528,534,195,278,727,933,73,249,92,176,592,946,888,114,84,208,428,617,27,784,563,241,145,591,86,574,295,73,282,223,219,415,224,743,709,125,328,745,791,200,397,359,382,472,578,297,73,69,122,905,222,126,161,479,272,318,322,184,470,878,992,899,648,519,912,844,883,916,377,721,180,173,682,3,158,0,267,669,293,306,447,357,866,31,440,495,670,788,657,711,508,557,169,961,880,202,160,54,931,415,908,96,982,680,857,271,406,313,63,348,108,309,482,712,486,879,543,379,352,412,327,193,515,411,722,180,724,595,911,380,181,6,395,210,197,178,264,650,931,436,129,254,939,280,644,112,102,144,971,887,123,436,700,379,212,111,743,206,301,285,297,539,239,328,281,858,301,351,282,300,658,353,373,332,779,806,324,406,905,49,344,217,741,17,552,644,473,239,534,187,406,26,578,308,744,156,221,527,835,157,445,352,604,856,677,857,352,718,133,223,358,280,801,1000,902,478,454,898,314,336,77,334,386,476,276,893,755,389,242,551,958,936,490,624,566,418,110,896,470,387,729,526,633,837,548,883,253,414,631,673,847,522,406,184,845,34,139,940,206,144,833,506,926,274,2,923,323,893,522,996,780,618,77,411,738,353,922,765,746,806,79,748,406,468,118,553,996,67,990,865,452,384,647,386,122,774,594,412,684,297,19,9,739,230,744,361,521,158,146,403,999,579,563,378,385,574,142,120,470,802,522,758,932,578,81,13,926,425,628,592,422,945,384,589,983,254,115,685,975,421,869,944,61,238,313,634,960,137,154,213,325,878,844,155,958,397,340,528,961
794,21,900,543,890,966,208,779,815,167,190,21,359,637,756,668,837,969,233,915,659,117,306,225,828,488,306,647,700,789,401,811,46,558,323,17,465,13,311,531,243,330,775,232,309,844,301,685,654,641,811,411,102,151,973,691,232,600,809,15,620,416,437,956,758,339,592,480,3,845,398,942,980,900,911,12,758,978,525,536,719,847,396,861,437,330,474,914,431,0,615,581,156,621,829,601,178,563,693,863,781,91,702,83,106,313,186,103,273,862,936,386,340,426,728,816,471,458,594,303,532,351,222,878,638,518,55,128,602,87,760,13,778,689,509,988,956,740,703,158,259,539,499,365,58,238,855,194,171,889,755,796,977,63,767,742,553,398,38,248,998,868,202,846,730,18,824,403,461,911,526,682,635,280,295,765,986,225,325,141,354,819,293,944,730,795,659,206,156,999,217,223,823,752,403,822,672,429,979,414,701,103,901,615,784,842,958,870,208,218,190,510,481,267,725,914,976,340,266,768,446,77,419,753,477,277,207,33,347,389,683,897,909,473,696,116,291,26,856,8,634,585,285,468,145,327,615,271,177,509,467,197,219,177,122,212,945,771,713,551,568,782,537,39,457,717,927,805,292,35,752,157,550,931,20,969,932,281,736,131,891,153,549,762,318,482,231,559,894,831,77,603,249,939,385,877,24,422,348,680,589,505,374,453,380,484,107,69,816,118,808,142,601,857,774,182,719,180,292,332,866,29,848,544,473,280,367,987,926,980,774,99,203,595,799,297,451,612,547,753,865,669,323,352,449,855,195,632,297,590,799,21,137,591,218,421,777,114,621,144,405,107,858,433,854,254,240,764,862,647,27,928,616,78,414,628,78,860,595,89,494,17,356,724,473,876,892,210,655,551,409,732,506,72,314,326,719,117,590,891
443,706,362,184,69,609,938,448,8,780,259,785,632,439,872,129,270,843,120,21,254,385,787,333,1,577,600,530,33,390,707,929,758,987,323,194,963,507,982,623,905,983,258,558,831,978,857,16,951,418,24,86,743,679,877,842,113,15,50,759,696,127,926,597,804,630,470,278,904,899,850,793,791,872,710,171,316,201,482,50,707,298,98,361,706,299,692,400,90,554,287,454,548,538,912,229,85,463,296,636,120,597,89,232,93,600,191,284,918,590,584,114,899,677,513,146,56,231,272,541,464,556,482,290,286,880,235,98,879,793,461,915,197,811,539,519,288,408,831,189,831,564,482,846,40,173,885,167,441,23,72,45,288,914,583,618,732,510,916,588,881,215,195,680,89,585,204,120,63,903,329,841,911,424,114,588,861,899,903,747,393,78,130,406,598,320,405,402,294,741,98,61,855,440,530,451,165,575,408,948,286,210,281,842,501,929,293,387,984,472,141,786,591,680,723,236,925,225,77,32,748,863,110,624,530,33,982,124,352,381,450,549,287,164,13,399,896,239,526,19,678,806,621,357,214,898,613,553,598,356,835,432,360,0,974,129,494,707,921,277,597,42,276,643,489,600,944,995,457,646,474,424,15,677,599,639,720,607,958,134,583,367,127,49,347,811,953,912,405,484,423,845,992,494,998,465,552,162,686,742,152,504,875,268,630,651,316,538,291,323,62,845,958,951,459,46,883,73,539,455,608,300,943,733,734,88,262,397,797,184,23,45,549,647,0,968,310,403,710,896,645,162,171,797,819,72,399,733,321,538,146,78,894,553,993,925,103,962,38,869,611,202,640,843,749,737,378,195,165,244,992,737,40,358,864,328,868,302,868,60,51,799,332,122,850,78,841,773,24,927,885,926,128,390,486,719,529,779,447,734
239,36,653,737,499,991,313,72,56,66,466,271,697,800,401,751,299,784,806,224,709,350,523,782,170,298,868,257,946,493,200,531,789,86,561,276,102,544,140,903,875,753,532,22,20,810,409,319,92,724,786,72,950,446,504,549,489,840,390,294,467,466,358,739,632,995,506,472,17,944,689,85,735,590,634,917,805,335,44,725,366,250,347,83,662,935,771,53,353,930,963,224,757,531,902,30,25,384,609,834,624,855,953,258,477,635,222,71,405,835,920,584,889,952,297,599,7,532,512,331,104,831,480,633,797,69,903,146,571,814,783,195,762,792,37,266,989,318,970,245,684,454,214,954,756,763,801,477,690,400,560,772,778,485,273,531,337,48,66,346,671,468,4,473,525,96,339,851,894,894,256,587,190,949,726,387,345,539,487,372,669,138,597,680,450,418,955,814,682,810,723,12,622,282,856,5,568,136,94,165,397,289,829,587,602,299,495,544,631,438,649,110,749,634,998,304,553,692,209,696,422,841,304,828,883,492,742,188,530,731,421,653,95,30,305,95,608,699,526,180,490,810,442,301,327,893,497,91,697,354,867,835,706,174,832,723,405,829,407,466,506,97,173,658,264,728,198,812,16,420,594,134,113,983,423,579,174,46,312,543,366,146,153,801,726,578,394,242,531,61,531,865,195,945,295,687,81,987,631,197,798,349,64,111,393,467,342,975,496,390,840,371,796,817,546,652,663,351,634,667,700,441,692,916,820,701,298,651,624,980,775,446,665,80,95,999,361,578,624,841,738,536,451,446,923,225,648,927,79,401,451,656,707,763,818,838,404,880,353,977,656,653,340,589,83,362,680,857,500,73,828,616,65,183,696,487,924,0,773,644,22,864,626,559,790,473,871,986,550,114,949,482,767,847,500,966,238,10,715,413
418,169,200,756,623,850,371,469,586,656,680,312,396,265,562,315,405,158,70,299,707,560,154,570,185,393,985,773,250,180,7,833,617,420,566,119,569,869,179,127,596,495,881,866,131,87,696,815,362,615,265,4,4,591,806,902,201,920,403,355,20,20,584,529,648,70,900,241,501,975,797,951,99,328,99,178,321,511,645,399,745,310,956,534,456,228,397,470,744,789,470,795,941,204,694,448,888,182,428,229,709,711,982,546,707,832,551,260,913,477,558,85,980,960,167,185,104,796,78,199,628,473,167,211,966,727,312,589,164,77,947,672,342,714,409,500,483,483,716,848,803,841,638,925,440,980,801,863,62,261,660,52,663,903,234,201,926,87,112,758,491,957,683,915,30,560,505,718,336,284,443,584,938,325,206,909,659,232,69,240,181,60,443,426,39,769,193,405,133,886,683,812,770,778,645,506,26,505,371,530,830,953,802,101,430,850,755,30,483,964,437,458,688,312,644,167,497,559,990,528,117,860,543,750,379,379,931,425,189,328,135,268,743,969,223,578,900,891,958,105,695,717,556,689,300,215,973,191,70,3,489,377,612,430,111,944,554,788,581,726,434,770,577,721,357,1,311,987,795,176,793,755,564,287,482,363,215,244,395,715,816,65,126,449,16,36,807,555,416,793,661,869,964,174,958,666,953,743,448,968,370,314,992,890,362,687,358,853,731,876,728,361,620,697,220,896,76,849,145,135,729,455,521,976,749,415,253,291,165,635,123,375,145,112,49,502,821,932,279,137,92,207,994,750,55,725,200,737,690,829,66,559,722,761,178,941,605,317,609,403,519,547,275,813,87,359,156,959,49,952,135,452,820,418,538,372,532,150,669,257,268,16,164,215,454,817,957,352,224,280,89,683,428,961,617,742,376,748,827,937
328,832,526,207,331,471,579,793,241,209,678,250,560,802,223,39,59,24,268,438,22,868,740,592,622,128,871,900,391,542,300,279,636,786,248,126,770,89,188,341,252,614,89,513,11,647,434,91,874,554,419,364,367,874,1,881,377,963,488,809,109,305,690,833,579,700,842,177,258,387,902,187,496,158,454,629,600,74,434,78,804,381,93,308,427,618,213,751,647,456,102,382,337,433,401,856,794,510,216,641,467,184,427,637,440,305,915,512,125,147,82,732,514,425,511,568,646,978,464,619,795,816,156,221,631,686,945,663,362,753,585,633,327,327,223,223,176,365,937,100,574,263,9,485,5,964,417,78,811,565,354,812,637,237,842,213,779,654,748,842,144,516,239,924,192,30,461,702,122,364,93,613,152,67,746,907,834,653,545,876,43,470,989,61,851,662,631,981,374,281,434,668,998,316,472,329,680,472,546,187,947,360,880,134,451,204,881,496,543,793,173,619,748,890,830,514,521,443,385,745,224,412,924,251,124,493,474,670,834,58,163,657,253,564,439,683,188,905,482,800,600,173,45,653,189,749,405,843,961,36,494,740,844,104,108,991,675,182,635,75,665,1000,9,380,284,513,274,552,145,321,92,324,126,367,48,834,202,63,296,940,606,197,264,991,515,580,580,659,559,632,797,855,852,721,227,888,874,292,961,99,111,20,368,852,630,137,846,245,356,77,94,646,465,754,768,55,665,257,74,401,263,279,212,394,135,452,228,877,252,143,152,545,85,472,526,685,630,566,631,613,910,852,975,832,606,295,35,60,193,546,189,776,303,919,854,773,273,772,455,626,816,200,707,941,853,56,394,716,767,326,435,483,869,326,65,614,348,920,496,294,15,719,700,934,451,660,737,845,878,527,589,137,867,527,87,31,738,817,546,706
574,466,833,553,307,777,172,951,441,743,348,719,238,970,507,485,103,132,393,855,930,407,976,10,747,806,964,631,270,665,407,941,21,338,753,725,989,583,347,669,564,581,549,712,69,919,363,369,163,396,260,467,295,665,888,95,37,468,387,29,456,19,17,975,10,48,264,516,917,830,943,308,785,710,608,209,928,235,491,250,153,900,72,423,682,433,977,311,52,920,511,597,296,655,496,194,333,313,245,722,602,460,140,872,880,876,309,249,907,347,50,557,826,919,196,109,360,379,560,857,880,41,100,174,702,897,787,93,597,326,251,569,775,861,48,227,469,144,641,914,610,613,172,597,166,209,210,928,553,471,82,443,911,998,77,889,76,295,371,786,887,66,178,50,557,165,354,784,385,459,674,447,685,246,971,171,392,0,588,358,99,81,21,550,298,537,731,549,401,155,715,422,876,487,296,34,367,977,72,817,430,307,57,571,272,330,998,380,902,477,923,568,723,751,22,497,62,786,708,333,10,487,509,789,907,99,713,842,594,840,714,242,473,221,364,389,549,979,280,873,344,582,304,225,277,697,55,544,204,389,114,596,569,133,253,361,354,288,761,953,295,784,55,511,675,125,610,847,413,417,620,511,774,765,901,480,304,506,914,638,804,295,720,867,3,92,832,502,407,572,388,398,575,430,878,366,820,72,768,95,576,773,401,959,852,388,161,984,392,929,188,748,31,2,865,347,910,62,766,289,789,347,599,925,385,76,286,986,816,618,937,734,58,40,614,752,985,888,871,935,724,829,333,677,858,79,828,554,373,707,563,453,956,463,419,219,837,193,125,846,137,891,586,637,236,844,433,160,745,110,190,7,222,229,206,707,321,433,743,89,278,387,994,339,207,298,891,318,571,830,105,960,512,537,294,271,571,850,60,365
495,431,84,167,270,938,826,904,397,521,888,392,672,593,158,133,65,186,58,381,867,23,503,555,525,119,545,755,788,312,517,649,939,976,182,446,442,168,597,430,280,837,548,520,961,898,391,435,88,650,791,348,81,87,13,681,613,835,647,97,214,8,108,701,522,202,608,230,754,230,649,656,455,89,723,673,992,406,540,436,128,305,777,897,91,742,640,310,940,310,166,192,303,272,650,302,856,142,612,165,224,46,423,90,787,286,29,569,423,270,768,967,547,403,606,356,74,663,397,714,88,490,730,615,202,47,912,785,532,881,920,805,786,377,898,287,355,950,209,254,573,973,643,920,577,668,997,293,945,918,208,709,765,555,677,26,198,105,447,593,170,933,56,743,880,429,180,789,816,368,389,555,1,815,689,76,882,126,959,146,99,784,254,231,234,272,37,72,591,178,520,370,201,339,878,446,710,312,630,488,948,334,795,863,149,888,958,518,460,53,560,81,6,990,819,412,280,328,273,543,185,197,145,677,253,355,508,718,136,438,240,639,64,546,797,736,278,80,344,406,295,14,727,124,353,765,612,899,537,175,11,893,136,63,716,97,255,888,220,916,617,907,128,410,497,955,703,631,142,83,298,139,256,158,328,796,265,66,599,38,926,242,608,885,536,521,0,965,220,777,822,651,562,465,246,3,658,779,632,943,766,474,34,823,715,32,381,438,954,285,938,383,699,546,626,840,417,475,470,488,768,324,479,600,442,70,650,517,469,526,736,491,218,943,222,654,661,487,877,319,852,889,374,847,385,113,525,238,663,432,689,413,919,373,378,120,262,571,277,915,477,516,613,920,812,707,777,758,590,492,773,76,33,433,504,129,151,371,997,538,14,974,799,444,985,540,773,410,330,465,167,320,532,346,337,419,94,200,578,260
60,639,66,554,714,171,234,119,515,183,147,180,179,816,347,159,130,489,682,670,222,685,612,402,401,658,85,605,768,562,441,399,890,62,966,354,859,357,704,441,780,252,309,291,915,702,571,275,88,48,119,387,545,575,686,107,684,310,709,171,997,469,164,513,546,801,747,911,988,252,469,950,860,574,144,639,445,918,118,557,499,326,236,865,804,433,857,879,445,311,290,818,826,440,801,549,820,677,895,127,476,532,311,516,403,598,212,587,22,56,989,389,749,85,674,847,995,169,506,568,775,803,731,796,107,166,580,718,372,724,14,520,160,237,781,838,545,149,210,178,550,956,641,406,840,760,230,239,308,945,989,895,420,163,949,837,62,829,143,953,592,145,566,750,30,731,66,562,49,627,802,153,8,876,749,646,549,851,80,356,644,820,55,408,153,956,838,332,884,618,600,721,505,647,112,736,475,141,344,930,121,641,139,878,260,384,965,910,279,698,271,264,586,135,367,443,306,84,32,871,837,751,969,576,937,463,847,658,470,849,735,567,382,217,946,713,11,39,372,424,296,61,240,556,886,744,205,569,326,758,120,570,440,944,647,232,392,572,573,151,731,914,291,845,724,422,822,907,805,535,680,95,939,536,402,170,369,198,212,313,591,800,716,638,207,143,479,294,750,813,838,994,825,635,50,832,190,749,324,556,212,93,136,902,441,57,285,423,572,69,478,85,239,727,957,951,132,215,617,642,937,657,920,565,270,837,708,108,511,481,155,950,839,938,816,184,124,486,119,129,364,870,686,528,335,261,930,185,301,756,755,783,498,53,160,329,693,990,577,377,558,383,883,915,21,650,711,120,113,784,870,301,747,134,287,220,697,230,7,265,897,470,208,803,192,988,714,586,548,662,199,648,729,3,307,439,770,409,867,742
391,696,79,461,82,729,746,213,775,465,65,893,234,415,597,498,716,263,756,47,859,810,189,26,730,918,747,630,713,541,782,201,140,484,805,12,822,725,214,842,14,467,235,521,858,807,986,228,398,703,656,265,615,24,496,504,573,428,631,908,823,767,431,168,590,283,831,600,599,693,826,185,777,322,114,931,0,594,206,44,73,391,524,677,1000,7,960,124,805,276,200,677,294,164,280,606,416,968,329,157,690,603,900,336,559,264,338,776,166,274,444,886,107,688,866,202,599,13,80,149,346,468,614,179,196,103,671,745,950,545,109,252,561,898,400,897,781,917,777,916,760,994,248,838,153,247,152,297,186,257,572,601,363,859,714,577,266,418,746,822,204,877,959,651,82,142,945,360,549,446,814,543,885,686,51,851,841,693,449,871,773,177,978,502,811,307,446,681,17,221,639,659,139,15,443,640,583,0,632,457,614,592,11,404,538,198,786,879,664,350,741,740,156,137,325,240,203,290,144,634,805,174,82,57,162,536,707,254,460,518,47,614,594,668,256,932,586,748,901,968,614,232,371,765,712,367,836,442,506,281,208,376,19,223,275,440,265,847,752,223,530,133,980,820,647,395,146,90,53,945,799,440,251,763,340,0,947,419,989,882,562,91,574,270,676,950,47,329,507,694,223,722,473,694,904,847,168,938,71,52,878,271,115,502,542,134,832,769,962,21,368,847,215,376,851,237,397,50,105,200,697,614,505,386,793,132,151,867,274,332,80,721,462,162,306,639,36,811,657,684,847,876,169,809,408,771,113,668,464,119,278,279,338,37,386,2,602,163,610,942,187,681,254,727,242,184,488,616,632,10,376,243,363,710,602,885,644,175,672,646,913,763,758,952,759,156,61,659,942,762,809,641,261,823,165,246,271,238,787,325
431,92,683,799,421,119,646,978,947,667,2,923,414,860,326,590,251,478,2,117,124,615,174,784,946,722,76,991,399,435,621,765,957,295,781,647,1000,790,454,235,247,785,777,650,738,647,525,220,497,356,375,502,966,782,363,50,724,585,505,574,628,418,933,556,592,985,170,964,481,816,676,780,506,262,616,888,581,717,932,562,428,459,168,449,923,706,434,367,948,858,474,157,296,951,424,753,450,637,636,690,494,830,819,851,104,567,836,205,35,675,353,502,474,859,240,210,689,501,764,343,953,443,925,591,540,660,942,153,870,641,86,494,19,221,345,970,649,33,128,456,867,243,33,243,572,291,211,913,781,891,227,359,763,513,387,413,426,816,102,974,633,145,145,290,709,957,39,474,473,264,888,193,891,901,812,165,496,503,857,650,254,874,745,4,942,317,768,758,401,459,21,594,58,700,510,319,596,435,123,311,890,237,882,861,136,188,759,85,283,936,705,879,447,441,198,615,964,734,845,344,874,380,419,247,86,158,274,873,181,818,385,222,146,504,919,423,993,101,928,909,722,909,787,535,375,10,655,740,623,399,753,196,558,101,192,280,229,285,84,455,370,468,722,916,331,710,985,912,913,590,260,827,225,319,461,514,425,684,602,15,469,411,269,180,815,755,152,344,299,538,854,690,21,710,694,557,873,310,696,135,511,231,992,6,68,426,756,730,82,827,287,214,417,989,138,620,144,391,931,416,954,342,897,330,906,702,276,118,452,714,379,584,656,83,930,543,89,503,225,214,632,449,929,601,744,320,409,861,437,865,718,132,103,234,798,970,412,35,363,108,407,365,494,144,752,669,972,413,215,768,454,650,15,513,497,909,185,333,719,957,195,547,283,34,218,250,360,21,283,619,450,9,792,693,607,500,396,78,625,12
413,971,890,300,183,147,192,36,314,22,346,151,720,877,289,585,640,467,64,109,947,500,46,853,868,835,654,117,984,377,217,666,46,197,809,166,278,297,780,777,892,40,457,969,811,94,512,21,692,713,421,38,769,743,119,663,422,922,597,544,740,173,12,888,478,207,430,499,67,501,170,111,904,740,428,571,77,7,343,308,538,988,458,808,257,18,493,475,826,867,10,749,867,241,115,309,995,724,422,117,495,164,155,482,763,785,3,958,205,683,618,733,480,789,471,693,85,46,516,196,788,363,139,315,363,863,726,757,997,430,259,906,871,192,419,813,629,810,848,554,420,428,384,116,498,116,859,913,780,394,261,127,229,107,436,299,678,848,556,36,55,629,882,396,835,292,710,808,375,23,694,2,264,913,594,513,900,988,68,941,603,564,823,63,718,548,381,10,161,474,438,175,839,770,122,649,257,821,690,644,162,659,137,825,667,890,998,373,462,184,174,791,371,643,700,858,391,448,877,193,635,916,454,481,868,794,633,133,560,17,664,12,691,755,727,867,244,745,989,622,744,268,795,671,356,580,66,762,8,5,531,715,586,947,853,410,631,206,72,674,235,536,484,471,298,287,433,818,89,466,741,312,647,184,212,266,343,326,19,32,682,645,768,209,310,128,36,445,372,369,511,975,709,501,411,232,186,587,822,400,203,691,534,716,798,831,784,74,550,955,499,113,925,887,296,791,318,640,825,415,650,486,779,832,225,73,513,970,263,573,988,568,476,304,253,33,17,74,490,441,591,70,191,221,661,736,4,96,137,679,909,319,413,777,530,415,914,715,833,146,83,666,880,130,534,368,699,586,283,793,709,906,981,29,901,25,786,501,498,603,392,192,123,838,966,499,373,882,182,546,545,647,441,711,877,131,681,831,326,904
61,788,154,610,170,17,43,2,862,888,640,389,29,2,917,964,967,136,807,547,721,52,334,221,761,622,981,629,284,21,217,144,611,950,335,960,772,794,406,773,902,424,963,461,773,307,185,864,549,136,356,891,957,763,353,776,786,659,258,860,140,439,944,355,922,937,705,842,685,569,716,108,994,356,158,4,307,594,513,398,440,668,677,181,12,153,190,605,1000,664,788,656,474,188,1000,41,86,285,742,719,662,745,453,359,533,651,749,369,572,278,663,914,818,319,370,940,697,581,166,575,152,799,477,728,405,232,695,30,534,103,853,649,417,477,310,619,863,67,756,58,143,541,774,288,870,526,272,84,111,717,740,903,990,181,302,508,434,544,480,147,510,473,812,250,766,591,626,805,876,646,413,634,690,869,676,383,932,1,684,426,9,666,256,433,660,261,999,651,541,677,962,895,613,73,510,796,544,167,766,491,703,436,620,696,654,304,946,462,491,558,409,423,824,36,251,720,642,936,753,615,949,593,27,725,891,553,806,805,352,719,669,325,422,765,432,455,100,162,380,984,380,182,184,415,633,900,646,201,872,425,965,69,251,9,978,343,152,827,15,78,704,18,24,237,379,855,41,476,683,184,104,711,30,41,4,473,725,420,682,276,671,657,497,919,456,827,33,900,432,302,969,146,621,139,94,229,802,64,555,483,166,223,247,36,832,964,388,942,943,897,87,757,533,284,337,886,969,109,64,188,725,268,648,454,219,509,277,866,322,802,904,17,668,661,632,824,275,637,636,604,991,307,892,117,539,250,497,978,681,745,906,803,779,230,307,934,180,280,718,181,933,184,655,209,574,538,540,687,834,221,263,943,427,502,829,712,102,530,399,579,538,335,291,512,844,466,268,274,591,788,245,164,424,317,620,764,41,81,657,308
743,204,186,451,983,983,890,597,413,812,644,452,24,638,73,59,338,686,858,450,120,529,299,870,485,545,760,355,384,946,698,861,790,863,103,877,255,168,177,977,295,849,611,42,676,535,533,375,178,326,519,293,926,676,465,736,765,872,252,374,977,418,680,56,698,438,621,315,265,857,779,540,410,363,541,293,710,24,494,380,232,962,514,68,321,486,293,457,562,836,276,383,551,942,252,573,368,703,331,845,758,71,122,916,901,402,149,749,34,389,261,366,996,645,624,597,486,153,450,724,845,931,67,571,451,43,520,877,420,680,179,923,97,290,911,845,112,558,464,827,302,630,978,393,890,183,445,247,626,883,704,555,339,333,836,575,727,129,208,397,552,797,143,256,364,615,709,781,153,742,849,717,746,368,145,360,297,738,28,170,416,730,745,757,12,929,425,562,240,404,50,937,306,991,422,995,554,963,391,98,879,479,798,302,992,236,117,234,450,65,816,572,496,998,503,466,974,956,603,692,48,649,847,582,55,14,148,790,192,741,221,961,696,589,187,890,630,439,481,693,738,296,374,389,369,784,353,717,64,90,211,862,686,838,768,592,552,555,672,976,865,872,17,441,365,434,409,970,699,972,394,320,824,512,668,870,208,954,743,432,10,240,535,722,197,803,465,712,295,986,466,190,783,449,510,377,405,504,740,361,411,733,251,33,235,528,668,947,500,663,465,501,966,908,938,140,211,162,150,359,323,311,226,171,576,256,742,587,595,483,975,862,493,743,976,765,308,992,532,862,668,579,420,272,647,672,569,383,694,664,628,86,826,75,782,479,433,78,45,568,270,118,980,153,921,391,831,255,298,276,234,429,663,527,177,439,752,353,476,634,15,916,166,881,231,393,791,430,645,84,364,512,521,412,451,678,655,556,328,592
9,23,607,922,775,924,849,882,375,845,956,690,774,770,962,712,35,630,861,638,457,164,562,999,57,939,850,446,84,661,99,805,22,529,574,180,418,490,1,308,81,726,568,741,549,742,944,822,754,425,984,731,666,440,213,114,259,538,797,615,459,564,289,714,437,77,610,475,879,886,220,581,829,25,403,214,696,771,412,923,399,815,175,487,643,931,535,517,692,51,462,245,283,114,370,80,671,411,561,206,776,421,8,983,234,124,189,268,412,990,577,113,645,432,388,23,532,259,632,109,220,335,512,908,260,232,389,599,688,315,447,440,867,369,105,493,821,229,970,217,218,581,225,300,652,644,195,5,212,526,715,408,797,695,852,532,545,291,350,793,224,931,363,293,401,751,678,223,949,654,270,669,414,513,701,242,633,928,229,981,873,9,918,876,286,53,679,833,768,723,946,717,396,313,59,487,176,333,349,1000,385,60,973,521,659,821,128,388,326,906,962,641,33,167,513,629,618,568,390,97,829,851,298,619,832,842,460,344,667,65,18,830,943,412,855,991,111,539,40,569,695,102,716,158,214,484,806,561,307,769,328,842,447,400,163,700,394,152,73,93,312,590,200,868,107,181,622,747,121,764,903,343,930,667,978,838,873,851,365,108,202,389,978,589,235,952,368,845,778,863,972,544,139,383,783,339,196,699,875,915,79,762,19,405,280,549,495,967,929,471,228,980,734,168,372,492,756,273,620,961,662,537,700,584,922,217,627,10,708,321,414,126,21,66,235,172,24,542,212,169,267,544,619,177,639,951,37,899,225,782,119,583,358,156,411,980,218,383,129,866,627,970,407,473,524,33,937,536,514,711,222,346,304,820,708,120,448,738,896,181,714,997,863,289,318,705,139,237,268,711,504,822,389,90,275,455,384,940,322,724
115,859,6,73,434,913,975,992,148,82,554,558,885,433,406,617,84,534,539,616,879,699,823,372,462,895,632,560,147,709,202,332,598,354,748,917,157,879,634,716,769,29,778,102,160,375,645,393,351,995,471,160,285,511,17,87,246,130,784,715,511,869,259,584,596,659,653,706,107,242,792,552,527,938,773,554,248,966,930,510,362,777,989,348,671,244,735,593,532,186,61,884,593,459,260,512,948,90,616,179,338,722,27,893,736,445,641,578,80,800,974,728,603,61,99,558,922,359,513,746,581,692,358,550,434,829,666,483,52,905,890,673,886,977,965,240,928,367,850,211,37,126,559,315,24,90,214,778,416,432,7,160,417,593,505,111,730,688,779,458,394,560,94,189,853,500,732,329,880,558,402,535,606,711,702,544,709,574,236,781,874,249,267,240,83,581,44,410,862,343,644,351,313,504,387,805,112,829,580,842,801,288,822,870,119,638,409,647,738,641,906,121,83,283,832,910,953,258,343,201,102,194,973,672,203,938,15,484,371,844,701,413,799,554,598,532,960,989,805,659,431,443,629,594,210,933,154,450,641,950,496,843,771,420,54,340,576,601,831,921,694,990,549,571,86,188,271,439,552,115,733,696,874,752,346,339,903,387,580,844,740,33,10,803,442,486,102,219,552,655,359,196,70,582,897,655,971,113,363,590,567,47,556,181,27,770,103,755,431,220,320,352,414,773,148,464,863,718,662,135,813,591,747,877,227,624,563,973,361,903,635,51,787,768,498,424,793,993,504,821,182,566,43,514,393,191,671,569,238,485,355,429,736,650,459,739,265,165,941,318,136,553,199,958,244,92,75,480,1000,59,906,163,350,969,63,931,329,917,150,308,92,597,76,653,110,141,716,764,149,846,724,431,989,982,278,798,183,646,176,979
20,273,7,943,8,752,495,714,621,715,328,978,506,96,102,172,461,842,83,34,658,646,258,51,426,886,636,394,554,811,635,507,945,868,584,434,232,109,56,232,151,935,727,488,66,347,172,696,701,569,879,201,111,949,854,337,312,236,629,685,880,683,689,167,612,510,300,676,428,584,671,446,778,333,422,724,261,370,836,968,238,786,219,685,156,725,802,136,703,362,427,732,914,497,60,706,205,598,744,642,822,416,428,254,447,209,482,209,904,491,577,699,16,885,258,211,534,233,998,356,780,878,556,123,968,156,339,482,579,308,971,944,0,823,880,322,117,762,382,645,774,481,127,93,463,669,13,117,634,153,0,215,541,336,34,793,825,113,170,177,812,376,109,734,908,477,295,96,740,99,390,894,725,177,998,421,691,213,848,408,138,645,834,922,290,811,739,836,181,1,23,172,877,44,245,599,302,36,573,107,526,129,281,104,971,613,332,460,938,737,63,336,699,836,76,190,72,505,28,301,46,710,879,698,186,196,997,165,135,452,738,563,215,700,645,441,176,571,72,264,805,12,495,675,971,847,905,932,954,655,228,730,387,419,238,674,189,819,465,131,125,515,986,550,248,749,129,227,422,426,152,711,787,285,452,998,398,634,635,433,26,235,965,899,616,658,432,950,215,23,678,622,949,624,652,231,906,171,893,757,382,297,739,167,548,681,871,475,803,465,187,428,411,55,702,907,94,682,204,640,210,430,478,313,451,912,605,990,454,500,897,294,667,399,36,570,837,470,862,263,737,222,820,386,645,386,725,369,823,728,102,690,1000,355,501,688,557,546,881,7,811,14,218,292,456,94,888,479,110,460,415,358,898,650,320,294,142,828,308,943,335,873,417,585,7,865,458,711,27,666,866,515,447,599,937,18,10,466,821,760
679,856,98,158,614,58,443,845,511,210,840,238,107,881,427,667,856,386,698,356,500,219,491,754,588,401,829,624,491,279,374,85,783,539,878,605,429,84,38,448,136,743,832,851,658,28,344,539,52,660,208,849,986,782,656,352,345,836,895,964,714,646,621,237,499,146,478,284,127,666,140,800,13,731,196,663,739,903,815,444,213,397,903,991,792,745,620,522,634,238,592,831,675,592,247,789,571,421,465,377,925,616,915,826,775,46,79,592,111,897,178,950,540,379,733,491,121,575,610,360,297,689,967,419,617,196,189,282,129,499,146,667,197,745,366,567,578,26,298,159,355,618,954,842,502,741,4,923,886,700,471,128,88,16,314,434,94,1000,923,423,160,653,696,701,442,941,646,780,955,493,512,91,781,529,691,634,558,823,522,970,319,448,300,404,19,662,690,576,334,465,943,833,906,497,890,889,682,881,261,479,978,61,568,333,667,18,418,730,530,777,27,268,500,62,58,16,663,219,809,116,749,53,716,881,804,820,425,17,329,754,176,68,300,582,487,855,237,378,686,548,16,282,21,243,84,978,437,785,692,237,829,834,554,761,573,210,82,846,342,245,245,28,736,482,206,915,105,224,432,855,550,214,149,83,923,676,221,750,105,943,981,986,572,158,141,66,610,530,363,854,628,298,790,698,736,170,261,843,610,695,32,357,562,243,572,194,67,705,730,786,923,681,314,878,458,630,745,501,479,25,609,451,130,224,64,465,493,298,112,877,242,657,228,839,675,88,946,992,662,915,562,772,2,292,502,493,21,697,70,738,954,402,833,255,591,600,926,432,138,707,221,345,56,354,367,552,143,189,179,530,708,215,9,573,33,997,966,818,676,693,233,941,284,254,26,37,400,119,921,74,209,994,593,610,829,14,592,502,124,121
450,270,681,834,733,799,157,836,759,305,193,956,409,522,669,283,451,534,546,991,287,134,424,550,697,22,766,90,133,729,386,686,968,704,243,525,62,98,385,242,823,397,568,921,578,106,868,92,253,576,655,955,676,306,913,958,223,133,854,410,199,580,439,46,850,571,283,7,691,76,336,994,734,496,106,582,377,500,984,452,376,11,676,587,345,112,951,705,255,36,914,397,132,47,386,922,478,990,70,789,139,701,883,788,630,572,89,403,260,96,987,88,538,193,509,863,934,228,187,359,683,511,740,630,351,463,158,259,160,952,586,235,994,792,193,432,132,544,139,903,386,426,456,834,916,21,383,77,575,701,450,726,393,931,576,649,834,758,688,715,71,185,169,241,233,139,875,726,668,540,384,68,782,230,182,290,724,304,171,863,568,483,874,10,45,180,693,61,955,144,892,109,83,44,600,613,917,630,308,402,293,379,685,113,21,944,957,285,562,741,638,315,150,187,364,357,573,694,103,446,952,378,50,47,349,635,891,449,315,642,534,593,673,226,984,210,578,124,85,154,493,503,482,27,819,306,274,262,305,420,114,476,637,538,342,468,629,754,105,994,223,823,389,864,956,490,122,82,657,254,155,785,372,594,255,21,466,445,268,914,956,978,227,220,735,278,681,537,620,721,786,752,373,741,44,807,859,930,62,879,216,226,424,752,813,770,690,336,564,977,918,653,717,304,862,563,966,414,927,294,737,748,983,160,884,814,393,30,494,990,352,370,694,680,88,790,153,517,473,257,217,374,568,23,388,699,935,132,750,89,141,541,933,724,804,257,177,602,134,709,969,687,327,257,132,31,305,774,234,529,154,54,862,31,892,324,890,216,886,786,336,417,779,910,705,0,552,29,401,702,667,568,318,438,343,12,139,818,258,610
441,773,64,207,848,125,978,618,72,438,970,233,660,292,422,97,961,664,112,772,144,441,783,981,38,341,534,973,720,288,795,27,399,730,404,733,893,554,602,410,576,184,707,127,882,406,836,147,454,697,922,601,126,85,579,989,886,130,302,199,778,748,487,40,260,348,116,145,776,180,173,221,417,773,378,181,136,624,186,138,79,558,137,287,400,932,565,657,141,418,591,925,258,98,879,166,505,332,374,87,304,553,705,343,405,883,612,622,487,403,295,314,382,356,408,382,910,896,797,845,749,218,536,694,25,850,813,182,472,185,417,83,82,906,668,721,652,214,366,498,486,819,752,198,895,591,2,817,20,743,649,314,564,817,872,631,985,470,98,873,385,880,114,44,58,142,538,841,390,533,143,388,219,696,175,835,359,740,49,144,122,611,569,13,247,519,796,675,279,93,480,861,854,307,556,284,861,569,729,403,742,782,417,228,34,897,743,653,272,406,877,106,972,499,615,651,266,206,474,76,528,479,740,721,363,986,748,166,356,644,84,208,730,392,481,221,198,944,652,888,2,782,138,774,207,789,364,52,702,585,885,751,187,546,967,751,25,674,788,549,359,356,874,234,826,441,644,682,206,896,114,546,22,911,480,972,97,347,5,516,177,196,629,519,572,568,140,476,878,932,749,16,607,924,955,922,607,761,511,53,998,413,415,186,235,13,419,74,507,478,46,509,818,262,886,179,397,586,594,209,540,344,18,35,639,149,962,463,573,87,345,660,518,476,386,921,809,127,633,167,429,651,176,73,537,4,740,646,693,733,775,143,936,692,897,940,222,955,694,528,330,505,948,412,528,340,131,901,305,378,676,660,23,129,770,209,239,33,561,460,609,171,570,160,849,100,751,390,662,623,495,923,873,991,799,21,887,988,499,101
271,597,789,742,251,878,2,997,175,568,172,108,575,786,410,394,477,586,590,655,878,698,439,638,900,775,623,179,27,618,189,431,164,140,688,642,436,450,386,185,875,446,91,367,937,774,871,188,485,508,424,667,795,407,503,555,551,721,366,969,589,269,798,669,628,315,458,13,979,958,736,485,308,34,271,685,453,627,101,702,403,22,883,755,986,128,413,687,582,516,927,89,29,881,100,863,145,961,812,580,256,417,74,58,306,114,250,962,654,729,257,857,434,468,131,121,517,998,293,241,274,205,652,89,357,176,368,804,7,275,953,629,991,157,484,112,900,876,194,99,367,122,235,175,440,569,15,822,57,658,981,815,598,887,41,313,256,202,687,482,761,103,269,404,499,316,339,221,543,209,701,670,930,394,502,782,955,776,417,527,259,735,286,386,378,118,134,745,347,118,666,673,881,85,413,23,896,119,745,127,795,140,0,756,229,542,7,843,698,901,644,170,801,131,855,192,571,489,299,406,200,19,45,875,359,537,443,561,419,937,281,7,977,695,276,0,777,750,490,914,451,890,813,955,2,328,993,565,397,71,735,422,454,715,743,123,486,852,906,288,269,412,878,232,190,657,77,822,458,719,715,860,530,153,269,482,214,115,431,728,126,645,881,839,748,632,516,124,351,179,980,518,695,169,577,639,432,199,556,484,348,476,927,374,31,944,528,302,3,341,396,992,845,765,292,279,174,218,211,807,61,97,399,923,221,311,253,68,10,688,102,507,932,431,569,224,445,330,556,851,555,170,34,376,691,454,887,294,55,142,494,396,933,408,628,232,271,595,384,692,207,57,635,603,664,375,158,787,820,204,5,249,369,947,433,786,222,952,871,958,675,520,119,731,548,976,531,798,138,328,206,548,127,678,435,246,857,660,649,562
637,678,642,870,288,578,611,280,353,404,240,962,524,495,167,42,327,990,542,7,569,541,152,762,278,58,257,131,743,266,268,636,306,11,615,588,266,336,564,829,34,755,882,789,467,763,903,277,917,270,170,960,907,927,528,323,220,473,902,88,851,129,239,219,164,120,78,975,370,476,54,574,665,938,935,721,175,993,981,299,809,162,137,820,471,327,837,903,253,869,710,497,744,495,970,447,590,753,713,608,240,460,137,608,421,865,134,499,936,572,903,283,797,653,811,236,226,216,104,387,704,789,984,670,117,49,899,226,607,601,441,170,330,417,91,314,291,826,863,383,338,747,218,888,55,282,659,555,739,660,912,236,683,786,891,407,454,429,923,430,391,880,625,89,891,391,48,939,454,717,790,305,193,444,71,464,515,711,268,918,292,13,124,861,769,14,472,304,961,450,135,68,101,512,701,967,205,372,3,967,257,326,346,630,132,730,901,938,988,687,735,935,739,776,240,997,3,224,725,368,751,971,945,738,407,469,703,928,576,414,982,278,502,177,293,870,790,979,209,407,663,754,207,748,527,961,584,593,860,951,970,841,271,673,590,659,419,292,944,531,1,408,341,472,908,192,175,697,386,753,0,572,177,523,988,581,642,655,585,550,462,255,25,938,198,417,769,957,785,321,584,890,580,855,646,127,637,648,54,49,774,908,941,970,781,501,24,685,974,314,40,537,426,77,927,632,796,93,721,929,222,966,760,363,371,729,126,236,466,638,131,90,688,101,578,457,748,510,111,32,590,258,890,344,923,530,867,906,35,332,520,761,364,273,541,406,535,76,581,836,67,733,469,84,452,447,127,995,900,343,28,744,221,524,585,93,412,781,376,438,523,829,329,960,323,346,768,919,955,507,404,260,122,468,530,638,61,152,528,833
110,538,643,318,728,112,430,63,455,731,578,344,426,510,614,855,262,863,454,603,824,586,449,127,573,327,762,80,585,231,96,785,601,335,693,952,787,387,656,128,480,358,498,17,91,212,535,658,298,408,682,597,240,10,721,976,252,224,729,99,833,534,311,924,837,721,486,263,674,482,753,727,351,365,851,332,743,71,339,810,330,590,942,703,375,525,641,61,34,721,27,396,342,107,759,387,848,704,58,178,56,737,470,368,729,147,39,921,330,134,282,175,497,775,443,658,997,676,980,980,247,632,873,249,115,298,144,142,139,98,951,231,711,994,573,205,315,302,519,611,808,36,488,149,462,609,171,688,689,921,94,219,195,362,675,30,372,946,372,152,2,526,142,137,457,939,893,663,312,668,226,775,381,811,174,822,754,894,966,470,402,963,168,419,981,242,542,405,17,293,34,494,4,181,618,353,646,987,306,313,441,133,747,304,999,155,108,963,903,490,314,56,252,475,812,694,725,808,85,135,375,549,833,848,640,712,745,464,390,454,868,299,40,930,878,196,901,824,914,461,718,814,147,887,264,594,463,355,117,868,996,55,633,530,599,570,293,421,174,245,559,847,509,630,556,73,586,433,572,984,25,643,311,891,189,378,428,816,630,746,196,823,317,813,889,401,783,994,364,52,700,641,719,364,899,208,974,23,898,289,505,879,929,342,523,442,963,252,900,809,287,812,848,492,230,523,220,911,170,638,475,154,37,590,331,160,161,770,12,366,535,750,185,903,439,666,559,112,724,723,686,387,271,859,608,443,523,827,119,767,526,735,593,214,467,551,590,428,908,840,319,786,105,396,375,55,101,328,620,846,613,988,124,118,564,816,972,269,109,165,139,496,342,889,928,693,858,310,951,980,384,917,729,769,413,854,912,468,588,678
333,330,298,410,944,772,196,611,609,71,191,201,194,929,943,312,720,481,107,834,523,126,145,85,400,411,558,943,109,957,101,394,267,917,134,906,936,449,870,484,623,89,256,630,612,46,768,833,773,610,775,403,425,278,744,959,507,960,891,520,98,743,597,107,756,168,0,876,122,142,152,768,388,318,510,744,146,405,569,137,733,441,361,422,325,294,726,371,26,114,839,585,560,962,857,322,583,927,218,231,262,178,221,560,346,834,254,656,489,896,38,518,911,868,7,85,778,93,905,288,688,664,69,811,418,216,65,754,181,192,551,683,684,288,33,721,67,11,767,284,112,900,125,262,842,489,519,592,80,754,921,483,512,310,129,544,891,797,854,596,702,261,224,773,560,248,300,427,300,177,754,702,821,518,885,836,991,602,708,488,923,842,130,698,793,359,945,901,217,86,110,815,127,778,92,26,679,183,225,395,819,55,702,801,476,447,443,977,355,461,423,585,665,649,716,437,381,709,282,625,118,921,419,79,477,782,219,943,283,551,248,71,121,363,754,557,907,982,373,694,905,395,752,376,624,518,153,78,54,545,933,752,61,700,7,652,460,599,42,640,86,663,651,684,872,517,82,314,928,251,393,481,652,656,539,255,470,114,559,848,124,345,488,370,301,127,227,180,290,748,329,442,697,958,581,323,105,409,636,512,595,829,199,521,774,169,463,935,919,318,557,57,68,477,937,468,265,389,269,914,72,52,154,860,877,132,779,587,536,273,493,974,571,635,225,103,785,328,940,289,958,712,774,787,47,851,240,134,727,379,231,542,27,448,599,781,104,33,203,743,978,723,368,533,228,559,653,429,901,784,788,827,405,434,282,836,393,627,111,916,531,255,661,142,38,442,213,847,740,306,881,308,378,790,647,809,959,273,238,125
867,514,10,436,439,567,367,812,881,253,577,281,291,427,100,29,773,917,671,283,695,862,65,811,506,564,622,870,741,561,965,767,567,988,966,202,677,16,344,919,994,834,528,693,508,443,225,59,736,863,543,7,661,401,627,108,151,999,827,970,161,518,2,318,420,849,879,267,770,707,192,516,499,713,54,211,64,920,8,315,950,721,669,429,563,494,856,466,7,169,452,702,926,670,677,522,582,455,361,680,213,262,128,913,808,994,73,810,978,789,556,788,367,893,517,514,72,349,435,956,517,479,943,123,258,869,683,774,765,763,379,290,50,108,731,895,994,454,260,764,595,234,93,123,126,987,32,760,193,896,97,111,291,423,437,714,264,568,601,490,220,92,48,891,899,340,971,142,364,303,875,779,855,954,140,800,178,118,221,769,63,573,933,884,277,463,411,99,883,667,988,731,244,814,541,656,968,778,380,416,99,743,380,148,917,817,237,163,362,784,508,331,592,876,777,652,423,682,714,591,45,115,839,922,220,905,764,672,462,887,376,931,517,34,918,27,648,998,158,569,148,658,65,595,733,384,449,851,863,141,725,92,271,130,220,760,748,706,665,563,104,543,406,79,901,81,778,96,451,792,694,243,148,864,864,280,121,459,108,351,650,715,523,899,247,791,100,165,681,481,654,125,806,660,282,250,188,653,572,553,410,939,363,57,835,296,573,852,855,70,99,849,264,96,356,501,559,585,687,872,539,696,497,833,623,472,163,593,730,293,207,466,211,43,997,235,339,405,973,529,501,913,157,129,475,843,271,751,758,431,225,6,641,592,25,669,926,597,842,45,40,354,789,573,418,66,688,768,272,644,614,891,397,931,329,688,213,779,841,485,233,440,164,863,224,338,846,247,70,849,378,445,285,376,226,501,791,765,721,764
374,452,144,781,497,77,182,883,783,765,707,542,540,736,605,24,328,553,403,505,91,101,264,396,558,755,694,96,746,260,407,335,854,234,300,887,715,878,787,956,336,116,803,671,903,45,894,47,836,830,92,10,604,934,763,750,95,977,807,175,606,197,865,321,138,404,337,270,608,248,227,925,233,478,554,100,270,597,473,473,455,740,492,537,70,793,317,273,34,256,600,787,483,256,657,947,597,645,776,574,381,420,126,236,706,363,555,743,188,586,10,915,941,774,19,852,239,442,116,844,138,271,58,299,770,509,742,576,108,599,658,952,138,916,422,277,906,859,641,154,739,601,386,64,650,416,276,373,199,743,132,417,970,541,34,607,31,375,298,775,267,232,817,952,936,850,31,175,627,430,96,270,575,868,35,859,148,540,949,624,200,204,182,307,416,173,503,1,228,822,583,336,125,282,739,534,268,220,655,217,957,812,183,66,251,855,306,941,499,183,385,630,369,669,629,425,812,947,624,411,259,329,25,700,85,49,443,405,990,982,507,178,849,72,91,235,284,472,550,713,851,559,571,851,168,101,352,882,208,446,833,408,337,438,184,140,361,833,701,333,37,936,858,655,487,239,401,215,864,913,265,53,414,794,657,503,753,49,736,326,284,945,860,55,997,899,513,623,469,668,842,276,169,272,860,464,720,188,451,812,993,246,437,324,323,267,713,147,241,75,502,655,774,803,285,607,448,744,106,933,137,825,115,922,117,662,79,479,479,84,986,580,387,103,256,49,973,230,176,489,495,63,416,445,211,657,109,218,235,810,848,375,951,918,497,55,339,107,883,579,312,894,402,327,831,572,726,317,162,625,302,745,726,104,305,12,334,291,212,134,485,456,538,515,420,904,530,637,518,975,423,696,161,197,466,513,634,487,490,675
723,12,15,585,400,967,318,299,779,426,324,735,321,986,486,887,45,330,457,625,907,233,776,99,892,234,311,473,244,844,285,279,259,599,950,193,105,221,425,821,674,354,304,902,209,621,131,651,529,963,590,777,290,700,680,634,538,737,291,379,438,626,794,647,908,756,37,171,968,69,391,19,156,515,271,591,467,620,916,113,818,97,714,692,174,226,773,271,151,485,214,708,996,743,190,797,916,906,793,226,613,553,442,643,243,935,430,193,154,423,235,350,70,696,203,467,822,562,359,734,249,357,147,66,646,770,987,997,934,433,845,6,261,333,426,774,388,659,780,231,871,235,312,546,757,490,416,96,24,524,615,309,230,301,758,236,798,960,600,583,554,140,676,72,252,739,822,333,150,316,538,899,84,708,907,744,303,110,287,327,413,610,972,950,984,356,1,736,252,642,952,226,380,167,710,367,57,164,928,579,989,19,889,929,953,603,248,198,821,35,522,575,40,498,901,10,241,897,535,512,689,453,135,610,315,0,548,110,212,355,276,681,607,863,797,649,262,204,703,156,905,155,325,240,455,260,85,407,7,496,128,135,828,496,644,620,807,573,805,348,515,955,123,810,889,30,183,747,733,365,201,344,244,482,680,497,626,33,23,961,641,598,204,560,441,846,249,284,171,932,886,669,308,929,344,43,261,520,484,816,120,550,220,389,751,867,533,337,237,421,343,405,507,246,199,560,911,283,573,723,965,494,446,375,977,509,517,98,883,231,695,429,475,38,503,942,342,652,51,293,501,654,360,473,499,688,446,827,461,424,74,305,755,947,154,129,575,849,739,368,557,163,855,997,707,647,891,218,895,415,313,330,886,605,877,210,691,89,737,610,342,422,228,712,243,161,793,585,891,504,946,162,2,127,612,6,625,286,331,337
956,249,970,754,44,217,409,544,665,420,727,442,997,915,251,699,463,809,14,472,720,105,815,509,750,909,622,541,553,758,659,981,417,31,637,778,291,206,893,667,338,696,643,945,944,28,943,463,866,662,270,916,894,300,353,94,208,594,324,569,337,667,579,682,493,186,152,704,480,583,424,633,685,702,475,673,404,297,986,306,389,959,709,335,608,130,474,65,517,49,706,344,697,415,981,558,226,245,771,108,62,320,323,928,825,361,798,70,944,795,149,663,272,65,523,840,349,512,206,141,98,740,173,391,778,552,432,454,312,819,915,373,621,66,343,645,212,636,362,809,596,447,550,605,609,175,215,895,53,979,600,834,353,788,511,590,792,959,631,285,637,743,179,723,975,690,425,77,698,164,570,532,340,977,544,252,519,386,737,373,503,551,432,30,44,615,489,211,298,247,424,992,567,15,45,664,929,753,545,305,715,71,443,460,6,659,774,269,214,775,571,281,127,867,561,748,704,212,562,37,579,355,889,886,424,935,380,562,397,755,613,481,918,292,902,219,594,481,41,979,813,26,587,801,247,644,44,19,656,952,195,992,123,688,415,64,0,148,438,270,909,266,846,138,392,866,19,731,934,13,284,125,327,866,780,368,815,480,562,325,783,609,887,539,459,3,201,818,73,778,12,607,560,825,28,545,749,505,764,589,787,453,398,563,422,14,172,626,552,0,892,161,432,266,61,517,60,64,168,3,185,36,163,563,611,139,11,643,523,455,844,527,786,770,400,109,2,76,98,325,402,483,396,140,59,921,448,227,198,2,212,694,185,202,877,647,764,473,460,230,147,393,863,872,286,369,137,994,957,690,102,885,618,359,143,951,259,67,100,736,666,248,774,483,787,105,960,9,692,860,779,599,963,855,122,272,861,455,397,489
274,544,138,799,375,33,724,910,952,964,982,785,372,301,658,56,262,505,246,601,649,735,180,920,524,900,822,385,679,559,933,29,774,909,827,267,758,920,154,937,114,149,882,724,642,526,60,409,367,719,707,91,185,21,724,388,632,600,144,504,693,346,807,735,283,209,747,532,717,111,726,777,863,179,116,163,849,222,815,569,409,538,435,109,334,471,320,644,102,994,555,420,535,238,960,547,168,577,157,390,745,269,801,784,886,211,289,536,118,850,493,289,283,366,152,450,40,730,125,728,478,479,933,703,644,864,77,169,297,0,437,715,323,166,823,773,112,481,172,635,276,570,515,308,961,286,836,691,819,663,771,139,97,33,600,719,649,52,284,891,916,351,739,278,593,144,515,434,383,212,884,273,680,311,402,763,872,14,136,991,352,245,59,307,187,252,360,139,377,983,743,201,500,940,119,577,245,338,256,800,414,884,617,668,599,224,363,622,417,638,300,222,381,602,267,166,254,527,872,205,949,851,775,977,688,210,876,451,392,110,504,209,443,298,920,778,881,298,284,725,82,153,586,288,642,162,780,220,517,938,828,414,672,73,498,65,296,746,153,966,395,947,343,408,859,684,576,574,341,695,681,631,660,480,828,314,461,757,817,558,699,396,354,30,127,740,882,248,978,718,455,848,467,170,42,158,654,788,213,245,662,664,822,119,45,631,317,847,540,949,58,585,687,264,389,905,501,28,806,122,310,565,267,645,924,466,106,778,478,670,845,428,896,250,984,118,381,562,4,293,975,721,443,701,330,870,491,432,206,726,723,522,762,662,735,365,659,580,719,787,592,239,485,25,504,115,333,135,769,345,355,746,692,212,273,726,856,388,160,195,45,469,411,793,914,883,43,616,393,271,832,464,171,421,165,575,373,656,259,328
716,791,658,369,669,313,314,462,415,324,466,125,318,470,95,864,164,520,634,386,324,782,934,355,142,768,151,482,989,587,307,747,56,371,928,916,203,485,635,514,155,340,776,584,313,170,14,560,349,457,952,262,945,454,876,682,451,755,677,882,178,598,997,114,69,348,128,437,154,509,727,741,661,127,454,450,838,229,456,263,557,211,430,835,789,363,623,152,932,476,751,363,311,765,638,51,861,463,587,414,304,629,755,106,397,927,334,397,486,897,966,519,505,630,263,524,163,81,303,635,615,397,755,613,545,30,597,627,631,148,343,756,108,678,983,292,459,830,95,376,177,761,466,738,414,994,250,191,887,467,413,928,117,127,339,782,208,64,167,595,539,324,0,673,670,477,122,432,692,379,786,558,217,581,487,116,826,913,347,517,820,1000,38,960,244,945,936,363,554,718,665,448,467,226,998,979,729,765,388,121,763,419,149,207,819,925,110,791,803,266,333,226,459,2,830,905,861,531,646,900,107,769,196,59,139,321,919,637,713,153,206,137,655,313,673,749,791,582,535,320,212,530,892,789,245,343,807,410,124,353,111,726,792,708,503,693,947,267,382,468,228,703,48,171,901,565,522,130,526,729,735,517,165,517,933,177,424,933,534,200,181,641,267,456,993,668,620,903,100,860,653,640,79,484,236,873,445,415,718,42,716,344,172,643,857,341,135,46,290,861,204,503,823,702,161,5,12,120,48,259,185,308,453,28,614,630,679,940,287,505,236,804,5,901,365,376,2,286,245,340,19,501,22,510,186,528,808,69,640,496,853,264,625,260,428,629,335,240,902,163,611,58,267,869,357,723,584,594,58,419,295,500,857,377,70,461,334,978,830,683,531,563,707,413,654,124,103,917,536,221,386,551,69,938,556,562,865,728,67,20
860,867,830,386,675,161,602,272,150,149,699,976,447,200,178,435,370,297,89,139,950,440,743,576,224,816,357,46,931,313,819,92,33,314,99,992,982,54,415,818,367,863,296,770,170,658,558,562,459,466,407,631,650,812,916,490,984,838,280,336,243,391,896,745,93,411,899,934,587,567,8,626,204,31,636,86,521,570,734,452,961,509,154,168,705,797,351,143,411,623,45,158,6,922,316,838,591,541,45,258,83,888,451,387,655,828,155,460,192,874,846,706,752,755,409,198,231,737,700,496,204,21,548,567,923,798,496,247,734,911,174,194,980,420,603,278,253,697,292,568,565,974,433,846,810,490,283,198,301,517,727,792,924,174,572,403,555,39,20,151,654,450,960,508,175,331,710,155,425,504,688,47,162,423,37,899,772,385,872,122,528,384,432,881,728,630,480,259,764,497,918,270,279,89,629,95,653,574,70,707,64,353,700,832,17,841,788,778,350,842,717,512,841,431,616,45,472,444,870,519,997,513,294,973,656,687,498,307,724,682,852,116,491,740,345,277,836,705,651,484,715,603,812,851,817,577,140,450,456,212,243,748,69,341,696,524,981,699,476,228,846,158,529,340,218,581,879,294,599,407,814,377,13,558,430,570,519,698,642,123,613,47,665,311,26,757,172,451,828,119,484,674,37,174,284,134,889,608,184,509,645,925,59,77,20,406,153,593,568,148,25,717,488,51,167,319,656,559,330,536,502,465,113,567,486,771,392,732,308,177,757,833,935,335,190,91,213,630,434,215,195,534,861,720,758,820,208,484,506,961,253,438,342,580,62,701,864,426,763,166,662,247,466,442,976,432,356,755,589,488,51,450,13,416,562,584,169,371,138,334,482,301,873,431,641,721,413,242,124,806,726,757,420,775,377,301,279,274,679,80
774,679,833,468,208,17,766,262,690,648,231,783,982,861,507,578,875,114,375,905,99,157,336,556,558,566,131,927,984,139,620,740,561,639,64,354,895,357,573,313,776,747,145,356,921,258,600,864,318,418,525,719,796,993,342,764,680,480,664,796,399,369,896,659,988,467,649,942,672,495,594,494,210,462,859,980,153,348,443,987,330,260,704,89,45,900,83,619,182,408,629,738,811,134,279,341,416,380,765,810,545,527,503,568,392,669,97,347,769,820,517,328,723,653,942,279,463,60,379,39,728,756,852,524,874,399,851,942,137,692,279,888,692,178,979,821,631,630,215,864,997,950,472,139,524,867,323,995,186,10,959,440,596,94,20,963,239,624,663,555,903,621,941,198,967,516,836,322,44,927,563,479,445,875,684,839,936,304,901,758,302,598,655,106,679,432,322,23,321,998,216,995,119,236,138,647,887,4,881,911,696,764,385,425,700,808,582,410,599,228,550,612,743,676,73,982,24,631,311,968,688,627,435,115,887,842,536,342,452,656,582,826,432,525,268,540,749,985,678,712,755,960,816,769,630,975,156,430,159,410,231,549,304,546,908,697,630,587,140,267,422,412,837,690,823,699,910,639,901,700,214,511,790,408,678,330,351,21,213,717,176,0,183,33,578,105,341,745,314,703,674,146,466,130,525,336,995,966,141,953,840,564,817,988,887,667,796,203,624,348,771,838,1,472,811,721,442,576,319,307,102,588,54,983,54,285,84,661,787,886,617,125,27,8,0,412,841,281,956,515,412,994,604,221,407,38,273,614,368,98,529,269,638,13,481,683,654,769,981,259,92,706,526,805,699,300,484,853,221,503,553,490,898,773,180,661,566,45,503,768,13,213,774,925,498,718,819,512,338,329,14,321,32,148,171,542,95,466,451,709
695,164,821,300,5,102,691,701,527,672,292,30,343,792,713,724,936,987,833,767,127,566,510,52,61,977,298,562,694,279,5,184,910,913,550,124,417,877,446,566,880,251,196,394,520,812,491,302,735,336,731,239,658,854,417,186,423,113,313,940,530,33,971,899,718,629,610,112,829,114,516,203,170,537,172,842,650,125,150,856,820,741,249,488,171,11,959,236,911,439,542,477,278,453,257,49,5,983,362,935,342,463,15,41,768,856,775,667,332,58,725,160,397,740,477,178,313,243,788,682,331,341,984,28,91,203,916,292,699,536,882,924,715,990,261,118,86,349,231,344,956,823,277,512,972,462,539,427,83,272,135,756,609,965,97,619,540,786,878,608,606,934,75,735,438,502,689,203,130,90,869,966,899,843,339,946,332,330,463,490,853,904,920,177,850,373,457,918,328,753,54,145,154,725,951,488,98,773,280,603,597,579,619,255,79,991,224,367,163,804,361,77,845,193,473,179,303,134,999,753,986,649,854,53,842,502,961,298,348,689,958,1,936,293,551,651,549,751,5,215,96,818,906,75,484,317,363,569,526,511,92,642,47,724,230,122,196,504,710,695,590,160,441,260,652,843,609,894,705,845,482,233,528,124,935,367,800,250,651,671,814,728,436,945,259,35,367,386,233,936,242,388,171,126,352,261,868,728,803,37,144,934,900,470,268,269,806,734,106,492,474,282,537,966,639,402,647,771,522,895,706,181,394,413,349,442,471,664,871,410,903,995,224,646,934,590,769,775,186,833,1,894,419,52,724,869,718,741,438,932,53,910,4,99,753,890,250,504,419,30,794,873,463,317,543,359,112,339,848,979,557,303,75,325,801,924,428,678,617,823,862,842,322,245,343,141,947,524,984,497,102,291,699,204,670,855,710,897,308,522
426,834,549,532,661,729,525,163,564,945,240,798,325,246,743,574,8,706,529,175,178,91,84,351,425,483,772,127,627,257,141,70,366,618,501,176,7,838,351,498,365,874,400,246,627,104,411,307,993,252,566,429,288,371,642,631,466,961,835,18,144,547,697,596,323,417,227,199,345,223,727,903,956,751,390,954,572,220,410,639,905,984,958,81,967,814,375,957,471,334,301,790,580,360,446,950,45,738,221,516,785,753,543,785,25,57,554,446,607,684,295,382,566,901,568,290,740,479,266,684,640,754,293,576,825,86,996,651,272,68,502,597,994,842,697,947,991,262,158,783,318,728,559,464,205,861,495,580,289,496,616,95,321,845,660,946,846,775,653,301,226,283,180,852,436,959,125,610,13,81,950,784,651,810,361,695,823,995,923,501,162,762,211,794,631,3,391,804,332,878,979,978,329,616,901,695,804,255,612,664,907,188,169,756,69,641,485,454,646,392,823,535,247,983,107,70,208,170,10,549,555,212,178,586,475,948,798,51,623,803,191,277,749,743,721,212,936,244,747,863,22,192,142,96,366,425,757,71,215,571,862,250,296,956,605,457,453,789,77,294,685,348,196,453,543,765,582,339,838,288,886,806,275,469,45,138,366,195,511,78,133,866,457,463,78,545,27,343,468,410,395,851,116,7,657,983,638,538,384,978,170,673,661,988,530,981,72,379,989,1000,875,742,756,76,826,4,417,20,848,972,355,89,982,112,609,635,560,166,594,383,947,157,359,74,247,61,779,749,676,946,286,12,879,778,744,709,590,832,83,929,423,401,239,374,677,269,852,997,702,290,40,573,641,255,71,809,661,954,490,537,611,571,693,267,235,170,97,151,594,690,45,395,468,498,189,497,75,311,496,989,990,278,601,770,834,657,155,974,24,193
182,455,69,441,31,221,986,579,751,512,287,231,598,47,779,780,404,446,890,593,14,200,822,21,388,520,457,94,989,527,278,474,763,211,186,963,839,811,493,841,795,824,514,931,971,763,3,537,335,175,972,707,4,681,832,584,248,625,863,742,494,485,174,842,120,753,319,38,127,637,722,426,51,846,801,278,446,141,65,872,388,326,175,700,415,578,363,757,127,677,768,111,208,481,963,887,119,672,142,641,405,131,459,756,652,660,512,423,420,872,531,311,705,675,251,896,636,306,53,358,130,248,180,804,252,628,463,667,399,916,707,67,504,150,556,649,152,645,487,948,380,124,322,576,163,768,84,737,679,491,606,289,159,165,219,473,486,220,294,943,358,959,185,505,139,558,940,195,34,264,112,595,512,571,793,109,422,232,416,31,954,353,220,905,197,210,91,206,253,299,818,869,752,289,981,37,567,119,876,550,643,632,569,85,788,551,693,782,771,796,512,480,919,70,186,361,11,862,975,722,833,753,187,599,281,469,976,583,751,795,124,701,780,490,140,368,139,104,940,475,81,79,708,81,839,320,970,58,842,787,314,597,420,531,541,880,516,319,794,795,203,873,200,498,682,16,142,677,255,588,432,794,203,18,668,383,597,541,970,914,513,619,463,606,6,808,671,162,707,421,613,768,844,485,492,97,898,527,847,867,307,240,676,160,860,420,964,875,216,88,153,276,71,817,348,50,931,172,308,857,626,841,869,852,82,929,681,599,347,399,927,952,663,621,686,239,639,725,808,901,734,100,212,566,206,130,173,545,499,804,511,893,122,639,961,598,578,671,297,375,599,8,73,995,403,178,684,490,68,945,725,490,790,502,6,573,590,543,261,865,540,56,497,866,525,915,203,765,913,670,825,690,230,743,9,622,400,629,637,119
112,126,61,25,522,981,855,687,260,27,78,812,130,141,262,379,157,832,424,523,617,437,125,806,480,173,78,236,606,111,232,265,619,811,55,83,937,816,811,856,256,499,299,145,770,139,93,177,143,548,488,87,794,509,544,999,620,618,22,216,903,202,664,354,738,522,586,18,667,808,113,518,452,235,988,27,946,241,289,778,336,325,570,960,389,950,362,591,758,946,995,919,158,794,484,158,5,929,448,696,62,103,408,255,431,933,618,448,99,134,777,962,834,595,584,32,478,533,174,89,798,959,674,955,804,98,284,39,920,23,812,744,516,211,239,979,912,882,681,142,199,916,538,538,267,616,14,766,760,721,383,864,975,788,159,183,195,437,992,214,480,421,931,811,229,454,761,684,386,544,880,476,950,462,317,837,379,989,53,679,166,583,605,657,564,318,449,83,180,919,692,477,145,128,81,970,965,321,461,423,733,406,294,485,101,87,267,93,926,528,921,834,513,134,567,978,306,504,563,56,689,719,889,772,467,180,168,641,449,255,844,407,201,782,726,994,300,624,366,581,354,814,431,181,266,979,91,37,597,461,539,582,538,37,528,466,866,492,17,799,593,938,140,438,968,635,150,434,165,742,28,807,778,608,279,406,226,652,820,186,614,270,26,849,378,686,325,454,383,405,280,130,442,760,292,858,604,15,741,930,53,798,367,8,265,685,331,327,942,526,257,159,434,495,570,113,897,36,858,291,427,987,626,575,582,636,880,936,538,22,841,880,351,589,783,350,863,569,343,884,81,839,267,97,782,961,139,927,481,659,629,899,344,335,46,608,400,904,171,810,392,10,70,307,568,540,915,687,716,904,658,673,606,401,681,493,851,48,478,925,2,314,534,815,976,242,604,582,130,797,38,82,758,436,826,524,507,519,654,86
51,393,267,42,808,506,622,1000,839,889,805,925,663,390,596,605,881,318,509,592,239,238,97,997,282,751,189,30,672,628,950,597,718,202,98,566,872,266,846,796,437,339,275,73,838,531,334,656,859,137,478,145,751,775,388,734,838,434,737,647,862,306,555,228,298,415,254,863,289,317,307,170,766,279,730,214,667,272,827,490,867,523,642,183,841,199,41,117,333,59,507,278,769,666,517,36,799,3,745,231,151,689,298,278,370,374,514,680,139,207,488,472,497,763,510,346,793,391,268,955,672,736,106,526,687,992,250,640,162,653,387,40,566,425,389,61,245,591,406,373,206,357,468,500,437,431,142,852,919,650,480,124,983,596,297,31,807,260,355,919,666,961,939,878,414,629,265,588,186,210,28,558,261,932,917,497,322,362,522,6,122,874,528,997,848,58,937,915,653,724,562,337,653,222,492,80,912,662,659,676,455,447,381,192,124,297,425,887,697,721,83,462,943,610,746,139,932,248,360,557,183,865,986,957,486,730,267,888,781,528,789,231,967,183,333,959,357,411,266,18,396,352,247,212,28,0,356,763,185,703,127,909,827,411,425,171,413,903,259,620,359,850,40,263,557,959,329,766,656,145,967,811,726,465,304,600,742,623,131,902,358,676,341,512,742,307,445,436,89,610,393,537,608,588,480,376,728,928,67,231,667,122,493,274,880,728,337,272,186,389,319,786,621,697,66,348,978,614,639,269,644,85,648,340,120,564,139,807,322,233,873,151,336,494,741,374,86,544,626,492,385,243,23,966,484,199,564,129,115,925,717,387,419,499,763,940,54,607,274,3,589,415,377,924,158,824,617,223,437,875,299,646,119,977,577,736,104,69,284,341,868,515,290,288,874,964,344,550,72,69,570,348,63,184,783,558,468,228,603,476
725,629,337,355,89,896,833,653,628,375,196,691,523,866,249,445,504,877,153,26,836,788,724,433,33,626,401,377,388,307,418,713,14,759,365,670,601,604,913,140,973,560,259,165,470,635,377,864,359,248,992,768,20,978,888,990,606,318,180,887,425,524,350,651,887,677,642,620,238,792,568,388,570,255,148,410,407,186,939,582,964,687,277,740,667,57,596,366,800,495,174,37,39,427,239,130,789,106,417,589,244,30,867,487,733,323,515,443,999,356,854,256,916,345,146,861,796,19,298,634,160,631,541,476,170,973,728,77,350,251,837,104,481,882,179,548,694,851,644,534,395,702,255,715,744,407,436,438,537,577,75,906,910,619,119,931,893,574,439,336,284,450,836,257,762,339,878,324,688,715,850,770,771,369,852,519,215,429,376,926,153,696,618,660,230,467,567,840,722,23,81,864,863,660,266,197,912,788,354,412,737,591,892,858,349,802,755,248,332,402,198,155,923,307,517,916,718,152,123,994,87,202,857,803,257,334,43,712,506,525,530,574,780,156,741,77,96,324,667,906,364,521,1000,71,651,270,292,479,681,20,747,579,360,603,245,363,533,634,894,510,667,123,504,935,784,569,882,986,799,691,458,76,736,68,63,855,813,606,913,825,670,909,135,53,759,738,245,909,623,52,244,82,229,785,869,673,922,245,385,375,222,638,181,954,388,111,152,521,16,266,765,679,539,426,343,991,484,58,6,647,716,664,629,800,55,837,284,719,835,281,562,803,150,583,952,178,537,589,367,159,693,0,863,49,92,410,417,309,974,428,892,465,775,903,189,478,206,374,914,142,605,98,297,160,585,574,250,244,764,587,938,279,776,249,306,330,276,46,74,763,782,46,482,53,707,231,465,748,725,22,0,545,397,875,787,984,953,771,921,176
223,904,452,689,214,596,313,629,716,708,140,352,648,563,241,252,504,937,951,529,509,703,69,686,485,90,575,71,637,129,792,623,338,319,834,62,371,63,539,735,832,124,937,359,35,137,571,295,18,300,652,46,763,4,457,995,246,841,86,774,111,369,445,785,916,884,20,52,908,8,838,589,194,174,133,383,383,838,814,69,620,697,409,293,473,512,849,490,224,926,318,258,302,5,137,825,25,6,316,547,976,657,466,887,745,315,280,868,599,960,504,31,853,442,768,470,157,663,119,132,963,636,381,448,883,598,283,584,447,52,877,984,789,764,536,486,524,267,56,402,347,819,57,574,986,682,444,651,672,449,32,235,738,382,765,686,493,602,971,604,505,773,375,346,483,826,913,642,831,528,122,751,110,555,600,657,825,882,901,352,241,416,19,806,650,845,108,335,54,430,49,249,868,983,442,881,542,574,257,993,654,807,862,471,645,651,965,144,695,877,525,879,44,89,971,338,745,56,383,641,43,358,845,100,401,200,767,132,217,18,282,634,541,208,484,822,845,813,59,846,896,754,817,722,372,663,284,608,153,416,898,368,246,901,680,533,931,340,69,551,451,223,809,536,85,258,807,904,954,417,294,674,89,734,884,19,328,853,688,508,154,799,68,580,348,230,616,618,135,170,206,923,272,168,290,683,879,652,324,358,963,436,508,228,90,33,809,829,301,98,989,656,375,703,747,592,29,597,17,414,530,882,946,817,891,177,559,977,637,507,982,602,361,336,600,545,244,684,642,947,625,860,914,393,68,184,308,950,466,639,9,487,626,598,662,855,176,209,262,137,840,658,965,964,58,187,74,795,380,659,36,924,717,303,731,715,873,891,951,835,566,525,358,404,672,146,926,665,489,95,212,203,1000,585,353,674,296,290,216,429
801,881,670,148,531,970,839,130,418,544,219,366,215,794,750,708,92,494,153,235,577,15,68,342,755,566,985,291,960,571,868,864,752,402,557,82,535,158,881,809,20,911,64,146,466,43,305,938,280,603,612,834,872,923,34,624,169,936,563,876,247,572,27,88,331,459,911,147,376,723,550,38,676,99,368,291,900,151,976,315,413,269,223,802,674,35,566,380,243,763,830,61,76,179,165,366,465,298,394,647,820,566,913,774,261,251,816,645,849,445,812,47,170,640,405,214,170,435,462,870,846,600,802,952,747,656,303,379,32,160,799,648,747,464,935,895,577,147,7,423,529,472,626,380,291,810,245,932,97,940,583,599,680,757,57,193,818,289,821,412,672,895,379,339,35,573,652,205,192,809,937,83,635,367,555,68,140,715,225,984,281,348,474,346,62,112,415,177,316,720,196,333,970,998,218,838,729,459,239,932,74,601,556,846,524,496,949,554,832,961,3,458,306,244,943,881,941,551,420,531,22,256,349,292,694,670,557,169,548,850,550,42,964,765,12,667,807,512,129,231,900,65,669,513,195,763,474,540,132,687,964,519,363,333,638,621,572,969,809,775,766,713,781,739,608,176,602,634,866,219,146,798,18,7,128,176,588,427,771,410,455,376,299,621,661,545,709,171,893,835,434,235,83,373,700,853,342,562,68,624,975,22,428,323,700,969,599,303,126,218,456,195,920,1,155,811,814,375,214,70,780,928,764,30,927,879,234,155,734,424,659,660,451,364,557,363,738,174,132,417,877,263,448,812,722,916,312,125,656,332,363,694,606,491,218,196,599,909,404,940,710,619,433,520,479,472,134,559,137,936,766,705,487,902,654,792,725,710,781,483,582,218,568,431,562,109,154,868,369,707,873,703,612,578,457,639,43,565,436,185
576,632,332,571,568,500,729,92,347,977,354,956,72,924,158,329,334,989,285,720,339,864,707,514,514,865,997,368,464,664,397,955,604,924,833,372,392,290,346,763,962,420,435,739,390,208,316,50,735,255,754,179,320,818,422,574,144,922,923,908,502,510,769,147,955,998,776,270,108,386,546,346,343,771,277,368,491,450,732,486,719,134,189,31,997,659,623,471,992,355,211,85,90,423,314,698,495,153,550,402,176,131,857,372,786,55,451,262,621,133,284,351,413,67,489,38,405,834,696,355,40,660,201,434,921,886,947,174,54,738,407,304,246,622,665,507,613,921,95,401,269,304,571,227,516,259,894,495,493,726,118,441,970,623,50,726,273,272,461,104,296,705,378,10,527,296,173,951,384,331,670,887,797,517,171,771,64,270,65,984,693,319,790,719,558,349,263,680,505,360,569,330,442,984,580,627,939,998,70,631,503,415,142,609,893,601,378,429,993,120,779,306,122,84,864,568,197,214,260,744,803,983,709,574,884,117,141,833,845,348,305,793,385,687,559,203,833,326,546,144,792,166,367,30,969,777,843,879,325,256,384,511,208,462,662,502,769,609,675,760,196,126,700,777,142,240,100,584,636,853,544,495,885,900,514,672,982,84,894,17,151,61,387,365,389,574,399,970,184,218,678,307,478,170,591,322,417,701,670,716,43,453,117,324,933,873,834,4,996,418,662,934,175,913,94,430,407,291,912,128,438,37,154,205,186,338,49,881,84,264,799,229,85,844,471,470,803,918,919,826,134,903,407,437,615,262,616,702,917,848,115,608,679,597,445,259,704,710,123,984,498,408,539,480,51,762,347,831,372,23,424,874,569,926,766,273,660,678,804,60,285,615,305,833,513,170,167,688,49,953,179,282,924,467,173,297,556,187,702,296
839,942,292,391,158,813,627,53,844,96,964,660,729,386,575,85,86,849,393,957,721,110,942,355,544,556,627,815,305,692,224,489,852,611,643,334,419,691,69,68,403,863,242,663,398,105,739,259,353,823,620,2,896,598,791,606,14,45,164,851,310,497,925,251,136,380,433,430,664,673,157,534,965,728,485,931,106,106,279,938,157,832,1000,965,595,648,342,805,710,52,911,498,47,353,55,600,272,935,869,707,371,203,473,641,2,851,159,62,422,293,661,644,916,977,456,243,421,706,805,545,793,746,148,465,44,924,905,252,945,454,201,81,559,605,818,555,856,250,636,498,100,753,445,183,166,887,106,659,984,49,325,162,71,29,127,849,805,208,689,768,530,811,223,129,32,434,898,236,661,235,834,207,291,712,801,951,895,142,345,335,211,820,353,282,386,411,986,105,808,795,392,66,833,135,396,399,71,959,537,5,758,459,216,983,675,297,655,592,129,960,312,263,750,828,667,823,699,183,528,767,629,608,316,26,61,364,700,38,442,715,883,985,770,430,857,632,453,250,148,176,561,646,613,228,205,756,663,66,481,802,292,6,670,246,213,561,258,185,886,352,911,847,572,32,901,266,374,377,628,333,158,423,695,353,66,244,166,460,566,608,187,540,941,80,36,583,78,7,162,110,340,498,954,203,784,664,959,107,635,135,170,283,677,396,163,57,564,20,630,781,672,98,548,706,37,909,959,848,412,28,397,373,92,858,180,943,667,867,40,58,959,772,753,524,128,121,38,660,152,14,911,426,135,289,786,481,255,233,845,645,827,143,303,576,878,542,321,785,560,530,30,972,885,418,859,708,694,517,801,854,674,807,659,950,334,733,450,65,21,505,846,775,729,576,986,902,252,760,397,51,853,100,503,650,341,304,156,829,844,995
126,885,808,847,357,667,952,612,786,823,396,146,469,719,920,387,212,863,581,41,916,266,17,757,643,793,5,930,816,229,312,226,536,477,979,646,369,234,699,655,589,912,162,181,131,894,693,101,904,380,313,983,115,690,600,395,301,874,282,721,424,846,575,979,164,436,456,101,702,104,695,538,273,59,228,287,215,241,43,529,508,208,924,754,384,946,706,794,975,296,184,869,732,827,517,97,876,995,184,70,966,574,637,479,931,995,845,591,259,444,33,20,923,761,252,923,732,149,541,24,85,22,337,135,477,688,566,89,145,917,697,884,753,250,621,333,559,516,261,934,68,18,39,473,873,835,272,959,437,245,423,17,562,64,297,917,398,506,310,492,314,865,429,351,134,804,160,813,727,673,928,315,967,110,150,522,217,226,958,131,912,328,553,947,501,924,530,714,892,990,798,565,612,577,776,820,404,655,973,452,753,589,122,727,566,74,414,234,990,781,611,295,798,322,974,250,440,346,116,289,114,741,38,107,576,348,922,956,750,856,989,564,627,302,994,808,443,41,818,527,698,874,404,800,969,108,194,427,203,881,801,350,344,327,352,137,884,27,582,164,140,366,939,755,243,398,841,526,901,582,201,482,436,136,313,614,513,476,824,762,751,502,328,836,955,786,112,731,403,393,78,19,96,524,427,80,485,989,896,37,951,557,620,820,427,49,938,531,183,226,899,933,184,41,106,792,220,8,999,357,778,169,833,638,641,334,249,442,93,289,15,793,20,462,590,701,688,568,192,950,808,357,63,215,933,759,197,528,810,639,167,5,431,9,17,256,263,100,304,72,269,312,211,687,297,560,607,669,580,79,363,633,317,606,885,762,910,985,408,927,633,893,508,440,482,451,514,76,765,493,332,732,453,742,525,330,886,263,154,34
751,527,439,61,691,369,874,300,878,899,796,628,921,438,197,919,561,617,923,672,698,860,810,519,686,627,40,779,452,281,897,452,126,725,23,244,922,647,696,398,566,870,500,409,504,94,306,145,102,714,254,749,637,752,995,728,880,18,584,464,846,850,657,509,900,41,464,258,168,811,167,275,736,971,104,660,944,993,163,490,888,566,398,59,473,753,908,895,167,261,508,564,597,547,25,254,647,550,978,969,880,985,973,326,88,281,773,861,132,647,394,130,775,324,585,915,330,77,139,297,912,954,337,52,698,252,408,969,158,264,499,977,274,152,438,480,39,188,828,429,353,136,3,317,812,502,880,231,42,31,696,716,811,454,478,666,777,760,38,186,546,404,11,230,112,658,122,790,142,509,568,599,702,337,243,588,503,483,201,733,106,918,325,798,817,884,648,551,618,218,705,615,640,449,148,604,264,257,282,144,514,310,236,735,330,576,931,76,981,271,210,778,64,307,379,158,10,366,3,361,455,594,149,880,888,699,624,570,655,498,350,428,444,48,933,12,340,916,844,475,485,64,580,237,714,588,734,365,787,216,416,361,857,675,458,770,367,611,450,608,846,682,687,14,768,661,711,852,837,665,919,112,791,119,193,818,484,811,618,267,188,667,350,21,9,965,122,883,432,955,310,79,552,529,449,374,823,262,921,561,941,170,689,872,726,886,519,463,844,614,786,144,20,540,303,261,788,909,739,906,677,828,634,922,319,781,318,973,786,472,429,837,273,31,920,824,615,468,912,403,259,92,181,497,830,477,609,628,146,357,293,209,914,128,36,477,689,454,314,321,902,706,438,609,327,596,88,803,922,157,317,410,630,506,859,643,875,376,391,567,828,322,280,425,278,864,108,276,983,949,112,371,37,417,817,218,732,126,66,95
529,112,573,160,985,919,217,686,180,323,52,983,803,325,671,878,227,535,557,48,265,187,186,824,771,864,673,761,320,338,610,378,797,944,204,596,949,203,901,83,94,264,328,572,603,832,818,694,29,2,942,759,729,213,845,2,379,51,656,654,302,590,717,566,238,353,955,378,562,453,828,138,586,558,248,184,107,830,987,944,881,665,646,286,550,366,96,159,664,611,504,337,322,819,939,587,335,137,451,106,181,732,131,772,145,470,327,839,158,157,160,567,132,566,899,90,228,44,736,478,779,41,582,470,101,213,429,219,682,601,608,747,583,216,658,153,932,367,426,452,511,25,286,270,40,624,937,559,392,510,446,202,538,405,348,111,678,279,872,976,536,311,370,69,719,92,615,454,418,45,677,615,765,20,5,930,644,199,723,394,475,758,584,78,532,355,656,566,15,98,70,285,982,767,178,891,870,931,120,852,441,206,444,225,855,434,758,832,538,420,605,687,294,336,803,55,591,784,24,904,174,725,612,433,677,594,334,734,465,565,141,958,94,583,547,938,484,639,114,117,497,404,462,539,205,755,757,758,898,986,492,456,390,613,326,704,363,369,188,316,639,603,297,32,915,409,543,430,365,785,728,804,176,649,505,247,341,866,932,353,359,537,252,945,154,490,210,252,474,850,154,352,83,135,933,615,776,195,447,194,495,90,350,353,516,129,46,75,804,264,515,146,654,979,600,727,124,526,52,742,903,948,5,24,468,173,975,641,58,302,355,265,567,0,185,230,283,2,515,712,618,222,839,295,629,391,752,875,678,650,281,389,522,221,197,474,208,503,38,850,255,578,858,329,677,305,905,564,123,807,333,853,974,226,317,358,476,552,757,327,91,237,11,620,75,766,875,332,108,132,534,643,776,942,221,663,8,869,189,148
874,395,223,884,940,354,368,211,780,830,482,760,234,20,407,579,396,775,968,165,654,472,522,179,672,465,355,470,147,561,478,787,743,369,172,541,893,582,214,457,556,945,995,438,836,347,328,476,680,183,418,33,539,711,315,638,51,199,410,32,37,846,457,757,923,174,812,718,697,909,383,505,297,854,558,424,945,118,923,24,603,3,159,34,567,307,642,694,616,358,575,184,416,366,770,312,682,597,616,24,191,711,17,797,758,994,883,757,47,462,694,368,123,574,292,768,778,630,954,292,113,531,138,603,876,388,529,46,31,487,524,214,9,772,760,573,902,941,122,947,521,179,923,882,406,646,112,685,51,106,525,745,99,870,824,877,921,304,137,174,950,74,56,233,451,777,949,441,20,251,47,138,411,969,298,20,53,230,713,262,613,588,909,653,18,983,866,453,949,174,111,813,355,357,4,849,425,843,145,686,597,261,323,21,230,238,339,864,855,764,675,251,934,381,141,6,118,295,355,691,568,761,442,560,238,335,658,779,707,884,251,826,161,532,742,471,516,236,199,929,930,947,17,33,636,394,747,99,570,712,893,943,273,998,988,30,327,844,819,629,683,791,835,937,699,306,320,541,367,478,938,856,568,554,389,705,165,15,833,619,848,996,565,928,874,263,168,133,279,753,301,87,326,330,537,1000,57,684,914,143,609,420,66,861,961,386,595,553,591,293,796,78,300,61,592,237,8,728,576,956,250,704,790,734,159,467,796,500,425,321,471,542,56,201,839,382,759,750,281,384,402,661,382,576,357,487,388,42,400,990,81,692,726,916,866,360,237,505,774,784,757,219,650,975,299,989,398,895,702,613,324,611,166,708,504,928,440,631,293,27,386,89,676,139,493,773,245,673,89,738,90,549,847,531,206,18,773,187,262,471
940,37,89,616,230,718,192,482,200,952,8,631,185,436,26,580,863,703,464,722,498,250,160,848,403,471,873,129,738,699,546,12,261,62,939,21,504,419,779,70,261,994,950,275,962,877,484,155,778,673,405,982,801,695,773,730,901,298,823,992,357,918,944,379,574,799,559,363,745,563,591,770,432,567,369,823,207,366,662,497,362,646,637,576,622,892,813,570,491,874,958,514,928,721,44,603,139,162,785,963,282,171,810,866,896,225,606,491,329,983,49,94,867,849,997,899,646,716,174,921,985,541,925,398,962,633,31,298,112,791,814,698,370,236,864,399,309,365,474,40,469,425,282,433,859,293,203,272,737,209,623,795,934,16,666,325,814,361,751,661,785,955,118,618,532,218,41,332,988,981,568,206,563,450,323,262,706,120,58,955,333,8,3,334,383,998,259,491,87,888,702,765,310,231,14,717,164,643,60,925,597,494,450,819,276,151,346,952,234,513,47,963,51,199,12,810,967,977,641,345,138,478,230,127,465,660,557,752,498,718,48,701,100,942,950,111,917,535,747,577,5,753,573,236,994,507,252,646,204,457,253,85,305,284,234,208,664,737,731,767,960,747,893,23,914,922,988,683,410,133,600,591,222,470,554,571,540,586,726,653,411,657,738,327,296,410,227,810,467,1,292,323,441,51,697,929,356,372,356,236,75,256,572,125,530,400,432,426,181,513,784,766,610,785,346,994,741,900,837,443,28,349,66,642,590,87,409,548,315,364,771,492,226,526,348,168,680,718,708,620,299,863,879,251,459,106,547,359,723,290,31,501,603,789,911,156,65,922,35,750,894,865,701,17,902,326,396,216,594,534,579,89,445,109,2,57,805,170,954,959,430,451,538,430,688,98,141,341,65,792,187,101,176,727,883,150,262,345,851,871
178,644,197,782,934,277,585,986,510,813,81,502,446,752,681,975,808,353,751,691,521,281,833,743,475,219,421,217,984,30,106,946,284,151,560,413,608,953,139,316,270,85,789,575,258,622,163,433,236,592,604,665,796,31,808,522,880,341,400,992,276,229,873,687,419,242,662,227,507,762,584,785,441,876,932,704,996,286,100,125,521,80,409,18,548,421,522,76,212,488,568,295,651,843,706,975,938,113,978,31,593,274,156,802,850,141,209,105,404,621,416,606,334,52,858,359,322,914,944,275,583,769,584,239,731,332,294,787,247,455,108,311,774,106,361,841,928,521,112,367,225,305,39,432,313,883,337,518,960,162,856,272,595,858,991,468,882,198,145,304,459,705,725,817,55,270,203,597,98,470,105,35,496,653,724,897,705,239,711,908,387,12,874,384,372,683,457,597,91,499,367,850,483,580,199,998,615,315,144,752,754,380,648,946,693,472,881,962,336,993,82,168,228,47,557,551,875,579,140,203,241,908,391,19,358,417,237,594,670,663,970,269,366,698,761,393,504,778,778,712,405,4,774,856,837,731,326,453,616,143,19,149,807,299,896,346,816,925,660,640,741,216,177,571,201,423,404,653,825,953,865,464,157,352,634,869,157,589,234,514,684,46,473,349,244,842,515,628,335,102,200,229,539,840,159,855,348,698,364,669,883,267,910,802,438,970,221,132,858,768,108,741,378,785,4,754,706,889,87,311,592,363,510,383,573,702,388,863,120,995,497,561,871,664,869,27,952,9,998,454,658,823,528,290,360,856,880,520,110,845,549,297,619,520,703,42,342,577,296,401,321,986,776,457,286,472,912,399,247,48,654,442,78,547,108,485,474,26,95,65,483,983,83,797,670,948,256,924,461,140,184,709,645,953,554,679,673,649,152,941
347,317,567,643,576,344,144,0,380,456,45,384,886,769,17,480,760,714,436,657,967,355,741,166,911,490,508,343,695,497,520,982,240,599,614,575,662,622,24,247,211,122,417,843,252,286,949,497,433,489,207,32,714,999,950,272,90,145,328,794,444,635,234,915,638,383,433,125,615,441,1,632,546,922,76,353,832,624,226,91,735,77,784,0,750,75,87,560,954,722,875,334,445,937,214,357,480,614,642,190,964,928,907,77,822,838,789,890,803,416,656,221,710,629,735,969,601,539,572,173,244,108,431,220,510,910,516,863,287,421,240,72,158,49,564,998,423,913,93,536,286,215,906,481,888,865,760,376,935,739,734,351,754,623,960,852,700,963,177,542,467,650,161,615,932,444,460,945,582,513,765,938,151,274,726,81,680,952,684,589,693,291,316,796,42,110,503,757,680,850,871,414,622,272,824,204,552,414,546,529,703,150,584,350,432,780,743,827,120,567,196,507,876,881,294,683,832,495,532,303,512,257,956,893,667,54,197,880,962,679,111,95,88,229,726,111,587,467,660,340,978,380,198,630,963,495,593,282,949,431,459,583,372,542,238,685,198,988,462,908,783,39,127,349,896,364,810,939,409,848,461,104,562,500,30,732,230,27,448,923,673,348,163,777,141,346,687,354,1,38,547,928,965,755,83,317,526,274,657,760,803,754,359,621,126,483,186,232,682,230,621,855,593,219,80,125,475,147,590,342,139,858,344,658,618,471,773,857,125,458,214,622,369,907,960,618,697,177,936,542,354,315,613,230,375,739,915,176,464,838,161,116,326,329,968,40,534,357,841,351,36,545,621,921,820,879,37,807,21,452,454,952,937,707,431,752,111,377,793,143,488,321,666,139,704,219,149,531,616,479,362,559,62,901,249,868,357,564,221,514
708,65,50,7,26,567,618,471,641,244,716,679,220,600,55,165,721,804,476,837,279,737,1000,918,809,845,487,611,680,384,447,710,983,543,502,636,549,678,765,94,596,246,572,588,276,174,576,802,683,759,658,792,220,44,506,363,93,52,465,667,829,952,771,797,662,755,934,167,882,14,293,191,307,151,520,528,773,647,803,502,670,540,626,237,948,410,833,88,700,556,111,85,906,249,137,9,981,980,272,443,178,621,870,706,767,602,568,256,805,449,654,981,364,343,734,951,522,29,543,811,608,117,357,357,635,881,722,293,74,677,720,612,107,677,426,854,993,721,834,985,569,502,164,321,238,812,838,267,674,209,675,728,502,892,777,629,785,287,300,471,370,743,567,502,7,573,991,774,714,614,579,521,687,749,78,151,242,570,119,445,285,256,218,275,66,173,257,546,392,71,742,709,998,934,422,706,826,49,308,680,946,216,875,553,643,739,793,343,884,826,789,607,292,843,615,321,22,518,320,521,825,65,889,470,463,957,528,538,444,113,965,744,759,805,402,878,589,438,928,375,778,671,660,106,403,679,604,15,757,204,621,460,353,878,970,737,762,495,555,24,228,680,756,318,79,255,907,898,869,775,537,440,422,977,347,33,35,667,488,51,222,344,206,900,545,390,809,806,449,504,761,721,384,487,156,731,36,28,34,226,151,200,586,471,680,602,698,942,920,496,13,849,422,515,332,870,979,666,174,647,263,532,582,686,151,462,295,965,807,432,242,409,306,42,569,709,496,686,858,970,10,539,572,692,643,181,297,266,186,467,64,585,932,943,786,947,245,702,408,947,594,815,257,769,785,372,211,365,856,785,227,201,285,922,669,923,545,578,104,1,213,587,407,179,394,134,395,599,959,997,485,586,801,995,507,9,906,47,825,590
628,632,735,489,265,21,92,540,98,907,345,883,47,839,883,619,916,126,949,706,227,824,501,145,968,19,605,84,419,794,361,893,518,870,458,477,747,561,739,164,224,888,772,302,190,562,94,940,973,781,584,10,64,42,618,984,370,192,712,101,952,814,48,482,432,2,231,499,44,922,552,553,775,977,989,49,343,435,60,486,831,780,739,459,775,436,137,183,382,948,326,218,258,266,534,922,741,260,52,568,206,715,267,474,958,767,694,332,207,47,353,950,102,257,555,3,689,726,694,127,620,429,373,956,678,965,693,985,652,844,804,239,365,411,340,838,155,828,539,53,24,6,994,501,699,357,654,757,651,9,474,86,65,403,2,32,259,402,751,459,810,11,151,213,604,285,707,807,456,995,41,935,760,427,835,858,648,12,435,124,612,838,448,29,207,864,472,732,148,40,560,723,177,908,969,38,260,332,778,350,47,315,189,508,521,768,176,972,960,701,524,804,382,995,6,735,866,259,374,895,672,546,153,848,40,276,129,805,301,568,353,916,801,332,45,552,582,220,451,571,431,108,613,260,7,309,89,535,639,172,776,518,967,325,838,652,796,168,505,223,376,725,735,318,307,686,312,183,689,459,271,934,590,404,236,790,369,859,149,952,662,150,911,904,477,86,42,327,896,726,730,615,838,826,628,740,183,876,486,320,836,389,796,527,947,850,390,860,871,248,428,509,1,932,907,927,941,375,153,988,682,838,367,301,601,850,636,143,286,570,860,170,750,592,423,745,34,476,962,847,1000,236,143,649,552,78,369,433,76,776,864,803,804,114,905,673,871,801,396,820,533,513,995,89,448,118,800,555,215,767,540,529,528,24,40,949,971,216,444,787,366,641,254,271,474,201,591,814,558,78,726,292,824,356,980,233,304,170,759,479
57,625,896,366,234,854,305,658,931,729,741,189,789,90,744,15,56,46,586,26,273,586,38,314,4,107,856,814,400,940,245,387,512,522,712,285,100,715,648,747,3,130,476,242,451,240,518,146,630,964,111,729,847,523,112,588,21,230,389,624,339,452,134,194,680,601,801,752,146,692,622,356,708,9,342,937,643,398,149,784,302,193,905,992,341,182,721,300,23,6,938,634,274,186,956,332,615,218,544,866,974,931,46,208,981,859,57,581,15,74,26,185,954,270,167,538,786,112,777,326,772,995,166,72,721,979,31,171,373,111,388,316,872,77,995,10,181,278,104,840,0,733,757,842,178,949,695,411,527,915,211,94,70,698,585,71,621,612,263,379,127,391,729,523,849,205,536,722,787,776,40,492,743,255,403,88,769,714,717,528,869,368,684,676,857,507,174,663,727,751,431,312,528,133,180,390,570,175,694,628,324,511,937,3,160,384,332,378,810,525,903,605,191,918,575,11,35,38,39,974,300,115,241,371,371,972,470,187,990,128,983,427,423,820,239,7,55,212,779,189,631,327,89,83,317,49,680,735,801,55,192,942,925,327,388,711,214,984,478,359,650,749,953,942,864,380,983,980,983,688,246,659,14,78,971,201,496,232,42,505,887,648,799,493,291,163,336,793,882,261,571,329,693,228,503,462,876,345,95,505,443,433,858,284,666,651,889,591,193,444,267,476,41,849,734,577,645,497,78,183,808,491,812,537,757,338,437,170,359,880,186,704,967,709,301,424,346,332,591,745,745,562,996,49,337,728,998,794,516,568,925,33,901,669,854,250,271,77,571,232,54,819,919,136,120,423,616,242,914,898,808,171,428,696,670,744,109,710,898,768,238,221,582,748,564,842,439,208,138,502,747,744,762,465,321,399,649,167,380,110
622,227,973,203,508,708,862,428,183,417,388,309,398,660,183,333,294,936,14,182,290,501,546,285,898,290,850,705,644,544,289,45,36,579,298,377,133,48,619,543,93,498,470,111,460,315,855,995,758,235,927,801,638,338,965,95,439,669,666,264,561,918,44,885,682,200,799,983,906,558,96,132,393,791,106,784,723,636,233,673,798,211,999,595,429,619,352,929,864,722,189,21,107,343,195,636,289,376,786,458,535,512,104,17,347,19,43,613,813,915,288,447,613,770,703,504,999,852,112,679,557,584,921,601,684,498,35,132,200,626,565,873,763,230,466,221,319,213,262,674,40,37,389,261,374,246,110,717,928,341,378,627,901,239,533,702,4,166,242,701,116,71,178,357,567,561,952,723,304,854,466,834,357,230,296,665,943,438,825,237,152,385,594,353,99,668,939,160,554,470,869,993,270,10,202,942,160,208,237,993,75,50,802,554,883,437,721,736,13,610,633,762,937,131,692,149,432,790,859,559,17,541,3,641,878,298,36,999,353,144,274,862,408,750,776,916,269,309,190,381,875,180,352,76,86,217,929,93,291,207,820,930,74,841,392,982,421,299,977,996,167,93,292,510,761,410,346,855,135,979,86,486,304,881,693,806,691,61,95,528,980,751,671,145,789,18,779,17,459,368,985,793,915,224,297,425,475,95,215,526,524,517,633,382,609,808,328,303,963,841,218,542,496,703,537,323,274,119,160,55,27,4,25,121,10,258,429,186,611,207,370,603,709,762,914,901,628,547,227,366,203,800,607,120,362,94,179,544,744,972,883,421,687,398,187,120,823,584,252,898,114,825,272,585,991,741,178,622,210,613,732,426,113,684,637,952,910,254,42,56,158,160,546,939,284,225,993,208,551,673,381,987,642,216,53,126,336,987,655,972
325,510,591,621,852,35,267,279,211,688,333,152,94,957,556,625,76,24,627,75,728,699,286,516,283,691,32,943,21,383,98,13,610,354,777,151,598,341,774,895,899,39,334,697,472,581,534,599,35,913,647,968,598,126,52,252,905,138,797,322,530,401,407,851,536,685,848,431,435,200,140,568,83,696,344,183,855,134,348,45,509,108,667,6,947,454,518,835,666,316,804,357,336,363,960,585,348,907,289,876,954,719,57,536,158,412,922,112,225,147,95,178,184,146,830,51,135,699,576,101,366,525,724,481,709,236,341,672,614,126,390,493,814,436,820,208,318,854,235,735,197,663,873,691,687,444,837,273,954,399,47,528,717,693,726,57,189,761,199,564,457,126,735,108,413,985,422,978,778,854,661,250,55,299,778,744,889,228,703,648,709,85,316,42,161,343,145,183,861,605,97,883,944,300,859,185,324,863,415,486,93,15,949,271,715,340,98,779,663,478,509,476,238,417,510,892,635,169,165,415,833,476,786,551,138,869,663,728,93,838,65,700,756,960,800,995,213,927,126,378,430,818,3,977,770,559,89,36,645,13,858,501,586,597,650,573,844,715,127,616,813,169,225,109,541,783,57,958,721,513,243,755,663,135,132,183,885,906,176,56,46,115,239,468,935,965,393,392,442,903,833,178,568,207,203,252,710,792,947,437,351,295,905,99,965,376,291,980,116,985,725,745,570,272,75,112,76,388,32,6,470,413,244,288,913,10,810,374,839,1,368,549,886,112,540,8,585,709,361,658,945,707,668,290,332,942,395,735,702,297,258,884,463,89,534,841,360,396,209,996,813,856,585,22,358,924,454,732,999,878,100,706,808,515,37,776,372,350,55,291,183,330,596,808,62,198,190,230,654,751,615,502,124,310,462,967,394,226,542,278
997,394,140,42,434,493,624,524,230,852,991,172,82,621,111,187,45,571,19,735,905,424,119,868,828,229,930,808,694,92,52,634,178,305,421,801,907,999,671,403,797,171,591,411,554,777,753,794,884,738,607,49,451,369,204,387,740,266,565,618,373,389,611,223,27,906,453,570,359,109,652,436,876,659,391,741,410,969,984,519,418,205,155,72,293,313,763,698,923,692,53,613,670,612,15,291,336,73,309,645,636,549,733,926,986,3,264,13,903,923,944,905,930,90,891,406,527,551,458,70,2,350,131,319,670,439,978,543,57,724,556,439,141,623,713,917,327,979,109,848,70,563,342,226,123,527,32,413,163,607,585,391,181,478,211,234,482,864,528,138,21,455,77,889,851,287,855,947,511,599,460,50,636,588,186,728,688,799,542,717,582,581,638,193,951,118,861,692,415,616,894,578,703,271,613,933,701,282,693,905,481,865,242,918,553,574,501,884,279,305,635,203,828,111,853,93,329,238,314,79,397,508,45,133,551,538,151,426,21,471,185,598,797,14,419,849,254,953,443,793,636,39,737,549,621,589,205,212,462,549,613,511,684,362,321,998,717,387,706,499,420,651,521,822,343,866,154,704,553,853,520,859,303,328,435,916,293,945,966,792,398,565,562,639,514,583,116,936,607,905,365,455,597,839,624,593,449,333,322,599,621,122,344,17,437,838,990,472,677,916,114,556,681,458,55,844,379,194,418,939,662,749,527,631,88,153,650,164,262,685,589,178,98,665,728,151,993,694,841,215,385,305,12,57,762,767,526,524,375,883,858,969,99,231,796,206,125,505,655,204,117,340,672,392,752,63,246,464,762,459,393,277,50,142,834,92,239,168,872,761,795,384,938,0,361,365,749,3,250,344,102,133,475,1,618,969,306,793,813,56
56,544,197,530,977,349,81,965,685,320,727,581,306,138,340,908,672,194,497,894,324,986,240,545,717,942,166,233,901,478,186,443,31,19,358,714,960,43,896,768,679,844,922,711,851,566,574,688,120,637,614,297,934,501,969,555,976,899,285,12,628,903,200,595,198,27,848,114,475,806,332,214,465,827,778,908,365,887,711,546,711,427,60,473,827,318,449,888,970,245,417,151,333,819,560,206,872,469,420,285,985,432,422,995,956,555,430,960,434,484,698,672,875,461,36,137,257,958,699,600,273,158,627,448,315,881,47,793,192,952,334,838,225,408,572,12,997,114,256,958,298,358,400,983,51,629,758,180,940,682,30,705,373,928,356,641,705,162,560,767,814,3,644,136,6,250,82,181,461,703,627,133,831,945,38,130,744,669,981,382,935,404,863,496,69,37,548,369,664,223,622,95,490,993,882,311,446,200,670,791,960,469,714,155,829,784,464,78,194,184,311,863,295,261,485,69,112,168,634,410,660,482,162,139,672,810,569,913,491,734,590,414,117,175,36,82,222,52,37,114,633,784,241,917,724,995,410,880,786,906,805,637,211,347,352,932,607,68,314,909,664,106,122,174,253,0,214,910,243,700,526,934,650,194,496,908,78,951,93,61,425,684,503,337,808,924,702,509,597,721,561,238,751,427,12,978,593,861,952,785,559,0,238,329,90,226,913,816,602,190,969,852,772,714,810,342,302,88,832,144,306,850,72,363,757,854,203,921,216,634,429,756,481,861,749,76,16,885,499,417,231,880,741,694,19,809,524,832,967,967,949,326,412,339,500,467,255,51,242,816,816,226,956,432,165,474,594,301,43,584,495,375,714,50,968,474,27,635,730,325,174,347,847,877,457,744,528,802,276,367,134,112,365,495,477,267,514,980,163,363
267,115,227,31,52,189,654,618,441,631,728,654,442,648,188,20,994,683,76,866,954,888,319,35,371,402,515,592,881,376,893,815,705,895,114,782,41,657,231,513,969,849,152,396,129,208,172,155,41,918,472,80,549,163,530,637,902,64,104,663,264,648,595,82,14,117,606,776,709,946,722,39,409,33,928,624,165,341,816,396,473,168,926,260,285,622,152,318,217,654,768,349,210,624,402,252,406,193,610,733,151,671,860,898,579,777,597,188,906,964,226,920,695,790,728,909,355,284,377,601,782,513,785,387,231,695,410,219,999,683,559,395,907,365,769,375,139,502,977,694,22,692,418,867,285,596,724,87,355,553,728,194,212,537,650,343,660,293,346,35,330,351,922,797,171,118,266,779,817,812,104,750,316,177,827,285,844,879,404,230,646,170,452,392,368,358,852,119,443,338,743,245,848,643,273,49,962,642,132,160,256,765,690,327,920,984,243,84,886,138,537,665,356,263,433,866,959,657,342,825,518,279,298,138,440,337,669,957,719,224,627,950,463,798,314,513,16,70,68,124,353,802,535,898,222,799,499,834,287,120,945,613,225,759,470,97,713,4,475,97,48,17,4,589,319,17,240,472,470,514,397,358,688,983,761,797,447,109,711,878,615,364,866,313,773,601,379,948,733,706,189,102,811,20,716,737,70,761,479,267,598,746,298,261,539,885,719,593,321,262,382,394,106,600,496,448,236,592,981,247,629,185,889,839,747,745,114,170,428,333,413,907,616,597,342,489,5,868,231,551,895,39,705,462,705,497,139,2,510,471,612,366,864,162,277,332,427,594,760,595,115,695,450,255,990,896,341,421,966,884,401,663,247,941,279,745,382,520,170,539,164,1,353,307,38,156,18,26,133,953,945,680,402,122,498,30,235,69,381,718
635,233,993,474,349,587,731,904,499,697,581,156,156,521,890,730,277,991,475,977,784,821,263,235,65,634,454,359,447,311,20,61,86,902,964,871,581,179,928,95,865,248,485,809,544,210,395,58,384,344,524,527,23,48,591,725,670,465,697,655,787,458,928,375,303,552,922,175,658,68,66,747,991,1000,286,632,529,243,467,483,537,910,811,824,954,887,536,688,710,682,467,567,186,474,796,331,768,79,516,965,839,508,547,782,882,9,655,956,931,795,589,54,717,268,217,869,87,765,247,969,65,70,207,466,323,407,187,993,201,88,377,622,288,112,263,929,681,878,722,822,262,467,22,46,711,823,88,466,417,230,986,914,439,923,158,12,383,38,518,372,153,127,705,702,435,177,829,555,661,635,633,487,934,522,117,140,768,81,713,700,389,319,622,913,93,711,609,932,432,979,153,923,958,146,831,485,570,150,446,254,182,458,539,921,384,665,129,292,160,487,955,733,742,788,897,447,359,529,456,561,857,278,708,784,663,987,748,993,124,216,118,488,701,558,630,715,937,696,781,508,674,811,392,311,645,980,482,684,287,898,522,404,114,518,94,167,709,402,177,799,157,304,344,842,658,156,472,150,72,14,813,288,486,753,393,638,536,895,79,83,499,684,131,720,956,170,868,267,181,587,731,267,104,44,335,678,260,763,837,721,874,424,360,609,585,367,125,698,545,19,374,954,727,856,354,400,828,719,955,118,976,317,488,601,73,209,346,806,138,40,501,623,129,430,868,799,325,697,466,491,429,714,66,7,894,921,926,144,325,302,209,231,924,7,623,928,72,343,1,841,948,465,35,213,680,226,135,770,219,512,577,75,666,426,64,137,959,282,783,941,288,957,831,229,835,752,896,725,561,465,369,811,657,673,688,824,205,830,413,59
343,12,643,893,431,87,609,496,563,690,541,230,259,873,730,376,88,302,338,38,369,623,795,425,344,411,453,388,102,108,484,772,6,313,383,919,91,409,184,1000,265,477,465,836,389,502,524,663,165,70,617,647,128,686,954,149,874,720,303,453,749,285,511,300,114,69,299,580,127,689,104,270,929,529,714,831,612,632,510,223,803,227,945,285,579,904,358,390,347,594,571,769,829,142,573,556,310,59,323,183,195,886,304,425,465,459,579,762,20,299,458,642,352,636,595,23,680,763,305,919,141,348,441,175,306,582,400,494,954,949,305,101,516,904,597,413,946,793,266,694,118,685,75,272,685,509,550,69,117,418,857,939,490,708,337,260,190,426,490,824,486,144,739,812,689,22,593,7,868,740,981,14,238,297,440,262,999,961,141,621,128,468,883,675,297,567,796,173,954,765,575,565,541,364,595,154,479,450,275,13,108,551,30,557,761,156,20,231,123,680,913,565,588,906,723,311,435,204,791,150,405,306,241,203,333,175,712,311,639,122,620,79,76,69,171,648,44,99,445,236,662,668,179,30,380,167,766,695,988,245,63,140,138,169,873,359,64,329,293,838,867,313,752,435,343,751,958,534,144,658,606,176,573,185,467,468,897,336,629,416,102,106,842,488,233,326,534,299,588,601,747,139,894,576,859,90,881,13,250,715,759,7,747,632,981,777,690,472,337,368,579,674,39,738,509,382,137,220,889,540,404,293,258,302,990,382,598,869,323,584,751,791,74,846,599,578,801,576,249,130,771,190,98,676,188,883,840,538,185,875,123,812,57,854,995,643,488,579,1,933,625,75,532,882,781,355,36,966,236,366,346,18,158,778,280,98,174,267,190,161,754,413,861,62,630,787,76,66,358,581,599,972,14,139,473,999,168,500,125,414
838,97,444,406,830,661,594,904,118,676,57,44,20,947,535,288,730,301,385,836,40,338,576,766,921,70,629,427,954,166,846,759,867,407,644,866,602,457,382,217,941,18,629,396,918,617,165,730,852,434,608,796,392,838,589,651,207,55,392,196,15,266,514,971,306,446,722,752,890,891,288,965,72,901,79,134,486,330,457,178,532,859,209,618,621,847,732,998,193,513,417,650,964,452,719,171,913,267,80,576,974,939,599,795,656,909,874,126,829,123,213,55,450,581,160,345,479,907,403,619,366,252,216,892,231,213,259,237,417,98,843,598,291,620,688,854,677,235,520,543,486,819,644,266,865,564,935,238,75,888,989,896,225,358,535,555,51,61,529,31,68,774,654,223,670,212,882,151,869,91,655,182,928,485,781,455,201,509,42,643,858,745,344,259,530,29,73,704,303,707,365,85,268,175,900,276,452,209,551,637,158,135,269,236,150,355,570,748,341,520,243,402,783,780,439,51,635,196,130,967,314,864,979,474,910,68,568,690,765,761,53,818,535,279,687,78,109,601,364,420,558,469,697,429,257,37,647,444,131,448,301,821,911,655,23,534,561,430,271,558,470,464,391,733,432,747,9,432,869,89,1,828,938,175,380,429,755,44,798,495,804,50,203,385,484,978,876,82,48,748,520,523,513,423,983,658,506,629,566,664,138,234,463,893,958,413,681,938,581,662,445,688,635,851,715,945,224,81,780,390,951,815,823,749,287,363,916,375,401,622,473,12,924,53,618,646,333,515,988,455,781,235,135,458,172,97,910,575,914,335,214,934,853,884,34,119,206,24,24,326,935,568,881,709,946,570,486,295,204,852,921,833,306,360,860,804,32,628,280,680,867,242,963,289,679,223,590,562,390,393,898,569,862,310,423,31,340,152,440,542
731,690,58,757,822,731,856,977,488,819,529,618,331,87,528,329,557,593,755,591,906,496,475,20,325,618,949,560,691,1000,675,237,340,684,585,986,362,514,592,95,416,579,436,113,537,780,522,396,67,169,309,612,709,31,840,540,244,42,160,259,141,58,153,362,527,836,975,761,657,783,931,933,805,88,142,346,900,308,675,23,905,821,647,416,220,190,545,949,52,261,374,954,121,938,855,481,631,175,232,174,926,334,422,692,533,595,715,858,363,299,18,964,436,867,514,131,621,783,559,874,158,85,683,403,798,450,659,166,418,259,735,489,274,7,284,931,992,365,961,543,93,949,267,347,975,731,83,160,474,57,769,984,79,610,587,397,212,266,42,55,867,466,178,902,490,72,823,119,685,202,330,535,392,473,738,535,636,238,14,940,556,749,850,428,425,633,445,866,233,46,469,88,757,539,679,816,955,694,842,904,760,446,130,144,154,575,577,914,14,225,816,547,839,161,318,343,680,956,653,823,663,924,528,830,472,674,954,727,322,740,650,599,909,148,1,294,214,460,981,532,34,390,287,600,521,772,135,871,228,706,561,863,537,826,899,789,753,667,529,605,889,124,420,419,937,662,658,164,214,72,738,182,149,124,527,542,239,936,769,580,203,657,338,434,129,190,731,531,591,183,960,438,851,497,266,555,102,0,510,391,215,361,257,584,183,426,741,576,397,152,815,590,444,612,209,897,997,477,441,154,44,664,286,317,902,278,617,341,477,246,393,931,597,293,379,562,570,944,933,927,767,220,949,125,297,33,297,846,532,460,323,768,526,634,514,876,944,217,719,845,930,885,794,730,443,518,511,868,458,856,227,451,1000,145,154,888,720,444,297,45,887,438,802,442,249,61,429,212,803,446,676,314,607,422,852,730,496,474,469,178
279,300,490,64,142,20,702,369,539,335,356,855,17,732,449,183,824,743,474,849,421,691,395,161,991,11,854,259,210,761,899,190,586,450,15,175,66,262,459,637,240,509,978,284,231,669,903,51,196,427,278,263,759,499,221,279,319,547,471,280,578,809,937,217,58,291,320,598,388,704,110,788,739,822,395,945,494,260,378,892,200,99,138,436,419,569,775,578,935,492,785,20,50,502,958,843,757,38,912,460,93,357,34,608,256,995,170,349,728,165,22,458,17,55,406,778,220,888,649,747,200,780,889,393,976,764,600,279,433,824,658,260,296,344,95,254,540,839,903,641,796,391,921,83,790,841,20,2,814,473,439,54,970,579,41,516,663,525,193,481,230,253,684,694,641,629,71,479,634,196,466,565,373,366,157,60,631,469,318,43,422,569,746,418,736,379,810,331,738,432,261,587,640,458,322,580,187,594,19,682,674,908,290,680,557,522,985,10,119,937,161,789,732,467,839,189,877,363,908,520,26,545,914,305,846,149,115,677,353,252,849,683,55,795,335,214,162,841,875,261,519,565,459,160,179,887,550,19,557,233,185,947,582,683,96,914,907,696,296,869,23,241,528,80,389,640,115,682,45,66,898,310,220,909,208,616,297,561,162,729,739,739,733,999,998,486,294,503,912,475,44,931,788,420,185,827,388,709,395,741,697,791,400,424,789,98,999,366,762,860,59,144,12,234,430,828,489,198,670,419,490,137,93,17,896,862,358,957,333,526,150,85,756,194,198,32,701,110,449,880,570,542,777,465,694,61,492,65,267,920,115,217,328,50,237,978,723,948,335,948,307,270,279,728,846,136,492,639,882,278,970,965,537,985,880,716,722,140,523,194,801,931,649,58,745,268,824,540,902,340,891,248,851,756,30,693,634,515,166,476
514,700,582,824,4,75,227,395,725,125,855,586,739,705,906,60,442,256,65,88,264,135,424,321,411,754,479,928,277,165,514,497,106,567,330,962,946,925,238,207,887,445,158,130,464,841,370,1,652,725,154,361,304,785,108,920,825,21,585,673,863,984,650,187,569,596,500,258,488,506,621,166,724,827,647,133,402,333,850,557,1000,749,955,795,572,1000,568,154,460,975,983,920,629,927,622,991,413,253,919,289,24,199,544,115,557,704,476,916,648,672,262,398,788,310,100,673,427,524,28,151,218,746,309,512,887,759,141,245,583,480,670,382,84,789,327,672,589,790,121,933,717,745,814,544,742,0,2,303,245,43,779,131,986,547,472,195,835,28,692,846,321,332,546,138,951,379,852,999,134,326,438,984,472,958,359,493,890,436,339,622,853,16,379,759,265,371,397,355,611,111,295,664,139,891,81,102,727,549,418,146,26,604,699,821,912,712,342,337,282,621,3,518,695,982,674,61,835,399,929,489,102,52,515,695,90,155,161,350,453,619,326,423,546,708,384,506,182,944,525,477,646,777,800,811,2,577,525,439,296,645,630,881,249,882,393,982,595,55,96,501,895,656,267,360,781,734,588,549,36,121,649,630,378,163,385,113,456,645,354,637,764,883,949,45,594,695,809,168,859,484,956,88,537,971,717,874,453,920,207,601,111,844,868,933,821,701,334,536,629,193,474,592,974,311,895,648,640,748,140,963,337,611,696,286,480,0,956,272,860,976,249,31,292,753,576,130,814,23,444,412,201,716,109,590,534,399,880,358,590,510,812,634,802,840,4,835,726,523,368,502,46,239,955,332,496,337,144,838,791,431,196,871,932,951,134,124,449,141,330,263,259,272,542,586,155,166,911,755,951,317,108,746,333,916,438,957,961,921,915,951
450,169,204,162,522,501,87,58,777,711,268,146,181,487,385,143,99,260,977,860,179,600,177,718,527,981,716,794,146,141,299,463,732,187,972,89,975,376,741,339,61,501,982,153,976,791,418,404,367,43,715,227,430,961,271,22,577,471,947,358,572,541,1000,9,200,100,393,510,728,838,666,48,275,747,330,564,421,795,442,399,913,624,78,322,363,363,902,907,693,102,106,832,704,648,639,258,643,877,166,396,534,692,47,719,60,177,475,700,644,517,77,64,473,865,873,743,583,607,530,431,541,712,403,403,135,21,90,97,331,20,855,551,466,918,811,646,393,67,659,641,163,183,665,815,792,229,858,34,319,289,685,82,781,964,480,889,927,636,69,974,415,554,196,425,497,42,845,516,810,209,503,243,372,986,139,377,199,218,930,594,902,554,562,302,777,365,883,999,957,3,345,726,956,455,354,911,620,409,32,245,335,79,136,981,175,366,125,449,657,998,748,643,211,184,350,952,68,371,535,229,180,257,6,108,850,490,429,292,467,73,903,446,568,454,311,474,598,149,465,523,469,45,75,581,284,98,177,426,669,924,614,318,391,227,74,998,333,628,100,127,624,880,19,955,814,93,197,139,218,553,647,392,228,64,943,568,0,704,487,939,288,656,538,452,268,363,639,718,549,636,438,854,370,469,491,514,283,914,589,788,244,851,164,274,221,378,784,448,471,863,601,121,91,148,997,759,879,724,941,336,503,298,779,991,551,521,71,485,673,767,925,181,661,503,226,858,824,972,745,764,685,379,331,526,859,606,343,458,700,603,257,751,275,852,406,553,67,350,180,897,943,573,988,942,905,109,170,177,86,519,968,340,760,760,497,136,113,61,849,443,668,480,958,6,798,58,988,81,503,982,789,947,480,748,677,881,333,421,876,755
389,264,1,673,383,430,100,287,818,881,447,408,964,999,234,944,895,946,25,263,229,39,713,987,966,221,700,259,778,156,385,841,931,682,655,587,292,846,706,975,752,969,613,24,398,482,76,695,267,275,784,591,25,34,964,84,267,414,142,419,779,533,424,435,812,329,772,412,104,748,44,854,377,920,772,501,434,52,716,317,49,549,774,708,800,471,958,759,857,853,43,22,694,784,876,590,942,788,685,682,526,716,635,501,600,16,716,158,929,393,824,694,479,590,663,933,61,777,373,730,986,124,755,188,560,411,592,356,822,854,65,691,738,78,982,310,598,41,505,326,637,461,461,444,696,143,493,173,267,672,853,855,714,303,867,352,408,878,989,825,649,827,987,860,928,234,280,54,724,919,857,244,754,816,323,278,424,77,126,139,16,719,999,728,878,306,848,386,27,442,480,155,836,231,377,889,259,768,299,573,414,810,699,987,822,789,126,253,839,747,724,953,882,970,185,135,221,230,974,47,91,88,667,137,389,20,889,897,650,752,365,914,690,88,220,829,817,835,809,587,751,635,291,391,550,704,907,906,928,20,338,737,528,282,529,5,938,458,714,798,880,179,47,158,239,78,643,101,867,964,785,303,936,159,226,834,148,293,408,741,677,450,152,93,87,123,532,391,953,966,546,481,731,295,119,721,401,564,261,848,15,286,725,457,347,361,374,298,691,679,365,656,724,193,873,42,209,972,485,740,562,697,17,262,321,40,916,285,68,598,714,229,551,818,778,397,885,820,966,969,64,221,541,443,526,873,388,194,347,763,203,895,131,883,763,122,605,618,486,615,332,659,238,801,544,321,682,600,605,987,237,741,243,404,758,21,679,324,656,768,394,831,17,557,240,700,398,437,826,477,25,248,812,187,427,65,610,257,470,547
383,936,303,204,614,973,862,850,688,515,815,265,744,277,240,12,695,885,182,843,843,668,179,789,444,205,134,939,669,202,832,37,247,103,764,803,794,573,858,115,772,253,376,607,616,354,39,268,765,2,852,257,613,722,883,347,51,949,246,175,697,18,209,606,335,252,1000,961,253,136,694,770,118,583,34,217,456,148,806,867,289,950,489,705,935,220,968,0,658,697,79,24,759,806,433,473,792,599,718,382,959,481,699,193,506,178,681,725,556,760,207,983,276,359,372,157,81,80,168,620,752,803,484,71,498,797,655,703,759,304,457,639,952,31,308,130,50,626,396,510,262,424,196,749,329,129,686,99,809,292,75,917,87,456,271,163,291,692,658,479,64,577,596,173,456,700,873,119,495,948,480,4,421,707,930,900,175,114,132,356,590,502,547,720,939,807,883,897,550,443,607,712,247,163,683,611,534,496,62,782,481,736,459,694,0,443,491,535,766,966,910,832,243,761,234,179,144,974,292,221,889,812,538,299,755,353,419,624,21,293,67,581,257,934,754,970,538,430,221,354,956,831,271,799,517,672,529,20,615,206,426,448,294,329,832,900,86,924,175,59,871,838,964,776,249,644,130,490,748,556,942,617,994,202,551,339,59,358,949,406,761,596,453,734,423,640,20,391,700,406,753,160,363,264,641,166,580,976,141,643,200,111,413,321,185,802,540,457,877,732,452,550,550,546,784,210,843,247,944,447,838,830,929,45,938,533,583,205,222,336,759,710,57,652,357,404,1,246,442,130,710,292,865,889,451,948,17,217,925,261,2,939,48,954,627,27,96,146,363,113,176,998,162,712,343,327,689,982,709,924,420,797,252,56,290,510,93,682,893,260,643,486,285,458,849,785,985,630,830,18,75,652,805,112,158,833,122,860,464,449
59,787,174,913,632,771,548,682,739,736,789,824,540,290,238,721,329,743,88,855,355,965,290,853,876,756,97,675,365,923,600,817,759,62,133,540,999,230,372,800,620,179,432,652,940,438,365,25,133,371,984,271,723,306,564,256,352,695,899,339,380,191,273,682,995,155,765,986,858,512,320,286,383,442,70,518,478,548,893,264,562,269,189,997,38,705,958,406,129,624,933,539,66,505,522,976,9,105,716,783,26,152,386,604,630,915,509,46,373,345,657,986,238,637,619,977,369,50,798,693,865,144,589,886,558,646,624,411,884,190,103,527,938,562,627,943,718,585,743,203,308,300,194,961,886,150,378,96,855,12,743,569,792,371,230,8,420,669,511,779,574,651,644,58,26,860,52,961,171,78,119,347,97,859,707,643,94,314,566,550,647,225,631,335,632,445,89,635,630,217,545,444,364,398,274,670,399,498,21,393,802,803,239,615,174,823,584,308,357,159,620,692,952,35,942,50,765,630,672,202,62,642,833,536,76,706,871,271,140,130,856,483,58,983,216,955,312,403,361,363,66,366,95,441,837,724,278,659,746,509,732,296,771,74,99,620,494,95,481,717,716,804,522,441,501,695,64,709,723,678,471,239,463,560,776,567,642,66,1,567,157,44,193,626,838,204,956,686,289,999,874,681,816,536,455,371,158,966,264,868,964,366,964,716,817,978,972,86,63,173,482,161,448,861,127,91,3,669,410,379,254,456,830,723,525,202,158,598,585,769,446,996,355,482,70,387,961,884,153,490,168,281,353,404,71,17,796,479,679,647,449,241,366,937,136,83,179,982,76,456,702,859,572,897,755,927,916,194,835,196,45,327,203,159,440,99,971,260,946,80,7,843,407,804,709,976,46,196,624,236,252,327,867,33,848,602,610,470,738,735
648,827,227,654,671,606,162,44,128,587,867,821,768,355,772,25,710,85,713,783,725,615,853,364,411,721,320,409,732,584,218,434,962,149,328,374,265,29,901,174,66,880,870,184,764,212,58,26,637,231,539,211,256,556,291,112,392,807,227,475,856,405,946,954,370,450,311,15,58,980,193,676,496,739,509,895,445,276,955,790,427,636,291,733,63,622,978,398,521,460,87,224,982,521,755,765,386,626,562,535,632,555,982,536,914,556,291,963,134,533,157,951,880,318,111,664,806,203,497,489,446,381,291,267,723,221,748,734,160,59,367,388,509,855,254,391,56,164,748,926,478,826,975,296,306,684,990,115,757,840,659,935,637,571,786,23,96,415,228,617,277,977,992,199,333,481,157,409,68,977,243,765,884,7,154,514,476,1,575,275,894,449,371,900,871,870,91,689,584,869,873,226,356,235,354,961,756,897,889,437,905,221,224,508,821,824,970,17,26,868,229,574,236,971,333,270,966,957,250,929,449,395,117,128,425,829,684,405,265,964,820,709,147,487,458,220,187,570,758,520,556,976,654,864,550,429,690,777,695,814,282,460,500,259,197,480,941,796,1000,43,322,528,336,975,955,626,985,63,272,938,392,80,527,180,918,188,185,226,75,739,314,201,538,56,605,353,955,786,217,764,909,871,288,368,506,892,575,653,651,69,594,678,191,124,341,631,857,663,885,74,981,226,57,687,390,384,93,355,34,740,596,297,652,165,361,868,937,709,1,352,156,951,868,630,579,905,792,150,607,414,506,40,920,226,363,661,512,150,160,555,622,525,57,552,620,714,255,917,538,983,650,113,856,708,639,293,152,331,909,270,242,159,335,673,903,588,506,108,626,911,654,711,97,990,726,287,718,982,738,118,602,476,675,883,890,115,233,214,534,577
413,666,506,851,778,354,605,668,780,176,660,924,734,160,71,238,132,136,447,635,528,31,886,356,724,403,638,369,553,199,463,889,398,726,543,897,671,882,827,901,147,687,855,77,835,513,991,998,909,4,395,900,706,72,243,837,720,727,988,330,628,970,813,564,54,979,871,95,321,985,125,119,46,289,724,817,267,627,570,431,821,787,106,766,846,924,628,383,143,831,698,909,803,702,360,333,598,485,601,34,309,570,214,302,887,265,341,188,454,75,637,572,690,157,795,669,214,494,636,20,523,635,264,666,459,834,889,953,548,155,457,48,586,666,668,223,362,762,96,331,429,479,307,589,681,312,47,38,516,920,811,972,654,331,787,753,611,425,976,631,195,213,315,468,122,298,602,336,607,428,425,921,598,854,320,217,97,918,813,597,515,657,370,787,555,313,720,792,386,892,854,527,168,516,554,508,405,108,801,399,428,559,366,410,333,180,654,846,477,709,963,774,468,177,841,19,911,815,630,479,147,113,58,699,213,69,492,676,292,828,967,457,433,896,759,126,700,861,123,384,52,607,296,949,869,446,288,345,723,624,336,674,337,397,600,372,383,637,52,506,989,422,514,119,936,951,10,459,384,570,525,819,757,7,793,92,659,666,336,651,470,209,185,591,6,601,331,42,480,542,509,571,165,993,601,894,385,839,396,952,858,887,8,181,297,87,708,422,925,971,975,4,276,618,619,602,83,655,15,874,279,379,900,19,439,6,436,718,322,460,745,40,578,761,293,896,577,373,768,605,932,419,745,694,344,154,95,697,677,30,452,417,943,191,746,266,406,366,483,248,231,970,794,39,271,478,151,861,872,406,39,380,360,934,559,981,185,250,228,330,467,448,555,833,297,717,748,769,756,202,947,68,692,620,212,747,246,974,646,239
972,514,669,653,544,259,830,79,17,753,448,652,896,989,221,480,685,725,142,20,29,410,191,416,897,609,493,837,442,960,609,807,556,33,338,45,257,23,136,271,558,69,507,399,432,972,530,116,552,169,146,252,11,944,19,501,833,851,639,473,955,648,544,102,398,250,118,10,450,105,803,735,188,157,171,928,679,239,551,634,982,975,544,778,277,20,477,125,979,506,291,388,363,937,813,334,313,678,418,838,144,206,143,320,460,497,253,332,287,121,642,196,144,231,947,828,553,29,118,986,297,223,732,577,310,553,518,19,283,3,382,912,147,903,636,559,204,769,576,905,654,453,635,311,319,13,225,148,180,468,22,356,430,742,578,510,186,347,974,543,440,204,240,472,370,198,3,164,422,136,367,284,194,745,884,212,611,127,159,453,296,415,542,132,572,150,855,182,698,930,520,706,571,849,995,673,726,910,758,489,312,772,135,410,668,553,230,751,324,823,295,599,108,583,700,4,297,311,751,577,478,962,381,176,747,797,944,886,578,504,433,623,654,804,578,7,125,607,764,906,633,522,741,391,398,730,345,138,635,86,139,218,77,617,943,487,448,175,979,633,481,975,306,438,905,193,406,638,625,954,121,150,498,521,337,617,30,112,83,50,285,298,188,338,719,138,95,508,679,326,932,254,156,539,661,557,216,2,278,358,486,821,622,11,904,965,557,429,602,964,5,498,485,224,601,66,839,323,365,633,970,454,409,184,384,317,151,107,597,359,288,228,227,12,836,89,569,557,47,279,229,475,545,312,386,190,103,728,795,205,999,545,236,382,479,357,262,637,762,172,713,785,599,906,144,196,219,317,386,786,460,531,171,438,381,145,112,621,605,357,503,155,135,684,923,540,328,19,850,720,298,551,986,21,117,650,296,965,140,506
57,801,895,640,348,509,325,289,435,449,99,239,532,919,532,488,608,608,579,693,560,632,73,813,223,164,42,659,192,875,637,66,373,150,523,748,583,328,977,569,952,966,969,382,16,895,901,247,691,802,36,640,804,506,860,935,96,179,744,406,723,9,845,970,764,568,672,312,270,141,762,735,150,95,879,335,695,987,992,465,380,208,573,385,277,29,76,767,162,281,202,441,946,709,24,625,974,482,773,718,186,568,189,798,164,628,998,14,735,73,780,405,972,510,994,538,982,898,190,991,999,693,471,217,249,428,108,533,828,408,158,702,921,548,203,68,38,531,867,515,341,312,810,912,721,693,169,596,597,918,63,121,473,935,81,360,964,505,650,853,608,661,84,943,615,990,741,277,707,907,182,276,232,761,595,692,524,384,509,762,877,224,697,260,865,47,291,9,873,47,473,99,524,736,771,511,141,206,937,456,497,718,511,194,810,74,721,210,639,680,411,446,874,452,61,882,486,898,956,577,500,386,130,167,379,182,692,513,747,292,463,630,941,168,441,785,760,316,352,981,499,869,729,496,610,176,690,272,228,183,16,710,85,800,684,131,335,985,773,945,744,490,405,621,92,477,340,493,886,848,224,868,672,220,306,589,991,374,694,637,842,500,163,186,815,865,731,952,70,898,743,222,742,334,374,449,815,696,407,583,106,990,348,398,805,352,535,637,407,37,241,421,522,307,345,242,734,209,26,9,330,798,626,267,583,923,637,993,812,122,530,963,725,750,57,170,146,916,403,620,547,262,677,844,195,404,953,538,518,950,252,566,706,497,247,286,704,246,26,936,220,701,425,858,407,842,793,107,607,842,1,237,809,604,696,981,474,526,94,333,101,227,272,671,106,283,822,418,724,233,840,221,109,392,684,214,407,274,910,947
586,195,888,228,295,570,307,60,859,689,478,893,285,411,246,881,421,54,34,135,228,294,431,11,72,8,440,383,531,719,887,472,955,110,230,972,566,537,736,690,285,296,901,943,354,259,355,353,693,703,368,319,111,991,641,41,552,148,673,720,917,895,467,646,116,335,765,549,850,727,485,684,881,841,339,405,323,966,816,376,898,580,327,17,794,321,874,135,902,126,274,976,159,494,460,641,806,234,454,664,283,965,759,44,41,394,241,784,917,690,946,733,569,22,316,391,260,258,182,535,305,27,3,653,149,166,491,560,123,225,491,21,414,493,885,536,823,161,367,633,580,388,889,736,314,941,728,470,940,481,46,418,451,342,321,244,11,271,416,596,421,151,835,43,493,417,316,230,614,356,98,50,827,657,157,480,954,255,100,363,905,900,442,603,498,159,574,442,152,874,719,831,247,390,140,519,460,418,601,517,500,132,216,169,462,916,30,732,779,389,407,590,366,371,606,53,387,749,306,947,249,216,531,472,536,161,501,984,357,388,711,214,175,162,241,386,366,709,681,251,25,939,645,915,350,384,941,53,520,73,58,477,597,92,542,293,561,19,832,249,271,73,856,71,186,841,620,626,222,72,333,901,828,925,370,861,90,284,986,100,452,278,694,706,831,75,727,194,232,288,678,356,373,546,576,749,405,204,108,923,466,278,465,774,446,157,803,836,798,38,629,349,642,147,599,9,105,376,541,326,832,533,727,379,609,234,835,443,396,219,423,761,662,238,27,38,715,966,516,276,62,886,113,968,498,89,807,345,481,493,368,29,568,478,634,259,425,786,679,664,560,858,212,232,354,68,990,128,316,700,929,876,573,972,925,898,185,225,328,353,467,172,717,180,860,800,138,229,508,660,247,576,465,885,972,343,12,496,87,962
587,119,96,176,878,414,728,276,211,608,563,307,861,376,437,553,444,943,134,464,124,874,967,938,595,76,985,64,695,247,525,959,588,541,426,659,878,636,884,821,677,20,166,606,412,869,483,375,734,103,389,283,90,241,858,29,220,613,259,18,585,72,933,785,146,758,217,358,922,371,639,479,326,126,679,90,282,570,600,79,599,166,698,513,535,865,353,133,662,677,657,155,590,987,673,540,607,467,313,935,606,585,252,151,775,448,984,70,824,183,810,515,954,169,825,615,752,891,794,841,434,276,865,317,606,663,805,296,338,684,144,807,380,384,820,179,233,253,545,201,451,115,422,295,794,199,19,373,475,522,102,807,297,313,223,202,272,133,113,434,127,803,538,166,108,683,579,900,463,520,763,322,204,343,628,790,986,550,55,687,340,436,117,630,545,644,16,713,293,927,502,589,327,942,862,904,183,571,361,879,316,12,242,117,589,538,274,869,238,67,901,859,838,609,224,626,315,888,875,402,595,886,909,199,181,54,410,181,561,19,636,47,761,91,886,844,101,717,906,762,747,89,841,852,782,388,365,313,11,397,166,184,153,841,276,335,533,231,979,828,579,541,266,537,395,283,694,800,493,499,920,524,508,467,476,124,800,131,966,320,327,404,558,439,660,980,182,685,301,735,947,98,215,467,580,321,722,387,425,822,179,165,389,345,708,698,518,586,1000,344,6,471,379,866,567,352,100,33,78,200,679,382,571,77,827,135,838,343,388,309,313,52,783,754,605,337,973,509,886,987,971,351,897,150,832,951,912,172,350,876,404,415,917,503,180,398,470,929,14,987,709,247,72,315,572,881,210,971,370,729,825,144,360,574,837,404,870,522,613,975,55,675,110,458,285,914,763,223,22,142,784,966,226,849,154,401,569,21,869,421
20,515,776,413,957,641,63,909,989,327,20,519,672,182,924,318,399,675,233,101,956,171,829,867,770,201,613,767,639,868,508,849,920,400,550,214,882,338,23,240,996,370,171,259,377,139,304,110,651,971,719,751,148,52,960,99,745,744,580,831,115,551,667,864,885,254,320,538,219,472,529,923,501,526,878,440,968,254,446,604,494,81,962,344,35,232,978,708,939,596,535,5,923,363,300,909,90,144,161,157,517,749,829,364,13,90,229,254,649,929,169,305,109,961,524,710,532,221,394,518,132,217,50,771,854,403,767,390,246,14,884,168,638,730,705,675,17,299,168,599,232,94,189,308,316,527,157,87,55,889,35,120,618,631,99,789,149,631,583,929,93,189,164,834,624,890,856,417,697,840,178,582,667,576,291,32,129,692,846,568,841,517,867,91,424,665,839,709,115,521,630,870,405,383,495,288,739,76,22,785,535,408,111,854,991,870,446,215,195,466,920,983,800,320,451,951,42,97,738,146,470,269,743,323,890,301,742,147,96,887,850,807,954,621,896,516,505,104,679,340,490,163,592,796,678,701,568,410,251,434,864,913,433,723,157,472,622,830,802,767,595,975,896,39,831,775,844,208,284,975,262,741,829,395,500,138,582,834,721,727,777,414,457,871,674,561,430,102,227,430,116,215,513,982,585,613,222,221,578,26,545,276,806,161,156,696,42,949,516,219,1000,330,684,82,564,123,202,3,378,146,833,289,999,652,986,825,609,683,653,893,719,518,52,406,769,844,376,474,48,134,372,857,927,786,287,773,638,469,767,735,883,835,343,370,500,535,891,336,567,995,725,398,198,899,236,107,313,86,489,299,7,201,85,204,811,403,274,543,313,950,888,161,54,479,967,608,406,427,650,410,298,427,361,461,141,68,157,84,631,382
633,568,146,99,789,220,474,591,665,647,878,365,409,826,429,431,121,678,882,184,842,397,990,999,720,467,974,469,626,622,353,217,954,684,887,740,89,231,109,258,334,867,261,840,459,486,698,946,411,602,154,631,559,665,949,482,820,740,880,928,187,594,60,252,585,898,559,336,462,892,637,696,553,761,233,882,978,723,125,602,531,533,690,332,587,859,817,627,743,806,964,311,961,138,616,27,534,784,795,599,857,289,916,250,321,10,521,344,41,548,48,417,929,230,752,263,970,295,298,469,634,152,162,60,888,815,47,670,386,430,996,720,791,429,166,271,269,503,620,254,980,861,383,249,437,561,595,264,917,654,396,337,452,730,417,734,872,478,779,71,989,205,407,946,933,892,809,150,18,914,217,725,297,49,394,928,488,884,873,411,640,946,232,348,635,589,47,671,930,400,879,537,46,146,135,737,109,776,640,804,434,894,486,592,421,339,541,793,532,472,133,92,596,359,61,884,392,64,399,727,128,202,384,990,933,109,542,878,966,706,549,855,74,92,510,447,671,881,904,238,656,967,998,259,960,790,330,60,166,324,901,720,562,435,488,668,618,350,447,227,847,542,108,779,829,428,301,829,768,326,518,946,750,410,491,834,89,700,382,40,446,263,622,773,226,270,526,834,28,208,348,600,125,892,782,293,496,273,97,518,448,328,742,258,639,14,314,164,351,217,637,777,812,495,564,880,661,639,911,497,686,941,226,154,156,936,845,203,96,45,919,580,628,660,315,157,504,984,560,354,964,766,862,141,19,905,715,204,896,26,253,19,846,411,999,415,415,85,911,563,483,533,707,394,712,109,582,615,138,683,406,533,804,902,716,92,497,829,694,301,902,131,118,572,855,334,3,987,276,406,163,485,272,274,621,400,41,754,843,301
258,679,184,570,493,705,219,469,732,659,789,678,547,419,708,579,553,292,964,272,194,283,752,211,66,713,38,418,19,647,142,408,976,150,312,468,271,324,795,104,438,226,391,283,333,961,270,997,155,539,846,83,733,762,396,838,676,258,510,803,701,501,26,111,133,329,337,866,848,61,984,538,848,686,977,525,882,7,792,10,771,42,514,740,152,961,411,551,173,0,425,572,531,602,590,550,964,314,309,220,60,862,623,946,36,932,219,482,840,60,651,971,821,344,290,518,753,964,803,269,807,768,773,998,778,405,951,124,856,404,549,431,54,378,122,217,220,866,800,173,872,997,994,593,344,196,323,609,317,401,983,226,916,548,899,500,814,524,632,813,390,274,136,764,848,343,956,408,64,155,240,178,391,19,625,206,585,291,297,792,735,852,701,586,659,983,405,732,96,184,120,91,844,157,831,562,861,120,963,324,721,142,286,54,758,625,614,228,94,630,716,854,748,141,747,945,583,391,584,281,197,309,97,628,954,737,733,449,127,484,958,688,865,781,169,72,343,56,179,109,693,784,212,379,144,592,201,882,398,454,865,770,808,187,300,378,86,72,43,865,947,47,350,698,319,674,350,417,124,873,57,67,50,243,507,619,209,579,480,426,12,163,856,631,569,438,198,418,95,333,229,743,488,952,398,896,151,610,300,359,350,642,50,998,819,948,152,539,564,118,313,843,559,78,458,981,65,162,764,894,735,357,713,800,571,65,803,406,986,951,980,358,968,312,609,568,966,269,100,819,474,24,584,518,208,66,95,927,107,450,451,25,50,353,759,982,953,120,33,362,327,599,986,65,263,882,312,292,521,701,662,290,81,87,246,325,549,0,736,803,603,702,307,4,131,217,942,178,556,970,25,745,751,479,680,938,328,799,250,757
424,86,678,288,574,996,219,74,18,477,55,200,995,672,377,127,264,40,946,455,261,46,465,115,343,252,173,62,40,843,530,800,262,307,157,214,661,379,763,580,562,758,87,912,62,138,958,316,691,764,148,188,785,38,240,70,594,333,470,363,515,426,69,441,942,45,153,875,27,372,938,306,61,588,868,825,626,107,504,175,598,408,2,590,404,624,458,689,194,970,558,100,322,867,560,497,163,262,313,749,84,945,850,89,445,193,620,555,491,237,552,767,519,113,815,73,437,70,24,171,351,952,108,940,109,317,905,483,257,955,443,962,506,130,686,113,241,260,884,922,736,621,738,798,862,329,824,818,460,43,23,108,599,190,54,911,889,841,648,832,553,633,946,951,200,977,109,149,324,639,0,371,163,650,571,391,834,756,266,136,395,390,147,713,493,291,883,877,22,813,488,589,457,872,931,99,1,800,750,568,249,525,829,117,257,319,238,713,48,198,865,558,691,300,6,322,681,663,809,812,311,322,974,733,121,715,411,247,963,369,54,582,845,852,104,590,674,682,191,500,477,428,703,213,147,923,804,525,713,682,627,985,299,507,844,578,437,699,149,118,839,842,665,586,347,89,794,284,616,356,493,479,451,442,974,963,734,380,832,566,11,275,775,115,412,567,166,458,51,716,441,780,49,193,891,550,553,28,289,656,939,24,190,26,154,694,339,263,831,442,782,957,254,322,8,556,792,343,795,184,405,395,883,587,318,227,472,971,764,954,250,728,53,32,789,769,93,913,529,766,29,85,899,344,472,102,23,921,631,191,946,970,286,435,126,427,76,325,933,672,761,126,707,516,448,774,646,539,496,218,342,138,342,781,159,696,693,540,558,308,560,356,803,268,902,16,235,195,254,722,196,421,347,969,367,324,482,751,132,596
572,961,757,615,763,941,572,602,673,183,994,276,121,238,957,363,602,45,792,735,812,794,860,681,935,408,900,45,228,175,245,923,586,74,757,844,754,3,339,885,55,658,271,495,974,527,257,748,334,810,162,721,616,915,239,498,264,172,787,92,456,277,572,265,965,141,644,141,36,311,552,983,122,921,890,534,560,332,988,130,364,732,758,114,278,25,603,209,518,76,942,178,72,867,235,482,263,312,470,667,940,599,984,167,194,540,595,925,602,6,156,51,815,450,241,857,67,286,701,866,22,284,931,553,125,605,588,355,633,535,802,116,348,582,387,999,759,911,580,32,898,138,120,898,68,156,202,854,902,624,379,409,985,617,746,332,88,451,189,918,106,31,459,701,580,159,773,964,935,578,159,793,558,918,23,982,672,893,513,262,893,398,645,477,955,605,358,453,437,167,705,391,279,182,575,640,570,199,909,754,134,884,216,440,644,341,561,117,239,676,68,658,795,355,119,499,863,63,42,15,455,890,367,165,190,806,540,276,832,317,90,118,497,255,686,756,501,347,315,505,88,282,335,730,781,789,869,422,796,654,993,814,814,629,957,963,146,70,182,42,753,583,429,602,824,608,833,314,549,358,164,747,1000,388,917,82,593,525,948,29,960,126,473,236,919,218,101,93,49,212,714,989,17,120,710,864,215,2,28,859,900,510,498,632,886,663,830,375,606,245,800,500,379,950,303,891,292,921,786,152,240,733,484,649,23,744,970,505,364,63,957,854,648,429,301,573,398,607,672,32,928,595,384,912,829,184,10,762,573,216,175,951,31,729,365,174,578,358,531,585,159,653,135,223,199,892,217,449,686,889,14,316,93,771,174,31,548,461,444,531,155,170,320,778,129,871,305,17,527,157,506,37,98,402,120,634,736,18,189,368
470,848,855,732,540,120,143,728,133,791,178,943,399,850,292,611,565,717,484,573,143,734,804,39,560,649,546,530,178,647,184,261,713,249,301,125,745,269,502,926,289,994,586,60,811,741,498,341,946,76,691,303,39,163,624,548,687,558,488,429,932,482,899,422,325,883,542,873,151,140,537,76,810,329,126,874,467,315,865,255,33,732,854,715,968,82,615,805,920,572,89,488,330,313,205,167,972,912,773,295,712,84,930,680,751,318,877,865,665,853,143,932,338,948,590,894,355,632,284,190,475,914,298,260,760,187,600,6,818,320,184,359,876,125,457,850,841,80,145,128,490,390,552,184,507,483,306,973,933,970,124,80,473,126,869,567,629,590,421,837,393,873,829,743,573,483,308,569,173,615,150,439,918,664,66,167,286,785,678,964,548,739,459,418,486,759,925,931,408,502,53,390,120,466,742,450,714,563,151,856,680,201,693,83,494,118,622,107,67,486,43,747,799,121,121,536,436,683,412,614,670,333,372,401,678,326,529,570,482,247,151,946,55,130,686,191,420,427,914,75,166,910,525,38,283,490,73,527,145,545,308,361,782,12,958,9,415,904,82,726,622,381,503,215,330,628,225,149,661,705,227,290,368,881,341,982,991,209,74,372,150,845,687,0,127,63,654,589,384,648,153,158,857,122,681,850,374,197,62,750,919,370,868,901,223,960,965,595,718,429,259,609,255,702,786,10,118,348,918,10,350,567,758,639,726,29,877,776,251,937,872,603,57,540,485,109,554,941,357,890,539,296,750,672,99,962,129,321,631,352,929,326,575,683,69,763,68,794,97,966,72,791,797,647,114,466,246,506,960,743,41,342,876,496,544,800,518,702,594,593,753,866,459,442,966,911,252,450,922,94,75,320,175,811,866,830,437,378,332,550
984,815,105,617,678,922,164,575,616,83,110,652,768,23,365,176,656,734,73,491,108,72,888,260,1,745,288,732,759,536,138,325,368,879,863,210,35,547,30,753,906,934,87,571,359,810,792,450,354,602,864,569,219,183,900,41,883,229,66,961,317,584,148,780,159,159,761,139,415,54,283,467,824,389,988,436,48,691,548,625,839,813,791,809,562,443,269,643,310,182,451,419,761,870,293,997,403,868,306,506,352,942,238,675,233,568,724,830,959,406,135,98,806,62,914,220,685,413,236,225,104,305,887,872,515,409,328,825,817,834,11,234,698,926,637,85,840,184,245,167,421,19,395,894,510,414,499,354,842,688,673,400,361,95,304,512,291,278,710,693,638,978,604,372,266,714,683,110,619,710,273,678,149,347,796,565,181,47,43,98,217,0,157,724,22,36,858,717,717,101,125,66,151,76,790,413,448,540,722,851,484,99,674,472,707,949,907,295,107,537,841,927,237,787,759,185,754,938,38,589,832,357,961,557,318,807,557,370,363,361,800,890,150,297,614,750,932,347,131,987,650,42,615,357,964,226,939,313,73,486,291,704,833,72,887,687,389,593,43,660,118,646,807,230,759,222,510,649,159,743,695,971,627,668,370,660,85,17,27,986,258,997,124,971,426,994,239,773,401,450,728,706,836,934,363,365,658,661,769,916,366,544,829,389,154,544,161,410,44,397,588,749,467,750,793,984,337,348,272,625,416,667,94,361,96,725,423,270,20,750,83,490,145,869,482,460,861,981,917,426,366,709,366,415,158,884,203,789,133,149,895,517,476,467,461,351,62,488,8,20,864,945,198,692,579,453,276,649,654,917,915,548,181,331,344,757,249,44,892,529,3,354,550,728,588,870,204,544,184,501,160,828,417,153,591,614,935,555,735,928
109,318,402,75,348,335,495,120,418,979,272,385,24,16,223,140,648,583,137,440,683,920,409,875,361,798,290,473,802,406,211,261,183,345,312,901,172,213,723,463,935,412,402,329,793,578,166,247,963,274,921,695,618,625,855,19,79,448,441,247,563,39,604,804,159,672,137,201,839,453,670,304,286,980,701,56,749,566,172,529,442,43,33,810,155,918,297,114,595,852,274,767,790,622,987,125,591,689,513,869,402,127,97,149,839,870,414,349,21,193,450,139,282,376,817,703,376,714,58,135,738,60,986,404,551,102,595,21,10,929,143,451,531,90,500,901,158,946,703,651,183,884,240,44,482,411,538,294,814,173,44,914,685,787,821,665,905,462,547,861,198,68,575,771,145,11,511,775,20,425,355,901,569,731,887,637,842,142,623,526,824,540,175,77,857,723,221,95,579,680,293,166,33,437,205,145,475,160,853,302,967,807,857,85,941,380,626,947,467,889,223,808,921,900,976,61,955,744,262,540,874,993,399,535,765,389,322,369,69,122,442,998,835,536,293,163,77,284,887,633,632,902,474,200,18,537,572,854,337,343,282,859,403,659,29,348,816,466,250,740,466,52,256,735,826,873,823,636,226,966,841,665,37,442,454,481,169,540,671,387,445,758,398,889,194,391,569,528,1000,349,45,554,516,272,638,187,548,197,919,789,364,852,698,267,890,900,510,228,389,420,485,677,676,629,136,371,71,402,221,389,977,745,835,356,723,344,467,659,621,857,317,733,374,577,341,385,885,276,440,844,811,150,89,415,471,774,401,161,313,794,208,904,847,579,555,700,16,375,919,859,140,811,310,779,384,828,921,376,46,164,378,836,848,901,241,821,96,107,538,945,459,490,221,695,674,19,947,763,955,736,21,253,625,594,250,490,532,158,117,496
841,85,214,691,0,931,644,187,740,992,246,326,658,517,8,342,803,698,689,215,679,263,75,215,464,856,852,671,825,581,162,981,499,591,910,450,449,738,796,358,398,348,357,573,240,921,543,115,953,529,535,932,467,202,423,156,232,862,824,431,563,616,110,60,33,832,511,601,962,157,327,95,184,995,908,780,893,504,36,741,488,17,758,734,368,728,727,210,259,762,677,365,927,672,24,108,834,197,810,987,882,653,528,596,956,990,530,123,252,944,284,218,418,145,578,870,532,834,916,845,801,133,504,56,468,291,349,156,390,466,367,489,423,739,13,275,15,362,705,20,637,650,791,131,794,897,239,27,650,219,165,712,314,597,281,910,159,404,45,344,89,727,326,198,328,815,76,377,136,293,724,404,855,741,370,367,835,567,768,125,580,882,666,313,720,68,233,142,360,503,667,945,366,760,558,108,498,922,293,362,999,578,631,220,442,961,469,150,70,304,481,25,77,740,533,602,59,24,190,693,790,728,680,877,189,748,22,843,266,335,681,375,54,277,315,33,354,682,466,920,636,155,753,251,547,437,744,133,590,620,788,762,44,873,916,518,321,297,922,308,381,892,932,355,216,580,453,400,939,359,620,164,432,304,268,839,353,436,236,446,804,404,903,173,836,788,461,993,482,677,481,95,256,166,944,144,583,238,746,893,254,553,930,285,983,901,210,770,631,520,652,531,217,478,281,787,680,571,769,386,266,280,430,327,255,869,360,752,865,228,541,341,282,34,996,912,232,85,372,232,147,61,787,312,528,78,306,839,344,805,80,123,517,619,388,727,558,34,910,265,453,882,799,802,159,895,737,663,534,546,557,966,873,956,847,148,519,483,320,668,978,240,625,108,564,980,832,830,838,950,972,739,673,829,964,343,208,871,653,74
312,386,535,39,854,661,540,358,916,243,187,710,631,888,286,850,20,319,555,282,479,250,285,307,938,258,380,822,842,164,604,800,702,444,738,356,352,531,619,132,142,887,353,121,447,787,308,13,220,446,43,859,213,644,644,646,822,696,517,292,349,419,240,535,335,963,107,897,958,905,879,657,111,81,523,618,589,417,11,680,697,973,67,782,931,114,902,453,751,10,164,678,998,27,874,638,10,699,660,609,473,116,534,279,735,161,176,730,638,698,457,87,550,414,455,83,883,897,699,19,12,166,541,279,543,725,96,929,978,683,118,107,503,570,476,293,957,948,302,916,116,562,758,916,803,920,16,111,715,430,205,445,220,454,698,322,815,792,376,505,735,300,93,203,377,642,488,853,886,790,530,670,383,966,300,623,832,665,785,653,721,863,632,566,494,484,376,143,755,96,50,560,220,190,389,930,873,37,677,705,265,491,277,901,330,534,703,696,749,730,40,2,621,96,710,701,941,132,969,503,693,467,357,994,722,113,648,272,756,907,961,816,700,441,390,580,659,331,420,131,600,815,223,316,353,218,69,106,394,19,900,135,959,456,956,750,823,17,832,705,951,567,252,49,301,821,985,852,941,709,934,583,576,211,548,597,682,422,938,223,850,514,778,441,971,71,321,223,283,857,944,929,353,751,31,606,763,976,948,384,401,602,339,144,820,352,784,728,365,617,167,280,584,574,0,602,113,828,199,848,779,286,74,328,168,320,480,519,820,534,223,283,998,500,705,843,76,38,584,897,697,524,888,319,549,750,716,882,806,825,563,362,402,872,758,232,822,918,541,71,467,195,821,564,767,332,332,617,447,97,281,221,254,69,892,966,966,811,874,548,78,644,633,678,611,848,64,317,315,977,286,196,656,522,858,276,74,201,497,293
121,179,765,21,664,559,372,736,152,857,676,427,5,752,234,318,251,140,33,837,156,620,467,466,567,985,965,999,51,663,278,432,486,5,727,704,518,653,279,291,941,853,750,463,857,957,157,587,252,498,392,504,899,463,913,122,160,353,989,960,333,221,874,744,141,683,775,490,769,590,238,828,18,246,834,485,820,250,712,686,716,721,184,44,877,131,390,599,345,678,434,979,338,102,801,479,5,712,750,751,487,493,784,186,158,890,538,273,469,399,268,243,873,779,50,304,701,166,81,442,464,783,504,216,252,574,365,977,973,370,887,223,951,327,842,702,447,478,496,640,487,434,226,231,726,113,827,159,301,45,280,94,618,995,233,835,5,317,845,131,237,400,788,784,286,29,604,183,164,986,260,477,989,608,972,941,614,371,724,321,824,25,855,728,670,681,847,846,242,41,606,649,475,970,757,158,198,272,133,614,988,845,450,677,890,376,677,174,141,324,787,203,67,995,92,723,165,93,721,796,860,896,497,119,274,921,673,167,665,747,887,170,622,244,234,334,466,759,61,260,448,787,849,331,296,17,331,17,689,914,103,259,148,704,699,694,553,435,95,375,715,196,506,792,666,257,263,89,23,652,357,322,123,64,345,661,126,743,808,412,90,197,568,272,897,18,798,593,990,624,825,722,965,768,980,940,711,969,187,672,526,161,547,958,819,723,232,426,665,874,834,557,521,884,881,761,750,976,802,542,341,159,720,81,660,525,503,453,857,646,42,863,316,316,497,593,321,258,479,549,827,795,737,725,908,357,308,86,487,707,461,583,164,218,291,509,967,863,453,948,784,739,380,771,219,743,997,160,807,287,301,595,348,514,599,148,376,223,382,662,672,477,817,788,433,248,855,301,943,895,667,736,544,978,938,790,247,487,852,664
883,791,689,335,947,836,925,238,757,847,949,599,151,505,535,4,378,893,995,401,685,135,978,700,370,352,968,951,466,993,570,665,255,978,860,125,50,680,433,980,564,765,476,448,629,228,110,264,295,125,813,93,54,489,906,363,937,509,803,654,513,118,760,652,608,994,220,802,998,722,939,626,11,55,648,935,327,705,133,582,897,219,385,811,10,870,99,413,60,230,221,125,205,176,550,423,351,472,168,300,641,304,554,628,398,707,730,845,668,15,409,743,999,420,1,987,955,420,159,398,58,409,787,248,285,583,406,758,564,610,294,174,237,292,325,856,342,458,355,632,794,193,189,330,439,851,182,220,15,954,948,677,551,419,8,337,789,292,638,11,624,947,111,221,727,277,487,68,519,376,496,918,950,463,196,766,683,933,398,715,625,10,640,307,72,783,136,128,398,219,338,459,844,643,31,629,45,268,702,794,802,406,359,81,850,442,719,1000,160,142,475,493,26,831,416,609,178,368,955,986,971,429,78,232,43,661,334,622,687,932,604,775,382,881,123,203,19,396,203,432,642,484,587,766,710,888,589,26,559,599,181,296,880,560,990,900,909,726,416,736,327,519,560,974,959,605,827,433,737,806,677,642,26,350,204,583,565,271,77,59,622,381,845,527,456,402,725,995,26,761,313,143,737,667,142,961,903,345,686,997,373,579,425,704,20,73,484,129,318,564,431,266,795,754,470,246,660,313,899,379,695,919,73,476,299,808,429,419,518,371,264,17,363,602,303,728,902,708,908,838,717,567,621,989,396,695,735,331,877,877,862,163,165,97,5,188,896,367,653,659,708,161,640,661,293,284,672,323,868,991,977,437,525,806,924,2,403,130,597,717,939,490,470,906,770,256,917,22,863,204,581,870,435,638,712,314,983,479,621,761
779,50,146,198,1000,59,403,590,123,177,60,93,984,491,877,596,514,234,318,987,694,864,543,635,582,559,115,107,392,688,6,216,853,381,792,556,159,201,26,341,704,578,167,210,33,382,182,761,139,26,782,980,642,465,6,865,843,209,890,556,671,731,752,9,790,47,674,459,455,218,163,537,313,212,927,591,939,621,388,976,358,299,505,213,89,447,559,65,403,559,45,544,986,333,21,616,630,686,654,650,519,283,624,246,129,598,2,92,186,755,256,627,878,817,542,390,2,98,964,383,895,689,859,926,927,61,762,738,159,807,897,304,436,513,909,324,58,228,879,97,652,266,404,851,898,967,709,350,360,377,377,411,10,61,871,589,680,525,699,208,176,144,627,689,635,975,625,929,307,799,540,675,75,146,503,686,236,589,39,669,774,924,221,798,14,535,702,806,372,74,863,525,804,224,498,989,217,285,678,31,809,996,116,81,658,248,50,406,33,31,482,715,380,747,45,371,943,179,73,20,822,488,591,558,949,147,340,29,981,156,16,298,969,970,363,760,423,971,467,110,952,39,647,632,397,733,10,205,59,392,360,804,324,462,474,944,978,479,866,383,13,993,99,305,116,156,253,984,16,564,74,847,197,183,587,910,873,443,370,563,448,151,581,778,381,821,379,1,937,152,608,783,996,203,862,771,333,541,24,518,715,635,793,577,676,229,677,388,131,776,907,642,315,398,860,32,442,800,377,845,927,995,250,151,58,326,842,767,670,167,646,101,317,101,452,981,571,475,415,118,512,128,897,864,18,895,612,307,44,485,127,747,888,1000,190,403,659,885,121,384,598,789,775,155,306,216,16,376,90,915,335,48,902,575,819,182,409,893,324,644,114,851,241,53,450,162,263,350,204,353,122,998,591,236,34,191,685,201,276,505
733,116,870,392,99,736,419,782,32,671,180,456,839,893,736,164,349,835,732,763,431,356,3,964,662,115,860,816,890,109,655,611,842,444,451,903,780,874,113,639,613,756,650,402,544,944,135,584,76,794,757,534,267,272,720,196,745,587,45,867,670,789,228,42,105,588,738,789,558,830,156,372,827,587,28,78,861,994,457,912,654,30,660,299,786,538,502,215,77,648,167,979,201,328,224,578,299,706,870,692,78,829,402,716,861,161,890,790,568,531,413,140,742,401,270,781,40,863,470,631,643,448,817,310,861,394,101,713,414,262,199,10,142,552,88,977,472,512,472,22,683,88,747,872,244,589,949,597,580,879,380,927,264,787,289,773,270,165,229,864,37,258,664,367,583,372,450,335,761,58,432,600,363,799,238,157,614,655,642,469,927,597,206,702,992,303,987,602,928,471,320,190,523,403,875,18,487,534,229,708,560,415,475,396,454,481,683,744,232,562,687,613,810,563,477,124,677,148,403,593,114,72,780,242,642,442,796,707,695,469,660,484,50,330,787,79,583,979,747,776,115,959,358,175,870,855,965,93,750,324,672,370,144,340,562,416,176,301,226,360,621,260,246,474,251,184,301,733,211,770,700,934,679,746,500,331,411,645,466,457,373,580,642,313,735,566,101,410,123,659,797,519,95,786,914,897,729,171,300,7,608,330,461,584,473,338,780,49,287,973,785,900,932,577,430,61,194,720,89,541,956,18,12,224,486,106,360,722,962,994,2,681,145,987,205,237,497,357,197,407,858,903,755,712,225,455,601,716,391,596,559,445,42,914,734,435,876,869,322,528,137,861,853,991,755,374,646,298,593,72,442,782,580,386,445,379,646,640,21,375,922,634,67,545,367,495,59,808,70,513,655,604,3,3,404,364,857,318,537,163
493,536,153,523,452,31,80,963,684,770,574,363,670,457,636,942,509,538,815,523,442,405,932,944,865,422,278,537,336,291,444,842,770,697,199,444,244,195,953,280,410,354,861,898,13,185,760,865,362,530,687,334,518,840,923,654,38,586,181,372,663,572,147,523,567,846,226,688,114,186,380,425,31,51,90,157,597,616,731,593,666,618,403,35,175,673,671,173,324,865,222,0,811,269,670,435,795,436,821,454,174,17,189,813,133,513,776,459,383,606,622,860,4,147,605,815,766,135,192,460,607,1000,645,207,86,806,162,311,906,516,938,738,332,190,478,863,8,846,961,579,502,787,559,10,449,427,48,84,337,921,376,139,692,81,302,617,422,486,714,624,537,193,165,517,755,968,0,915,67,218,381,690,235,173,861,32,579,512,967,660,275,636,788,479,495,468,718,229,330,142,673,808,652,810,829,593,444,60,41,442,856,869,548,944,250,106,41,937,603,518,889,944,229,378,537,881,795,239,626,559,937,165,435,462,580,551,520,342,438,765,194,279,991,521,915,264,933,432,268,28,161,572,254,41,35,594,255,78,453,189,170,614,291,490,192,320,135,156,437,700,554,559,435,351,118,205,553,765,66,918,323,616,969,21,456,99,902,442,29,347,894,434,926,588,166,991,135,608,606,898,653,192,555,186,364,3,797,287,708,890,931,705,140,359,904,600,165,348,670,945,945,964,911,677,922,649,141,857,213,158,585,500,431,101,913,115,935,569,453,723,35,887,760,585,30,927,699,662,953,790,68,346,277,423,778,588,275,766,263,518,490,415,290,889,462,443,962,266,121,514,456,261,103,896,219,773,424,187,131,534,615,654,238,861,863,905,394,368,599,497,359,994,608,966,192,508,956,392,840,162,301,182,956,446,535,868,726,209,299,272
438,243,659,185,95,191,962,172,474,461,183,57,728,924,49,823,913,48,646,503,463,696,488,789,685,772,870,82,408,869,440,581,40,790,904,456,605,250,865,291,320,4,485,565,200,940,735,830,976,491,781,346,465,585,260,421,237,799,314,661,201,514,354,240,867,299,685,197,621,237,52,9,244,115,405,921,567,241,460,65,593,971,517,811,668,365,76,202,819,381,256,146,764,452,465,699,665,478,807,36,511,526,517,23,852,811,372,144,854,459,244,203,687,560,483,167,604,831,836,799,488,271,215,746,354,40,565,611,527,604,798,94,847,880,959,608,934,681,442,526,56,55,806,967,350,585,768,383,909,553,454,273,916,580,616,708,382,263,759,699,618,678,204,587,171,507,91,349,503,771,499,375,874,390,815,944,177,700,14,891,660,686,985,392,734,273,140,962,265,881,905,138,235,772,260,838,498,903,881,99,971,940,218,327,677,694,653,276,979,934,422,385,817,692,551,27,438,639,380,154,785,637,422,717,458,556,533,18,222,827,881,290,107,153,824,224,844,741,918,571,283,428,797,185,644,565,886,524,902,898,583,433,618,19,376,123,977,648,271,96,191,134,101,106,356,3,855,381,673,17,912,418,205,606,773,239,708,827,244,225,285,353,151,745,878,528,52,822,358,539,564,842,338,779,106,446,693,909,871,351,328,807,404,653,661,591,948,905,689,924,693,988,768,92,295,796,953,983,614,523,796,940,827,181,333,296,60,53,12,18,834,347,297,16,258,573,282,180,653,395,448,376,105,92,220,149,780,23,889,978,616,671,807,344,767,645,992,440,835,572,617,254,309,750,805,68,136,43,358,803,360,837,823,866,485,838,471,510,404,902,886,538,446,879,984,498,121,602,145,58,890,146,537,907,680,153,398,16,829,331
957,240,864,148,756,164,972,993,464,997,175,290,929,271,859,299,101,185,812,479,955,472,919,205,676,960,34,280,15,804,679,801,983,567,629,443,501,177,725,691,564,279,304,466,142,49,887,367,103,445,244,331,840,705,355,708,296,493,73,403,724,273,765,427,403,798,504,331,321,149,437,916,473,109,387,307,503,524,818,315,702,687,866,380,807,259,253,894,733,646,449,896,583,18,83,969,570,422,344,344,969,440,575,653,280,495,763,921,287,476,418,644,333,519,952,168,194,72,637,27,78,61,33,786,525,953,118,935,422,944,52,894,326,182,933,20,764,871,220,679,413,266,823,419,175,559,820,539,855,536,213,446,299,342,537,227,418,872,208,72,945,816,488,10,763,859,1000,147,364,427,358,815,992,435,679,177,146,509,51,588,746,28,971,455,506,336,90,461,410,76,342,818,630,919,243,544,162,917,289,437,616,740,711,982,708,851,829,631,591,3,162,196,528,82,130,449,754,38,603,69,657,206,876,471,119,593,558,263,68,219,827,480,370,651,163,312,317,356,579,51,555,470,946,714,353,52,354,657,992,614,156,631,449,413,385,387,218,930,376,606,844,101,43,405,856,343,913,173,821,821,435,226,846,696,458,195,852,885,657,817,653,741,452,751,862,566,276,612,171,274,947,502,155,220,492,100,843,984,450,733,255,130,368,220,859,139,207,588,370,266,728,994,53,689,755,992,434,772,458,818,156,747,735,77,151,486,225,112,29,162,132,485,698,913,759,467,12,155,485,355,170,11,299,647,613,726,505,704,520,293,740,638,667,897,247,412,512,742,798,216,270,107,497,324,31,347,3,858,71,223,728,847,991,75,748,795,219,350,122,94,522,663,503,313,525,43,53,414,907,692,759,743,814,526,191,904,510,286,233,412
978,485,814,341,388,144,54,451,243,695,161,554,768,195,346,294,22,457,978,90,826,355,194,66,134,572,963,639,825,290,752,87,619,124,150,776,425,99,296,8,293,152,769,426,268,903,313,52,718,219,727,272,134,53,467,489,773,692,609,673,148,370,383,535,550,360,673,177,21,261,107,321,879,109,954,875,559,307,590,378,609,187,607,396,817,497,367,392,344,388,543,171,891,499,903,920,175,617,959,83,34,883,653,503,882,412,759,32,235,507,267,917,784,674,404,648,763,437,298,601,351,539,621,283,669,131,827,127,254,784,198,558,455,211,535,831,661,525,404,492,155,351,293,134,51,682,194,184,364,707,610,183,169,200,97,217,398,868,996,918,992,442,954,198,244,242,381,982,727,771,794,928,660,729,224,789,878,79,20,334,930,582,732,894,341,174,652,871,769,532,938,761,449,996,672,211,469,266,526,388,7,79,961,249,65,517,82,984,86,593,302,725,536,557,898,143,460,569,778,467,762,52,72,760,905,717,19,909,543,150,455,536,578,312,623,625,163,621,952,376,698,744,293,28,54,17,596,140,263,681,526,997,716,33,15,87,285,333,485,276,857,839,99,97,477,267,38,651,131,147,617,372,893,525,257,77,84,557,718,735,456,551,485,451,655,439,40,531,952,884,345,172,692,256,373,781,82,944,65,928,315,317,420,878,454,39,4,675,842,976,464,650,807,372,978,282,229,841,477,714,85,675,190,88,474,58,559,105,704,873,165,768,117,536,533,18,744,462,699,826,255,413,854,187,416,535,781,749,407,334,932,944,180,157,432,883,996,121,642,525,28,189,766,37,715,110,748,576,668,279,356,679,414,836,567,316,976,509,995,668,315,758,431,154,385,893,820,456,541,72,914,360,787,547,524,380,80,648,431,242
262,377,930,623,865,3,527,498,71,660,964,249,398,413,339,680,336,267,400,203,151,803,206,220,6,319,438,485,254,767,476,288,861,681,401,926,330,6,157,141,350,354,513,913,195,130,56,20,924,790,195,44,686,44,612,835,567,846,392,813,29,403,427,706,249,902,745,624,63,267,110,984,467,277,854,281,155,820,10,862,712,706,750,390,549,162,472,319,268,795,765,763,139,471,191,752,885,972,810,472,51,350,413,601,521,977,367,804,700,332,927,487,205,791,843,915,39,978,190,38,764,939,37,289,412,519,392,822,988,788,627,734,514,473,790,241,637,963,621,204,253,104,296,112,457,990,105,134,275,467,259,505,916,697,745,7,603,513,309,492,972,568,839,788,55,823,10,745,914,747,265,116,563,620,846,533,173,339,963,972,305,524,565,21,705,534,223,580,675,407,741,622,530,515,115,527,94,680,486,424,639,442,779,514,922,848,62,593,621,972,884,773,49,462,453,451,296,313,626,704,407,816,440,931,991,230,657,854,238,67,743,523,144,827,3,529,626,259,270,623,529,980,673,992,843,263,613,981,150,265,860,288,339,784,619,675,683,297,367,150,582,378,738,678,325,558,886,91,590,275,286,146,793,305,80,319,634,211,328,790,761,783,527,953,566,337,39,14,697,933,611,508,653,288,128,20,74,261,83,631,387,454,233,857,314,829,150,722,417,385,382,562,199,247,286,798,304,851,767,481,297,154,185,102,117,329,38,500,603,217,641,20,444,290,356,278,256,334,925,879,948,427,212,305,202,416,693,316,562,241,939,519,9,124,898,714,399,128,408,301,831,0,871,176,764,918,569,309,524,473,882,445,122,432,719,936,365,434,357,874,739,402,75,86,150,96,288,837,389,234,820,412,117,634,662,777,369,561,631,393
786,309,190,996,943,918,518,747,676,183,960,863,829,417,879,432,138,589,429,689,480,120,557,269,815,87,449,141,169,325,729,885,402,582,878,989,712,601,111,890,108,535,48,705,928,792,810,591,574,563,910,311,807,717,590,794,373,107,704,7,890,190,263,58,373,285,377,821,791,417,539,906,52,8,708,735,77,700,499,756,572,772,418,278,106,43,643,89,989,687,386,737,726,134,635,896,137,747,696,729,15,160,169,7,226,315,914,933,788,59,907,253,953,727,111,733,558,528,996,843,188,502,81,406,245,47,531,542,61,39,418,193,996,170,941,281,714,62,394,189,594,585,354,640,149,224,746,170,773,129,615,862,729,478,166,671,765,297,163,362,351,478,589,587,163,854,619,661,280,905,968,172,576,495,557,280,620,928,241,86,901,312,105,881,147,611,311,655,328,336,655,785,651,830,203,661,157,543,712,277,459,150,537,183,934,252,349,781,883,673,596,710,583,425,782,823,324,512,93,951,905,904,539,354,553,856,655,399,777,966,514,704,166,78,977,463,679,426,563,902,69,531,750,170,44,668,789,412,564,335,566,9,70,323,839,156,90,461,522,895,187,397,701,34,245,827,272,913,180,119,284,757,976,210,249,723,705,571,267,195,233,672,89,404,700,477,150,45,599,260,40,912,798,53,423,980,334,315,421,322,707,96,893,489,742,221,436,674,582,887,330,450,666,262,595,716,515,570,991,367,547,528,470,974,404,180,292,549,784,84,315,1,211,53,871,485,469,196,224,887,45,876,486,394,468,52,117,424,922,24,190,211,294,910,688,331,562,611,637,821,527,252,41,172,945,877,934,657,61,136,691,982,867,967,587,569,844,261,989,46,55,109,625,193,681,124,791,844,449,974,767,77,891,810,953,6,625,159,242,486
225,595,560,323,750,562,584,763,204,978,103,687,852,882,489,7,891,462,713,321,27,180,450,423,978,67,469,981,655,607,502,485,24,91,299,107,443,113,773,762,801,28,63,710,124,487,241,516,967,263,976,574,738,466,255,689,62,971,933,533,567,794,776,630,81,40,269,472,383,3,654,72,682,28,932,595,862,310,703,966,250,95,711,263,970,137,145,98,296,515,918,513,103,424,639,344,106,138,679,10,543,188,149,501,372,836,263,860,274,571,985,341,167,232,983,316,782,469,958,707,327,63,868,232,401,579,765,923,428,300,53,185,578,96,887,336,886,344,300,316,600,305,983,444,824,40,146,513,349,617,230,947,693,212,935,125,489,291,348,330,397,584,649,953,432,461,107,769,885,520,101,890,701,923,509,293,799,314,840,567,651,543,948,173,880,554,991,538,280,556,810,9,489,398,379,67,28,578,403,740,192,747,512,244,369,838,20,474,362,879,463,90,892,533,91,28,649,933,971,614,310,610,183,705,553,138,329,842,502,415,804,74,755,477,860,63,788,293,571,177,356,779,372,959,712,102,161,565,940,263,269,972,302,956,802,171,702,49,337,297,403,797,184,931,770,794,198,6,925,736,56,561,940,366,654,571,435,548,516,849,292,621,747,16,477,66,834,365,272,99,782,847,856,839,306,776,740,723,463,845,261,195,168,560,912,114,860,813,730,145,614,426,871,764,886,961,610,345,73,427,119,632,859,51,672,818,373,228,648,930,532,580,403,36,287,108,898,277,330,513,928,409,163,542,166,201,605,948,560,813,524,359,552,160,201,97,49,321,310,282,792,715,233,884,445,521,229,726,200,507,27,692,826,979,233,695,295,770,214,894,241,653,838,642,423,733,855,695,421,202,730,744,385,357,775,325,468,991,836,694
748,228,146,400,6,65,490,822,238,950,696,269,476,927,327,427,859,285,282,913,418,97,220,314,386,491,313,469,553,14,303,524,927,60,948,233,853,937,332,819,29,258,296,418,781,558,319,196,97,189,600,972,863,755,65,342,476,159,103,596,957,565,593,235,503,229,487,405,387,862,86,166,444,409,605,658,301,132,304,53,724,37,950,257,359,229,159,385,102,159,139,252,866,315,703,128,553,290,289,888,897,258,623,742,522,627,519,531,88,108,303,552,659,880,285,645,796,442,42,141,233,27,308,636,542,574,89,849,639,227,530,620,947,167,42,121,143,832,64,988,901,127,328,162,702,187,706,676,400,706,867,507,521,84,587,372,324,160,210,674,955,155,697,490,70,71,606,129,839,943,103,774,399,123,285,951,433,728,684,631,626,141,990,64,447,370,178,518,895,445,555,865,474,958,679,850,749,573,443,571,142,997,514,22,612,466,588,903,518,528,476,602,876,417,935,508,425,310,398,312,638,587,959,315,492,442,48,489,656,418,288,704,501,925,331,135,15,548,207,618,451,101,813,628,433,196,469,650,105,644,509,546,87,323,362,363,427,772,716,221,584,41,382,414,976,966,564,804,851,825,670,600,956,277,780,533,935,979,243,575,393,292,487,685,143,206,471,917,981,373,699,502,477,213,941,358,57,930,647,847,692,947,626,900,661,883,166,898,307,724,942,210,551,360,573,384,279,68,425,545,75,785,168,832,826,863,661,613,960,24,952,507,793,606,12,34,126,932,821,280,232,811,976,431,912,910,377,338,159,317,247,427,82,603,674,907,927,363,207,534,648,358,31,366,952,71,623,214,29,892,995,295,841,333,360,817,17,117,126,799,643,685,919,480,267,459,284,771,544,916,676,273,651,799,333,881,236,308,837,536
394,891,550,303,663,885,393,643,508,709,334,642,292,940,905,293,952,576,810,445,199,262,716,488,478,57,350,730,675,445,18,361,917,969,88,293,466,215,985,181,831,645,939,701,103,314,329,255,153,291,474,370,361,178,266,638,297,207,965,922,571,549,775,66,981,112,663,115,388,189,148,615,576,123,824,216,830,899,275,227,35,654,976,628,534,713,398,587,554,417,704,183,295,412,52,600,169,684,913,647,6,36,684,645,757,537,186,532,244,827,991,428,523,205,692,588,322,373,709,880,455,607,63,21,653,296,347,396,523,486,293,716,39,906,901,245,718,326,648,226,598,967,270,140,605,937,98,739,572,790,179,783,976,358,610,441,425,145,996,582,744,311,510,222,426,792,280,844,301,743,10,408,3,383,519,130,635,292,252,992,485,956,90,490,359,460,870,621,866,22,889,271,465,313,987,437,371,311,431,472,901,26,897,718,820,365,472,384,512,666,620,679,630,686,19,972,518,820,891,342,626,628,366,979,851,64,144,182,565,374,120,906,571,561,546,402,777,111,768,555,757,327,647,979,130,442,536,544,829,408,426,214,296,631,300,322,627,369,254,866,618,937,17,740,991,723,566,850,692,442,813,909,376,546,190,988,766,321,973,501,9,410,968,436,776,253,993,636,567,495,915,38,471,922,790,581,220,146,538,96,90,489,293,96,767,793,85,203,695,503,268,759,843,372,641,118,436,826,588,698,486,760,492,157,995,223,875,457,230,457,235,436,764,360,35,445,952,644,172,370,774,235,291,711,733,438,702,821,637,202,670,11,878,661,381,854,280,528,540,554,694,690,438,747,380,157,922,286,954,153,35,937,717,938,192,2,816,70,167,444,325,769,671,194,299,160,580,804,952,426,614,719,255,454,876,618,714,619,411,816
2,697,113,591,298,289,703,723,69,875,511,673,347,462,530,769,175,326,663,321,331,148,90,966,339,13,883,512,573,152,138,326,457,41,595,245,204,4,391,596,842,552,698,889,846,937,132,412,715,559,916,74,463,305,435,406,596,297,385,533,628,674,438,213,679,293,212,574,575,972,906,555,689,137,274,969,207,757,597,91,418,985,380,855,102,477,700,299,337,715,195,502,845,726,356,595,921,807,85,438,99,158,251,693,421,787,631,937,778,546,402,388,399,941,226,376,367,51,621,948,981,802,593,189,935,34,402,324,994,906,880,542,129,144,66,834,157,809,65,109,289,153,680,721,877,194,374,10,977,910,490,77,429,985,404,134,950,342,119,878,754,89,191,140,697,159,994,978,594,445,223,924,832,836,827,576,108,234,436,295,538,28,522,601,73,20,10,256,268,488,883,284,383,424,127,36,292,644,736,778,904,646,632,317,778,494,901,675,112,439,664,135,810,657,669,274,793,994,274,897,734,560,735,715,746,577,357,318,6,975,662,591,268,108,485,658,785,311,499,934,920,727,964,431,838,55,790,766,840,68,558,585,850,285,246,824,381,170,403,148,932,211,524,269,686,97,270,502,970,215,261,583,517,826,173,45,121,974,464,644,882,388,528,241,500,251,657,69,632,166,369,635,443,574,873,420,71,959,936,296,317,886,752,138,247,949,129,25,964,890,631,541,75,757,495,556,251,890,960,93,253,345,784,372,51,233,371,31,152,324,110,183,148,538,184,1,609,556,19,280,606,516,640,686,45,661,748,947,758,520,543,357,103,934,484,217,619,352,384,656,463,740,702,854,332,287,925,768,577,757,663,836,607,633,494,351,764,838,469,309,196,250,693,404,879,739,911,829,447,53,652,312,891,741,950,621,934,117,338,640
960,461,794,327,19,891,945,21,549,118,510,789,299,471,721,520,98,154,729,969,904,576,22,432,270,726,531,758,560,149,612,208,320,15,225,991,897,784,421,8,774,733,717,335,962,318,524,710,738,917,868,706,627,900,676,967,861,843,634,80,682,935,846,975,826,27,844,842,245,173,97,529,673,437,32,758,114,174,719,281,562,516,386,347,77,766,152,960,437,265,154,855,582,34,938,586,417,222,290,677,940,441,291,782,554,344,467,941,556,460,831,74,749,343,373,689,816,908,206,688,162,949,66,221,668,200,82,916,888,639,882,69,697,457,503,379,886,546,477,348,598,871,474,812,606,193,802,530,252,33,896,48,54,641,788,412,9,557,38,84,741,504,426,865,127,702,204,414,415,526,405,99,630,315,189,136,934,864,243,301,716,773,165,97,347,528,514,636,909,750,223,478,497,119,923,881,379,487,106,116,587,507,858,989,398,988,801,831,554,334,206,988,667,533,610,482,993,167,273,194,872,6,791,981,915,557,352,892,75,905,450,185,412,941,559,66,662,873,429,462,366,899,297,171,308,559,899,826,256,531,33,912,9,53,881,733,225,69,100,260,19,542,341,329,691,117,95,61,637,749,114,811,964,812,137,181,918,237,838,335,926,58,302,367,258,137,869,973,990,653,672,972,494,932,890,732,302,270,2,498,769,210,971,75,896,819,346,502,61,761,441,630,354,10,262,343,131,596,986,700,38,528,412,442,652,173,560,386,136,962,941,451,27,895,827,658,820,8,736,577,303,26,218,284,311,175,241,74,933,281,367,748,702,15,724,705,453,605,239,355,828,372,458,412,254,96,907,863,129,670,913,238,354,386,238,81,232,531,693,869,547,433,319,641,339,424,974,683,446,74,820,55,908,967,438,111,425,498,838,344
740,55,144,0,127,423,380,48,616,593,600,530,725,463,342,510,514,163,841,462,837,835,294,69,888,451,958,352,271,561,323,547,324,244,132,479,537,40,533,227,495,370,995,800,787,887,385,583,673,355,123,419,433,352,539,340,395,310,944,201,804,461,279,433,876,78,952,294,905,538,927,110,80,907,631,620,976,864,498,844,402,369,993,541,679,753,945,291,306,958,33,386,871,984,423,387,610,188,653,901,899,721,961,694,303,248,408,966,615,850,979,395,669,511,24,197,894,399,414,61,863,417,715,528,993,462,977,177,292,891,352,649,214,252,152,270,634,822,401,812,436,588,184,530,982,247,774,701,731,209,915,73,51,894,319,81,699,59,360,536,288,257,660,145,983,87,389,459,440,802,190,122,932,565,415,382,267,924,369,365,871,611,139,466,924,485,997,802,131,468,473,603,236,787,928,704,589,974,267,510,112,4,359,335,838,57,663,890,34,244,60,136,375,716,774,472,855,43,52,34,42,342,934,672,654,14,10,820,251,638,539,338,202,103,586,356,359,757,721,158,964,324,447,314,9,24,295,191,483,488,468,903,879,765,192,735,425,232,234,763,57,961,1,802,837,477,360,752,631,78,218,223,25,129,380,72,212,477,69,455,269,45,776,729,858,652,369,970,163,986,886,8,339,352,111,526,502,325,178,165,616,373,51,413,603,674,991,959,93,617,70,486,146,342,372,419,418,180,380,412,716,487,103,4,168,565,379,569,816,789,401,274,76,40,800,882,694,113,739,345,934,872,703,398,608,271,555,92,133,709,921,214,633,222,2,482,264,524,60,870,732,638,564,254,95,996,183,85,554,477,841,783,783,366,230,941,738,633,4,72,39,798,75,159,418,731,423,594,474,150,780,290,749,484,915,531,359,826,199,204
880,252,83,388,145,98,618,455,322,931,290,492,587,60,304,8,29,927,681,787,24,327,301,439,356,412,445,913,242,981,699,404,39,509,419,532,384,430,286,338,75,513,9,970,6,307,522,502,773,570,213,89,134,135,730,617,373,351,378,143,18,655,23,284,231,358,911,192,992,809,566,47,4,205,923,391,529,967,319,731,369,529,310,340,183,950,313,85,900,514,128,914,132,667,390,629,67,255,46,908,348,24,171,352,636,250,412,248,389,913,927,33,306,719,658,897,873,42,100,175,961,826,819,944,421,32,846,74,928,458,979,256,952,258,666,479,498,324,795,556,464,930,506,979,332,710,790,174,409,178,572,77,695,440,244,294,806,374,172,935,359,234,825,827,446,255,650,779,369,423,371,307,200,55,205,261,200,747,102,899,872,688,43,2,749,513,274,474,185,255,184,105,367,816,843,662,908,314,546,777,661,528,690,304,243,678,226,927,497,953,910,952,577,525,47,776,694,537,839,692,517,636,358,889,832,907,275,419,214,897,892,409,147,955,712,749,953,610,937,921,882,147,432,893,389,663,4,125,37,362,613,17,165,319,948,908,933,779,149,805,996,529,566,858,532,173,154,353,786,612,959,163,839,131,590,506,778,469,150,144,84,448,982,203,784,625,760,481,67,290,904,63,937,657,709,649,139,927,387,526,75,577,761,353,925,368,935,344,963,136,248,80,98,395,698,100,198,654,406,362,964,108,189,363,840,367,331,994,417,368,292,608,788,216,240,647,688,753,250,100,324,134,577,763,574,625,909,988,44,99,809,320,57,737,289,566,332,100,1000,683,740,476,802,149,137,412,563,631,242,704,48,69,10,445,967,802,206,881,275,898,911,343,456,318,806,508,922,936,759,269,645,724,766,805,302,415,902,326,534,86
345,614,986,915,668,619,731,881,912,883,497,449,809,651,242,305,702,631,347,632,438,928,288,243,20,943,370,400,146,828,257,369,653,902,315,396,675,95,662,703,253,851,740,161,529,585,266,738,696,323,395,62,664,810,819,372,605,517,156,509,53,28,528,19,630,699,437,444,268,341,83,644,971,627,301,37,717,910,241,189,305,174,779,701,256,362,556,326,723,12,433,47,160,644,746,926,565,30,490,261,590,888,134,152,976,743,955,888,168,495,630,98,761,533,589,894,894,60,203,953,408,131,270,181,90,241,801,318,863,863,339,532,965,955,415,203,262,915,13,881,774,836,811,135,948,644,805,157,302,951,659,616,621,127,795,290,892,427,825,217,90,795,289,52,317,495,417,109,991,491,733,631,192,941,875,261,514,276,932,563,555,38,24,915,257,104,177,794,60,798,692,808,456,32,252,285,390,207,438,956,915,267,210,504,931,562,35,730,193,138,430,720,113,774,167,443,658,980,637,936,567,134,304,889,795,426,605,973,799,533,375,315,646,726,94,512,949,94,169,331,558,309,43,974,800,556,421,527,481,167,1,639,63,859,306,363,546,384,924,661,863,879,162,19,349,205,149,828,673,603,785,123,829,938,857,778,76,703,155,467,66,53,776,356,209,430,501,936,480,624,146,257,429,865,399,282,119,804,145,501,325,591,899,357,382,185,835,663,808,811,369,906,453,889,954,883,311,830,789,112,413,345,169,816,877,97,562,123,15,690,842,704,966,923,840,460,628,504,817,517,372,783,454,324,121,863,648,220,646,922,198,438,843,756,222,4,910,260,331,25,475,821,477,544,470,907,967,954,148,496,85,525,573,224,648,405,788,436,656,130,347,863,166,120,491,324,405,30,263,61,962,682,905,971,273,257,948,540,927,711
654,906,601,439,788,446,207,627,244,14,526,52,853,795,892,892,593,386,779,745,631,406,331,579,848,151,733,258,956,466,113,726,827,117,478,446,217,909,696,502,711,523,777,114,848,141,522,712,728,976,74,703,891,407,443,789,188,594,376,852,270,792,504,560,185,632,142,734,301,9,946,159,866,993,208,942,688,631,679,509,281,335,190,361,842,139,508,513,814,748,566,197,592,171,467,378,638,315,615,977,283,361,541,857,288,266,700,913,693,291,912,380,962,290,329,679,102,423,126,845,607,324,818,446,715,232,576,427,681,671,963,274,933,602,634,941,471,309,406,789,589,880,215,638,594,405,86,491,252,260,585,110,78,983,899,699,891,320,84,537,110,583,152,174,65,934,565,835,14,715,689,628,18,321,330,125,962,330,318,703,913,595,813,948,534,956,82,602,10,495,631,834,923,573,218,875,503,904,966,711,480,356,618,723,321,540,39,228,131,755,238,139,229,936,259,193,380,406,646,908,48,976,434,319,725,736,391,796,427,667,446,813,385,755,297,478,321,903,406,719,852,208,659,630,790,529,629,112,114,40,494,465,206,3,163,199,298,774,3,200,810,99,815,98,456,330,833,61,126,584,473,344,878,571,495,167,544,580,207,487,476,708,253,684,244,832,557,325,455,327,971,971,51,174,306,192,721,510,735,226,241,620,248,918,427,129,312,353,536,431,990,92,970,517,178,792,183,86,218,554,713,904,631,561,704,794,519,953,974,415,368,202,667,991,161,37,71,595,909,782,538,453,903,771,833,414,438,470,553,142,414,30,81,22,819,126,5,759,543,776,836,279,943,660,122,158,61,857,257,553,771,188,834,31,986,918,215,819,898,948,164,819,245,88,397,758,707,408,828,890,677,796,358,520,180,696,650,872,946,394
379,180,724,613,88,963,775,486,318,353,399,381,704,982,939,325,426,808,967,383,154,396,577,416,144,250,63,831,39,186,10,947,919,120,851,451,218,826,501,138,942,633,375,328,506,838,153,919,319,144,637,501,408,190,876,911,874,259,50,628,220,691,803,129,566,971,815,517,489,515,221,684,878,634,814,942,331,254,204,513,870,323,317,139,753,798,49,191,257,974,587,804,813,203,665,208,530,154,392,95,150,59,297,20,736,936,936,657,40,769,633,848,737,797,863,58,468,723,869,575,469,839,482,237,787,589,463,274,242,397,974,115,197,390,0,575,112,697,506,354,819,426,381,384,29,94,605,686,168,80,638,761,910,645,883,664,770,412,993,919,323,673,138,553,535,953,94,873,219,638,106,296,307,466,93,979,831,769,933,405,279,69,430,72,516,131,299,297,633,92,498,292,889,499,974,862,826,455,934,953,707,130,99,782,534,692,211,322,506,579,933,459,855,278,769,697,901,13,682,140,952,457,683,143,999,600,646,857,973,633,322,754,520,464,585,475,539,610,115,208,42,832,43,715,364,296,877,466,786,211,699,339,99,538,217,118,395,869,521,452,272,814,993,891,779,831,578,997,359,295,200,214,733,101,224,896,761,841,930,705,324,342,253,910,307,405,335,357,147,964,44,15,384,942,930,701,154,445,326,807,952,941,309,328,414,508,249,646,613,81,518,618,326,590,796,991,823,770,734,688,436,665,85,524,551,565,424,310,773,816,338,671,707,973,555,617,248,881,60,257,492,2,982,793,503,790,506,18,90,717,151,103,202,392,600,63,945,756,562,636,65,502,143,537,842,974,583,439,630,747,934,685,192,604,708,509,176,878,778,622,508,648,968,925,873,2,852,390,654,50,881,780,679,479,999,374,525,659,993,291
369,149,965,278,617,892,156,480,293,110,345,446,808,892,326,241,824,697,681,802,759,445,353,54,188,69,559,964,338,632,331,751,35,773,644,73,921,116,74,879,684,900,894,482,288,740,926,599,163,661,158,170,208,801,455,413,818,83,297,158,450,278,456,543,885,716,679,203,767,487,104,412,963,315,654,453,370,422,310,345,938,797,166,584,185,841,332,277,549,907,517,579,418,507,23,993,168,771,413,804,689,653,308,452,58,841,461,567,158,62,434,320,717,393,799,125,720,950,737,385,672,404,464,956,669,197,261,38,624,710,189,29,32,569,186,800,172,252,789,462,685,393,668,385,981,826,747,757,291,520,322,644,584,250,461,328,518,476,901,519,230,318,472,595,288,276,166,306,684,987,108,796,777,242,517,631,512,598,771,69,650,181,201,314,561,847,952,832,560,822,660,714,764,514,596,320,929,484,10,997,893,655,197,151,293,401,90,853,935,366,930,615,555,898,117,566,772,324,340,788,474,5,490,345,113,947,179,902,490,4,344,906,311,295,696,606,666,278,10,480,627,228,567,172,271,935,289,62,602,89,597,341,68,79,670,678,573,646,644,355,962,476,616,648,477,689,428,852,691,37,261,497,87,554,98,130,254,883,16,650,761,108,277,617,867,701,411,219,657,631,48,433,943,20,841,393,688,412,375,816,907,959,359,546,495,199,393,307,866,147,558,146,304,593,752,908,400,911,179,4,557,295,255,262,206,406,304,890,836,665,484,603,391,336,337,249,415,753,329,23,415,460,438,115,453,733,894,215,116,971,651,938,145,744,863,949,57,463,195,11,294,80,380,586,338,959,843,550,882,843,139,805,998,646,0,700,206,613,524,84,189,953,742,678,753,186,274,986,153,569,415,867,42,120,957,882,723,203,781,760
120,519,195,458,53,271,753,853,852,472,111,655,437,118,375,610,86,633,581,27,646,331,406,651,616,50,592,384,848,789,681,166,502,909,618,144,453,611,104,679,881,881,145,436,879,350,65,814,928,122,881,464,735,70,215,909,907,865,257,319,167,494,761,468,600,149,9,748,455,92,349,320,367,53,792,581,279,660,22,375,525,743,640,145,59,89,316,497,180,581,591,118,832,897,301,841,776,634,188,97,653,657,839,956,29,932,766,67,850,896,533,912,142,186,230,829,833,968,71,902,623,137,830,821,5,413,832,234,370,54,85,160,295,936,676,608,194,717,290,819,828,605,645,893,715,113,831,834,705,836,409,886,372,6,299,481,409,97,191,66,37,808,347,187,945,486,135,664,657,986,383,293,430,446,361,950,906,923,337,270,63,489,75,167,845,829,728,13,535,675,837,284,504,786,190,694,812,364,296,619,592,945,684,56,815,657,813,289,371,42,394,118,423,98,33,946,740,428,281,538,107,160,830,230,964,324,788,461,960,3,376,339,838,522,283,570,844,535,404,937,101,631,536,119,386,518,901,151,362,274,45,952,902,78,19,383,463,419,498,976,709,883,336,338,720,980,421,538,347,552,49,834,324,953,281,985,121,391,192,427,239,902,618,293,417,414,927,628,297,803,910,567,388,650,966,118,839,164,699,739,246,601,514,511,537,393,571,781,924,942,693,260,739,459,998,594,178,24,94,290,751,607,366,195,574,809,221,768,335,94,852,431,535,364,224,691,187,944,327,6,349,309,362,980,980,364,915,330,224,392,174,861,563,554,283,641,648,578,387,928,417,974,207,439,932,497,916,977,381,216,565,13,743,729,241,230,713,397,630,963,14,791,886,897,363,697,185,648,286,257,320,277,258,124,988,918,753,514,788,223
257,354,241,406,151,965,455,783,400,428,78,581,707,544,825,841,216,877,147,586,730,689,428,343,70,786,978,104,662,125,559,204,198,481,174,788,36,9,929,370,966,196,380,933,554,124,58,31,230,981,465,893,890,368,989,239,698,199,979,316,554,267,785,970,461,114,966,261,169,344,452,1000,31,902,533,667,795,4,429,269,374,696,525,390,513,841,801,531,916,54,912,640,260,939,58,690,479,763,6,554,206,686,186,425,471,355,131,551,844,610,631,865,674,810,270,200,689,563,912,662,638,900,755,363,781,750,778,71,172,995,163,340,894,292,83,625,406,321,82,665,611,856,872,657,957,461,47,285,549,156,591,21,168,265,441,478,782,798,313,344,678,929,471,420,711,332,578,657,261,212,985,754,68,139,267,862,408,338,867,939,227,769,890,280,719,980,866,975,215,989,461,607,168,770,194,441,129,941,238,404,541,102,947,592,667,108,39,407,222,655,805,239,797,678,98,327,539,552,703,281,180,623,478,659,401,316,423,82,480,484,452,135,711,202,261,380,160,111,745,855,199,312,818,1000,754,480,448,150,107,774,284,364,715,934,886,888,608,943,189,728,746,135,236,942,624,132,861,656,793,8,467,834,256,825,110,715,485,241,791,283,793,320,729,773,61,395,393,256,199,262,923,160,420,260,972,910,3,28,617,425,546,14,198,76,856,519,611,24,594,960,515,573,293,614,561,166,750,354,240,376,329,200,518,346,42,880,982,360,662,946,839,667,741,169,58,53,833,702,471,519,269,251,438,277,406,556,391,869,380,277,200,510,544,574,867,593,956,986,347,533,65,225,27,202,207,461,72,48,305,752,187,8,153,276,859,145,413,14,223,54,680,453,389,311,383,917,775,887,481,944,462,550,913,276,663,236,683,235,191,447
714,378,931,532,904,634,807,907,995,429,907,254,729,744,585,116,344,354,86,989,299,495,47,964,948,253,704,133,911,190,662,697,475,777,476,60,307,18,201,669,393,51,870,945,23,4,28,837,533,0,71,79,150,841,120,798,25,206,249,793,176,479,567,686,6,46,428,5,694,223,647,899,906,748,584,762,429,909,202,848,60,261,294,617,310,93,71,454,304,448,745,118,564,674,323,5,302,7,61,263,743,83,719,459,465,104,612,802,37,685,45,273,746,567,433,873,795,770,827,139,223,116,856,149,144,398,880,814,302,803,85,315,422,840,261,798,87,300,343,176,803,743,131,30,940,76,548,454,816,716,502,769,334,397,305,144,628,292,757,322,441,414,507,0,872,635,658,333,166,80,398,630,699,275,813,786,522,642,984,26,665,663,87,542,162,699,364,442,668,1000,471,616,744,203,598,440,116,670,967,471,508,508,605,644,166,166,829,490,928,423,584,539,915,793,544,251,324,455,364,645,493,40,891,565,443,207,100,139,99,924,721,598,294,75,64,551,935,576,321,374,352,426,58,631,266,846,199,965,462,67,268,171,556,316,163,472,961,112,20,716,830,338,389,925,894,2,580,768,183,736,425,24,369,902,271,159,613,624,849,962,161,259,27,384,770,665,682,247,547,657,36,520,690,861,699,903,207,26,738,682,976,458,552,186,279,900,914,563,450,887,104,20,691,402,287,556,147,389,45,559,205,384,442,269,681,142,703,487,223,901,405,775,814,507,223,403,782,796,145,830,349,632,314,172,10,130,997,981,648,104,86,579,47,32,60,229,276,139,964,731,10,273,559,276,682,363,113,614,223,916,140,667,468,358,742,690,242,194,696,672,490,301,486,469,482,747,912,70,962,843,852,44,69,450,973,530,812,432,150,262
453,488,358,196,324,763,20,845,459,129,374,231,533,527,675,716,936,948,601,709,943,771,9,732,841,623,123,425,768,911,395,117,925,6,325,30,258,643,471,103,127,294,67,169,887,210,539,460,998,973,582,514,32,37,708,815,233,591,252,592,323,9,732,5,53,677,239,813,497,145,928,257,332,443,151,652,145,107,842,404,311,668,491,638,373,167,593,307,907,819,741,249,474,908,240,280,140,166,73,534,755,11,525,244,588,490,119,847,400,839,511,83,984,710,214,509,721,665,543,719,66,156,471,796,467,999,509,534,170,896,426,381,26,599,646,704,43,161,572,953,984,522,668,33,473,606,933,685,197,974,419,974,499,658,852,580,443,756,545,45,421,412,640,987,20,616,383,238,569,740,85,328,690,572,626,829,329,556,515,603,392,683,181,762,507,674,435,673,720,868,359,833,725,825,791,195,200,571,798,165,33,705,388,292,929,546,866,84,354,457,707,564,85,291,968,905,669,615,439,312,947,50,719,602,751,359,263,321,879,266,939,909,167,471,602,75,375,191,182,994,165,314,507,804,64,640,593,742,410,332,283,165,192,570,901,710,383,589,67,281,476,120,71,394,710,800,360,396,128,359,19,141,485,204,95,935,738,406,105,167,107,874,395,390,543,557,97,218,106,956,472,595,371,625,2,575,737,713,855,652,86,613,758,292,260,880,880,361,454,69,58,821,54,248,746,659,387,8,688,177,446,575,415,807,166,359,276,526,230,906,352,411,768,964,221,990,735,733,529,75,429,127,317,753,839,214,599,748,517,274,495,171,692,248,543,667,818,66,848,39,239,831,227,56,719,311,825,892,678,650,244,495,19,385,671,29,216,829,409,996,279,353,540,870,68,592,132,836,851,695,522,573,35,549,100,681,757,375,356,1000
938,488,1000,350,222,171,112,56,653,487,526,681,125,103,981,370,723,964,628,939,449,296,774,216,811,470,529,903,452,6,724,374,869,698,97,959,343,74,156,54,838,197,504,792,85,629,908,554,232,137,999,945,364,23,620,288,240,945,25,231,343,328,377,709,9,15,643,497,445,62,372,176,188,65,692,107,850,942,561,745,964,97,520,886,203,425,800,616,300,680,724,242,58,987,403,772,60,9,284,122,27,666,670,230,790,701,194,306,441,787,186,670,7,676,309,221,601,233,560,3,837,911,898,852,790,700,603,292,784,510,683,517,873,726,383,512,748,299,525,956,940,869,624,408,648,883,596,314,337,886,573,628,927,16,678,954,536,185,146,349,454,962,481,167,792,102,914,321,499,98,251,57,82,799,904,755,388,73,696,569,17,239,553,220,172,295,668,447,931,885,899,481,43,239,998,129,500,897,317,478,20,524,274,63,734,913,848,310,287,844,616,205,372,898,205,84,541,12,236,775,291,291,892,360,161,1000,89,40,882,246,95,313,58,540,324,353,924,498,95,723,577,828,731,732,490,711,455,293,40,498,482,208,73,590,324,162,601,686,920,593,85,330,776,681,771,213,132,557,459,417,384,282,1000,530,786,951,763,569,56,737,620,853,7,49,742,439,647,911,661,744,664,353,345,620,810,577,633,291,901,651,164,219,227,253,205,271,767,310,905,896,105,831,352,87,67,581,25,220,450,625,964,32,980,17,414,581,15,402,435,411,833,672,749,187,76,734,215,468,488,483,497,869,395,659,707,711,825,600,419,310,496,82,792,981,663,510,457,892,549,987,838,21,550,425,469,702,975,840,394,675,537,781,747,45,305,189,386,158,185,334,148,643,464,330,783,602,524,488,908,288,826,762,5,585,882,530,667,644,570,458
557,233,541,475,67,998,665,181,135,490,808,33,243,51,348,604,189,90,77,526,658,747,22,861,854,48,27,897,732,287,369,215,444,615,134,265,745,944,566,221,412,188,351,747,263,938,924,405,771,69,223,257,79,979,688,210,419,887,883,356,813,357,983,582,736,34,332,805,369,239,44,622,578,128,680,718,12,47,114,726,986,791,129,164,159,507,469,102,358,510,930,865,200,844,6,612,443,968,272,641,914,547,869,343,565,712,481,288,527,65,729,762,820,657,762,655,823,558,576,726,716,147,794,622,88,149,611,714,191,989,762,594,454,775,613,100,300,625,65,922,329,875,726,143,797,834,161,429,14,92,528,351,981,485,263,817,171,426,397,574,254,564,68,791,575,802,326,312,940,697,458,228,23,43,482,560,768,194,547,164,476,219,993,889,801,259,980,149,810,236,377,486,448,863,95,747,360,866,491,740,544,222,859,249,426,276,875,621,624,617,670,280,454,186,670,244,18,566,54,316,601,6,765,393,350,506,216,392,33,759,622,460,385,451,835,102,212,896,790,380,138,100,67,650,861,737,455,453,295,964,517,827,240,455,229,442,634,285,726,600,553,945,933,402,706,389,681,534,995,858,554,498,126,199,128,884,516,310,389,700,380,982,825,865,262,785,832,76,332,897,592,972,396,579,702,789,170,496,993,693,666,755,55,359,277,907,998,810,824,72,99,669,926,319,769,818,129,92,131,566,439,601,633,675,250,567,856,861,53,632,524,192,314,429,249,194,6,135,71,48,973,260,182,271,678,310,594,380,541,336,788,201,917,33,560,970,834,478,802,378,651,560,260,833,449,645,181,165,822,445,178,61,391,336,884,452,774,629,508,503,770,464,974,162,520,785,577,824,147,195,792,977,738,553,304,925,969,583,884,507
466,877,636,620,451,0,712,404,428,957,665,844,213,805,876,882,434,936,507,534,754,250,642,627,277,177,912,128,201,1000,661,48,868,346,350,781,771,147,839,128,210,379,23,241,301,810,7,860,796,630,712,965,777,894,588,951,363,871,564,546,335,424,788,332,714,493,175,892,803,488,217,257,657,350,104,682,761,601,817,698,360,14,6,167,771,471,300,425,813,499,379,887,543,526,129,967,751,623,56,491,980,548,980,814,631,958,337,67,601,607,421,196,149,602,358,151,309,231,797,338,735,807,192,259,2,706,932,721,166,54,424,172,678,537,971,448,113,239,259,699,76,701,400,719,428,662,173,371,485,336,133,369,349,122,487,195,387,45,135,851,910,555,535,713,92,945,577,483,246,525,779,252,680,653,339,317,696,338,697,205,754,543,187,853,845,981,514,242,661,646,55,385,718,693,307,7,734,958,267,32,936,374,254,165,107,409,833,895,270,991,669,185,329,153,664,986,412,608,605,541,382,484,996,851,60,549,830,697,725,754,628,155,638,110,259,353,771,303,721,273,82,101,345,918,234,993,381,642,104,738,916,531,721,261,687,975,860,670,626,316,722,282,912,457,336,878,323,608,839,366,299,477,884,739,931,283,25,191,91,926,327,467,510,615,266,581,897,281,202,283,819,852,361,433,943,273,878,260,185,226,277,2,264,575,689,737,705,588,259,958,413,37,54,758,299,269,197,312,599,139,791,920,670,669,392,474,132,118,188,574,887,868,973,552,215,57,20,915,57,18,413,995,796,660,481,864,784,225,159,455,92,167,813,975,68,608,1,426,305,839,207,150,996,746,985,660,471,354,104,214,48,15,877,987,929,154,997,948,666,762,207,70,102,657,298,84,725,439,180,859,235,414,158,342,146,225,268,880,686,438
235,920,768,589,797,868,383,263,73,132,931,269,946,462,694,247,400,809,335,924,418,967,152,467,587,835,398,882,480,184,321,774,556,654,161,745,384,490,104,880,501,87,58,80,532,699,748,337,521,347,925,266,145,40,23,351,931,430,44,617,461,457,594,866,808,392,414,782,467,592,519,954,2,642,311,307,85,504,486,124,311,333,334,918,944,991,739,833,24,674,328,271,939,83,602,960,838,731,774,648,221,910,56,690,44,799,908,435,789,93,595,585,22,242,979,492,688,338,148,423,677,995,189,759,345,477,35,379,872,76,283,344,388,133,47,77,566,882,558,613,920,670,594,636,587,141,674,221,11,573,613,548,343,717,140,799,869,197,740,599,416,176,155,181,581,486,975,747,224,46,641,134,298,579,649,778,1000,440,297,492,208,579,834,139,433,730,746,990,394,414,823,234,512,831,803,837,155,72,412,332,205,39,279,885,47,71,549,704,785,901,240,924,521,824,11,9,908,464,64,904,729,752,175,978,335,176,628,141,453,381,690,370,738,666,185,82,9,356,225,731,496,894,57,401,44,162,563,17,30,634,885,117,700,983,383,385,256,357,872,247,809,487,933,333,125,395,174,314,293,584,926,477,184,351,647,667,55,450,351,86,87,848,474,533,698,898,251,461,312,545,566,681,799,23,700,692,623,512,481,482,367,400,931,614,290,168,148,936,590,534,268,182,615,428,423,136,103,141,198,234,541,536,893,659,429,894,69,470,258,396,975,664,517,347,418,584,385,506,49,712,325,223,338,264,587,170,209,574,415,567,812,543,92,945,541,224,598,991,287,431,742,212,444,165,373,263,430,950,415,9,172,693,565,712,305,383,957,18,544,471,779,490,895,291,853,915,816,427,778,254,506,793,768,286,101,732,354,225,541,799
525,522,166,222,978,8,669,318,644,485,383,925,164,305,933,554,507,61,367,396,432,376,909,590,158,317,620,741,914,618,617,837,77,518,382,28,162,954,285,447,161,521,576,621,41,308,296,807,755,770,893,798,39,845,875,859,152,508,745,884,62,931,998,280,626,403,5,728,309,509,205,748,452,562,525,651,520,754,838,91,84,97,672,458,562,882,857,461,16,47,81,573,892,491,789,744,762,450,991,769,500,505,462,755,929,520,603,342,622,377,225,684,302,207,628,125,662,507,612,215,704,226,210,908,647,5,99,247,867,753,867,930,838,692,689,612,994,4,59,531,665,91,243,334,480,375,123,3,590,62,647,361,92,954,201,951,403,765,866,643,888,799,426,637,37,689,875,907,889,681,37,984,468,165,866,387,553,911,788,992,821,948,235,183,532,364,317,404,41,775,1000,836,464,827,302,490,76,904,288,665,141,85,25,380,8,302,451,669,755,837,424,169,401,606,578,559,675,139,689,340,117,980,875,112,569,307,957,642,648,250,455,817,257,200,273,962,828,405,463,264,43,491,639,737,610,865,595,355,163,753,761,102,917,643,918,981,286,253,143,841,293,995,228,916,80,728,830,693,40,588,264,625,212,45,147,420,35,555,542,305,930,511,592,948,772,204,139,624,663,1000,299,30,208,579,963,694,310,198,95,789,455,10,986,638,166,572,303,527,62,312,2,536,187,131,396,875,767,832,375,578,180,679,931,326,321,696,563,337,557,103,118,90,143,104,113,730,87,233,53,909,121,555,259,465,535,961,592,818,246,460,381,829,608,106,215,577,710,319,251,465,569,283,888,951,813,329,502,862,477,932,182,968,936,967,510,995,339,336,611,321,403,568,779,782,385,18,660,582,125,938,965,357,705,892,487,21,907,559,940,348
549,577,704,219,841,372,26,533,802,276,912,137,342,791,771,748,37,751,603,588,408,214,99,719,309,560,303,267,477,654,302,465,380,464,823,365,493,642,379,121,536,408,487,737,700,600,374,30,365,529,566,71,117,686,385,263,767,813,21,750,618,680,386,60,903,260,582,407,180,437,380,143,933,582,354,40,28,47,979,508,62,683,822,368,31,307,360,216,958,947,681,954,370,691,450,21,261,485,618,506,129,330,515,727,316,569,900,390,39,421,168,614,418,834,951,514,367,16,209,49,10,548,976,749,675,173,429,842,79,128,876,556,458,154,772,51,668,458,688,896,654,475,935,218,593,142,347,204,397,310,157,501,781,457,26,249,551,566,581,125,802,420,512,345,264,708,524,207,992,279,600,463,203,7,45,152,746,252,40,201,415,928,265,530,844,75,123,291,177,917,981,771,164,911,92,880,78,126,506,383,215,437,434,399,680,865,430,127,596,471,38,590,704,785,881,756,338,924,952,235,341,995,367,228,246,960,995,127,19,293,36,920,732,996,523,532,634,942,437,281,88,96,231,1,968,933,969,411,346,70,13,701,162,488,449,70,36,313,235,210,753,596,585,605,925,378,170,795,596,405,656,354,502,929,224,242,543,841,146,595,484,368,242,112,777,67,123,852,46,709,52,367,700,897,437,805,485,89,239,35,768,166,961,136,735,870,455,157,554,961,752,396,985,232,117,290,66,902,296,705,493,256,546,560,796,502,911,850,395,603,63,574,937,99,133,764,70,162,347,790,169,832,794,105,330,142,9,695,487,176,45,620,285,14,410,717,180,741,768,647,50,531,370,502,690,301,128,908,910,944,387,83,366,564,775,248,80,812,366,872,797,793,621,334,97,492,101,912,533,804,146,226,334,391,712,681,166,585,262,70
591,740,890,876,177,550,488,507,930,94,718,713,443,222,394,507,818,72,45,406,454,378,287,681,303,282,990,558,767,388,860,378,473,511,717,889,102,862,234,160,766,702,149,500,195,627,163,719,93,300,897,574,557,662,703,165,524,1,434,950,27,38,121,94,293,766,670,106,364,719,76,978,599,97,119,757,706,382,16,728,743,499,457,324,807,874,807,930,703,392,563,447,823,88,186,767,756,819,267,457,622,645,218,372,213,170,597,228,781,232,297,483,698,69,811,445,601,68,256,389,847,465,676,879,701,227,809,623,381,761,446,690,219,304,175,590,533,869,134,848,474,857,926,494,344,957,502,658,294,750,457,440,686,596,948,223,284,124,740,462,385,167,469,879,171,377,411,369,403,281,884,400,246,872,194,780,273,198,435,651,377,106,152,403,128,379,696,844,377,855,435,755,297,194,717,639,373,281,258,807,974,396,816,688,22,841,573,146,864,659,385,493,785,719,189,617,996,72,206,498,594,891,211,305,593,576,40,8,943,574,940,305,995,788,544,178,84,201,974,905,60,11,440,26,401,160,164,423,480,735,241,491,103,750,761,852,753,993,142,470,294,337,39,77,753,826,947,989,561,363,96,334,794,168,710,271,764,761,356,832,839,469,998,765,111,897,669,318,844,766,322,456,186,385,299,669,420,491,383,565,588,77,559,544,833,95,617,33,734,43,962,501,571,388,696,190,508,216,218,612,368,377,654,708,800,241,416,139,295,782,975,73,61,900,855,829,584,770,490,251,175,600,345,758,508,737,745,47,851,858,262,321,42,83,267,824,869,970,51,457,335,878,141,37,715,576,347,242,997,584,416,683,862,85,471,293,228,253,284,1,86,479,880,449,818,532,543,95,584,747,401,96,307,270,532,369,49,597,255,628
306,992,869,575,57,620,924,848,533,861,1,590,667,8,945,611,664,589,883,648,3,762,184,427,116,813,44,839,37,691,487,150,231,926,771,245,920,619,342,209,638,904,118,242,487,311,823,17,826,346,964,507,119,976,642,595,431,647,15,643,546,149,591,503,523,483,360,672,222,135,819,393,235,22,84,311,671,708,126,748,2,217,273,431,734,521,345,197,814,109,300,161,617,321,617,299,723,121,511,800,560,985,74,473,380,984,463,778,454,318,284,378,795,886,239,983,733,647,274,866,916,254,514,607,762,677,289,485,167,574,286,584,345,493,982,367,943,909,674,136,802,864,727,732,41,438,442,40,102,890,295,132,343,145,122,172,709,895,265,259,561,893,386,127,966,308,336,653,194,334,918,522,463,627,554,856,740,2,904,848,228,998,196,509,960,908,389,208,35,172,346,304,830,783,251,636,61,154,178,443,560,560,536,588,763,734,171,582,398,682,501,818,424,70,21,64,649,994,766,884,256,24,869,109,993,214,183,300,551,153,260,834,681,878,361,163,393,664,606,578,187,821,334,454,201,962,816,441,782,684,743,761,953,102,301,852,126,144,897,668,346,890,253,427,299,378,200,452,212,835,157,702,105,174,564,421,998,492,444,389,791,910,293,448,375,622,334,926,260,872,922,639,440,2,939,603,887,350,956,974,458,949,456,239,812,604,650,242,319,391,90,646,884,396,245,33,592,116,272,841,946,949,866,187,326,583,887,179,221,272,12,365,182,914,480,698,787,34,921,150,534,437,879,101,936,180,406,946,106,242,768,891,349,283,454,87,366,106,272,125,871,986,245,809,327,382,196,449,711,450,464,671,383,772,376,2,785,721,479,986,552,70,260,899,750,996,478,685,970,691,224,625,735,177,270,700,614,159,506,737
182,808,584,336,558,513,636,146,233,838,218,643,330,284,296,701,829,446,428,509,446,799,843,877,672,509,592,668,267,338,213,625,680,388,920,671,644,837,215,378,970,252,115,551,529,522,120,282,505,118,930,844,999,342,42,681,123,346,905,836,870,964,770,468,16,180,183,263,452,995,824,797,135,959,923,79,669,937,228,803,85,232,561,923,512,344,495,931,457,561,318,445,528,636,144,760,436,601,97,430,868,899,255,386,164,829,198,877,493,507,574,727,427,207,186,633,364,615,234,684,980,994,316,663,378,137,98,779,224,153,324,444,57,70,252,366,985,770,771,351,93,283,367,519,631,521,449,756,35,536,961,856,711,529,925,212,780,49,472,530,995,963,27,512,498,897,911,920,981,611,490,832,305,911,592,573,450,764,959,938,948,237,59,172,793,973,873,952,418,90,327,110,957,15,209,468,468,950,289,104,981,100,713,390,374,857,972,315,15,751,495,842,622,541,516,721,512,999,987,450,675,469,699,403,457,274,97,438,525,72,909,3,371,274,184,752,948,164,524,344,812,197,38,457,980,625,240,175,812,585,475,298,253,279,623,856,761,494,58,742,997,382,267,784,655,972,581,640,119,57,499,724,895,503,988,525,928,454,942,390,388,821,412,836,43,928,966,385,288,785,269,998,83,784,30,412,675,458,586,835,431,906,435,122,602,311,954,441,361,939,72,509,192,415,852,508,103,248,607,535,974,702,169,935,948,106,435,225,546,129,974,195,958,183,765,474,899,567,636,304,669,598,80,322,430,635,805,811,301,556,566,963,960,681,435,467,485,511,409,25,390,332,480,285,725,525,470,609,892,388,85,784,157,502,616,130,700,356,308,99,22,148,624,712,809,826,460,410,146,807,538,190,2,152,638,970,768,878,631,522
509,577,262,631,289,414,442,264,556,875,436,897,214,752,372,388,225,693,65,181,23,603,604,606,814,170,238,44,636,247,144,199,545,746,360,634,338,33,568,678,572,507,887,11,85,484,444,511,687,953,665,166,799,520,765,523,324,504,553,544,339,809,502,543,210,280,842,30,715,311,55,534,657,86,610,318,671,884,700,690,411,383,245,716,631,941,424,275,703,552,759,44,999,278,230,966,807,457,389,396,743,489,847,289,506,157,891,226,413,842,258,925,233,336,970,861,584,970,282,609,496,254,531,688,936,602,336,213,142,788,282,761,725,30,764,818,50,609,724,285,211,39,400,417,173,981,946,474,168,524,475,149,135,20,236,523,47,214,252,645,798,732,42,550,682,243,488,699,702,590,483,609,915,949,277,783,649,562,58,537,32,237,372,534,472,431,15,156,373,467,743,998,69,299,149,106,295,68,75,459,528,846,849,429,329,572,531,22,800,854,978,137,67,842,807,338,323,605,217,47,562,353,631,983,91,168,773,230,208,867,993,430,918,11,141,393,28,286,265,326,485,75,335,490,212,479,209,289,79,888,43,360,270,699,473,773,253,843,300,787,521,808,453,437,143,553,696,887,369,351,303,327,915,107,453,563,428,775,538,314,278,90,684,262,146,723,697,598,586,434,947,589,411,372,843,262,404,983,778,298,435,919,310,317,664,656,919,653,830,775,589,74,755,793,204,113,622,561,744,833,179,407,833,879,169,653,308,640,639,186,234,746,839,302,116,225,919,354,836,831,348,753,999,281,859,797,274,942,571,590,105,104,747,764,252,344,203,176,309,541,182,523,478,746,680,302,266,758,739,178,637,901,892,771,432,620,390,553,105,511,859,645,625,585,611,677,887,697,452,148,486,468,99,514,326,293,773,650,152,13
761,741,511,283,251,145,936,389,669,633,167,991,13,670,276,557,452,471,709,374,647,338,861,509,530,218,814,763,263,200,935,323,733,766,155,219,263,888,759,91,11,247,627,589,784,432,210,950,28,338,30,243,620,469,513,358,166,102,788,665,20,383,200,863,127,527,418,327,47,472,437,735,793,141,832,568,303,375,668,433,86,546,416,602,347,410,242,160,528,489,507,396,857,770,397,761,804,680,721,682,719,481,633,126,128,697,928,673,541,904,7,533,527,371,504,624,811,229,688,314,223,245,968,899,428,977,784,728,568,394,910,685,291,128,402,910,501,377,729,316,796,393,613,386,639,434,624,316,375,139,200,457,457,671,668,356,352,349,673,330,800,921,21,756,916,451,515,484,543,585,65,234,245,337,93,479,106,654,686,354,317,330,20,130,954,961,354,832,383,204,372,819,459,618,457,883,118,803,535,192,821,30,631,445,363,999,344,440,48,933,963,763,957,693,627,514,867,833,185,620,114,54,130,766,43,377,475,948,541,795,436,467,55,479,242,87,349,655,159,963,604,156,601,501,781,400,704,628,121,975,418,995,998,93,773,774,625,847,147,814,57,573,210,75,246,680,882,868,863,262,354,56,264,256,541,579,403,979,287,86,296,995,550,764,344,801,530,224,400,482,797,9,609,874,855,45,917,900,232,465,400,258,471,139,955,4,916,617,855,607,445,238,128,44,671,616,978,382,204,779,771,161,928,543,917,593,432,116,235,203,581,670,615,659,338,701,132,553,687,367,292,724,237,663,71,345,189,40,614,967,34,975,620,547,657,605,592,228,987,649,726,88,867,463,302,465,484,518,751,55,840,148,934,469,928,780,613,520,671,613,279,733,228,856,779,583,213,515,50,559,458,952,946,407,378,748,386,151,59,230
872,136,724,701,546,867,478,206,996,445,990,353,197,201,620,525,642,26,17,453,911,391,830,441,317,223,851,791,996,321,769,743,947,707,965,495,885,217,768,829,443,504,691,957,130,328,216,971,826,620,503,223,531,968,846,425,419,167,37,590,602,188,187,810,416,122,220,126,410,381,150,90,325,255,902,892,969,685,201,764,53,443,710,557,868,412,40,820,547,450,640,146,507,283,959,675,249,464,419,527,844,362,106,4,886,287,324,941,38,426,32,694,300,552,614,479,341,405,487,87,377,566,148,963,22,920,490,854,882,492,712,115,360,388,471,45,954,895,611,247,676,955,458,783,188,867,90,535,488,872,794,960,48,408,1000,39,403,480,765,945,216,850,734,766,621,181,87,216,477,483,64,551,217,406,981,290,7,626,477,506,405,24,541,257,514,31,375,709,138,84,946,938,633,113,762,200,917,700,579,30,991,958,996,575,627,573,306,685,75,435,144,137,457,782,838,100,152,530,496,2,617,846,459,869,167,382,731,64,669,644,530,884,356,204,367,317,854,980,732,763,695,947,970,828,945,352,134,25,320,198,534,203,772,131,523,38,236,555,57,225,978,285,5,339,137,827,673,899,725,520,133,727,962,654,442,687,656,783,521,424,118,959,630,779,744,986,712,146,307,816,714,956,47,711,391,733,528,176,716,230,593,837,32,170,857,899,450,902,588,252,113,989,459,770,689,549,36,641,327,749,782,722,654,742,936,202,188,27,621,784,742,988,593,899,265,358,236,457,971,81,815,638,9,391,947,949,642,552,861,654,679,906,355,672,83,634,493,822,545,147,90,373,614,513,92,458,256,753,568,800,626,463,29,846,734,322,438,82,800,339,680,913,839,691,843,698,234,895,933,731,739,326,178,860,485,870,532,24,950,839
330,460,912,991,479,811,170,293,415,23,7,235,517,260,219,9,898,295,167,782,612,29,895,599,341,49,114,817,731,143,683,314,873,625,815,991,905,634,704,733,971,254,297,2,732,902,686,948,446,38,372,734,833,906,840,606,248,296,15,398,976,890,818,898,66,113,995,542,826,887,956,388,182,65,791,562,788,248,90,626,72,560,665,729,890,40,250,358,767,335,438,364,402,767,59,33,501,22,992,518,949,746,570,1000,670,710,326,10,760,480,215,679,940,936,569,21,941,132,579,986,285,663,804,521,534,907,300,81,991,978,908,769,347,733,671,99,916,532,38,326,33,331,634,414,346,951,862,44,666,196,532,169,53,734,666,399,715,855,750,183,983,832,485,837,211,947,966,987,129,662,707,623,473,602,280,656,886,31,309,272,65,778,823,610,293,188,85,766,581,742,647,591,687,419,93,409,761,340,192,438,187,422,590,381,902,183,687,250,513,885,997,865,818,766,194,158,748,792,323,460,442,85,139,515,388,130,969,214,678,575,492,164,43,511,844,970,590,651,369,38,717,12,41,139,440,68,672,54,277,32,987,197,919,33,436,833,605,166,473,151,624,92,113,621,630,781,577,526,918,585,65,169,166,343,228,945,911,774,300,782,526,75,874,645,261,295,510,851,829,238,415,784,277,603,405,579,909,154,980,236,979,757,708,957,645,3,437,643,772,661,442,860,373,952,549,916,511,456,773,724,116,89,212,668,939,501,589,228,705,941,973,801,61,165,764,245,907,328,269,901,601,989,764,295,913,107,691,781,162,970,700,997,343,3,605,537,871,614,818,107,103,786,959,83,911,582,985,324,670,124,342,427,499,489,886,883,296,492,816,276,822,29,993,544,425,764,123,163,904,201,217,652,854,708,207,690,578,923,237,141
647,836,356,822,621,25,651,244,73,425,956,931,204,998,850,642,234,741,290,403,687,235,313,822,772,736,650,950,778,225,533,327,687,271,270,428,111,601,20,399,110,44,11,96,285,211,90,37,241,538,921,581,932,735,948,315,19,610,743,61,536,467,252,90,877,172,631,307,490,56,982,268,757,490,770,337,897,213,955,586,979,343,240,35,533,405,398,855,353,702,650,439,761,416,455,768,624,44,547,808,298,336,773,413,418,566,734,356,515,980,945,598,369,856,648,330,29,138,953,744,84,783,622,418,616,505,670,250,554,949,86,688,988,239,53,892,258,268,641,441,777,924,942,75,460,242,680,13,278,173,26,224,190,983,307,142,602,83,902,847,663,665,11,210,331,164,174,243,193,950,83,817,923,947,60,961,140,477,745,974,558,698,369,725,632,261,658,706,65,546,36,838,433,483,730,275,163,56,807,943,558,885,530,365,837,829,358,393,866,754,298,433,644,135,650,963,642,91,331,465,944,107,361,333,745,710,281,490,836,403,145,225,726,447,305,90,982,91,539,940,589,83,636,988,295,218,254,209,312,372,231,722,221,473,58,373,537,509,678,955,623,551,178,506,839,215,970,915,313,726,148,762,217,468,308,733,405,653,827,166,485,5,554,467,766,294,34,390,463,630,31,765,422,518,804,442,794,566,960,571,918,139,943,325,609,43,587,274,428,550,643,39,709,337,650,24,402,630,191,529,676,855,791,721,75,685,774,936,824,17,619,863,841,940,570,487,510,338,110,348,451,13,723,133,460,325,202,402,660,9,888,802,76,482,922,762,23,811,989,239,361,763,921,486,757,333,58,138,842,484,781,576,949,162,325,505,146,611,584,212,749,17,110,625,292,940,435,337,21,974,879,940,780,320,997,308,6,674,963,247
522,195,752,433,793,647,239,149,994,32,16,965,502,626,394,560,576,751,335,229,323,688,530,807,203,651,21,971,598,17,130,297,440,495,49,128,795,51,729,411,362,575,290,625,877,573,344,734,209,59,921,717,669,7,336,110,324,647,30,585,151,743,42,319,49,133,566,669,746,972,10,488,981,843,83,932,947,702,38,596,862,608,340,40,186,462,349,557,372,885,655,109,663,539,163,920,784,320,875,565,477,51,27,170,880,233,474,670,785,33,701,682,754,903,261,361,754,213,818,321,244,807,163,144,491,63,842,384,645,327,568,229,812,520,488,734,704,731,27,166,949,926,269,632,916,283,677,639,594,792,801,366,438,341,104,601,438,503,564,738,350,552,655,825,8,778,636,413,20,663,661,160,193,832,871,186,684,892,809,811,313,542,102,545,79,246,641,427,279,737,432,31,771,458,931,580,81,890,334,811,124,538,979,299,718,711,803,606,910,16,950,862,485,836,859,874,626,275,424,112,327,878,38,1000,99,502,930,574,187,61,755,162,615,600,436,961,493,567,514,668,267,130,780,468,821,77,776,44,480,148,342,776,531,300,933,689,448,766,911,332,963,172,454,196,370,47,995,422,740,416,454,816,40,358,635,725,785,313,159,879,420,726,997,555,652,581,212,91,868,613,365,112,498,642,864,175,287,769,479,521,679,297,576,914,969,30,815,942,660,553,725,260,701,957,629,779,661,380,424,39,584,763,82,572,148,301,185,200,409,978,504,403,284,511,866,496,967,788,601,198,497,723,421,123,973,512,630,770,641,834,315,945,856,725,442,361,604,590,994,381,521,747,564,612,437,539,13,896,674,189,0,234,50,19,894,143,626,109,242,138,537,974,847,203,857,882,243,739,317,849,41,111,992,171,895,860,238,198,876,537
11,529,997,455,636,982,549,6,504,285,275,598,440,422,654,881,379,736,101,125,847,895,39,221,137,646,635,514,1000,4,578,339,180,652,496,708,833,801,490,118,723,43,644,774,469,482,210,565,176,458,533,606,281,178,458,925,995,569,188,979,607,192,242,438,291,700,137,230,105,663,892,23,482,87,749,118,997,305,509,887,246,180,377,114,700,994,678,262,481,65,668,438,785,216,574,544,983,926,814,32,113,90,116,437,259,721,723,795,971,450,35,31,246,463,407,610,887,558,47,199,30,709,624,180,891,915,148,468,302,840,786,700,146,68,560,785,361,487,456,322,761,345,97,629,832,740,240,607,35,868,680,761,948,179,887,826,140,926,406,490,61,192,329,470,29,691,944,296,935,489,856,898,975,981,721,707,240,365,557,371,444,250,274,627,541,815,955,594,866,698,352,158,869,973,213,0,586,355,536,231,216,211,949,779,743,852,309,571,279,703,937,398,26,623,354,199,30,22,703,33,545,149,858,599,503,45,798,431,759,165,111,744,516,910,410,119,544,725,507,721,627,719,568,462,227,225,43,996,359,293,687,608,754,615,328,684,956,461,173,384,121,187,272,431,433,950,451,590,205,86,943,97,632,541,414,169,814,850,510,296,800,826,742,865,71,420,987,372,118,473,788,485,899,444,173,77,486,311,573,469,114,829,8,922,212,98,546,6,445,562,404,599,798,121,248,49,979,501,985,732,125,475,435,168,24,971,806,373,190,62,383,355,917,379,826,558,301,406,357,334,358,752,153,953,685,701,601,662,328,606,850,531,731,185,898,61,962,438,207,726,954,167,517,484,487,106,55,383,836,146,76,305,891,509,617,436,53,833,595,249,643,396,409,873,885,545,987,947,977,85,80,85,104,588,223,308,550,4,214,394
507,436,591,675,164,975,579,715,749,535,780,597,577,192,314,528,51,77,521,892,211,819,620,473,869,756,289,814,94,858,897,196,781,160,937,777,931,788,940,298,779,166,307,395,268,719,850,264,81,932,695,316,329,253,118,858,853,934,575,670,768,88,514,161,352,393,861,124,442,254,728,506,951,382,694,636,789,318,495,589,45,238,437,172,255,977,238,158,989,34,56,489,526,372,863,941,842,402,186,641,456,894,423,3,588,497,932,811,547,41,259,75,446,675,872,810,763,998,433,192,379,433,45,324,997,284,726,196,244,697,203,111,175,522,466,686,995,691,852,612,203,219,549,404,921,117,149,635,541,918,248,139,745,571,595,924,239,791,424,412,84,564,341,947,516,775,142,399,370,325,521,100,135,311,754,408,579,96,395,143,179,411,348,592,341,957,808,819,875,640,932,526,578,574,64,710,874,521,786,817,645,202,464,539,855,137,794,257,452,351,401,749,686,449,67,586,297,911,670,402,571,828,857,413,414,922,817,273,49,417,671,75,248,369,389,417,711,500,930,563,547,605,557,824,510,990,938,991,520,570,273,196,260,173,877,201,857,73,75,331,11,718,251,767,327,66,181,788,597,92,919,967,184,680,25,325,607,603,700,301,146,4,733,200,896,261,88,392,765,945,491,652,720,205,15,148,470,864,1000,868,186,211,681,764,187,827,747,339,41,440,661,408,356,489,604,609,842,304,610,58,371,513,454,186,546,671,822,131,599,329,519,656,102,690,648,252,593,876,686,550,430,115,948,551,637,184,786,124,741,652,704,183,885,547,215,767,254,119,484,683,483,999,66,322,507,967,744,586,554,733,848,907,382,959,486,990,425,236,771,721,374,97,732,963,25,781,324,856,192,506,589,755,768,615,270,493,265,410,207,158
869,175,918,119,350,472,575,786,204,689,767,401,867,246,441,278,413,886,821,243,180,799,425,237,628,136,244,285,78,970,281,205,15,33,619,889,279,925,970,311,570,997,436,123,906,749,156,69,689,89,710,296,124,382,297,21,511,229,686,965,443,315,211,791,263,313,884,929,524,424,183,174,866,571,894,226,528,298,577,29,535,638,203,376,104,914,39,922,35,774,870,725,135,861,269,788,426,151,257,714,928,869,36,504,349,279,899,114,780,197,625,890,56,205,68,438,573,763,285,371,209,816,784,453,503,5,264,746,757,315,533,23,440,203,643,908,336,975,194,848,609,74,53,319,70,483,281,614,262,202,724,388,92,983,28,912,973,205,11,302,90,625,844,784,845,900,494,59,305,777,634,277,889,394,202,983,71,793,144,989,1000,117,235,231,212,253,464,10,358,83,224,297,237,261,234,932,332,223,6,801,821,634,152,830,770,144,155,847,899,478,670,510,394,328,539,754,125,273,361,715,930,656,331,42,260,246,899,970,844,938,267,172,507,876,226,864,23,311,306,635,563,958,100,445,428,360,5,346,728,837,916,86,20,287,444,961,274,420,186,713,607,36,929,213,3,733,863,546,580,316,925,470,231,355,714,621,513,508,317,855,853,787,24,18,882,287,312,397,846,382,436,45,723,793,748,543,204,287,28,240,957,518,39,746,607,139,75,588,49,720,832,907,828,192,385,431,222,454,357,711,410,593,371,274,407,120,344,871,589,156,970,174,300,701,805,453,697,709,445,544,706,458,553,575,642,155,278,22,692,48,360,738,479,479,601,200,536,742,234,144,965,272,598,560,211,754,609,671,224,394,729,623,479,765,307,557,293,666,467,797,149,702,864,853,587,388,916,958,342,795,122,275,976,350,318,785,620,634,737,200
348,767,660,254,560,337,665,862,312,321,172,108,87,650,417,826,491,126,339,907,618,114,215,811,681,861,196,441,13,416,543,608,711,549,926,800,356,703,213,759,391,613,667,156,828,177,918,369,488,456,807,601,223,144,240,23,296,558,854,957,360,750,29,63,216,249,61,992,807,285,921,188,253,524,376,77,145,581,724,474,69,375,28,141,370,731,301,104,532,862,712,722,752,849,399,779,645,496,502,502,352,107,301,627,323,825,370,603,764,557,57,814,491,83,848,339,173,694,39,509,196,459,781,610,701,169,838,626,201,163,845,843,69,589,305,846,163,783,213,890,908,359,856,922,210,34,576,233,339,451,998,819,323,92,51,917,668,178,208,799,126,602,688,395,661,178,179,9,724,161,558,948,626,215,686,630,29,891,752,305,210,109,770,550,466,29,714,377,379,628,575,143,885,101,338,110,764,833,763,153,211,835,540,288,104,124,64,639,100,371,393,529,923,978,896,325,947,780,533,351,225,169,412,909,541,561,951,824,896,716,892,294,95,861,899,900,195,872,479,740,496,177,307,220,75,160,887,957,828,722,403,767,392,20,183,312,406,30,812,892,651,364,271,110,672,700,157,230,340,317,388,398,984,410,998,849,853,724,465,863,246,70,424,610,662,938,349,974,454,652,894,511,560,538,123,892,15,324,787,996,220,421,564,859,342,204,475,119,958,613,842,689,232,78,872,784,194,548,977,379,92,254,227,637,253,166,948,145,73,720,546,704,338,878,775,193,777,446,501,290,917,122,35,145,954,414,466,166,147,33,369,969,524,650,351,248,505,368,573,255,134,929,682,988,903,993,114,344,297,838,305,951,327,390,916,978,240,116,874,393,139,464,7,983,104,819,27,477,78,903,981,392,865,966,243,615,398,584,306,378
243,56,719,393,681,371,692,161,994,31,106,934,947,226,864,828,970,647,14,306,56,741,227,553,673,560,454,500,125,958,771,1,386,389,464,68,569,782,470,323,157,316,259,408,901,4,867,683,513,123,890,961,926,577,57,218,705,312,290,431,612,489,636,714,952,691,675,860,173,53,629,324,924,351,428,208,129,345,684,146,994,52,264,484,95,404,136,609,428,897,185,493,762,511,279,749,808,6,836,994,197,383,217,300,252,299,618,715,443,362,492,463,876,552,750,925,704,573,424,482,643,488,797,345,970,671,518,87,194,704,332,1000,424,832,733,60,371,895,876,235,759,574,300,386,790,200,703,404,659,699,880,16,694,166,419,783,111,684,547,514,110,711,721,660,881,662,559,290,858,626,111,707,891,889,723,129,803,875,342,55,852,804,873,832,223,508,213,284,989,219,518,162,839,224,822,894,656,791,161,691,34,744,526,642,255,808,609,768,490,705,186,581,524,471,487,805,510,799,898,353,89,187,521,459,995,939,130,13,676,72,169,793,814,310,987,671,939,95,428,226,787,292,965,621,324,220,810,498,82,883,443,36,136,1,191,279,407,342,748,12,543,91,968,469,428,33,847,945,851,819,292,959,681,917,269,536,87,81,835,766,820,673,341,54,567,836,263,274,39,78,705,282,211,370,623,154,773,909,998,651,468,68,766,138,90,411,619,182,904,754,456,755,623,247,87,389,120,871,975,721,478,706,333,363,926,664,343,193,452,17,220,54,916,345,412,369,46,903,526,710,382,841,812,10,100,286,215,222,419,426,945,665,641,362,688,493,45,953,556,404,802,91,555,864,118,381,543,230,32,904,677,622,940,943,848,730,946,764,444,59,111,471,653,745,545,215,836,970,357,497,856,149,839,572,921,485,2,630,499,723
236,605,98,144,753,974,504,79,145,927,765,495,83,238,878,15,225,356,719,360,811,76,489,270,916,948,247,189,669,698,212,289,908,529,806,514,913,635,668,613,284,576,278,894,516,811,800,116,408,220,131,73,103,130,933,743,153,86,233,436,214,127,398,939,840,837,33,482,297,804,518,826,892,268,135,432,699,131,664,308,190,640,67,37,648,663,904,199,376,13,121,576,132,253,670,933,616,542,281,506,390,828,444,603,644,561,169,188,226,900,324,285,682,247,835,534,340,291,434,0,117,408,128,693,661,424,580,434,328,681,444,574,885,480,238,608,962,288,935,668,309,120,426,986,513,800,108,591,292,721,813,640,945,570,585,823,993,471,579,622,943,804,385,879,973,293,713,744,853,873,653,1,243,704,503,482,203,257,323,291,871,708,421,779,370,626,284,3,424,695,546,400,466,201,982,784,828,574,518,278,354,208,880,405,769,977,374,605,490,978,335,439,457,741,890,891,56,451,162,114,146,508,976,514,815,865,210,484,856,871,1000,298,113,893,654,671,486,227,63,636,422,338,559,740,243,886,550,572,842,418,541,318,381,711,462,91,467,43,149,734,677,114,223,379,139,147,234,705,869,253,673,872,576,972,592,26,54,132,815,153,415,33,472,412,722,451,112,612,276,236,49,812,435,440,185,614,144,839,77,968,361,499,649,469,866,674,118,879,624,622,334,229,584,519,802,390,615,834,924,695,405,136,874,344,917,812,638,208,229,182,48,642,970,164,971,34,630,760,429,419,586,744,43,953,11,781,945,35,497,782,141,516,226,362,654,83,305,308,436,400,115,197,952,958,498,589,430,286,445,247,615,727,836,346,135,633,808,670,532,540,814,330,828,487,690,223,474,196,374,478,818,668,139,543,644,501,261,745,444,692
288,851,594,235,839,873,410,635,325,504,4,611,951,295,807,383,32,414,906,742,771,510,746,345,421,531,40,31,102,370,997,729,42,457,946,585,506,579,386,921,635,574,149,446,593,970,547,349,378,35,774,927,566,264,944,214,810,41,575,231,257,223,483,755,868,226,109,126,623,869,48,383,894,918,294,785,61,791,418,68,401,418,320,889,61,224,123,889,739,679,85,79,283,93,402,860,324,736,330,120,618,178,393,61,838,148,974,228,409,443,708,143,467,420,14,134,968,803,991,351,277,680,112,696,594,784,3,897,584,999,419,842,516,103,83,361,968,70,576,2,724,217,668,462,641,12,236,520,963,860,80,639,352,852,711,557,825,927,503,430,589,584,510,172,274,615,584,109,95,466,737,334,1000,428,382,102,996,854,781,524,331,247,555,675,244,980,874,40,512,151,66,295,325,376,157,96,250,575,359,905,397,851,171,676,271,814,777,233,691,746,379,392,219,359,471,719,734,689,558,201,722,29,666,533,802,245,1000,223,770,373,737,378,98,833,987,76,304,975,347,421,852,963,284,486,583,455,549,606,323,483,424,198,784,452,925,348,86,331,814,144,247,613,707,793,934,859,885,517,195,897,987,464,64,169,308,641,521,748,353,305,562,569,455,534,41,232,473,101,74,285,352,909,337,914,703,618,728,479,31,383,252,344,769,678,901,729,539,240,596,58,445,471,833,631,159,230,452,814,631,714,880,941,501,607,794,355,628,15,892,444,730,950,790,323,354,596,311,243,599,871,399,81,477,454,539,75,838,354,495,902,419,328,341,751,444,493,797,994,43,682,130,882,988,608,918,322,358,450,334,884,233,222,197,862,234,876,144,94,209,371,212,936,739,596,78,357,893,372,263,762,376,473,146,818,393,253,885,374,847,712
962,888,447,867,26,328,102,357,99,823,561,24,913,57,957,654,979,516,737,393,561,865,38,590,471,470,330,756,493,727,265,944,429,891,476,906,129,864,230,129,76,888,370,222,651,313,371,419,806,871,318,688,421,65,34,437,184,983,633,521,746,837,776,504,90,200,220,639,567,546,117,58,705,807,447,919,470,370,15,251,694,180,215,778,914,265,706,415,13,682,276,730,268,984,950,643,459,801,644,215,53,519,403,113,618,883,925,618,540,571,465,453,944,895,552,834,308,29,261,142,447,217,191,589,20,2,361,605,180,408,701,508,107,840,293,802,220,300,946,524,197,446,717,905,353,773,823,92,799,804,380,874,334,146,658,420,377,916,460,767,1000,279,417,633,563,558,852,202,394,590,893,335,145,916,131,285,833,124,1,487,339,153,967,9,639,409,909,795,263,985,848,975,367,202,346,280,505,464,91,601,799,998,39,422,794,92,497,760,802,240,896,584,716,127,169,148,832,999,928,228,745,105,428,518,960,231,295,617,597,648,939,726,510,797,608,893,337,571,376,488,310,478,450,418,130,593,594,179,10,763,232,469,948,47,677,682,228,796,279,930,216,986,675,559,749,688,904,410,572,528,309,848,257,278,484,345,891,950,247,88,34,918,163,278,780,55,277,663,210,938,876,959,759,222,690,335,333,683,306,418,421,751,958,963,763,27,867,729,424,463,680,340,597,51,421,957,315,134,21,748,272,174,10,948,885,685,725,29,78,54,687,887,790,858,405,93,716,940,838,595,874,239,89,897,737,967,35,204,729,594,74,935,870,838,270,426,587,487,491,958,549,195,889,394,652,438,208,610,981,325,148,209,287,266,880,360,854,948,918,22,91,496,414,987,947,39,566,644,670,450,229,445,981,577,909,833,971,994,368,913
639,483,717,42,614,218,246,207,117,688,493,464,67,303,489,37,694,433,927,439,409,702,496,79,990,910,30,394,330,663,496,856,630,562,718,943,986,604,720,320,25,965,169,464,615,848,21,348,348,287,650,700,77,421,435,817,921,530,432,386,732,778,684,606,735,532,950,43,985,799,127,992,421,498,736,478,890,739,594,839,975,19,473,888,52,54,164,345,564,555,23,205,609,73,387,420,239,219,737,284,681,245,643,920,996,628,873,749,288,158,802,556,595,361,711,231,736,715,173,118,241,804,739,811,878,58,503,890,405,997,826,741,915,255,752,739,17,225,347,854,606,861,44,652,581,578,292,324,536,847,539,781,86,710,592,430,185,288,231,651,729,783,890,588,62,798,361,99,940,599,375,460,223,715,341,895,932,495,586,924,986,27,621,713,342,309,956,13,437,922,363,614,558,518,971,734,85,706,640,604,772,774,923,406,464,22,623,17,683,14,323,835,566,595,119,429,606,818,529,875,570,761,506,376,126,223,509,963,68,191,455,440,455,698,773,640,255,258,60,155,31,511,55,389,306,523,601,399,274,72,242,649,109,862,514,994,848,253,434,767,906,693,60,429,867,158,21,701,11,740,186,203,9,231,686,199,326,442,353,201,681,226,334,987,175,895,436,224,951,245,675,763,753,314,665,923,73,655,108,863,513,951,938,588,697,313,300,636,56,621,465,242,960,607,346,208,978,53,292,48,552,865,270,549,403,813,950,542,477,652,366,649,43,553,108,774,712,156,294,116,159,296,174,958,296,858,884,988,185,174,76,496,477,623,953,137,143,779,589,683,503,668,359,433,536,40,921,597,797,619,684,879,965,26,838,775,658,183,200,619,471,815,922,321,173,940,263,257,897,757,129,367,640,240,768,721,167,845,128,86
494,380,46,160,277,966,788,385,688,309,716,290,342,606,420,582,423,325,621,63,728,798,230,696,140,3,197,17,227,929,634,527,912,725,815,374,769,36,1000,250,578,232,421,900,405,295,684,376,693,924,46,452,209,808,522,794,660,391,689,251,183,501,548,142,462,677,639,530,558,188,3,68,567,537,464,866,219,296,19,839,782,109,605,348,36,742,621,886,707,453,113,210,401,117,17,575,37,138,89,627,922,979,977,117,441,160,976,643,87,276,32,441,255,392,937,601,175,507,22,476,218,602,210,60,348,756,322,442,552,151,549,352,530,158,425,268,567,408,651,765,35,150,773,109,506,433,631,958,99,978,453,81,448,579,691,832,336,553,728,763,217,666,47,724,784,726,278,560,495,408,869,2,31,587,736,760,469,197,458,461,324,969,716,505,501,678,532,109,846,490,323,862,140,303,759,367,226,848,863,464,602,364,263,36,113,862,352,672,42,549,164,295,554,159,212,383,197,662,872,658,337,135,651,537,940,624,344,341,236,505,436,669,551,383,921,877,439,793,8,484,821,134,103,153,963,757,223,406,73,938,894,574,326,442,294,780,32,74,610,469,619,727,152,217,983,114,181,262,378,537,290,16,941,736,754,809,731,525,944,27,358,120,709,594,916,262,76,631,374,78,355,353,82,998,652,495,580,767,594,674,814,345,505,189,530,898,958,31,856,554,527,798,286,516,15,239,582,787,31,306,331,793,292,351,195,342,84,456,974,935,292,880,804,391,75,639,246,449,620,677,262,533,15,969,65,515,708,423,290,185,113,580,596,693,144,566,394,501,863,447,33,205,697,713,292,889,846,46,194,315,640,522,795,410,765,361,979,6,560,456,124,316,38,374,173,599,108,154,655,240,234,764,504,292,460,954,252,696,522,168
682,663,771,564,52,995,30,607,515,446,972,542,590,160,233,181,901,298,178,908,974,737,934,279,671,592,603,500,542,967,28,202,929,226,198,611,326,711,941,502,36,585,717,566,710,467,377,962,896,558,937,259,943,109,41,562,227,633,349,43,657,976,838,172,992,728,835,713,170,46,181,571,745,899,915,542,273,406,457,284,419,59,379,860,577,619,997,507,127,22,198,804,222,984,565,944,982,695,942,107,377,10,645,765,435,301,848,169,889,336,178,784,889,480,67,53,806,844,322,472,813,898,515,282,700,788,17,458,237,102,707,665,494,57,563,694,914,929,287,648,881,60,581,651,876,4,248,930,203,52,86,515,980,73,407,29,706,168,584,96,22,31,429,826,113,730,673,66,663,948,907,669,363,159,752,89,422,113,306,824,291,222,618,647,268,829,459,79,373,211,92,512,465,298,420,741,341,178,270,240,37,856,1000,322,693,345,181,5,995,129,521,971,6,984,564,499,496,855,293,676,933,884,528,198,303,14,292,83,575,494,957,969,532,705,437,793,308,857,427,987,66,817,810,825,737,892,138,61,461,612,4,842,930,957,46,307,579,578,830,108,443,488,816,363,792,847,262,304,543,713,674,788,983,213,27,664,168,552,982,372,55,255,964,54,178,272,778,203,316,464,959,112,998,725,377,45,585,96,71,222,7,566,680,208,805,401,720,797,725,757,418,410,464,78,941,18,415,346,60,599,863,365,490,889,629,170,224,832,593,282,21,195,597,558,899,171,97,381,647,853,500,209,180,111,167,454,713,649,605,449,337,910,46,35,468,425,66,924,463,39,198,91,297,547,471,601,484,345,531,568,28,423,56,647,548,860,603,396,384,132,394,149,923,354,372,643,104,474,744,675,627,698,320,211,127,131,781,360,842,151
112,512,629,155,308,383,141,420,692,853,470,843,996,650,718,724,191,434,123,856,133,340,210,593,285,825,962,346,695,656,826,60,975,173,653,805,789,731,871,377,357,318,44,108,805,660,668,216,365,257,747,830,119,439,909,872,696,505,106,303,625,379,69,943,285,705,603,761,46,738,281,933,995,974,1000,421,727,373,128,995,768,399,527,676,384,748,617,548,788,143,445,757,112,905,142,967,136,927,826,265,325,177,317,37,688,944,325,744,493,275,288,490,182,626,812,211,306,348,438,842,81,464,194,975,336,405,889,10,460,821,373,652,664,501,421,348,629,549,600,136,993,93,521,650,138,779,219,673,329,235,545,135,993,916,605,644,304,406,322,8,534,294,1000,385,512,401,692,735,237,45,719,436,893,523,761,754,551,28,307,474,681,172,382,741,209,485,592,3,247,924,431,879,227,498,137,305,188,812,387,435,151,275,823,795,701,551,374,215,151,332,947,100,624,84,369,293,453,270,278,698,814,433,173,53,296,322,833,953,681,249,189,702,817,503,165,803,334,309,690,166,753,291,759,358,374,154,5,568,160,727,328,785,286,626,801,476,968,144,899,957,828,904,670,167,642,547,206,335,917,503,918,332,886,662,923,560,850,736,556,440,37,45,771,817,167,311,116,255,876,865,488,337,186,21,519,859,415,828,682,27,640,318,45,921,295,128,828,547,826,432,806,206,223,316,257,311,741,938,752,254,545,480,303,122,632,876,500,706,548,954,421,44,937,565,308,908,686,835,54,735,418,410,41,144,433,277,430,28,688,204,460,902,460,743,98,378,408,344,496,531,318,870,475,440,118,565,716,138,705,843,681,6,300,732,324,599,220,502,564,19,29,379,191,168,394,88,209,389,841,63,80,737,756,95,4,123,534,224,451,901
1000,444,449,707,314,694,426,464,361,917,730,498,371,930,202,552,61,133,727,197,787,61,533,496,480,560,22,115,612,288,277,652,677,225,239,706,996,53,338,223,921,432,33,155,76,927,149,452,600,285,673,29,162,820,284,572,763,178,858,649,260,10,594,264,895,677,957,707,852,27,368,834,13,846,649,667,494,152,534,806,260,106,220,962,176,105,484,853,516,192,568,892,46,412,60,83,797,637,756,182,241,708,300,615,704,676,279,611,936,308,477,556,360,660,943,345,369,962,876,323,660,84,961,829,538,944,432,138,765,61,51,803,224,159,695,707,190,606,316,345,253,729,460,460,827,577,599,612,702,999,820,290,271,302,272,411,896,922,109,513,729,637,964,695,315,325,966,168,689,627,526,232,281,769,704,275,219,482,755,464,640,894,489,125,214,392,98,572,770,714,244,5,457,969,476,143,693,246,336,93,221,243,158,550,885,91,784,419,870,272,204,570,863,242,344,450,340,997,115,582,383,572,84,685,71,135,592,197,275,327,84,958,502,468,94,759,561,369,935,264,994,358,920,804,481,387,553,478,237,26,746,514,400,385,773,27,183,359,828,60,189,670,844,843,592,600,491,142,196,356,662,75,84,762,472,281,75,201,545,105,661,569,651,939,340,811,973,406,967,774,977,22,975,721,467,700,514,969,921,339,797,829,339,884,674,568,161,787,897,815,256,367,353,303,563,579,736,77,402,554,463,273,768,36,423,206,223,302,379,207,555,97,204,995,713,588,338,871,500,999,927,755,770,828,103,453,643,550,139,646,365,440,726,244,514,969,800,851,558,644,640,87,432,741,814,362,392,180,734,270,428,376,985,862,676,77,160,975,574,233,612,963,540,321,217,985,51,524,869,842,726,339,464,178,344,803,29,489,897,761
393,261,119,852,300,976,732,903,470,847,216,685,716,746,555,208,744,369,27,773,234,454,607,7,809,922,663,509,891,82,887,188,237,975,17,255,573,974,982,143,204,447,999,264,605,193,100,660,958,90,15,393,690,154,883,59,282,643,172,563,300,866,676,445,441,41,36,809,290,809,450,782,621,843,987,17,722,418,985,800,601,954,899,400,206,361,45,342,94,279,30,355,664,394,142,578,214,907,535,929,496,937,251,693,474,279,888,797,724,153,487,749,893,888,195,29,744,225,513,994,552,745,740,257,510,199,520,977,626,720,995,173,658,797,275,925,300,57,892,929,984,98,445,219,719,698,744,673,413,762,887,997,394,902,367,479,724,539,710,541,478,569,626,842,922,8,320,457,16,741,142,657,292,609,106,690,969,35,274,962,568,816,322,168,205,777,976,834,394,743,818,647,577,738,750,828,749,485,97,342,590,227,708,681,748,429,37,556,447,728,963,923,817,487,53,877,720,401,151,26,297,363,737,715,545,787,553,751,935,148,964,783,136,57,890,976,17,788,365,224,838,449,769,618,614,455,470,22,681,555,582,152,604,498,856,432,85,558,848,361,454,117,931,589,106,255,962,348,242,518,949,868,856,340,159,782,919,450,412,446,894,928,4,649,752,160,169,39,644,633,890,469,757,145,587,204,25,833,240,823,861,376,726,41,961,922,745,565,491,766,715,821,52,398,505,179,768,690,231,253,82,589,12,212,108,103,510,705,360,679,0,28,913,41,649,772,858,80,787,706,226,768,746,381,403,88,281,417,945,400,191,375,615,716,955,795,538,180,132,936,384,817,754,961,734,406,351,584,809,875,910,1,451,146,479,847,88,291,410,87,808,939,736,61,359,337,977,150,806,408,790,418,663,540,934,956,523,389,676,386
953,449,448,535,289,433,589,662,771,301,355,611,19,393,120,266,111,269,455,523,729,349,978,34,651,195,706,832,173,517,612,17,354,139,1000,498,782,19,926,901,558,440,835,856,247,71,460,912,604,648,898,378,242,137,164,594,822,720,551,124,917,974,417,960,744,225,991,891,279,439,706,342,340,214,520,574,362,706,214,876,740,71,114,158,29,232,827,633,484,451,834,353,743,992,121,978,123,237,415,102,274,588,689,971,313,419,802,202,502,520,750,315,300,494,977,678,354,687,938,516,175,899,578,263,701,498,909,357,65,81,99,208,611,311,630,524,154,237,982,378,14,951,940,844,453,760,682,919,285,384,341,314,333,214,86,888,85,498,773,335,967,354,631,228,849,888,173,345,640,817,346,801,855,344,172,568,301,465,820,242,789,486,349,351,991,832,760,666,720,727,610,559,684,457,840,187,75,97,176,747,289,29,874,59,547,91,279,531,267,274,226,184,455,270,752,479,336,797,112,908,649,676,110,330,769,450,200,393,354,810,520,969,723,664,445,563,409,126,706,1000,344,552,563,819,186,650,214,734,396,896,242,451,841,747,604,764,21,900,124,108,880,790,452,939,430,209,469,979,922,143,473,865,912,568,444,666,118,180,557,349,153,647,44,985,51,70,516,979,538,389,57,689,808,802,310,491,624,96,817,808,97,233,225,710,465,256,428,930,803,597,443,465,190,886,603,160,255,208,236,437,774,857,651,184,771,133,6,405,801,2,977,223,534,101,99,370,341,757,308,815,993,862,626,40,101,8,897,539,889,92,116,298,739,13,462,954,542,249,166,518,544,968,632,668,948,303,675,931,112,669,73,578,333,895,302,748,688,342,894,719,586,751,338,570,61,429,10,112,943,177,790,413,71,273,11,968,294,70,852,230
675,886,838,32,212,247,945,564,334,775,594,524,9,310,591,281,414,878,733,815,633,207,526,482,137,451,928,687,868,898,341,269,226,461,197,105,981,979,450,308,70,546,217,486,253,632,971,674,471,232,668,737,438,782,814,759,315,843,956,295,516,455,776,23,532,630,245,77,666,254,440,369,326,904,76,999,735,325,971,837,654,864,781,367,230,278,234,50,96,808,917,341,610,629,574,671,299,138,560,471,27,706,700,895,235,881,750,642,281,790,550,812,254,937,390,83,670,71,836,239,765,162,442,7,140,291,291,21,303,6,180,667,736,875,655,174,262,372,602,569,126,881,26,134,304,408,91,558,253,897,655,275,770,168,209,61,879,138,310,529,951,164,393,534,327,884,9,60,781,591,170,849,910,927,235,760,821,409,499,80,811,7,234,853,687,872,687,210,591,948,466,726,858,624,780,25,136,131,236,412,557,370,683,659,965,347,779,508,579,796,461,599,609,623,422,440,333,199,117,465,407,816,651,200,570,105,514,518,349,792,123,833,954,807,487,279,897,684,318,213,574,147,171,893,938,648,5,555,954,391,925,947,94,903,610,315,423,164,81,444,656,480,477,856,43,347,6,337,898,89,588,297,535,490,71,737,502,305,711,4,727,62,560,423,640,128,294,221,209,436,745,399,481,298,927,398,352,112,488,594,353,579,746,264,797,196,167,299,996,855,165,519,648,910,682,840,405,952,341,412,100,845,215,140,27,168,428,908,856,975,399,143,689,845,553,873,649,763,19,282,925,829,838,431,665,734,935,76,361,199,74,736,886,78,851,465,123,898,275,475,680,887,855,489,910,197,418,193,616,113,277,430,277,126,496,75,830,144,493,260,885,730,366,743,723,384,95,649,569,336,988,714,187,915,569,281,495,445,999,137
375,291,822,188,547,228,437,809,275,665,875,428,602,688,416,171,691,127,817,274,674,235,830,928,182,374,142,235,789,681,231,256,663,19,973,664,779,467,110,376,695,710,397,697,248,64,145,772,605,1,619,185,650,624,495,965,765,112,713,9,576,163,348,268,887,531,100,183,358,248,585,812,470,365,920,691,211,765,980,432,283,910,980,225,50,431,515,100,427,20,543,363,570,901,329,671,311,750,517,712,165,203,38,674,253,787,647,483,972,851,271,234,676,94,979,240,527,992,85,818,433,514,408,264,328,171,589,84,822,715,11,301,23,192,914,164,413,812,7,630,789,818,988,597,182,498,692,802,862,666,22,309,753,362,126,474,583,399,149,325,635,41,63,733,690,771,56,102,282,749,657,964,589,699,957,994,154,414,290,894,152,906,494,737,915,217,725,500,980,730,755,430,190,80,963,499,672,386,926,461,21,834,35,68,934,733,658,42,193,297,677,158,543,284,917,444,604,610,681,258,393,243,703,677,856,115,771,818,859,471,149,324,197,454,489,147,121,632,147,855,946,339,460,287,621,171,795,232,58,760,50,18,807,716,125,58,849,61,426,361,194,712,95,88,162,968,107,284,752,355,34,530,717,599,897,874,311,102,872,850,717,304,292,990,674,501,49,945,229,282,914,658,527,749,418,543,787,852,445,571,384,64,179,161,867,139,65,349,548,901,255,562,115,807,914,872,457,975,712,122,895,490,323,335,733,480,304,409,208,297,75,731,708,874,305,142,673,920,306,135,668,535,634,893,237,661,895,602,83,898,914,784,252,133,796,689,603,152,827,370,262,327,62,94,5,694,66,880,113,331,461,842,12,588,447,545,190,9,373,474,344,652,765,335,297,909,200,45,141,179,712,636,818,90,268,20,716,834,964,383
524,475,575,444,335,949,280,797,436,609,431,83,431,537,3,67,296,98,8,285,154,264,56,632,548,60,495,984,571,492,560,646,169,866,123,164,745,161,575,791,275,978,484,110,449,199,777,811,581,340,120,824,350,927,813,50,445,945,206,285,112,413,703,808,951,939,78,761,476,787,484,744,375,77,667,916,605,371,71,570,466,277,338,484,961,646,723,251,77,786,148,268,216,391,934,105,243,914,950,307,857,886,880,955,204,822,164,327,737,413,480,743,858,558,82,552,958,66,903,629,48,517,262,561,777,489,720,739,984,951,182,566,352,747,906,342,571,792,171,871,432,219,795,929,130,673,680,263,642,231,486,900,936,180,292,890,741,501,669,722,164,798,326,384,316,873,303,968,772,353,664,528,639,137,971,259,71,795,202,240,543,441,497,766,281,40,487,108,71,326,307,3,897,397,331,867,840,896,260,13,345,656,58,313,220,57,673,450,914,837,202,977,394,69,859,391,187,31,21,37,559,718,128,832,714,965,51,780,616,861,764,580,119,853,484,381,550,440,187,927,900,656,719,818,730,450,807,306,289,430,974,601,145,573,16,509,534,351,288,102,626,810,427,99,401,313,443,937,740,214,475,861,539,266,974,590,977,196,272,916,153,270,681,70,217,953,555,138,778,725,502,514,45,33,40,612,534,941,922,939,331,68,516,339,918,622,975,77,624,454,162,551,439,576,933,991,164,503,216,50,594,271,78,785,966,240,305,513,855,232,370,112,111,686,454,595,210,594,847,658,80,652,803,633,385,554,887,78,169,498,833,863,356,591,232,387,566,250,637,329,231,557,620,135,356,411,457,394,853,380,18,713,944,29,882,910,696,287,160,990,304,175,544,388,725,964,819,699,885,618,637,948,80,143,842,723,552,120,600,736
348,661,426,805,351,323,388,938,1000,349,165,621,761,328,334,189,152,458,390,334,38,648,407,104,702,710,188,154,916,847,530,372,517,921,266,33,419,824,290,572,92,933,206,336,613,334,531,13,927,189,17,142,599,935,411,321,94,119,857,235,230,930,955,566,215,932,823,364,137,592,458,768,863,889,796,266,977,723,295,845,35,759,754,263,72,875,528,843,652,119,786,754,63,367,657,662,946,808,885,85,457,775,445,682,434,190,510,130,608,78,384,781,616,398,18,780,67,393,603,733,578,377,969,403,906,902,516,12,830,391,743,568,284,219,826,537,872,79,679,312,473,58,207,587,965,110,219,20,197,317,571,802,884,955,738,950,236,567,652,378,19,853,177,338,43,464,714,86,935,458,674,282,584,32,617,659,157,303,122,390,760,444,239,338,241,121,215,459,548,389,919,993,294,130,290,746,24,916,522,796,624,390,419,950,539,178,999,670,368,700,951,401,922,29,721,229,615,331,310,303,106,709,306,140,991,943,240,318,799,964,579,352,717,49,67,182,936,832,997,100,454,936,238,969,627,349,237,112,912,363,195,358,476,996,785,204,829,910,50,639,969,694,879,284,173,963,159,15,705,326,140,829,961,975,665,27,589,344,943,544,620,108,975,149,151,602,905,849,865,809,356,86,797,917,686,259,392,405,480,130,539,688,466,787,867,372,723,211,613,647,613,919,445,764,327,931,761,66,826,332,344,84,925,275,896,540,28,958,598,835,941,591,795,351,790,335,657,189,376,986,671,514,174,567,126,945,883,702,794,819,346,940,166,987,914,306,405,29,606,730,520,882,996,202,273,153,237,169,416,361,644,370,49,486,161,738,238,811,880,553,700,0,681,386,150,835,470,909,379,274,51,295,577,550,94,306,20,414,530,128
244,788,710,66,983,39,301,849,155,57,607,886,37,137,749,459,40,546,740,815,860,69,318,600,198,313,345,778,545,356,847,569,132,114,143,742,12,407,464,571,729,621,780,77,951,906,263,290,94,414,22,578,812,480,3,523,331,266,45,682,389,541,588,24,94,876,540,321,855,619,617,408,76,168,780,767,29,570,719,11,317,942,933,869,619,463,963,75,78,604,742,29,801,13,922,987,863,882,387,408,380,243,171,5,151,293,59,155,296,472,556,252,382,751,456,623,426,219,991,744,760,451,665,332,903,140,507,25,375,788,410,64,680,553,2,752,711,751,875,393,265,736,702,946,330,823,359,221,322,700,632,87,232,907,214,147,199,832,290,91,6,834,381,240,154,686,802,232,738,447,793,730,786,875,750,34,220,314,339,2,979,869,757,823,722,520,964,217,511,536,817,70,224,488,523,534,813,212,512,972,240,122,916,361,386,338,279,392,603,525,864,161,505,61,749,739,588,596,717,613,634,956,371,971,448,293,861,27,764,27,472,346,812,141,705,613,695,465,723,39,989,134,56,991,699,121,453,520,962,506,563,43,127,734,797,410,878,813,831,472,211,267,795,854,445,72,9,291,849,54,470,572,497,823,517,491,548,595,663,415,706,483,1,169,12,682,198,816,710,723,471,913,819,459,830,394,477,476,891,733,557,55,267,549,147,6,124,356,89,342,885,406,976,597,472,460,483,432,667,247,1000,742,780,962,235,906,569,401,847,183,603,728,871,698,610,858,813,843,173,375,505,908,311,584,599,80,33,157,510,795,500,427,771,307,523,19,793,199,391,497,710,635,667,63,298,28,523,753,152,517,454,248,849,294,550,604,820,80,589,171,288,395,207,957,453,50,718,792,721,278,441,550,766,776,669,939,439,864,331,327
371,17,893,998,329,569,187,26,982,107,461,92,675,406,177,137,974,830,687,220,198,515,781,690,846,649,198,470,450,139,793,740,937,474,960,830,949,619,936,236,426,932,715,96,657,402,422,195,695,34,489,862,890,947,140,518,727,429,784,242,519,55,306,631,528,58,782,186,135,476,289,115,156,41,588,435,162,673,376,602,437,460,617,928,843,628,106,604,936,275,126,617,364,733,704,435,440,921,580,699,279,381,486,40,717,626,806,945,466,679,542,28,327,505,955,997,632,44,111,631,543,904,800,603,833,388,200,924,475,785,289,988,92,552,870,180,460,227,983,274,228,139,989,284,814,978,686,77,952,927,500,756,570,795,836,145,590,855,868,874,391,481,626,333,653,507,756,733,475,965,497,296,407,524,759,421,195,317,871,296,266,80,394,841,254,874,915,326,668,788,26,515,909,565,748,720,70,695,973,740,582,80,645,727,813,873,172,769,838,744,901,458,382,641,220,465,811,603,776,861,977,880,528,135,228,730,658,608,872,942,14,778,168,352,885,494,328,617,460,49,948,791,55,494,330,524,329,709,291,172,121,466,947,500,691,163,559,218,151,685,315,362,978,935,332,930,688,277,688,869,320,676,965,193,804,156,594,295,580,971,269,215,982,912,12,593,236,64,578,110,934,987,824,392,471,465,894,965,975,399,40,45,107,946,941,126,864,100,245,813,906,190,640,302,190,925,322,153,865,591,325,231,66,31,108,362,231,892,590,360,97,105,590,746,805,894,137,51,938,802,794,427,724,952,536,734,247,332,26,464,79,10,184,922,452,650,564,110,779,950,686,947,546,793,568,616,868,394,427,666,766,181,981,438,679,312,823,467,715,545,170,275,381,622,399,522,797,801,872,486,80,17,566,436,965,749,944,211,662,721
972,535,959,673,829,572,941,195,958,358,720,222,758,800,949,454,468,479,927,472,201,11,700,991,148,188,732,245,400,512,751,674,993,950,307,547,365,566,755,800,776,797,509,544,563,599,167,274,485,130,304,312,937,570,428,55,288,887,602,11,955,458,550,920,161,372,394,309,447,389,670,867,768,689,638,254,232,132,753,774,362,575,334,104,550,965,584,490,967,41,198,157,643,288,64,959,930,148,69,151,61,636,209,594,678,810,376,619,43,484,84,631,532,127,723,922,21,189,896,228,775,511,480,344,936,678,200,878,968,698,701,709,150,392,953,759,84,786,196,718,330,131,465,68,794,417,261,309,778,374,785,379,167,175,168,260,489,935,23,407,330,283,692,525,793,46,641,54,744,464,553,569,373,385,726,561,967,355,123,588,954,803,66,362,48,923,145,210,992,803,343,670,70,692,35,892,710,654,939,601,295,739,236,150,664,117,800,663,503,519,825,132,426,564,162,875,592,432,198,13,607,583,100,589,351,380,308,742,182,836,965,371,96,985,504,761,446,75,894,222,367,724,87,367,262,252,188,704,645,736,701,296,454,421,373,42,670,850,748,556,540,752,482,199,675,762,36,787,167,743,67,751,956,226,521,633,989,841,384,649,152,108,369,956,437,346,49,947,50,138,453,626,247,764,699,99,731,339,33,890,42,973,481,910,716,91,225,795,128,248,486,778,1000,684,47,334,285,333,620,806,982,965,650,668,253,903,347,421,272,864,997,498,450,22,214,279,19,261,422,264,854,280,679,951,723,140,240,366,445,646,673,298,545,590,264,236,654,715,304,496,835,847,425,666,83,386,189,497,704,685,702,849,6,200,552,207,425,923,309,944,742,654,751,715,536,782,643,278,827,412,289,235,927,515,742,42,795,746,886,471
318,634,60,956,553,21,302,10,519,743,461,308,806,792,677,749,656,838,91,712,282,821,720,483,288,134,653,773,172,839,552,67,247,849,832,966,583,7,867,542,220,191,623,704,418,514,16,284,408,378,344,605,29,836,128,377,741,767,544,791,946,889,213,527,44,488,94,718,689,186,412,333,463,414,160,887,592,642,616,66,80,626,77,899,541,176,198,792,233,744,239,71,204,680,528,900,799,549,502,422,988,870,432,58,537,346,30,829,528,919,21,936,205,85,60,223,825,914,172,132,862,977,621,553,399,13,216,457,991,514,943,405,515,344,423,477,74,851,224,742,511,42,854,225,643,239,724,975,558,309,370,473,221,515,343,519,71,773,57,654,713,869,40,893,497,41,245,444,568,271,698,748,179,332,115,198,862,665,848,906,49,718,382,357,736,117,233,60,350,610,331,396,393,26,722,521,286,922,143,628,532,306,896,723,451,617,887,449,328,945,920,987,661,679,52,816,759,151,551,361,615,456,251,684,105,375,833,213,96,585,450,919,236,989,528,428,937,741,563,158,407,960,614,345,679,422,587,769,522,515,875,79,785,81,81,132,363,276,512,493,543,973,139,541,232,645,781,345,42,534,817,435,378,240,206,177,909,300,882,245,454,334,52,650,609,34,473,17,580,115,120,364,248,79,498,22,483,653,699,694,956,81,518,499,987,492,627,259,721,289,186,854,742,842,555,649,696,790,772,688,864,486,173,646,701,147,138,695,569,802,44,562,967,783,988,822,182,833,794,371,289,299,589,514,42,389,857,641,998,683,978,117,706,385,663,295,553,252,893,525,919,519,246,345,562,66,870,734,652,269,621,200,292,366,895,426,767,768,642,295,528,192,602,858,707,533,718,500,940,288,917,199,492,869,266,369,499,609,117,990
913,805,637,191,202,402,237,186,489,617,546,994,392,275,897,217,171,272,130,819,743,368,818,135,867,977,60,429,75,881,956,807,503,165,631,587,358,336,529,198,0,137,386,690,854,318,979,380,749,535,264,645,714,177,254,663,284,943,310,737,118,773,865,693,427,188,965,421,392,704,248,367,907,65,416,647,445,686,387,498,319,196,637,545,135,907,804,301,226,609,326,66,814,827,28,863,924,431,89,264,172,472,100,912,205,460,597,996,379,996,999,130,386,114,952,209,311,755,529,607,932,288,609,281,323,468,269,971,248,923,865,22,575,223,725,674,816,25,671,788,219,321,46,256,218,978,282,641,647,843,56,826,905,654,826,249,936,751,361,398,179,467,7,675,783,95,610,724,862,730,881,354,262,418,782,9,861,683,295,503,291,955,3,753,425,821,117,74,708,340,593,905,262,143,340,549,724,295,626,425,222,91,550,616,673,97,670,679,695,304,980,108,991,731,938,954,515,107,15,851,501,213,654,888,256,840,131,216,126,570,588,485,428,256,467,998,568,434,603,698,25,882,510,314,866,701,295,770,494,166,736,862,672,154,529,438,198,620,71,535,425,994,266,269,927,713,189,724,375,218,195,366,327,840,924,363,922,429,0,893,441,105,729,213,151,149,714,767,744,712,609,181,401,105,506,225,26,33,72,54,622,581,72,77,533,884,216,841,885,664,685,725,843,168,83,303,754,309,210,578,657,637,725,203,246,16,414,72,505,840,624,511,784,936,193,707,231,280,313,546,34,336,729,332,142,663,345,30,632,886,890,543,975,47,669,42,625,629,211,361,690,167,912,108,298,652,145,45,73,157,287,985,709,419,420,624,22,665,617,745,871,754,484,478,666,307,818,222,524,280,234,741,141,63,75,995,769,397,286,854
974,52,690,265,301,965,176,377,607,274,368,70,399,728,47,161,672,368,974,487,127,700,762,460,201,511,498,910,799,646,601,322,932,483,327,210,562,101,386,86,916,845,463,372,726,706,523,508,102,454,813,716,365,182,908,191,60,593,481,14,1000,939,711,14,902,445,565,140,866,431,646,161,694,652,75,452,945,548,372,325,665,225,380,451,3,539,30,850,83,779,451,390,162,485,789,396,486,964,454,468,115,895,491,814,802,73,854,182,133,275,256,533,350,79,318,953,818,161,891,922,530,537,551,392,818,232,158,284,612,93,423,712,161,568,813,862,978,416,763,360,965,737,421,641,69,815,50,84,254,806,944,650,260,485,237,967,930,700,992,222,784,541,373,215,296,265,828,211,123,17,978,971,29,417,456,253,459,112,494,716,554,854,668,430,646,352,402,247,162,656,443,349,48,730,304,992,5,725,381,192,802,687,768,11,1,279,409,727,198,381,423,827,616,934,500,249,835,357,214,395,647,262,631,108,19,374,48,497,413,368,420,403,644,550,90,156,504,306,426,186,240,543,955,702,448,695,903,497,311,824,876,606,79,819,524,800,941,215,403,604,575,754,56,139,233,149,233,386,770,702,821,124,487,696,189,651,87,338,68,258,375,777,601,95,605,68,276,420,813,427,281,925,219,184,542,533,252,869,665,113,215,467,985,20,518,358,410,643,33,604,1,168,268,561,339,608,655,484,748,812,348,623,2,336,180,931,512,172,959,130,626,939,955,10,33,949,521,342,52,573,365,276,321,554,117,530,669,900,972,224,560,575,340,636,507,945,446,401,536,157,137,635,40,245,890,628,218,158,995,516,677,660,507,438,27,0,231,306,153,841,123,717,307,20,957,396,609,330,756,205,649,149,360,99,157,355,644,306,654,307
782,126,909,494,403,829,987,604,598,724,816,57,102,393,722,878,742,607,791,623,957,547,278,167,550,671,391,851,18,176,869,427,304,120,430,631,780,671,388,881,588,252,57,347,438,791,376,376,426,299,379,750,943,480,725,516,366,357,24,554,509,205,585,511,533,970,874,267,350,177,462,649,323,516,680,11,322,283,201,69,61,940,807,366,547,538,680,447,192,930,728,516,106,588,504,435,746,138,623,653,253,268,851,640,500,361,775,830,39,957,243,899,221,418,248,901,18,709,183,682,82,981,518,144,645,75,145,972,419,920,183,877,19,808,551,49,346,752,1,229,262,834,111,619,783,187,460,306,228,344,358,395,402,706,454,871,45,357,285,14,159,875,50,478,338,65,267,175,734,376,947,282,488,922,166,844,800,960,664,395,513,56,146,71,554,352,206,2,999,611,587,612,635,175,459,930,306,869,312,706,99,375,565,273,801,7,584,305,581,416,605,22,768,128,62,188,513,237,580,553,1000,393,515,693,297,709,245,873,229,370,482,696,972,37,386,458,740,879,448,815,58,9,772,481,218,330,11,15,949,541,581,197,695,106,708,866,972,706,629,563,410,33,410,27,325,813,16,246,647,58,665,101,382,956,629,928,56,477,127,104,690,400,885,434,640,444,915,521,475,642,138,457,921,48,96,663,596,610,515,313,247,848,124,595,446,525,34,464,575,788,303,589,734,701,58,391,257,576,103,590,822,715,62,558,211,318,386,166,846,50,766,402,480,603,292,867,987,119,24,535,807,333,945,938,361,721,778,290,240,138,109,856,34,618,323,612,251,115,906,792,345,482,727,947,159,943,414,919,908,567,693,791,15,190,333,686,185,928,927,36,680,921,965,254,882,154,681,849,295,506,395,88,31,400,872,331,577,309,786,624
249,668,810,213,712,644,463,441,440,745,296,45,966,458,929,895,191,770,282,820,477,197,701,717,296,124,263,294,769,587,5,749,654,186,300,457,257,844,949,288,296,69,780,470,216,433,540,510,249,194,639,105,337,585,295,571,939,427,866,768,570,511,790,346,577,902,443,661,267,826,485,806,565,181,287,864,755,835,571,40,854,695,171,658,541,401,859,51,159,834,884,642,736,870,504,566,604,638,608,778,968,617,675,831,606,43,339,345,855,75,694,573,188,976,874,294,317,438,108,493,1,856,507,358,264,806,249,341,737,448,147,744,235,475,901,695,531,611,757,663,308,489,250,507,595,562,595,305,461,538,913,22,493,56,815,709,996,735,684,636,546,12,736,276,120,913,374,465,52,344,795,161,512,91,950,759,675,661,172,298,43,921,593,950,449,882,137,6,839,440,299,394,595,329,711,607,175,235,452,319,990,955,952,616,545,213,590,915,82,920,15,669,679,999,601,427,824,786,224,172,977,954,375,753,144,654,20,744,106,313,949,987,633,515,265,412,437,116,421,647,590,762,511,368,691,902,148,826,531,83,164,403,590,802,929,535,820,656,289,897,855,153,398,439,426,140,221,503,122,222,510,633,59,873,364,599,833,898,345,999,130,423,604,703,575,958,683,369,545,598,522,601,22,433,670,913,771,93,914,340,512,858,625,483,837,924,474,643,461,473,15,274,830,693,112,913,773,557,376,911,470,642,731,972,63,116,737,568,261,973,660,5,189,757,844,960,880,674,235,600,795,565,499,277,312,25,991,218,105,806,478,373,109,921,722,730,807,751,332,228,775,947,859,465,807,804,178,444,818,823,881,759,484,57,522,708,808,56,747,952,441,103,803,713,164,706,579,792,131,458,205,214,578,230,33,112,382,595,933,172
911,118,495,941,227,497,243,710,20,429,640,117,12,663,892,484,928,837,953,230,918,409,576,576,814,515,594,997,274,840,663,57,685,321,772,629,253,427,781,952,155,284,968,958,821,546,195,506,86,444,508,356,307,805,818,68,305,493,183,703,918,119,962,862,516,90,898,304,740,98,7,132,473,349,711,903,804,531,887,921,175,552,326,447,6,737,97,815,60,965,418,966,679,611,776,819,463,1000,63,397,248,375,640,692,811,492,400,179,368,195,751,799,734,248,861,476,708,319,983,639,336,894,574,921,648,296,943,69,942,480,781,321,183,392,793,395,347,959,991,298,335,789,688,182,777,205,899,212,741,341,622,712,475,111,831,603,794,262,366,518,461,428,879,13,900,402,834,504,524,501,202,924,944,8,793,314,193,466,987,720,93,756,246,490,772,938,839,481,779,951,702,557,911,552,134,834,487,903,403,378,153,652,324,951,768,789,584,691,97,875,347,376,773,531,674,663,391,597,879,503,38,750,599,492,122,745,445,327,88,394,654,59,229,211,534,924,77,921,951,326,585,371,857,954,639,657,765,328,49,67,565,788,966,146,820,655,879,110,316,594,568,256,304,296,29,280,14,66,954,523,278,392,165,279,558,301,424,650,800,230,587,845,229,833,417,258,401,667,783,548,183,26,890,261,633,609,624,253,79,107,128,768,487,646,740,519,334,687,162,991,248,699,440,489,212,443,690,425,672,855,350,646,946,43,260,537,683,812,530,455,287,25,544,314,75,217,980,701,893,152,508,672,648,610,552,344,692,944,97,362,465,68,879,983,317,466,936,659,829,780,776,466,537,496,663,856,605,819,957,919,255,822,442,933,692,758,828,535,361,13,701,752,692,983,417,874,824,487,969,141,981,844,945,500,733,907,495,347,653,218
0,964,319,132,374,895,205,973,553,430,866,123,662,851,466,788,210,731,435,234,163,651,515,699,94,788,496,705,682,149,400,336,15,106,276,156,95,316,252,759,47,564,187,276,198,288,911,699,165,921,502,135,198,758,95,37,300,4,645,734,335,247,353,676,927,193,715,220,359,958,684,973,986,13,804,167,59,818,657,204,937,510,206,610,18,248,983,249,33,537,738,497,135,440,312,561,190,619,910,340,978,172,792,91,139,334,729,402,608,410,206,882,902,837,363,643,105,159,264,21,989,707,604,116,320,403,834,532,945,700,870,777,195,375,580,536,477,508,304,533,478,554,128,816,342,929,490,843,349,898,775,999,518,494,81,605,72,699,671,658,92,399,137,115,555,892,63,879,490,90,67,86,248,572,317,473,581,744,841,292,723,463,135,193,396,528,59,459,339,173,195,874,532,750,747,63,899,731,265,981,833,99,829,191,314,184,344,61,172,724,918,11,928,208,160,301,800,159,451,981,255,243,573,754,737,876,81,997,187,165,915,106,654,188,55,741,926,359,421,787,624,378,833,37,194,927,760,41,555,97,370,3,599,512,840,395,616,221,503,609,679,449,303,736,265,545,133,6,914,643,787,178,242,943,714,66,797,85,740,306,604,909,646,848,823,602,445,770,106,295,575,98,458,450,901,446,389,655,605,853,526,333,494,75,63,261,844,175,495,460,615,538,789,680,344,545,519,560,14,958,492,939,584,553,912,10,16,79,764,393,952,662,342,182,694,47,738,742,630,120,834,865,900,45,464,440,783,422,800,856,371,430,654,894,309,265,180,796,359,898,878,839,29,225,934,513,25,292,672,138,240,286,502,118,340,718,899,139,418,758,309,957,228,453,312,541,849,476,203,787,355,140,653,493,186,249,844,96,532,588
852,669,60,888,130,913,104,209,637,29,164,275,823,489,79,381,100,447,428,624,504,650,791,258,995,840,273,138,854,719,259,840,615,906,462,943,703,587,351,270,32,532,761,46,180,951,610,476,298,658,935,998,700,427,969,173,881,865,451,600,206,497,99,560,386,94,74,114,715,541,84,196,908,48,455,147,910,579,840,398,953,613,374,791,259,302,885,273,613,985,616,717,393,276,704,106,306,188,872,799,203,948,918,479,701,408,634,856,903,848,281,91,931,943,633,692,334,933,661,633,701,597,832,145,132,69,933,614,504,883,501,779,924,27,50,576,454,65,904,181,790,153,567,481,921,285,324,258,509,8,310,610,277,264,631,420,274,390,620,712,669,739,293,651,765,215,251,638,577,230,482,308,661,412,276,235,770,867,138,573,355,374,240,396,533,745,920,92,297,552,611,775,566,135,190,751,739,485,735,527,678,129,934,996,964,833,563,170,945,481,881,161,607,84,858,838,930,436,656,615,809,596,55,592,292,773,841,884,15,53,133,166,651,752,628,401,453,782,12,964,635,366,535,846,815,468,669,308,635,804,230,288,421,427,283,999,332,438,170,508,345,720,82,960,354,976,336,170,292,983,988,650,740,39,947,262,185,865,852,959,903,907,684,580,329,995,540,208,88,531,946,201,54,695,915,962,917,818,40,748,734,37,887,763,852,604,398,166,623,587,486,892,418,605,540,760,363,625,880,863,528,156,714,121,574,585,310,533,182,822,268,885,418,251,462,943,969,147,749,527,419,976,591,80,799,944,954,385,47,749,146,38,919,855,337,591,475,653,860,485,157,315,434,123,136,1000,380,810,591,999,358,798,393,912,561,625,661,657,106,857,117,803,868,139,133,502,737,617,820,618,66,165,17,759,808,832,124,678,697,663
521,423,104,34,89,213,909,55,628,487,468,686,38,957,483,855,661,320,522,559,777,588,244,788,689,195,980,813,702,740,503,574,750,195,28,714,264,71,733,812,543,545,212,837,676,12,979,506,55,45,104,50,628,828,668,169,9,528,814,197,160,914,264,778,590,649,690,512,966,514,482,22,486,546,387,330,146,372,643,644,90,694,108,745,186,84,307,537,47,65,454,350,595,102,721,780,150,433,90,675,785,752,603,506,834,540,654,427,321,187,270,98,518,840,851,778,278,108,974,58,939,502,569,986,282,395,413,68,431,828,924,600,181,195,599,484,509,410,27,350,673,347,409,111,351,408,8,239,871,780,932,167,282,784,37,894,632,167,26,608,83,512,869,717,862,22,258,412,18,606,686,172,905,952,270,51,48,490,536,486,934,587,162,776,346,820,845,862,389,20,109,693,56,14,627,560,704,17,334,858,536,523,918,994,52,826,520,795,260,295,211,75,704,750,901,383,494,136,848,936,517,261,384,273,971,850,320,165,532,389,768,267,652,319,75,459,205,887,613,156,575,775,927,315,376,256,295,649,304,367,566,924,763,477,182,179,834,165,121,562,74,411,796,38,981,270,104,333,897,827,787,79,155,197,596,809,133,397,838,103,790,711,884,917,543,973,8,209,798,516,899,142,41,481,852,886,883,175,923,866,282,720,11,521,207,114,614,628,440,165,94,344,711,867,73,146,64,799,63,235,621,293,57,675,432,216,10,942,728,885,151,454,281,520,506,446,464,207,679,824,184,585,319,7,576,991,38,135,264,746,126,207,860,808,156,856,55,431,290,11,88,601,57,727,120,400,580,957,257,776,535,701,298,272,170,83,273,771,569,83,969,656,110,44,542,968,128,366,289,220,315,894,255,683,792,219,112,183,119,198
705,449,68,667,183,676,857,637,346,958,57,299,136,351,41,919,613,790,442,598,761,943,129,556,2,558,515,548,246,582,250,1,252,71,524,799,827,536,60,741,171,604,101,617,595,126,516,926,558,810,446,544,739,62,454,383,110,412,876,558,737,654,839,443,88,498,662,272,585,234,341,909,961,905,249,268,246,313,403,174,126,960,467,914,73,882,735,453,216,479,653,455,565,893,548,85,186,134,594,110,928,697,860,580,251,583,648,507,690,847,309,148,764,712,594,559,599,331,279,473,889,747,130,768,32,180,150,626,242,116,873,272,871,829,377,395,615,563,966,566,262,155,470,191,258,241,568,491,866,396,727,448,180,736,487,134,699,606,689,287,141,991,806,856,251,848,294,140,390,199,863,892,649,981,78,816,693,195,290,793,727,149,614,836,989,559,808,63,798,460,313,717,942,899,188,803,195,570,538,643,307,574,278,308,988,466,216,741,867,804,726,430,208,239,945,355,895,720,157,195,118,585,577,526,85,855,226,777,221,33,486,890,490,479,195,852,474,373,727,223,481,402,379,749,694,870,336,959,600,337,782,686,737,544,647,984,772,909,446,468,358,696,391,933,813,611,941,164,257,947,895,888,764,230,890,779,402,928,914,660,884,751,941,310,532,277,279,888,306,550,545,708,457,536,852,359,886,450,667,84,392,345,756,947,792,224,108,738,147,11,130,833,603,767,690,646,671,895,321,897,563,466,235,754,120,112,539,639,872,553,888,729,134,949,921,652,331,81,84,237,1,602,351,201,18,559,741,387,817,732,140,239,385,646,320,282,386,987,560,926,718,676,449,209,877,200,538,56,956,715,172,358,20,522,230,154,269,714,259,305,610,752,724,861,716,7,348,454,446,351,992,610,823,813,220,390,901,652,517,280
841,427,834,14,444,410,321,714,770,158,1000,746,386,523,325,834,493,828,988,923,473,52,595,154,457,261,276,477,156,756,203,262,158,190,548,226,940,851,717,500,249,853,127,191,931,750,463,895,929,428,658,801,600,272,24,776,506,152,610,941,41,829,808,742,839,534,925,718,700,995,575,122,696,966,244,671,755,153,464,870,361,794,93,273,954,277,681,936,652,404,18,657,427,96,549,983,105,728,186,485,706,657,487,93,982,747,377,937,153,79,491,116,742,820,64,336,615,455,656,232,601,359,922,646,497,994,587,39,300,361,642,333,122,611,720,953,291,537,582,763,511,119,908,756,770,628,924,444,963,861,849,237,207,425,918,357,739,178,258,145,297,109,620,626,46,61,613,359,440,723,121,669,752,884,347,876,906,355,509,129,597,98,980,474,110,845,175,924,536,862,828,583,946,28,987,802,735,84,251,263,244,0,249,709,617,611,821,15,365,227,695,50,167,872,470,974,481,261,677,812,150,842,77,161,405,591,167,339,41,900,857,411,888,930,962,995,260,442,283,703,362,175,262,191,568,76,175,748,731,149,870,490,282,567,257,855,384,501,802,767,720,119,824,704,820,428,645,142,310,862,668,547,241,693,127,853,503,386,761,558,158,536,840,660,734,412,746,513,987,543,512,280,748,604,616,482,302,157,301,59,358,44,546,337,517,147,972,624,335,819,203,526,4,835,603,79,887,462,692,230,581,572,956,214,614,322,16,903,664,574,882,284,683,607,387,504,248,452,377,226,823,528,230,264,712,44,162,728,558,211,886,839,183,40,820,197,184,699,640,878,994,147,242,730,160,501,668,186,671,170,890,318,933,280,356,949,598,664,511,339,569,247,115,596,449,74,590,542,529,527,132,5,145,972,27,939,67,278,558,532
603,241,969,256,866,812,221,942,528,570,841,258,461,809,482,154,687,311,996,701,278,189,536,637,628,982,237,283,267,23,437,3,488,505,266,394,572,192,565,404,472,511,930,923,466,564,385,228,91,294,621,995,800,491,280,641,718,202,626,858,870,48,151,790,464,462,608,274,934,131,384,910,337,161,163,163,947,337,288,898,993,149,782,627,429,541,749,378,606,510,600,610,915,960,72,961,507,216,96,240,270,52,789,279,492,878,508,26,694,780,854,863,564,450,936,155,504,605,310,512,21,998,387,1,327,919,625,614,352,159,560,160,615,896,195,629,68,734,810,622,243,329,524,167,568,284,897,360,696,403,53,651,385,471,241,469,838,753,836,967,745,998,998,167,654,514,829,520,74,253,509,243,559,495,819,62,846,704,631,7,459,221,135,507,187,644,650,209,125,667,802,512,277,536,932,551,917,295,753,40,56,468,866,556,936,164,787,649,255,755,269,695,513,543,836,622,314,974,291,657,17,205,461,69,135,69,289,839,826,198,504,652,908,52,992,475,658,36,355,68,249,638,662,691,202,861,824,376,11,364,387,56,961,918,478,240,293,696,924,676,691,222,277,290,774,842,610,368,750,962,202,196,465,500,318,403,390,50,183,392,709,860,175,199,220,130,575,627,353,167,545,898,630,145,912,399,556,361,366,284,625,835,811,851,720,675,493,657,69,371,921,936,105,164,938,549,263,968,366,321,760,101,194,98,526,198,987,342,334,432,170,372,305,647,278,157,56,865,758,67,750,363,815,905,994,829,620,411,343,874,756,753,42,885,523,111,310,609,883,777,807,288,272,40,571,62,347,100,145,80,587,356,611,273,196,140,58,266,24,384,357,717,656,507,762,512,949,485,398,705,422,542,348,910,995,935,35,673,788,317
584,323,579,470,342,274,947,983,388,987,528,65,181,216,885,674,795,974,983,862,903,147,574,812,369,160,924,109,154,444,976,218,311,701,268,953,768,546,73,399,757,948,138,900,64,716,952,840,256,528,357,394,186,855,937,854,530,133,820,18,584,537,26,976,763,722,319,70,941,708,363,836,612,598,685,928,231,566,455,810,625,950,923,442,309,172,473,916,360,259,725,183,49,922,288,550,763,835,787,743,523,373,448,841,213,24,896,138,981,252,48,986,233,80,433,650,865,844,812,969,294,692,949,63,520,435,92,302,482,454,732,802,24,811,632,335,326,809,204,210,51,320,779,235,814,236,968,102,264,814,693,678,866,719,778,230,948,49,687,459,696,786,10,788,603,648,187,538,1000,169,109,138,821,528,898,628,825,443,271,497,1,937,564,983,988,305,265,267,436,120,66,996,501,357,999,676,60,777,226,234,254,609,393,338,577,498,530,380,214,380,964,739,145,998,464,659,95,369,868,592,774,141,972,545,898,241,750,759,403,976,810,777,878,942,474,249,912,356,733,401,954,957,849,496,543,484,599,778,732,640,839,171,550,102,280,161,191,226,155,591,110,723,700,359,833,432,583,221,763,440,942,473,636,270,851,164,912,199,486,947,981,685,493,352,643,24,249,901,767,573,411,786,524,19,566,373,203,366,921,769,219,644,796,384,978,865,400,199,119,21,245,455,878,782,149,117,994,28,38,529,226,522,91,965,551,335,563,369,814,544,968,385,431,397,705,827,180,930,478,690,227,460,881,227,628,312,560,180,594,756,873,335,54,919,595,17,998,514,228,167,804,24,610,799,324,576,322,310,379,43,637,512,670,259,23,847,420,950,864,416,130,714,579,170,970,264,925,88,639,602,941,645,787,813,359,259,942,209,685,522
466,219,575,818,77,801,894,940,11,783,941,833,261,399,836,628,181,580,223,691,718,605,446,19,262,890,829,648,407,792,599,481,418,201,612,91,892,805,427,142,155,767,792,268,771,79,143,617,748,625,215,742,783,804,262,682,654,468,972,128,942,470,514,351,49,742,198,59,789,979,646,652,109,899,407,232,306,770,274,293,19,814,242,782,63,68,812,271,4,91,35,854,662,644,231,614,284,606,443,792,548,653,934,932,146,594,733,247,480,808,105,530,807,82,343,800,95,325,477,641,686,673,150,319,353,71,310,106,545,230,11,48,462,273,768,891,789,52,979,363,171,320,954,192,324,80,349,763,647,843,366,755,940,362,110,144,455,44,432,608,546,935,250,696,202,280,330,270,511,724,337,493,192,226,822,755,623,665,616,27,701,488,32,370,75,315,460,572,10,239,414,716,881,239,695,59,258,269,252,468,64,278,148,124,283,296,531,603,243,485,484,690,625,574,102,804,57,676,385,94,725,326,735,966,197,501,965,379,712,60,889,453,932,926,136,331,723,537,307,542,601,30,263,607,330,861,9,400,680,894,222,597,713,853,321,15,776,530,600,745,383,801,607,38,902,691,375,831,284,101,252,281,477,268,749,833,617,257,641,806,891,87,989,270,401,434,693,775,192,359,353,867,766,217,894,26,604,213,794,548,203,272,995,266,565,783,705,226,382,274,148,172,287,919,396,329,256,755,328,417,466,679,726,623,534,150,907,430,616,714,900,529,903,597,614,22,84,292,149,252,265,971,621,196,599,987,362,103,724,188,913,959,154,164,153,313,583,870,489,436,162,924,632,427,618,502,832,853,294,104,524,722,43,952,382,957,544,349,582,892,405,898,367,138,116,799,343,518,813,266,867,413,676,389,419,323,392,731,977,453
261,708,85,338,21,475,500,727,726,891,429,154,864,437,891,8,420,657,485,688,563,97,48,327,962,973,439,93,170,332,659,436,845,820,599,178,985,766,221,609,281,808,625,94,593,711,152,85,39,621,87,961,587,153,746,543,149,714,182,74,868,199,338,653,311,593,27,997,372,89,608,613,1,395,44,689,122,943,959,766,329,811,941,598,352,372,466,335,268,356,703,122,938,998,917,577,114,127,677,375,605,326,59,235,169,202,91,931,277,504,122,85,680,702,103,578,616,844,409,658,406,382,380,931,444,166,326,915,934,516,525,78,314,203,757,872,859,867,609,869,24,556,338,288,651,632,690,429,90,246,862,294,150,585,270,969,920,701,517,669,341,546,567,946,472,197,384,242,679,68,399,312,621,108,828,198,641,949,423,509,166,235,393,91,462,627,1,988,55,351,431,937,635,479,658,699,872,967,827,568,752,471,759,952,964,212,595,829,305,369,648,933,58,590,653,779,270,532,655,600,203,872,722,669,164,343,826,888,93,32,441,591,298,659,898,215,191,658,648,317,104,13,595,212,149,506,874,408,549,737,535,507,351,8,143,987,767,196,206,836,181,66,891,740,988,235,508,205,314,161,489,537,839,268,198,814,470,310,368,479,809,312,959,655,447,809,337,5,947,906,751,219,80,260,918,314,220,467,563,666,926,477,666,725,697,636,685,198,501,843,957,408,605,122,663,520,614,727,964,592,339,809,375,588,173,108,254,958,255,257,562,595,881,204,488,948,757,566,687,427,699,503,798,652,535,927,811,716,258,468,636,252,714,223,605,614,91,878,329,285,394,991,11,815,400,996,269,779,857,470,928,551,557,138,239,216,790,237,606,287,10,803,379,558,207,605,404,758,392,806,729,378,97,241,885,320,176,165,521,626
452,791,58,148,230,105,965,257,141,361,415,44,911,699,254,435,210,966,324,235,587,620,732,771,68,492,998,827,377,80,758,668,261,497,277,345,654,716,502,203,268,50,787,296,275,283,373,96,331,289,116,67,127,815,765,636,976,860,318,519,41,67,35,641,521,716,143,761,657,945,249,606,503,101,530,133,124,985,150,122,81,554,408,423,278,48,291,911,439,888,901,281,466,132,762,321,846,64,9,25,14,344,944,797,86,981,710,499,723,275,216,238,589,59,575,852,273,739,906,672,927,731,548,267,404,417,828,741,531,740,646,667,284,459,949,184,275,841,163,625,806,304,524,537,515,220,308,134,882,871,19,486,756,392,934,970,657,888,118,831,683,649,225,746,574,75,211,239,772,163,140,964,216,284,70,82,755,367,811,204,317,149,214,331,892,133,997,307,822,570,548,99,583,389,988,675,366,769,427,252,46,623,99,229,184,162,444,446,516,209,375,96,89,117,134,227,263,6,33,732,876,276,555,644,944,853,441,139,527,257,617,61,231,224,730,9,283,406,986,133,916,733,620,315,345,26,781,661,630,882,553,593,43,414,425,107,273,689,394,307,353,210,524,181,600,968,210,380,539,177,23,300,436,616,58,393,798,817,423,502,287,211,880,99,62,608,299,185,382,282,846,991,353,873,744,546,731,987,368,995,725,748,746,349,729,714,226,52,794,451,464,707,378,496,568,822,380,868,370,74,321,615,634,931,706,951,390,130,3,845,26,504,590,444,19,251,69,574,554,235,540,879,334,261,980,29,381,325,498,735,148,577,497,456,55,561,132,894,223,800,835,165,184,840,413,369,458,776,741,451,322,883,293,870,958,817,77,403,775,538,396,455,886,498,766,161,139,182,136,937,126,31,278,938,260,851,623,784,332,121
916,219,524,472,143,816,611,642,178,771,303,724,560,685,722,898,629,243,164,857,651,156,586,458,996,476,195,344,283,823,787,33,551,869,792,381,765,949,605,515,153,441,676,947,716,648,379,98,287,112,156,474,137,556,697,118,790,720,21,791,248,343,495,447,612,758,14,136,218,703,228,210,546,1,820,918,409,135,983,831,100,579,689,498,942,534,47,213,53,440,728,682,968,647,955,838,989,42,807,985,224,1000,369,824,612,124,605,256,169,177,213,798,43,816,397,164,905,750,264,186,401,50,881,140,910,368,219,440,330,191,311,232,228,302,167,720,559,85,807,700,977,432,917,38,14,746,130,582,32,272,819,495,434,299,970,97,274,201,786,629,538,38,145,243,11,875,166,727,268,953,518,131,605,78,418,654,856,220,446,324,846,639,335,25,330,772,171,304,470,60,636,540,399,751,142,539,659,801,973,834,159,413,120,414,30,628,530,118,246,318,138,965,525,762,957,360,815,994,927,100,815,677,524,370,970,2,11,950,43,373,515,925,617,298,950,141,209,169,442,724,737,244,950,602,32,574,488,99,206,844,260,364,350,534,589,575,862,455,623,242,589,726,200,967,46,258,622,248,86,102,414,716,630,630,803,80,664,357,745,832,246,522,997,748,394,278,197,527,319,803,14,146,223,688,571,48,683,822,402,73,655,887,308,974,933,977,114,271,886,839,673,337,480,832,309,399,834,973,432,861,164,892,309,927,822,158,245,434,58,75,651,644,981,639,415,454,309,431,936,616,154,161,555,6,484,421,105,70,801,129,566,811,11,872,302,394,839,787,487,686,91,702,114,755,516,251,429,113,883,703,359,465,738,706,466,561,152,621,14,970,566,567,186,170,718,870,142,738,506,206,55,167,916,840,199,284,754,526,971,883
134,902,638,896,898,3,88,986,745,347,900,132,130,805,244,140,967,993,853,477,792,374,313,328,28,58,299,41,525,319,804,746,381,496,433,549,37,681,564,273,774,723,82,24,460,932,835,530,919,929,352,438,13,253,11,732,115,380,916,150,933,176,828,407,591,346,880,298,87,729,772,627,676,214,763,534,504,710,874,865,891,625,860,143,40,990,557,867,376,25,502,216,87,432,732,990,762,683,84,543,155,294,616,477,386,88,112,509,584,390,463,370,518,657,306,138,470,352,172,513,699,117,244,737,929,747,26,634,121,665,899,606,516,724,519,25,735,350,402,792,573,839,231,314,896,428,924,144,883,544,167,898,360,383,579,543,422,313,943,607,724,114,542,939,956,647,125,976,919,804,627,62,976,737,765,800,165,243,217,403,694,316,889,110,848,414,772,445,668,241,25,208,302,240,412,404,278,466,274,788,529,960,520,574,938,931,686,154,319,423,758,185,271,558,605,21,245,140,237,198,803,581,107,372,368,660,202,941,776,584,77,546,294,34,463,411,461,441,348,31,725,132,17,552,244,575,518,687,413,474,452,130,664,554,885,223,424,59,763,993,47,487,754,702,800,263,519,946,833,579,143,79,166,878,541,90,18,543,858,673,140,180,819,281,179,623,280,915,74,980,321,11,220,954,530,96,432,744,418,396,771,5,999,911,484,509,542,598,800,935,315,811,844,3,250,197,113,779,155,468,784,95,126,938,735,790,67,139,490,754,533,860,294,682,168,840,456,905,202,239,767,831,360,339,659,377,829,586,898,61,461,303,715,97,245,736,105,571,459,64,209,677,542,481,845,72,269,655,16,819,973,470,600,11,874,316,130,710,718,391,587,598,447,399,847,856,761,129,180,464,390,841,636,785,198,214,345,369,511,535
250,975,475,489,751,942,2,129,666,122,7,950,602,114,311,750,561,665,658,535,46,387,78,615,478,909,893,899,298,554,894,402,150,52,59,876,986,586,910,651,961,465,728,514,647,107,311,421,138,477,896,648,782,554,735,100,980,435,980,529,347,855,438,547,893,940,909,678,610,290,97,455,352,542,261,496,667,621,427,62,97,511,361,613,735,298,13,882,516,57,487,798,425,707,757,645,764,839,449,732,994,346,511,517,427,380,672,189,382,299,486,427,209,70,925,226,802,303,516,917,593,394,396,503,103,627,589,779,817,783,171,824,29,789,411,457,292,783,246,467,218,441,892,720,635,932,219,714,372,264,900,793,757,88,755,445,203,299,340,903,84,658,774,530,533,570,193,842,450,195,404,787,373,872,741,468,476,309,807,83,124,905,550,171,844,766,85,625,974,653,79,797,369,605,410,309,641,960,810,97,333,882,353,233,185,882,786,136,876,158,394,478,185,845,131,806,80,639,349,122,925,129,638,802,261,639,259,514,899,941,386,658,813,531,753,930,931,905,576,278,223,66,958,420,66,621,561,380,732,634,430,175,511,885,801,155,136,535,827,767,363,777,10,606,176,626,754,308,22,997,691,519,228,280,146,537,726,246,57,532,855,518,245,191,774,796,684,180,708,653,932,113,13,373,321,166,480,563,47,500,408,254,273,168,680,204,818,355,810,406,813,33,329,102,228,119,520,207,938,176,501,644,888,945,816,441,831,289,41,228,374,813,416,247,578,46,930,19,867,82,303,111,638,27,21,750,63,540,486,468,316,625,256,454,986,883,117,152,269,610,185,248,577,679,534,543,991,536,619,81,234,294,473,570,49,138,919,491,417,165,197,483,0,581,12,650,866,965,246,250,906,400,412,214,277,731,900,781,162,954
524,864,172,479,204,455,665,246,177,130,711,318,690,364,330,56,160,737,956,511,529,964,318,794,663,425,764,750,510,256,537,559,135,590,704,475,437,402,538,824,159,380,109,286,896,657,346,530,571,323,554,576,620,640,574,152,208,951,517,617,44,244,625,609,465,105,228,81,864,563,380,225,762,104,410,62,706,184,330,170,74,761,436,161,907,525,872,157,153,121,47,580,409,88,533,534,690,547,470,660,255,197,463,796,300,149,994,85,433,388,850,101,594,5,353,968,713,696,481,167,228,41,892,257,875,123,402,656,363,827,378,49,41,860,719,737,706,417,537,48,444,590,848,478,814,477,502,354,118,270,553,660,738,835,996,713,608,507,465,637,528,191,326,674,420,255,533,578,484,9,453,558,181,403,705,51,693,414,764,964,194,821,541,39,58,620,740,51,542,520,722,499,81,857,549,81,189,904,372,248,786,790,97,494,558,784,97,879,339,284,343,208,477,52,637,793,144,978,179,261,775,154,581,948,0,1000,371,19,470,319,860,350,766,357,52,925,310,919,431,386,776,443,245,920,742,577,127,504,69,587,488,555,544,174,282,51,589,767,146,380,742,600,837,722,657,889,882,338,789,478,387,910,78,934,217,405,531,689,868,334,769,860,380,871,894,384,799,624,164,454,163,988,563,992,217,315,845,861,757,771,390,927,304,845,753,173,828,722,727,612,164,921,601,488,21,154,181,221,933,318,186,33,140,170,276,508,841,765,804,177,646,805,912,400,894,724,913,42,149,424,736,172,598,742,91,720,539,819,904,316,99,485,678,512,383,772,231,142,563,460,116,543,463,602,279,188,283,271,802,591,62,913,36,559,93,470,355,20,323,868,755,824,708,632,846,1,989,92,785,753,898,495,241,618,681,233,955,251,837,575
887,670,190,2,349,595,630,184,354,568,397,613,88,151,686,524,368,783,982,716,519,321,467,347,923,977,413,722,394,651,422,317,445,116,253,192,187,730,473,541,321,737,40,73,488,475,178,588,113,879,748,248,132,682,684,218,292,794,695,357,530,637,238,421,363,848,58,273,968,879,379,70,715,231,140,536,745,706,207,564,341,647,773,981,388,458,790,853,207,447,156,846,346,672,921,871,506,576,481,831,529,185,145,519,961,963,296,936,39,267,147,87,753,989,794,152,666,777,202,603,311,428,859,144,627,655,160,500,668,897,171,936,182,313,783,103,351,68,606,578,987,44,843,782,906,535,859,277,933,897,255,782,553,799,680,873,528,767,373,842,168,504,968,318,191,111,569,569,904,507,584,752,212,73,592,551,920,903,180,958,571,224,356,30,635,723,976,509,217,844,458,521,172,642,325,277,558,43,661,651,343,455,683,173,826,213,779,167,766,334,337,462,873,392,808,821,320,518,969,798,729,134,294,352,948,761,813,808,319,956,484,889,942,573,171,807,704,19,793,731,739,441,42,446,749,379,163,794,31,352,627,416,937,303,817,815,404,33,249,509,542,969,876,637,10,779,991,779,380,463,500,23,52,213,52,674,973,496,98,885,543,209,698,981,514,505,140,72,785,105,552,308,551,756,594,855,202,493,73,522,562,251,887,708,557,346,348,806,219,86,765,887,468,233,630,415,152,563,562,565,422,723,360,490,305,155,95,224,303,489,889,51,363,237,322,619,172,921,418,923,751,355,570,229,833,633,656,1,66,619,85,424,859,518,948,875,45,493,649,179,638,204,135,817,742,900,223,309,337,420,551,405,956,643,712,385,483,647,262,405,871,161,589,267,166,877,680,617,613,857,609,903,54,855,133,950,190,960,876,200
398,592,189,141,229,746,648,144,501,245,509,447,356,267,879,942,830,275,931,393,271,465,385,204,417,641,69,954,898,899,543,13,230,478,187,631,155,490,754,150,371,0,783,227,777,48,73,118,144,259,576,153,156,941,32,258,822,475,237,66,450,644,978,123,906,816,535,591,723,547,978,379,369,928,218,898,503,294,811,923,379,415,503,654,695,803,818,899,121,435,326,2,601,481,203,401,412,460,291,482,794,911,773,38,597,182,581,848,957,723,198,84,607,961,298,575,562,390,964,375,482,135,259,612,621,713,300,116,799,526,393,767,89,259,927,316,173,410,630,731,255,221,33,952,245,975,699,19,685,247,655,257,409,956,374,925,106,118,557,923,528,203,703,872,115,450,749,395,764,117,259,881,657,649,405,683,368,512,883,506,198,426,230,694,778,759,994,692,647,459,342,551,363,96,461,420,437,121,287,608,423,960,633,417,150,722,388,834,124,95,493,257,419,367,75,433,361,732,371,672,250,438,58,436,828,873,305,617,571,602,705,520,354,790,438,140,951,157,267,225,351,244,964,876,157,991,219,820,558,664,119,430,616,199,30,557,106,75,697,93,199,14,676,650,968,993,610,925,857,51,779,466,63,769,601,532,803,836,945,221,204,968,600,54,975,310,434,367,704,882,698,868,537,236,93,406,899,885,521,615,439,489,808,520,300,280,389,296,41,94,819,147,82,151,289,864,231,334,975,147,522,106,642,931,310,929,197,792,124,742,442,552,273,686,774,883,49,666,591,823,897,340,59,828,767,63,935,173,618,13,825,873,471,108,146,612,452,426,526,151,156,390,164,361,446,792,56,81,485,652,795,249,147,136,757,899,698,819,1,770,116,886,992,719,945,116,353,657,128,367,31,122,971,247,381,339,751,109,822,178
116,136,532,867,842,404,501,141,570,778,696,713,869,849,499,597,352,558,911,71,218,279,761,314,507,237,396,579,143,876,695,799,962,131,214,264,349,599,119,433,265,191,820,771,569,952,54,458,495,489,479,944,925,609,262,380,220,786,803,684,220,23,405,494,633,485,693,585,675,356,161,479,339,969,418,968,410,937,588,89,412,303,792,487,278,861,594,58,406,338,208,965,926,320,948,896,614,385,660,349,422,648,675,907,303,287,99,436,371,162,602,360,327,511,373,989,747,466,210,407,633,814,162,108,941,111,281,972,566,589,322,335,284,913,259,863,255,117,801,734,660,460,821,749,442,591,35,944,144,460,105,344,646,80,114,748,772,501,395,607,380,938,437,464,637,503,983,425,705,788,767,885,878,440,726,749,945,419,877,392,385,599,642,249,814,41,946,436,514,293,571,6,21,712,818,911,287,399,803,302,71,229,51,760,180,51,25,97,647,89,644,612,781,898,157,518,590,340,434,528,220,927,197,124,594,353,810,536,573,179,202,352,16,682,199,20,981,399,751,979,272,380,313,639,372,717,73,568,990,750,923,719,821,328,375,461,682,489,688,388,505,68,782,79,894,514,988,22,526,723,71,809,551,905,741,778,92,181,158,209,941,115,283,913,310,633,581,905,815,541,338,714,983,792,403,587,615,758,925,714,12,643,775,13,735,989,728,960,93,392,310,29,702,600,252,908,925,740,952,801,802,551,677,827,115,299,305,637,3,83,417,405,302,683,345,743,656,485,670,351,54,967,184,995,285,335,555,836,361,606,358,499,407,911,91,46,820,825,429,525,232,167,689,672,896,201,941,578,656,957,200,601,616,956,979,466,301,557,891,948,588,818,981,844,291,276,696,391,220,503,655,980,128,675,502,318,752,465,92,655
231,994,719,509,336,546,549,933,103,531,843,706,218,691,223,338,223,136,841,95,252,495,144,397,404,928,881,996,622,671,530,257,314,725,621,971,71,443,470,992,540,272,846,314,303,919,433,629,597,552,343,797,27,306,606,422,46,607,23,192,648,167,3,532,380,968,190,363,252,635,767,928,278,969,35,936,606,650,425,393,262,850,939,784,223,992,893,573,823,650,177,125,201,51,340,459,390,442,329,246,483,157,222,751,664,524,443,962,246,54,757,242,960,615,429,918,673,191,353,278,934,185,97,310,175,581,147,109,728,722,336,550,631,161,558,72,689,146,187,115,197,55,401,376,202,408,69,513,742,735,347,469,906,964,219,930,445,980,530,585,574,712,69,594,148,853,41,899,563,702,481,832,597,714,458,771,82,11,638,254,720,818,501,608,938,312,362,383,566,703,837,714,91,590,764,787,967,376,638,89,845,496,998,470,757,392,224,454,800,165,634,23,286,918,393,249,637,642,386,921,616,170,853,974,364,788,805,460,987,777,875,739,948,317,615,654,556,44,714,66,487,664,109,144,262,909,737,89,32,558,870,107,619,102,173,371,273,341,866,477,346,311,92,596,345,879,701,754,677,227,777,56,20,510,687,105,42,979,119,952,311,164,82,576,292,591,163,663,476,929,73,134,797,845,503,438,672,26,0,895,788,957,143,873,763,102,5,614,769,573,825,448,536,946,220,297,412,193,386,488,266,242,629,419,750,196,492,813,177,176,19,385,535,438,541,652,363,276,637,118,525,422,440,264,196,77,893,24,819,21,318,92,442,691,123,968,399,452,114,884,279,877,605,573,464,282,886,319,531,39,979,650,588,499,210,150,809,495,684,316,518,279,581,216,798,52,127,894,160,897,39,594,711,198,265,159,493,870,977,475
938,548,612,931,101,206,296,71,2,687,790,901,580,660,315,279,604,390,129,163,137,992,965,387,629,585,658,132,329,337,551,711,479,753,338,240,63,336,710,529,522,706,734,824,321,946,174,819,488,161,590,147,437,788,442,712,945,745,726,869,363,434,553,576,643,760,770,617,279,388,950,116,416,481,987,679,397,365,164,174,570,81,917,753,258,749,718,453,77,503,345,289,105,926,557,348,762,680,342,137,950,395,70,435,973,444,658,391,25,608,896,107,103,760,147,537,514,121,313,432,887,592,184,254,97,916,303,495,654,516,33,319,748,381,5,246,816,811,477,481,560,195,689,353,290,305,460,342,522,647,506,735,192,383,100,743,504,92,149,50,899,672,32,690,416,310,313,212,42,459,617,459,481,362,934,526,313,522,951,837,985,908,506,99,271,840,768,56,78,373,305,480,589,801,735,144,189,299,306,142,332,341,48,157,365,644,735,799,543,582,316,167,227,213,810,476,229,98,946,337,968,104,446,925,692,888,407,486,559,893,935,735,19,407,882,52,557,119,546,205,157,211,979,279,338,192,148,238,410,401,372,387,780,924,610,842,622,338,28,348,915,54,160,412,338,454,883,166,826,748,253,453,493,571,763,542,584,974,215,821,846,85,274,843,468,22,849,537,735,484,328,346,409,251,456,525,429,907,532,903,405,68,830,838,837,687,556,978,983,69,906,600,963,265,724,526,877,380,906,507,808,81,231,846,218,352,523,193,668,854,538,828,717,944,965,682,800,523,703,425,334,269,17,551,192,0,912,511,940,868,372,496,350,431,338,730,415,331,470,80,320,613,631,162,634,451,83,161,721,941,849,856,56,106,23,512,800,970,812,158,693,264,820,886,73,425,568,233,305,709,877,874,180,928,896,652,337,619,264,657
157,572,368,311,630,620,349,140,725,244,514,687,553,586,596,670,747,982,406,691,453,547,853,882,541,155,295,31,754,313,38,869,11,952,618,531,422,869,319,821,353,373,833,9,163,504,189,727,695,952,847,663,429,82,499,419,906,458,617,503,828,878,128,248,830,19,288,822,64,216,476,96,324,966,561,633,665,14,995,743,362,804,71,456,53,284,885,676,436,614,72,770,842,777,817,294,7,772,818,775,3,225,164,602,182,264,707,134,474,502,24,619,752,591,505,901,521,409,399,528,804,163,561,735,540,44,839,941,15,145,548,214,633,483,201,519,563,667,185,81,721,775,657,61,84,1000,832,153,420,47,978,377,445,363,74,277,756,890,703,707,743,277,384,791,505,195,825,782,303,760,1000,760,384,481,461,590,872,330,681,907,435,471,320,594,205,131,465,645,838,103,506,810,388,470,959,50,837,27,881,279,484,597,813,658,95,475,291,629,566,912,5,589,27,426,412,624,204,776,260,555,698,495,826,368,988,307,716,38,521,719,46,409,120,453,861,472,210,637,246,105,269,260,444,240,430,555,737,746,779,27,466,502,634,438,265,318,83,48,287,142,815,840,132,700,578,58,359,310,25,582,653,190,193,260,653,482,49,5,313,523,651,629,286,355,478,796,224,267,276,104,388,374,866,902,606,351,969,913,920,5,40,468,122,471,298,499,843,684,766,199,969,147,345,906,403,854,465,751,86,19,482,492,214,22,672,674,916,183,414,66,659,993,639,222,236,136,347,168,848,145,601,72,640,754,264,457,797,668,357,474,366,455,231,748,196,440,686,735,15,240,830,810,521,563,339,69,32,22,228,775,121,107,341,655,762,797,973,104,427,954,414,902,237,876,949,73,965,773,81,132,696,988,82,611,419,290,759,565,464,235
209,725,321,34,145,90,821,371,207,799,123,24,690,875,623,755,278,347,905,995,967,128,956,351,298,523,883,841,766,951,191,932,479,285,39,886,3,100,117,179,251,385,334,924,935,275,795,450,479,479,294,302,421,562,621,751,491,421,730,44,777,699,900,731,264,326,272,409,848,726,39,783,343,514,545,624,706,125,389,873,494,96,965,234,418,641,358,773,881,641,304,64,827,68,285,971,440,712,787,633,744,360,39,51,864,440,113,837,250,301,850,304,774,188,504,742,789,872,303,984,936,608,808,510,317,801,395,477,351,230,424,983,25,281,692,423,383,459,261,82,136,109,274,54,329,259,55,246,829,426,332,747,830,936,794,471,438,678,825,48,281,94,483,507,640,608,93,299,686,102,662,815,127,392,239,970,60,73,941,259,978,232,890,874,458,638,623,768,564,883,621,974,613,99,283,103,786,184,777,869,637,168,24,745,790,871,46,356,307,565,425,622,947,973,668,581,26,103,241,103,79,722,249,953,916,696,110,57,190,383,95,804,951,431,746,826,617,850,67,614,707,184,971,943,495,89,101,121,934,501,533,54,819,411,311,144,233,539,639,649,586,689,377,328,220,56,450,791,178,507,176,674,762,720,761,776,786,51,422,452,281,496,924,360,473,603,852,36,410,4,163,793,196,337,207,574,423,701,238,294,500,886,509,355,335,266,955,16,693,824,333,900,403,11,819,699,984,359,114,968,502,962,341,387,119,319,643,139,945,785,363,63,764,588,82,426,985,325,597,717,643,313,802,642,323,833,760,761,764,845,612,288,739,145,129,35,995,465,4,946,493,889,53,193,620,558,901,797,585,920,396,887,764,570,515,167,193,640,108,506,985,641,6,917,559,204,67,624,646,272,621,518,267,422,326,518,729,922,713,443
646,528,544,611,484,489,344,361,69,348,904,738,588,795,83,985,987,275,373,92,130,947,589,814,878,648,711,519,753,733,950,934,796,382,333,421,520,557,138,309,82,625,37,794,365,324,123,859,895,762,30,117,655,154,398,536,905,696,358,833,618,38,452,13,101,137,483,210,527,702,292,54,193,531,231,62,877,431,238,773,170,887,107,835,787,601,294,362,510,607,380,585,742,415,380,885,632,927,76,762,396,730,114,318,80,938,882,130,629,379,169,870,606,140,999,73,906,727,963,168,6,18,12,81,904,150,69,622,37,345,721,729,148,57,733,81,280,554,267,171,334,124,258,511,232,458,739,48,951,47,661,855,374,684,570,834,808,476,742,695,218,64,608,857,234,227,803,641,892,239,222,359,184,929,828,640,870,974,27,945,135,805,964,203,333,930,971,614,134,616,791,558,655,445,106,809,29,287,161,26,15,34,486,215,523,248,527,66,756,811,568,185,764,801,68,70,54,442,756,549,553,432,38,651,68,155,680,543,746,400,64,458,786,304,939,645,223,976,174,515,43,949,520,376,138,826,763,339,483,102,282,213,784,735,546,565,306,666,710,53,297,885,800,944,488,130,637,582,647,804,652,205,858,883,432,428,352,15,883,517,382,158,20,723,505,269,409,554,600,939,521,607,414,740,143,962,129,408,538,354,195,602,912,784,751,211,344,657,108,896,291,876,988,769,257,22,914,576,797,4,419,190,554,106,623,522,301,382,548,235,267,222,38,20,265,850,754,258,416,226,155,288,354,767,142,723,777,244,7,662,470,780,794,891,357,546,744,778,582,318,231,586,988,19,934,249,189,551,734,45,746,854,772,927,99,164,274,299,996,400,806,788,682,472,316,465,475,800,975,820,171,846,291,872,58,398,194,325,952,119
294,963,103,418,213,711,117,479,21,482,214,732,489,378,824,529,50,293,939,197,122,640,183,541,706,446,601,306,259,266,58,823,967,421,198,777,415,214,216,233,627,509,659,93,525,1,885,942,862,731,472,649,420,649,51,481,278,246,487,546,141,986,877,728,421,778,167,406,464,764,148,334,231,882,904,794,571,177,788,955,733,278,963,747,137,759,524,5,365,75,357,213,348,229,52,583,707,613,205,604,855,291,675,74,626,25,289,821,457,554,514,953,913,678,238,466,531,50,423,65,892,648,868,823,997,375,870,981,583,890,443,69,782,178,544,410,801,119,429,593,456,314,369,122,304,316,533,452,396,738,461,462,588,557,450,371,72,53,166,980,211,102,682,425,597,929,836,912,729,531,992,725,720,399,214,725,957,959,944,184,41,894,95,996,51,107,948,332,918,559,543,355,374,72,239,20,130,1000,956,934,156,229,705,499,43,199,656,462,474,722,10,391,929,324,485,912,329,179,126,76,989,234,144,829,816,114,951,20,733,166,355,242,730,823,139,859,142,112,304,121,527,184,533,704,771,83,288,989,942,148,403,35,738,44,480,506,818,535,21,858,182,615,297,323,614,123,189,79,142,655,282,243,763,365,287,654,902,441,361,588,884,626,585,476,794,338,86,497,742,483,709,816,550,679,579,407,71,697,795,202,747,319,216,415,366,818,72,166,848,143,387,288,811,698,540,22,434,622,788,830,879,851,549,317,269,350,934,616,628,469,329,613,189,869,389,62,480,207,365,283,715,119,14,844,558,866,12,568,270,549,946,285,574,235,217,170,914,812,831,819,44,499,944,527,565,635,88,608,435,262,578,414,489,207,669,645,686,834,739,82,355,799,158,325,190,707,533,425,708,941,748,584,744,117,59,544,227,206,970,631
495,191,737,42,167,142,729,952,748,259,394,468,748,807,600,777,456,315,194,505,59,593,242,1,383,162,791,580,387,551,34,2,629,140,834,256,915,916,772,448,19,43,550,646,529,554,571,563,455,264,375,759,502,980,136,97,150,829,385,485,941,846,845,815,113,370,207,508,449,877,107,290,28,583,857,517,326,333,169,805,129,766,516,496,847,640,207,182,104,234,917,382,144,438,2,754,793,890,740,693,691,842,656,102,87,970,943,653,239,71,179,643,479,7,86,764,700,243,834,728,163,467,255,370,890,399,868,24,710,519,363,329,218,285,386,811,492,662,231,812,331,790,322,211,797,756,747,530,985,716,81,53,648,321,578,539,474,522,152,901,862,302,579,704,988,316,207,994,451,35,479,82,649,978,498,588,555,95,331,760,19,426,472,157,370,196,670,580,164,754,47,917,309,529,79,747,595,818,350,976,192,239,707,800,188,458,639,103,438,838,293,485,935,712,970,641,98,135,69,678,973,369,225,416,314,534,48,209,107,795,232,708,160,339,273,314,220,510,991,676,32,472,6,506,897,135,783,256,634,171,601,521,578,206,155,374,740,677,553,919,20,393,31,30,749,606,221,20,124,42,206,675,304,39,905,56,617,691,582,439,36,40,522,642,605,538,864,160,50,664,648,879,522,471,275,36,310,774,321,549,583,750,227,344,547,50,42,112,583,570,7,513,115,707,100,249,398,834,814,936,82,533,849,267,361,293,410,138,874,781,356,456,375,236,771,72,675,420,942,606,736,895,342,506,106,809,576,571,193,58,209,646,686,827,429,707,532,519,553,275,834,448,447,647,952,602,878,28,816,382,779,178,396,110,718,111,960,572,146,237,25,997,132,595,675,494,430,952,58,114,497,363,349,602,595,942,645,101,908,66
864,677,438,448,533,429,988,637,734,641,177,186,95,41,80,422,50,679,508,933,887,118,752,258,864,722,165,644,358,845,403,509,97,627,505,180,295,17,448,890,122,881,160,735,17,287,115,685,268,296,22,233,60,668,784,837,50,144,7,460,735,905,381,826,275,539,495,202,874,831,255,500,858,895,908,822,247,174,335,616,457,406,66,842,813,855,713,722,384,46,354,399,638,156,518,129,508,317,57,915,245,289,188,326,185,743,840,924,58,906,492,193,114,134,892,128,176,247,906,974,410,275,988,790,899,136,863,715,736,468,982,824,396,939,732,953,620,655,343,918,876,512,447,327,477,470,143,865,473,762,536,987,526,588,103,761,464,221,572,305,436,841,393,140,755,419,47,626,398,967,299,196,135,0,326,414,998,626,35,847,980,626,73,56,300,819,357,99,639,461,179,232,927,440,748,478,318,962,394,75,367,104,390,48,691,881,310,54,252,322,146,304,747,374,725,146,773,675,129,994,105,21,858,369,904,363,250,767,255,902,432,853,636,861,276,923,682,522,759,373,988,320,156,415,779,198,236,717,799,977,74,198,562,186,327,267,318,218,595,288,632,633,923,451,103,661,276,349,63,290,158,348,429,365,15,499,859,394,722,136,230,586,785,174,723,924,736,625,829,388,669,653,959,670,705,320,914,708,75,168,873,590,401,467,894,289,372,539,512,908,928,95,992,650,337,845,387,317,178,507,587,489,263,383,344,192,409,766,260,582,858,437,849,240,745,879,592,762,392,445,469,404,760,644,454,504,308,546,821,275,498,866,971,150,319,656,464,908,310,592,817,520,435,152,871,252,883,806,945,382,887,330,716,173,864,229,617,578,795,208,617,207,67,716,717,833,608,345,861,258,543,165,959,258,91,771,921,634,380,740
79,228,923,910,663,710,770,150,688,830,796,704,133,383,705,180,920,235,466,419,175,454,652,207,794,936,318,154,960,599,233,57,723,607,31,823,755,854,160,516,35,518,494,38,853,27,705,804,305,969,349,28,403,906,900,946,911,859,283,678,8,963,149,386,260,237,109,748,232,115,67,765,709,83,325,861,497,263,364,19,101,105,650,377,42,702,29,821,319,784,652,394,220,117,451,715,298,194,108,622,136,717,816,19,973,788,974,955,956,469,262,571,695,709,751,998,658,167,675,494,878,19,160,332,152,282,675,781,94,705,244,757,943,399,610,746,915,290,734,16,532,921,782,168,850,58,433,717,520,828,661,913,390,259,250,129,848,970,369,893,612,973,76,171,458,26,103,490,910,109,147,333,530,721,159,348,987,711,385,522,263,23,414,839,165,966,18,562,736,816,323,370,695,22,418,696,478,441,999,698,840,206,829,309,527,82,442,342,446,352,883,458,388,387,460,628,477,918,499,319,168,36,41,300,907,730,392,517,779,923,628,957,150,873,299,341,199,255,882,800,628,980,414,883,616,423,492,191,90,734,105,174,906,762,172,623,945,965,260,978,452,950,427,152,387,542,689,539,465,719,752,724,866,165,726,366,369,680,452,823,835,68,465,219,191,7,777,747,939,305,348,226,818,322,895,596,694,462,428,664,785,278,637,190,393,741,935,220,303,387,788,688,53,937,452,333,173,153,770,146,484,306,170,112,589,428,620,820,838,411,903,367,978,471,619,661,299,401,497,81,71,448,15,372,639,557,137,241,917,999,610,728,948,655,235,153,296,367,880,206,156,714,708,138,113,436,349,747,554,377,444,870,913,132,993,778,620,38,527,606,956,380,942,365,750,207,649,40,693,321,701,752,600,875,764,810,881,964,165,416
820,576,859,402,234,78,720,724,457,837,166,890,29,420,535,680,755,52,248,373,278,574,418,157,76,976,749,907,361,428,1,344,848,104,261,891,495,876,326,636,529,375,330,102,893,662,306,703,92,854,750,606,489,875,253,431,544,12,662,965,222,749,29,528,155,692,894,892,652,389,882,188,125,301,849,316,932,928,760,560,683,266,405,86,115,63,197,118,841,91,25,890,960,684,491,127,956,361,184,772,523,984,309,123,406,436,367,51,806,925,554,494,917,77,944,632,964,727,321,716,72,34,485,299,269,486,800,217,900,584,54,221,248,811,38,130,756,483,220,284,890,182,52,293,745,759,51,962,212,88,20,117,252,68,323,985,406,137,42,265,992,846,904,846,66,243,129,718,467,82,351,997,904,35,739,143,968,719,926,298,165,319,896,261,583,853,941,81,633,885,526,970,301,392,316,150,183,554,110,455,539,461,731,351,380,779,173,103,337,655,34,747,149,575,416,778,938,826,745,186,701,786,863,943,113,94,425,353,75,212,278,712,513,292,460,31,518,945,0,1000,72,544,140,556,359,258,248,184,930,550,683,940,537,491,948,251,522,143,206,906,321,542,380,450,488,731,62,19,119,140,166,173,565,407,56,846,612,22,315,182,899,945,300,83,366,829,215,281,908,470,514,665,302,12,776,443,962,309,611,391,724,586,661,521,635,219,267,365,571,881,278,533,122,704,903,22,765,163,555,831,855,216,910,119,976,106,141,52,985,900,378,280,868,868,312,928,839,168,178,504,907,104,850,579,779,64,565,803,256,885,802,582,484,582,394,136,849,41,419,48,247,164,963,571,16,450,164,51,280,899,627,579,730,80,401,357,467,58,80,849,672,654,32,725,541,82,361,535,482,550,22,745,704,780,304,490,199,455,75,874
124,879,101,164,804,688,515,987,637,730,119,431,192,353,50,827,726,696,928,603,624,59,161,714,504,752,714,211,351,638,259,610,410,607,517,293,84,181,691,19,806,242,407,796,595,458,380,103,526,907,804,992,269,707,313,935,577,772,261,226,288,785,189,886,175,35,461,76,468,445,703,54,5,472,457,699,919,899,149,606,924,920,209,709,940,51,594,534,145,89,50,220,560,479,975,258,154,262,589,130,900,777,54,34,714,222,938,294,960,550,724,237,920,909,834,398,628,615,805,923,438,343,637,662,740,381,4,909,542,426,972,890,662,471,153,634,194,75,393,988,751,660,884,478,473,743,665,604,502,96,892,576,858,847,540,566,205,800,536,703,760,898,275,568,46,517,228,111,704,198,813,486,91,68,496,845,647,456,515,384,927,881,606,967,848,472,988,474,249,222,320,451,7,674,12,455,65,349,844,868,83,993,295,629,912,823,389,156,756,889,154,138,869,530,347,690,534,98,470,969,69,779,859,437,74,226,995,443,384,957,674,881,578,246,239,65,698,222,788,881,817,20,59,818,460,941,302,519,571,560,778,527,690,548,228,369,212,904,497,703,962,131,996,579,197,367,355,247,288,30,617,230,472,460,966,930,60,486,90,959,171,218,447,659,603,494,357,139,8,891,713,628,786,131,360,468,448,378,5,286,316,216,569,781,872,380,948,887,593,5,113,487,994,908,973,57,242,407,679,976,170,993,717,724,306,717,387,54,837,697,99,16,184,617,346,788,321,547,232,123,135,521,397,853,286,133,267,804,763,408,576,840,223,649,170,204,235,71,890,572,848,451,954,688,70,818,401,636,798,484,305,330,420,50,986,705,210,159,324,622,827,850,700,322,605,951,507,136,171,857,384,591,565,515,441,872,612,929,588,955
12,953,338,130,154,954,542,647,38,967,382,446,732,439,104,104,258,431,793,206,156,770,531,185,178,891,416,518,446,682,260,932,45,696,440,478,614,740,469,392,111,328,409,308,811,632,14,899,577,976,339,331,794,911,859,140,874,384,925,578,20,349,36,44,192,849,103,341,175,826,176,898,65,937,616,62,978,940,784,242,140,2,583,502,73,681,962,200,170,148,279,872,269,649,81,465,359,229,195,81,105,655,184,464,958,883,704,2,884,258,929,443,754,836,460,542,337,503,445,152,358,385,218,335,699,12,814,806,1,553,38,323,781,472,166,403,688,441,967,741,669,439,669,173,685,834,533,911,224,853,111,704,7,754,795,477,766,553,63,725,138,781,431,187,186,428,15,358,338,811,138,542,760,219,892,952,572,282,754,766,126,47,262,97,217,444,791,226,11,413,239,536,515,865,119,162,578,18,12,829,745,563,811,169,990,785,673,313,847,179,741,743,185,76,388,825,56,489,989,463,79,243,255,94,873,113,133,604,599,210,801,975,25,544,333,241,148,429,667,196,65,955,687,644,444,704,995,90,926,308,895,274,993,664,602,822,980,974,306,709,119,653,873,859,12,899,746,523,747,828,303,418,28,713,1,562,40,591,653,188,105,909,731,622,911,981,761,577,167,797,931,447,538,820,763,367,671,315,836,127,22,482,798,780,733,489,665,478,731,655,458,689,656,144,762,346,424,408,571,105,895,810,747,673,829,44,519,923,410,695,415,433,456,703,929,295,893,926,318,318,501,307,603,760,632,477,590,272,692,624,18,4,83,145,875,648,635,977,595,232,928,538,137,136,487,298,530,643,817,904,935,349,362,84,956,368,240,74,557,670,399,878,270,375,991,253,120,120,843,101,856,696,635,582,300,738,241,561,94,528
950,588,818,885,257,512,252,279,493,805,855,268,958,975,931,540,184,491,642,139,766,953,69,746,820,44,885,204,56,637,936,205,784,224,831,955,288,51,679,518,393,534,518,211,769,24,955,823,302,736,227,1000,438,851,314,888,106,456,636,343,928,292,237,14,142,574,662,803,617,432,231,821,933,847,605,530,477,937,42,326,200,116,403,267,271,503,34,315,768,593,312,704,30,67,61,821,494,107,703,975,502,540,810,379,230,552,59,161,789,121,577,229,181,538,485,905,695,498,28,506,326,26,370,570,766,357,642,689,710,233,110,280,793,963,533,959,927,189,538,938,639,497,667,779,802,66,271,100,654,336,678,315,664,746,52,804,22,856,41,18,131,882,105,836,53,283,363,65,941,416,364,149,710,454,568,731,433,103,476,366,727,829,1,86,187,992,237,416,441,223,218,805,92,950,617,103,148,720,388,502,904,882,77,352,959,570,490,648,44,468,210,25,865,648,993,952,522,70,556,924,940,498,792,176,814,773,491,222,200,100,877,316,19,677,373,413,418,580,145,369,347,742,838,707,349,315,636,877,491,86,221,194,762,625,114,202,846,698,126,352,444,687,624,169,717,905,491,138,891,741,175,110,72,161,244,936,872,489,153,567,273,29,437,743,388,469,919,208,688,365,274,233,655,210,529,97,803,217,907,352,344,219,381,906,705,868,689,604,396,682,326,526,92,384,601,726,182,891,938,738,754,131,452,321,618,924,567,445,840,410,33,86,878,58,56,707,249,479,354,37,357,42,655,234,851,78,908,40,398,485,339,230,914,427,51,861,320,109,679,515,997,1,93,558,807,493,331,65,268,652,512,163,179,136,446,333,599,944,342,135,210,123,304,111,334,969,878,72,964,965,627,270,809,973,552,582,838,531,45,49
300,43,945,981,775,721,470,795,330,363,701,543,852,551,136,480,647,391,207,796,730,25,758,250,308,764,280,375,378,930,976,96,102,675,665,452,395,96,932,74,409,532,225,280,399,600,781,883,842,65,565,922,291,944,417,326,915,940,566,939,604,396,979,950,227,150,592,536,542,113,240,991,613,110,853,242,68,638,532,235,352,912,87,327,115,456,805,616,675,228,408,932,764,796,969,856,899,81,937,521,769,539,899,9,605,817,61,359,497,10,564,336,129,319,519,696,109,875,661,379,481,739,160,586,592,671,648,297,959,446,623,41,265,260,308,710,160,550,476,567,842,90,878,645,513,781,354,463,651,991,910,118,842,502,797,407,569,991,367,683,884,738,376,619,845,274,535,822,530,734,361,921,283,343,193,17,698,245,882,952,93,15,994,926,996,829,800,290,181,663,135,889,804,488,906,588,793,530,454,263,568,858,998,21,217,820,129,798,867,926,787,842,187,634,558,152,241,51,235,480,698,585,400,884,899,104,112,155,992,760,768,976,458,837,349,762,587,576,82,820,761,246,816,941,113,25,789,366,764,429,993,828,187,600,80,995,6,424,336,705,938,745,764,790,327,577,909,590,921,500,497,681,843,931,821,864,88,313,565,465,168,293,790,439,653,593,200,224,413,275,74,10,969,966,118,648,795,953,800,7,576,337,865,227,124,570,380,918,749,284,28,378,283,646,356,469,229,786,235,540,979,998,739,429,728,592,505,898,50,329,333,613,54,933,306,685,47,881,607,668,26,10,600,757,99,763,777,347,102,223,614,142,135,609,585,249,842,151,382,510,791,506,881,913,543,675,572,707,188,372,429,69,313,722,667,16,288,68,492,663,965,833,140,111,194,627,562,719,500,651,271,949,200,938,364,949,352,708,412,852
894,519,471,78,958,338,69,470,715,669,18,382,193,39,629,160,55,577,200,597,91,31,244,681,554,175,513,200,544,89,796,683,802,20,969,36,34,687,95,414,660,205,417,768,912,193,872,339,342,549,475,966,160,403,468,132,731,937,590,856,111,526,820,993,897,901,756,434,346,527,637,883,517,171,368,634,722,774,764,649,313,557,126,704,561,671,542,831,476,274,672,282,48,240,75,578,277,309,385,228,575,37,126,379,376,920,380,589,328,935,82,42,363,640,937,705,269,821,522,609,781,724,29,182,472,291,232,312,175,908,246,847,248,74,260,278,93,454,468,538,426,227,59,641,264,744,319,796,686,277,398,355,504,805,985,323,772,792,332,706,242,514,232,550,912,858,383,13,275,302,602,174,165,971,41,957,648,336,596,302,288,991,418,414,37,155,578,818,245,505,410,292,582,389,829,405,105,447,273,942,972,5,124,60,123,29,722,128,719,89,322,36,910,368,851,606,6,669,969,644,677,316,687,221,836,241,282,696,427,716,824,33,26,493,196,458,988,348,654,781,430,65,532,520,428,149,22,640,727,224,542,464,809,76,607,743,56,664,94,141,841,636,934,760,44,152,276,161,75,729,514,379,734,106,733,817,554,931,623,84,320,323,112,661,99,766,315,274,565,628,124,294,596,124,109,410,77,269,428,457,281,638,765,407,973,769,775,779,587,186,579,535,575,444,553,299,310,640,856,863,115,585,745,68,800,113,224,879,356,400,13,925,37,938,921,269,882,433,749,302,418,32,534,666,820,918,710,90,419,908,553,402,330,880,355,162,191,886,705,398,101,890,909,509,524,306,590,227,6,214,833,65,506,257,572,622,811,973,791,560,775,421,434,640,491,545,760,306,201,373,947,553,653,171,227,628,496,914,950,156
223,839,879,162,413,313,435,453,359,510,207,270,385,655,948,248,448,448,628,204,893,928,700,144,331,986,774,867,950,220,431,728,687,865,625,900,17,416,94,635,817,673,384,106,943,487,461,24,268,869,661,526,292,495,108,483,263,113,618,289,357,464,920,514,443,66,194,335,506,409,24,206,514,726,431,371,226,575,576,960,474,730,959,562,907,72,624,240,803,552,888,485,461,628,661,920,506,414,827,495,481,234,567,286,316,997,729,975,412,230,532,702,3,118,824,921,998,989,430,5,123,480,357,268,197,615,747,762,647,261,443,820,753,100,126,680,872,291,906,881,868,724,327,76,541,667,226,630,825,550,981,658,5,762,914,195,507,809,841,756,151,876,624,928,462,538,248,530,411,48,520,984,149,122,482,787,951,173,990,172,839,820,963,508,925,841,679,542,818,38,843,970,28,950,528,208,691,811,819,608,751,695,612,100,178,742,60,122,780,497,285,290,970,70,830,274,885,192,631,809,217,755,168,170,901,462,296,318,476,310,693,613,873,241,129,835,200,972,380,761,157,891,495,112,511,219,207,78,322,615,882,356,147,305,776,583,493,955,372,284,312,551,250,623,455,139,305,438,183,722,145,631,54,193,692,491,506,194,622,663,289,404,49,283,383,867,830,127,935,55,347,472,365,144,511,918,892,741,859,269,81,734,914,66,841,854,265,918,98,642,177,741,220,437,393,480,317,866,946,792,218,355,856,27,175,263,169,838,10,49,31,288,597,763,705,24,281,907,948,33,449,701,623,618,574,556,973,432,533,479,636,237,943,27,913,161,847,139,926,897,179,629,799,780,285,607,893,748,231,682,173,103,523,454,713,438,191,354,656,497,194,623,349,78,752,453,102,431,71,148,459,242,761,259,699,921,579,830,355,657
83,91,794,452,16,648,757,4,343,865,538,199,332,110,4,746,383,892,896,665,396,579,273,944,942,509,831,908,339,420,161,224,878,239,587,815,413,600,276,524,11,220,230,521,377,13,23,565,703,307,663,891,25,346,979,818,353,788,944,587,919,787,425,397,68,659,485,846,537,602,737,452,42,555,690,476,730,386,205,386,682,87,200,665,945,452,541,172,639,336,8,770,896,960,283,49,334,512,55,402,499,334,24,683,660,590,853,174,313,231,796,25,548,623,490,807,323,574,10,966,833,693,39,477,639,465,54,67,273,306,53,876,605,833,580,150,853,585,121,44,437,520,436,333,970,529,300,979,213,975,890,34,757,243,483,508,435,87,688,75,8,658,581,262,415,613,432,22,645,263,178,39,993,196,755,203,101,139,612,880,306,756,180,769,134,31,348,600,836,425,286,576,43,569,611,685,601,504,342,710,162,884,318,256,851,164,46,313,636,215,249,935,917,249,849,859,966,79,660,152,584,933,357,0,56,365,311,542,839,705,63,363,758,58,762,224,722,499,92,682,357,500,477,53,268,350,108,12,47,918,920,141,915,191,814,541,131,243,127,460,359,728,991,66,213,237,4,43,293,241,27,925,333,458,231,175,910,76,577,124,204,418,761,354,519,971,119,733,261,568,839,501,927,303,67,791,26,993,478,17,886,266,950,114,503,908,143,757,63,4,171,397,228,334,957,293,633,112,989,670,106,239,833,239,650,395,398,609,993,499,251,41,356,986,455,738,658,536,838,828,28,258,470,640,540,342,801,124,606,828,217,924,897,737,909,753,451,372,675,77,865,272,195,185,29,853,830,947,989,534,551,925,472,14,377,635,207,798,685,536,678,135,4,976,624,0,615,42,347,922,239,982,527,777,771,622,35,26,492,200
975,769,728,446,663,534,679,153,902,720,197,48,293,205,547,415,790,292,913,653,948,956,597,924,910,735,643,786,470,845,526,79,916,455,461,179,840,566,223,279,875,31,214,108,684,393,198,618,644,365,859,467,393,482,512,565,37,469,916,887,978,429,992,805,296,795,773,386,47,345,912,217,147,912,338,827,593,74,881,837,718,75,509,985,767,731,448,560,842,706,536,654,872,966,950,516,377,594,454,897,560,505,363,406,868,915,860,903,200,649,325,933,869,648,486,487,271,180,686,365,435,985,314,72,824,192,549,189,514,8,38,302,618,270,361,375,962,388,479,587,799,682,470,241,984,715,216,480,800,677,131,185,693,897,198,744,509,932,538,33,50,393,661,855,511,995,153,63,209,830,894,481,551,740,488,438,55,255,557,998,859,270,24,934,638,725,728,618,696,301,687,60,813,716,505,338,873,325,113,898,751,713,161,272,476,209,180,622,588,728,946,336,193,284,221,129,854,664,671,846,363,155,52,946,865,957,150,75,159,957,545,82,227,563,632,920,846,218,415,361,174,306,977,500,837,51,217,137,938,362,448,492,942,595,294,190,569,373,184,786,187,803,386,377,866,698,185,225,90,31,903,708,986,59,628,982,332,501,520,236,329,782,329,461,974,342,486,215,814,511,766,695,726,961,910,159,332,680,199,100,972,642,397,792,529,826,392,168,899,884,594,462,69,556,277,925,227,166,299,133,808,915,541,863,559,679,775,833,399,26,618,50,210,462,267,604,845,588,644,989,354,168,533,532,620,735,969,722,361,192,913,194,15,283,635,104,744,753,451,469,371,816,655,418,360,186,86,18,333,272,581,604,922,206,548,514,465,508,401,714,760,926,470,273,815,846,699,886,408,164,78,79,268,934,820,378,653,789,261,395
819,810,326,513,289,934,446,20,396,314,840,295,654,161,172,652,168,447,659,439,450,529,805,804,626,633,378,690,335,74,845,762,620,521,721,494,532,672,11,39,741,171,735,116,835,927,294,981,491,243,86,839,771,837,987,901,242,675,943,441,353,739,485,665,633,742,173,408,338,642,313,35,18,156,858,14,936,18,893,105,870,908,409,60,142,781,118,894,689,476,432,330,886,918,663,83,36,438,745,697,792,258,204,546,592,282,732,655,423,509,877,98,550,754,499,731,487,41,275,974,759,910,865,921,375,533,258,424,566,327,938,749,928,960,942,167,364,353,785,462,94,689,997,944,143,828,334,906,797,176,940,430,895,343,268,290,256,607,85,387,859,935,799,416,206,688,182,778,344,191,762,880,238,665,385,74,163,364,960,63,516,591,867,338,417,484,132,608,897,698,53,762,852,22,27,509,252,244,427,740,738,512,180,325,1,141,462,980,201,285,575,173,114,183,152,906,802,691,503,415,923,783,916,584,934,237,604,811,254,899,924,582,139,206,248,632,976,47,833,287,368,817,660,764,295,233,69,655,855,165,738,178,31,629,790,810,517,328,400,310,986,725,459,810,671,231,181,947,711,688,583,678,32,201,344,208,348,46,238,481,140,317,741,285,197,325,383,656,192,950,994,106,661,803,760,124,40,414,723,174,49,349,468,356,965,543,189,735,874,188,595,834,191,481,375,977,674,90,837,901,290,214,172,271,428,36,356,217,141,259,152,580,258,473,249,599,891,623,794,549,179,470,671,589,801,411,566,151,895,32,177,115,431,550,556,613,375,695,598,527,162,398,14,387,558,944,386,943,804,371,18,90,855,853,511,756,75,580,872,796,969,97,906,516,855,52,825,350,373,990,860,570,444,841,580,986,784,664,923,365
32,942,895,82,419,334,55,796,575,633,38,693,207,536,40,616,354,858,795,855,223,158,496,229,530,77,937,395,465,797,402,355,121,661,0,73,808,749,424,557,809,852,508,404,304,827,265,349,101,292,964,731,184,457,651,167,672,657,760,15,685,805,22,739,455,352,504,394,401,632,983,492,379,639,614,585,925,294,541,788,12,249,830,51,378,318,13,258,781,910,921,387,310,27,869,221,506,702,399,962,721,416,857,376,577,161,766,128,546,474,88,488,376,831,401,95,279,485,101,594,782,62,384,967,637,582,176,614,204,186,456,111,680,669,114,166,335,307,914,386,649,612,17,461,766,508,41,23,180,253,319,512,556,39,629,998,986,708,204,501,844,818,405,882,229,602,103,861,29,193,99,74,396,759,693,587,650,541,105,361,901,526,62,633,276,43,406,728,900,352,891,965,330,315,451,276,578,518,110,655,677,219,501,226,107,470,576,320,96,792,53,71,867,776,63,484,871,717,393,290,723,176,577,575,189,146,330,816,731,897,587,925,191,689,205,434,118,431,998,981,78,177,462,911,888,26,477,849,766,23,911,681,515,333,534,707,186,378,14,918,336,387,321,910,18,837,621,41,148,937,852,263,355,495,881,215,880,899,243,899,952,875,190,322,77,305,983,158,975,722,21,552,798,139,81,140,6,111,823,640,302,450,470,317,204,782,925,370,49,95,35,374,742,916,303,590,992,404,374,844,696,992,920,260,436,477,417,649,869,634,518,111,9,419,851,767,490,796,870,518,966,917,201,188,361,949,125,755,549,60,801,141,389,619,187,708,217,143,891,985,96,962,638,326,414,573,907,214,713,485,746,55,142,440,60,641,649,446,708,244,336,773,964,970,313,747,471,383,321,640,101,38,749,82,742,775,523,1,385,8
864,215,166,697,247,918,456,611,237,53,637,995,375,46,38,308,791,796,746,445,955,52,738,6,913,313,934,877,617,461,597,151,476,91,441,9,648,474,306,483,766,959,603,645,247,861,647,33,810,21,717,249,357,55,723,106,195,373,999,13,858,566,239,985,330,699,708,278,563,445,328,344,593,42,443,718,801,831,210,668,655,954,511,821,58,703,400,580,162,507,157,702,233,388,133,746,382,682,900,686,261,69,107,536,433,1000,371,8,944,21,30,155,386,456,509,986,569,101,659,697,436,451,200,361,543,630,980,60,160,136,115,385,940,335,94,688,444,813,247,503,336,401,482,622,107,317,384,192,725,992,297,603,296,167,300,756,653,393,502,681,253,67,170,101,932,213,424,233,151,405,398,432,557,174,710,837,673,441,348,973,690,319,130,223,507,585,621,643,613,993,923,302,95,333,998,82,457,289,615,295,516,864,340,840,896,324,836,480,932,47,913,340,343,369,778,885,418,796,773,21,811,488,656,492,216,845,271,663,170,38,492,966,416,24,327,53,643,417,752,393,508,247,894,221,151,632,211,325,500,326,596,322,905,698,272,745,606,333,362,284,531,808,925,53,587,530,616,166,67,858,346,712,349,5,66,823,658,164,118,952,350,70,922,752,424,373,463,304,753,497,833,643,708,970,483,226,438,970,758,914,116,71,983,653,306,956,371,204,688,43,99,341,396,97,625,409,14,739,568,276,338,218,398,520,36,342,24,301,207,407,481,987,34,614,556,557,770,678,894,106,103,337,24,870,570,654,877,749,757,851,81,18,759,924,676,626,776,260,393,957,679,124,168,915,698,132,215,936,300,297,749,390,905,386,366,90,444,245,347,2,770,970,404,513,715,839,733,169,351,78,970,19,643,30,5,279,275,98,213,989
147,351,597,588,146,960,925,909,870,909,11,715,310,302,703,230,632,171,218,125,136,955,308,181,154,640,995,666,605,708,54,733,189,202,20,35,96,229,84,615,652,864,235,187,2,373,849,498,229,827,834,323,376,666,572,726,186,323,435,171,118,715,819,676,73,24,671,898,372,482,725,202,169,221,924,654,148,557,819,255,127,263,264,411,741,295,99,917,9,769,550,117,444,111,919,811,719,582,958,598,673,898,473,879,566,738,576,867,871,533,670,936,69,359,473,4,907,627,801,352,709,624,797,342,193,566,297,667,590,856,565,965,30,160,694,356,654,174,885,814,816,835,255,638,100,278,821,367,991,168,912,556,412,278,887,191,596,794,825,886,324,54,614,862,939,91,377,262,537,994,186,822,635,177,79,142,219,819,61,519,37,639,750,517,426,125,941,668,614,952,267,749,138,247,914,437,10,901,619,314,36,8,682,870,244,356,757,767,448,863,332,42,643,65,146,978,884,983,321,716,65,977,742,748,986,763,35,98,774,530,393,162,875,251,115,615,779,160,326,454,718,783,641,806,665,480,685,377,802,579,76,351,220,166,857,271,238,410,282,876,1000,961,223,871,773,341,285,597,314,717,661,779,137,44,149,812,125,915,699,461,715,418,342,156,622,478,632,466,7,105,682,602,806,388,986,730,169,194,299,81,242,69,448,390,462,419,44,712,808,882,531,838,541,264,207,33,959,216,141,980,468,799,446,276,367,533,695,739,13,317,696,721,124,872,197,410,775,545,467,662,643,773,56,812,978,311,220,492,372,215,729,312,803,437,320,809,651,401,688,334,536,551,113,635,12,851,316,106,991,232,946,979,900,156,779,177,100,752,645,881,565,591,503,129,144,155,458,961,398,211,161,11,77,854,822,780,231,884,839,580
304,851,326,84,99,419,127,95,417,544,71,759,272,295,553,620,440,974,461,268,164,130,972,242,724,100,845,372,360,132,969,219,279,409,277,830,73,843,11,474,175,697,650,253,941,472,469,634,86,407,552,361,291,543,90,304,254,715,860,467,542,255,924,374,861,103,231,896,408,200,993,600,36,247,614,858,480,36,849,80,518,389,503,773,302,571,975,352,490,62,902,652,96,606,231,675,863,140,38,885,889,799,586,299,214,57,894,476,746,447,28,934,955,656,352,405,616,213,824,473,455,567,324,944,987,634,22,341,235,26,237,731,835,396,256,55,229,118,769,931,16,214,1,765,817,545,659,50,492,291,431,718,853,866,123,309,981,535,66,650,773,965,375,888,120,1,337,244,56,157,412,522,281,18,355,298,64,27,548,284,198,850,148,60,728,701,79,562,665,16,451,655,617,199,711,553,352,469,400,700,932,996,285,836,665,707,649,545,410,529,28,975,525,934,422,876,704,311,991,469,49,990,852,487,140,787,265,66,821,356,279,81,294,388,181,994,620,443,47,829,923,443,603,577,84,650,80,89,143,775,589,798,7,104,975,807,361,663,683,607,262,489,668,33,729,531,623,811,101,282,159,899,645,589,903,647,840,499,641,719,93,754,304,191,325,818,238,37,595,95,721,335,763,638,459,713,854,910,562,893,837,726,297,297,569,675,30,155,703,523,542,962,59,836,781,115,557,876,335,818,112,552,950,90,973,459,604,975,333,119,928,167,158,603,885,12,211,319,189,87,442,578,765,495,225,18,340,83,38,737,895,767,216,119,158,193,916,114,129,654,395,639,821,938,840,721,49,328,311,470,382,900,153,489,906,880,815,555,643,331,128,862,717,60,26,347,334,191,276,446,980,299,392,600,672,275,253,457,738,790
805,673,287,841,803,520,568,341,147,765,281,479,783,978,259,938,236,320,993,740,686,479,805,604,285,871,495,587,301,383,503,673,940,0,309,800,577,613,558,498,238,248,92,383,167,490,559,209,270,301,489,221,743,597,128,954,933,327,241,817,677,102,836,629,178,730,765,711,533,253,996,554,457,283,542,89,676,314,20,540,482,110,632,653,308,651,515,70,913,352,310,928,904,549,31,792,923,233,322,867,481,196,491,374,52,372,144,273,809,970,312,213,484,450,561,466,236,273,296,73,1,34,967,942,884,172,67,654,753,458,345,601,199,122,158,249,397,644,333,652,698,405,257,825,731,412,460,843,570,516,336,673,386,638,411,360,75,917,99,926,697,705,261,323,491,905,376,175,344,793,632,990,965,518,815,249,683,938,687,185,254,897,827,346,825,98,83,254,663,624,321,79,217,592,162,304,98,974,994,266,888,686,791,522,766,197,967,51,598,493,55,190,946,777,54,602,111,835,8,621,353,560,861,150,320,215,624,767,28,933,565,981,317,384,627,260,377,972,690,557,609,889,645,451,431,944,792,776,382,624,252,754,141,926,665,284,696,610,847,301,324,910,171,990,988,409,257,163,503,649,993,321,319,646,848,441,579,369,402,389,135,872,237,864,98,493,941,382,880,726,458,984,489,52,333,916,368,489,980,861,367,605,656,271,539,270,399,519,960,313,2,989,475,625,729,614,595,674,370,382,36,688,432,174,38,10,671,140,389,75,272,638,526,450,578,489,957,86,347,440,156,840,833,934,938,783,805,699,338,776,479,717,350,296,378,137,854,607,698,412,115,864,12,359,582,883,27,431,885,749,350,637,128,398,461,411,120,124,363,939,273,238,359,281,501,540,882,611,539,210,999,586,688,70,944,32,505,852,433,564
348,907,365,52,279,105,934,50,115,500,102,236,45,547,507,461,523,913,739,344,468,91,320,582,866,799,463,456,530,47,201,204,607,911,591,968,708,343,914,393,345,572,833,411,807,329,813,688,885,796,737,487,743,397,616,694,455,148,296,415,29,697,217,390,968,294,330,687,211,300,693,746,335,338,26,136,57,72,221,617,737,700,177,747,662,96,769,713,577,801,987,292,405,556,117,482,638,899,640,543,969,42,642,886,534,442,899,72,280,503,440,531,427,458,704,395,805,445,72,443,988,966,185,629,176,288,426,102,723,93,641,570,868,374,334,250,925,522,674,855,429,262,870,717,83,71,141,739,867,229,100,198,455,928,791,971,623,836,19,23,837,390,650,167,235,548,266,334,13,497,852,346,838,399,642,411,492,995,762,65,82,353,75,577,594,731,106,347,96,165,749,71,545,832,740,428,499,599,82,97,149,299,455,314,8,303,79,452,260,992,47,949,853,646,923,716,807,934,39,39,768,491,961,912,663,244,526,710,822,730,517,157,6,288,393,225,198,575,180,867,214,728,710,97,520,723,561,245,461,589,533,639,245,773,779,680,402,405,190,222,170,523,825,661,148,390,813,157,22,485,43,962,290,583,542,429,500,534,968,897,410,987,344,644,550,799,283,745,686,785,589,253,455,221,428,112,465,528,378,861,373,45,537,355,353,513,217,931,302,593,13,700,338,516,831,486,713,532,168,62,933,36,820,398,710,657,639,553,428,47,1000,316,584,995,818,643,760,98,797,717,117,804,855,442,26,303,764,872,718,796,472,331,777,16,14,928,881,248,413,875,999,45,511,294,286,939,882,131,743,861,749,709,482,33,861,757,648,215,195,408,273,170,36,201,50,978,1000,737,536,340,176,629,132,977,344,598,731,957,828,935
179,918,923,655,447,355,720,297,745,487,299,185,614,506,649,641,541,737,181,427,749,717,646,9,702,297,164,904,701,527,118,506,526,637,307,949,227,706,305,194,864,553,597,129,548,449,346,514,550,520,955,88,716,528,371,629,498,997,993,526,556,860,469,864,245,306,465,229,89,103,644,683,838,375,832,273,318,554,118,596,90,435,11,736,37,127,320,894,516,451,178,305,907,988,897,190,366,628,945,494,894,787,640,743,50,929,85,634,655,249,370,143,477,315,439,635,336,428,721,841,968,566,492,778,637,470,746,596,482,865,6,552,59,493,980,712,666,535,773,558,731,671,108,869,591,915,311,84,32,343,84,318,624,533,898,80,432,644,40,173,826,112,235,978,631,209,464,720,44,965,668,832,438,154,197,34,181,964,543,765,975,1,899,70,170,544,1,576,11,82,531,699,706,100,493,628,237,626,916,610,979,689,352,768,603,811,168,183,841,910,256,5,338,284,269,651,478,680,935,53,853,706,842,136,653,413,338,510,35,106,741,56,55,91,278,775,171,379,42,864,949,91,925,346,547,492,142,139,739,960,474,892,853,445,703,401,344,892,97,292,833,716,978,911,18,223,907,321,164,537,528,133,5,48,289,608,396,114,722,38,763,865,91,972,352,373,424,743,89,92,623,214,644,51,528,629,899,553,743,345,314,396,860,709,356,840,108,126,757,223,860,720,841,96,687,556,387,888,153,7,783,247,420,511,87,637,142,966,200,959,389,891,523,50,958,415,945,568,65,311,876,956,960,684,80,907,925,512,75,500,239,59,632,55,68,796,909,817,797,625,243,301,375,154,629,588,734,679,596,223,460,836,113,455,564,719,841,629,106,748,686,303,96,10,428,116,364,388,42,28,581,614,884,376,271,45,231,849,429,529
896,784,4,612,628,788,206,540,957,630,853,621,321,586,308,976,466,699,976,847,169,823,716,545,154,876,341,306,330,168,664,18,501,498,835,502,353,620,550,207,581,130,482,138,860,813,531,387,184,24,813,92,450,90,537,816,69,467,770,694,873,71,82,794,267,104,139,951,28,196,768,414,765,98,526,565,627,670,413,997,756,994,799,96,464,838,636,807,63,5,906,141,768,250,868,820,849,869,816,343,417,52,190,660,737,805,798,215,93,203,104,872,332,67,120,18,596,480,59,285,840,884,505,410,876,807,908,23,595,16,359,376,365,254,777,245,491,339,923,579,322,122,867,997,152,268,85,171,469,643,520,82,655,569,122,761,635,371,497,898,892,148,921,75,510,717,354,558,994,294,501,703,172,196,706,207,530,15,71,903,247,547,827,921,236,23,437,242,884,70,672,465,605,230,670,955,807,37,404,4,671,840,93,745,200,129,234,551,741,383,402,513,469,719,133,740,670,304,117,547,68,119,814,132,398,222,649,669,758,828,620,614,92,387,151,987,111,955,658,379,791,446,163,463,600,617,656,18,820,580,73,299,563,875,841,834,399,923,76,232,417,723,547,955,749,741,577,682,712,640,355,521,629,750,915,305,479,932,588,261,955,145,626,939,871,990,229,968,781,318,575,728,119,307,666,71,381,503,391,797,53,526,621,761,168,940,308,770,929,214,1000,631,624,161,516,33,26,181,585,860,725,662,201,712,922,539,243,879,550,754,134,256,259,368,715,151,863,269,892,68,875,452,31,694,768,648,999,890,894,160,92,206,538,83,655,35,789,195,939,276,63,103,62,220,702,664,945,679,970,888,165,746,311,535,464,680,604,99,932,106,279,732,143,959,279,860,303,679,293,818,822,884,491,402,361,46,741,995,849,735
466,390,112,5,470,134,597,151,809,897,10,435,997,519,131,787,986,68,903,405,327,704,420,310,281,168,892,677,577,386,773,171,311,154,295,304,43,902,80,291,717,8,554,831,610,711,347,416,718,570,835,274,599,271,529,833,686,700,629,106,820,806,303,549,583,371,653,674,873,239,837,71,392,734,672,845,462,547,288,67,380,659,562,553,730,486,476,887,196,905,535,712,231,741,691,841,477,143,842,858,132,54,228,198,27,321,985,877,481,261,559,343,225,586,433,382,391,954,153,944,63,212,597,124,71,192,337,727,491,488,813,641,279,116,734,255,495,868,671,427,518,74,334,30,39,914,252,968,200,367,335,726,974,217,879,666,473,776,393,504,390,661,553,785,121,308,8,734,380,93,185,381,478,565,547,172,275,607,241,480,937,878,951,583,8,623,937,608,795,542,139,886,511,511,237,622,832,25,994,833,916,7,629,309,588,50,209,185,216,143,882,795,276,420,187,245,333,405,410,458,57,788,315,326,839,426,488,113,364,824,195,116,569,818,996,455,98,828,690,802,749,312,654,809,705,882,971,350,442,529,347,886,407,437,520,938,312,620,859,169,114,668,155,57,300,92,536,946,598,799,444,9,783,312,617,113,413,496,659,208,707,779,460,512,194,631,870,201,462,695,663,158,579,828,474,25,683,552,41,892,971,636,763,342,193,88,985,359,572,292,553,964,681,421,257,507,198,254,269,366,569,768,316,935,805,726,129,610,28,260,261,439,534,880,387,852,348,761,171,1,174,1,856,847,732,717,421,166,305,231,929,991,755,61,827,911,740,639,810,176,323,582,914,809,691,174,885,533,551,743,868,417,935,440,233,38,950,0,796,235,78,957,133,642,268,163,709,19,830,167,481,874,259,571,665,727,600,939,455,300
696,20,942,851,165,881,253,712,756,724,233,871,208,760,282,235,796,667,954,565,919,239,867,977,452,276,628,371,629,459,315,163,962,346,736,802,443,765,52,74,112,837,314,803,849,36,962,174,551,949,867,784,303,793,843,332,780,749,265,543,32,30,49,410,592,468,717,599,708,995,677,829,738,794,668,108,690,451,319,589,227,350,951,343,472,283,604,250,690,423,635,224,663,570,274,209,957,866,245,373,454,525,293,589,704,816,242,972,684,359,624,935,259,845,854,500,178,840,607,560,668,819,320,978,434,12,589,683,609,628,841,318,975,974,568,514,466,320,197,82,876,254,707,666,317,446,26,367,292,798,17,210,679,812,253,658,750,360,92,877,526,517,643,481,926,606,211,41,354,245,736,143,573,77,100,212,73,339,173,315,939,490,154,611,688,450,497,813,895,929,120,910,49,442,757,275,141,608,361,970,761,503,183,43,375,588,952,966,68,621,157,859,503,824,579,293,393,894,170,45,597,446,759,393,96,752,135,727,552,248,60,527,447,1,721,210,326,401,643,638,799,909,981,476,614,664,655,153,298,83,293,18,549,815,771,180,125,200,286,266,632,59,150,850,922,594,980,735,440,975,677,366,985,70,199,255,278,900,688,641,814,980,173,531,901,990,953,795,661,629,469,837,207,631,880,811,231,989,437,471,378,429,618,961,44,1,906,276,590,775,750,515,451,750,890,746,953,535,954,249,972,910,93,767,913,354,334,34,45,667,452,781,539,444,816,917,765,168,252,317,415,977,595,881,15,812,30,445,177,940,284,930,23,477,995,892,714,862,482,61,420,179,763,495,662,828,54,968,251,746,163,684,278,510,286,229,293,982,470,229,262,40,14,713,463,171,861,827,659,695,512,726,646,579,469,458,65,865,750,18
890,951,924,808,269,372,667,26,951,35,216,351,311,954,199,65,767,782,906,515,874,679,481,899,297,19,911,233,102,623,150,129,24,421,778,578,977,180,170,321,126,392,450,231,507,419,338,535,514,523,73,621,412,992,33,598,979,325,619,590,155,939,193,949,503,906,103,423,462,317,288,937,228,794,412,782,657,532,641,117,480,765,374,917,889,274,627,286,204,957,852,132,489,426,777,587,437,310,621,552,195,562,714,656,96,768,970,118,149,853,828,330,26,496,988,876,613,405,639,507,732,657,360,322,646,87,307,799,911,522,573,462,480,753,957,84,195,862,387,753,834,39,163,766,181,328,856,847,879,362,94,582,108,654,411,876,864,290,390,399,557,504,685,212,142,152,440,692,95,56,356,716,892,119,11,201,160,616,749,536,86,569,248,745,5,966,707,796,939,261,467,686,894,179,769,752,133,949,963,820,242,223,623,857,897,774,617,612,405,113,442,398,656,50,36,788,130,987,659,678,830,852,447,315,896,767,186,759,110,205,622,977,217,422,902,812,120,642,437,678,902,741,103,30,55,296,465,592,995,159,444,364,616,377,276,810,697,960,825,199,607,999,633,635,549,197,138,578,123,28,752,634,156,147,855,455,452,627,540,965,586,870,794,684,676,0,69,693,36,624,450,150,140,97,907,323,545,881,209,280,773,140,446,405,865,310,237,770,908,879,276,635,996,70,452,158,599,45,332,858,337,802,995,307,964,991,0,342,977,212,512,770,576,284,408,580,149,287,358,423,626,668,459,699,809,426,52,360,694,208,233,707,99,467,430,261,313,347,361,770,727,483,944,931,104,384,824,286,963,261,20,943,434,561,218,792,287,41,685,282,442,299,605,674,236,323,477,528,655,638,760,60,584,533,610,968,847,328,482,573
700,345,996,386,502,526,158,190,826,321,926,407,164,46,172,704,983,782,48,280,101,869,381,505,851,788,506,268,316,179,588,339,865,647,285,243,60,958,740,743,919,62,569,18,966,816,84,216,757,805,250,143,15,656,653,442,147,141,130,882,575,813,203,901,557,269,825,377,655,808,28,949,335,79,45,479,678,804,192,50,393,674,385,952,730,425,740,11,189,58,468,750,196,355,300,954,980,18,16,998,781,169,602,316,303,517,814,199,706,752,399,292,924,716,805,359,362,140,893,193,968,993,138,997,910,657,127,18,696,153,225,827,315,894,69,400,207,420,752,391,413,637,759,895,589,568,421,49,604,221,787,960,346,186,197,192,938,435,723,389,589,968,820,808,397,761,86,70,628,107,804,997,862,826,403,477,50,760,858,510,537,321,595,726,380,792,125,208,998,229,604,83,744,84,607,399,305,156,620,631,218,689,26,858,117,374,410,960,829,528,49,793,55,154,651,465,82,263,341,306,183,300,311,265,85,825,64,856,618,876,702,551,608,501,822,909,452,609,658,240,224,236,4,773,136,115,360,467,984,108,699,734,222,962,376,39,413,40,22,414,512,236,891,843,42,295,322,322,952,745,338,476,876,215,751,140,860,106,663,213,281,127,404,176,638,534,771,90,116,906,62,824,845,805,129,985,377,920,574,337,361,455,83,193,141,613,294,436,590,789,747,670,364,279,82,456,106,733,244,807,229,470,479,809,490,429,197,79,400,789,161,39,640,242,596,528,443,555,494,486,417,557,779,795,888,825,208,23,715,964,353,145,311,74,689,187,481,35,246,36,794,251,212,511,777,298,140,147,539,57,980,607,961,245,734,170,462,791,330,171,838,839,294,230,251,20,573,54,371,509,757,927,646,466,683,95,864,177,575,923
602,304,846,978,864,67,487,545,165,19,838,420,774,450,330,979,665,251,668,283,164,92,824,660,356,6,24,836,975,334,36,472,983,15,642,564,874,79,688,678,418,653,24,874,994,293,830,830,973,873,430,368,587,119,956,407,325,997,580,668,856,315,830,979,778,933,710,912,1000,856,35,272,240,711,322,685,16,404,176,916,800,73,217,444,508,923,890,419,27,64,868,854,105,943,571,444,870,138,852,893,808,956,573,229,681,240,328,665,344,557,885,258,266,280,238,574,126,787,396,122,209,486,845,616,626,296,156,847,130,630,492,719,446,109,154,427,259,43,743,340,627,579,959,87,707,461,99,724,0,408,273,868,320,248,779,384,774,52,736,627,105,120,767,822,591,666,222,604,287,462,60,470,420,776,705,827,999,905,238,54,729,578,667,361,793,202,810,726,519,344,1000,333,527,39,470,284,304,722,653,151,70,888,433,59,300,94,97,85,679,873,731,182,144,53,724,388,832,783,663,555,645,544,251,766,739,44,478,656,919,637,552,946,858,331,773,636,559,197,832,378,851,872,186,604,677,434,847,315,550,736,879,969,558,242,863,652,317,572,527,309,9,180,573,967,82,234,399,190,201,409,743,11,225,151,121,101,504,34,190,219,586,331,339,358,29,562,826,48,856,953,739,481,334,774,712,923,944,763,135,511,543,884,998,727,121,473,983,346,37,59,450,449,948,846,322,47,185,201,320,724,118,931,550,125,505,648,516,430,24,502,391,565,949,478,572,134,644,688,863,34,920,58,610,600,143,453,34,41,751,493,685,507,75,289,376,432,853,242,528,764,639,871,79,157,32,762,484,234,133,771,722,409,138,865,690,609,71,496,599,350,968,142,378,550,261,244,470,593,920,430,316,489,576,248,347,654,83,546,714,601
875,760,128,603,189,270,297,11,158,222,720,789,443,53,664,676,996,930,303,641,896,396,71,50,789,618,118,669,984,252,588,795,842,242,832,754,759,510,94,627,709,487,13,552,607,195,988,941,244,375,675,290,88,353,564,334,3,35,975,419,389,266,853,279,930,125,951,493,325,555,486,99,676,363,555,403,490,420,362,779,163,368,994,627,141,679,542,8,43,1,959,125,940,382,956,351,412,789,425,770,720,697,59,552,395,270,301,664,935,691,662,725,877,668,533,31,2,515,701,760,989,754,979,438,270,935,49,611,555,415,878,602,495,569,245,350,308,747,837,794,789,871,319,598,874,617,730,453,424,417,13,743,475,746,453,335,896,466,318,102,802,10,149,849,248,908,960,410,837,573,353,855,504,818,656,493,164,991,989,475,371,764,223,878,175,641,234,676,606,443,420,778,924,192,73,169,386,862,460,98,677,553,606,227,1000,703,678,909,911,319,313,254,837,330,865,739,27,349,283,235,683,60,15,271,229,749,651,1000,22,283,257,659,722,399,288,29,91,625,797,520,631,365,370,277,297,743,752,451,689,77,599,952,504,490,207,463,48,351,805,13,659,97,882,812,342,689,257,30,609,108,973,463,910,109,781,608,827,627,821,276,444,204,936,964,716,887,434,427,162,116,427,985,267,137,208,626,741,248,871,835,150,171,653,507,201,403,323,62,780,54,817,532,580,964,575,566,740,520,259,277,832,394,577,44,356,708,430,901,274,263,594,466,81,766,366,736,157,41,215,578,124,161,754,487,318,832,696,91,718,401,448,504,596,869,631,108,43,590,418,342,564,836,440,68,651,847,985,605,126,191,103,281,955,813,355,101,181,115,835,785,376,353,533,291,660,52,460,233,788,542,58,497,683,505,980,983,180,50,992,93
142,407,720,328,292,816,132,956,186,923,445,886,63,60,246,539,518,159,867,49,705,730,99,375,8,107,830,839,193,632,576,803,714,883,983,220,371,729,371,772,386,207,330,38,614,261,558,182,209,134,690,152,732,127,369,35,59,241,956,43,59,666,237,897,781,641,451,211,671,916,861,291,84,600,835,106,480,629,845,51,265,260,339,706,651,898,71,961,557,412,236,373,190,667,381,447,859,646,72,781,692,602,633,632,242,545,377,942,289,546,120,439,504,272,962,717,925,396,960,969,379,348,967,70,326,200,193,380,997,562,549,462,950,791,42,805,534,14,400,785,965,366,565,931,302,309,191,598,280,795,343,644,977,221,681,235,519,977,235,830,931,251,676,34,761,889,545,283,216,3,700,981,848,804,893,708,9,758,865,614,297,52,461,337,270,489,587,567,572,315,462,431,785,789,469,976,238,380,385,399,723,832,86,987,769,571,253,748,574,603,210,833,8,330,88,65,828,914,944,178,616,222,118,258,366,553,231,736,434,796,715,853,206,994,741,801,698,747,965,661,220,498,647,617,856,6,813,180,489,541,851,721,667,970,780,946,488,463,36,101,471,404,559,894,602,435,963,828,10,170,274,771,31,842,224,841,202,146,715,277,844,834,76,544,275,138,704,747,845,916,843,721,667,249,263,480,191,184,270,75,810,833,774,919,739,664,357,652,890,295,137,22,56,871,453,567,157,781,198,330,15,48,717,459,541,16,777,799,486,774,790,689,529,902,914,914,731,797,259,783,371,200,589,8,665,894,873,483,177,264,434,514,106,627,147,534,69,869,586,553,814,432,828,200,579,291,912,106,664,331,723,916,789,933,239,953,175,530,669,275,152,685,760,605,385,326,98,519,84,560,483,847,213,918,542,35,60,322,442,480
954,495,834,438,164,678,809,942,857,801,425,152,89,182,108,123,762,609,344,672,667,821,330,862,750,472,584,652,64,504,824,402,991,9,858,723,432,719,991,568,987,392,61,245,644,442,929,900,789,663,679,888,665,714,674,605,783,440,235,619,180,938,207,742,180,630,924,795,277,722,85,561,621,753,93,429,825,518,236,498,480,732,130,287,886,423,215,699,779,560,994,208,90,614,538,351,54,936,936,366,197,92,877,695,856,748,909,577,43,401,638,856,937,657,662,484,966,427,223,238,671,710,416,569,177,459,30,93,161,663,731,522,655,431,662,233,141,873,843,839,628,541,340,430,560,642,837,549,885,73,19,286,206,952,210,134,975,150,608,505,641,438,21,913,65,927,296,747,251,543,750,361,358,693,638,589,805,903,222,506,488,7,970,415,345,82,776,873,700,779,446,68,979,899,227,719,91,573,773,544,895,480,128,422,612,831,163,844,597,3,274,109,900,217,537,723,746,317,403,992,746,670,69,492,970,367,216,483,698,724,269,318,791,718,765,843,536,669,404,340,615,7,468,858,807,542,715,257,441,485,584,662,244,685,547,95,959,601,868,15,163,146,582,26,665,579,312,436,633,205,784,706,711,356,972,717,148,613,21,206,40,194,556,261,739,577,963,6,792,788,445,98,543,403,525,396,420,432,248,359,49,730,171,331,989,439,4,109,652,428,567,122,48,631,701,465,786,180,898,613,888,635,657,912,757,549,561,246,109,332,742,880,158,797,78,200,692,849,114,879,457,124,744,31,624,453,591,259,487,668,21,794,171,559,126,144,550,830,614,996,32,910,584,795,529,373,826,792,373,798,490,720,897,766,692,861,197,554,339,497,221,931,47,85,208,511,30,684,353,403,51,73,830,525,63,328,639,69,525,558
831,193,572,278,920,127,769,407,620,978,421,411,946,333,460,366,107,161,669,205,25,179,477,925,152,281,825,468,374,718,134,874,353,866,284,71,845,838,830,744,479,791,136,93,367,778,210,627,230,218,790,974,418,134,110,900,730,847,605,992,197,361,216,337,916,475,597,26,766,637,862,768,682,436,987,528,691,194,570,378,558,807,289,109,216,255,631,474,864,279,918,45,908,115,169,378,487,439,11,109,894,96,308,426,254,864,787,255,380,625,687,108,858,577,491,473,118,453,435,590,304,179,88,170,648,720,16,480,822,856,978,428,360,672,199,424,70,840,451,606,484,766,426,656,241,11,855,627,628,361,847,758,352,695,322,844,232,695,291,122,473,900,129,692,966,586,580,613,698,83,695,349,65,392,974,83,729,79,47,190,869,650,560,404,305,247,897,852,956,554,734,365,986,457,616,820,831,94,203,907,606,180,616,214,855,409,385,11,993,801,3,82,514,984,252,425,492,194,515,641,28,735,900,1,73,652,246,746,308,694,786,800,615,26,805,794,965,110,798,769,397,80,180,380,707,887,805,448,684,547,690,537,486,498,70,900,399,54,604,659,325,323,819,244,817,717,518,129,310,134,307,418,805,513,150,401,411,722,43,226,821,346,582,643,899,250,661,428,608,987,471,788,418,722,533,110,539,909,474,404,987,71,19,754,257,254,475,845,812,445,499,107,835,816,610,165,855,855,531,783,126,964,347,104,788,65,649,168,64,113,305,606,830,562,55,322,905,220,976,77,329,829,791,556,493,144,513,182,592,100,784,355,456,803,881,781,46,802,821,990,620,831,574,726,189,371,977,827,918,649,496,196,11,738,631,518,726,787,596,668,109,541,179,520,331,428,218,473,919,929,717,494,785,691,572,649,456,968,165,289
415,174,258,803,464,855,144,838,836,639,874,776,723,544,98,784,475,475,431,145,416,333,250,516,471,567,471,925,408,586,859,904,616,850,247,924,271,871,179,978,862,649,41,953,793,108,105,290,317,949,398,285,960,326,652,64,144,805,545,996,204,334,861,731,800,986,126,832,884,141,867,679,337,59,810,687,534,341,746,163,366,173,736,897,425,705,874,899,408,562,64,916,690,162,767,431,157,400,101,359,327,656,122,748,531,969,392,870,688,891,158,875,296,959,861,232,185,906,586,621,874,161,869,829,464,315,359,931,161,591,767,824,100,193,928,991,10,367,899,954,863,876,943,654,214,364,181,531,921,3,100,200,467,891,6,73,435,301,559,157,648,461,560,589,264,463,845,451,316,559,97,90,82,379,919,702,878,394,995,656,344,1000,337,760,239,340,569,293,806,848,598,284,727,775,916,842,509,667,59,373,621,825,594,613,906,682,554,871,496,421,381,220,951,685,148,98,328,358,489,288,66,745,868,706,716,656,874,896,203,464,387,553,697,910,829,42,608,295,32,530,706,410,935,662,538,447,598,502,584,763,401,659,576,775,812,272,319,80,135,346,112,1000,899,16,842,50,636,74,517,540,456,430,37,377,241,474,765,911,761,887,33,254,28,100,749,476,670,644,847,143,219,522,366,990,668,623,658,841,86,452,606,463,548,422,405,402,827,900,591,123,819,372,202,533,440,514,449,325,245,532,240,875,118,105,273,628,178,625,0,534,859,879,623,16,7,116,659,125,482,156,46,901,461,97,193,503,752,185,536,424,429,504,428,16,186,535,234,433,286,272,204,253,209,496,286,33,394,361,28,268,559,450,164,435,218,25,691,186,123,416,196,202,584,814,510,918,687,140,175,683,317,32,932,609,257,200,154,718,224,769
18,457,850,317,227,208,859,683,83,563,275,724,449,515,16,309,161,812,636,50,422,121,57,905,222,740,871,669,571,259,875,700,315,655,952,403,407,297,660,175,875,83,705,383,210,830,203,209,735,697,164,895,0,431,318,195,253,348,922,270,872,316,297,162,880,528,496,163,329,976,25,167,834,219,369,958,459,966,527,633,677,727,133,786,626,354,263,775,904,722,500,719,121,827,365,326,49,930,130,22,188,326,288,95,80,598,44,772,56,90,110,458,242,545,876,779,736,855,888,338,347,130,598,68,548,651,357,690,156,207,763,661,627,860,142,47,974,949,716,321,848,174,432,667,306,68,243,41,293,367,387,941,224,692,564,560,433,394,597,538,947,286,448,680,790,763,1,106,137,35,914,874,126,890,736,852,908,80,833,256,514,1,363,41,419,586,371,378,68,40,899,570,565,311,849,26,76,584,839,102,633,134,301,110,648,406,567,229,698,647,636,849,789,240,952,944,132,39,1000,573,178,611,828,43,244,731,134,513,137,315,694,68,515,570,12,691,247,525,235,720,307,881,169,765,425,783,712,673,437,42,458,678,714,221,667,640,124,666,943,320,587,717,13,479,816,307,67,179,596,320,595,782,846,49,768,256,439,686,727,650,902,514,317,104,321,466,344,245,246,628,324,607,247,583,140,511,406,599,885,922,4,72,490,42,471,53,819,792,981,713,272,536,819,999,856,947,160,102,220,141,85,578,622,807,371,718,741,563,770,681,491,653,331,891,828,652,148,572,28,567,648,258,987,643,666,903,601,690,602,447,751,170,689,348,869,713,817,455,235,864,241,952,913,236,408,890,347,499,167,911,165,121,457,206,958,329,769,724,331,822,853,301,343,490,652,45,842,769,50,92,347,109,99,741,255,195,109,329,274,312
107,385,324,757,138,960,937,670,647,901,848,88,775,867,967,25,277,262,571,522,382,320,8,477,740,936,680,646,590,99,652,665,286,178,327,157,622,503,441,446,85,733,105,692,211,973,952,452,474,266,805,356,355,170,393,579,833,979,933,840,324,855,884,515,96,597,287,276,410,660,215,604,642,827,123,135,968,509,129,91,125,907,511,719,998,611,723,583,89,708,723,231,872,169,451,68,795,529,493,215,854,591,580,78,668,905,935,658,478,722,287,652,196,288,312,749,299,12,503,902,644,480,953,411,748,119,346,558,517,880,929,920,585,143,827,430,112,499,214,199,904,302,806,637,563,337,943,751,729,758,658,244,62,657,117,237,245,710,165,575,657,722,295,15,759,548,891,786,288,218,162,741,968,83,3,575,701,495,584,575,149,643,67,133,831,170,941,368,630,357,685,310,529,45,82,406,184,666,726,644,278,61,622,975,955,620,655,319,889,289,824,799,325,985,780,866,439,241,775,134,730,354,680,128,955,282,838,885,668,995,787,701,269,318,217,409,990,418,238,954,115,238,825,244,861,347,21,103,245,595,428,936,522,491,160,78,295,115,82,311,897,159,714,626,727,769,452,566,349,883,512,722,561,349,558,143,828,648,128,46,568,485,292,150,814,699,146,83,22,832,851,411,262,262,753,925,161,247,49,330,134,702,368,802,535,755,234,536,910,491,749,654,856,518,707,761,217,367,432,696,754,474,897,867,773,849,714,361,98,787,437,118,567,837,15,51,554,800,349,714,181,593,123,583,8,253,91,816,286,245,786,173,958,197,475,733,696,749,999,201,981,664,858,535,2,413,371,350,260,126,349,642,411,332,656,766,527,671,284,997,933,288,627,24,133,846,10,847,898,287,666,950,215,650,958,155,663,568,304,381
680,602,626,926,813,937,207,390,239,875,487,741,233,824,767,857,57,909,894,894,431,883,554,847,417,230,797,964,513,66,630,564,345,883,406,442,555,539,903,153,417,433,633,509,56,604,948,104,165,593,790,877,441,554,682,637,400,783,779,849,133,639,215,509,7,262,579,432,71,435,874,636,877,489,687,259,239,562,605,612,401,561,928,840,687,941,418,501,430,560,100,153,884,0,22,921,895,808,104,100,620,112,280,490,957,108,702,465,54,446,639,810,9,413,25,641,500,656,556,114,591,203,977,910,326,817,521,287,454,852,136,12,538,241,467,533,106,374,948,442,195,30,321,790,818,180,268,775,449,922,617,275,3,272,737,802,6,488,757,441,558,267,228,436,210,818,505,957,950,132,635,316,91,827,680,359,161,1000,523,155,543,982,537,979,337,221,300,762,325,401,601,288,637,379,257,865,1000,694,278,231,807,495,759,618,188,190,126,544,918,376,780,891,809,195,776,899,987,392,982,910,736,367,307,32,892,335,78,406,748,603,976,846,502,455,62,75,345,728,477,916,463,889,549,558,925,580,960,558,151,901,314,601,911,677,398,11,230,396,386,274,264,426,806,272,671,371,246,623,433,924,490,974,133,207,903,503,897,16,619,78,659,748,87,668,159,270,529,560,141,539,154,971,15,880,434,328,178,525,242,32,383,878,108,684,304,980,640,62,906,433,903,280,949,628,626,919,2,593,340,208,165,955,233,668,107,937,213,607,722,231,799,855,951,233,265,599,348,596,167,432,800,480,485,946,111,252,597,477,476,646,836,498,158,95,973,997,939,740,350,208,77,875,396,89,472,251,264,326,575,578,546,157,412,490,341,101,910,958,466,489,959,367,720,748,986,989,247,313,113,888,764,607,923,667,428,178,292,234,236,985
363,275,466,864,992,953,182,852,874,17,596,871,771,481,827,652,595,187,795,657,665,268,164,787,467,562,237,809,765,69,350,120,649,528,805,244,16,135,599,322,492,526,415,77,470,545,594,990,459,588,432,864,156,195,271,127,905,113,144,751,740,811,252,94,933,308,773,214,553,933,381,172,383,721,577,486,977,655,783,268,859,286,527,906,800,851,590,471,759,978,148,247,858,44,390,642,422,19,371,450,260,859,907,301,21,592,652,599,670,679,230,449,32,130,109,60,116,458,91,56,393,910,346,399,463,619,635,94,636,344,581,899,527,703,414,276,42,44,701,35,292,369,794,179,396,311,235,821,69,869,496,899,701,594,268,998,49,313,148,521,791,428,771,612,636,734,778,661,682,711,444,430,148,879,537,540,280,12,279,163,461,85,484,368,401,677,207,932,259,470,72,979,643,252,839,796,187,693,61,283,631,142,452,523,25,692,947,756,372,872,526,372,377,337,397,523,944,644,657,189,139,184,585,681,180,196,755,562,908,655,140,875,769,647,143,67,971,908,701,593,652,396,516,405,631,759,170,439,789,591,981,142,131,311,315,435,236,466,800,156,969,786,477,382,122,425,852,381,390,522,995,907,867,769,763,182,938,197,957,938,562,388,680,345,8,69,411,381,597,665,160,350,406,518,17,816,337,571,426,318,215,560,451,255,629,423,808,750,486,449,679,130,577,815,729,589,281,140,483,207,466,463,837,644,537,805,403,370,465,935,676,819,150,891,382,782,966,675,68,892,722,996,343,985,711,808,341,557,357,29,734,653,89,148,726,887,459,810,263,800,636,721,137,474,878,613,681,613,319,223,893,3,713,816,783,783,632,611,685,956,180,387,431,44,755,910,762,702,309,251,464,190,472,682,369,750,712,129,322,344
574,100,63,779,721,621,447,212,71,70,263,884,429,95,263,989,50,830,17,499,960,304,507,354,922,730,65,278,997,649,997,772,104,59,425,748,945,834,429,882,192,921,113,14,863,63,837,503,125,601,447,736,384,342,294,916,765,63,544,218,960,458,102,824,933,421,510,881,841,758,22,307,847,839,886,272,232,881,861,342,639,284,204,828,995,398,368,348,884,719,501,92,877,591,485,851,936,459,423,585,530,362,76,564,554,981,656,235,966,904,761,56,894,128,954,573,389,947,8,483,329,495,918,627,682,97,817,59,690,292,373,643,677,41,311,519,648,820,940,464,161,519,486,805,677,569,630,56,60,530,925,656,167,360,126,806,698,414,569,752,724,368,229,843,69,39,503,158,490,765,589,233,625,478,423,662,193,199,997,961,148,728,425,799,120,345,40,175,292,556,996,607,814,887,119,718,745,671,850,479,745,569,582,725,577,72,935,913,45,325,301,809,963,381,610,953,927,533,362,238,181,814,10,188,642,506,816,344,638,136,223,147,485,708,432,844,269,193,619,927,363,648,778,80,270,411,852,107,119,8,16,240,180,87,608,576,812,751,788,208,334,911,294,646,70,978,818,882,596,666,886,97,979,321,991,89,804,988,880,446,219,811,189,508,657,279,212,275,241,119,856,567,473,524,266,412,141,235,747,252,999,868,991,171,278,556,468,850,818,717,477,996,540,759,886,482,310,752,72,329,286,94,229,753,715,356,65,223,430,309,411,824,574,875,267,649,82,717,65,710,274,228,584,583,559,375,288,567,796,473,559,905,435,282,419,417,115,769,973,588,988,503,617,870,53,938,531,732,755,914,836,188,474,345,494,602,751,395,327,327,24,481,855,41,639,18,906,973,57,144,30,344,669,104,624,961,341,554,137,809
863,670,931,104,553,845,276,116,849,677,532,214,891,823,36,754,552,794,79,407,56,42,54,998,366,997,584,195,454,638,987,722,405,509,272,713,81,806,528,613,983,954,776,854,414,472,642,397,662,512,308,159,725,823,273,739,767,463,661,818,405,578,579,689,986,208,985,645,321,987,915,820,39,997,427,835,397,581,616,234,849,894,578,63,854,426,585,977,988,244,700,661,396,484,91,565,963,762,352,210,740,894,729,9,0,444,437,483,640,273,905,191,484,247,640,809,337,655,62,880,346,443,513,454,586,668,100,992,37,13,810,602,842,474,925,775,790,361,777,7,373,970,998,613,46,921,389,936,49,508,191,58,675,204,924,366,722,801,29,39,498,92,258,81,307,472,351,345,866,954,517,255,140,248,122,382,242,238,25,140,740,590,241,870,364,218,904,419,553,762,909,445,702,968,34,708,837,416,297,275,776,257,827,290,596,345,940,922,330,483,702,674,500,235,602,116,562,107,768,376,426,760,41,685,578,408,159,582,564,48,246,616,886,623,889,163,811,917,93,76,853,356,288,523,765,720,976,197,254,587,871,869,30,691,432,67,491,982,838,890,50,972,352,119,13,963,892,981,817,979,326,932,650,784,969,848,617,282,476,430,727,905,195,429,177,72,802,217,862,319,280,995,890,891,207,640,904,549,379,335,803,45,394,252,239,134,191,309,17,988,122,324,297,242,76,542,523,561,481,426,317,256,266,603,539,762,840,759,430,601,842,987,955,842,652,11,136,41,198,89,722,354,794,866,915,688,528,486,587,961,681,121,946,453,797,388,808,752,718,322,286,606,512,382,959,985,725,289,164,483,669,376,573,364,309,384,495,627,971,16,449,363,588,975,40,289,527,278,431,44,908,861,835,820,266,709,491,785,848,473
634,144,947,738,654,493,465,638,232,937,39,262,17,348,844,988,171,548,202,710,267,503,161,652,359,439,386,839,566,84,504,888,670,137,214,792,920,71,670,553,402,563,887,231,740,202,568,723,73,962,77,419,873,450,129,956,365,666,26,863,571,957,733,297,162,641,267,839,209,96,157,107,187,318,312,466,5,451,445,766,791,699,746,507,979,624,233,480,980,296,139,773,742,476,152,160,521,169,848,395,833,489,168,221,341,604,581,200,730,700,157,484,797,836,780,906,22,917,431,531,190,974,144,111,380,99,818,758,106,62,615,607,195,539,962,759,849,769,485,447,450,58,566,768,420,952,814,475,146,139,692,901,149,390,976,637,263,777,672,578,272,720,562,544,774,928,783,145,920,158,941,142,772,723,752,346,576,110,484,104,774,672,992,179,396,994,410,678,745,414,481,786,288,877,222,584,805,155,995,399,90,646,654,685,258,300,342,879,752,956,661,732,897,153,127,566,178,484,610,225,621,732,811,812,566,352,773,173,965,692,881,98,886,32,551,783,719,966,290,635,936,541,730,255,322,937,531,990,926,471,285,504,628,13,532,717,916,842,190,914,151,274,677,322,708,623,814,243,372,69,482,945,516,184,252,656,899,259,64,788,887,32,367,260,61,681,208,408,920,694,94,309,384,991,267,339,118,509,749,854,667,460,150,962,806,585,870,76,81,836,567,161,778,967,786,343,686,392,634,138,600,609,34,786,657,494,925,462,831,213,237,462,432,87,710,631,639,158,135,574,677,776,250,126,176,613,365,535,332,694,603,326,260,493,369,212,390,110,430,596,402,398,46,186,573,704,885,549,592,881,96,721,991,140,153,18,194,546,40,214,91,669,254,958,229,2,11,268,681,17,34,85,510,298,833,854,427,573,934,782
707,515,344,119,322,778,534,87,453,264,875,599,414,202,202,293,499,204,888,161,682,442,3,446,563,831,824,300,697,139,979,716,651,838,971,623,889,261,940,681,184,567,807,584,621,871,805,584,770,525,485,737,672,799,689,981,11,777,98,904,300,437,987,119,361,685,914,202,68,343,841,575,633,594,107,419,497,559,640,116,19,986,417,132,449,252,663,749,210,402,779,263,143,403,463,107,881,978,688,45,368,20,436,866,115,971,478,13,659,559,570,175,414,541,908,695,368,430,163,981,590,799,553,782,478,196,296,394,912,275,459,302,628,499,217,940,706,958,888,72,375,781,755,158,127,847,457,20,145,309,725,350,524,627,456,205,187,646,986,986,437,884,223,755,895,571,773,494,938,970,61,289,190,402,446,196,628,511,231,411,660,720,189,332,195,26,583,385,744,709,900,182,972,949,384,456,208,63,926,598,333,3,775,575,329,365,301,478,753,374,68,446,351,577,117,591,794,42,558,82,678,123,996,668,534,103,166,702,732,445,988,749,269,954,14,855,361,444,442,630,657,522,431,667,800,410,647,85,619,620,42,332,210,429,497,528,245,861,562,239,451,904,461,262,620,6,477,904,416,308,403,158,339,169,350,867,356,466,27,580,735,465,833,19,960,601,224,919,979,700,265,452,312,239,679,992,10,558,399,505,797,917,31,17,857,151,758,29,118,766,498,682,423,871,799,787,460,710,599,548,289,653,422,613,598,511,111,841,712,732,182,622,804,70,916,956,247,597,907,431,506,380,378,135,899,541,784,238,54,583,674,590,535,634,47,39,973,774,3,988,101,801,339,181,488,539,576,852,899,484,710,678,373,721,184,157,136,879,958,738,285,560,638,879,926,436,61,877,889,878,346,359,523,590,667,782,265,711,474,872
766,475,423,964,373,825,983,765,14,687,438,872,225,246,268,522,297,404,446,766,552,871,812,19,917,860,401,407,686,44,448,292,936,392,855,677,184,121,973,349,900,971,156,692,384,937,106,991,326,751,34,981,398,690,398,944,684,667,762,81,897,1,914,785,358,446,22,799,922,947,913,29,248,819,551,279,32,215,354,61,627,482,716,203,570,621,383,428,523,509,765,270,742,950,466,208,256,267,601,735,474,640,433,891,16,951,745,909,894,934,756,803,468,670,668,272,132,432,172,306,549,603,852,42,980,119,218,224,548,487,626,507,31,911,470,221,589,934,543,762,768,901,778,584,329,417,587,436,275,352,860,496,657,986,633,935,463,16,896,149,537,669,678,833,371,620,316,422,616,337,759,945,26,205,99,252,619,83,75,100,269,280,309,64,15,10,616,796,882,881,170,401,116,468,377,991,452,495,653,214,57,902,893,43,448,798,931,957,638,353,499,966,181,801,19,308,478,956,892,407,867,970,143,252,749,818,615,43,378,226,644,432,608,694,755,292,540,168,245,486,684,640,821,486,990,979,316,499,68,707,465,432,939,700,804,946,212,211,693,396,660,100,5,187,492,23,879,970,455,420,568,405,179,745,515,998,182,212,709,14,871,508,435,979,190,636,570,746,757,105,784,796,883,479,974,806,432,180,440,609,560,336,795,285,862,536,27,468,20,240,568,66,262,442,597,832,630,691,603,143,716,144,810,291,898,29,104,738,800,133,707,257,104,103,684,575,76,360,430,268,536,362,824,555,984,380,519,218,84,356,911,521,492,930,940,614,894,785,811,700,947,611,814,961,655,381,659,621,537,460,665,363,965,435,349,664,807,594,847,503,427,25,779,359,803,548,42,568,537,688,445,557,152,685,533,792,914,76,463,711
743,69,446,125,346,708,227,761,28,664,30,823,961,396,143,733,620,762,465,109,114,842,336,318,793,573,246,244,29,89,566,573,673,35,702,424,499,369,685,489,927,356,643,117,904,94,210,839,974,848,968,269,45,737,798,611,124,434,833,224,708,883,618,618,931,619,809,491,760,73,57,59,995,829,847,913,711,954,638,254,433,386,74,288,168,569,776,943,522,73,611,249,200,890,201,995,85,132,830,699,125,334,299,315,856,805,380,897,286,169,822,938,152,754,578,200,239,656,946,905,552,472,896,952,664,728,524,874,578,980,445,63,149,313,859,301,171,62,132,335,13,450,457,142,316,398,768,402,731,528,711,970,610,132,278,670,816,952,7,968,963,595,868,753,523,246,485,658,261,79,324,822,627,342,81,608,235,567,391,253,731,125,644,105,876,700,204,348,811,9,182,287,880,872,776,821,409,55,556,580,449,170,683,307,50,888,337,137,956,886,661,475,119,316,923,473,949,621,373,778,325,253,981,486,571,293,711,454,415,599,479,753,937,947,388,144,662,705,242,820,757,345,33,835,852,374,733,480,91,784,924,572,158,41,796,727,714,120,892,949,211,15,154,770,109,848,767,83,539,817,849,850,539,638,916,919,629,258,485,71,479,647,621,478,723,332,538,189,980,158,243,892,783,638,837,621,239,436,168,334,216,623,431,37,273,647,506,850,497,502,228,676,854,211,185,952,611,15,954,254,275,482,827,104,562,6,3,682,12,210,880,117,818,356,307,49,393,533,369,316,115,15,884,977,85,622,546,348,193,14,786,107,639,324,212,507,846,761,595,794,104,368,670,460,136,932,943,77,277,711,173,128,90,287,742,938,635,811,660,238,294,707,551,434,859,32,127,503,622,714,155,826,340,968,265,600,653,731,695,794
563,40,364,826,909,642,615,406,681,869,866,711,82,916,188,287,139,787,162,391,304,953,363,465,110,120,843,954,295,790,776,664,713,733,807,879,672,820,1,377,208,646,421,582,796,658,443,248,808,819,698,169,68,925,248,248,673,832,99,153,82,405,259,855,405,906,65,634,659,377,477,961,257,710,671,550,346,803,280,35,992,718,355,272,692,362,99,399,74,94,508,504,803,888,439,817,331,165,383,892,921,742,991,432,125,573,15,359,735,537,768,883,41,586,34,278,142,759,974,782,75,492,196,85,995,465,309,183,395,144,651,881,125,988,458,749,939,689,568,445,361,738,439,147,587,905,932,6,594,522,844,294,178,14,386,767,227,317,321,92,898,58,4,81,175,661,3,235,832,849,341,945,681,611,448,248,612,308,865,965,37,687,613,521,938,735,306,918,795,611,594,913,489,659,98,669,47,402,846,111,88,206,652,165,506,460,588,846,946,623,811,479,491,100,76,860,334,339,325,371,781,381,991,671,892,770,102,711,753,969,553,517,196,680,671,10,787,426,780,817,650,741,236,853,90,447,392,600,209,769,569,386,330,833,952,339,910,332,356,771,931,730,229,191,366,875,392,579,548,495,536,104,184,913,732,463,904,19,349,562,369,328,616,69,483,733,54,47,815,459,464,727,592,368,455,79,924,408,432,398,824,374,13,852,708,431,50,741,317,883,791,999,825,742,882,845,230,531,305,229,304,824,59,855,349,987,176,385,691,313,24,505,899,930,180,828,134,459,276,366,644,501,905,888,104,367,359,38,973,694,553,578,600,285,473,108,82,815,212,832,731,52,127,610,453,808,530,937,954,724,40,100,412,112,301,619,942,644,661,380,539,525,279,916,628,894,909,375,771,726,423,776,149,410,867,248,610,706,590,243
864,49,185,84,490,682,581,236,948,382,351,316,979,869,536,89,435,989,469,491,698,607,183,824,514,5,12,201,899,779,879,845,217,267,548,151,577,758,363,487,761,30,636,592,286,64,984,212,444,284,33,934,84,535,162,517,738,491,18,20,112,241,617,87,632,156,641,970,360,82,831,885,701,842,432,269,46,338,138,950,616,655,876,156,184,989,885,202,591,168,836,147,220,440,897,836,357,30,270,854,805,379,773,142,314,798,823,23,202,957,318,94,141,346,761,887,684,429,771,504,888,133,19,595,524,377,473,981,81,610,489,868,51,239,689,201,568,684,767,5,333,323,766,281,960,77,768,343,548,391,582,732,668,376,672,392,347,151,679,544,51,152,27,130,789,712,151,566,75,522,404,778,118,709,795,641,777,754,643,776,252,820,898,542,278,943,320,796,444,580,42,495,929,659,46,894,847,365,986,670,165,854,682,154,393,371,568,613,180,249,279,523,872,0,842,668,714,575,672,584,73,600,305,9,639,935,152,479,640,219,13,742,648,332,910,405,614,196,110,162,243,346,440,968,677,803,343,613,387,52,282,774,328,369,718,898,88,497,412,179,413,677,326,705,558,709,254,237,788,267,826,868,267,165,339,350,723,328,508,114,935,366,71,106,720,421,360,319,738,604,353,318,552,359,829,166,896,68,12,174,422,817,191,314,530,896,715,736,108,112,409,639,775,399,493,511,297,455,572,611,499,687,112,76,839,817,870,234,969,251,814,170,876,520,823,597,645,600,296,943,664,697,273,258,543,880,347,129,691,71,822,982,69,830,674,901,966,573,916,544,93,90,549,107,10,187,745,100,779,364,4,689,621,468,842,103,846,496,362,538,47,402,161,865,739,103,387,24,828,540,992,436,621,43,61,824,146,184,875,802
343,968,963,288,331,735,210,523,669,121,996,410,547,690,337,39,539,557,617,34,307,331,552,738,475,163,229,253,994,450,579,48,329,989,57,501,698,174,830,433,265,31,7,102,904,644,551,231,636,309,284,146,215,478,617,159,903,239,612,216,635,375,863,89,129,158,655,795,111,968,858,55,604,363,474,470,767,226,338,184,714,784,745,831,475,816,926,921,715,393,928,93,119,689,775,162,808,552,634,978,712,655,752,9,31,102,177,29,543,706,212,42,448,731,18,273,286,154,49,275,725,229,854,158,951,110,752,158,330,515,912,276,785,777,64,993,654,741,543,229,529,387,19,309,528,897,116,135,658,641,372,135,138,701,221,3,594,552,158,701,955,804,923,900,714,229,842,440,787,482,163,150,374,494,828,476,7,578,516,340,586,323,507,293,580,300,330,374,682,649,348,129,731,238,8,512,860,256,479,869,395,578,697,616,318,388,213,402,797,547,208,639,638,780,54,616,213,252,560,739,465,218,681,359,27,204,744,428,144,78,556,847,817,304,498,238,164,74,333,42,513,552,817,443,909,688,434,747,318,820,536,578,672,218,512,712,359,554,429,673,337,939,676,186,537,636,886,21,243,940,572,695,283,375,839,157,9,603,680,449,643,758,666,603,432,126,190,729,141,351,222,587,681,261,775,653,876,800,108,463,227,57,298,853,869,285,233,90,601,719,192,859,423,842,647,884,277,906,6,441,589,765,276,831,815,52,989,553,299,377,635,120,2,771,477,772,277,586,885,197,475,838,313,232,140,601,516,883,850,126,146,806,771,788,106,951,367,634,485,332,964,444,383,271,707,130,162,918,806,860,217,60,662,186,769,485,92,553,838,508,960,740,720,871,134,773,36,807,397,442,561,620,32,382,235,718,352,333,224,949
752,355,769,243,419,513,377,484,923,145,980,805,703,162,950,775,698,544,752,374,215,177,215,318,197,612,139,708,585,406,432,464,41,440,427,729,360,746,45,932,963,143,654,817,812,478,721,222,375,703,741,32,227,306,714,511,946,321,289,111,322,730,253,751,208,182,575,692,824,283,369,988,12,816,331,113,516,553,914,855,886,278,104,45,661,294,461,530,668,758,723,206,679,290,347,846,4,834,813,982,735,927,435,195,282,418,920,913,766,536,424,345,906,869,523,870,53,450,510,402,828,991,869,799,699,768,624,421,189,349,465,546,787,329,518,251,47,656,376,883,882,177,461,255,769,310,411,539,556,164,936,243,258,739,362,821,175,407,493,382,189,506,997,395,74,866,256,779,17,470,812,753,170,389,649,957,685,377,467,601,160,702,746,415,628,161,300,740,560,39,786,981,229,59,510,100,320,511,293,579,355,332,381,345,682,370,435,332,28,738,481,90,78,679,299,890,336,107,513,413,144,796,62,446,368,560,579,605,585,523,412,764,328,294,453,248,279,204,530,815,112,272,608,691,606,650,497,888,412,148,887,807,999,94,599,878,237,779,375,122,838,430,175,38,408,376,904,952,2,921,153,121,92,483,148,193,732,380,372,52,847,425,915,53,121,781,951,763,413,682,139,625,612,207,426,390,231,447,650,509,590,187,855,347,104,400,182,659,999,916,369,741,286,80,546,323,253,875,992,505,14,499,752,912,262,463,580,383,252,830,314,423,515,510,618,357,286,836,694,466,495,606,861,484,595,253,818,32,229,911,332,657,703,377,556,652,350,429,542,238,829,929,503,542,463,986,362,296,317,281,662,207,202,102,112,960,684,206,779,507,30,94,284,581,419,681,566,331,633,595,211,373,921,280,61,593,385,992,600,524
972,579,409,507,768,240,213,561,515,895,543,764,657,707,261,78,727,496,222,478,642,775,751,958,588,42,370,798,782,23,680,44,549,373,668,637,215,423,953,396,405,503,268,337,595,487,74,272,865,309,208,784,896,713,468,625,358,907,292,392,590,845,116,487,172,403,672,821,528,436,106,676,201,922,166,446,731,861,802,460,432,572,578,230,980,389,848,514,208,586,581,826,68,106,655,519,158,19,264,543,334,721,69,986,558,60,865,650,946,208,460,66,427,657,716,339,706,138,667,964,441,585,992,170,150,699,278,634,956,640,629,717,913,933,32,853,729,185,977,868,186,882,547,414,975,389,415,228,978,144,810,597,83,950,179,270,905,277,449,654,557,701,86,607,207,937,379,578,300,325,382,912,588,512,782,74,878,372,31,239,301,864,36,890,451,202,625,453,502,849,53,209,852,799,157,957,636,775,170,273,82,710,174,102,546,206,147,394,334,622,86,469,92,627,762,178,246,800,323,141,718,592,166,530,789,189,309,26,845,444,359,532,721,893,171,164,139,144,803,219,790,61,602,399,697,382,741,687,820,368,293,943,288,834,423,204,110,277,422,948,697,494,259,668,36,121,269,412,396,342,357,189,569,186,494,182,599,526,368,653,941,562,441,0,18,649,272,297,528,432,734,579,599,670,896,281,151,641,600,377,475,91,767,925,109,833,13,8,275,616,557,880,70,956,780,422,885,176,121,236,396,154,499,899,424,121,212,110,76,675,862,596,400,908,551,273,878,646,588,954,173,85,105,779,995,904,508,360,122,689,636,899,573,247,126,670,721,192,63,856,661,201,823,550,977,350,9,568,218,437,756,870,709,992,881,483,909,454,383,967,493,97,378,734,83,173,931,52,785,641,160,253,32,174,282,433,75,217,988,923
847,543,862,712,83,345,302,589,837,990,215,153,125,630,317,138,858,6,958,633,718,157,358,963,284,791,686,656,435,690,157,677,209,114,101,334,290,747,283,75,191,571,13,745,821,693,333,684,998,652,947,337,751,827,294,907,731,276,36,89,520,559,825,884,382,615,215,345,131,807,966,780,557,176,566,462,272,853,614,418,127,72,583,298,570,535,595,573,230,809,827,880,81,565,934,475,363,392,157,613,164,403,341,295,34,155,829,874,215,786,870,75,185,837,477,178,322,730,262,248,839,195,280,751,286,232,280,863,726,762,19,927,3,918,976,306,998,582,934,408,917,648,147,466,450,887,16,310,351,111,430,683,238,884,456,280,173,360,320,389,358,180,434,260,526,344,677,201,490,660,412,225,13,180,147,320,751,592,376,573,386,737,345,72,477,862,971,60,617,615,396,904,800,164,891,37,64,992,872,322,83,509,701,520,650,995,670,514,33,839,469,715,728,376,224,584,406,783,479,19,296,425,767,786,838,995,207,95,105,357,812,327,397,815,444,27,728,581,746,148,466,289,479,667,890,776,659,928,203,368,764,682,624,661,131,463,591,382,757,535,936,484,991,759,517,115,571,247,427,462,673,23,547,926,777,237,86,176,328,767,749,949,618,411,912,410,942,75,74,47,120,754,303,11,772,106,211,875,701,683,221,949,902,126,779,552,36,492,747,582,653,62,253,996,305,529,851,994,60,428,373,956,860,612,165,505,493,125,680,18,91,783,831,573,866,612,152,725,801,837,582,471,237,431,283,573,544,95,2,697,171,285,573,846,389,777,224,77,689,641,280,426,159,903,399,973,723,890,128,178,122,59,503,637,573,524,997,343,413,334,450,696,844,338,521,980,100,293,240,738,985,983,897,979,210,535,882,612,336,525
47,583,217,932,66,944,966,976,872,217,200,245,340,108,819,653,573,515,497,670,8,871,988,8,894,277,154,782,223,33,171,263,933,531,39,677,138,845,49,814,534,215,195,842,483,979,911,616,473,390,672,47,235,71,269,221,81,923,267,851,528,254,604,575,969,60,958,10,235,122,122,747,568,906,84,980,339,863,538,639,509,951,117,666,616,782,654,221,286,526,766,295,829,621,263,432,414,655,760,515,560,760,291,843,498,74,841,781,684,465,432,231,742,274,738,414,12,91,724,427,384,185,670,490,438,513,931,565,285,811,667,178,263,530,974,855,586,238,902,898,348,927,218,239,509,417,586,142,325,287,954,541,531,992,329,435,929,117,172,845,380,425,833,142,429,900,406,439,12,600,782,726,937,83,62,895,49,298,860,142,931,984,174,237,827,969,583,909,917,945,295,120,631,744,141,844,374,983,358,830,972,545,248,357,275,456,462,339,38,173,352,14,582,473,576,17,418,272,557,392,782,993,717,992,616,815,89,694,747,325,597,875,502,123,269,359,909,223,778,502,729,28,61,267,804,274,807,699,170,802,472,571,412,515,72,662,939,228,250,456,437,616,511,121,399,472,996,73,867,203,174,441,792,614,562,746,505,499,943,702,415,582,229,955,526,275,655,116,422,219,782,933,630,316,357,454,518,150,536,178,891,206,228,618,616,686,514,204,741,66,805,359,901,735,700,331,954,953,45,871,419,618,784,771,527,419,112,345,389,913,262,447,836,207,444,557,770,889,103,95,583,684,651,617,121,658,338,912,594,590,908,467,139,544,762,376,219,643,959,86,378,61,182,108,51,785,398,514,381,810,828,233,200,450,387,206,809,174,426,646,558,886,872,579,960,460,700,888,862,708,4,348,591,242,623,342,690,98,314,847
469,602,487,565,942,59,199,440,673,814,986,560,764,379,737,341,213,635,396,672,781,549,865,355,575,540,734,168,280,874,583,522,462,584,348,271,998,568,957,232,187,657,515,609,523,734,850,388,321,920,368,270,262,727,343,369,105,872,406,761,453,468,764,235,294,491,790,333,216,58,459,656,543,595,251,995,818,277,53,932,716,311,223,918,60,673,752,320,487,12,341,404,12,640,64,609,227,852,198,279,925,108,93,295,823,380,449,789,495,597,878,302,253,1000,584,94,729,794,715,853,527,467,653,603,981,988,257,294,11,942,383,735,973,476,987,207,100,91,732,811,909,697,462,352,765,843,819,980,170,961,102,741,345,969,216,433,960,80,762,641,495,133,552,460,266,80,612,263,582,871,572,391,375,659,585,61,139,749,174,525,234,506,39,998,167,535,739,892,310,820,214,232,23,70,442,702,493,95,952,685,798,251,364,173,450,568,821,396,191,963,421,40,656,199,425,495,340,393,461,411,164,597,943,989,366,556,762,21,699,546,104,821,752,580,581,295,502,938,623,499,393,464,329,845,95,233,357,550,102,689,39,796,646,258,784,34,302,731,218,464,640,489,226,156,105,760,995,353,67,133,892,796,202,122,832,10,522,824,774,744,141,775,941,601,240,558,675,139,492,897,957,840,632,339,849,684,19,585,519,41,548,216,497,415,465,502,4,514,282,745,295,657,369,741,806,824,299,664,693,986,723,322,296,776,348,696,898,149,126,694,672,317,862,775,569,437,800,345,87,958,598,714,381,220,124,601,357,741,623,959,877,894,593,12,857,746,816,399,592,863,727,639,664,740,850,486,955,74,214,742,753,432,11,792,463,951,608,529,36,710,339,175,447,404,284,341,852,220,760,795,521,962,914,528,536,788,213,838,628,422
257,875,689,44,134,135,91,594,117,133,494,173,364,160,249,76,596,709,281,514,301,401,764,794,193,239,901,378,898,605,745,568,705,346,646,818,446,44,829,100,19,279,690,767,998,798,744,470,92,632,243,605,512,367,854,423,815,6,710,527,706,806,782,110,427,589,94,638,349,276,316,962,500,550,969,893,655,807,452,463,895,57,297,654,516,452,720,738,219,662,926,30,819,1000,2,991,207,294,237,736,772,889,616,96,640,726,934,871,643,949,569,592,323,576,829,683,60,967,898,819,934,453,888,342,699,599,860,855,391,436,232,575,912,434,82,694,260,755,106,48,907,694,735,853,496,26,11,564,980,377,411,25,990,904,63,888,878,466,342,284,703,341,934,459,658,233,503,189,628,711,499,203,836,405,174,950,760,152,162,460,589,778,719,769,915,994,537,691,60,978,243,633,645,522,979,853,745,74,82,759,209,576,460,453,708,196,823,356,449,232,311,133,222,591,412,296,469,88,633,105,393,637,309,216,763,906,769,598,753,9,791,10,275,960,828,494,473,529,612,594,310,416,806,202,560,585,960,675,188,155,117,479,335,751,11,73,962,215,658,833,426,279,550,302,697,945,802,255,730,781,196,254,568,714,463,637,892,924,825,835,466,107,494,30,77,927,445,638,276,81,74,268,717,592,791,156,582,961,79,146,501,694,889,788,195,801,148,352,412,157,581,997,224,40,6,97,792,71,768,919,943,436,513,178,373,123,699,459,565,30,109,348,911,63,365,778,998,849,804,860,744,458,535,183,498,199,561,899,998,845,273,950,54,879,636,995,827,41,537,969,771,987,551,782,960,503,365,218,335,153,498,404,739,852,135,236,498,151,399,563,131,534,301,305,522,394,758,415,180,181,181,735,152,594,857,546,944,698,681,493
880,413,399,916,121,553,596,805,665,385,392,531,521,625,460,337,901,752,468,700,564,902,364,980,562,511,882,173,334,826,175,374,443,430,66,881,890,369,790,701,751,335,909,604,147,882,298,981,963,450,59,31,677,163,250,587,81,539,155,959,784,239,789,793,424,318,894,445,260,0,383,205,827,153,902,134,421,175,742,61,225,467,464,770,564,957,482,507,248,947,820,380,769,776,772,492,618,906,868,803,822,397,482,725,728,46,399,65,514,637,260,304,137,43,462,391,725,51,910,787,246,261,353,202,841,554,47,700,762,926,335,217,380,775,488,46,366,78,870,985,995,512,482,798,227,183,932,723,960,928,783,172,139,595,836,86,353,925,401,688,287,572,694,761,534,483,240,488,960,688,779,237,466,529,434,929,453,14,273,373,422,591,160,320,88,445,540,284,389,347,425,318,902,11,801,657,39,111,418,802,319,758,965,56,114,473,407,941,754,279,705,340,283,100,352,876,30,873,19,307,575,656,169,228,717,467,632,253,753,825,637,147,153,11,481,19,700,304,541,618,500,215,6,488,475,494,873,835,254,257,170,448,118,741,618,332,707,810,89,219,35,324,60,616,35,238,935,251,578,881,400,143,33,790,167,330,746,263,932,171,378,402,160,454,66,813,121,603,500,385,403,938,492,268,918,513,579,334,921,578,15,397,526,993,52,728,23,595,430,175,886,541,197,114,307,375,334,907,698,697,247,608,679,233,420,940,818,590,68,616,292,833,605,915,686,945,398,506,767,310,314,456,513,538,37,995,572,490,200,549,400,880,856,440,463,172,513,904,430,958,779,786,16,466,50,744,760,367,863,414,994,319,300,705,509,540,913,935,670,717,197,221,948,536,543,472,592,875,120,512,622,508,954,721,385,790,145,739,483,551
831,254,983,186,868,649,464,313,699,891,12,780,872,889,542,615,419,975,147,916,206,48,334,905,403,726,325,529,204,916,20,417,56,979,546,408,153,336,758,254,480,404,493,381,977,710,563,737,851,906,526,824,26,332,882,764,399,566,951,628,626,854,27,553,331,351,727,784,986,273,236,420,442,786,410,343,986,816,307,787,97,603,723,529,889,369,836,215,797,584,613,602,728,481,425,133,445,566,386,524,476,972,932,693,604,120,498,736,589,744,684,302,97,746,143,322,245,755,259,953,399,576,738,567,370,154,563,255,127,289,965,980,536,899,495,901,970,26,611,216,525,31,971,325,690,725,403,158,868,682,143,619,400,213,754,724,917,411,277,339,158,653,893,540,302,426,178,680,503,681,386,945,725,135,722,299,665,208,617,843,59,310,628,286,411,965,187,234,858,898,537,391,447,218,362,684,86,571,606,683,60,704,824,685,152,627,176,655,371,601,403,863,586,950,719,637,595,375,1,788,155,118,328,821,461,236,467,937,138,448,614,807,212,92,897,480,515,910,408,507,315,544,267,581,388,737,80,382,281,524,968,874,377,656,984,663,153,102,831,760,233,611,427,172,775,101,984,396,330,988,695,589,25,554,11,741,86,963,182,663,80,703,863,157,327,176,46,503,496,196,648,198,700,712,962,72,951,775,720,582,952,994,604,881,184,575,330,38,165,683,741,422,659,550,109,930,562,414,292,349,777,197,135,682,42,551,325,344,758,882,339,43,128,616,689,102,779,606,549,4,173,870,292,942,780,395,985,408,528,722,223,852,676,443,645,708,765,703,862,831,681,260,963,360,5,148,897,236,31,164,106,826,719,91,769,319,11,495,251,541,920,986,34,546,893,457,962,263,303,747,163,296,440,886,595,493,955,493,63,807
696,7,149,546,189,964,118,269,26,969,623,543,920,970,537,337,63,207,297,881,592,263,935,339,393,407,986,247,950,466,573,55,704,828,342,330,471,313,545,903,972,700,609,994,684,710,307,763,529,320,924,952,471,114,980,564,452,61,573,378,2,494,779,978,803,11,174,295,764,104,116,404,632,916,839,565,985,987,109,155,46,430,586,836,52,287,310,888,325,186,210,394,839,815,316,314,639,850,112,817,220,115,919,33,563,748,908,707,261,282,670,23,963,551,863,245,995,13,901,158,587,75,46,561,280,206,524,248,155,76,105,75,255,57,695,610,331,664,224,369,678,552,430,630,819,329,70,47,322,487,388,645,327,601,866,81,879,648,841,610,466,211,568,529,122,706,320,695,414,869,681,717,78,420,697,585,432,929,335,469,126,30,848,808,44,671,674,218,911,750,624,60,787,516,353,980,929,378,489,608,358,173,412,540,702,361,252,481,429,405,233,208,701,217,161,90,371,283,645,319,467,143,14,115,786,407,722,897,937,75,261,522,875,258,849,524,499,147,47,411,14,154,702,938,633,910,577,300,878,42,435,967,408,541,360,196,866,882,152,489,297,336,526,939,502,940,769,520,434,305,345,759,662,963,930,261,452,537,110,201,135,861,34,668,377,976,292,375,595,964,812,148,568,702,749,343,107,25,237,850,162,721,449,683,646,488,382,349,671,627,644,625,123,281,21,934,559,584,374,979,223,736,903,962,748,359,357,108,142,194,221,339,148,959,251,620,446,219,787,624,36,3,603,922,954,394,0,103,212,698,717,413,580,646,849,741,896,608,711,170,746,973,262,285,658,424,491,819,479,546,609,403,814,131,706,336,667,11,959,638,715,171,753,61,714,633,644,215,961,188,306,674,147,141,987,915,672,105,27,471
20,317,545,882,873,421,194,53,276,405,382,225,976,964,813,836,229,696,562,15,321,581,741,68,274,620,87,504,724,539,355,489,914,324,955,540,585,594,913,79,520,191,905,569,575,519,630,183,240,926,260,317,378,456,653,360,620,401,598,97,641,290,661,374,509,726,136,333,296,78,461,293,327,159,297,787,192,966,636,786,973,262,623,304,801,223,658,884,198,628,872,660,745,459,747,800,47,332,615,953,403,628,321,47,71,961,854,786,831,610,97,878,22,725,272,66,911,108,253,889,208,888,808,744,889,238,517,178,423,7,912,994,434,75,586,990,386,931,468,909,991,712,321,418,997,912,930,851,62,266,542,260,801,677,966,332,995,313,351,850,894,670,213,814,363,641,72,805,855,314,541,497,802,464,531,102,772,641,840,282,919,454,719,819,247,387,990,395,286,420,410,568,286,780,637,400,419,121,999,342,821,544,960,480,787,503,897,390,164,869,504,12,102,494,960,822,872,106,94,742,644,561,219,77,746,389,543,378,868,136,449,380,844,582,169,558,408,298,686,173,436,109,909,753,53,883,438,939,210,68,151,13,640,787,47,660,287,198,964,315,114,6,940,533,290,656,983,471,874,895,941,834,800,65,66,618,157,246,297,184,342,396,659,807,872,909,600,970,579,316,830,730,763,34,13,909,363,405,348,710,385,226,247,234,42,282,108,154,380,873,108,520,617,804,935,582,589,258,302,461,879,425,76,253,973,370,183,612,915,409,152,642,61,591,486,852,493,725,661,576,664,371,621,438,654,783,740,660,461,290,693,972,844,659,284,40,525,719,3,937,914,416,509,476,477,914,844,229,488,272,184,414,272,274,858,271,538,942,639,203,620,377,396,885,359,316,687,642,476,525,858,846,154,888,881,404,449,930,83,54
760,785,21,64,175,108,572,600,57,299,364,79,914,997,309,609,905,738,822,815,733,682,785,362,157,160,588,257,576,558,272,581,298,176,75,852,109,863,834,233,739,184,253,960,428,626,960,233,214,127,841,650,787,523,531,433,497,575,538,745,550,425,520,482,649,11,136,827,89,485,991,958,136,924,451,658,337,437,636,341,985,824,828,129,144,34,175,314,113,829,101,483,422,385,703,983,866,491,418,409,941,369,815,473,252,416,433,975,966,511,691,342,389,759,804,601,237,506,476,60,994,783,162,304,227,655,272,794,221,524,246,58,183,807,545,123,606,21,568,663,232,426,437,363,871,267,208,211,615,874,668,231,566,404,863,699,849,604,619,942,715,208,589,245,177,770,814,421,464,56,1,436,484,243,719,373,246,388,7,536,31,431,715,616,770,372,529,655,418,465,237,151,159,209,163,661,908,715,284,242,867,180,842,521,717,293,535,799,497,964,103,520,864,49,485,618,749,188,398,369,530,609,272,343,341,568,641,331,863,99,103,303,314,58,622,205,190,816,772,276,698,169,870,197,936,378,172,503,641,400,848,226,911,568,757,52,163,845,581,848,158,481,148,160,387,713,489,535,128,8,801,368,893,957,602,340,389,452,204,940,517,182,841,280,570,930,659,230,149,781,402,36,708,643,511,716,945,982,852,331,619,230,809,150,851,29,277,85,335,186,36,949,455,292,75,634,285,849,656,431,91,980,499,859,324,84,901,953,659,814,65,353,620,126,66,769,858,470,174,695,895,94,508,395,556,941,320,473,714,77,307,152,21,445,162,823,665,340,344,58,243,594,573,265,637,92,740,337,545,401,288,704,194,855,553,328,196,155,782,622,346,454,441,639,92,687,788,187,52,167,515,882,595,491,26,814,602,67,140,699
734,433,766,154,905,169,538,730,354,655,379,903,78,511,883,339,467,536,79,339,762,786,100,808,51,353,356,175,277,331,753,135,84,199,772,511,959,808,668,85,413,936,639,184,396,29,724,644,848,161,994,802,208,460,803,165,591,120,96,424,501,964,662,579,618,941,176,231,849,121,946,785,592,700,218,202,236,693,266,589,891,644,296,235,955,108,155,236,465,779,911,953,895,882,25,344,967,270,477,297,952,782,665,939,874,198,655,330,279,781,800,622,652,551,881,270,802,538,434,131,519,37,528,42,777,377,449,395,315,860,565,613,297,432,212,680,150,781,396,615,440,927,512,886,926,786,424,44,321,853,894,730,600,837,269,961,662,836,875,498,578,207,720,756,17,27,970,355,755,342,338,28,969,638,641,348,601,991,283,426,846,154,624,251,489,813,800,259,823,126,152,720,450,632,828,480,830,186,335,980,652,54,836,114,265,572,418,512,880,988,574,537,871,829,533,119,204,830,133,555,705,217,624,904,556,683,822,110,985,250,206,618,463,675,885,556,380,193,485,385,596,215,99,773,506,791,698,456,562,400,844,156,712,920,652,58,495,373,41,498,786,574,806,320,184,315,623,847,382,339,50,212,309,306,911,849,436,63,92,221,294,212,322,444,181,101,672,942,733,199,911,698,133,135,745,551,342,698,92,397,640,896,656,562,363,845,463,180,24,374,614,560,495,521,764,838,598,822,375,625,14,598,316,578,761,550,305,968,837,47,561,648,792,318,826,353,983,124,931,804,505,109,189,976,910,683,615,937,311,253,710,92,958,530,576,426,120,957,882,617,98,787,88,7,64,107,629,49,74,941,71,963,397,84,816,656,331,324,216,90,880,399,875,673,303,516,1,522,175,629,341,874,892,691,536,602,166,871,320,920
155,873,943,179,923,1000,746,347,638,862,161,970,656,980,406,335,295,86,478,900,399,949,796,88,354,34,6,593,125,824,525,585,269,388,322,827,302,88,405,610,876,425,279,254,429,321,64,872,144,717,306,606,873,769,194,442,798,257,336,917,108,873,660,87,578,766,431,464,197,78,412,661,42,637,289,354,691,94,541,334,81,389,809,226,54,648,726,773,650,45,178,771,265,891,955,238,196,859,515,634,519,924,971,997,861,799,93,269,687,393,367,417,790,22,945,513,927,457,316,594,574,493,615,475,5,373,950,722,138,205,277,5,448,15,5,247,239,856,106,132,663,350,606,878,162,258,102,141,686,512,388,282,719,835,951,468,319,206,714,709,640,780,478,405,779,324,334,309,708,5,278,99,200,362,323,777,510,671,8,125,472,160,581,218,271,401,341,471,722,192,430,71,768,888,149,491,442,227,91,270,735,402,878,216,43,898,889,603,853,482,238,718,756,774,187,747,465,570,285,2,736,886,208,379,103,964,202,589,838,306,872,162,488,233,435,492,976,702,992,23,772,733,289,335,784,508,272,712,961,749,765,63,976,401,874,127,531,354,106,466,238,384,599,238,648,586,511,685,163,913,130,309,346,161,512,812,743,859,197,284,840,484,820,740,745,966,483,284,575,937,642,410,785,307,584,536,908,183,440,995,238,626,107,733,7,76,108,210,875,465,925,745,1000,970,757,550,850,150,421,189,298,270,236,178,547,79,303,363,275,819,878,73,929,888,601,993,329,449,741,543,287,240,422,570,95,529,99,830,988,519,68,142,957,446,844,936,426,374,328,137,666,966,489,608,927,58,801,453,100,834,22,496,944,740,50,28,165,552,469,439,930,274,365,943,169,334,801,766,219,774,585,283,415,328,817,57,53,135,401,687
235,913,634,905,291,905,377,781,896,103,599,541,499,86,62,170,255,574,440,523,89,146,656,558,989,918,222,778,245,436,804,464,683,844,455,39,998,253,584,174,521,563,557,535,509,50,258,420,692,198,972,721,547,598,561,267,280,541,505,429,201,990,427,98,106,911,452,771,719,778,727,552,262,28,178,878,474,751,475,553,457,397,263,763,347,278,692,485,835,795,159,327,663,142,949,160,402,682,635,577,348,827,984,407,494,581,291,981,335,111,746,430,890,805,375,498,475,997,431,462,849,169,185,659,892,112,695,40,171,751,80,751,563,538,998,300,815,138,556,775,864,554,924,348,530,241,59,287,267,746,337,567,140,812,197,518,306,225,999,30,512,418,730,295,466,201,834,668,774,240,524,289,234,736,150,858,272,980,704,139,805,917,96,805,341,828,280,630,73,170,697,873,774,170,849,230,192,736,982,702,433,78,364,419,347,368,82,331,924,836,992,302,600,641,982,319,87,768,786,335,418,52,334,329,61,764,222,73,751,223,32,347,428,580,433,19,156,409,147,307,629,255,233,639,288,792,529,646,622,721,889,2,717,825,543,856,344,36,129,70,631,403,70,191,755,568,291,59,847,40,840,810,577,432,479,274,444,195,759,245,579,19,25,386,162,154,895,846,16,998,59,306,709,164,826,246,676,194,391,30,333,520,549,508,729,511,238,204,290,219,21,527,880,405,629,891,978,315,56,953,600,778,171,439,84,746,99,626,807,839,567,299,68,874,565,627,103,978,181,159,367,155,367,672,678,808,180,254,44,68,558,797,285,624,514,402,196,342,184,948,596,537,372,590,472,910,570,227,939,452,141,152,348,537,462,200,481,185,150,892,660,121,238,899,716,360,40,413,695,634,204,448,820,911,385,15,176,552,678,880
748,186,990,728,482,135,838,86,372,789,853,244,829,391,852,318,544,183,688,274,108,73,242,300,453,312,230,879,17,563,666,135,765,277,910,262,72,125,897,4,236,900,928,772,790,171,409,122,376,542,944,174,339,948,38,172,241,192,858,672,647,372,94,436,846,982,557,285,1,38,439,142,742,98,68,930,283,409,660,250,387,289,163,731,677,157,594,525,143,84,879,308,301,869,46,453,476,71,757,589,371,720,676,535,457,454,282,900,489,977,208,654,503,562,913,435,739,803,285,756,594,489,906,958,21,547,9,666,781,23,424,279,396,134,352,132,778,380,886,300,205,360,47,112,87,845,224,887,154,568,136,96,0,913,431,100,415,710,223,66,530,664,647,27,191,869,163,430,805,472,914,568,162,577,39,608,869,158,22,683,725,98,851,794,178,315,480,251,710,54,182,600,911,341,778,895,56,987,359,197,81,221,193,841,208,940,662,506,462,610,614,768,206,673,780,13,507,360,540,217,926,32,818,603,431,831,33,389,625,17,762,512,850,811,140,949,891,274,227,66,363,282,38,899,482,32,461,341,315,767,694,260,945,435,538,803,736,781,881,259,777,56,100,794,762,515,527,331,855,623,742,929,586,404,505,800,422,802,557,7,387,78,282,37,856,413,463,188,753,794,558,660,119,413,781,319,25,72,908,546,578,882,937,449,630,192,65,764,696,258,591,907,85,393,915,656,656,766,833,270,224,945,102,865,640,349,244,380,718,327,479,322,845,486,123,170,393,298,531,900,979,57,598,173,604,672,562,683,490,256,151,38,52,939,364,425,415,94,598,2,852,150,268,146,457,611,527,727,71,94,496,880,332,196,407,813,346,493,680,448,378,335,701,730,139,640,870,255,453,66,831,609,690,464,130,193,795,127,818,240
637,129,609,782,601,644,83,485,392,649,211,32,923,423,782,736,184,196,582,594,302,767,290,75,365,351,695,705,229,266,957,42,198,960,845,317,771,518,887,222,142,222,26,106,668,0,499,859,751,539,858,808,148,844,370,617,441,519,721,625,802,621,362,683,729,337,655,390,615,384,223,880,445,204,633,329,998,331,287,119,285,501,613,564,902,416,1,204,456,204,657,22,459,855,749,343,640,313,183,138,836,976,484,68,672,61,952,390,795,731,105,395,429,896,714,295,865,532,185,864,947,64,54,639,201,437,572,362,683,176,751,553,234,145,833,755,864,458,665,126,329,354,540,685,174,486,702,978,538,793,224,535,593,762,21,478,953,982,790,439,948,711,716,1,769,584,954,415,287,334,38,591,25,919,624,676,953,793,546,664,163,121,410,297,267,406,746,382,846,181,322,603,650,353,22,338,588,87,274,71,465,871,24,637,231,2,530,977,50,556,664,305,622,374,61,104,308,746,385,600,352,335,406,114,82,727,644,561,109,772,447,186,909,477,605,556,651,146,156,783,159,385,965,776,577,569,446,645,764,269,352,104,200,94,871,31,261,394,911,473,240,489,586,646,50,400,667,617,40,499,741,286,389,508,65,299,870,713,84,265,403,590,819,962,924,921,135,190,297,882,280,792,535,77,438,297,754,693,23,827,471,461,855,245,634,554,470,859,889,341,324,236,999,54,666,749,244,969,496,30,382,247,256,146,390,445,788,367,764,685,604,848,265,146,645,344,513,93,963,592,570,673,504,742,380,189,288,31,648,318,788,131,737,47,829,342,263,823,254,690,142,337,903,731,323,946,542,548,667,253,883,330,595,151,618,225,191,209,640,508,66,920,184,747,664,937,814,124,133,241,10,32,69,147,330,340,164,539,827,535
822,471,559,16,116,984,851,474,777,868,635,426,66,653,486,457,302,166,114,104,726,586,701,396,885,650,439,912,582,540,293,439,280,821,746,354,995,149,502,840,674,618,321,442,109,956,764,993,689,165,754,902,286,369,693,180,191,571,509,114,987,970,646,301,569,236,576,148,460,848,461,760,152,998,881,624,952,265,20,852,591,6,248,811,782,403,395,839,127,225,100,32,453,253,814,464,715,799,724,710,902,206,778,970,21,197,72,276,26,762,212,419,587,586,313,824,11,40,59,969,208,953,314,383,945,418,591,986,815,64,368,944,708,894,277,584,900,613,243,640,111,808,634,650,374,203,915,772,630,878,365,369,910,331,123,259,278,720,634,932,187,616,571,561,226,893,369,670,977,671,562,89,601,56,137,104,588,775,952,457,688,434,668,248,312,333,153,432,148,747,245,371,682,806,302,875,336,238,241,939,25,999,55,599,666,357,460,943,633,964,151,365,919,775,680,857,437,864,213,335,269,108,169,274,815,744,443,295,158,817,971,917,836,848,748,157,97,767,529,893,963,848,80,250,985,528,486,336,434,613,166,643,817,172,919,162,105,57,435,278,816,625,488,929,950,279,572,374,780,614,285,334,992,370,519,571,407,599,109,111,997,147,433,408,782,994,596,474,85,372,629,472,335,113,82,755,876,913,375,590,975,17,97,519,890,714,153,331,695,456,343,729,989,180,836,636,205,410,848,348,109,432,789,276,744,328,531,370,709,301,304,20,235,111,653,193,699,674,591,725,135,921,894,734,364,738,875,919,83,66,57,740,189,628,438,274,945,607,259,688,252,642,540,943,738,500,641,334,846,35,75,641,25,892,145,458,800,571,941,359,804,877,489,414,803,202,138,481,2,150,760,347,639,854,439,585,666,522,135,332
318,963,405,436,469,989,840,959,757,852,713,260,953,698,444,864,185,53,79,200,635,404,982,183,999,575,306,681,480,402,526,661,548,450,627,561,305,616,65,551,440,691,225,915,53,692,457,974,579,380,321,424,388,535,633,251,394,881,684,426,905,164,518,835,578,323,517,507,930,79,102,744,145,15,615,37,929,906,411,387,204,245,272,746,636,827,747,12,918,985,359,27,348,254,333,905,215,4,114,270,482,141,890,47,991,494,647,960,684,793,241,380,351,347,857,544,842,459,883,184,557,885,237,450,223,389,473,76,707,192,223,968,413,373,292,780,520,277,557,240,815,762,290,475,118,519,711,953,600,252,231,837,118,290,817,231,712,146,307,460,316,747,412,736,553,437,148,383,943,780,973,5,37,942,724,244,581,259,678,17,186,381,513,496,854,282,752,296,105,680,340,644,203,103,928,449,40,557,756,685,176,578,571,865,885,781,691,709,385,204,267,875,133,302,821,422,792,708,269,258,264,92,293,340,788,882,653,731,908,586,984,800,242,69,526,0,483,827,599,521,981,856,384,368,926,884,268,978,174,479,58,739,617,759,219,565,67,57,101,28,620,496,36,929,476,154,267,3,455,575,185,149,843,7,774,737,861,239,242,705,631,281,699,16,621,175,595,54,389,194,14,877,587,872,468,840,630,651,860,24,837,268,822,324,597,50,450,62,139,110,830,165,285,1,953,92,381,74,553,647,908,375,992,5,234,577,80,465,373,264,327,483,686,938,528,942,99,861,698,763,870,887,804,834,763,649,77,730,495,962,245,396,16,719,863,796,268,599,43,701,74,387,118,882,149,728,940,671,208,29,493,172,890,154,110,845,349,77,749,605,19,706,510,930,520,274,760,424,354,649,533,742,376,700,871,722,401,903,654,128
785,29,424,148,410,243,251,4,809,329,695,81,519,500,133,952,868,136,745,498,29,142,605,16,115,408,69,901,485,654,298,152,693,926,433,252,710,601,262,117,791,247,398,56,780,283,762,628,812,429,802,982,564,151,828,617,697,140,183,831,773,59,281,549,535,619,28,944,932,378,776,120,194,997,685,902,142,251,397,836,457,368,147,736,825,57,753,259,417,529,251,912,206,615,585,276,610,719,689,818,705,378,216,409,137,668,856,41,388,428,743,94,743,10,657,760,419,531,716,923,198,171,924,673,326,437,67,609,673,279,564,1,916,551,639,16,171,764,125,699,894,710,500,826,608,187,273,199,680,607,604,378,46,323,933,478,634,807,758,718,730,834,702,695,139,717,864,429,420,190,752,139,144,616,964,435,11,718,23,72,455,685,38,825,300,754,775,592,199,442,528,122,852,984,520,342,118,892,945,649,974,827,702,315,996,777,580,124,697,241,780,644,304,724,829,591,863,51,460,286,735,992,946,583,173,492,268,119,82,63,464,532,412,311,96,927,228,168,685,823,571,241,948,407,246,161,925,603,597,326,104,962,634,276,421,782,986,740,496,616,339,544,997,404,939,308,229,678,439,863,597,918,886,527,573,669,992,258,559,861,578,877,711,360,406,592,404,166,803,986,783,966,975,169,998,414,684,149,494,996,940,909,793,825,795,954,999,370,313,618,485,434,395,931,979,968,787,106,763,70,767,568,270,842,749,308,236,977,924,746,194,491,984,580,451,822,529,71,171,16,464,959,36,33,865,779,429,300,633,712,928,453,375,26,530,346,307,908,647,300,992,888,507,204,443,837,573,95,72,216,16,413,497,542,572,96,535,44,331,721,224,773,857,963,992,673,515,713,703,223,665,797,838,17,540,931,727,402,772,72
909,901,634,14,720,262,589,7,722,539,885,591,795,174,637,149,510,749,677,260,988,487,971,266,515,172,761,947,880,135,705,522,826,576,997,798,262,190,993,777,334,64,711,889,594,906,353,558,203,819,419,101,343,949,737,940,891,56,115,63,840,95,304,222,670,973,850,728,977,683,614,252,393,384,115,826,881,337,742,418,870,38,139,71,68,314,134,818,143,322,503,997,606,982,231,355,925,172,647,986,506,298,768,3,64,790,484,559,985,354,878,974,245,274,707,903,252,898,308,601,460,172,494,974,143,408,593,111,664,801,512,565,351,510,602,290,454,649,588,225,65,727,779,143,561,147,352,540,958,999,606,622,120,857,644,850,751,481,70,731,208,356,916,40,498,309,716,861,974,263,69,826,929,389,414,796,609,170,475,541,300,618,114,723,660,869,546,533,894,599,276,439,399,280,91,136,315,960,410,192,310,199,601,842,316,623,773,661,730,204,84,561,685,237,979,496,460,455,349,678,756,945,393,331,751,378,194,780,535,970,139,752,857,545,409,510,939,542,811,168,730,11,738,393,823,381,853,348,336,796,100,461,52,349,951,460,98,351,683,14,910,104,306,931,589,237,688,67,863,815,309,997,487,961,535,409,851,746,413,197,262,423,123,808,474,520,494,382,405,957,65,929,160,396,670,526,423,120,913,926,546,29,900,855,658,407,830,846,498,545,960,412,244,489,894,893,557,695,882,504,796,403,713,874,793,308,234,561,348,431,32,376,438,650,63,625,868,8,545,334,126,821,486,396,321,515,744,108,489,320,638,12,556,721,880,509,399,49,644,15,935,55,548,884,909,135,916,429,243,754,12,342,491,985,741,876,466,970,832,350,226,694,373,24,656,325,743,692,678,968,813,195,417,954,964,948,184,80,526,686
101,971,94,65,723,716,200,138,343,661,536,670,564,41,601,249,477,806,525,495,825,157,929,686,75,518,69,869,931,185,159,126,461,33,462,410,202,706,93,638,33,496,325,728,429,243,30,543,422,959,897,274,550,500,560,101,246,151,755,2,34,210,611,872,160,84,567,444,633,812,759,931,827,362,597,729,754,659,757,960,425,464,544,48,930,106,540,497,219,852,28,327,626,609,773,539,644,219,369,454,24,451,195,364,31,597,200,578,541,194,707,54,195,501,685,785,326,110,333,935,524,54,200,698,125,829,210,387,499,888,684,229,82,782,987,396,573,49,566,758,460,809,172,33,926,303,513,210,896,854,613,453,586,32,975,351,381,819,277,696,827,111,724,233,367,795,766,604,623,329,226,748,926,521,410,358,142,912,841,84,945,103,706,952,981,671,430,615,274,125,163,652,255,638,408,467,904,626,272,139,107,843,885,61,184,164,632,957,362,924,991,433,791,0,368,255,33,212,435,643,115,106,245,893,403,70,920,520,482,446,447,13,695,117,495,571,176,902,719,738,60,426,839,945,234,910,706,353,351,46,826,991,565,784,868,906,250,969,102,723,441,238,378,510,131,609,847,204,83,31,235,899,761,474,649,773,502,2,65,87,860,414,133,737,349,508,380,470,520,58,315,255,307,925,93,532,621,716,210,785,699,505,477,999,73,951,380,290,261,274,864,283,181,933,406,741,469,746,45,41,328,554,745,473,268,138,300,176,439,472,532,513,426,829,142,653,265,967,386,863,9,972,194,9,389,255,64,403,698,35,815,648,448,822,390,702,182,855,518,396,58,43,789,533,129,242,497,417,854,344,119,821,222,927,963,27,872,794,362,633,770,948,231,403,682,37,434,560,461,178,426,774,837,456,364,607,657,956,533,47
272,880,148,345,842,294,843,657,108,296,712,618,55,418,337,345,781,266,660,363,991,555,295,757,413,953,509,976,925,407,338,196,241,617,233,829,981,886,759,639,843,313,272,457,989,169,853,89,764,472,469,46,616,259,133,948,391,482,436,460,221,438,233,557,809,190,190,289,288,283,513,976,450,45,801,276,382,21,422,510,577,107,29,884,835,856,780,458,522,811,162,803,136,613,275,964,61,688,452,228,466,447,323,156,843,275,973,211,282,562,363,21,394,639,496,384,817,177,537,191,633,445,257,333,643,984,901,859,34,391,439,589,789,875,290,421,747,834,96,818,274,97,232,178,996,638,353,201,568,155,868,796,877,573,405,849,320,795,672,202,864,937,683,264,974,65,479,986,666,80,237,208,182,502,905,923,520,754,270,211,520,862,416,856,456,776,830,664,470,588,497,129,543,323,971,945,872,330,950,802,505,137,695,332,643,438,67,894,420,647,294,492,448,832,623,900,68,262,345,752,959,453,133,979,115,761,637,265,108,425,318,724,803,75,276,462,296,480,632,61,955,328,806,306,417,692,973,327,727,96,14,440,143,329,111,763,936,337,400,484,571,723,403,523,995,435,497,716,597,183,44,835,909,852,412,478,220,491,639,36,4,494,661,174,626,77,523,512,691,225,690,348,220,475,526,172,418,164,298,505,192,269,733,406,171,352,631,547,174,105,313,192,16,26,250,63,155,315,963,675,845,965,17,218,773,9,8,590,282,222,291,879,287,349,69,557,55,686,687,299,364,950,794,71,275,497,195,297,534,65,294,962,484,878,259,69,313,125,159,502,89,58,285,479,602,745,804,256,147,765,900,747,940,365,305,880,857,254,404,885,936,811,678,403,546,677,782,804,610,35,151,521,347,631,364,407,906,863,143,146
651,231,509,814,60,138,225,512,120,738,117,232,806,0,259,389,98,373,439,271,133,402,430,318,729,731,302,862,899,668,591,239,97,170,736,306,549,800,172,139,642,222,806,726,706,232,396,7,952,540,969,792,735,47,112,234,558,130,925,970,598,964,831,865,390,25,135,566,376,39,179,363,226,643,866,6,748,95,537,942,102,245,893,137,334,799,25,811,640,879,625,477,956,212,991,200,168,208,749,314,876,446,268,650,429,433,19,47,927,757,192,653,232,566,92,721,581,391,804,556,817,197,406,960,578,417,808,760,342,261,66,737,583,751,230,522,22,430,92,191,344,380,40,471,169,179,238,118,504,264,584,489,318,696,966,213,53,510,274,210,212,408,805,816,778,806,140,703,151,529,327,571,115,165,629,261,522,650,876,264,20,85,675,492,433,873,356,162,500,136,445,632,786,203,783,666,640,630,990,993,195,950,63,433,298,735,143,403,301,379,511,376,6,266,291,513,175,414,978,422,257,932,269,629,71,631,865,45,760,178,805,630,691,825,836,414,962,8,444,990,434,356,759,403,742,767,426,975,746,166,785,836,521,407,664,800,950,218,477,385,138,509,395,344,454,843,506,426,610,845,157,225,226,428,692,252,181,195,819,643,458,542,723,682,687,970,90,662,950,162,97,145,38,737,526,234,823,602,275,219,930,115,595,970,674,279,509,605,367,901,349,781,148,243,39,169,954,995,697,936,314,922,674,9,245,731,742,188,145,8,316,986,194,1000,158,441,278,834,49,222,555,101,644,362,127,882,613,245,73,784,896,747,475,31,288,615,660,95,729,575,698,545,913,426,447,797,423,316,258,462,349,829,120,535,296,470,784,734,575,323,730,521,219,660,562,455,234,63,845,407,360,354,239,102,477,159,880,185,401,402
389,5,455,925,435,944,683,362,864,541,565,781,898,358,637,703,510,566,874,66,605,643,505,939,735,552,727,650,210,163,332,875,135,116,429,720,450,860,309,590,877,630,780,664,631,276,488,831,343,865,970,285,252,91,40,362,259,677,964,238,12,992,281,164,396,926,4,467,812,141,368,750,524,403,770,669,186,496,968,946,742,23,842,654,430,299,719,722,476,229,909,481,379,515,275,248,686,426,663,363,638,941,467,819,574,425,262,604,940,299,652,929,95,619,958,62,79,163,360,565,26,966,321,298,475,232,822,605,60,354,881,65,98,82,842,45,117,487,964,388,389,711,998,590,363,217,324,38,803,420,981,672,575,101,536,138,523,142,419,565,820,107,986,352,322,502,960,6,591,534,617,968,784,927,160,162,396,483,298,325,116,15,290,672,214,98,279,259,436,582,161,827,259,194,164,505,947,958,870,783,788,5,697,395,692,219,484,534,420,835,932,938,337,474,638,967,823,312,348,25,649,35,708,772,29,345,186,780,474,960,986,173,2,727,928,999,233,759,604,478,230,940,347,804,252,34,846,802,235,435,899,568,99,914,36,251,753,795,633,230,101,28,184,429,86,938,154,997,161,109,245,422,248,482,608,900,415,234,374,591,339,707,476,196,836,316,862,178,28,675,427,56,328,642,574,331,259,243,474,546,889,802,401,644,190,798,203,655,444,804,94,71,978,429,177,960,734,805,925,752,464,426,181,616,484,521,131,14,872,344,544,31,627,632,661,422,591,53,710,949,824,452,263,152,978,978,266,78,109,335,513,475,394,61,52,786,323,525,403,316,931,601,988,408,873,252,747,274,157,814,336,694,961,468,420,346,329,996,829,251,256,568,567,35,776,611,516,381,664,778,627,265,720,821,315,226,787,650,52,60
235,205,885,480,843,905,88,891,58,433,12,737,110,260,525,954,77,790,644,624,328,276,900,909,589,13,996,866,645,334,250,240,784,40,393,408,539,487,656,544,786,217,142,922,720,265,262,969,486,359,186,770,307,129,257,236,390,725,246,50,191,632,140,139,689,525,299,134,261,163,889,666,650,179,469,405,434,519,865,105,453,881,632,624,235,307,743,329,102,399,473,485,96,325,953,50,275,181,906,430,983,576,790,364,392,174,456,399,223,38,328,621,72,486,224,806,581,826,30,195,492,762,332,168,283,453,858,583,603,385,225,240,78,355,632,286,976,445,414,419,605,636,582,176,629,622,514,977,130,601,382,942,888,826,348,110,782,618,820,358,467,606,181,966,75,284,569,467,640,963,708,198,958,263,781,665,705,305,760,106,496,360,831,60,466,657,888,213,633,740,524,396,892,890,938,786,870,924,612,289,221,826,109,47,758,86,931,827,463,712,355,966,748,929,409,645,159,702,752,572,267,893,710,858,942,729,518,697,244,410,62,370,974,804,187,24,904,883,462,586,970,827,538,413,368,334,34,766,91,195,967,197,232,400,542,963,340,540,784,334,537,6,701,78,648,681,168,344,904,17,73,617,929,408,44,291,408,174,900,593,228,158,306,181,92,367,356,85,140,540,807,236,651,865,129,617,80,848,920,61,933,252,760,50,974,838,898,466,434,221,84,481,691,164,844,692,305,342,647,378,810,441,362,159,464,804,621,992,394,314,681,236,840,554,798,617,487,3,928,962,684,195,741,702,976,59,89,451,569,571,250,427,328,264,648,504,587,32,220,219,345,162,10,61,611,611,908,20,657,951,113,548,776,730,676,974,765,631,87,549,437,985,657,662,454,645,926,839,894,129,766,860,340,874,533,901,448,660,664,701
121,125,462,571,216,286,395,119,377,59,996,822,12,713,680,152,244,248,855,54,760,819,982,770,296,786,610,370,729,549,668,368,215,336,91,939,53,166,161,26,446,433,215,178,199,490,179,4,561,302,972,569,298,490,52,516,38,961,753,249,504,999,722,63,146,779,424,180,364,391,725,889,812,486,300,417,560,864,515,845,738,648,756,177,565,401,34,907,172,986,700,377,580,740,529,634,757,830,917,24,140,104,223,254,850,632,84,809,898,346,399,624,501,845,418,874,117,991,18,200,951,358,812,340,836,441,909,821,602,710,216,695,317,542,379,303,409,984,918,394,454,573,151,322,48,471,835,798,209,412,824,558,166,949,434,410,992,982,774,385,703,934,332,884,764,59,128,407,758,151,250,927,763,392,896,64,907,678,893,84,453,524,241,723,568,628,962,821,762,718,56,403,989,766,775,662,69,265,994,720,341,978,594,698,774,339,580,701,588,500,341,386,441,401,994,701,181,131,603,34,313,461,835,934,655,802,592,907,595,711,191,383,423,763,29,798,575,148,451,686,97,154,501,531,59,678,699,550,625,659,282,595,45,951,560,779,143,630,471,178,597,168,215,207,529,899,109,236,619,30,342,428,552,353,486,772,94,450,291,567,851,683,418,552,876,958,770,539,656,39,982,296,592,991,16,857,720,531,363,873,334,466,187,391,257,552,772,255,187,911,820,172,815,344,503,833,774,480,855,569,537,617,718,611,782,31,714,970,515,364,654,368,9,464,966,840,177,823,999,387,203,59,89,682,992,168,359,775,496,23,88,763,707,532,260,563,860,770,761,212,412,990,18,580,600,763,200,377,439,759,354,137,784,569,25,720,427,345,88,975,313,992,628,379,568,30,184,396,115,41,864,911,686,745,516,81,46,441,735,384
152,962,966,387,376,276,918,829,958,66,887,584,450,322,634,891,640,988,65,305,89,485,493,796,340,793,805,547,995,73,7,442,70,407,319,495,944,990,888,639,894,634,956,447,127,152,260,390,286,908,858,561,457,416,30,219,1,923,92,985,444,682,795,600,871,980,338,790,779,383,510,894,24,849,716,10,93,607,73,204,76,872,564,479,902,965,569,672,758,481,483,561,838,716,473,255,771,33,960,861,78,660,181,586,496,852,468,93,399,147,476,843,298,222,533,691,347,395,605,877,284,290,72,219,395,78,483,603,55,509,621,619,599,228,845,626,363,554,563,287,214,497,953,849,640,227,651,396,782,792,394,899,278,58,916,840,557,181,782,594,906,496,672,394,820,407,560,60,137,758,608,340,573,424,316,747,574,387,704,791,470,205,794,332,934,398,383,897,921,152,651,329,34,448,823,731,506,255,424,471,426,993,840,376,749,151,193,503,876,142,565,827,3,261,40,803,71,790,355,591,657,820,981,380,221,358,754,765,82,43,565,705,991,327,791,188,730,757,189,981,703,496,523,249,561,263,97,404,974,916,653,112,915,298,814,20,649,477,763,924,444,682,525,981,278,78,635,18,370,398,554,74,853,816,97,80,35,952,610,889,721,170,717,415,124,920,490,535,260,871,649,319,904,655,698,327,298,236,589,211,540,194,64,209,721,642,121,128,597,522,115,443,523,497,303,856,506,241,323,328,523,732,603,368,998,12,991,399,269,745,488,538,272,667,344,839,41,169,409,67,527,710,76,33,322,411,170,459,378,786,351,336,886,108,65,526,206,519,592,89,726,466,416,140,950,845,51,766,485,345,193,212,830,378,125,745,474,529,712,373,881,911,492,807,816,198,27,847,69,872,640,526,966,162,381,366,144,581,681,922
388,673,14,77,193,215,130,106,522,557,618,654,322,152,398,843,560,670,96,377,962,883,71,133,657,838,629,429,458,44,578,403,594,622,330,975,656,854,60,486,780,928,300,41,854,953,664,319,299,687,727,250,572,551,953,109,710,989,506,108,463,210,610,103,668,397,925,904,385,968,939,810,162,734,236,552,223,954,847,379,184,688,458,389,97,122,829,936,184,998,300,164,647,190,91,318,315,811,454,47,89,340,715,979,530,571,119,581,455,188,102,166,870,810,971,246,425,185,744,213,537,841,508,913,947,980,626,554,841,420,980,174,397,856,346,326,474,947,938,664,70,961,245,402,34,416,531,402,513,935,577,689,346,218,553,700,303,348,873,771,297,657,895,300,743,248,163,323,796,780,524,276,281,645,400,35,385,85,801,486,419,724,134,143,794,443,528,336,495,191,851,827,472,681,63,293,358,991,690,205,254,480,244,373,62,643,609,964,484,581,35,81,932,496,934,778,353,879,973,326,650,604,13,432,427,854,788,568,823,107,921,407,708,914,907,944,205,186,448,633,451,127,718,577,347,600,688,24,847,293,665,659,882,810,894,843,910,716,342,639,143,745,369,255,729,111,584,401,153,209,725,292,890,117,644,441,723,266,429,502,52,646,782,735,725,535,586,968,349,342,237,904,491,333,422,59,76,817,559,738,425,790,194,155,650,819,746,930,489,256,798,714,620,666,693,675,946,761,784,364,920,522,774,939,90,96,938,72,452,482,625,330,657,458,223,25,204,840,76,826,668,332,593,955,672,45,118,867,78,933,441,587,232,654,200,491,480,805,192,168,591,41,963,968,718,878,122,504,793,539,144,351,964,206,827,834,328,982,259,391,880,234,862,447,70,141,296,877,46,895,265,682,510,768,720,278,800,258,497,286
320,694,381,485,858,514,32,681,573,993,366,572,204,904,176,863,964,904,91,379,430,787,204,69,868,690,272,92,520,863,150,719,372,319,451,92,170,722,475,717,205,782,152,929,276,890,195,398,492,257,640,968,948,539,571,590,402,794,119,173,115,147,130,839,97,471,312,949,857,548,74,117,825,434,641,817,827,669,613,55,943,656,260,953,467,755,967,475,290,704,134,103,977,0,963,761,241,228,125,458,430,785,505,143,97,607,568,124,989,437,557,511,973,520,478,324,452,279,476,976,154,434,533,412,584,603,746,608,128,327,384,942,202,252,665,413,687,959,526,846,861,381,29,384,650,550,52,286,837,734,964,177,440,212,670,422,347,38,930,352,748,555,7,464,42,56,22,699,887,737,814,947,166,20,694,505,193,49,333,952,109,76,347,987,423,890,389,125,199,890,401,813,198,707,861,585,794,527,717,24,558,312,321,7,959,403,313,690,686,769,135,690,773,531,413,575,282,998,102,898,124,956,99,936,435,30,200,16,972,851,706,664,583,309,651,517,67,518,921,255,770,888,143,240,225,939,750,252,971,746,20,748,265,310,128,701,845,281,466,743,49,933,714,928,227,236,416,952,564,377,173,292,180,472,844,342,855,898,623,200,223,925,118,186,789,496,924,170,147,79,99,925,727,490,721,715,760,803,474,137,200,545,707,448,505,59,675,235,66,878,952,880,809,270,903,547,416,200,778,219,767,846,126,566,526,419,826,297,784,159,27,594,405,800,111,922,703,89,733,656,266,227,229,257,716,564,114,957,68,881,552,857,831,398,938,751,558,505,606,882,314,388,292,706,884,463,525,951,627,255,326,669,478,941,62,520,233,607,722,504,89,951,998,45,33,23,680,652,893,340,278,250,427,43,52,447,980,514,235,740
366,732,739,539,645,27,387,241,610,571,992,211,100,804,709,566,668,529,905,655,299,830,471,64,143,692,229,130,481,572,645,671,620,809,295,301,401,29,502,563,570,990,247,447,966,273,266,716,264,733,162,128,295,799,112,93,31,474,442,9,939,266,939,97,269,663,567,203,220,229,722,354,675,186,384,803,110,439,726,128,654,863,845,334,989,672,892,907,263,838,290,912,293,157,121,503,904,105,647,974,76,420,422,455,12,296,385,554,690,530,889,743,523,340,911,970,634,64,865,516,334,895,427,177,143,429,209,418,199,766,25,421,12,365,821,338,741,613,773,924,350,221,52,383,997,69,677,39,116,303,750,934,876,379,428,939,667,163,224,852,475,184,586,57,716,367,534,426,899,939,506,606,360,603,570,625,399,163,304,924,625,766,188,70,279,934,332,917,219,18,235,597,742,644,208,651,744,660,234,957,588,598,75,597,313,900,330,645,673,208,916,479,325,701,246,187,800,147,985,452,199,978,674,813,903,836,697,926,945,417,187,414,98,982,988,351,410,953,443,467,737,673,663,183,224,272,564,526,626,960,83,493,115,843,462,657,714,375,397,49,308,468,129,67,814,47,86,184,249,143,779,997,151,157,125,340,621,866,619,243,61,926,13,573,964,410,165,13,374,755,576,499,969,683,733,816,420,23,74,645,411,915,251,889,93,298,563,622,821,831,447,302,937,399,214,414,887,124,987,916,531,641,546,622,699,905,943,815,477,791,385,441,918,325,539,321,829,264,513,139,707,781,77,332,809,194,720,354,916,35,371,28,251,312,29,387,315,133,195,749,922,410,976,897,261,924,256,479,787,185,954,764,838,352,519,684,45,683,670,184,925,756,502,429,931,175,250,215,420,326,813,644,732,816,947,106,389,670,93,101
264,508,357,340,973,36,906,1,267,550,827,734,384,975,297,800,670,123,49,812,11,435,750,111,251,88,85,77,796,900,190,416,61,923,449,282,193,996,162,342,639,792,328,833,637,571,749,256,505,468,52,725,542,77,301,368,358,202,154,527,2,963,530,92,658,984,271,961,988,993,739,815,332,685,273,155,284,742,873,720,707,251,467,67,772,987,891,421,797,72,539,80,161,565,171,960,369,997,322,719,155,345,957,391,921,497,109,172,752,358,163,990,392,157,225,915,796,49,120,179,134,727,73,980,634,827,610,126,741,351,39,67,596,597,255,740,203,149,311,746,553,665,18,927,26,31,179,909,484,354,24,266,678,153,237,263,542,474,941,549,678,166,187,611,191,802,669,374,91,2,628,276,491,1,615,522,967,395,332,389,639,822,132,626,148,22,299,440,88,351,562,187,214,666,210,415,643,856,873,778,991,1,209,541,891,878,131,296,341,70,20,741,771,276,937,965,830,670,576,674,166,160,19,663,908,947,489,392,974,149,779,718,811,644,687,438,325,587,584,100,203,228,907,346,104,504,840,205,913,104,499,422,798,896,288,458,696,723,922,439,811,507,16,295,746,963,830,557,579,931,562,224,258,155,251,718,758,380,920,675,2,549,573,28,27,678,827,389,940,385,434,536,593,949,786,552,951,954,178,757,594,969,248,647,778,63,765,145,448,166,203,334,787,551,4,686,397,857,357,246,510,334,718,759,622,299,297,929,323,954,547,704,133,330,832,499,300,794,755,947,97,558,974,549,988,604,807,919,835,13,199,126,544,192,844,398,261,720,286,569,74,799,582,820,854,749,62,581,632,290,163,968,809,241,168,258,755,335,168,288,39,949,851,715,742,934,144,577,818,488,346,288,238,198,2,292,560,650,319,535
14,77,148,74,939,631,105,807,971,977,686,419,991,54,388,55,1,898,617,349,432,588,896,879,244,418,204,782,801,266,322,640,182,386,593,424,318,9,779,133,312,263,705,987,495,499,295,732,123,185,315,225,249,343,581,372,709,521,241,552,971,846,823,624,300,554,840,23,777,190,104,799,508,253,515,110,413,182,877,944,339,185,511,60,993,902,821,621,701,347,4,59,841,640,717,79,861,267,33,197,816,936,652,283,435,189,754,0,81,187,117,308,690,392,68,224,132,994,595,240,5,158,581,105,238,78,487,690,49,440,763,985,295,561,568,211,930,728,304,403,697,234,916,101,12,985,643,957,771,55,509,86,410,182,968,694,216,319,16,361,236,342,970,226,777,99,263,606,463,336,784,22,133,573,393,417,887,169,340,742,715,441,948,377,606,865,276,809,646,723,820,617,928,735,177,279,963,692,224,698,814,3,567,956,243,376,704,535,19,942,130,626,802,500,570,330,223,521,992,965,858,183,402,199,377,504,510,316,775,438,462,217,912,762,854,997,738,120,978,599,230,936,942,982,723,384,549,666,433,267,361,710,357,525,171,250,633,706,760,73,665,755,753,505,763,311,286,423,474,311,610,876,690,456,288,277,223,237,220,200,66,787,728,330,296,751,81,407,796,850,900,718,207,540,952,959,4,49,588,652,995,688,225,964,837,729,180,8,860,915,78,200,911,218,356,0,657,961,196,253,761,884,97,866,352,7,106,262,266,606,287,178,628,496,602,321,64,787,405,157,304,441,754,663,262,709,737,640,398,577,937,583,4,75,63,665,738,791,112,452,142,296,85,87,428,106,49,723,868,660,967,999,339,740,665,467,451,56,521,755,937,978,770,102,708,740,830,942,611,907,775,219,265,977,476,337,462,232,543,30
437,705,986,120,71,962,287,142,378,903,693,309,764,854,586,632,421,404,15,985,298,920,909,822,240,882,215,376,826,391,410,865,379,965,320,409,117,119,465,768,445,118,159,82,12,80,847,501,246,49,106,120,109,485,117,623,739,748,832,414,965,215,470,921,5,263,24,72,238,217,231,721,247,922,573,365,741,832,992,844,124,573,472,653,501,40,289,745,690,643,498,626,278,478,860,552,41,928,12,436,448,827,812,185,471,93,597,330,241,690,584,175,596,707,824,526,784,260,374,486,794,432,490,502,367,846,635,827,154,448,204,454,844,268,457,515,104,336,54,103,707,930,678,76,774,83,278,852,238,147,347,358,279,9,901,569,33,220,705,785,327,605,85,851,40,174,663,917,572,31,978,243,332,418,449,280,667,517,327,715,275,777,946,524,794,482,190,428,694,608,982,688,966,887,795,416,524,572,453,19,165,896,666,594,128,502,920,394,915,721,249,628,255,971,230,314,326,357,595,456,822,359,791,796,43,529,78,883,990,227,539,886,756,419,324,305,520,850,562,272,758,28,817,727,989,269,104,716,666,625,897,805,684,53,860,269,621,871,121,868,25,438,79,933,818,958,222,399,295,654,184,369,444,754,978,396,398,114,841,355,925,460,254,162,875,659,731,443,277,715,576,599,209,6,769,443,435,328,207,566,37,743,13,650,22,735,47,285,178,665,842,736,930,696,32,876,883,515,643,289,589,479,388,247,896,600,623,154,542,492,78,985,605,796,708,970,315,548,817,99,495,207,715,14,627,208,666,30,4,914,486,380,970,578,621,5,344,48,790,389,745,60,670,553,874,856,668,515,467,143,650,326,613,282,766,260,130,363,731,594,603,282,208,518,550,707,829,629,384,292,110,561,781,404,884,727,326,292,611,112
627,715,780,817,192,236,627,836,89,190,65,903,390,835,112,999,526,405,884,97,759,312,656,928,665,992,966,405,944,354,987,342,438,261,514,152,292,389,57,424,123,4,60,307,1000,447,344,191,705,338,638,762,475,130,335,964,381,731,235,529,687,307,133,874,570,509,440,722,402,574,37,833,646,872,654,962,35,402,398,332,102,270,990,240,369,583,342,432,785,249,153,712,717,639,466,545,22,622,796,852,874,417,755,14,354,446,293,759,747,462,872,848,89,622,617,646,296,868,515,695,187,108,250,142,40,575,97,857,261,493,341,298,221,943,244,990,866,485,233,726,850,358,551,516,849,571,888,819,174,611,809,60,868,413,403,789,505,784,354,594,618,297,739,460,962,570,566,246,140,363,739,804,914,58,493,250,151,111,208,777,786,902,489,671,671,111,104,362,952,642,810,795,206,514,876,399,271,232,650,877,438,584,561,82,642,266,62,864,566,582,160,873,955,905,832,573,931,316,595,694,640,215,381,798,358,994,87,778,482,878,599,319,232,75,226,943,52,491,405,636,286,779,850,202,637,3,672,996,876,294,899,798,776,359,57,399,269,753,711,889,189,665,831,342,511,537,959,529,918,139,825,167,832,454,983,284,933,384,570,4,793,395,820,286,452,414,835,366,141,203,341,294,306,402,639,929,635,483,866,213,650,91,556,769,171,698,710,155,593,55,106,401,430,969,35,232,258,142,334,566,907,617,841,95,632,528,464,993,125,334,641,468,825,316,221,372,427,430,326,980,589,401,743,66,159,398,736,116,912,299,805,787,948,891,985,202,729,509,667,286,49,924,262,165,913,789,181,900,605,334,914,589,70,993,145,952,268,266,773,457,426,313,751,186,823,80,374,472,650,717,922,221,422,993,781,941,9,96,211,240
811,384,123,803,439,889,257,20,383,515,681,457,541,599,477,49,24,649,19,2,378,825,140,98,777,619,823,583,871,15,989,658,997,918,853,670,458,867,696,658,458,574,129,672,892,56,122,976,50,82,570,683,223,485,214,256,874,11,353,701,526,382,867,133,793,437,500,680,633,975,691,390,949,573,465,750,301,519,453,639,982,199,737,353,516,320,873,694,926,737,328,516,5,595,222,120,870,983,816,385,371,712,56,166,878,501,561,372,776,646,246,859,930,804,204,386,763,84,137,409,823,11,834,164,801,954,575,420,47,457,903,551,513,648,561,286,977,927,961,441,605,149,539,776,443,75,172,602,897,125,787,987,432,117,642,193,518,365,349,252,990,490,768,744,214,703,518,239,228,826,275,281,319,154,582,217,238,253,126,997,252,299,967,892,889,780,92,856,1,320,280,304,120,136,631,181,28,394,253,773,274,329,41,687,453,255,855,631,920,251,178,658,125,61,854,229,784,775,842,579,597,983,386,809,295,26,454,544,315,389,651,247,150,690,88,78,256,641,216,818,124,207,771,676,248,694,815,377,779,444,439,218,127,545,115,682,681,588,657,968,539,911,234,676,38,445,985,708,35,475,187,592,598,694,996,977,403,510,21,498,424,160,306,944,323,331,486,776,729,403,178,591,633,722,5,138,47,166,204,333,289,289,696,981,839,461,244,60,313,427,327,22,679,622,233,21,484,19,436,369,11,139,992,30,857,703,934,799,769,195,613,849,86,899,676,432,810,891,844,726,120,217,349,502,869,991,598,508,396,686,236,489,73,229,50,817,970,337,32,844,718,899,993,257,805,364,820,792,840,399,47,888,535,491,821,427,174,297,32,350,360,432,875,639,42,218,247,463,665,330,913,306,419,975,650,864,430,158,507,931
414,68,598,348,71,452,256,46,404,329,255,41,20,770,606,68,303,418,756,608,850,389,822,567,676,44,230,739,245,377,869,431,143,284,697,441,511,900,349,936,968,479,543,551,189,784,231,473,609,832,446,505,919,861,788,22,361,507,128,956,743,885,838,98,46,124,895,151,92,218,988,885,686,379,208,546,392,705,486,284,83,847,570,971,549,483,214,442,937,827,310,433,136,51,944,1000,904,435,991,30,506,259,683,359,755,149,502,335,826,768,812,562,817,227,987,62,392,808,236,616,648,332,587,918,658,417,384,621,27,155,903,255,278,447,232,525,14,341,374,593,452,236,34,660,42,495,957,114,89,576,882,618,956,904,745,933,899,590,680,390,680,942,782,543,194,176,728,641,80,232,825,160,145,299,233,840,225,127,209,793,380,547,850,997,870,306,582,51,580,644,728,886,421,519,884,497,187,40,626,662,557,969,257,626,493,454,890,859,77,92,135,71,213,279,866,941,664,688,335,330,206,555,145,873,423,978,150,154,910,285,277,577,192,468,668,274,354,418,238,918,404,634,751,637,965,149,564,714,707,776,735,580,836,390,151,201,42,302,108,839,389,293,743,3,660,870,909,741,642,380,115,552,301,225,262,138,81,346,380,824,479,578,356,669,848,984,260,963,326,318,439,650,306,161,228,556,957,154,928,796,220,658,531,705,384,287,370,288,806,642,52,603,379,829,865,508,816,290,819,240,212,102,835,675,268,509,263,549,213,350,965,178,15,631,503,957,42,132,324,473,834,969,364,949,56,890,652,776,112,929,174,255,109,707,19,406,192,747,992,373,0,95,614,780,807,228,551,790,267,839,603,649,928,376,418,139,25,727,162,547,546,974,261,115,931,734,404,487,151,574,691,562,31,980,626,550,699,987,519,223
373,619,41,212,855,955,307,336,274,37,473,314,661,397,243,22,838,605,806,604,322,467,877,330,309,443,603,539,847,544,737,604,477,781,165,335,9,447,49,304,143,804,637,674,402,797,766,486,778,81,126,115,802,886,128,469,56,491,154,330,223,588,831,338,845,613,502,481,96,136,439,369,448,958,139,223,294,637,445,841,939,192,813,595,976,349,887,317,791,66,199,736,270,988,898,82,179,134,883,189,540,137,91,171,947,900,453,241,9,893,364,484,702,728,399,45,672,264,946,146,993,62,87,515,113,220,734,663,841,31,491,948,478,825,87,355,466,274,671,826,135,15,669,72,29,148,104,642,926,603,581,692,322,589,725,659,382,368,253,331,294,874,119,541,101,462,357,721,100,759,186,620,229,870,325,146,737,626,976,830,629,144,595,169,995,637,660,741,894,172,487,466,370,921,82,8,406,221,632,198,196,551,138,952,482,972,434,332,299,497,719,451,413,242,787,620,1,987,673,225,760,164,595,827,506,708,47,533,581,583,181,964,389,775,778,563,884,408,309,190,918,531,177,813,576,719,98,500,78,28,506,514,654,20,513,459,84,647,915,836,36,683,133,582,449,487,874,656,88,510,910,725,31,248,607,873,812,300,833,65,315,59,111,697,418,965,193,125,468,902,375,300,317,454,695,760,557,872,918,795,302,797,782,295,5,429,755,340,891,592,250,553,196,732,923,644,12,111,994,151,867,101,532,632,792,913,79,234,611,410,41,284,908,40,689,668,509,35,502,671,900,128,862,501,965,821,467,73,572,992,83,678,145,651,878,444,884,861,306,779,250,222,665,145,818,419,559,921,717,537,342,45,868,593,412,833,834,31,679,508,581,264,26,758,946,286,683,909,506,317,4,49,692,308,618,474,597,368,144,572
172,835,598,778,131,860,132,362,651,64,160,418,662,770,798,723,168,292,138,330,980,933,852,339,174,873,916,889,314,74,56,252,848,146,897,937,706,930,180,100,191,918,331,310,898,944,156,478,367,935,772,419,917,835,114,439,374,519,542,808,894,322,880,348,714,36,663,987,32,15,438,94,799,102,312,26,418,442,903,639,163,403,699,459,355,520,367,834,469,147,674,611,637,454,143,140,795,528,778,886,36,904,5,644,571,374,967,160,440,821,917,734,274,208,460,169,480,477,681,266,857,420,423,781,478,475,431,253,241,661,908,763,975,196,725,226,493,868,366,205,74,879,885,886,50,83,122,20,981,428,431,959,617,808,925,743,716,303,839,105,66,277,804,383,151,513,748,99,139,310,954,625,428,188,872,96,199,286,472,144,277,184,114,802,962,956,29,662,174,340,731,922,108,426,381,120,803,96,136,671,931,437,949,647,551,532,703,267,65,41,442,309,60,777,198,741,687,561,239,516,192,797,77,518,289,628,73,777,841,893,517,461,373,118,519,191,161,554,914,930,44,402,291,222,244,908,378,315,180,858,978,266,210,524,154,984,228,560,693,528,319,542,884,619,482,462,769,137,315,348,477,955,578,157,872,604,73,955,757,974,757,60,397,107,526,845,759,559,145,115,309,835,515,824,128,663,447,687,7,614,782,273,891,768,47,27,634,735,10,811,246,234,237,215,538,201,207,892,301,488,276,673,219,870,820,722,62,591,679,9,990,342,368,806,838,519,423,650,529,261,611,75,51,625,194,168,861,492,120,541,437,701,363,472,882,173,46,518,11,141,980,385,63,821,634,245,751,560,285,778,480,153,43,651,518,584,907,131,502,680,78,686,108,20,920,419,851,490,915,933,964,574,64,601,656,275,949,152,427,949
88,758,621,27,186,863,794,124,143,390,693,601,241,673,238,533,564,892,302,570,439,121,809,711,886,669,194,723,523,31,565,163,669,623,978,244,779,417,535,590,713,424,275,130,232,330,490,541,591,130,699,304,230,401,23,151,932,977,39,387,613,321,85,396,141,486,587,441,220,355,328,32,693,280,619,49,568,331,737,694,532,316,41,677,189,39,342,138,909,922,49,495,239,808,734,517,88,810,204,552,554,596,338,12,591,142,715,332,929,363,423,679,963,611,80,481,226,875,201,894,391,589,167,161,860,10,649,132,44,190,331,862,856,283,644,838,630,809,225,328,142,728,511,477,172,52,302,765,397,627,741,527,542,354,55,600,173,39,537,403,147,992,950,549,120,47,209,672,76,469,136,656,748,201,524,362,749,193,38,258,196,120,136,476,711,645,742,662,682,144,78,389,982,213,207,85,418,700,396,748,889,612,969,691,117,629,473,118,661,205,113,171,755,694,964,235,755,971,459,269,923,55,29,199,196,102,386,9,829,9,895,722,552,538,269,289,840,634,372,110,572,599,706,707,400,399,916,239,648,491,928,615,10,440,146,178,650,495,689,714,900,614,704,999,555,938,405,692,1,40,214,243,571,877,760,233,218,941,316,328,609,219,365,951,290,341,509,186,107,225,321,299,534,874,431,552,53,811,310,552,749,99,783,441,533,881,832,624,754,830,524,18,595,391,811,639,84,953,634,303,439,216,198,899,499,86,415,229,940,881,716,794,123,387,679,329,218,990,665,885,388,792,623,684,447,198,488,340,478,151,719,855,510,983,852,745,936,381,631,954,226,4,816,569,931,311,785,422,700,180,383,305,867,227,960,140,141,991,100,55,58,749,20,887,116,19,286,291,828,902,179,854,199,47,572,284,402,232,170,452
932,448,961,956,734,458,392,406,745,107,962,59,671,557,582,316,477,435,486,865,178,627,642,158,673,608,687,787,884,960,542,758,708,128,975,825,764,771,989,310,817,913,235,504,123,915,527,709,140,443,709,298,74,692,482,586,826,937,77,51,562,588,138,360,92,391,305,545,108,419,510,158,452,323,939,373,443,41,420,904,8,320,741,307,625,483,378,632,433,913,112,6,790,408,809,687,149,398,783,21,686,820,897,447,564,332,35,848,911,619,860,485,230,338,190,15,471,83,468,938,116,232,947,82,830,709,711,703,232,234,14,488,711,601,142,539,999,889,508,813,820,296,112,484,140,142,11,170,588,333,255,373,962,397,170,322,781,637,822,839,150,409,934,872,65,855,729,624,86,953,860,843,40,665,213,724,220,351,769,323,531,418,341,119,633,294,932,236,262,362,302,417,206,764,36,73,32,403,609,564,113,955,107,926,981,664,367,747,427,845,882,676,584,4,901,598,93,292,178,158,120,814,787,938,142,800,661,926,826,128,575,696,686,703,686,163,294,160,671,884,862,31,377,613,509,629,518,766,924,486,686,155,996,544,473,402,359,409,566,346,301,930,6,526,660,122,283,342,682,806,362,208,309,180,921,396,794,987,293,892,315,306,316,386,152,120,723,684,113,617,471,978,879,245,52,937,319,278,479,338,984,890,747,119,121,800,120,743,366,565,763,699,219,685,261,300,884,321,259,303,120,103,9,998,336,432,225,513,429,164,596,531,451,812,692,974,816,557,40,365,86,360,460,27,846,211,24,959,855,57,589,51,856,741,589,841,486,173,781,91,580,417,641,759,159,347,282,766,10,253,922,633,316,831,880,559,146,382,659,123,264,229,30,371,406,835,897,810,59,202,898,151,866,206,222,836,916,317,74,742
511,950,763,436,864,941,278,2,670,371,41,593,390,566,185,798,41,923,90,285,50,389,194,564,152,789,668,689,602,445,173,905,128,986,874,83,969,355,311,368,50,932,91,664,796,955,357,929,579,919,119,284,401,7,561,794,180,224,272,838,455,721,876,548,722,901,896,317,892,65,243,991,957,903,677,716,328,362,652,723,854,742,111,96,635,528,509,126,511,842,305,74,691,97,82,742,724,891,889,650,909,445,190,962,988,336,65,150,158,751,674,572,429,61,192,995,806,245,868,497,794,577,37,196,937,480,356,558,615,76,954,424,770,259,729,430,129,970,36,532,86,784,172,619,964,867,512,183,546,105,184,710,49,40,85,640,275,760,344,730,461,976,364,175,970,181,181,350,317,266,476,329,449,679,984,475,275,639,361,327,387,291,273,838,939,416,49,139,139,313,450,212,581,970,275,549,27,789,109,350,468,454,953,668,303,633,707,550,308,261,340,410,212,732,722,812,347,932,700,99,965,377,289,207,423,64,798,371,72,334,315,618,863,507,257,208,447,424,594,10,344,861,548,420,604,491,122,610,413,875,718,512,974,738,819,169,292,756,619,715,552,151,619,603,406,812,502,341,541,560,939,172,121,788,240,838,765,549,509,526,650,452,778,664,538,715,250,744,550,352,942,841,931,495,25,50,841,464,315,290,645,602,508,975,256,684,8,368,714,189,667,253,521,771,369,825,92,553,380,665,455,448,592,223,342,542,10,444,442,627,977,114,359,721,48,573,938,397,721,800,752,16,396,147,513,817,617,245,638,464,233,882,487,378,150,116,650,39,68,546,204,231,811,734,814,904,399,125,208,722,529,533,886,770,673,220,961,399,39,970,983,468,835,963,875,564,893,476,912,749,103,328,410,127,925,203,885,89,738,192
31,760,896,397,783,975,277,489,744,133,455,881,604,819,771,91,362,319,506,413,622,487,613,978,307,384,563,770,258,101,383,799,607,412,105,58,92,745,136,53,103,91,804,399,920,298,612,64,544,569,87,464,63,303,796,610,279,659,761,434,831,306,963,899,155,241,612,73,524,991,995,105,614,471,690,562,982,185,306,482,120,404,986,824,998,856,3,391,18,255,289,881,194,146,793,758,976,239,376,729,450,938,986,21,871,91,443,110,957,590,399,910,553,407,226,16,892,98,940,750,173,719,332,891,852,636,516,179,458,126,944,150,471,684,185,448,121,574,747,118,744,364,401,456,37,693,443,322,123,158,912,74,862,822,877,403,339,489,693,295,143,783,353,795,172,443,668,59,779,366,569,903,428,982,944,314,510,87,398,612,238,88,149,553,576,421,127,751,902,72,679,343,144,230,68,82,118,614,841,971,670,103,712,432,712,226,422,231,493,916,718,307,476,597,843,621,343,908,22,516,90,80,582,703,289,983,133,82,226,464,103,671,545,220,15,973,412,581,308,571,917,248,418,586,331,283,731,169,523,43,137,453,642,200,528,982,615,787,166,282,847,96,72,910,293,26,35,202,808,1000,274,674,39,712,599,624,184,215,982,641,93,144,752,975,376,121,705,283,704,123,560,806,391,585,62,246,28,968,409,830,457,173,681,669,462,947,465,117,709,660,155,888,379,849,860,655,726,198,273,74,764,743,65,543,6,243,324,523,439,388,517,655,100,706,507,890,320,481,550,409,716,368,432,50,239,392,87,207,269,405,6,639,765,744,452,973,120,787,439,196,346,663,49,309,746,238,496,927,166,328,936,729,562,702,403,371,653,124,472,677,106,100,461,378,852,121,328,875,212,28,949,380,0,899,822,75,107,724,552,245
258,79,288,216,610,777,844,147,165,819,248,223,108,275,743,949,757,201,318,648,676,724,510,779,520,286,20,882,126,718,663,311,116,371,876,71,508,402,800,185,704,281,783,706,82,538,940,442,499,777,354,478,598,571,821,459,790,631,689,861,485,214,798,241,440,862,404,721,157,193,862,735,107,390,661,284,433,7,934,772,523,562,246,934,61,647,667,752,700,708,440,825,403,980,574,556,704,948,355,401,537,243,628,562,826,301,537,594,611,88,439,621,543,369,595,887,34,105,462,552,563,451,15,949,369,458,906,468,446,701,749,277,328,357,203,988,731,132,10,958,596,602,178,956,118,538,405,301,172,847,374,972,617,477,376,65,403,792,480,576,191,509,135,992,924,470,544,473,285,275,592,737,560,708,674,23,592,212,633,951,648,297,509,74,410,336,470,181,604,877,24,640,830,905,407,318,414,835,615,304,674,750,403,928,932,917,489,470,320,585,335,7,95,742,605,414,696,349,714,478,111,670,546,962,510,145,810,777,757,350,807,212,297,406,737,280,990,70,725,732,439,466,764,70,896,798,662,148,994,850,841,190,945,677,0,769,317,502,624,768,102,667,817,420,183,97,881,479,678,732,978,732,320,592,264,857,552,647,986,931,652,832,782,642,586,55,331,634,503,528,234,103,205,49,475,909,858,545,548,186,24,104,727,1,186,968,292,936,496,972,208,295,864,270,631,179,477,432,877,450,626,739,787,404,551,177,78,920,58,969,657,489,458,159,144,103,411,864,383,572,654,463,539,981,542,396,228,679,765,614,76,145,25,426,505,382,24,852,723,385,662,161,186,17,306,724,485,440,397,500,252,347,334,662,678,360,772,333,176,5,956,387,627,250,650,315,724,809,909,418,908,576,486,452,257,468,467,366,432,897
902,409,270,946,880,446,234,699,406,489,256,815,213,305,819,262,64,905,249,482,31,903,422,758,689,380,464,817,237,346,99,244,895,51,57,725,552,431,509,542,147,867,701,419,466,334,653,720,621,272,273,659,553,842,689,309,467,679,774,397,474,130,774,364,79,110,565,895,731,979,297,817,842,4,479,503,610,915,100,854,612,846,83,997,607,589,173,883,902,261,355,671,33,372,851,762,295,554,956,738,54,405,757,420,872,385,6,439,639,503,290,545,648,426,820,292,300,796,363,692,173,251,438,10,816,567,810,113,217,798,681,67,709,701,750,251,281,612,188,58,548,146,205,609,205,746,580,614,963,707,230,319,14,443,592,105,918,282,202,911,524,877,167,246,184,632,878,964,51,609,111,782,642,219,261,477,506,971,207,321,194,158,401,141,396,999,593,425,52,22,74,855,807,576,424,742,175,176,729,167,444,922,574,100,941,765,422,888,753,396,370,313,508,579,324,821,280,933,35,249,485,134,799,613,373,74,484,23,195,175,473,603,16,670,624,170,25,245,420,320,843,425,373,639,699,863,962,445,211,526,883,829,114,983,19,732,107,970,491,97,942,917,179,486,717,961,71,143,753,587,314,850,634,928,545,194,551,719,314,760,137,946,965,195,554,826,992,168,138,830,224,791,596,544,900,385,597,933,590,433,887,892,850,717,325,139,263,448,901,155,834,676,161,161,416,291,338,353,253,462,112,245,38,142,689,591,678,651,883,940,175,222,282,14,923,932,985,529,209,115,487,559,163,657,143,46,829,897,446,615,760,322,388,827,284,805,552,45,655,221,675,734,470,88,795,401,341,726,357,326,882,32,482,680,997,506,404,238,255,736,360,321,891,664,699,333,759,875,771,596,770,503,439,946,916,205,975,694,426,384
97,52,215,787,547,919,791,751,649,488,203,507,494,124,203,221,24,743,203,54,565,302,108,847,916,740,403,646,556,474,786,130,978,374,605,793,56,43,595,442,435,169,734,572,738,505,327,878,540,211,457,332,719,564,486,996,844,803,230,725,866,653,277,371,754,568,142,625,398,920,354,108,474,847,551,660,349,825,222,439,55,977,213,406,235,610,718,276,584,636,320,417,635,488,125,534,555,467,348,537,699,489,927,275,193,310,703,687,159,757,775,213,753,72,613,808,151,122,421,815,225,727,277,719,867,615,940,425,534,330,467,460,41,329,496,766,660,480,369,678,588,971,837,522,724,485,728,998,637,93,187,876,282,229,36,992,483,968,987,745,278,738,26,837,861,798,515,440,146,58,721,953,499,404,831,886,405,59,753,415,258,408,601,375,72,706,346,571,144,933,765,267,910,234,880,914,351,504,873,903,258,449,404,647,18,152,311,62,517,714,888,313,223,633,142,357,227,249,56,297,459,688,831,426,153,419,941,660,550,712,966,836,217,170,209,595,548,611,980,918,337,86,630,508,887,163,275,166,469,557,33,32,499,702,44,750,330,722,102,773,585,713,276,636,904,328,11,890,541,216,711,861,929,48,804,920,823,79,951,707,593,692,996,447,598,742,118,13,505,652,138,682,122,229,271,404,697,628,201,623,90,945,596,215,514,774,558,906,189,279,950,874,468,987,307,755,121,619,657,174,673,589,111,48,391,620,427,773,710,73,504,769,625,893,681,178,89,628,82,195,39,58,329,777,904,435,962,391,868,79,655,905,646,265,393,896,898,761,76,452,81,630,867,172,642,824,588,344,689,829,67,216,378,410,500,645,432,343,252,958,557,735,558,259,141,267,211,768,288,45,509,846,213,252,339,774,477,557,256,281
390,300,758,188,244,331,575,474,770,336,169,742,80,90,823,771,901,904,577,577,869,176,745,334,937,637,636,334,401,163,944,753,211,868,661,549,596,47,43,828,543,209,535,145,471,346,807,165,45,175,430,997,996,129,811,804,990,866,664,954,204,259,241,871,686,287,573,722,948,416,884,645,94,663,907,298,569,228,946,130,161,168,381,140,722,586,835,61,22,130,601,970,688,975,319,45,502,512,148,810,919,649,864,269,173,404,647,562,801,407,291,321,600,18,422,772,824,14,149,330,581,582,765,397,188,844,81,375,748,59,996,886,652,979,565,172,791,851,552,126,45,393,335,435,867,481,192,292,367,412,316,626,730,660,990,688,700,578,331,562,49,721,313,239,51,120,0,517,415,221,222,150,636,170,388,731,491,348,930,889,826,125,937,305,867,764,554,107,682,549,271,64,196,398,222,102,102,298,129,210,105,340,134,571,864,226,501,818,586,255,384,473,468,862,647,129,995,444,208,286,453,832,434,176,953,119,61,523,76,85,399,568,222,571,885,721,822,385,797,477,588,541,479,553,877,26,132,483,62,139,567,209,727,420,257,433,18,733,805,285,411,328,419,2,804,617,169,768,315,214,902,281,418,470,838,636,30,981,830,583,775,876,411,773,614,881,540,366,788,504,560,368,746,422,460,287,664,173,386,762,676,115,458,797,444,324,422,394,386,992,90,364,143,594,682,60,583,484,955,705,765,684,794,944,983,851,673,350,339,955,14,662,413,865,629,849,651,758,950,636,424,722,608,406,296,280,271,200,2,355,450,485,326,43,614,887,377,718,652,888,147,770,352,460,944,825,960,553,977,447,832,369,304,62,544,881,663,871,627,475,732,830,101,550,813,131,437,429,986,63,613,180,577,919,451,208,174,929,859,196
542,477,804,873,891,391,361,899,321,322,118,144,647,310,174,62,868,774,108,623,220,146,580,909,124,787,396,141,789,359,963,810,279,908,967,6,832,562,203,637,553,882,110,175,475,975,129,662,865,445,653,230,202,254,585,760,137,477,841,791,557,90,489,444,146,296,385,622,42,859,923,770,882,330,15,628,59,38,660,160,294,580,773,171,414,600,873,684,770,328,614,324,777,469,632,156,468,71,134,355,107,768,797,859,745,94,710,834,471,681,818,256,638,267,148,312,196,590,16,713,571,1,437,242,941,341,769,737,344,703,640,685,609,686,497,602,673,379,805,249,362,968,42,227,414,199,564,332,321,315,574,377,139,342,896,571,553,40,543,841,127,723,2,405,873,404,426,668,139,497,507,911,358,901,27,749,407,803,338,99,367,755,298,161,49,729,544,94,321,597,566,314,219,470,642,620,512,306,775,237,964,563,5,19,2,966,895,509,934,320,871,444,235,511,680,152,477,143,141,769,31,960,715,370,567,226,767,959,927,317,942,595,358,256,287,727,524,72,830,852,861,183,688,866,235,363,978,201,805,702,492,580,667,91,572,659,633,469,134,110,423,392,548,135,15,854,989,435,913,22,600,448,109,23,501,873,752,30,208,508,479,758,563,288,329,199,142,648,353,82,203,687,934,872,897,838,980,202,32,967,432,428,617,634,957,76,696,312,170,960,580,112,598,162,937,477,258,394,495,961,960,618,724,69,236,358,44,8,146,589,237,47,464,218,548,520,294,843,943,87,170,835,585,799,454,818,531,844,305,41,272,615,718,955,892,510,722,606,66,312,191,117,617,36,997,11,358,468,277,734,237,85,8,23,722,201,973,251,612,182,328,854,806,848,155,676,802,449,454,779,661,962,11,685,679,773,615,350,758,616
726,143,186,360,608,497,643,976,316,538,79,193,895,906,314,879,347,317,386,223,432,247,257,851,937,388,687,197,299,747,338,546,837,502,185,583,924,60,480,572,197,432,52,212,65,817,776,136,399,917,909,842,408,290,39,3,831,557,745,850,452,95,913,34,812,6,440,148,258,133,275,943,772,621,23,590,204,717,697,749,682,653,878,901,75,304,253,523,201,864,240,400,208,501,794,646,113,908,101,364,520,296,51,457,415,641,573,202,688,670,442,700,807,550,875,189,767,383,67,686,941,871,581,199,267,840,837,349,784,506,958,195,508,961,532,791,545,174,998,833,486,257,725,537,538,662,502,425,154,453,340,625,991,197,44,13,992,19,25,334,513,105,870,820,458,824,899,809,244,184,534,332,519,354,382,249,915,971,581,774,564,60,968,298,462,167,334,388,640,315,68,599,929,65,166,189,242,472,968,900,866,518,78,289,277,927,129,471,324,343,955,366,109,526,326,225,846,151,109,90,769,734,863,385,842,762,889,248,255,50,536,477,907,49,457,485,613,19,363,151,749,989,41,775,354,715,892,335,184,471,965,328,777,655,772,526,230,508,9,414,152,166,478,471,176,510,971,119,939,160,55,483,106,870,844,49,156,219,448,553,569,199,861,974,749,506,340,882,794,466,581,459,72,308,971,608,923,51,926,122,26,139,194,977,231,243,331,504,140,762,588,311,552,342,124,306,174,808,830,391,907,569,545,872,757,151,737,693,510,570,734,444,245,977,251,616,217,533,179,822,214,772,373,394,203,829,75,835,329,16,968,96,679,103,432,399,362,319,771,321,568,5,217,860,945,979,201,898,291,660,627,749,142,93,798,291,648,685,12,0,151,234,382,434,596,77,360,856,884,791,460,670,447,125,507,721,126,337,269,765
50,744,117,449,666,50,54,959,501,285,466,184,998,705,729,118,476,457,579,896,910,451,289,607,620,97,975,393,619,68,139,754,960,915,463,766,252,944,164,464,937,469,987,3,670,176,158,511,658,739,1000,486,914,76,376,763,466,378,769,413,871,336,136,840,803,890,461,653,653,300,25,308,315,142,614,115,437,215,652,793,191,241,959,430,146,194,537,806,723,522,979,5,716,310,994,695,782,786,5,485,924,64,755,627,669,881,753,331,286,800,110,14,314,8,202,335,91,800,411,671,289,771,392,224,532,875,150,726,377,766,91,360,654,453,411,781,37,117,8,838,538,182,702,108,898,738,677,920,69,856,307,470,63,936,765,47,38,828,961,91,546,393,36,705,979,890,762,175,21,402,723,170,87,394,421,563,750,877,182,540,795,706,447,585,398,789,684,732,94,292,281,699,878,961,573,473,563,106,842,26,265,349,998,604,292,922,456,602,701,882,796,775,902,678,321,367,216,381,554,805,449,654,436,959,81,32,584,857,603,147,614,698,158,75,63,366,900,771,337,231,133,430,63,279,64,386,623,301,44,599,446,53,536,130,626,109,617,637,358,126,608,712,771,329,277,589,378,323,227,288,782,928,275,846,467,883,434,327,307,490,734,777,381,869,614,640,599,753,322,940,673,324,410,303,835,968,911,520,393,284,86,883,419,668,318,110,901,237,829,114,403,974,233,193,308,488,609,415,7,319,394,725,197,249,22,322,982,414,109,212,156,434,299,799,438,807,618,678,11,442,826,463,794,510,822,766,539,669,241,896,811,288,797,94,943,790,430,970,279,724,284,149,435,878,909,763,757,646,842,547,781,491,388,56,22,995,785,689,404,19,935,232,661,115,683,137,715,816,390,999,294,852,332,997,500,472,271,237,384,446
343,265,138,267,338,453,249,828,951,36,58,168,75,845,154,497,74,747,97,619,512,57,886,951,526,455,41,93,999,556,106,888,15,917,87,618,813,553,642,374,557,186,475,793,120,699,444,990,135,643,6,193,966,415,428,651,638,828,976,121,151,704,937,729,334,257,382,305,388,635,654,228,12,929,550,993,779,850,509,261,801,221,342,512,283,570,960,317,171,617,631,910,383,620,437,666,232,106,383,653,454,946,224,373,818,216,924,627,762,774,169,254,818,996,91,338,313,492,716,199,281,929,629,67,722,578,645,519,537,298,26,785,864,953,526,635,379,64,524,747,77,614,331,131,239,207,10,763,349,538,287,428,954,637,109,279,226,624,978,116,655,701,94,481,91,336,739,383,876,326,141,43,404,333,274,524,555,282,759,27,459,25,624,687,329,906,669,189,202,260,88,829,928,131,957,645,117,2,411,971,639,869,596,858,702,208,218,76,990,60,82,98,849,942,889,241,861,866,677,436,672,96,61,254,51,15,780,399,525,757,664,500,825,395,741,211,518,741,439,823,782,273,515,675,127,376,628,74,430,315,362,720,670,875,940,826,915,259,658,325,733,999,703,862,137,841,786,646,612,504,96,132,203,214,425,858,776,602,840,210,448,552,976,286,411,372,892,847,909,83,618,779,98,775,732,834,336,758,171,863,710,488,308,201,218,675,96,654,907,33,748,224,826,416,333,527,548,61,310,565,505,414,879,399,494,377,323,641,664,680,578,213,21,201,948,660,855,24,977,914,152,914,241,159,720,994,143,859,912,587,748,879,287,310,665,742,856,503,444,359,306,209,788,404,460,535,494,795,588,261,390,348,16,181,980,735,530,966,788,408,281,285,455,864,236,589,773,363,647,432,843,509,440,418,832,726,575,716,944,592
558,117,75,165,640,370,677,508,195,716,577,170,871,653,989,986,561,601,247,603,996,318,657,399,433,399,116,690,826,358,623,245,806,243,176,53,633,536,468,380,952,396,471,336,184,832,452,776,438,447,407,624,477,838,871,923,580,546,870,590,696,301,960,356,127,144,830,406,417,451,928,981,678,631,135,446,115,314,529,877,306,828,390,834,44,951,729,81,336,259,664,55,259,613,187,499,992,654,444,851,34,278,786,231,451,388,931,994,557,0,479,94,939,628,121,340,302,305,865,1000,968,642,225,380,362,273,129,811,29,142,613,336,918,467,581,824,882,823,539,385,406,466,994,796,617,195,322,218,913,88,600,759,802,235,594,308,776,444,188,488,52,591,434,451,635,484,864,433,377,647,364,953,237,244,529,99,134,55,166,275,336,321,274,747,12,854,943,880,635,752,711,865,683,228,109,62,609,910,365,268,422,468,644,752,157,931,774,345,179,416,153,359,112,807,538,980,790,490,756,471,341,486,426,116,926,33,0,130,324,494,54,379,511,133,966,818,856,164,313,309,314,444,936,971,521,919,70,522,868,802,511,596,870,269,477,787,273,86,318,722,178,561,662,772,10,454,312,564,307,202,269,353,735,454,558,479,163,302,600,326,700,126,170,718,480,107,546,786,419,871,18,533,657,725,708,983,182,375,787,298,712,67,141,445,369,579,411,31,762,691,188,319,602,457,751,424,754,953,65,952,151,715,417,713,19,909,745,281,846,477,846,663,645,63,144,910,814,518,473,400,579,742,587,369,413,646,375,419,967,952,666,807,844,272,264,765,592,663,948,498,940,133,715,149,315,594,229,671,992,512,610,307,723,904,374,234,694,565,298,874,602,718,853,686,992,80,408,768,9,713,838,443,521,138,808,984,913,202,838,735
5,146,814,371,603,152,202,147,508,178,669,898,275,687,46,738,570,801,152,386,382,651,124,300,286,348,550,967,644,750,697,223,654,726,144,443,505,696,755,935,539,81,348,517,487,63,785,621,33,836,388,849,480,82,898,297,222,937,255,731,366,796,592,672,806,67,313,921,980,699,957,65,436,126,389,246,657,210,826,568,999,840,745,68,716,713,29,409,612,557,881,206,571,561,574,435,185,307,819,136,42,424,586,724,153,723,964,324,623,984,621,74,528,889,12,730,901,838,568,461,870,556,257,255,37,718,144,694,651,413,486,808,666,731,37,892,125,694,983,694,650,556,907,468,149,479,700,779,769,963,470,964,628,197,188,902,392,99,997,358,821,891,289,600,440,495,229,539,184,320,14,386,181,890,325,197,902,214,669,611,131,851,439,47,73,248,445,314,920,916,792,547,741,479,739,687,788,706,519,165,345,764,926,826,751,263,240,805,663,225,365,597,12,549,411,321,644,749,241,474,527,604,620,599,412,706,717,640,110,288,213,71,772,565,199,719,792,754,381,43,963,1,324,520,808,386,50,965,719,34,981,358,496,580,996,847,92,331,853,923,902,495,663,456,237,739,808,501,499,207,235,397,542,319,281,568,113,200,160,280,683,635,877,313,951,922,928,374,200,499,677,756,661,651,228,849,735,383,79,109,495,617,5,197,67,374,230,807,818,458,989,225,307,282,584,849,681,958,78,355,400,594,797,430,213,510,198,366,822,273,713,458,344,821,427,868,67,227,923,330,268,153,49,164,651,775,557,746,150,619,62,620,211,400,221,251,726,900,193,377,554,97,433,586,928,843,888,431,3,633,739,179,492,676,321,746,593,533,575,520,29,949,781,753,822,841,73,181,365,951,836,21,813,455,862,567,922,283,366,547
563,881,683,988,409,876,281,537,414,546,55,916,415,149,546,256,801,586,790,619,665,114,140,7,241,884,103,946,820,457,423,106,275,228,269,883,171,274,606,930,75,459,579,326,834,962,104,611,133,486,61,896,968,745,431,825,886,447,993,484,653,95,838,813,954,878,466,440,934,996,909,949,880,766,533,955,341,433,613,796,897,10,658,571,885,670,360,995,75,436,675,866,747,84,399,130,708,136,204,38,786,421,647,119,749,62,328,785,882,866,866,659,599,32,791,412,574,936,205,434,921,331,968,42,543,75,970,605,522,355,174,833,7,38,874,468,776,270,96,882,565,222,580,111,216,22,317,918,805,592,288,448,948,935,116,707,599,800,277,672,960,348,993,441,754,341,267,168,430,915,469,940,672,527,984,634,74,363,335,655,583,433,948,135,744,148,910,71,409,806,667,809,199,433,777,508,584,454,130,2,951,298,53,775,36,421,625,796,31,640,338,871,34,247,626,682,222,524,476,773,949,28,498,141,998,356,276,579,558,601,624,195,860,875,824,116,405,269,334,853,229,168,630,191,772,822,352,548,45,113,655,51,58,322,867,268,318,914,999,810,674,480,634,304,112,969,100,701,649,561,226,773,870,602,949,467,258,100,514,935,473,486,751,785,609,167,350,526,383,242,306,584,43,685,939,501,966,552,541,555,8,775,253,392,785,671,621,675,118,547,631,145,784,426,830,577,301,153,867,935,309,471,809,535,798,136,236,637,445,524,566,937,642,640,361,494,758,189,353,198,248,423,435,773,768,791,284,30,48,995,554,72,935,813,858,925,980,253,799,987,366,423,685,536,61,935,308,627,771,628,96,364,576,110,663,939,962,216,232,25,164,591,415,777,983,740,849,333,277,368,1,166,672,112,229,154,644,904,81,874
212,586,906,248,957,666,229,407,412,250,742,191,513,949,680,435,486,925,487,491,617,190,425,343,303,68,769,585,407,84,76,453,360,724,242,225,662,263,206,97,508,66,991,953,218,942,812,519,908,290,461,349,940,477,980,165,445,306,1,34,353,13,224,564,272,238,345,845,203,590,973,146,169,390,545,375,851,79,40,765,247,708,638,999,285,837,134,221,343,489,477,488,704,437,491,236,185,478,352,807,331,644,835,354,863,434,219,642,599,767,219,372,708,358,591,140,223,922,906,435,131,397,409,19,760,484,706,327,718,159,599,661,319,588,205,161,680,267,266,717,230,285,682,179,797,920,130,746,952,825,368,952,611,263,116,285,30,829,81,571,222,35,258,802,480,291,951,360,225,457,835,989,248,822,96,71,968,384,673,365,932,642,441,53,727,807,434,399,263,183,343,957,785,363,878,146,493,36,472,260,349,616,189,453,440,456,640,629,250,840,710,18,736,48,621,361,117,763,667,635,123,88,662,251,760,232,638,168,316,62,68,312,543,845,367,50,646,368,460,289,842,907,364,581,96,8,826,925,986,962,508,612,688,848,847,701,934,168,290,348,706,47,848,455,994,535,31,117,730,923,874,545,86,80,490,843,863,425,536,783,691,176,97,714,592,517,138,29,593,597,700,297,120,711,534,139,264,10,422,666,837,547,148,443,716,242,596,45,978,76,237,894,616,693,487,630,101,63,332,185,170,806,173,669,376,477,494,742,382,922,953,471,347,916,469,657,636,327,996,227,464,102,664,296,389,749,860,228,669,827,487,573,125,565,330,155,223,340,775,789,218,581,892,909,975,15,427,413,92,998,733,155,86,702,255,838,6,980,507,677,893,723,58,485,40,855,146,445,250,488,920,838,233,532,523,424,154,622,318,843
134,629,967,465,793,208,761,399,25,790,881,745,991,358,120,958,374,234,392,353,234,704,674,239,393,923,849,833,264,517,828,200,238,747,751,843,777,116,471,428,853,843,546,599,809,766,389,774,772,403,460,139,508,912,47,371,629,454,470,989,533,877,670,260,413,375,524,904,422,450,862,90,166,559,657,846,318,54,968,771,693,280,272,168,605,976,133,26,51,865,812,316,760,472,528,132,697,830,922,339,21,268,849,126,574,127,586,254,36,59,80,53,757,431,817,163,808,864,576,150,187,905,832,229,76,920,760,640,404,182,476,77,240,931,718,972,114,600,965,748,463,933,375,973,186,153,874,395,35,47,266,581,157,45,641,347,78,298,891,975,878,401,791,897,749,168,461,151,587,803,833,579,623,915,701,787,477,918,327,804,413,922,586,511,236,926,856,438,984,38,673,272,244,935,845,463,933,568,52,654,87,31,942,495,440,573,677,807,658,52,500,415,962,363,67,4,939,158,55,702,853,628,371,39,657,469,346,226,318,218,597,290,297,839,177,869,386,935,588,970,749,674,866,216,442,441,601,207,572,917,630,839,418,380,589,954,715,25,687,78,12,179,263,795,706,732,394,17,655,60,414,980,741,494,561,575,795,60,893,82,242,450,602,490,585,154,377,743,636,404,775,71,196,443,975,578,317,936,624,995,570,838,585,207,62,440,945,664,451,147,94,661,246,468,53,192,301,447,848,260,652,419,386,362,936,823,40,347,359,269,555,900,660,966,216,88,750,934,740,97,190,334,4,257,352,122,263,321,74,459,358,539,108,804,469,864,87,618,323,214,397,983,541,795,935,144,541,404,756,306,806,574,7,866,428,742,485,606,626,363,701,622,908,757,560,669,487,819,828,16,950,573,314,553,926,350,182,862,926,219
993,810,519,267,130,950,730,261,837,816,699,91,159,804,535,717,231,230,587,6,193,391,879,975,616,170,756,555,78,774,809,476,296,922,980,634,245,41,306,129,656,324,830,538,822,373,782,350,213,212,547,958,917,250,937,572,104,170,73,483,565,545,907,716,847,710,891,637,688,18,239,284,965,652,287,860,901,511,972,905,328,285,2,142,188,635,883,390,177,110,275,462,450,445,626,772,984,51,414,365,379,499,849,346,263,651,300,370,375,678,48,893,697,256,970,522,412,63,281,311,310,506,262,274,241,787,330,131,685,266,606,332,662,516,45,254,598,444,634,350,450,590,481,971,265,213,214,229,428,646,964,117,872,351,492,597,84,583,637,819,99,170,912,220,668,664,571,885,134,952,839,370,628,313,346,183,124,392,753,858,565,868,338,929,120,375,369,631,691,267,868,688,534,596,760,992,713,694,538,86,728,694,977,132,71,379,964,104,859,129,588,934,971,541,219,10,874,979,840,357,607,110,74,919,806,741,636,826,956,559,955,422,98,72,736,973,186,68,299,41,305,491,474,368,660,396,267,557,263,14,208,737,818,294,820,357,142,938,142,806,51,283,136,331,791,396,509,939,496,204,703,600,407,324,540,79,963,407,589,451,923,292,750,710,602,936,444,147,936,481,949,365,547,390,126,331,374,892,810,715,261,814,316,504,772,937,633,1000,205,475,464,79,123,123,146,496,566,84,765,210,643,742,880,529,238,262,735,805,258,627,56,323,293,77,624,248,67,165,265,277,958,530,0,246,247,754,347,670,217,653,851,339,888,400,11,470,949,286,383,826,652,677,767,401,566,182,562,899,274,783,568,439,510,678,515,881,715,549,1,558,76,346,642,711,577,418,86,425,462,884,785,9,902,956,620,69,500,539,763,440
319,239,388,295,667,271,236,44,109,471,830,423,906,503,45,543,4,358,69,429,122,255,253,538,893,949,312,707,370,917,544,951,8,437,495,846,451,83,608,704,151,731,474,950,46,267,674,137,983,870,192,846,613,330,454,725,59,685,81,937,839,616,31,706,370,858,994,253,978,923,634,54,308,712,255,858,614,993,298,594,57,787,766,299,261,957,735,105,748,59,620,513,836,698,241,439,164,194,917,473,882,75,441,595,839,148,905,952,929,350,554,968,926,38,82,739,927,512,2,428,860,838,601,241,99,849,622,914,40,889,84,675,298,549,786,991,482,84,815,165,499,718,866,986,783,899,770,294,490,110,88,259,744,849,993,604,549,378,804,792,929,966,413,60,48,739,41,360,796,407,510,356,148,122,586,567,625,204,532,815,340,180,360,784,122,826,911,657,602,619,159,338,590,398,653,390,5,131,200,958,699,611,597,628,667,255,348,643,861,314,712,193,6,94,417,275,111,674,121,877,470,801,485,229,283,242,511,845,874,193,730,565,321,727,431,929,687,855,302,468,761,648,685,261,835,670,571,946,596,628,928,628,353,118,153,324,651,55,103,198,261,749,974,438,142,264,253,273,448,821,261,832,652,698,928,447,382,868,474,937,762,171,936,779,168,707,544,747,578,382,935,427,27,552,311,253,788,205,540,970,563,789,463,25,473,991,338,527,906,216,100,806,468,141,465,412,995,611,716,858,683,757,118,577,88,27,599,156,962,934,680,483,873,659,452,739,97,77,435,232,593,268,588,166,748,724,274,905,628,679,19,877,352,642,556,657,877,801,191,308,907,541,953,863,577,476,492,491,971,485,989,390,21,80,573,929,142,720,30,706,822,576,900,413,811,711,833,837,7,643,630,716,273,691,917,968,380,778,697,100
600,152,987,929,819,516,946,511,430,736,299,343,137,373,699,437,300,239,701,155,786,157,428,742,605,617,238,275,635,773,361,752,848,619,580,994,95,616,575,401,529,976,512,580,611,68,845,876,970,629,947,881,299,212,165,24,340,725,83,406,911,167,251,227,461,331,81,344,209,890,605,800,833,271,396,133,685,75,116,465,735,562,430,52,239,912,664,37,815,526,545,529,945,977,522,869,305,439,92,397,543,24,547,364,232,841,142,290,575,12,66,706,878,773,408,305,263,54,244,97,168,826,404,952,149,458,84,87,723,77,511,26,821,346,700,998,840,761,534,390,246,837,935,897,523,815,825,612,121,481,315,45,345,540,420,883,604,420,876,993,905,853,395,712,4,989,955,774,619,153,536,481,409,1,834,615,576,823,800,104,149,130,984,377,537,832,959,209,756,819,751,751,926,795,272,484,506,634,224,250,258,732,880,250,835,559,373,816,843,424,687,319,456,987,521,45,703,758,531,873,844,868,110,894,746,786,585,895,477,187,821,510,952,735,108,331,308,226,100,538,71,185,661,647,349,929,861,919,970,854,820,579,99,55,368,264,170,83,46,481,96,162,65,93,874,832,461,543,863,136,143,748,563,6,765,66,963,884,621,36,445,701,731,767,824,368,532,998,55,142,124,321,678,788,535,598,89,295,946,390,19,723,150,411,723,79,94,856,220,490,397,408,968,151,248,411,941,543,852,690,275,314,638,703,467,654,811,802,622,637,121,205,16,646,900,525,136,726,553,518,152,917,1,809,191,150,855,183,365,387,995,214,497,457,705,327,873,257,116,360,434,227,92,53,132,446,839,584,735,669,989,264,558,58,413,845,934,689,980,722,869,415,26,230,312,905,112,406,117,41,24,145,147,678,325,78,523,826,239,237
848,257,976,24,613,153,572,887,585,14,524,797,103,306,725,161,949,227,833,288,607,501,751,267,636,591,434,915,753,465,251,724,644,843,560,911,813,852,739,753,892,787,32,182,979,567,673,598,823,459,255,790,592,879,934,333,699,603,501,897,799,230,663,160,844,975,612,337,919,370,637,678,46,251,643,589,780,772,238,118,9,5,264,157,801,53,901,213,557,835,242,807,733,293,851,800,203,295,342,345,128,329,129,300,907,751,719,102,265,860,39,758,343,125,721,856,207,140,156,107,440,211,934,522,838,941,716,206,153,273,572,111,72,941,749,553,283,539,758,807,346,689,263,757,857,969,659,259,440,639,265,78,858,82,663,2,819,803,251,493,757,275,863,335,818,495,35,385,738,34,400,749,525,795,639,511,82,716,558,738,695,888,637,806,801,558,529,738,945,122,318,906,777,4,58,488,106,292,132,85,983,767,709,826,541,452,832,815,116,487,40,178,397,853,260,584,900,842,982,868,95,768,731,958,417,539,980,648,393,433,585,415,744,920,923,437,763,495,166,361,973,25,230,983,281,652,281,478,341,384,244,989,406,226,481,918,483,773,821,593,243,255,371,579,96,975,337,309,729,697,135,809,420,499,1000,566,817,584,401,53,979,410,989,208,877,143,130,437,690,661,592,626,723,259,66,148,234,704,454,239,987,644,138,805,245,933,730,138,950,541,992,510,705,95,919,838,333,595,743,182,393,332,554,891,93,351,802,874,813,198,194,241,581,837,128,110,864,58,940,163,419,609,394,719,931,547,67,514,153,562,689,188,67,194,784,960,969,918,248,68,183,32,489,691,88,168,475,924,97,285,197,952,395,794,939,649,624,918,697,185,2,584,903,523,213,351,275,556,529,780,873,463,688,900,446,479,984,855,35,680
769,476,405,902,595,437,609,363,630,629,796,931,322,435,511,989,698,557,454,417,988,334,244,505,645,574,517,188,696,969,284,570,749,996,492,883,876,723,347,830,665,456,115,894,83,232,226,633,865,403,593,595,628,463,948,589,998,635,125,275,550,366,89,714,386,458,112,341,475,517,63,651,870,385,748,35,578,69,455,347,689,514,838,380,786,590,845,689,87,951,322,272,302,836,981,417,686,741,555,608,813,837,960,771,772,189,857,496,449,417,560,782,334,810,954,194,671,976,568,885,524,755,328,315,21,890,466,904,566,287,449,507,246,599,267,507,580,945,234,389,670,26,755,800,959,346,231,66,881,140,295,583,29,321,492,198,873,145,941,429,67,965,25,871,627,499,989,646,429,36,48,171,738,123,365,847,588,358,31,541,388,479,254,664,680,369,865,610,592,459,900,212,388,586,34,346,198,816,997,725,183,730,18,124,123,807,424,833,102,317,921,339,811,24,103,914,693,561,352,996,50,90,455,655,918,115,584,59,583,35,157,738,819,815,525,220,451,470,303,276,796,726,315,388,276,313,569,578,66,423,502,416,879,631,624,962,944,330,791,559,85,132,183,901,216,835,606,475,402,129,220,138,215,437,810,722,501,363,915,432,146,329,660,833,575,48,3,903,598,65,824,104,584,523,280,318,651,934,679,138,394,2,898,804,735,593,888,778,900,861,918,334,900,360,364,100,563,57,713,816,741,345,841,563,304,907,546,356,546,43,787,643,762,671,425,903,914,740,928,292,936,959,987,256,400,749,562,882,983,372,832,584,632,872,301,143,853,690,148,178,688,381,286,591,934,165,539,264,451,453,244,147,558,549,607,21,659,524,124,873,293,600,301,806,489,194,540,379,219,550,720,262,871,261,177,613,352,665,324,46
231,269,928,563,598,998,904,574,88,234,116,671,267,359,11,514,162,372,345,469,607,8,731,963,65,23,217,877,799,963,152,316,350,986,418,974,337,789,90,348,459,679,317,749,905,173,165,627,61,833,12,737,502,682,758,568,242,35,100,873,919,935,408,246,943,551,850,768,957,674,204,288,729,422,884,806,504,291,987,916,581,646,879,348,761,661,977,299,181,458,728,442,65,552,22,452,881,298,28,251,466,772,634,116,299,826,525,957,768,758,963,390,713,998,234,970,966,845,684,701,978,366,147,519,928,288,704,131,125,17,576,251,626,585,25,717,918,440,806,69,205,87,950,91,467,748,749,496,835,403,273,685,720,209,705,941,418,391,262,935,405,169,430,767,862,105,982,620,788,616,410,642,77,520,698,731,20,775,415,33,439,790,664,248,332,756,317,646,374,350,683,613,912,390,703,485,276,815,348,886,445,8,1,45,91,575,516,226,555,21,52,464,736,412,94,341,710,175,684,404,304,659,119,366,78,920,527,950,52,299,292,984,111,113,19,98,662,417,665,804,357,344,507,494,32,564,538,167,963,859,483,399,840,916,669,974,809,172,869,983,431,802,87,874,428,308,149,143,603,834,746,96,381,133,24,505,346,598,653,753,487,177,556,643,644,576,878,386,598,959,775,923,327,360,866,508,633,88,23,373,512,591,634,464,813,792,508,102,997,858,426,194,679,283,953,976,626,533,354,770,396,78,6,350,307,912,845,851,768,363,257,934,850,911,712,620,272,783,280,512,595,850,725,655,571,927,227,300,818,120,260,446,763,857,747,990,554,768,300,156,397,161,462,311,568,672,430,963,993,273,410,91,989,468,617,386,18,127,660,727,208,995,352,176,933,937,589,193,79,554,530,721,429,95,361,370,40,840,405,33
455,890,384,479,870,387,803,243,850,10,416,564,696,984,834,71,120,142,311,297,846,97,119,985,2,821,178,382,251,21,65,762,162,484,569,141,646,249,273,670,135,797,194,257,133,284,736,753,539,509,739,229,158,683,97,29,414,467,362,584,447,218,891,870,540,852,907,150,490,863,658,852,767,745,961,343,264,9,437,580,947,918,359,310,996,595,54,662,268,985,515,681,191,441,711,209,426,968,548,83,673,485,352,208,234,587,538,432,170,7,946,414,560,384,47,369,229,910,35,787,721,764,670,656,523,929,783,107,860,661,376,317,880,785,43,607,870,578,401,958,563,521,96,505,166,768,846,128,892,36,846,901,526,489,343,859,497,253,31,626,534,687,936,232,805,808,612,356,535,959,424,3,125,647,159,361,483,358,672,531,851,277,871,173,917,82,161,947,428,64,672,566,546,886,186,948,406,574,668,632,391,259,659,848,771,977,788,892,726,399,352,64,513,308,117,354,709,314,202,568,479,571,11,897,654,902,773,729,125,750,141,654,813,847,46,487,307,937,515,830,605,671,474,399,786,449,677,793,863,219,933,979,751,471,320,366,681,738,906,685,816,241,806,754,629,926,338,813,407,821,291,877,821,630,610,847,433,195,143,748,687,659,251,521,514,483,64,180,490,968,238,857,785,146,132,272,800,419,625,891,958,573,788,553,974,351,263,98,789,803,20,342,135,640,756,191,127,682,421,275,60,411,219,178,300,30,548,648,839,978,465,850,867,765,915,552,923,5,312,856,553,443,763,912,559,729,820,68,992,862,256,306,652,139,639,587,583,756,354,960,73,677,230,807,385,50,243,73,766,691,514,279,54,683,656,421,914,915,669,169,280,502,294,472,861,904,457,127,539,168,942,415,52,624,106,943,96,92,483,987
125,81,985,854,917,945,59,606,262,748,605,679,98,796,321,618,756,593,432,556,619,444,669,577,293,250,773,984,838,694,377,32,393,637,205,937,895,474,177,456,642,798,866,537,808,818,871,779,293,597,225,373,355,685,289,945,115,118,364,229,982,172,320,405,177,249,757,765,681,327,416,581,722,473,679,762,803,400,892,416,435,663,749,912,782,670,607,564,548,229,179,560,359,148,681,344,583,46,340,142,494,253,21,279,558,767,501,968,994,42,902,332,157,51,747,267,386,342,585,457,342,736,45,740,408,589,241,646,971,596,537,410,297,679,494,18,152,346,839,661,881,769,373,501,418,706,360,339,459,852,44,368,397,912,411,241,145,204,101,893,293,400,26,428,521,738,238,167,457,787,857,724,217,219,972,84,762,444,329,462,704,206,791,768,251,564,789,455,270,133,272,837,291,61,283,833,360,623,298,699,36,864,140,771,813,305,113,227,511,821,110,106,913,368,666,107,251,608,51,619,678,973,250,481,989,354,449,589,271,274,595,542,858,21,631,970,825,29,513,842,764,677,834,958,422,995,956,93,99,318,829,324,997,465,353,50,863,990,527,986,148,761,533,200,295,45,439,883,844,690,350,797,213,291,455,75,162,647,640,403,461,878,106,704,938,945,913,32,564,691,69,370,17,564,691,80,363,53,953,438,293,689,409,416,523,758,247,224,861,830,471,305,655,873,717,150,613,887,257,100,162,370,836,521,723,490,590,836,984,722,823,999,465,90,593,263,984,375,718,638,384,501,627,617,866,990,651,763,457,806,155,594,131,850,859,271,294,440,48,354,368,618,947,479,701,312,148,83,769,754,210,998,328,371,589,888,105,647,510,746,442,79,77,865,330,582,809,745,280,392,588,230,334,5,897,746,955,981,511,24
652,319,246,934,894,817,575,638,77,792,480,546,421,287,870,258,754,216,906,328,401,254,211,215,384,748,24,40,414,622,115,65,749,467,26,316,784,358,660,458,442,211,782,542,514,540,300,480,46,506,97,552,125,422,240,845,485,452,878,759,589,244,64,486,248,725,122,538,921,312,264,872,817,259,142,936,921,227,91,194,461,302,177,243,282,495,563,294,357,158,731,639,371,558,894,378,861,765,87,733,76,490,554,528,754,161,710,275,85,891,933,609,196,397,606,318,302,715,189,53,695,512,308,308,403,0,507,894,516,506,21,632,832,662,315,200,236,868,340,650,296,725,729,396,125,440,676,420,423,852,800,51,780,959,958,473,144,811,329,665,855,75,256,660,67,810,386,178,498,265,724,0,312,978,6,751,760,461,117,560,676,666,788,448,794,817,856,750,27,823,152,228,906,197,974,166,757,222,181,420,469,607,668,976,875,649,764,605,242,472,317,895,399,395,244,234,485,784,765,283,309,358,518,7,911,921,426,396,388,738,593,854,957,36,764,800,503,613,995,291,337,249,521,61,344,259,786,882,314,18,462,550,901,361,973,166,137,310,552,349,826,304,262,736,398,477,810,62,420,824,478,464,809,771,20,749,621,595,955,364,378,364,861,711,963,532,578,13,535,634,281,473,957,947,175,863,116,541,979,449,359,990,246,547,256,736,929,375,888,887,831,87,327,612,952,115,5,293,974,130,213,2,570,738,650,554,702,334,327,294,53,392,951,770,428,998,715,256,963,153,337,325,842,114,377,219,991,434,268,140,443,882,220,329,934,568,731,44,962,122,178,341,69,635,745,410,119,493,657,692,830,613,810,132,679,885,166,359,241,883,931,143,522,858,666,829,306,557,622,137,164,908,530,183,946,109,108,587,223,898
153,274,690,866,147,134,129,11,966,398,873,446,928,808,798,973,753,700,649,465,95,319,208,245,768,720,955,722,715,861,619,161,678,562,584,75,377,299,939,781,256,503,580,553,474,106,256,149,167,343,476,173,767,434,58,510,522,823,853,442,141,516,59,312,488,642,778,979,137,137,238,586,673,275,431,488,932,385,315,171,89,348,183,105,505,836,570,532,412,577,698,152,359,312,952,998,983,67,426,205,499,520,753,46,284,394,87,273,992,758,38,394,988,415,13,917,83,129,801,374,957,985,852,740,241,139,257,343,666,923,181,115,684,675,175,297,476,413,777,762,399,77,60,891,659,394,550,748,401,369,518,256,288,632,930,784,398,89,562,162,401,605,596,688,644,112,497,703,314,442,914,802,688,589,874,34,991,439,736,874,535,515,223,141,222,916,788,180,531,617,37,804,159,89,88,329,818,437,411,981,562,610,520,434,388,550,710,668,841,643,69,117,776,106,271,903,115,558,700,764,893,363,372,190,477,36,783,385,106,316,149,798,926,418,906,9,12,880,467,464,230,179,172,911,888,929,715,871,620,736,530,9,561,467,871,836,519,677,10,200,272,212,382,250,36,398,551,70,311,725,133,707,107,35,163,301,903,231,27,914,546,553,910,273,605,25,358,181,453,649,278,789,675,336,649,823,842,408,276,172,918,958,230,134,307,73,620,396,903,75,411,780,312,222,474,692,190,944,617,897,505,452,213,502,33,937,810,515,205,362,80,679,7,357,39,599,219,778,100,518,268,690,12,842,622,421,694,768,878,771,607,854,853,431,70,597,98,286,157,347,198,259,718,469,527,670,328,53,610,121,107,38,766,1,50,749,175,107,248,465,281,517,397,115,627,978,189,92,991,982,450,942,727,453,264,910,241,66,764,943
447,243,958,31,404,809,302,147,141,557,72,774,606,443,75,332,420,175,660,245,998,314,544,421,349,142,600,269,257,615,682,976,735,59,883,258,945,436,567,448,661,534,657,207,251,30,919,319,759,601,243,172,129,48,94,277,849,542,130,867,968,428,476,473,326,217,925,123,343,805,778,934,370,969,712,440,906,597,637,884,656,422,893,974,758,240,722,941,921,604,188,96,469,732,566,558,481,111,679,487,343,975,115,671,937,875,591,605,940,763,277,896,643,232,457,906,779,148,320,958,962,780,751,847,606,530,400,658,913,548,842,415,791,777,714,503,634,352,694,706,636,617,774,302,427,281,319,874,372,307,193,494,531,485,257,439,264,67,83,824,911,250,869,83,175,496,564,919,549,610,142,806,273,954,419,801,986,79,166,147,640,412,529,270,270,786,242,258,23,87,942,717,931,539,777,541,884,421,773,114,118,201,593,438,506,126,733,112,805,823,657,855,577,769,279,497,956,879,887,948,749,529,319,504,867,309,832,721,855,657,906,135,669,91,788,909,180,657,240,57,579,264,910,574,142,18,979,878,676,223,598,780,301,49,4,242,363,171,264,734,86,973,974,970,618,960,335,966,197,93,883,136,429,500,554,820,772,715,548,339,996,192,332,315,195,357,727,167,239,216,148,926,754,767,166,150,657,616,687,408,531,183,373,253,85,11,856,832,993,521,215,182,520,299,631,144,479,963,375,872,405,93,314,638,549,328,927,387,629,195,192,707,731,249,541,663,499,161,869,519,97,353,435,811,179,978,442,735,912,753,467,922,451,403,590,476,647,108,821,748,975,193,588,182,264,962,795,497,667,642,156,124,157,240,864,4,147,924,183,777,962,97,532,454,638,811,487,578,759,288,857,980,585,107,71,384,903,273,598,702
196,665,595,867,501,509,69,967,467,684,804,745,765,309,397,863,266,973,7,468,795,743,942,895,386,495,323,411,827,436,647,557,831,45,255,450,808,793,16,475,392,468,146,536,121,851,619,540,950,679,250,947,524,96,564,705,247,791,650,520,101,39,591,487,270,933,602,586,202,853,683,403,676,389,838,690,889,853,575,596,327,834,36,909,64,547,270,60,735,605,584,180,553,185,250,885,494,714,108,119,859,197,767,917,432,680,592,727,535,863,24,182,691,827,289,13,478,397,76,991,442,726,223,261,246,399,164,589,924,967,131,548,253,807,527,836,824,412,264,270,534,557,721,981,714,896,269,369,940,276,694,951,268,6,432,335,313,967,36,833,829,110,696,826,839,121,244,58,856,64,29,587,698,613,23,968,297,546,450,440,204,8,661,496,920,766,127,613,363,272,813,224,52,538,93,610,592,838,114,337,857,186,363,269,147,656,674,309,18,670,281,531,400,117,866,477,445,863,295,189,467,987,22,339,201,562,928,791,116,521,838,812,135,363,275,567,796,439,491,443,867,328,255,933,415,238,854,56,691,315,335,569,133,961,202,567,750,415,336,152,934,290,12,276,157,926,343,284,707,341,912,960,935,615,34,319,853,415,425,819,20,761,530,279,654,399,658,154,612,575,92,147,204,303,34,636,511,946,842,505,373,204,983,149,929,700,643,286,771,128,430,783,154,619,647,907,558,320,931,59,260,191,667,316,332,326,624,43,954,111,285,83,578,723,440,422,496,516,846,186,191,544,488,422,824,503,162,324,777,491,480,717,617,147,512,617,356,615,47,6,321,354,126,395,654,885,843,556,598,815,636,249,222,346,175,660,528,6,549,427,492,268,8,184,415,217,509,224,69,461,798,135,551,787,710,329,110,26,221,633
389,845,186,485,217,579,446,400,910,888,385,319,801,922,808,463,466,33,841,56,102,534,723,785,747,36,53,942,124,70,635,538,239,576,652,906,134,655,472,409,538,164,821,243,823,951,849,272,656,760,617,365,40,782,987,158,293,348,647,208,227,746,870,931,586,452,451,714,622,490,706,802,882,256,753,518,301,811,937,356,932,953,948,810,513,74,803,400,665,68,651,226,627,47,936,227,843,994,238,435,946,667,572,356,962,235,136,634,737,114,809,372,944,387,844,133,755,197,318,249,330,868,231,974,954,790,290,649,268,885,629,223,24,670,238,734,680,304,682,51,556,790,971,706,329,250,641,66,203,605,26,302,781,798,1,729,373,468,797,597,403,221,359,38,829,922,655,69,14,18,735,191,398,757,432,557,477,881,870,246,940,280,550,179,331,160,544,514,81,809,640,108,542,805,719,300,220,9,137,695,541,712,604,429,237,757,485,566,562,292,988,654,665,838,910,876,268,910,906,491,932,898,909,421,975,503,663,171,760,490,200,184,680,577,708,381,350,61,563,761,124,354,289,326,218,618,967,113,587,435,142,342,369,146,648,380,619,32,302,28,990,460,351,249,725,288,765,835,694,844,164,999,866,604,656,455,138,882,604,458,295,482,398,870,600,935,921,266,664,687,696,93,141,671,12,15,889,960,262,960,889,412,866,206,340,550,393,560,292,573,282,871,316,736,47,994,617,556,902,924,678,974,787,305,382,412,52,108,755,409,120,696,11,167,349,698,938,342,513,821,464,823,430,654,442,982,566,24,129,768,747,812,421,612,680,684,672,470,618,907,901,214,984,266,698,448,809,487,16,30,540,672,699,396,670,98,668,943,576,93,390,886,125,981,887,580,145,226,787,500,66,757,421,68,787,714,835,917,246,467
790,490,314,210,552,368,143,955,567,466,657,209,210,264,745,77,716,948,482,935,401,711,143,90,867,894,146,228,95,645,242,701,761,141,640,712,133,860,742,577,442,391,819,449,208,881,648,792,527,650,473,556,251,603,708,762,794,152,536,498,241,21,837,215,890,783,83,513,418,727,866,773,16,637,108,48,86,503,14,405,796,641,251,686,270,967,803,703,570,433,689,606,791,545,504,658,593,327,866,568,879,513,700,822,159,588,450,361,134,313,213,679,90,190,677,843,515,912,830,372,104,64,944,735,844,500,461,375,679,53,156,219,839,481,203,943,379,444,882,648,865,430,623,677,248,355,621,656,456,719,532,688,328,248,870,294,662,244,524,420,818,713,339,534,417,363,52,239,527,718,373,756,817,545,227,416,952,626,53,765,690,251,892,587,928,248,485,347,230,972,717,660,466,882,867,90,480,581,933,944,976,537,780,614,45,807,769,454,680,292,595,595,836,362,242,430,832,427,152,55,586,466,161,134,463,424,841,523,25,918,471,760,711,151,314,98,651,553,579,951,984,979,315,686,637,768,368,566,642,891,230,506,377,896,532,929,571,239,737,124,343,145,226,483,759,464,458,110,506,383,7,162,550,32,64,347,814,271,928,98,623,778,543,365,649,691,220,725,525,508,265,271,728,541,256,803,693,335,993,1000,785,632,161,265,260,353,116,898,235,249,846,100,506,670,743,820,110,82,812,382,922,365,704,634,59,325,577,714,307,854,973,109,227,839,931,143,175,728,237,785,187,598,480,944,92,148,539,262,308,521,768,90,569,143,560,15,65,17,427,99,729,881,850,489,355,719,605,591,264,165,784,654,244,488,619,819,140,951,244,78,157,554,182,532,709,785,249,546,672,113,794,762,190,974,750,142,809,821,24,76
6,608,753,256,664,946,866,842,290,409,196,511,470,516,137,199,507,358,838,663,890,994,391,121,120,326,729,648,928,951,310,401,642,796,996,835,373,315,694,887,827,455,463,389,761,701,287,709,575,69,236,648,118,152,799,546,167,524,817,577,194,784,423,371,478,239,971,850,895,72,867,346,89,130,760,829,614,196,665,325,484,280,111,270,645,850,676,811,263,106,227,399,640,253,949,53,815,946,82,572,80,145,264,8,454,288,837,623,487,205,867,383,305,556,292,729,236,600,529,701,978,691,680,86,964,334,826,663,377,342,718,270,515,509,938,320,955,685,910,97,122,188,954,296,269,84,93,819,844,140,94,692,424,105,650,443,820,821,786,481,319,370,825,483,363,648,997,659,760,169,784,938,246,816,834,759,781,462,299,753,259,468,32,298,516,365,14,724,598,574,699,949,271,859,482,310,79,605,524,137,343,82,308,804,556,854,558,109,411,700,867,0,372,804,401,396,673,660,429,318,421,940,636,432,482,69,698,609,409,479,151,937,97,766,315,963,760,848,36,325,360,755,928,91,770,998,141,153,771,980,406,167,934,475,154,366,58,500,538,66,179,796,88,541,192,693,180,872,383,716,218,435,244,843,883,497,814,780,489,171,808,670,327,659,864,69,39,735,893,973,340,621,547,645,328,210,368,70,929,13,574,51,646,497,194,280,623,396,186,671,200,24,845,896,773,802,429,657,888,948,120,588,702,645,752,495,617,117,303,220,188,400,460,985,147,939,16,114,682,432,653,133,867,859,771,385,615,546,592,356,138,118,334,688,265,317,861,958,46,146,471,161,19,84,457,139,923,59,763,513,908,503,276,519,967,922,243,788,826,777,937,603,179,857,490,690,5,521,20,159,940,190,172,689,261,877,565,531,881,436
541,995,423,275,873,68,702,32,952,540,738,672,431,173,140,883,29,948,190,538,766,120,527,723,569,158,68,682,952,310,233,783,572,100,934,791,394,700,702,375,361,737,975,293,593,230,332,116,11,759,155,731,537,846,143,27,849,222,591,110,962,304,989,582,763,183,315,178,166,97,260,168,472,289,108,670,218,148,74,908,967,247,569,48,927,238,950,146,16,358,676,168,711,213,873,83,683,577,646,971,424,850,55,645,244,780,484,607,908,100,404,810,835,948,751,512,4,199,861,85,710,206,655,835,668,731,984,472,577,999,57,619,371,882,75,988,221,593,338,156,82,262,220,190,578,709,882,541,392,224,730,705,657,780,814,846,190,274,325,537,626,667,794,257,889,395,269,921,343,2,216,962,38,367,10,308,68,456,966,164,553,498,644,113,269,589,695,18,147,185,172,432,776,676,343,380,487,668,187,480,241,835,620,271,989,646,649,829,339,823,484,371,824,849,281,244,661,459,778,114,340,254,542,521,381,649,62,744,409,106,568,597,571,270,818,283,952,875,580,225,711,690,313,257,419,941,896,733,747,651,842,337,246,178,449,139,78,854,185,482,377,178,467,274,739,23,935,628,168,977,339,723,934,179,53,560,14,671,842,246,999,486,934,496,428,121,132,785,262,132,140,520,977,537,383,962,857,994,63,663,84,879,692,433,741,253,482,326,606,501,176,915,847,130,621,964,247,704,758,408,735,860,456,343,358,573,137,980,908,864,687,592,491,237,520,510,564,488,953,783,763,598,411,286,39,769,0,945,309,504,60,668,50,152,753,243,732,399,190,327,346,793,843,665,966,721,123,987,739,36,16,4,614,748,471,848,705,75,163,59,448,744,754,728,876,643,101,958,305,181,325,539,550,739,767,611,652,531,697,272
972,148,400,195,103,810,546,615,106,688,943,685,852,872,541,204,355,420,825,139,597,62,397,212,980,786,562,856,770,906,577,909,270,159,587,730,662,659,47,82,973,136,573,6,544,665,56,24,709,145,601,485,648,397,991,614,552,591,821,124,243,550,490,764,224,280,532,814,716,864,386,424,601,849,739,37,256,55,983,235,291,663,543,899,457,889,423,517,0,251,512,505,122,231,367,585,808,519,596,918,787,751,788,733,802,751,267,123,328,862,681,800,574,845,517,717,61,555,106,413,510,801,895,242,828,807,588,513,295,329,605,797,594,151,579,179,873,879,261,663,590,814,800,690,427,967,384,555,625,48,217,830,104,939,543,493,544,808,976,69,459,450,736,262,916,518,212,514,578,998,355,1000,411,339,857,495,6,462,241,478,460,689,736,342,553,197,555,912,77,191,644,770,55,706,490,492,126,877,946,133,270,170,822,475,218,765,60,120,146,864,671,551,404,841,367,825,550,925,491,613,515,305,913,739,987,206,177,589,389,603,526,883,870,903,987,592,633,949,838,671,785,539,806,885,795,808,79,241,842,737,381,533,145,647,10,884,893,879,99,101,682,949,746,502,184,214,615,568,440,364,705,929,150,726,622,108,909,505,526,357,692,609,91,127,221,467,107,677,71,428,128,832,603,137,604,763,445,925,642,372,195,59,225,185,713,22,160,899,712,763,876,884,544,630,795,426,819,608,84,520,417,117,958,354,599,446,675,59,6,274,669,247,230,433,360,633,616,871,124,376,414,882,953,917,640,587,204,46,421,172,189,799,939,592,339,588,589,474,796,255,857,28,95,856,58,13,456,599,495,104,124,251,837,816,337,939,863,318,325,775,576,550,599,72,12,890,766,971,829,109,803,83,904,547,818,181,126,142,548,260
849,862,81,885,236,952,987,237,680,554,129,613,217,20,195,141,162,294,196,833,535,787,824,221,606,9,887,539,708,980,535,258,754,81,799,854,589,448,652,630,223,837,706,170,699,803,986,782,42,753,319,229,67,19,358,242,38,712,791,249,10,542,223,417,39,403,493,14,666,764,452,787,946,766,706,306,537,597,165,356,591,605,183,421,408,624,854,690,457,355,847,699,772,549,955,193,497,827,178,964,494,249,856,241,923,718,411,723,721,157,418,63,700,968,486,295,908,610,249,132,625,279,61,24,526,171,870,461,41,822,581,981,227,516,601,833,548,460,198,930,750,909,390,769,897,365,948,664,523,995,863,947,799,6,827,353,834,53,365,35,440,375,168,285,555,393,470,360,130,579,637,639,424,217,683,101,401,547,810,627,134,618,684,299,314,716,222,108,83,839,629,89,962,532,347,688,330,332,247,989,783,395,885,728,37,289,707,27,972,871,744,821,512,655,330,785,381,791,61,28,341,750,251,4,176,379,14,599,695,118,715,556,954,923,155,186,358,527,178,630,615,836,599,36,364,694,139,20,364,98,753,90,445,461,312,514,458,228,368,795,450,118,895,522,524,401,202,41,338,748,881,605,942,884,29,79,856,259,157,195,253,762,917,985,813,951,869,682,583,802,604,491,449,450,285,441,542,765,460,878,899,59,850,979,836,933,430,108,961,130,540,132,498,992,99,437,166,89,904,985,121,607,414,922,949,119,27,333,86,114,291,95,112,208,546,807,607,206,136,44,49,271,419,858,296,526,577,691,302,222,263,37,915,114,163,535,507,113,108,667,114,491,321,195,829,983,563,158,841,427,196,651,71,951,393,322,857,737,976,682,984,508,5,250,246,995,437,908,824,278,279,262,274,329,445,833,74,722,28,646
477,20,595,562,948,325,544,696,497,118,562,38,156,631,850,677,790,805,580,363,579,734,722,767,17,320,862,772,950,171,386,153,857,245,830,244,126,62,560,805,606,829,838,173,678,991,540,124,530,30,425,768,372,852,952,176,925,137,279,53,643,188,314,581,512,423,591,571,478,57,25,621,801,33,472,488,344,721,668,837,490,188,295,980,171,775,224,687,609,514,812,408,91,196,839,252,881,334,484,888,430,376,486,194,154,408,398,499,114,546,505,444,675,153,649,949,340,428,304,220,98,439,460,768,804,490,168,127,652,836,424,747,428,356,493,284,448,814,735,744,859,999,180,796,596,387,649,40,385,463,432,352,188,687,97,351,624,428,596,252,24,381,216,670,984,788,704,80,250,617,469,536,397,756,480,932,195,69,157,949,633,750,616,568,377,139,867,227,158,524,594,903,760,138,746,592,498,961,952,662,827,339,46,402,334,730,612,993,223,531,500,803,600,466,244,343,999,204,24,925,490,288,426,451,432,886,330,602,315,780,451,624,369,37,599,942,970,93,247,736,673,56,246,130,372,545,838,246,744,897,489,729,211,520,531,92,242,392,5,838,926,540,302,950,430,812,632,490,493,150,556,657,8,608,788,358,905,8,964,452,958,14,504,455,75,693,660,978,93,300,356,717,622,56,528,608,916,916,711,241,700,679,637,555,953,770,788,601,411,530,968,254,196,329,20,828,647,210,785,862,554,485,57,667,964,356,707,443,108,74,751,496,432,667,29,102,602,793,877,416,376,961,56,909,594,382,470,322,463,842,666,540,668,385,543,686,755,859,985,357,456,694,474,952,808,813,717,303,922,197,266,130,45,707,255,442,968,805,832,629,941,722,303,256,487,34,266,901,240,898,363,708,740,883,508,958,196,202,897,769
503,917,72,108,443,346,671,922,434,318,437,793,198,364,798,405,915,62,440,832,289,514,378,198,665,193,159,956,470,674,417,815,211,464,418,814,554,707,491,661,104,936,750,131,307,589,289,882,141,405,526,929,246,912,740,154,171,277,615,543,422,883,772,271,93,193,590,131,240,267,907,473,908,394,96,237,945,411,47,268,990,103,90,53,867,864,313,306,601,50,566,668,900,303,496,659,847,533,363,178,384,844,650,707,45,244,789,510,728,745,414,994,124,138,785,701,263,524,433,399,872,856,54,788,195,976,187,502,190,981,881,905,809,818,509,996,859,729,545,575,510,693,589,257,683,45,692,587,428,736,557,999,340,547,890,723,615,821,693,704,858,747,519,617,181,124,280,41,844,639,281,871,717,477,47,587,205,178,788,804,138,263,502,53,963,717,297,803,170,348,566,794,464,8,642,849,203,295,524,642,55,312,660,720,563,612,290,301,33,344,559,243,682,808,12,225,782,322,758,559,539,81,535,869,781,171,815,138,573,728,717,346,464,731,419,95,93,68,637,41,765,616,238,886,40,146,325,350,780,680,612,99,463,120,576,588,919,13,170,814,369,65,648,565,300,581,537,433,963,649,823,552,829,721,226,452,731,240,503,232,636,606,263,34,379,52,646,238,960,798,432,968,552,123,185,930,356,943,958,152,259,523,307,241,439,168,660,649,613,732,194,621,825,762,438,347,352,45,730,991,466,765,372,457,214,186,734,153,625,939,433,643,888,401,55,78,780,351,235,967,309,800,428,493,307,185,344,475,577,866,999,113,235,828,64,729,473,837,829,392,533,618,610,859,472,611,235,4,31,863,684,382,970,263,866,993,520,411,950,895,49,940,954,871,174,952,565,377,69,537,599,253,925,212,58,292,860,371,341,266
217,813,515,668,627,629,521,223,958,64,522,394,135,452,482,68,563,47,92,965,367,253,372,596,713,162,556,979,993,674,215,460,588,58,266,130,209,146,398,228,462,318,230,232,319,315,196,1000,37,685,652,466,900,788,673,467,596,97,761,203,16,211,173,820,152,658,687,843,886,783,563,930,244,766,917,469,323,845,747,269,595,10,431,195,985,840,399,523,591,942,344,122,274,819,586,403,943,300,399,468,168,683,789,62,514,892,463,685,625,402,375,498,800,636,156,774,450,563,884,75,515,999,483,113,395,69,470,587,256,702,642,27,819,157,306,340,921,816,24,1000,695,228,306,682,547,550,930,782,449,383,668,589,229,224,405,569,587,505,711,206,706,216,338,460,698,811,652,736,299,800,211,362,278,241,721,239,24,410,597,984,887,27,397,624,256,823,781,648,379,190,228,50,389,517,380,976,958,374,456,304,644,768,235,102,269,655,569,3,424,847,825,700,975,787,250,217,579,749,662,126,670,445,444,199,696,146,144,19,178,342,643,629,535,565,357,778,896,469,97,796,508,127,608,38,606,333,9,657,134,293,297,773,125,848,380,449,673,432,894,851,354,532,139,728,955,772,887,112,208,877,959,132,2,986,481,408,553,39,202,223,266,15,158,246,257,182,129,895,541,992,767,354,830,256,530,395,562,281,62,931,753,162,884,824,984,538,424,114,590,178,595,813,5,511,459,329,978,928,168,542,19,490,352,538,451,121,857,580,635,367,266,102,885,248,21,518,986,320,842,286,688,435,570,149,659,46,903,116,118,530,860,715,52,516,995,835,647,104,592,320,94,514,233,318,214,694,698,33,17,548,376,69,156,724,923,287,826,809,157,671,564,277,248,707,808,629,721,916,633,388,388,292,970,890,879,800,22,377,999,497
629,561,724,767,807,57,657,389,577,565,74,266,977,286,521,10,157,836,889,46,385,496,916,788,56,483,689,333,729,686,991,577,818,799,214,150,93,412,647,518,268,666,639,319,524,788,668,541,834,666,618,762,411,610,690,305,738,621,588,323,254,327,365,423,853,365,971,425,609,158,9,830,51,512,749,562,663,154,595,64,730,1,360,107,83,114,241,119,127,523,463,488,487,158,173,288,338,594,270,875,912,452,632,795,150,17,812,162,237,403,695,9,279,649,121,645,139,126,787,889,509,758,419,311,723,625,687,707,667,837,991,803,278,748,122,372,789,803,550,80,193,508,605,38,487,686,617,715,19,393,976,48,946,508,23,569,541,414,398,199,23,85,138,654,741,57,988,407,794,422,501,262,631,616,518,340,962,965,56,968,855,395,954,689,195,10,90,328,872,22,267,700,249,384,185,581,575,401,877,374,217,237,110,873,182,449,928,159,75,156,762,372,277,307,628,39,197,453,106,846,225,994,258,875,78,722,79,740,787,675,30,71,982,630,942,621,272,580,503,629,770,860,301,361,259,253,929,480,814,703,367,456,71,200,517,172,832,980,27,837,583,617,686,950,75,418,444,426,177,472,495,545,104,46,426,509,67,449,708,429,598,530,816,724,990,963,107,388,936,876,500,470,924,591,624,73,502,21,932,440,933,714,214,800,4,908,592,707,289,936,485,333,495,27,556,194,863,255,850,503,807,824,375,750,631,601,150,594,937,686,60,609,425,454,518,548,583,125,674,890,105,5,229,95,320,222,385,532,211,53,431,203,936,62,695,782,300,596,40,389,459,494,386,734,513,796,638,199,376,173,96,333,262,710,159,214,169,904,713,606,388,166,89,714,446,386,285,95,742,807,375,594,538,244,931,297,322,123,32,695
632,869,791,654,244,769,842,526,709,487,354,679,745,963,34,876,365,886,791,660,878,936,674,139,723,225,67,661,225,330,367,650,52,165,861,715,370,827,196,604,911,676,126,527,149,873,163,956,733,198,940,48,441,7,10,641,147,799,486,210,926,867,651,846,343,457,463,321,675,48,209,820,913,392,988,471,836,549,67,553,917,128,769,51,823,713,670,945,885,606,476,310,778,279,213,128,568,444,217,97,379,717,626,581,504,36,152,544,884,940,793,500,44,64,983,964,340,403,807,377,468,426,637,162,749,840,811,337,267,666,851,159,662,616,686,707,82,85,915,619,335,850,733,689,541,794,314,498,93,665,882,435,655,172,201,546,50,667,283,690,79,965,819,563,513,769,51,831,606,749,477,221,284,179,57,652,769,32,341,552,28,361,933,548,284,60,376,203,754,742,928,286,343,737,546,588,721,33,608,232,449,872,297,960,961,223,131,763,999,758,834,741,73,750,33,25,406,28,856,791,496,155,621,323,854,475,505,259,434,537,93,362,891,118,298,923,285,166,479,394,486,67,128,857,192,724,447,453,546,109,78,301,600,295,924,598,625,627,957,307,87,11,956,626,895,124,369,775,515,502,116,530,133,105,498,190,917,560,203,957,619,638,112,912,714,170,656,342,349,491,425,901,272,837,155,151,842,735,827,803,945,37,943,872,753,902,589,206,319,358,343,17,901,416,144,426,307,943,86,998,391,835,724,900,994,632,860,871,587,435,439,194,703,8,100,513,789,11,660,765,390,629,112,942,597,661,89,143,669,316,336,470,633,956,985,499,700,874,426,145,216,250,680,252,150,730,603,897,790,511,918,106,10,767,199,636,546,48,502,573,138,947,748,657,750,367,25,710,584,302,335,142,809,672,264,45,704,245,438,738
499,943,84,969,831,923,247,953,798,193,688,580,128,578,858,59,388,395,919,268,52,472,2,388,737,800,716,162,463,13,437,347,193,569,361,486,147,852,595,961,620,349,185,54,267,846,282,668,909,805,922,78,181,419,447,770,644,34,338,38,858,900,525,273,436,110,443,230,325,323,481,274,38,359,545,909,782,230,216,372,124,366,877,109,31,21,591,435,484,691,836,524,281,690,294,853,569,929,92,605,826,548,701,854,849,228,952,413,538,468,902,804,603,292,964,828,741,502,192,753,851,446,180,802,622,635,73,426,239,517,83,980,78,680,924,821,306,783,251,962,799,354,419,436,802,510,940,173,249,316,93,82,737,412,817,285,438,872,565,614,596,389,225,856,61,629,101,767,287,424,51,521,145,339,236,200,856,473,184,96,451,466,48,504,1,796,879,864,762,691,210,705,605,282,183,92,726,256,33,434,193,621,770,960,314,194,43,113,905,164,758,418,266,684,565,301,646,333,815,893,888,528,345,931,871,653,988,28,558,88,247,334,363,420,80,426,205,783,718,716,842,493,991,419,933,307,337,198,320,700,988,945,630,967,618,480,5,414,317,331,721,336,259,640,590,979,370,443,609,823,654,498,645,387,907,459,7,69,410,93,47,828,222,655,461,917,59,783,898,253,114,554,37,364,391,963,159,229,645,888,336,704,703,487,222,375,130,982,616,546,861,28,326,595,879,797,319,22,788,636,619,540,427,25,353,917,383,967,909,24,453,203,406,945,460,444,312,627,475,512,281,818,341,37,3,479,234,472,902,296,380,967,365,709,973,963,640,630,317,32,780,768,245,982,671,690,302,830,197,184,733,991,773,835,812,46,899,746,34,1,962,724,219,660,518,985,768,884,389,98,691,224,488,900,405,128,464,105,52,735
19,421,877,474,450,278,830,336,111,240,265,940,606,670,164,860,395,6,300,747,391,456,355,925,317,619,864,626,945,413,86,128,662,304,377,930,134,33,473,6,498,370,491,550,500,904,788,239,804,756,557,227,714,465,663,364,626,340,118,280,820,58,500,613,917,226,158,767,728,902,894,214,62,8,109,529,336,132,450,858,608,718,715,629,722,654,823,639,340,750,549,51,178,828,683,666,2,837,171,810,205,104,361,27,191,79,274,850,673,379,284,528,379,11,841,113,457,26,653,559,654,606,810,39,756,97,274,501,938,874,779,452,458,675,480,264,114,806,169,334,868,891,334,891,995,527,586,145,909,100,115,726,654,777,452,201,638,763,622,781,70,672,397,779,445,559,760,902,863,779,930,804,709,259,991,198,655,46,66,195,629,991,70,854,615,237,715,142,58,586,982,152,130,821,62,938,375,214,271,892,392,880,219,781,228,835,252,598,380,602,724,858,436,950,377,533,743,180,871,310,898,115,863,407,180,773,187,631,916,394,113,503,485,752,411,506,240,837,461,470,394,359,303,944,258,25,888,146,436,673,603,38,738,255,387,321,825,517,195,594,664,930,731,309,958,755,780,782,396,119,469,356,763,164,379,827,988,153,501,377,701,441,243,468,756,156,307,90,795,511,352,180,593,449,709,58,838,335,349,973,560,69,606,304,741,687,783,894,949,548,314,344,327,781,818,805,902,445,471,770,732,821,360,647,953,673,514,930,668,693,25,65,957,56,596,903,212,939,839,354,532,322,488,17,975,310,582,516,781,137,892,382,104,159,995,997,875,570,398,952,829,958,321,615,337,740,973,144,471,377,636,189,3,28,62,89,605,982,744,413,338,362,708,69,625,160,549,217,38,873,30,277,972,112,655,145,139,509,64,811
549,52,571,36,527,413,968,112,698,298,660,609,537,534,465,125,820,128,522,838,91,683,687,370,16,288,824,895,750,248,111,59,851,272,813,406,296,664,480,460,711,416,834,862,958,554,279,660,183,96,904,554,681,129,794,492,682,973,426,731,107,525,719,764,502,777,881,254,570,591,335,894,644,499,811,895,313,343,836,925,441,214,34,29,952,383,675,592,575,845,304,59,36,253,948,551,180,389,671,326,505,612,182,455,446,94,523,858,382,970,950,207,621,861,587,897,808,152,139,420,672,498,122,296,339,25,881,297,936,343,274,379,213,97,844,268,475,384,289,642,611,629,994,477,626,429,409,752,564,573,688,781,730,132,224,775,910,652,343,105,512,333,489,315,344,734,642,411,587,65,352,121,114,914,895,778,290,405,501,857,359,575,910,352,205,836,783,237,856,939,20,250,638,495,111,699,940,187,749,209,64,258,940,207,812,775,989,353,862,666,948,47,203,848,478,270,211,41,216,666,377,545,11,735,510,974,893,770,674,584,334,190,887,823,526,877,886,78,816,253,124,142,743,436,417,352,880,340,89,244,114,812,625,424,193,377,284,230,399,388,617,904,922,544,498,251,734,922,635,937,73,806,325,299,808,882,952,406,324,311,765,748,521,805,169,224,463,119,575,196,455,929,852,775,363,87,208,654,169,529,574,751,292,426,516,288,903,569,875,460,158,783,514,657,696,487,144,902,478,861,224,959,277,648,779,569,893,150,992,295,55,309,532,841,960,167,698,115,314,743,456,363,60,36,492,112,388,596,257,749,104,84,846,732,295,251,260,638,538,549,312,234,727,858,701,340,522,402,684,184,782,527,902,57,980,891,762,962,780,693,386,454,644,294,662,400,992,561,279,91,79,269,524,63,603,887,979,415,80,563
56,911,398,110,403,199,32,285,362,667,14,679,741,712,971,406,796,232,569,358,283,715,804,618,108,836,530,47,750,864,315,594,46,107,434,165,878,650,494,1,953,410,68,450,138,154,106,147,726,332,903,492,302,717,582,87,609,486,729,313,952,782,228,75,81,863,582,476,721,955,203,896,857,495,418,548,576,810,146,411,42,734,822,498,278,995,29,770,177,726,219,525,566,641,176,190,419,329,603,365,289,438,468,40,5,976,25,664,753,145,881,81,547,671,802,506,514,408,833,146,14,330,662,44,673,669,597,429,465,179,679,800,700,447,979,52,202,515,978,856,958,439,464,923,868,974,528,40,502,231,844,621,794,650,408,950,800,670,107,547,102,290,779,943,314,511,75,406,195,952,857,683,138,845,93,579,403,153,429,297,435,900,853,114,756,408,587,543,22,880,244,980,9,198,78,357,393,431,981,512,316,893,291,681,693,985,923,582,995,480,681,300,552,483,874,593,572,99,471,869,945,18,872,298,796,355,725,687,632,801,107,44,554,326,975,347,398,370,168,821,546,298,658,554,627,502,853,789,230,595,242,2,129,765,718,638,692,985,412,801,188,354,67,55,884,487,336,769,436,662,589,616,720,594,676,354,683,999,910,594,162,430,883,564,655,581,780,166,972,184,478,605,240,358,773,514,49,341,216,636,425,265,522,338,786,986,341,173,32,536,273,647,689,47,592,294,159,861,74,366,673,647,965,175,64,237,636,126,397,612,361,732,522,7,359,178,980,996,510,559,117,34,330,800,443,822,953,642,166,276,760,900,327,152,864,878,674,787,805,327,279,716,793,512,791,551,115,732,942,225,530,582,721,418,913,141,88,119,469,280,33,983,353,716,17,192,779,949,448,33,577,904,527,667,655,531,842,109,229,553
629,83,57,841,384,600,997,193,636,431,998,505,115,204,693,876,867,804,122,118,83,547,975,664,59,584,675,298,117,90,25,345,888,641,66,717,687,213,720,916,224,646,51,25,936,296,43,933,7,821,588,273,271,941,278,258,746,670,478,610,723,591,636,811,417,22,358,835,778,0,840,231,58,97,706,301,357,206,550,728,577,762,914,34,385,300,626,726,475,599,870,741,88,231,237,290,800,952,429,296,799,474,470,770,417,438,620,797,993,903,287,207,900,360,824,142,970,843,498,558,193,267,897,216,483,630,98,515,417,692,478,820,209,275,907,225,39,670,589,294,342,618,557,966,30,405,535,205,847,792,40,695,791,581,929,41,633,327,581,578,670,241,489,538,413,658,46,599,976,508,621,612,728,233,963,189,989,924,164,510,910,654,214,192,496,558,535,675,553,688,41,650,766,805,786,426,381,210,133,281,6,119,132,911,664,672,167,373,8,212,95,408,486,560,644,774,175,513,912,690,19,977,127,27,107,122,47,309,294,574,9,845,282,10,665,602,815,514,658,8,571,24,99,461,252,780,246,740,263,248,200,849,815,423,485,531,594,481,217,314,52,945,621,474,961,958,77,841,661,872,658,117,228,308,253,715,486,962,469,202,67,529,608,956,540,199,987,937,736,532,106,963,887,694,645,255,19,13,24,559,590,314,748,345,250,594,994,442,994,705,638,612,730,670,886,993,813,347,116,158,13,432,625,475,456,145,325,975,340,123,910,703,422,407,778,382,60,460,642,773,948,61,931,230,664,412,687,118,883,193,148,580,360,896,19,493,321,105,111,605,851,854,643,161,960,807,372,300,913,416,965,963,294,359,937,670,21,154,872,918,941,127,624,570,931,775,232,202,755,873,130,772,483,712,180,399,612,510,630,97
106,96,789,468,221,559,739,845,254,182,182,812,525,816,958,542,708,582,965,21,702,910,286,120,98,585,871,321,778,177,314,729,433,271,596,553,241,652,473,938,703,732,997,151,89,466,362,938,559,398,720,857,960,202,981,839,695,477,17,454,263,516,905,877,285,317,255,659,806,595,364,851,5,943,498,629,329,169,114,935,97,718,931,149,253,683,478,126,582,90,731,350,200,346,247,384,3,706,525,251,462,680,958,594,780,808,804,318,103,879,235,752,28,50,419,463,709,597,951,797,295,932,283,557,953,531,826,342,622,804,822,757,662,678,230,199,923,441,437,535,430,24,87,496,125,64,815,267,240,275,430,397,688,88,603,351,719,657,631,645,958,379,341,355,294,260,421,110,184,514,860,573,972,544,857,478,980,355,845,717,289,663,196,418,414,655,769,388,144,587,250,607,246,631,348,873,592,747,794,231,260,806,960,137,962,426,429,992,740,199,984,67,845,222,684,380,662,22,990,43,964,166,215,166,265,76,683,58,283,963,479,79,901,621,857,762,366,353,447,485,287,601,389,992,536,473,656,38,701,722,154,114,788,997,632,888,481,452,130,74,427,283,825,65,419,690,875,786,912,900,780,959,755,969,647,379,63,221,636,673,81,523,178,94,29,894,437,697,752,472,303,765,464,820,365,970,326,618,396,30,392,633,698,58,41,894,696,427,744,38,796,159,911,579,410,713,231,520,687,139,163,153,204,642,796,911,62,986,719,384,631,265,554,316,776,318,928,963,801,633,241,238,245,712,909,934,982,989,687,454,573,9,757,902,478,923,141,283,684,237,127,812,875,422,962,155,901,450,339,640,851,304,606,969,454,353,935,746,330,550,552,158,591,185,374,245,810,58,765,679,185,23,218,495,987,189,568,598,923,910
338,816,612,790,149,782,677,97,742,588,434,778,695,848,956,562,590,775,598,712,224,197,757,77,79,415,685,462,960,780,839,646,549,329,794,295,413,14,843,75,396,964,831,273,46,84,260,407,855,493,325,938,562,466,218,545,122,51,405,409,329,483,861,298,446,986,745,395,852,993,278,763,829,462,335,312,336,14,943,639,781,416,537,969,221,991,699,742,972,675,640,382,522,575,136,710,295,168,830,712,431,411,103,360,508,600,617,522,992,834,180,984,41,79,702,130,305,19,975,280,592,661,663,448,878,60,929,387,708,494,217,6,210,373,180,644,243,130,282,324,392,501,310,583,273,544,531,715,239,847,822,151,591,846,43,917,928,422,186,367,9,705,280,229,342,29,491,799,12,849,667,691,92,133,826,17,529,668,122,646,625,593,273,968,596,414,948,329,524,809,56,751,191,55,776,130,564,318,475,201,557,139,998,113,356,957,167,145,616,947,171,460,189,604,107,751,422,675,861,178,348,281,605,76,526,502,889,310,974,521,757,297,178,774,624,644,909,589,893,389,102,732,551,952,664,845,632,783,288,681,574,902,178,634,657,0,235,649,82,915,911,989,597,548,659,240,686,103,567,10,694,562,124,272,982,675,81,617,796,569,347,44,590,780,437,434,370,230,306,380,974,302,954,927,562,914,798,874,606,948,510,822,370,283,234,669,211,260,298,196,824,436,114,149,329,530,558,174,620,130,756,706,851,609,875,222,318,792,98,201,719,810,256,561,573,561,161,407,3,87,125,772,396,202,649,223,462,784,46,712,189,421,110,198,205,283,71,261,116,390,802,489,786,562,280,179,341,562,695,657,821,938,870,93,236,524,513,354,497,180,177,459,339,101,260,280,128,172,611,166,496,753,344,328,74,147,718,131,347,645
168,705,666,994,550,571,511,977,774,178,765,842,656,920,723,360,430,321,377,613,432,258,957,152,388,257,181,947,688,500,696,258,686,401,299,309,776,828,617,299,17,436,642,418,248,31,459,880,655,75,798,984,678,839,318,986,496,901,100,960,693,659,565,290,119,450,391,472,324,107,908,15,513,599,776,115,151,338,52,612,180,200,287,114,486,743,470,32,71,160,142,506,135,460,56,529,6,505,523,843,938,712,130,505,175,595,577,641,329,495,42,522,414,288,605,181,38,502,749,870,857,376,708,326,261,769,792,964,868,489,616,769,140,904,338,9,367,667,735,69,535,313,91,180,875,208,733,789,819,897,781,470,611,743,12,521,770,877,994,809,234,480,274,824,865,624,273,866,969,716,823,274,622,619,41,990,912,134,491,339,885,3,639,46,277,684,886,103,844,549,589,420,752,73,967,467,825,138,880,669,71,555,233,613,343,792,100,733,151,456,534,351,382,661,88,24,423,405,39,668,310,808,95,97,735,850,145,403,163,815,621,623,479,38,981,846,21,215,526,915,62,252,90,131,822,851,877,653,13,518,600,491,135,197,113,747,130,669,558,219,33,161,579,784,581,403,811,456,630,445,238,335,751,658,312,360,194,325,933,630,812,709,343,188,759,867,149,422,969,312,4,262,83,670,837,554,236,7,460,750,787,618,214,181,891,525,15,353,927,325,869,666,632,643,305,24,888,973,34,366,867,719,39,271,66,348,608,383,103,653,471,560,629,992,940,536,359,73,692,130,959,528,558,477,562,530,257,38,6,715,481,325,690,192,413,917,733,768,670,931,683,610,263,605,81,439,792,441,640,94,90,195,160,441,546,511,444,292,395,616,519,7,526,83,434,421,964,737,467,465,772,951,134,523,699,180,136,977,481,370
212,920,174,779,53,165,228,280,701,248,600,442,940,233,680,594,990,636,839,954,190,424,869,71,334,594,71,497,220,884,118,340,544,665,783,953,758,433,810,488,978,647,985,876,490,902,799,482,910,3,635,961,569,396,312,581,955,597,804,780,428,986,319,967,297,813,783,622,769,348,458,202,382,780,179,30,887,639,793,451,593,171,843,982,334,907,390,386,572,992,315,848,906,392,556,748,867,533,423,786,309,121,227,815,481,940,23,870,737,442,435,978,904,814,131,670,646,533,162,453,671,15,276,679,468,852,602,425,143,735,13,32,170,381,767,112,15,889,919,887,592,547,148,418,4,332,601,348,882,337,281,71,501,842,97,164,142,592,338,62,123,168,267,275,620,879,321,779,573,957,96,260,127,528,121,780,389,229,757,71,399,24,123,99,596,299,122,104,640,372,734,127,52,708,330,308,675,243,841,435,930,235,430,892,835,964,101,543,683,460,184,893,578,613,392,955,726,12,277,726,293,413,399,327,447,743,114,128,278,167,571,238,447,436,600,454,321,654,235,95,316,141,173,718,633,571,410,107,532,143,873,887,885,213,712,231,203,915,725,523,329,260,846,682,639,788,796,389,775,842,333,928,442,626,953,506,635,870,53,599,286,479,398,517,914,31,245,419,592,943,500,842,886,421,114,495,660,380,37,59,737,260,605,435,370,71,240,617,967,649,619,38,207,673,476,376,424,476,124,417,218,461,715,18,706,103,147,811,553,975,1000,652,774,807,92,876,636,2,465,208,688,929,469,571,944,314,440,26,37,948,783,721,201,930,243,326,530,719,752,701,745,147,977,830,502,438,580,658,76,460,80,546,992,881,17,46,448,232,952,409,391,586,428,608,171,811,577,989,105,998,171,862,597,916,542,337,229,892,65,337
696,57,522,681,784,204,966,349,562,427,699,850,5,45,600,33,597,873,668,962,841,678,187,479,126,361,48,34,462,183,267,421,813,302,848,840,176,410,578,132,320,431,881,40,238,582,294,321,977,80,996,85,479,44,715,981,205,904,704,767,868,265,483,869,808,120,135,820,868,66,876,717,190,668,28,924,36,424,449,50,171,173,289,958,554,930,806,379,97,21,791,470,72,123,37,702,150,265,978,955,666,156,871,14,15,863,454,549,58,30,986,804,260,699,801,350,443,778,545,390,839,339,988,976,32,988,963,248,91,969,502,715,35,393,67,625,918,368,495,688,917,183,308,513,162,668,558,609,124,800,360,710,902,567,721,351,917,757,942,111,316,931,962,838,116,641,75,860,641,335,409,975,966,751,369,528,105,165,878,778,398,989,962,718,239,252,735,322,220,451,987,630,449,196,811,570,807,564,768,115,519,893,804,186,882,522,520,592,153,528,567,250,740,48,447,152,884,649,674,436,823,447,640,455,764,321,400,407,542,664,503,52,262,724,302,474,445,275,826,281,341,133,990,930,860,167,501,992,802,735,279,932,627,426,706,324,926,705,581,982,912,712,273,654,516,876,109,685,22,604,73,479,294,51,51,290,925,618,692,98,603,400,438,544,648,492,993,601,165,311,1,361,49,59,155,962,425,314,402,13,563,361,576,731,120,136,90,294,633,637,590,596,54,673,342,219,353,666,650,705,55,384,888,705,247,100,211,488,494,180,610,602,646,653,922,984,926,736,895,515,34,969,830,514,395,882,20,733,930,347,585,381,547,22,407,563,66,51,879,746,906,803,374,549,381,715,387,774,658,75,934,4,920,269,305,213,78,958,490,233,821,591,796,402,44,657,790,821,270,866,626,21,847,854,674,485,672,32,146,455
700,829,872,98,752,872,897,184,914,838,72,568,152,420,540,379,829,538,996,895,572,730,322,320,917,822,646,481,399,672,267,207,810,250,619,621,28,866,269,332,873,257,878,717,123,386,873,148,210,905,410,762,602,394,942,444,340,854,3,564,627,281,537,7,762,239,398,813,137,976,779,121,741,296,307,204,486,339,3,114,868,875,105,94,345,708,409,595,460,287,685,398,397,769,898,611,746,534,901,985,528,248,302,13,918,649,82,470,112,1,344,393,841,675,1,330,476,274,366,817,127,615,565,291,766,435,805,597,546,787,283,680,264,940,683,124,119,917,482,4,107,225,288,773,379,6,402,303,749,978,577,82,576,917,464,254,327,658,3,599,356,562,905,791,702,801,864,405,452,605,61,28,384,468,13,118,897,436,227,12,736,615,662,224,608,794,984,731,549,116,400,723,257,16,485,531,548,785,881,594,423,395,978,641,194,617,417,960,859,274,239,858,922,622,878,229,95,83,563,695,630,896,52,119,750,279,701,618,622,463,179,365,406,390,998,431,865,975,865,867,804,924,48,459,893,127,571,831,521,871,316,65,114,91,839,457,753,577,707,222,393,801,763,360,499,436,621,810,801,991,779,956,707,169,443,813,632,429,694,940,607,182,512,733,208,847,444,618,401,25,990,522,753,948,933,269,845,729,125,141,24,828,517,165,810,945,936,288,867,78,349,542,49,721,472,423,435,875,15,336,556,236,559,383,661,984,473,135,498,118,471,661,880,736,207,308,613,598,921,236,217,718,187,715,615,862,610,135,361,776,941,606,230,153,156,326,568,95,791,404,572,237,382,285,896,940,695,990,372,29,65,813,531,646,901,823,412,803,922,400,830,64,429,188,39,665,438,910,612,453,734,33,736,933,282,749,213,258,346,194
971,740,474,970,182,684,561,9,566,325,582,44,769,993,391,125,806,573,981,379,651,685,479,546,863,525,868,425,38,701,85,399,692,272,856,956,562,491,816,103,416,507,781,765,990,486,271,829,637,245,355,778,836,971,354,868,158,24,598,315,531,893,471,710,746,747,42,84,532,217,877,318,980,914,227,978,759,290,758,58,529,656,831,189,177,398,514,68,899,1,914,375,309,904,339,77,967,221,451,181,142,835,544,329,630,101,561,87,291,456,337,52,444,491,939,988,440,707,276,792,874,351,323,330,824,598,839,75,775,513,515,134,338,207,945,64,693,430,821,142,3,85,731,680,521,428,934,114,476,932,625,888,416,270,456,841,343,155,767,74,851,50,698,336,845,76,639,589,846,618,250,135,864,430,79,665,605,105,921,499,45,21,919,539,461,691,72,323,396,443,626,48,945,302,641,569,145,442,957,34,406,422,937,689,297,146,953,14,505,952,73,939,939,407,958,961,133,269,312,921,60,186,193,896,699,273,550,85,42,2,612,457,531,690,507,369,742,7,71,200,59,14,511,140,573,378,606,166,340,522,715,711,950,564,346,344,252,459,583,501,21,63,877,999,864,233,584,34,144,724,750,93,412,643,322,364,589,607,520,657,927,241,877,636,787,611,109,698,80,102,177,498,263,103,916,515,739,11,530,466,932,778,33,669,119,784,696,984,166,53,335,411,945,398,717,270,928,806,105,390,845,239,557,817,692,705,512,409,118,863,707,472,484,858,753,196,679,552,903,386,290,173,699,238,968,978,113,997,133,454,753,0,808,314,754,688,674,73,480,154,923,388,68,867,714,989,863,926,287,91,225,986,484,305,578,216,365,500,509,776,939,166,119,76,893,80,864,567,227,157,246,140,437,736,351,615,200,652,807,344
905,835,125,271,876,765,5,304,269,100,547,24,333,459,291,103,961,819,5,861,571,87,806,579,132,593,939,65,283,965,678,885,993,8,257,626,632,645,271,468,378,633,567,205,964,174,582,766,921,790,187,238,309,213,737,208,984,743,418,865,558,7,503,355,608,590,200,120,623,205,383,816,127,156,754,134,11,484,274,921,92,821,436,161,744,655,32,146,483,559,656,900,944,941,480,739,860,178,819,689,1,751,770,527,326,162,931,860,773,561,435,763,48,449,287,236,870,626,152,983,991,318,833,882,742,854,82,769,776,16,322,789,840,687,387,657,367,377,550,27,118,581,282,467,390,406,276,135,166,108,440,950,520,933,811,198,91,57,518,735,814,213,180,127,934,798,61,803,112,882,219,218,783,971,11,194,179,956,946,161,264,341,508,802,265,469,743,552,190,557,700,778,910,229,805,673,883,642,83,459,907,980,62,162,37,966,952,875,573,594,558,309,268,402,247,334,57,219,389,734,677,103,119,118,910,646,771,727,496,804,179,468,505,717,600,406,718,5,390,545,861,560,78,620,912,87,118,863,372,154,693,214,865,683,954,319,861,938,785,679,647,865,149,386,586,835,48,106,304,229,475,242,196,214,912,566,869,437,291,746,372,780,465,375,281,476,593,577,789,474,891,535,944,824,774,642,114,196,116,404,80,356,598,720,754,325,155,318,675,120,981,362,629,115,427,937,156,278,140,551,17,699,725,455,138,180,379,980,525,46,234,542,684,386,763,398,418,494,474,853,136,163,569,10,219,414,89,522,375,179,35,676,642,721,794,97,808,486,360,545,113,286,985,187,206,484,169,349,534,890,242,638,237,305,307,150,110,741,689,723,942,637,337,486,204,99,302,215,428,801,845,33,940,415,448,850,969,147,333,496
247,889,107,982,443,369,88,935,772,459,460,320,285,154,137,94,278,431,573,934,938,558,425,108,786,262,705,342,286,968,833,9,561,446,811,366,163,360,56,450,564,120,120,961,124,298,800,382,732,968,21,618,100,153,354,254,521,691,857,333,216,38,286,752,130,762,519,555,20,703,649,714,943,241,901,328,533,175,156,398,134,669,780,133,859,144,453,667,747,979,118,18,610,925,585,735,256,703,294,940,819,660,481,292,858,280,972,868,408,818,509,550,454,558,559,113,892,325,543,200,863,520,386,78,540,984,222,239,257,283,410,140,408,893,154,67,639,298,147,559,570,247,473,511,649,855,557,363,496,458,822,741,282,322,465,835,982,578,891,64,28,334,527,16,648,572,333,617,817,274,827,906,541,194,418,439,248,553,299,652,543,373,691,189,996,104,372,699,228,644,158,403,103,159,991,843,882,733,711,540,769,584,676,286,368,118,574,939,983,344,111,162,569,396,763,710,621,620,806,381,813,708,273,272,887,472,924,821,514,33,974,867,217,425,637,420,505,992,761,299,283,484,267,767,403,705,16,964,43,111,423,372,388,180,56,320,588,517,23,163,768,12,851,192,821,680,378,808,567,559,72,921,993,367,81,959,396,28,971,678,253,492,302,319,819,428,213,986,923,326,308,896,525,896,457,788,365,818,889,814,329,164,82,547,149,952,530,746,378,371,701,217,778,305,88,511,14,451,527,553,823,390,68,962,781,995,946,347,572,466,427,605,727,198,22,590,108,880,528,934,212,262,245,27,411,51,561,91,252,776,291,191,79,625,573,844,346,784,378,708,917,25,621,541,546,57,432,894,432,462,987,565,480,948,415,300,749,576,396,646,334,730,251,156,249,610,443,848,177,651,105,997,381,675,122,853,178,832,320,182
168,236,638,958,724,609,287,576,3,588,607,460,631,788,363,898,221,548,779,374,892,731,642,609,949,383,158,163,223,169,694,14,47,762,340,428,272,611,837,829,685,614,493,552,244,990,134,729,392,232,369,832,638,368,179,425,685,38,290,936,534,49,25,242,489,503,626,383,866,319,761,144,467,195,227,17,189,249,700,536,533,713,980,703,222,605,23,759,649,613,595,647,99,604,355,471,995,614,802,298,90,60,597,571,407,635,11,942,319,484,224,216,576,509,632,375,557,216,366,170,534,382,989,939,741,549,790,669,447,816,101,202,282,211,876,841,446,294,643,963,990,432,877,317,504,426,303,867,191,784,683,31,911,139,602,484,68,532,744,66,737,646,876,116,651,73,983,422,0,725,459,155,582,429,162,519,837,90,933,946,702,817,625,644,372,934,138,453,146,171,117,804,667,91,606,441,284,290,125,37,174,422,135,721,951,214,656,961,159,853,354,565,154,49,656,590,423,973,673,783,0,972,291,854,168,503,493,990,631,199,169,116,767,663,102,871,342,511,269,509,999,779,337,913,170,667,506,973,91,900,760,773,39,432,72,446,706,337,66,980,233,449,318,900,380,748,341,568,91,790,106,820,556,23,539,835,781,565,441,808,655,519,611,127,642,276,630,42,33,233,674,788,242,226,612,278,413,551,455,135,90,808,895,418,767,20,655,723,80,786,942,228,940,514,986,364,639,559,437,426,357,910,840,575,889,519,334,513,900,946,999,86,494,353,15,344,833,427,16,713,599,790,183,424,976,638,323,802,457,238,416,765,116,558,701,30,992,32,142,618,274,17,987,439,136,938,94,974,301,931,77,669,698,45,809,280,623,600,600,624,753,489,285,530,600,72,523,865,703,210,419,956,65,815,348,838,91,309,478,172
455,247,575,797,14,153,596,166,895,190,698,203,777,814,956,862,655,397,997,621,800,708,22,227,372,34,824,215,987,359,799,656,544,447,300,883,464,706,765,782,936,712,639,274,14,755,695,335,127,673,131,414,662,841,202,94,276,503,669,39,79,617,433,252,12,178,624,654,261,998,137,207,491,697,666,546,103,184,241,891,568,768,964,492,115,126,844,845,436,139,386,172,173,402,848,330,143,537,236,713,706,87,685,604,836,322,916,870,524,430,704,873,793,857,285,323,553,793,592,150,378,222,251,397,359,590,284,631,865,389,78,105,194,599,932,582,475,98,730,508,565,354,117,645,139,570,218,395,540,114,901,500,10,847,788,948,502,565,814,826,105,68,662,693,498,887,65,391,679,514,18,266,454,618,495,355,826,89,816,130,221,350,946,581,831,414,330,276,748,115,511,517,24,657,831,553,864,909,541,441,232,826,658,206,664,325,783,273,15,94,53,89,209,847,737,161,937,270,626,458,188,915,869,287,388,206,762,836,700,526,748,588,631,829,596,293,163,89,92,106,163,752,685,909,763,609,921,509,241,144,332,132,940,250,257,998,555,975,734,235,43,808,54,334,451,486,720,967,559,296,686,505,307,869,865,663,962,204,80,716,109,812,359,97,114,8,442,717,322,225,751,380,125,620,575,583,299,946,991,142,235,751,309,579,29,998,466,328,381,370,142,613,519,47,377,698,101,346,764,792,922,893,353,634,964,848,452,515,687,981,502,717,779,543,814,137,862,801,868,623,516,988,517,880,145,209,383,668,857,490,313,684,558,603,550,818,501,411,804,698,927,596,327,144,493,114,276,70,830,366,874,859,813,440,501,448,824,99,256,883,542,738,723,403,758,425,196,246,622,469,265,897,766,60,435,954,883,462,337,843
357,805,914,54,675,716,1000,286,509,811,554,85,378,133,648,422,584,574,430,633,226,452,872,992,51,558,166,510,32,522,378,527,676,844,199,165,307,885,661,142,753,6,900,863,666,948,781,779,327,75,565,327,489,260,242,22,6,357,881,175,407,777,408,545,668,901,751,141,825,343,541,941,27,672,7,132,498,325,895,143,490,726,856,6,255,60,269,562,700,842,950,832,112,516,454,417,215,461,722,694,684,721,941,991,273,253,893,495,862,288,552,470,124,375,842,448,650,89,255,272,942,463,583,645,72,873,626,844,818,830,677,401,106,295,161,213,546,610,726,13,258,166,838,146,371,986,79,917,69,14,356,350,738,287,660,706,668,114,419,706,529,790,559,126,632,815,296,904,639,163,444,555,72,926,761,611,938,480,0,122,529,809,470,447,619,254,285,15,617,516,47,771,202,549,605,778,362,373,708,994,83,472,278,85,479,574,76,753,758,982,535,994,358,527,891,547,434,295,454,423,728,985,513,602,159,0,584,794,33,592,847,357,861,139,677,945,465,148,198,166,660,48,105,867,2,509,234,504,803,740,321,790,186,634,752,537,53,101,12,217,963,335,539,558,664,107,478,771,728,22,537,648,85,566,404,54,697,389,721,144,675,511,331,153,233,207,531,897,205,175,941,883,487,299,310,57,299,654,46,712,174,603,854,703,653,133,216,925,765,476,0,344,482,186,881,184,721,686,615,994,380,905,327,812,7,838,236,565,321,595,148,904,581,655,202,690,450,437,592,229,594,6,762,583,993,192,668,595,108,766,699,285,619,269,159,48,107,591,158,226,804,756,496,922,301,690,878,311,461,898,164,363,947,887,424,677,270,952,560,35,51,810,866,780,150,608,791,837,767,794,91,663,115,85,158,461,775,636,753,79
425,697,283,528,282,344,773,480,101,463,11,549,618,876,379,45,384,743,662,355,570,448,529,174,25,378,793,917,481,927,479,883,442,852,928,597,459,471,799,441,899,545,57,633,142,828,224,599,915,701,354,976,990,131,21,120,221,844,202,878,464,708,129,734,595,867,223,682,853,417,675,354,682,41,802,773,764,426,868,616,480,566,695,579,790,170,982,256,766,689,508,718,335,69,38,476,523,642,894,521,896,6,461,987,65,287,166,421,632,507,721,700,627,208,170,238,532,911,592,22,719,464,514,557,862,425,401,427,446,820,87,166,226,48,621,114,68,412,444,356,640,443,724,763,728,863,408,652,217,772,776,930,789,789,576,592,651,150,151,545,346,624,373,325,830,512,329,287,922,510,137,201,249,299,850,308,460,507,23,611,198,39,655,393,156,187,3,778,459,739,559,233,990,697,465,129,714,515,135,799,420,890,82,383,238,533,931,779,652,677,377,112,364,911,562,785,656,674,715,857,866,338,122,862,107,739,215,508,842,990,441,884,262,316,378,913,733,361,332,276,951,847,813,262,299,53,376,984,371,130,375,112,218,622,771,134,945,268,737,92,877,804,65,897,197,248,753,320,876,196,28,127,440,955,913,760,788,514,768,983,981,107,357,158,277,738,471,551,50,236,84,103,13,370,246,677,959,104,986,71,50,330,310,581,811,354,390,369,856,247,920,324,41,834,611,828,402,728,861,60,160,145,642,354,437,911,323,196,116,854,268,287,521,884,812,63,771,846,530,592,87,926,250,914,211,561,942,442,372,640,581,169,435,899,706,880,716,973,559,490,160,5,372,486,783,733,958,829,259,998,261,653,318,962,54,385,568,998,148,628,410,14,777,355,705,92,532,921,132,661,886,186,381,328,506,310,326,196,726,628
949,29,115,656,675,943,270,719,382,545,255,630,38,197,13,536,670,554,948,62,902,388,772,719,72,698,961,748,45,678,541,365,872,448,68,465,101,580,474,102,613,413,324,85,738,151,915,339,665,521,968,275,224,149,102,490,356,506,70,677,94,883,164,471,774,80,524,816,683,94,75,570,707,407,249,654,247,203,741,517,568,397,296,833,646,588,348,933,978,91,354,581,455,426,397,659,456,702,315,807,998,852,607,503,647,721,949,128,459,440,231,107,938,638,962,80,821,700,7,750,960,836,626,158,247,47,241,554,666,988,329,594,644,804,574,773,321,38,210,573,87,487,625,666,697,486,556,306,519,581,892,35,747,30,161,448,319,458,237,169,573,539,375,783,766,472,330,641,331,600,566,297,9,267,347,865,302,287,156,930,393,567,171,11,207,48,940,387,728,390,163,79,243,520,301,575,580,619,303,712,321,377,494,839,980,795,812,894,205,222,902,773,316,186,127,397,252,943,959,261,769,775,565,370,150,593,380,22,219,564,863,284,706,565,203,157,907,591,394,575,230,781,568,785,765,114,513,231,526,611,800,939,64,666,548,585,339,344,259,410,632,637,728,37,910,43,958,106,99,700,906,929,429,802,580,982,960,829,843,316,334,342,386,201,855,136,880,666,961,141,222,39,445,899,170,679,986,603,364,194,831,90,50,356,852,798,612,101,340,502,990,753,710,455,103,660,451,606,822,327,608,125,47,147,56,205,457,390,707,970,755,640,93,497,315,96,706,356,291,394,132,842,313,708,117,489,21,688,206,989,984,288,153,747,288,313,621,959,955,331,816,326,934,12,255,700,340,776,357,349,81,694,931,799,835,314,362,351,163,312,709,854,471,184,251,380,134,702,530,847,789,632,553,139,267,721,797,559,913,873
498,944,843,457,603,934,247,56,300,851,929,535,77,570,940,991,919,285,650,721,358,434,383,629,75,179,676,854,184,882,999,21,762,477,546,357,972,157,556,907,197,901,481,820,645,936,548,729,646,254,638,109,738,446,806,71,644,583,924,515,561,751,546,994,291,679,571,622,793,761,818,574,957,644,530,702,262,887,50,736,815,779,338,745,209,271,675,201,265,513,952,56,789,114,537,276,948,810,765,774,509,769,656,915,210,195,494,895,627,222,40,903,349,924,995,892,169,464,996,524,323,636,32,851,106,771,249,723,273,585,271,444,202,154,26,300,789,797,618,505,362,192,912,606,663,572,364,199,199,498,673,628,873,49,883,282,326,57,292,713,372,391,49,670,576,555,426,469,823,661,834,228,966,991,19,990,315,774,999,986,429,422,966,820,16,285,26,571,515,69,132,164,460,869,507,852,689,13,662,191,527,416,368,400,866,755,343,986,337,468,988,296,636,58,47,407,588,333,306,681,624,296,255,780,112,270,517,628,994,453,952,582,442,152,223,544,609,805,120,759,630,646,249,453,807,412,149,64,264,616,223,746,314,993,187,615,741,888,754,968,196,760,928,60,435,71,391,615,143,298,207,315,376,370,377,503,264,861,59,421,103,495,734,975,645,599,509,968,261,311,918,20,800,540,236,783,575,798,219,630,937,119,827,451,522,516,239,502,280,246,263,335,272,506,233,445,705,783,270,983,347,90,690,57,532,629,695,992,133,417,47,219,759,770,694,155,194,599,205,478,472,688,188,336,812,683,488,581,408,935,537,401,227,108,683,863,589,379,389,540,635,890,780,294,363,222,511,787,984,947,336,351,718,246,304,540,488,431,910,369,502,354,927,813,89,894,7,650,956,186,753,330,627,680,9,672,937,900,748,624
768,249,717,575,177,466,883,582,763,339,621,597,451,145,333,519,406,994,792,522,751,823,802,493,393,543,643,774,762,133,614,631,707,230,992,937,936,666,298,281,225,595,30,275,171,159,85,477,908,732,932,119,122,484,116,702,785,320,750,632,938,324,483,735,362,891,902,755,886,325,501,951,728,481,775,903,585,469,509,124,629,511,959,550,161,355,358,987,619,979,195,228,262,915,272,863,653,194,307,459,987,22,892,441,9,635,374,482,624,854,155,262,80,361,667,225,20,484,460,341,146,331,621,877,114,859,566,9,278,224,507,350,409,932,662,337,878,955,873,755,695,3,902,534,807,203,338,427,211,437,366,696,281,200,219,676,550,447,596,728,525,542,235,820,608,122,708,682,528,623,915,291,675,205,445,844,81,116,841,340,769,734,348,985,511,499,602,304,627,571,664,152,141,235,614,763,305,125,461,519,890,36,980,153,117,828,974,468,720,577,567,341,243,721,689,295,414,316,18,679,362,55,164,656,146,638,155,962,416,708,677,110,396,605,75,305,237,749,816,205,832,223,629,184,0,814,647,914,857,844,469,457,605,668,681,808,601,867,405,569,158,319,672,464,490,768,243,562,894,822,212,929,274,285,812,439,110,324,388,906,55,925,380,11,531,141,654,272,980,241,988,545,760,417,884,995,98,545,135,941,202,31,450,467,78,997,960,874,432,308,781,598,369,0,103,153,542,671,878,210,586,247,628,163,894,566,110,745,718,198,621,934,436,249,108,24,206,62,754,341,322,950,258,420,676,921,781,837,85,7,824,337,536,883,393,491,115,527,292,718,136,676,940,675,517,124,937,77,89,281,99,451,510,119,477,185,358,773,99,197,520,558,922,854,398,590,707,675,631,622,110,837,258,416,729,776,317,946,467,452
859,438,62,224,978,156,108,582,706,656,801,933,942,953,928,40,433,217,5,775,344,968,893,496,463,410,500,933,934,250,415,360,264,711,725,290,300,951,622,60,528,581,306,610,862,546,862,424,725,277,405,228,938,662,731,481,217,294,335,915,655,425,141,757,409,137,460,236,484,91,690,705,860,404,268,191,339,205,91,132,218,547,14,891,686,878,49,600,291,382,92,315,109,15,61,655,867,572,43,466,514,655,85,633,406,253,949,729,453,537,391,683,525,283,67,313,418,238,444,298,8,581,447,819,197,284,765,832,295,723,207,261,124,961,761,138,63,676,613,821,227,819,858,342,124,457,482,17,389,623,445,287,276,441,743,637,819,451,225,283,707,55,604,660,550,262,363,652,831,81,614,974,94,284,112,800,787,869,998,366,549,286,696,210,986,986,102,435,313,192,807,971,170,179,87,572,716,268,388,363,531,811,79,438,774,917,765,19,496,419,384,470,958,949,658,450,14,377,542,504,142,120,995,300,339,539,61,326,776,913,51,651,921,801,369,670,489,778,563,411,137,382,314,591,686,809,771,840,936,33,759,841,316,407,431,677,610,472,72,250,720,274,942,268,965,695,962,529,281,145,582,725,823,487,575,678,148,358,638,214,846,995,128,374,472,500,133,462,990,559,735,202,763,329,619,533,636,524,781,843,451,466,996,963,699,935,838,755,377,603,847,590,672,647,725,690,352,705,80,440,107,318,726,537,87,930,23,550,132,161,84,131,373,541,504,478,175,449,516,238,56,801,409,279,631,907,793,516,569,933,999,515,616,334,605,395,798,0,741,890,511,239,960,591,858,796,765,295,347,251,842,568,338,695,943,110,33,972,937,976,758,281,19,42,647,979,878,895,272,711,893,803,251,269,1000,422,673,287,138,667
502,850,744,550,760,888,358,307,16,62,452,683,500,352,483,469,43,258,604,518,12,310,592,508,95,45,616,800,913,895,850,667,937,972,290,221,912,916,335,389,963,286,776,678,890,769,629,121,732,415,898,669,654,321,349,400,986,510,223,173,62,511,734,403,229,6,621,188,20,177,987,320,657,978,583,478,211,739,984,205,694,101,597,197,895,451,247,737,15,260,542,682,17,185,746,137,214,551,583,700,738,478,758,843,143,484,181,794,258,901,95,43,394,626,508,158,40,150,7,226,832,967,958,696,107,19,454,535,162,926,247,475,166,362,323,291,395,651,741,564,536,113,294,68,315,971,27,81,189,825,57,767,940,406,103,874,14,92,633,650,594,178,929,927,701,2,457,482,299,273,12,378,295,284,398,463,439,522,66,370,233,677,354,869,992,619,845,36,452,660,369,167,594,413,387,489,35,224,842,622,501,335,703,544,707,977,43,339,104,79,5,34,960,942,822,330,927,881,628,432,988,868,586,825,754,280,93,867,402,494,349,6,600,661,154,88,906,760,143,374,407,93,226,605,739,288,317,923,211,647,967,273,718,901,580,21,150,337,466,316,651,610,722,287,484,978,444,323,984,756,42,375,599,696,209,50,319,714,91,917,618,55,860,847,888,985,999,459,849,758,922,471,893,267,840,674,212,865,441,955,939,802,179,59,171,202,383,887,185,594,777,322,206,429,600,550,50,470,697,464,949,300,519,668,912,550,661,587,405,506,714,922,168,508,532,196,860,784,270,98,182,400,456,434,839,665,317,383,267,80,348,856,300,709,960,853,561,703,356,911,108,166,705,307,87,947,803,442,725,686,260,6,262,146,617,221,548,191,381,165,77,346,606,641,566,712,689,274,204,138,992,593,482,22,629,405,875,245,484,780
374,901,13,108,317,308,373,253,321,265,162,805,456,616,928,109,317,300,663,700,366,803,840,914,985,554,493,823,68,388,204,433,569,317,551,301,843,951,952,60,243,183,741,641,445,530,232,542,603,828,342,158,91,1,195,930,695,903,119,155,208,604,889,629,654,805,948,402,895,95,973,513,762,31,165,464,932,400,983,90,798,513,122,88,992,897,205,113,643,678,88,99,435,781,138,263,613,33,360,711,731,285,938,559,337,113,654,461,274,275,817,497,179,694,415,577,704,874,306,462,64,507,847,297,32,374,156,309,750,600,46,710,95,961,358,732,440,833,640,621,671,665,50,478,813,857,584,34,923,116,940,4,379,160,717,404,762,191,493,775,897,480,875,122,410,190,890,959,637,616,100,83,822,695,197,484,913,460,399,619,999,1000,545,203,359,238,667,137,600,893,170,274,250,40,828,71,765,159,889,867,786,405,50,886,938,647,179,977,694,918,17,390,592,480,760,634,239,691,401,252,465,687,589,404,159,101,239,525,686,385,286,696,276,260,703,303,190,326,190,987,40,247,180,236,334,154,907,482,962,772,844,784,134,329,397,237,515,122,647,447,939,62,27,344,934,669,811,334,212,268,192,717,619,322,504,330,143,321,558,210,102,48,448,318,174,688,850,975,590,928,977,11,74,553,434,992,315,328,843,177,1000,78,538,639,601,588,555,361,338,887,42,318,96,476,232,407,539,69,377,60,244,968,935,423,477,355,765,915,376,441,612,869,955,386,543,297,626,817,295,252,434,336,559,510,199,959,466,824,266,500,416,154,847,668,914,877,170,208,765,827,599,269,647,336,521,598,957,877,249,930,383,899,503,45,113,59,964,421,781,361,274,385,276,57,746,749,721,553,590,867,318,96,854,360,935,536,704,149,272,94
902,228,839,26,805,631,475,58,880,484,855,249,968,540,759,701,438,99,318,161,721,278,599,506,728,723,235,884,908,659,31,239,316,604,199,824,630,311,928,568,207,159,634,804,267,699,641,863,833,925,509,834,362,308,411,692,114,4,477,703,234,496,747,206,69,160,905,697,53,14,216,249,453,819,381,942,633,384,648,399,441,33,184,370,517,187,246,844,442,308,380,211,836,362,205,452,874,379,399,530,576,603,660,428,914,88,390,30,111,139,447,591,438,333,811,920,632,853,538,476,119,86,954,520,796,804,822,815,864,504,426,518,666,480,200,671,861,580,41,539,129,557,856,573,850,830,723,71,229,287,657,518,479,952,472,579,480,277,622,62,907,501,970,282,424,598,551,997,139,364,302,892,469,261,970,736,131,891,20,16,770,564,675,7,367,586,717,263,644,368,653,720,979,881,24,799,664,635,23,522,640,473,671,925,887,403,849,428,180,975,117,331,552,347,215,868,835,580,797,95,141,637,340,7,632,396,821,105,333,318,792,470,369,185,838,482,700,220,678,153,946,406,13,907,63,863,376,660,586,587,45,506,900,778,79,69,955,607,180,379,404,463,177,961,501,824,733,438,919,494,286,2,457,992,473,514,347,764,132,963,58,154,339,732,243,1000,334,246,143,932,472,977,857,732,368,232,864,631,179,402,188,568,224,621,60,372,371,45,469,413,446,489,767,351,829,656,85,931,20,46,920,818,638,880,404,787,393,311,251,867,965,473,386,451,599,720,336,876,254,30,735,381,364,364,16,67,76,11,826,37,910,923,113,743,126,582,466,957,743,149,225,611,401,428,913,476,247,546,422,919,148,705,541,356,52,246,615,941,738,549,921,993,322,976,172,497,467,143,776,131,858,442,397,431,71,43,704,588,963,418
121,134,761,86,985,851,650,825,183,820,113,806,895,112,765,82,112,400,714,111,85,570,861,512,248,678,431,652,427,184,575,972,871,562,667,953,549,726,905,853,287,961,349,325,687,292,638,923,440,139,838,419,700,86,524,517,843,255,864,873,789,248,705,244,423,791,537,943,542,301,866,515,793,583,729,331,979,990,178,339,403,923,494,486,300,936,975,438,849,700,799,932,613,944,911,868,60,276,733,975,167,773,652,977,326,167,866,855,944,705,659,2,637,451,374,445,966,697,596,103,467,988,595,848,877,991,77,169,128,578,156,30,291,201,198,762,59,760,356,368,313,57,53,559,399,289,837,144,293,647,96,80,929,982,741,178,430,467,136,761,146,560,163,612,8,723,720,955,455,644,458,454,784,768,658,301,701,180,872,422,95,836,430,172,667,773,917,739,925,481,386,164,501,663,161,924,670,331,749,558,457,599,182,948,516,834,881,272,604,648,726,667,741,253,87,956,917,930,820,687,990,929,400,561,96,155,656,123,908,736,620,354,149,538,670,18,956,792,510,868,822,965,320,106,645,314,601,762,316,769,963,10,930,1,259,647,309,42,727,271,856,806,627,800,674,269,823,644,648,455,875,211,941,252,887,204,648,558,148,743,278,33,953,601,501,358,798,908,981,798,914,924,625,52,953,42,227,12,528,195,884,418,798,434,703,753,709,840,516,20,242,322,127,333,630,102,198,128,607,617,546,440,524,319,99,935,204,80,813,714,485,750,776,914,859,370,215,373,281,243,623,969,62,488,713,962,39,454,363,437,210,716,726,56,257,118,829,19,294,43,885,975,37,634,310,617,904,949,613,201,507,78,554,746,918,569,809,387,241,363,176,48,64,505,554,237,557,485,293,828,203,350,35,5,65,111,939,327,273,241
593,471,174,336,592,357,95,957,788,339,981,105,749,647,611,710,308,994,88,269,355,877,764,372,917,47,288,753,985,901,297,320,928,163,727,617,301,33,673,82,668,406,613,350,549,506,332,752,227,188,362,314,367,136,557,791,268,855,921,371,267,799,295,759,952,286,296,575,681,580,527,605,473,449,589,621,228,211,129,999,693,405,107,903,461,33,843,247,973,663,716,689,744,137,775,923,866,785,731,306,160,634,279,296,363,810,314,4,881,356,797,119,584,475,632,45,507,87,276,834,617,791,632,303,974,277,622,171,333,765,823,652,978,309,253,591,511,30,545,516,596,813,849,630,624,695,812,12,411,313,653,633,568,942,878,708,354,10,522,463,907,643,61,244,520,358,152,638,760,487,101,852,419,161,97,657,619,756,331,945,984,720,685,433,998,61,160,425,8,284,98,263,326,105,34,8,803,838,360,331,34,853,877,868,191,104,377,173,175,619,84,473,109,435,43,619,155,499,256,445,937,371,180,829,182,759,166,920,657,106,174,357,320,938,65,374,328,262,410,316,12,794,94,74,55,398,62,652,866,446,632,861,482,515,127,254,695,636,539,371,885,282,977,712,911,348,472,595,654,967,161,947,97,504,310,768,862,772,260,381,918,680,459,723,441,798,77,674,192,514,300,38,9,56,575,106,913,295,405,375,95,312,297,649,728,982,834,368,807,641,118,280,680,325,471,506,492,145,613,588,145,375,414,676,676,571,321,785,629,454,509,289,84,255,460,744,934,353,370,783,173,924,725,443,132,345,729,582,384,479,538,978,941,293,403,170,280,969,446,657,155,488,150,765,629,653,427,178,541,807,250,138,71,722,380,366,80,302,657,72,804,110,704,432,472,977,53,466,45,436,637,573,552,783,927,607,111,491,486,0
417,439,90,709,910,308,727,144,162,574,419,935,845,413,455,420,549,535,923,234,956,296,151,538,430,583,570,588,865,935,984,563,719,794,90,968,43,486,130,39,208,571,477,564,206,405,365,588,958,545,13,129,118,486,312,733,694,664,684,605,207,88,404,844,967,805,842,301,463,92,462,455,10,77,188,231,760,994,619,455,568,572,879,360,776,217,48,744,174,495,105,146,931,664,767,152,346,906,876,422,532,272,267,852,729,933,945,876,407,288,92,313,565,712,786,93,219,829,500,664,408,254,462,92,864,207,826,852,688,137,660,808,385,320,575,331,940,862,807,919,950,438,725,211,605,736,654,849,965,21,468,251,168,742,12,172,691,944,237,526,378,412,661,430,144,289,378,845,605,739,697,496,33,29,71,730,622,453,740,512,390,520,83,418,242,630,518,488,856,864,466,874,331,261,137,308,633,481,612,391,850,470,539,408,414,920,577,750,812,387,841,873,464,471,342,874,896,481,700,381,542,134,833,535,207,400,563,799,558,380,106,438,823,842,23,702,801,532,551,79,661,695,808,411,932,532,126,307,651,764,177,725,269,341,61,805,181,46,440,364,447,845,347,897,998,210,412,317,935,188,336,435,860,400,676,38,732,179,894,474,904,811,729,335,999,58,327,214,621,709,802,327,222,382,247,164,935,106,793,533,550,672,882,502,232,221,857,773,512,171,970,871,947,595,697,575,604,172,284,572,420,221,655,419,768,493,560,752,251,364,532,422,494,116,372,423,748,544,489,1,591,860,306,42,1,153,530,392,270,225,550,601,537,975,950,942,595,418,404,579,601,859,553,130,151,375,556,100,607,206,643,866,44,190,520,650,634,199,717,119,193,337,435,743,334,155,221,371,363,737,687,25,247,119,723,52,207,352,168,560
711,249,629,430,850,647,462,354,916,261,949,15,156,961,284,568,740,729,358,55,822,569,911,458,191,274,124,449,821,273,69,57,900,907,369,935,641,652,27,508,818,58,209,430,105,295,701,759,63,994,662,817,99,759,450,464,641,219,172,247,539,202,547,455,64,533,316,69,543,874,871,466,396,728,323,661,931,498,220,211,942,228,914,673,709,117,250,193,443,704,50,446,634,194,576,839,346,640,532,404,703,837,84,677,390,223,535,998,945,222,472,414,39,494,142,905,179,74,271,924,922,209,422,533,335,184,977,436,157,754,809,326,919,261,81,612,239,302,155,46,872,627,690,399,95,863,397,612,376,519,208,994,944,517,459,278,943,16,307,856,999,408,26,778,587,309,732,590,193,183,851,301,223,630,290,564,335,866,723,844,721,393,454,289,699,310,80,993,203,759,543,720,77,115,552,536,632,361,123,924,539,980,55,620,429,706,738,944,791,629,579,297,476,520,951,332,669,483,870,913,553,19,747,802,940,420,246,630,358,512,86,95,783,970,815,395,413,481,875,895,840,120,77,842,846,929,246,110,724,853,53,875,636,846,488,262,193,793,775,15,806,479,873,46,364,475,499,23,351,837,488,455,709,683,896,259,726,645,732,352,17,571,692,491,232,936,257,329,339,28,464,486,659,175,87,624,161,359,547,967,887,757,519,616,532,806,916,996,377,356,182,350,187,534,962,73,564,900,301,638,697,587,801,236,447,433,270,296,198,681,398,351,423,332,615,250,471,343,428,649,53,758,399,64,859,415,975,909,49,824,203,764,175,759,721,808,252,347,703,827,535,3,127,137,350,256,377,346,753,4,720,1,711,499,613,744,941,61,743,202,691,662,292,926,727,98,28,846,833,298,489,372,774,424,490,701,399,823,142,752
332,758,470,488,908,466,217,106,49,289,723,760,4,274,442,112,335,651,611,17,233,284,241,707,333,71,961,810,865,85,975,529,983,684,56,17,103,84,416,423,369,212,570,216,677,522,527,418,679,610,943,819,360,311,143,111,308,990,601,702,324,105,548,936,528,881,363,631,435,16,821,22,170,237,704,803,330,41,712,197,85,64,236,156,833,644,777,463,161,662,105,935,404,846,760,270,828,699,69,369,628,891,88,406,768,663,765,641,99,709,743,801,752,247,571,412,517,637,859,956,375,418,382,582,328,454,103,281,197,745,478,539,363,639,954,860,520,6,699,697,194,895,983,917,598,297,715,811,440,239,49,631,301,270,193,701,628,566,365,816,59,758,618,952,821,322,135,527,690,961,810,350,844,668,653,618,615,339,480,601,589,122,697,155,976,518,968,963,468,370,891,187,265,915,183,462,815,147,319,93,771,321,588,719,7,948,374,544,228,886,405,389,939,868,257,131,693,755,647,40,542,775,208,609,570,380,5,162,79,830,235,587,254,655,472,396,716,543,718,361,123,100,371,873,943,91,102,6,231,892,176,73,655,147,403,557,280,514,161,890,781,835,748,39,39,644,341,404,628,871,927,999,35,238,541,752,525,217,829,824,890,969,315,331,94,82,319,168,158,620,945,104,359,24,851,159,889,368,2,520,599,838,903,815,540,346,297,326,560,143,41,866,272,464,368,51,918,118,920,869,731,956,26,351,310,182,934,378,257,867,877,634,88,233,296,887,853,505,220,705,784,793,367,645,937,763,814,288,745,481,890,925,970,293,666,223,411,435,407,801,989,989,935,616,703,883,422,104,857,171,318,172,602,107,409,634,784,442,558,679,311,319,792,619,24,3,94,246,49,289,339,719,577,113,31,666,330,9,906,111
753,249,569,608,580,319,301,312,991,112,644,641,288,462,274,552,292,489,351,438,520,925,303,452,332,687,646,739,204,146,398,609,221,563,756,443,552,750,646,306,466,589,339,589,979,65,697,571,43,302,890,590,481,361,499,66,778,651,513,417,924,249,496,764,511,647,81,496,728,30,445,505,763,172,790,41,661,230,952,272,301,230,768,362,301,783,454,610,534,348,570,677,340,458,293,750,48,677,889,252,624,211,700,714,227,989,693,248,406,47,956,53,501,578,697,300,54,280,279,574,771,606,35,370,219,895,203,338,323,136,177,247,841,792,301,567,912,676,960,336,364,689,677,225,435,895,233,681,751,580,627,924,226,348,167,989,930,284,63,431,439,311,765,199,336,100,105,444,519,230,852,88,738,10,816,5,612,498,721,90,844,505,662,928,606,197,21,466,104,614,678,30,674,823,559,693,640,517,362,260,407,738,289,244,124,31,981,769,704,454,933,667,304,618,749,619,279,561,458,549,530,383,911,461,496,343,777,203,17,102,227,116,214,827,53,153,449,846,731,839,65,195,169,874,303,725,408,133,863,530,623,787,723,491,584,689,49,506,692,274,198,425,526,58,296,978,267,127,48,136,636,94,384,426,804,346,23,502,648,270,340,723,315,656,254,467,382,691,618,118,642,25,871,187,26,501,818,681,718,46,174,172,347,277,194,199,630,46,42,612,297,884,711,629,81,78,418,573,829,524,425,655,247,215,660,730,57,157,301,178,873,616,511,497,326,313,536,238,841,40,801,666,244,139,84,817,654,548,93,331,931,812,565,494,25,948,668,316,207,733,424,258,693,375,409,109,640,479,540,969,170,137,445,569,4,727,182,959,561,914,538,237,90,224,767,230,349,82,688,306,926,533,811,565,346,301,838,401,880,710
332,730,281,1,548,477,220,491,296,854,785,48,273,738,268,389,456,498,953,578,517,89,296,298,551,183,530,637,451,156,312,828,569,862,439,857,620,558,100,194,339,817,458,598,598,179,916,12,74,175,982,685,439,542,912,638,11,166,78,251,404,685,953,851,803,298,105,614,428,997,299,339,348,686,874,180,743,339,408,926,542,270,933,40,853,608,973,180,687,460,867,112,343,101,102,704,625,546,581,137,277,220,824,389,284,212,124,317,355,526,489,121,388,545,41,10,608,645,945,510,373,457,55,398,91,0,497,334,42,357,910,564,520,326,30,445,209,464,238,316,174,169,778,66,897,68,58,601,455,721,193,863,768,629,50,30,673,421,875,75,768,997,941,20,501,948,618,906,560,724,565,385,68,398,449,260,929,24,904,464,619,686,212,144,750,652,242,299,23,70,971,556,565,874,347,215,6,703,25,965,410,184,252,274,141,76,643,184,527,368,687,647,122,486,842,390,604,593,782,76,982,327,1000,855,191,618,285,28,999,610,427,205,323,622,578,344,478,392,83,888,30,483,699,199,698,731,423,263,693,762,266,773,824,833,570,966,684,546,240,121,638,736,215,954,538,185,338,553,463,565,256,621,538,761,163,297,455,122,665,31,502,661,99,174,860,600,559,146,530,333,734,661,965,858,899,337,442,962,350,205,457,933,700,806,663,65,12,194,104,287,354,110,527,562,865,137,751,545,947,345,723,259,56,752,955,540,635,451,127,270,227,861,683,903,791,693,943,664,338,469,274,885,347,419,9,904,349,592,156,561,117,404,70,499,908,50,722,891,159,616,942,616,579,955,884,223,924,3,461,607,172,262,179,483,885,658,422,257,885,395,925,603,796,935,266,729,615,939,114,699,635,976,812,741,684,612,806,879,119,769
202,30,824,498,504,907,641,664,525,57,810,666,308,864,509,902,254,618,968,940,706,27,268,42,668,50,808,433,815,916,688,462,663,302,247,393,185,681,457,31,867,506,644,884,242,18,180,457,676,81,209,119,699,111,18,745,775,683,170,915,352,926,82,772,69,784,147,523,91,89,525,278,989,103,363,374,940,884,109,649,762,828,559,192,114,570,643,831,273,579,496,574,212,240,705,514,37,850,746,253,257,700,312,190,267,966,430,185,342,285,856,214,694,976,599,865,652,842,250,319,797,468,277,238,708,907,925,971,364,706,218,513,847,927,114,907,607,510,192,675,692,739,140,423,946,838,896,64,252,984,762,580,820,927,310,867,537,904,76,989,530,834,626,11,919,213,199,308,567,543,454,224,668,950,529,129,4,778,587,820,508,164,72,408,257,214,994,152,263,230,592,523,972,557,875,94,842,846,352,308,369,770,834,136,849,999,500,347,169,593,806,373,984,985,443,106,760,895,594,28,181,204,948,552,247,111,157,379,713,644,111,223,73,819,807,667,251,411,735,965,581,884,38,896,583,999,91,572,716,629,84,563,977,782,414,994,366,922,661,326,405,374,881,26,203,726,42,277,969,115,877,494,829,659,287,582,24,892,847,824,221,842,777,653,232,459,59,567,493,352,438,877,112,612,704,98,315,703,904,208,499,701,53,396,112,153,90,215,607,335,438,816,489,992,733,873,856,129,673,975,787,175,688,620,0,290,402,133,238,269,437,713,519,477,157,991,830,425,48,850,661,345,755,706,779,877,670,607,521,244,294,617,541,480,564,197,199,294,686,832,547,224,536,886,28,4,236,228,474,227,267,202,943,272,101,781,634,933,646,980,690,544,982,310,370,930,834,904,934,464,172,547,320,978,109,586,78,157,969,368
665,914,937,20,166,285,666,424,865,823,552,354,159,521,776,938,292,517,119,259,311,212,253,624,927,936,245,459,566,723,875,198,352,478,232,973,414,849,324,130,705,745,836,595,686,120,982,956,995,320,418,614,191,716,790,645,550,940,638,796,456,127,467,241,542,485,188,900,808,48,861,68,550,41,439,754,659,791,257,375,273,128,181,0,347,897,119,549,138,370,140,7,401,638,171,119,612,969,557,998,382,551,959,302,890,232,976,163,894,226,739,552,731,366,509,341,300,285,272,93,676,630,162,337,917,703,802,220,93,64,815,120,364,690,321,677,852,750,848,131,23,146,549,230,214,352,730,111,473,132,972,559,427,876,832,15,314,88,182,78,523,816,439,558,985,922,516,800,423,431,434,312,240,189,907,516,414,895,89,709,324,60,868,588,476,60,633,201,453,29,924,537,835,259,795,97,386,541,947,523,390,401,36,360,542,616,564,884,447,431,338,651,457,807,292,213,219,683,72,502,101,995,101,357,130,322,345,953,120,933,326,4,372,434,439,417,416,540,654,490,914,503,857,89,426,17,897,448,282,402,220,532,308,451,268,792,988,584,947,160,326,684,44,638,20,215,255,557,780,734,360,657,914,1000,992,242,263,870,831,732,413,78,915,353,288,96,315,162,541,773,752,400,133,908,828,437,693,256,204,419,625,433,895,802,222,463,460,352,727,191,5,213,61,488,160,879,785,789,387,58,9,652,436,112,954,644,272,634,665,451,481,902,189,736,890,119,332,293,18,85,483,721,752,494,591,309,696,633,922,536,959,159,537,916,451,23,7,794,48,733,158,324,249,496,146,199,918,855,424,986,604,288,799,368,6,54,324,693,663,481,269,204,846,279,173,208,553,19,169,500,201,915,751,750,305,936,109,47,189,947
78,580,144,937,992,841,552,617,938,539,810,150,468,438,390,419,749,504,253,587,551,340,240,522,793,905,211,948,495,191,369,72,591,95,858,491,5,109,498,16,731,46,949,925,845,763,43,404,634,89,986,382,243,841,256,676,514,90,7,461,108,777,146,260,365,627,200,316,723,743,443,364,114,638,427,264,859,327,456,655,663,937,648,755,336,112,874,772,713,503,520,681,473,831,321,57,883,23,67,756,97,98,872,294,81,276,121,409,162,7,437,154,101,967,874,316,74,79,366,317,204,113,659,789,433,256,179,379,691,63,240,375,586,879,364,610,755,795,164,165,304,16,615,797,11,637,393,685,759,10,802,550,5,1,684,190,916,153,452,232,481,447,423,937,671,15,55,862,157,843,970,480,452,159,90,148,671,981,744,85,475,19,222,767,640,332,189,573,824,268,808,79,492,783,852,254,597,634,214,647,913,851,617,305,894,940,844,870,128,179,498,964,703,154,362,109,365,596,750,762,547,960,526,59,402,655,56,936,363,244,991,52,702,716,613,291,290,703,922,631,538,51,752,282,502,682,419,870,863,680,324,91,840,700,603,331,849,991,208,966,959,406,816,333,164,279,388,27,752,307,738,135,712,913,587,530,464,863,880,878,773,133,839,780,333,86,636,448,594,301,883,412,872,60,420,555,712,67,824,720,398,320,467,470,719,897,675,195,61,711,846,599,708,672,888,926,138,849,992,474,290,648,438,276,303,675,780,686,608,178,387,572,822,577,606,15,877,234,639,432,259,477,942,359,923,359,526,251,870,612,85,445,944,959,475,833,896,235,978,887,602,866,320,156,10,471,658,766,569,337,649,539,794,893,203,922,127,691,813,75,461,361,834,340,19,985,486,992,242,299,550,649,53,857,638,997,190,786,952,748
359,758,728,70,240,90,752,581,834,949,484,313,497,902,327,560,937,290,286,852,208,810,218,418,69,715,689,135,3,661,572,541,639,845,508,450,947,422,914,79,21,178,636,527,134,593,135,644,981,929,101,831,820,231,819,738,833,156,854,614,387,868,96,661,662,394,888,166,79,601,256,990,871,110,238,634,204,218,369,629,484,834,771,246,940,817,841,510,337,287,914,381,293,303,632,317,297,606,796,296,466,224,443,141,834,314,51,538,284,377,30,520,542,520,452,548,947,634,514,543,950,914,334,683,890,994,862,128,91,561,807,651,311,438,925,797,558,54,77,815,825,85,501,389,719,361,287,414,385,441,466,74,967,846,969,5,492,441,235,476,986,65,790,32,739,429,35,933,497,522,293,109,981,630,693,325,294,665,133,386,351,681,757,630,991,618,113,679,630,840,869,77,998,851,540,310,627,898,659,584,431,497,257,787,959,208,657,949,201,805,477,242,686,602,368,11,303,799,535,604,15,504,376,663,659,306,16,669,421,392,110,184,556,405,782,61,636,39,168,781,596,334,446,378,131,211,753,722,355,412,486,445,481,443,736,658,200,340,221,352,94,361,76,227,622,587,521,617,226,659,515,139,421,72,451,319,59,933,339,984,815,4,287,414,147,390,333,487,289,376,593,709,36,541,493,367,0,907,383,459,75,212,58,714,671,309,961,955,812,22,772,834,994,116,572,800,543,128,338,702,230,122,782,358,150,349,12,500,954,290,725,439,353,171,988,106,4,376,79,248,138,724,339,908,55,493,504,299,563,556,561,321,801,965,1000,623,704,449,312,575,516,48,213,545,461,667,882,364,81,448,411,222,397,763,745,846,136,735,448,864,918,511,181,937,772,419,360,293,698,77,79,520,587,386,288,327,815,512,811,727
880,560,4,868,239,832,617,123,140,412,39,627,621,682,229,34,949,942,675,833,658,944,718,17,495,217,939,217,34,781,57,675,123,69,92,181,679,705,338,467,781,121,906,569,821,238,595,464,151,403,669,15,895,419,671,89,400,494,760,937,253,497,758,383,312,410,695,548,518,657,563,894,251,167,290,78,294,929,384,615,920,550,630,618,782,51,314,362,599,146,420,802,139,547,771,337,147,32,766,381,98,268,28,336,935,128,677,705,440,923,308,673,403,982,715,851,264,537,877,918,429,838,122,696,976,370,323,707,895,643,150,925,114,810,743,562,234,124,689,361,568,391,527,842,53,109,328,20,634,77,703,537,86,760,671,223,830,102,503,692,284,842,534,747,866,55,839,289,889,553,238,98,177,701,791,865,458,807,546,123,528,11,654,859,509,669,289,396,198,933,425,593,248,234,692,872,3,625,90,487,327,817,268,846,415,67,466,113,38,442,126,627,78,44,270,255,1000,989,35,25,295,721,406,89,180,459,502,165,788,610,640,465,931,75,150,655,30,229,918,722,490,908,760,432,634,236,272,793,168,666,769,738,23,832,496,763,793,411,989,57,856,152,349,103,802,372,951,839,917,878,269,410,648,869,966,716,54,570,151,548,108,412,613,467,932,676,889,674,39,737,132,527,237,960,85,890,290,235,674,260,609,208,189,920,507,176,429,675,478,542,979,546,643,474,258,610,503,430,960,853,524,678,8,986,922,221,280,496,68,962,852,829,276,466,327,787,483,670,163,668,669,62,567,874,631,430,605,906,306,405,95,825,579,859,344,140,942,1,745,865,896,746,246,646,602,91,327,106,210,415,8,205,926,432,701,778,82,706,308,580,303,828,399,997,224,589,85,663,11,213,890,707,787,271,406,911,607,2,312,937
645,888,683,322,300,704,828,626,939,427,691,779,520,232,434,853,437,16,766,489,891,549,378,57,981,462,152,6,179,331,968,657,801,436,206,588,35,79,345,429,700,794,658,227,102,483,246,381,823,438,251,718,260,84,91,571,627,415,395,274,193,84,140,934,856,61,623,759,104,99,487,428,489,446,818,659,91,406,177,655,320,115,92,860,504,953,812,665,869,759,733,416,947,915,562,392,200,364,228,824,156,775,539,472,496,386,346,166,951,208,444,587,719,873,560,784,62,528,479,75,777,965,763,462,741,858,649,227,630,679,378,336,550,134,250,939,664,776,207,801,347,890,788,714,488,546,77,577,347,222,381,572,956,465,457,567,153,490,853,849,602,659,577,267,772,932,734,688,210,821,232,510,675,730,203,43,217,285,159,117,149,348,199,905,37,587,288,324,406,296,25,246,301,904,915,300,460,518,408,275,21,337,650,517,769,412,45,255,413,487,257,640,600,54,656,287,925,897,476,454,497,109,297,249,769,426,426,88,73,971,107,683,679,539,569,158,277,174,54,929,784,126,46,919,866,132,841,617,853,409,285,356,42,417,262,65,768,843,309,629,661,696,631,991,137,503,647,902,334,512,969,529,40,206,249,292,319,386,617,967,964,883,301,634,960,791,582,535,73,844,803,432,370,715,23,455,202,760,789,108,519,810,325,86,560,445,737,919,709,420,77,227,259,753,327,794,800,114,180,569,55,701,215,306,659,483,536,60,335,186,707,690,817,501,367,344,868,390,365,733,72,799,719,664,223,513,754,755,258,18,539,169,309,171,567,545,824,324,207,689,368,300,53,511,312,889,283,855,519,470,809,307,356,358,173,867,812,762,748,542,348,543,858,433,601,405,227,89,830,638,145,471,575,882,179,463,663,854,766,521
684,389,781,51,961,226,670,167,882,763,454,360,722,267,139,960,939,555,174,130,592,242,399,751,23,347,431,850,11,720,154,536,648,286,59,300,675,594,24,416,447,814,289,839,920,652,467,793,3,707,148,804,690,707,659,709,742,604,602,381,660,504,590,150,894,29,191,860,575,476,95,401,620,147,375,445,388,681,998,847,202,96,482,141,405,229,611,783,440,411,254,644,680,780,643,605,515,152,307,917,305,862,726,538,926,887,310,981,303,42,327,965,30,220,255,42,194,931,851,970,677,519,438,929,710,482,669,617,10,672,39,369,718,406,827,699,400,364,519,869,6,11,813,241,229,101,587,723,686,185,516,281,379,710,751,380,177,611,696,414,903,246,919,455,457,449,109,418,339,54,983,398,282,189,13,802,700,968,212,107,548,228,707,166,601,494,542,98,996,199,891,767,972,951,639,434,830,484,385,75,573,737,803,833,142,721,846,415,96,506,211,395,298,925,227,291,18,465,513,345,116,903,255,327,621,282,509,722,858,689,558,152,938,139,716,598,951,777,703,809,167,189,549,497,72,939,920,361,986,415,202,181,415,292,674,637,575,43,957,553,68,180,882,35,407,574,898,228,832,146,913,400,983,618,88,147,438,734,770,861,25,890,626,171,983,615,650,460,267,601,330,528,483,365,510,650,51,831,205,900,785,597,68,498,37,9,985,570,801,979,118,548,284,407,118,839,279,850,151,61,326,90,408,342,415,656,24,358,579,422,885,454,725,60,457,376,529,919,307,838,547,196,568,621,680,31,527,565,985,500,474,658,921,169,464,561,632,712,496,973,570,425,153,3,872,468,220,653,129,914,684,73,761,587,379,970,792,316,922,61,182,499,145,861,71,394,784,867,150,527,527,765,189,76,186,122,870,660,97,409
