66,497,430,645,169,141,496,436,984,376,472,230,436,896,598,411,494,434,651,401,24,883,8,920,67,865,302,124,592,270,526,17,701,353,718,988,677,548,402,601,546,264,866,23,601,331,575,108,673,30,212,824,341,31,21,535,608,348,162,590,587,426,689,8,334,389,132,415,454,230,125,612,423,355,190,857,691,771,87,803,69,170,638,36,651,819,805,416,559,741,184,804,168,457,935,183,843,273,151,564,37,991,986,137,420,201,433,631,578,208,946,675,300,30,16,745,793,394,885,51,291,729,457,312,493,222,439,930,185,447,267,852,852,685,725,76,704,72,2,686,669,155,350,527,403,432,35,700,754,891,31,236,160,465,318,723,210,851,994,57,729,254,703,626,762,228,737,43,681,703,503,266,707,587,284,154,360,116,129,439,227,787,887,7,868,937,365,873,76,196,203,348,137,208,239,33,317,60,554,171,607,471,965,618,151,724,957,450,448,305,543,414,761,325,995,143,622,19,659,977,584,322,51,912,296,306,899,168,993,687,90,830,373,371,430,25,46,931,375,430,172,753,906,55,973,271,734,451,355,375,854,83,445,65,772,456,208,791,802,619,277,521,660,285,714,407,448,723,607,346,7,438,751,298,79,61,482,703,470,608,474,20,478,998,97,604,815,133,911,804,700,901,724,302,878,637,592,801,395,163,281,538,861,474,983,347,865,353,801,587,897,568,650,215,952,862,364,633,723,90,665,996,992,826,629,553,905,945,102,941,951,425,520,394,635,877,725,375,638,11,235,74,895,599,264,209,888,384,81,948,935,519,938,806,202,768,37,686,567,511,414,8,250,118,674,274,464,639,72,444,452,960,981,448,544,795,84,52,497,907,606,631,452,390,741,179,775,740,731,466,555,192,100,229,391,424,823,147,832,343,135,110,35,194,425,31,879,888,380,119,146,268,371,650,397,634,304,702,673,664,36,662,721,724,646,339,622,436,446,306,560,439,340,710,150,598,61,675,540,436,977,213,225,129,21,438,689,594,41,860,772,834,705,312,158,280,616,59,672,962,785,189,95,54,632,371,662,843,816,866,250,201,534,137,461,768,434,58,652,951,596,339,64,317,954,138,345,427,283,59,563,404,273,631,395,286,548,727,677,881
771,422,134,938,532,984,307,369,825,56,516,869,861,544,306,609,468,40,684,132,529,404,355,248,638,602,224,327,28,336,590,298,914,366,941,500,513,154,380,944,924,732,186,13,40,802,483,130,900,328,407,558,940,308,125,150,653,185,438,695,891,937,894,929,324,487,519,912,526,236,98,336,104,530,209,18,610,942,113,458,328,543,26,992,649,752,640,265,509,208,132,125,401,714,252,747,39,0,99,609,483,641,487,969,676,917,886,424,956,942,34,227,944,614,587,442,304,646,769,704,769,683,962,170,310,80,9,996,123,66,990,144,679,599,161,94,943,951,389,183,760,209,71,696,318,822,839,977,360,400,349,883,343,855,53,377,247,410,655,727,399,448,394,737,79,289,417,566,653,577,586,425,45,650,950,664,216,803,757,590,871,35,864,147,808,343,922,767,689,135,236,893,816,851,495,506,275,339,532,384,772,584,559,658,352,209,766,596,573,760,566,629,36,298,88,35,594,78,875,373,36,607,878,711,726,966,791,846,979,116,730,768,265,727,949,94,896,57,611,778,242,203,620,326,953,714,12,647,115,266,597,403,700,601,415,436,674,758,647,570,29,766,834,882,810,956,981,45,837,462,950,144,57,385,377,117,803,343,380,241,258,555,391,746,649,529,146,15,420,463,363,645,776,134,816,471,807,548,989,547,639,320,947,327,556,933,103,675,775,708,707,481,114,621,46,550,387,144,114,153,269,821,428,367,976,328,741,376,431,607,347,633,349,995,195,642,253,887,17,556,333,173,552,878,82,709,188,989,67,174,951,81,160,277,465,286,611,110,328,335,633,898,944,277,326,227,735,128,352,934,444,919,825,375,998,184,101,991,113,990,660,218,815,203,920,999,740,822,918,453,41,133,875,271,29,264,857,531,480,41,778,435,117,519,95,366,514,76,917,65,776,58,428,547,486,135,241,22,546,210,635,307,382,621,979,658,211,65,278,29,157,433,385,403,907,406,312,446,602,400,554,313,97,913,961,943,157,780,215,197,857,72,622,44,414,987,752,251,591,73,937,631,394,513,143,740,333,549,742,425,399,907,729,989,776,327,543,5,622,134,127,69,1,50,612,595,947,903,686,275,394,784,32,201,548,261,262,952,468,612
920,518,436,856,888,747,241,416,569,612,87,476,691,719,387,700,253,279,427,330,121,915,187,168,348,506,389,799,517,210,666,374,699,899,454,881,913,411,867,801,652,414,980,462,108,184,550,128,603,964,780,679,281,727,372,570,459,274,519,964,419,534,270,965,562,260,54,854,293,601,626,39,110,392,343,248,683,415,709,600,463,713,973,833,437,843,639,484,944,268,217,114,545,226,598,890,593,992,439,518,549,732,914,256,907,168,252,988,30,428,254,125,390,121,386,785,402,578,950,618,753,792,945,636,915,943,286,929,515,163,624,232,590,679,690,528,716,28,785,736,289,212,210,162,358,662,991,995,206,950,535,698,52,137,997,413,399,215,944,447,641,19,227,362,874,657,490,670,138,994,282,921,7,307,721,935,598,145,746,30,724,478,643,821,703,568,586,957,293,74,993,598,708,247,387,407,274,937,667,483,206,342,891,638,69,464,487,226,56,483,806,950,495,364,150,487,183,217,654,394,381,891,198,170,300,598,366,478,128,490,959,825,879,219,975,639,519,104,929,850,686,209,602,97,819,750,627,240,619,251,64,534,674,381,891,450,908,59,383,370,742,452,613,880,628,769,21,798,340,824,70,353,406,64,670,599,299,152,939,359,223,667,571,643,732,172,475,178,301,250,847,896,850,285,672,897,263,656,827,299,660,638,924,400,410,613,819,66,673,895,319,222,367,755,572,410,803,410,773,868,657,398,630,514,17,31,49,78,240,489,934,379,96,0,872,619,78,379,678,260,591,660,82,289,813,572,23,911,513,885,11,857,794,482,406,154,367,586,670,101,454,15,902,84,995,775,685,685,516,180,453,393,610,177,950,296,689,845,634,897,476,681,244,776,101,498,419,53,19,555,7,960,718,858,103,366,772,651,801,812,758,407,181,331,289,146,276,342,499,455,995,454,902,357,28,338,803,304,741,63,352,945,531,967,662,443,377,430,768,195,981,167,931,462,340,628,981,930,938,274,884,533,297,437,251,958,746,686,911,770,728,884,363,239,213,419,690,642,93,401,108,482,695,510,993,211,861,273,161,590,984,496,21,535,902,261,95,561,769,414,337,370,83,985,592,232,707,938,361,767,596,60,196,373,227,883,413,167,667,810
784,906,452,379,491,268,142,803,660,140,855,107,157,950,459,319,972,144,102,519,231,184,245,163,196,809,81,604,881,793,460,980,672,533,344,954,977,439,179,692,558,936,564,799,941,791,299,143,604,957,121,438,994,999,613,62,62,951,510,123,256,562,725,13,1,621,859,365,289,428,847,156,180,514,960,245,464,349,229,323,112,456,534,45,428,890,865,704,136,80,996,477,648,762,437,294,995,132,540,395,981,738,988,19,904,749,244,222,595,806,574,995,16,248,487,663,283,983,44,785,719,20,456,784,893,848,792,830,858,89,877,504,800,184,380,995,453,657,677,115,586,556,822,8,33,187,407,813,455,747,277,351,813,703,346,27,52,432,267,13,964,291,993,347,280,850,228,847,755,461,614,594,875,219,602,1,718,760,223,127,413,786,441,238,351,84,860,672,977,247,975,117,532,767,52,473,964,664,368,586,116,541,968,35,736,782,932,236,779,871,547,303,939,206,122,930,68,194,285,821,557,239,918,654,452,745,803,935,471,671,705,656,442,70,750,439,711,649,784,175,552,777,620,187,801,770,176,474,14,294,455,439,866,859,371,75,375,320,505,450,853,738,58,987,924,37,132,203,517,482,340,75,917,729,995,265,309,736,231,594,698,962,12,421,739,901,854,658,729,770,518,753,278,285,589,737,361,610,165,876,927,789,603,821,297,323,462,974,874,896,79,967,892,203,213,621,321,759,562,493,522,317,734,474,857,104,520,247,607,551,344,575,878,511,369,51,478,764,357,562,837,98,718,744,483,320,614,334,907,461,302,252,870,934,667,669,978,346,366,392,493,12,439,611,804,412,908,463,81,45,578,318,127,300,214,407,641,334,471,650,480,622,104,165,237,10,685,823,957,98,79,745,939,20,367,850,460,548,717,406,194,433,703,930,690,233,479,640,623,765,254,453,290,931,889,711,814,867,481,348,570,854,423,201,657,261,235,247,834,325,471,881,852,45,553,513,338,689,886,866,564,546,666,500,640,914,332,867,684,638,656,154,720,566,38,949,572,642,251,938,420,881,904,60,167,936,238,406,672,725,739,778,439,65,410,321,369,613,586,145,735,975,398,672,858,494,788,638,196,48,720,383,338,357,428,264,831,441,16,724
187,615,781,824,438,143,477,971,785,829,426,488,738,290,500,322,690,668,942,304,597,41,78,971,591,70,900,483,863,865,690,775,600,494,876,875,108,345,898,690,517,519,827,939,624,489,645,260,600,106,845,181,920,74,336,35,288,712,87,60,744,619,355,746,154,441,107,505,82,971,192,959,701,276,469,740,419,817,264,888,624,244,439,302,374,146,699,455,14,724,406,681,876,918,541,622,680,375,165,122,660,650,994,898,660,203,743,749,774,396,689,99,353,511,326,550,777,961,487,186,345,191,834,139,126,756,220,910,39,322,150,318,224,206,460,256,736,147,960,945,631,183,297,779,389,0,199,269,112,291,619,590,505,777,21,759,78,956,521,542,695,301,999,345,965,754,67,226,138,753,609,563,565,288,412,106,322,558,975,730,990,81,147,259,847,460,263,406,641,447,653,870,672,24,133,741,969,966,435,498,833,584,432,79,509,333,500,666,682,742,291,976,885,631,319,577,51,598,416,185,363,849,536,880,991,862,153,604,150,729,553,11,683,426,541,78,997,696,206,915,357,638,896,182,597,713,523,402,221,58,692,209,11,719,71,120,320,522,948,895,227,495,411,64,746,284,702,237,230,513,346,80,419,445,477,849,581,135,606,344,908,439,781,829,572,318,324,450,520,618,246,804,515,30,837,635,667,856,799,826,137,859,343,686,918,238,218,8,293,372,73,359,509,981,360,672,588,775,737,301,340,498,632,790,214,258,615,686,280,470,935,158,665,469,568,426,195,421,41,490,904,262,102,99,515,8,511,368,65,454,526,918,624,353,507,795,802,289,634,512,73,68,353,419,916,871,321,762,577,187,480,655,504,732,711,15,881,98,164,193,957,142,183,656,576,540,269,488,675,663,938,89,145,350,221,309,709,77,328,515,270,596,35,364,637,863,190,577,472,935,688,820,310,805,809,636,751,688,988,792,328,263,416,560,149,96,32,71,142,677,699,899,258,632,17,635,670,949,418,300,397,271,712,755,497,423,709,840,335,852,221,218,831,295,482,202,125,105,949,37,455,362,555,311,43,283,206,10,91,784,637,182,279,438,298,34,502,319,856,489,93,222,245,125,247,493,442,901,664,954,534,586,841,38,402,654,408,325,839,556
719,745,739,408,507,897,384,94,902,355,28,216,207,657,863,245,1000,998,996,646,510,7,671,123,141,760,120,381,933,654,496,87,198,90,248,646,909,496,924,73,68,9,505,78,325,852,252,740,195,393,868,926,524,231,322,869,375,712,266,301,247,639,984,207,946,755,376,324,382,327,714,77,766,199,784,514,415,184,888,544,677,367,411,227,357,186,176,719,261,246,729,57,480,759,831,394,997,256,32,955,111,400,551,974,953,395,875,234,601,948,714,235,870,208,904,201,782,900,147,991,994,669,16,512,859,785,196,493,258,475,176,516,874,458,448,932,54,664,7,804,504,817,477,920,354,818,260,691,786,511,916,525,601,405,729,992,906,597,412,93,369,107,873,199,868,187,377,525,140,40,96,469,938,575,847,627,707,532,725,229,801,877,85,274,796,453,653,906,185,426,297,560,369,596,912,572,218,35,543,333,556,55,708,580,343,403,342,512,592,406,100,825,528,82,549,845,744,605,102,967,388,236,705,940,893,203,762,639,222,616,238,300,731,659,682,532,165,444,935,863,168,62,801,635,187,834,167,451,712,529,818,325,565,598,665,231,110,586,606,665,409,975,667,442,581,611,353,532,765,976,893,933,357,338,582,82,647,231,962,547,276,379,735,86,422,898,876,217,481,977,498,371,821,453,517,243,294,410,388,917,848,575,498,481,880,419,286,42,902,142,267,508,501,866,632,834,159,792,816,470,109,280,917,778,158,724,969,625,931,434,467,336,417,907,395,563,504,326,792,187,197,955,720,477,438,297,277,467,931,985,226,464,88,691,707,921,344,444,754,43,1000,563,359,538,523,344,442,306,787,196,555,611,643,261,59,19,570,894,754,315,835,791,117,161,235,82,365,695,428,492,548,659,703,621,631,446,311,882,920,896,693,100,694,306,999,19,888,29,430,423,309,533,513,787,115,655,795,324,763,424,188,221,921,552,354,355,302,850,336,359,791,406,122,543,426,814,200,528,420,444,641,53,18,226,174,622,168,761,287,16,883,23,569,968,85,61,287,233,86,548,926,582,513,661,947,195,950,655,688,671,714,266,120,191,774,956,796,628,370,328,931,892,3,145,379,305,836,946,235,985,821,612,109,593,584,148,225,773,342,252
262,294,435,375,318,510,64,828,804,569,66,246,732,912,34,42,739,796,15,279,122,822,490,433,155,178,895,829,693,665,480,676,316,727,10,527,123,642,911,559,388,231,842,878,663,376,229,160,172,283,777,394,610,146,616,855,379,850,265,707,248,696,237,837,112,564,212,140,509,519,620,963,807,563,504,939,389,350,882,723,993,497,845,946,780,874,529,854,358,472,444,801,369,453,433,816,998,360,693,774,0,271,196,904,253,663,493,605,709,780,379,779,704,485,339,950,450,54,724,856,776,263,919,303,610,146,426,29,820,115,935,97,462,822,965,708,922,719,334,297,105,544,67,897,365,788,189,968,443,669,742,17,146,376,401,294,875,602,475,577,717,741,897,100,587,874,803,548,144,643,874,667,67,852,814,182,216,157,77,513,962,937,484,197,756,261,681,519,286,518,228,457,297,768,254,839,71,436,235,13,270,7,478,571,675,550,748,574,614,127,925,714,343,27,545,745,255,107,671,327,783,620,394,339,980,667,125,637,201,396,419,122,772,423,815,973,201,598,426,418,519,65,444,128,632,891,85,930,227,692,303,67,939,427,648,326,446,177,203,832,941,89,348,221,56,581,533,435,212,13,433,362,462,59,857,357,3,541,460,412,471,702,2,525,676,440,746,690,595,301,459,906,445,303,254,435,318,924,272,263,767,697,915,212,8,327,201,356,251,210,583,266,413,928,225,845,894,848,817,978,163,336,887,389,153,445,91,141,35,913,583,762,519,732,333,405,872,467,993,804,536,80,777,269,830,846,765,686,980,294,214,483,69,737,334,850,577,374,386,381,678,314,663,877,557,753,485,916,39,325,242,746,493,872,773,496,659,675,688,166,578,476,336,294,704,508,98,563,500,156,528,205,520,385,644,510,747,640,114,912,498,614,954,933,998,390,145,166,688,906,209,19,948,614,317,700,717,209,944,96,762,926,30,262,268,462,17,225,759,864,77,821,866,408,328,228,94,368,463,901,871,798,159,317,611,568,993,196,980,272,76,483,590,47,135,822,661,541,755,646,741,641,390,365,905,336,221,85,653,714,447,62,783,162,410,961,79,630,669,715,584,39,463,109,303,280,973,143,184,385,555,723,585,343,998,799,718,451,279,36
757,573,540,754,817,235,839,632,466,467,409,643,638,485,711,185,483,51,465,139,111,513,265,123,757,488,810,407,344,316,407,352,818,107,159,938,305,993,194,798,485,4,868,368,28,169,230,767,753,282,81,253,188,187,16,805,588,128,108,332,436,465,508,798,500,895,454,753,544,152,877,145,908,905,853,183,964,439,610,792,985,897,323,491,604,498,718,62,299,52,889,660,489,888,441,945,523,186,427,893,729,719,689,365,308,221,258,922,52,821,6,822,118,380,72,85,732,463,496,589,726,495,140,94,431,377,771,62,711,236,747,24,384,852,499,319,111,565,662,340,183,556,753,37,824,726,489,147,902,230,684,685,125,873,991,696,845,5,822,229,594,84,826,874,323,973,737,87,919,457,358,73,868,453,742,498,627,422,758,90,298,311,301,130,452,118,85,627,195,982,222,136,145,86,972,63,347,891,520,95,890,797,142,664,582,575,317,335,209,978,621,387,594,535,738,428,225,791,418,634,986,778,10,621,113,151,36,333,435,939,317,741,727,901,316,480,317,187,698,121,467,349,945,563,741,959,417,858,72,940,717,907,206,21,834,435,31,524,563,829,200,268,804,74,402,396,973,310,39,563,663,709,917,580,152,60,218,102,874,351,779,252,226,924,852,1,22,56,162,848,728,170,167,121,204,127,901,174,217,62,450,989,542,614,726,873,705,680,779,398,997,489,361,233,811,586,929,492,300,469,671,725,727,109,329,833,104,217,284,624,414,418,324,869,192,593,94,490,39,361,939,760,154,710,990,221,554,99,653,500,136,751,865,313,707,155,708,308,914,484,708,375,393,506,34,701,378,299,844,359,323,727,564,815,945,79,181,551,966,469,966,460,453,830,484,984,686,592,161,193,174,669,571,899,76,963,739,168,713,542,322,868,541,578,848,133,403,801,418,571,956,512,634,814,762,327,329,439,206,605,353,0,825,614,934,700,433,542,517,283,816,562,488,372,68,403,678,548,240,369,77,694,623,96,373,73,682,602,54,533,191,399,356,46,983,963,699,337,589,642,826,967,519,5,334,806,783,560,108,897,381,872,410,428,341,448,777,850,75,309,126,67,443,528,289,988,429,375,931,407,960,323,435,144,344,73,214,460,369,784
293,630,881,202,352,825,254,33,193,626,662,273,13,402,358,391,569,302,579,395,83,273,715,182,884,634,829,162,86,149,677,504,421,4,250,324,888,516,996,176,651,568,728,881,893,744,185,440,558,349,757,326,449,226,741,128,803,645,571,519,927,795,215,187,413,640,838,724,803,548,563,764,912,230,481,715,353,875,171,343,394,532,125,467,630,937,715,849,233,949,796,894,516,369,112,65,78,531,456,52,844,807,402,489,145,522,548,278,417,996,782,199,983,384,450,435,726,716,997,737,601,373,527,397,318,294,437,923,47,418,944,801,313,912,958,706,151,263,958,308,529,209,702,376,456,171,577,981,443,681,770,870,85,932,777,862,561,942,704,282,679,478,519,866,211,974,230,961,861,118,175,430,734,909,780,112,442,813,853,244,114,916,110,24,107,794,994,1000,76,51,212,677,700,80,70,386,225,265,674,33,576,823,458,828,149,735,331,796,162,334,602,231,841,326,450,584,963,539,452,917,537,453,925,385,31,307,756,8,655,444,184,771,770,754,91,452,929,243,335,900,516,660,759,639,765,706,199,612,724,570,305,403,247,732,232,5,205,684,386,994,253,473,87,530,850,691,891,588,886,88,296,694,230,557,978,876,205,977,330,189,51,832,18,940,609,167,391,304,625,429,211,804,153,485,899,487,941,294,509,651,104,120,84,620,503,318,436,634,52,776,87,804,536,512,230,648,655,852,770,374,443,438,371,943,426,261,184,75,935,31,301,660,215,100,755,164,332,472,572,122,190,681,2,644,13,602,482,471,111,339,478,408,912,546,129,394,363,220,363,430,816,132,223,472,621,848,601,975,47,539,284,324,142,289,433,760,600,850,189,979,260,470,264,389,276,919,221,669,383,54,902,676,146,653,981,807,1,728,507,742,222,790,795,517,905,864,795,248,930,529,332,441,609,682,483,141,905,424,965,890,642,221,923,546,977,202,524,755,794,602,293,934,52,533,16,141,79,122,664,555,97,647,376,395,780,312,904,98,295,706,554,99,50,292,483,959,736,85,251,642,706,74,898,533,292,889,996,915,580,256,31,371,160,545,987,678,507,531,399,770,933,821,54,895,941,871,547,828,366,669,298,566,773,201,799,374,246,528,756,872
510,440,714,467,23,652,881,665,298,801,661,600,868,969,854,88,781,826,676,176,725,333,290,551,892,46,26,232,717,554,274,19,818,158,390,523,500,916,596,231,726,43,171,906,560,716,434,517,243,620,448,948,905,984,199,362,845,277,109,963,359,935,392,682,195,62,714,704,34,424,421,317,795,955,458,514,719,341,589,875,320,40,698,623,237,542,851,254,873,145,964,794,332,74,479,827,134,251,974,475,819,700,438,694,384,640,320,680,597,649,500,690,684,822,751,170,771,673,213,705,679,752,966,928,861,197,48,612,567,524,991,561,530,50,475,884,525,796,301,683,938,106,994,843,227,863,309,674,891,834,972,327,659,281,249,962,898,780,551,953,585,56,67,916,416,628,203,735,862,713,399,496,151,230,813,94,23,992,164,928,507,782,219,574,363,769,977,78,599,778,965,12,320,714,17,912,261,98,660,204,911,403,494,751,98,500,785,874,575,37,747,619,362,968,750,148,695,727,164,876,893,18,965,669,175,607,513,925,888,128,406,979,75,786,502,220,577,204,738,730,535,42,504,991,871,6,594,730,725,217,412,197,685,957,813,651,907,92,963,985,345,257,760,220,149,617,692,117,781,49,88,963,22,935,215,867,29,244,896,247,673,334,396,206,256,188,11,979,708,43,419,949,737,302,827,178,573,633,914,35,820,435,772,729,538,663,592,136,224,365,462,674,361,45,31,843,210,822,909,52,216,894,867,461,826,977,767,646,137,432,580,397,686,275,221,481,546,915,297,311,797,44,922,520,706,772,725,766,435,794,620,902,449,293,961,727,933,315,846,575,707,706,344,568,462,92,439,960,222,687,848,816,463,376,502,205,395,403,347,889,637,328,761,65,998,102,899,59,916,96,192,335,884,968,221,76,860,288,207,705,765,64,122,373,454,284,747,29,511,11,566,690,377,310,869,772,97,576,589,294,175,858,483,369,6,820,267,563,893,950,678,744,179,133,889,263,1000,323,412,258,385,439,977,432,119,215,23,695,719,878,401,6,327,300,801,723,947,807,760,654,956,707,437,475,113,819,903,133,904,488,42,967,417,181,109,929,590,114,977,498,879,702,980,290,180,466,253,272,899,574,746,913,548,553,649,360,381,49,95,233
888,28,59,522,759,672,840,569,666,944,692,535,416,847,592,950,398,304,742,227,18,587,330,566,812,756,917,556,847,861,621,843,129,783,78,940,609,276,106,667,911,720,330,926,755,193,347,531,267,83,612,55,758,245,287,593,959,993,528,683,117,185,877,614,687,57,89,318,600,988,967,988,724,388,52,193,422,111,621,23,590,851,406,300,414,604,962,511,697,82,527,881,504,65,511,958,120,954,533,548,621,448,877,983,494,565,857,336,502,670,836,676,844,658,700,687,480,614,817,403,975,24,162,199,795,783,401,809,548,50,222,228,58,496,598,500,617,196,799,136,953,300,870,834,883,35,819,877,982,605,95,943,380,846,384,609,627,470,585,42,811,955,435,634,842,856,41,595,973,400,950,18,44,20,929,985,144,126,776,694,977,289,955,489,857,793,880,960,415,24,87,817,438,731,941,320,486,400,508,277,664,817,268,698,343,420,210,378,28,805,930,758,937,663,361,969,555,523,316,332,485,527,543,41,564,543,375,36,667,601,814,18,707,959,361,580,808,156,361,118,40,574,968,124,904,233,508,123,188,360,119,198,601,939,330,599,512,375,202,70,273,149,891,686,965,48,227,58,220,408,934,974,218,646,335,472,473,818,89,530,437,553,150,34,405,942,882,970,139,695,92,83,630,497,776,517,824,639,855,662,933,73,831,766,118,921,156,670,33,687,106,995,312,262,69,648,212,597,377,17,140,613,261,715,168,746,352,717,999,438,246,310,31,179,316,346,829,508,792,50,78,510,742,954,580,554,79,461,179,89,846,70,201,211,962,696,833,682,255,184,415,139,574,449,497,128,581,756,171,224,806,349,23,603,99,999,232,376,122,328,492,163,703,390,210,832,788,44,172,86,397,32,655,654,98,145,351,713,663,302,553,863,704,408,49,361,845,232,779,409,912,899,621,427,36,227,636,337,278,457,504,17,543,305,699,861,468,481,593,738,569,78,101,438,920,235,236,122,10,424,798,694,125,91,15,579,402,266,508,223,440,813,31,839,640,627,311,983,904,32,312,517,750,54,456,916,32,480,228,153,655,219,327,762,757,149,335,806,899,535,256,572,839,350,734,921,423,984,10,374,50,146,790,394,762,595,299,193,927,715
850,122,745,436,324,485,584,997,25,130,871,322,889,642,857,348,962,486,448,775,859,798,852,117,473,515,732,502,216,494,108,107,453,773,367,922,879,136,205,952,513,386,692,724,390,667,642,718,107,287,189,515,253,164,944,602,608,34,858,226,84,962,299,193,378,979,376,49,297,820,571,118,392,168,648,405,303,979,772,885,786,597,752,702,794,897,761,528,782,824,603,697,760,54,50,377,519,7,625,466,84,235,173,400,569,676,159,688,686,111,671,216,681,105,89,605,980,926,873,687,256,931,795,317,918,225,748,985,785,107,791,645,88,448,328,172,353,925,388,727,544,380,139,236,764,568,492,675,222,100,553,557,907,507,69,465,255,655,554,276,669,38,140,296,217,652,210,524,758,420,144,413,69,579,304,804,501,608,93,865,602,63,381,428,932,643,359,562,404,132,469,225,832,918,301,396,613,677,270,829,293,345,12,520,326,625,638,103,523,906,701,627,220,601,984,746,77,527,379,392,872,935,808,202,530,610,31,134,1000,304,548,976,159,221,730,403,367,646,127,93,381,664,732,469,56,963,576,533,640,810,154,96,390,13,617,598,958,442,220,334,647,145,257,368,806,593,211,624,459,451,825,445,266,498,932,620,915,891,162,996,741,526,78,484,202,984,310,526,147,814,368,173,399,123,378,963,490,811,432,724,808,69,545,386,660,749,791,87,835,886,356,503,481,689,197,690,512,144,246,256,165,881,483,174,639,359,451,266,281,416,155,173,785,866,397,200,35,320,84,242,655,509,410,665,630,916,748,349,711,361,659,851,447,38,258,692,999,933,491,334,189,121,409,568,46,227,681,718,999,33,61,412,735,221,783,213,38,863,726,776,990,812,561,484,529,525,654,686,634,985,45,523,645,217,6,441,303,795,832,801,693,776,798,948,772,445,604,321,290,819,667,242,571,602,544,979,133,261,509,318,460,634,598,510,889,846,921,684,840,882,309,906,861,935,666,559,124,775,291,952,872,807,943,260,818,32,722,841,657,51,661,730,577,719,158,62,437,218,179,112,723,625,888,762,307,683,940,354,626,619,554,634,258,707,565,657,601,419,335,57,336,182,417,663,322,77,693,760,989,759,987,992,951,19,658,501,343,814,968,139
895,49,632,495,396,552,703,97,656,257,340,865,795,708,595,89,731,759,571,280,734,647,698,337,790,216,745,998,882,597,645,993,905,534,472,564,368,714,754,771,233,770,243,632,746,153,569,87,599,252,540,821,715,827,190,108,845,263,893,324,647,35,328,645,577,505,406,453,723,425,35,868,432,24,272,228,294,883,477,532,739,364,937,725,64,305,922,814,90,221,800,64,373,135,982,780,993,788,443,711,726,998,296,501,602,35,358,48,117,622,698,323,511,34,286,570,105,314,961,63,889,289,986,739,329,432,410,497,381,607,943,407,661,874,309,947,114,310,760,702,21,813,605,88,635,633,88,370,614,508,935,373,786,567,797,599,700,195,636,285,776,769,498,279,641,684,521,849,637,267,326,465,708,500,123,372,407,969,616,117,864,198,867,632,585,17,934,856,870,903,600,658,405,920,263,747,113,798,620,619,230,542,955,600,926,873,683,364,532,985,99,782,121,707,609,628,354,404,54,916,169,961,926,327,764,599,908,108,141,543,46,615,135,689,777,132,982,251,772,122,514,961,857,885,745,513,13,94,6,803,565,874,769,898,46,668,382,369,67,452,44,512,734,208,962,448,929,614,210,300,654,842,799,130,436,173,835,686,729,135,727,929,431,871,608,941,496,186,422,300,542,531,703,52,892,142,857,543,986,250,3,741,468,363,49,991,899,124,955,666,417,250,411,917,765,458,416,297,511,73,940,610,116,676,582,456,295,429,172,890,438,564,61,187,563,690,5,78,470,671,226,75,712,424,793,469,903,996,770,250,709,730,305,561,473,701,177,265,434,152,968,516,842,278,491,977,261,470,506,947,37,468,703,156,813,285,888,756,863,723,810,532,686,256,775,832,119,896,711,389,970,961,551,172,613,476,439,813,754,869,540,17,5,716,879,451,327,76,503,457,88,7,156,841,496,487,893,639,883,402,74,240,80,594,360,71,144,627,87,554,108,354,821,459,872,230,416,988,824,989,78,579,233,651,460,704,821,14,994,47,770,552,667,374,179,417,989,665,12,573,708,494,218,389,851,689,823,499,298,43,531,114,926,47,996,348,424,714,125,314,847,790,366,260,204,30,496,181,366,731,851,529,76,966,225,692,647,1000,855,350
745,308,125,358,743,954,768,553,956,84,584,849,380,523,269,609,905,99,187,210,365,691,128,338,117,973,182,268,763,967,508,767,553,644,358,32,59,650,176,54,189,126,612,594,469,366,763,436,141,436,577,283,339,1,537,498,272,336,933,755,98,266,926,798,999,73,585,278,970,652,92,607,91,879,70,667,570,164,388,219,238,101,673,433,448,794,822,79,768,175,904,134,71,757,689,817,307,798,69,835,607,273,20,281,992,32,566,200,924,237,249,473,236,770,482,1000,960,71,691,610,236,609,990,245,278,819,858,525,515,543,230,109,375,785,853,961,899,543,391,482,539,380,62,891,21,474,409,670,158,438,825,294,559,749,964,203,230,920,80,157,401,26,831,839,865,484,737,698,14,922,805,925,440,401,517,757,439,178,267,825,639,746,197,762,766,66,116,808,591,182,553,964,678,615,115,459,140,389,54,326,528,396,146,218,443,172,131,184,429,880,597,573,339,444,492,799,209,678,105,997,564,221,692,251,392,889,57,674,36,229,888,709,226,725,167,711,362,92,820,859,547,44,359,868,971,844,213,155,824,148,4,964,939,234,423,33,913,920,916,59,572,14,895,154,590,787,967,868,214,844,440,846,448,725,409,89,844,833,474,582,921,545,579,143,53,149,374,834,391,68,15,332,460,819,702,369,546,338,368,572,159,375,88,742,885,974,525,320,323,260,614,310,70,508,508,782,473,390,689,175,748,178,278,766,755,696,6,756,111,187,604,245,505,376,701,956,562,510,966,885,57,379,590,760,360,345,428,909,866,833,755,714,2,843,579,345,408,750,778,186,990,684,827,962,732,596,990,807,972,558,702,496,693,227,571,546,930,155,90,133,979,144,706,153,227,886,99,709,523,291,377,696,127,580,409,520,45,993,209,625,42,27,838,470,406,587,502,573,204,900,194,982,395,935,77,165,734,686,778,555,162,207,418,525,785,445,794,697,731,321,533,729,716,466,989,60,127,790,895,175,13,378,383,15,746,451,472,579,430,15,660,472,708,567,769,963,273,478,533,797,77,84,862,337,696,866,379,233,287,347,558,98,749,786,862,474,166,228,597,212,559,903,619,987,263,503,357,135,13,839,258,116,477,662,499,446,71,291,539,976
226,725,591,620,265,183,612,132,626,729,958,73,137,532,798,118,404,225,877,405,463,540,397,637,692,922,949,873,451,633,690,288,843,865,617,515,910,32,815,573,670,406,954,123,94,667,294,875,875,925,999,265,550,332,86,899,391,826,923,519,628,782,491,99,183,516,87,960,799,130,169,779,351,474,111,643,853,369,374,521,798,381,911,458,336,215,232,801,83,677,122,17,575,343,138,317,507,520,851,553,993,28,587,148,978,125,360,381,115,512,423,771,681,352,45,801,497,605,683,469,516,61,405,57,415,524,71,573,634,991,808,380,921,456,732,375,785,323,395,190,911,648,758,587,662,793,184,652,783,840,627,744,969,590,840,417,561,194,36,283,989,979,406,546,117,611,61,306,783,826,484,331,596,30,880,490,332,396,372,284,364,542,199,362,359,22,714,110,121,776,556,725,338,914,386,712,210,274,977,930,369,874,530,501,331,269,535,564,487,738,965,218,217,182,370,320,246,749,680,630,822,771,130,611,481,593,999,852,48,298,393,701,900,796,229,22,774,521,875,880,652,434,402,497,188,786,710,112,282,692,273,482,849,967,209,556,969,532,462,247,961,208,956,419,652,281,268,753,430,843,462,372,45,934,772,713,700,256,982,341,835,539,453,554,529,392,66,579,859,492,96,665,12,682,271,200,278,78,571,475,387,722,327,422,138,360,635,208,306,611,477,151,598,322,839,839,12,654,761,715,13,962,808,909,164,28,666,960,254,888,698,289,746,288,146,748,624,302,312,45,436,776,3,328,87,145,961,718,338,302,598,690,391,310,668,770,924,785,415,725,683,265,874,361,392,810,36,780,421,212,18,889,211,187,14,830,822,855,202,695,162,222,159,932,257,748,190,479,414,679,585,814,303,350,551,63,352,575,798,803,178,532,379,645,956,285,673,699,823,666,266,653,217,874,836,615,261,112,375,780,615,299,837,904,19,250,384,869,144,535,89,444,146,261,844,866,750,621,211,87,854,162,227,336,762,920,979,63,733,523,860,737,197,407,874,833,256,282,298,227,552,675,278,153,765,220,324,853,722,557,588,353,889,940,891,845,841,581,241,618,763,620,264,998,406,888,807,237,982,734,326,479,543,801,672,257,91,898,747,602
144,38,887,467,744,281,222,761,605,523,806,907,735,140,209,121,517,18,267,877,723,902,61,914,589,399,377,360,565,291,956,571,135,979,439,869,220,37,51,292,968,322,899,192,7,347,41,115,206,75,841,33,449,818,891,197,763,427,482,901,559,64,314,783,659,340,753,329,535,995,712,697,590,150,560,119,843,620,228,195,744,955,569,386,506,163,880,617,63,924,125,879,613,264,931,496,817,814,840,441,377,639,673,394,930,41,687,885,937,447,856,84,184,330,277,670,511,594,764,386,39,406,171,232,596,762,755,959,152,708,985,886,822,980,497,590,142,212,379,958,47,601,965,781,528,217,698,572,890,277,285,434,825,94,543,67,743,855,845,629,42,870,309,859,692,229,26,579,352,189,883,38,331,214,625,997,931,308,429,682,611,496,103,851,686,14,549,372,928,471,377,973,881,311,985,98,799,922,976,227,959,316,348,461,754,796,429,356,469,916,205,693,417,639,453,791,601,466,324,640,394,821,256,555,110,576,923,539,620,368,590,222,218,217,950,915,893,174,24,324,311,841,177,284,592,659,771,162,877,16,512,481,223,150,59,512,746,308,954,270,445,130,217,782,329,735,989,6,835,554,805,42,755,196,408,947,197,428,989,989,298,253,580,810,970,385,56,787,811,436,471,623,504,29,619,67,257,342,891,300,966,161,584,869,319,724,988,119,575,814,597,907,145,308,333,590,382,865,898,338,119,295,163,394,877,409,104,868,536,145,596,993,424,697,7,258,838,152,399,534,708,432,121,596,865,860,984,191,587,563,790,909,352,166,68,481,458,170,496,285,864,299,379,561,139,98,745,4,823,149,476,603,671,267,64,344,591,111,416,171,728,575,664,150,541,554,691,893,209,391,87,960,545,350,133,489,512,392,307,599,47,264,588,197,451,398,243,29,631,488,592,905,435,832,31,392,283,358,570,47,693,816,878,53,563,33,940,906,274,89,518,96,506,499,662,361,362,506,452,133,967,291,435,188,765,145,494,175,29,874,219,366,468,923,293,240,501,762,378,476,864,285,109,396,77,849,751,615,38,260,268,897,777,723,372,864,892,345,917,330,9,914,110,750,50,570,686,837,625,674,641,654,994,759,387,821,494,70,798,764
940,803,588,213,639,334,100,973,320,71,436,238,613,187,398,517,179,289,166,183,47,575,527,795,127,985,483,933,959,153,978,440,687,782,407,939,522,269,180,270,818,95,689,147,337,295,30,60,528,765,974,324,800,243,34,373,276,335,545,786,193,937,994,776,209,957,443,350,699,222,164,537,779,843,349,989,870,886,404,164,852,624,857,809,836,731,949,959,599,567,309,529,97,461,178,402,848,766,306,284,926,278,73,141,68,125,32,757,275,559,693,552,316,755,115,963,769,87,49,40,78,96,731,546,486,255,233,940,327,222,247,259,204,911,636,91,963,452,431,767,632,574,987,433,145,122,170,703,357,21,506,492,32,253,430,416,235,583,373,505,235,720,530,444,786,323,163,313,636,894,941,616,989,655,387,894,227,613,263,172,955,739,602,170,532,729,379,911,241,285,497,716,883,922,160,535,171,241,777,900,793,485,975,234,319,864,915,348,683,193,406,408,2,544,19,750,456,168,667,945,763,362,340,760,277,112,168,546,111,899,970,329,746,397,966,296,500,25,138,921,509,421,644,39,632,952,647,692,862,476,564,924,73,368,332,912,595,454,168,644,197,297,98,445,866,450,271,777,223,36,921,533,902,600,583,631,935,324,601,717,534,669,333,917,584,983,128,576,217,813,284,68,717,789,215,17,670,283,463,783,165,656,254,362,516,436,973,519,68,469,624,557,201,463,85,417,646,320,375,559,768,229,893,318,282,458,788,507,619,980,248,187,264,420,397,568,131,575,870,70,854,32,260,72,8,715,781,225,375,273,534,985,124,12,874,433,913,71,11,717,382,506,839,110,223,418,44,218,86,250,711,76,580,725,689,820,925,220,484,96,924,734,640,792,535,254,743,220,424,736,112,469,653,518,272,182,313,813,949,885,567,140,23,386,32,391,190,122,129,317,66,739,623,713,733,593,133,776,39,158,76,861,423,850,381,914,174,337,736,194,841,32,82,398,333,874,38,576,100,188,95,257,535,202,676,934,90,238,122,61,533,585,848,558,611,511,188,942,369,440,954,116,181,85,630,893,617,999,823,244,124,92,141,642,653,711,281,531,403,491,196,869,513,873,141,375,264,735,256,692,36,78,436,513,913,549,281,589,223,303
17,215,660,31,968,247,550,493,141,510,696,639,797,999,671,185,40,138,113,821,785,761,731,722,692,649,45,253,855,352,327,521,541,848,963,360,743,123,212,41,827,270,202,110,587,764,592,616,815,625,483,227,438,163,956,714,544,363,456,861,841,434,855,87,361,230,931,487,531,888,918,6,876,276,916,767,992,389,719,486,809,992,429,449,895,324,165,223,934,597,171,349,860,331,368,560,524,974,179,409,449,986,337,473,462,865,219,865,270,287,198,141,680,521,769,87,120,411,484,982,612,478,142,299,855,409,833,134,220,745,733,576,408,105,847,557,533,711,48,92,120,278,293,442,125,90,699,600,536,400,118,512,129,163,233,258,324,685,866,466,396,200,10,86,549,694,489,184,60,6,103,868,208,273,107,433,621,65,513,768,222,100,335,638,211,619,363,93,670,967,958,817,12,383,551,916,838,430,102,774,55,441,465,699,511,328,230,999,486,136,289,272,784,34,904,261,853,560,26,218,31,168,294,331,850,176,778,926,164,849,185,956,446,382,810,202,107,1,792,53,288,144,173,205,219,119,6,489,749,89,364,571,122,812,148,172,843,136,440,447,405,105,291,864,23,648,27,180,256,770,745,666,271,488,330,648,157,127,810,123,938,172,710,581,816,685,834,64,159,640,243,321,808,199,875,592,68,320,583,730,579,929,921,830,639,333,105,289,499,739,130,621,47,498,111,17,680,532,264,547,789,471,286,259,492,438,182,777,395,949,123,921,846,194,608,511,19,692,212,312,935,593,933,158,703,791,653,426,503,394,960,548,483,736,864,955,735,347,616,64,137,492,817,744,883,529,468,968,930,486,949,746,500,914,742,862,219,878,137,214,504,225,743,904,936,651,318,790,575,45,851,531,345,218,660,448,613,310,433,937,54,402,519,660,218,303,476,72,185,602,861,391,398,21,705,226,698,564,865,457,693,859,819,711,570,908,682,422,28,588,721,98,81,95,601,850,949,267,87,605,761,283,512,412,882,506,230,643,166,322,285,758,897,993,853,419,625,749,517,1,188,589,319,537,957,173,312,919,505,779,246,293,921,561,557,355,724,768,201,844,625,337,822,127,909,723,84,89,316,314,785,134,277,627,686,9,258,247,559,205
514,303,261,646,625,821,287,682,369,989,728,442,104,864,418,376,914,617,870,539,245,453,102,703,930,737,228,664,530,388,531,260,13,825,794,446,621,582,245,641,527,9,474,712,637,618,175,160,353,82,75,354,981,348,3,234,601,898,889,190,778,933,284,66,316,589,366,263,548,967,988,161,75,465,462,51,378,398,108,155,189,385,514,813,42,562,830,13,896,12,718,235,964,159,775,153,757,456,739,970,203,213,447,299,813,203,943,268,527,894,869,518,412,513,869,412,487,723,265,901,850,694,772,657,66,374,490,609,229,69,489,845,983,156,823,85,613,122,883,559,466,162,49,53,574,67,889,345,868,927,755,118,574,464,918,958,359,443,368,531,465,911,349,76,970,969,142,873,851,519,641,95,178,718,874,906,39,424,703,775,99,81,736,18,829,163,703,354,718,160,267,329,226,934,341,588,711,821,826,257,342,445,518,805,174,481,228,803,367,464,765,759,57,241,666,961,929,673,712,107,789,654,618,824,958,512,942,795,136,131,591,308,125,97,128,178,450,950,375,757,854,435,952,88,88,614,997,990,510,306,756,892,562,588,610,938,498,964,176,928,206,1000,81,389,587,330,114,956,712,604,822,503,142,514,126,500,283,12,643,351,423,994,813,863,892,560,829,930,868,868,75,832,308,449,103,736,340,451,667,822,780,612,815,81,137,76,225,672,926,663,437,664,965,301,702,70,934,583,108,248,276,269,879,369,334,578,966,585,532,76,57,612,150,336,50,782,237,964,973,128,831,78,294,169,752,350,717,146,498,144,671,25,529,874,657,776,23,436,574,738,21,266,566,451,897,1000,958,750,861,789,45,468,848,571,310,521,336,913,288,77,769,392,882,228,776,549,316,88,800,551,788,720,423,316,600,303,582,836,48,531,555,584,391,139,339,616,269,962,883,698,574,259,386,62,681,207,939,245,714,595,14,543,107,65,605,168,847,743,292,620,611,119,870,538,2,398,359,747,430,963,531,833,599,302,472,957,854,976,914,314,875,676,334,698,674,298,36,656,409,806,917,264,832,416,532,433,512,888,421,878,427,252,317,571,142,625,687,725,667,132,225,358,17,852,257,781,975,281,289,498,897,726,171,571,10,859,470,494,751,119
991,886,369,828,730,370,353,317,902,898,714,767,899,249,628,993,890,268,612,146,332,125,612,761,946,187,119,536,810,472,942,641,670,688,1,267,450,883,185,201,987,359,884,390,419,167,639,771,378,889,260,412,481,792,364,525,812,412,714,881,726,844,289,432,288,967,132,446,620,597,76,6,320,484,406,867,11,94,77,269,544,864,164,122,362,599,890,357,262,164,830,967,433,508,489,556,352,426,659,612,699,452,314,913,560,953,492,489,426,144,935,892,370,304,352,463,449,712,294,121,13,840,433,712,257,266,847,798,815,660,138,719,608,959,394,541,410,657,62,811,643,419,354,682,269,577,269,225,953,169,889,20,540,452,762,460,801,832,959,479,62,545,444,759,720,342,480,926,767,892,850,976,973,964,618,42,473,789,648,20,816,173,583,416,190,999,95,862,239,313,537,986,700,108,184,534,980,697,33,154,370,366,95,584,767,62,918,516,885,649,976,79,419,700,936,382,919,633,994,60,245,932,513,908,370,908,545,455,781,892,672,81,190,898,275,899,9,744,451,964,297,208,885,360,313,312,833,277,98,451,227,978,346,214,882,983,951,334,306,859,136,661,89,131,583,689,354,985,252,300,109,413,614,811,910,771,654,195,302,507,422,141,138,561,951,221,236,136,173,837,207,374,536,17,192,168,760,497,147,699,237,29,775,261,887,12,622,781,293,815,100,831,873,140,83,564,694,327,28,952,708,913,728,692,204,305,63,158,891,35,627,457,311,677,561,110,950,827,273,741,212,735,957,163,788,847,85,778,803,505,31,60,600,155,926,323,698,427,706,265,220,493,838,491,205,316,894,889,78,768,597,918,74,392,405,320,212,82,513,320,849,488,955,824,130,121,374,861,544,357,159,122,75,827,940,544,61,345,354,442,402,715,692,57,74,19,369,782,355,331,584,287,835,335,1000,167,588,346,624,969,558,3,754,830,833,16,908,557,809,962,1,508,780,966,137,259,809,679,551,763,840,74,811,264,163,843,918,190,770,415,265,406,199,616,110,968,134,650,492,971,928,441,469,572,117,951,789,777,440,622,994,598,209,41,467,983,310,970,156,169,743,634,108,860,640,195,771,472,72,71,982,66,684,695,916,312,274,387,7,422
426,379,504,780,274,24,43,73,202,878,360,368,236,310,986,332,742,816,579,730,625,901,944,262,487,355,123,25,245,982,315,520,771,16,615,606,484,966,658,231,659,551,715,667,319,162,521,956,502,4,837,751,830,771,153,718,73,662,443,331,274,264,162,728,578,923,659,483,258,882,550,676,137,479,694,382,460,997,489,559,0,143,779,42,474,380,631,580,746,521,374,840,425,717,200,862,397,155,222,994,323,306,338,169,959,511,993,246,683,76,255,345,494,74,476,657,979,693,8,85,294,712,198,88,379,592,649,378,381,360,788,746,357,414,155,844,563,164,493,965,87,141,557,200,220,533,394,74,181,206,876,583,938,363,68,41,86,839,959,96,946,954,588,442,8,815,751,334,845,782,202,813,156,976,16,795,978,791,259,479,415,484,399,512,321,573,661,798,235,779,64,103,332,381,620,553,720,827,987,295,270,842,170,892,855,127,883,990,561,965,92,229,355,748,142,486,684,282,392,305,905,591,778,670,345,771,564,623,659,188,939,500,161,740,610,976,404,585,932,554,670,730,212,183,889,407,683,227,602,545,596,972,296,919,331,282,540,683,799,285,281,467,311,278,874,95,759,199,732,706,416,9,367,68,787,763,731,815,496,958,874,389,383,49,206,622,659,307,895,569,923,892,920,660,940,86,380,24,989,920,43,249,798,403,302,90,680,83,903,963,589,327,397,64,188,465,448,152,206,652,285,285,503,767,643,688,616,744,226,570,715,283,584,418,370,285,237,177,561,636,366,956,125,355,639,8,787,520,453,379,168,373,663,942,114,644,99,349,296,331,3,769,171,831,162,16,869,443,667,920,361,787,809,754,437,835,809,885,380,807,540,143,792,1000,603,883,111,973,564,324,209,632,4,819,32,248,652,257,369,525,32,521,898,29,790,52,14,267,70,480,613,251,461,95,57,174,979,62,474,448,544,936,358,882,958,212,775,485,430,466,739,379,742,831,975,757,502,446,286,555,462,990,613,58,747,868,628,746,424,699,835,967,668,403,442,159,572,638,235,220,894,827,724,81,775,367,663,719,242,94,537,169,885,764,280,663,152,931,101,527,826,309,227,189,399,655,971,264,626,406,508,290,856,449,186,179,973,341,254,802
877,302,687,738,364,815,227,680,334,272,880,834,966,845,952,432,126,368,427,741,446,188,486,372,714,772,350,812,2,124,447,916,383,827,748,687,118,641,784,66,0,208,41,22,852,634,160,959,506,57,348,591,750,420,989,784,183,50,645,787,619,716,362,28,625,965,213,793,307,201,784,532,974,395,51,178,429,796,63,658,527,735,970,717,318,956,67,668,837,635,49,365,988,329,477,153,375,508,892,891,427,496,158,583,42,110,727,285,134,941,927,798,736,330,842,177,104,645,337,564,455,319,317,304,351,916,266,1,671,280,946,241,697,439,477,845,590,547,766,583,241,909,992,526,260,130,758,596,977,481,95,222,748,265,248,435,547,843,831,995,100,903,113,639,864,494,672,938,914,928,859,214,390,76,384,414,89,502,493,822,482,236,769,462,946,290,868,919,113,269,890,114,920,882,583,522,976,635,490,965,922,643,648,473,766,507,264,27,610,735,918,286,947,556,65,18,11,183,393,461,981,396,778,814,111,785,999,199,314,555,889,904,859,567,877,889,991,636,695,140,196,220,521,489,368,624,465,980,380,966,308,779,401,816,314,147,776,244,751,122,678,243,736,724,158,401,102,544,658,953,542,71,465,633,327,917,438,631,442,476,79,292,429,499,594,640,802,460,0,219,636,168,150,692,720,74,6,367,399,148,437,583,648,723,77,811,246,724,681,473,132,760,385,424,155,147,209,72,101,28,895,866,289,788,311,772,801,31,448,574,961,855,745,210,595,81,118,854,160,371,669,783,660,207,657,992,718,7,320,132,458,392,44,682,619,853,712,510,880,145,106,608,849,348,360,655,19,360,160,263,179,385,712,987,376,907,860,219,223,571,548,944,839,681,831,905,334,640,584,401,873,874,870,317,500,155,140,842,124,470,953,502,325,216,816,648,806,932,172,445,281,315,299,835,950,690,559,818,926,403,237,180,405,678,986,699,396,566,91,825,981,271,328,840,537,452,763,684,785,928,711,563,174,724,569,291,504,841,686,662,733,203,653,82,286,949,150,532,700,463,316,451,120,426,271,312,885,967,204,349,373,317,268,21,823,962,236,462,795,302,659,33,706,64,931,947,315,790,894,150,576,139,71,625,175,200,277,782,320,685
715,719,846,484,825,121,174,318,235,661,0,783,906,17,724,441,110,889,548,16,482,102,686,939,406,461,216,416,9,6,816,258,991,409,607,475,18,392,108,383,393,774,975,682,482,690,562,514,56,526,769,283,679,184,961,105,79,381,863,47,74,435,946,96,555,205,280,423,996,617,555,710,30,690,387,112,692,926,633,544,779,171,687,881,612,938,37,446,8,286,955,505,817,193,809,981,613,508,938,404,506,95,978,333,336,430,244,652,880,976,810,596,769,460,760,300,215,504,180,773,535,657,69,221,357,162,259,296,19,240,631,473,943,230,147,78,396,148,611,384,837,670,241,868,945,358,269,914,20,383,509,587,500,768,97,818,160,297,380,789,641,810,616,948,697,739,862,926,129,983,797,768,659,121,636,98,863,829,857,679,862,325,695,662,756,429,158,902,548,498,360,873,107,472,150,267,208,623,756,969,774,670,734,641,808,627,591,591,697,670,169,711,208,704,196,450,672,824,593,296,738,331,380,573,174,329,649,829,845,386,543,281,458,601,903,390,10,748,680,978,311,984,914,636,937,490,726,855,577,776,56,959,139,542,946,178,579,579,737,267,554,859,96,882,1000,547,79,94,899,844,164,934,207,193,722,214,281,890,68,725,754,55,773,550,868,964,759,589,401,346,419,392,47,147,224,476,899,138,308,253,747,82,905,26,752,823,113,868,641,764,178,230,501,503,340,138,709,496,868,164,305,1000,821,927,74,770,659,555,117,687,195,39,575,754,652,797,451,914,136,787,739,300,327,60,854,678,828,381,224,996,803,336,611,181,785,52,510,347,259,654,240,20,704,538,768,683,271,580,853,373,654,774,89,109,317,59,992,53,954,204,590,62,262,873,517,184,693,907,282,409,222,61,103,202,212,434,897,53,342,445,579,866,309,401,553,210,284,411,60,768,25,2,851,324,619,824,390,993,465,395,526,989,406,417,713,249,18,877,774,656,602,54,960,846,470,971,252,45,871,0,336,889,629,668,225,91,150,470,865,800,878,762,714,519,238,2,394,710,508,126,671,354,373,864,341,804,342,596,164,454,157,106,468,725,384,287,359,250,131,536,656,174,755,282,726,343,549,742,207,666,541,428,145,806,200,579,111,434,321,730
531,969,931,469,400,685,242,751,335,856,669,178,115,868,535,796,170,99,397,727,739,90,825,434,899,627,847,35,596,723,278,161,509,193,916,203,967,909,285,336,417,432,396,233,120,994,567,299,408,552,40,821,532,788,128,531,30,149,756,76,924,440,516,991,473,246,360,640,182,872,10,364,231,490,292,518,224,780,988,944,546,358,127,166,264,317,999,314,152,271,788,773,747,657,151,558,293,159,99,962,963,761,803,688,48,495,366,830,167,455,734,430,253,920,398,950,816,556,524,903,871,550,988,611,992,347,574,502,490,337,582,795,297,212,297,122,439,715,906,742,942,547,183,475,688,248,652,557,497,602,233,180,391,640,806,807,943,275,166,211,693,804,237,12,265,762,850,448,836,684,505,207,876,904,143,73,160,169,864,460,637,935,625,833,158,529,738,845,567,589,498,374,696,602,19,936,899,100,570,182,63,210,740,950,865,46,8,743,679,964,119,551,542,609,250,65,3,169,457,294,255,243,428,962,204,927,735,347,340,96,764,811,299,390,91,708,61,914,923,657,872,425,48,517,63,603,455,89,237,82,754,583,775,241,823,257,258,202,993,997,980,219,230,923,411,415,130,85,632,769,543,70,708,378,348,467,511,954,564,273,222,709,70,987,528,683,426,379,632,932,181,444,875,803,265,1000,503,163,642,914,333,156,756,875,703,172,754,521,107,456,340,121,97,226,910,317,53,695,394,720,889,261,579,380,769,769,145,390,14,972,173,179,313,346,103,652,106,430,21,720,77,747,599,406,447,633,404,615,629,772,355,345,933,322,5,331,224,689,760,111,837,373,950,679,123,245,25,613,234,382,381,447,577,442,247,830,83,261,325,651,490,697,163,267,44,235,402,805,370,918,600,307,904,544,716,123,6,30,81,715,549,1000,823,610,664,506,413,38,409,769,4,437,407,188,638,322,395,580,902,819,788,325,372,796,372,808,974,912,527,442,503,242,249,477,646,201,398,959,308,31,69,61,230,187,824,777,231,22,567,854,315,820,62,313,818,975,461,137,529,978,153,878,900,78,205,165,938,692,224,329,95,349,70,86,792,286,163,836,559,423,794,289,472,27,982,848,323,414,852,69,479,167,384,789,552,46,718,170,953,988
205,730,39,150,448,185,212,357,817,4,403,366,840,504,393,833,770,817,366,910,770,404,171,591,989,893,242,920,794,222,35,601,733,47,3,692,229,75,923,88,945,508,323,704,113,146,488,874,993,702,345,108,969,781,440,44,991,985,406,415,479,616,987,474,551,838,76,96,264,273,924,919,432,502,216,743,908,778,863,529,4,524,651,448,906,76,534,69,698,625,237,188,722,795,284,829,603,695,916,759,648,528,15,666,749,520,470,311,584,724,991,318,187,87,491,684,218,783,603,702,355,761,437,981,597,471,99,977,90,674,812,255,500,83,410,224,585,277,875,708,321,938,301,380,954,394,879,979,216,167,756,911,276,425,326,474,341,882,207,114,735,344,68,397,694,447,243,80,975,113,40,411,11,935,151,50,873,927,19,697,252,316,695,203,404,45,632,409,763,654,414,28,914,39,767,932,896,734,744,213,921,153,452,585,892,328,328,294,117,846,317,663,744,438,871,647,84,490,854,357,270,183,242,179,772,506,690,623,446,235,598,344,807,365,996,832,676,511,932,202,683,582,229,593,850,483,541,225,801,138,789,52,94,785,560,339,903,87,707,424,450,212,810,680,381,161,151,582,79,965,78,372,725,246,987,915,874,420,312,369,566,208,584,398,805,929,407,943,46,673,83,28,840,966,187,363,382,911,499,185,540,574,463,645,423,31,227,824,462,391,628,512,194,232,404,903,648,730,774,618,337,61,418,505,527,943,974,364,193,117,256,70,965,905,13,39,39,735,491,486,984,526,46,17,453,761,894,724,141,759,968,314,759,50,845,753,923,240,116,49,552,547,645,769,345,206,581,676,82,746,785,847,524,942,100,474,530,516,940,456,388,994,95,80,546,707,175,43,77,172,713,756,244,752,168,437,671,849,555,516,398,471,824,723,605,344,276,846,301,800,414,343,727,330,453,911,695,886,246,975,150,466,26,634,68,181,437,426,235,844,450,273,15,612,600,761,684,705,537,26,506,251,440,909,459,330,788,355,547,669,800,26,470,938,729,933,677,669,672,571,159,851,894,750,248,516,883,545,455,212,737,721,167,487,643,949,283,127,319,775,593,471,1000,488,330,812,11,157,547,100,284,355,51,700,945,289,480,28,354,616
18,774,79,183,287,453,198,474,248,642,346,267,313,130,24,736,49,992,628,450,550,161,538,912,927,717,329,396,276,715,429,44,292,132,837,523,782,413,203,157,712,646,241,274,24,940,841,535,39,783,45,263,652,413,235,842,494,708,25,274,641,845,633,617,189,719,553,552,299,434,987,637,817,227,613,825,226,796,926,518,29,492,144,226,172,603,870,980,39,409,272,779,870,684,405,77,960,521,243,373,263,522,815,808,53,145,427,900,602,649,741,154,990,964,638,689,71,760,811,480,819,773,421,959,529,337,527,913,184,906,217,486,812,86,250,254,930,790,910,460,451,297,520,358,176,924,923,155,785,438,377,23,659,56,570,879,136,372,940,726,10,866,734,583,373,334,635,172,159,317,422,306,219,603,459,405,892,109,135,858,711,284,649,959,509,923,654,24,516,351,853,363,622,427,953,150,789,522,489,812,825,775,554,144,940,970,255,474,286,855,299,482,851,185,397,917,21,56,998,413,323,587,677,327,554,34,166,812,929,640,498,670,214,624,219,750,621,882,723,507,719,622,355,612,677,248,463,95,125,913,320,974,173,806,414,257,198,679,827,58,870,279,471,132,585,871,116,223,847,13,98,481,260,232,110,837,475,647,443,217,879,193,928,291,995,672,822,130,353,315,443,979,407,475,971,624,371,357,45,916,675,208,341,627,347,366,474,952,763,161,553,256,64,778,70,417,344,681,448,29,60,32,808,633,173,567,516,914,937,895,934,684,976,957,212,559,241,80,342,447,954,75,460,528,67,837,954,282,191,956,438,15,549,502,781,162,196,50,497,793,625,673,85,631,152,208,952,35,857,880,205,987,473,738,163,239,35,163,149,663,998,222,648,960,411,599,788,201,583,677,297,256,359,697,427,320,121,756,497,911,911,510,942,520,339,348,304,292,555,567,126,627,363,372,477,843,254,346,987,257,762,216,254,254,955,632,279,839,603,681,30,212,464,963,190,363,907,974,545,983,30,869,4,432,280,989,562,821,209,729,195,78,313,605,249,882,90,340,1,765,351,254,321,385,550,732,145,277,374,223,957,906,390,464,424,421,337,343,581,935,924,654,630,727,625,706,834,529,966,230,106,877,665,168,662,23,870,434,136,915
181,97,844,815,871,506,617,746,945,707,544,389,230,653,910,587,57,870,960,217,413,448,885,402,845,339,139,395,691,414,613,692,91,640,74,685,313,609,305,723,814,941,993,681,378,687,26,526,110,537,289,426,976,228,517,438,326,618,786,114,473,203,216,897,805,545,843,428,29,334,653,123,462,447,648,895,21,590,754,514,881,367,587,703,38,244,263,398,202,531,801,379,938,688,562,371,978,127,77,992,113,14,328,864,652,747,168,849,99,11,20,667,217,223,31,980,57,928,93,438,765,530,8,362,278,433,352,725,667,180,484,18,262,558,227,346,345,746,661,460,463,344,91,405,612,517,697,211,643,496,389,976,792,622,249,830,830,752,993,939,301,260,210,570,548,367,895,250,709,36,734,713,47,28,46,115,701,701,518,784,207,142,599,79,418,771,437,434,390,863,972,703,785,297,400,30,418,685,410,442,836,125,174,265,277,46,271,803,905,175,885,411,70,343,211,253,864,642,154,99,115,981,986,904,155,487,64,408,256,6,612,442,596,587,415,429,277,58,63,564,0,721,371,409,270,191,585,301,738,412,424,959,390,58,473,399,708,949,288,585,689,67,695,135,535,909,91,170,10,235,818,159,343,121,227,403,600,941,142,169,977,730,593,116,740,843,117,775,291,81,149,163,936,757,375,836,675,753,152,0,933,270,489,271,311,185,452,817,933,984,823,610,175,863,475,495,539,464,114,589,487,749,937,986,683,428,418,844,403,53,5,274,787,642,149,478,402,572,982,35,170,77,1000,246,801,869,709,38,99,578,476,743,944,309,18,181,893,897,512,200,975,702,965,863,533,653,465,248,816,33,540,34,990,508,485,701,632,435,932,526,984,614,923,523,66,703,222,675,548,915,903,448,934,892,339,886,529,891,321,972,796,252,651,141,912,689,95,315,900,237,158,954,572,779,17,842,128,297,917,347,62,837,914,499,50,477,288,821,850,376,25,974,264,843,48,341,777,995,662,961,232,927,274,76,586,968,23,915,734,370,147,809,243,651,603,167,760,650,904,310,886,787,132,302,729,579,172,690,887,793,491,323,539,505,571,970,661,241,791,36,781,673,39,651,966,829,776,634,984,78,392,114,800,305,930,218,231,329,650,987
804,701,35,538,719,752,228,400,605,820,117,448,597,812,427,951,198,214,460,793,550,941,817,229,431,958,456,242,406,19,771,692,531,873,39,457,947,843,679,459,665,718,479,462,674,483,224,448,3,853,698,660,130,2,547,137,117,31,597,362,723,955,374,664,892,882,629,494,195,402,460,114,886,917,624,233,932,52,691,107,171,888,367,916,732,742,985,756,40,80,348,134,929,941,701,312,851,673,753,79,403,910,872,868,627,48,799,4,617,671,598,143,129,243,727,114,404,10,13,396,273,947,264,189,422,271,743,23,883,267,363,958,494,775,702,800,525,228,467,934,898,842,582,130,212,79,326,83,519,724,232,408,53,819,688,504,402,557,971,202,801,343,617,268,805,317,15,468,469,575,90,722,868,705,98,688,252,597,75,454,310,59,839,37,381,859,405,77,33,996,928,281,54,91,993,480,110,15,393,587,997,493,928,596,341,746,653,443,99,629,165,851,863,999,206,522,188,319,839,256,115,514,973,338,188,874,660,12,907,125,555,393,785,729,871,20,119,957,731,533,776,878,706,818,179,637,905,195,227,383,602,640,168,727,707,843,258,112,840,140,342,310,414,90,49,488,252,673,523,670,143,931,338,305,25,337,272,418,958,316,729,253,73,165,457,83,203,468,386,597,728,626,864,358,877,797,56,715,445,160,188,533,278,562,744,498,768,234,106,497,956,625,335,149,660,378,125,605,988,591,448,14,169,771,5,991,734,809,734,342,946,3,657,430,279,691,902,883,649,352,899,321,85,210,175,686,822,760,51,733,45,307,261,445,261,43,66,515,931,88,626,286,182,918,686,434,744,886,205,197,821,933,81,464,491,251,368,577,398,463,1,375,213,291,593,849,64,956,904,834,624,698,59,774,751,882,655,422,85,1,139,851,114,421,377,211,220,225,943,190,903,711,160,24,238,297,990,265,676,879,866,8,866,722,776,602,298,924,41,793,814,815,641,464,993,63,130,39,656,740,443,908,691,44,783,464,791,361,964,771,912,379,183,348,68,80,720,47,931,994,393,394,479,56,198,463,4,100,256,133,589,909,957,56,700,584,12,939,301,64,744,234,873,760,398,960,421,801,192,674,843,628,963,566,55,444,812,794,377,252
518,602,64,471,476,810,3,958,944,976,537,614,334,510,411,142,629,380,125,833,248,91,200,925,306,806,751,133,969,549,598,89,26,299,74,91,142,121,819,750,660,14,435,987,371,952,590,678,606,749,287,755,703,774,788,219,659,686,233,507,402,822,66,460,455,665,818,731,579,560,747,710,181,1000,672,509,564,152,899,358,457,576,682,482,113,774,921,643,35,508,785,786,13,490,34,376,205,925,443,588,58,236,866,727,245,225,825,579,318,663,136,225,671,254,327,384,434,295,698,230,932,666,160,336,349,347,868,471,679,506,132,163,853,192,730,949,737,791,271,247,874,431,425,806,153,603,848,621,339,449,526,915,394,566,219,51,685,899,260,206,130,119,489,766,537,132,462,984,267,148,79,812,618,57,453,937,991,678,119,653,482,145,283,650,698,364,797,228,297,537,401,0,139,443,625,847,27,701,403,273,722,503,594,663,404,325,153,426,410,557,375,203,300,457,537,991,724,764,612,766,336,284,738,46,101,73,504,710,87,701,174,132,489,626,792,634,239,441,48,809,768,156,952,105,925,38,990,25,86,924,338,458,758,459,56,750,857,846,436,625,366,490,639,510,179,892,252,681,369,688,841,678,282,67,198,898,183,412,621,525,224,728,411,994,872,626,675,248,421,98,813,665,213,413,293,871,281,596,40,282,355,248,518,405,37,672,964,539,629,626,491,701,305,224,20,323,461,97,112,998,591,444,133,579,622,865,136,62,251,80,62,565,288,484,852,294,352,834,394,535,665,36,950,272,276,558,228,862,330,199,834,475,276,917,392,1,902,594,890,487,807,461,990,239,538,947,536,87,486,53,28,893,685,793,464,296,441,687,152,500,730,303,862,165,285,511,334,47,687,680,76,266,379,95,687,779,212,180,295,928,582,401,244,976,664,391,998,981,528,614,742,607,547,140,948,881,142,632,63,612,195,177,620,847,156,720,224,707,103,56,234,542,306,201,18,324,799,161,364,365,503,473,650,287,490,393,463,425,362,25,723,402,790,239,404,129,674,206,677,279,259,969,64,815,366,726,779,162,381,317,629,809,738,932,282,340,117,867,822,289,368,178,786,142,264,212,196,609,712,231,410,942,10,540,58,659,259,980,443,859
68,803,878,270,652,625,260,855,923,180,876,781,262,322,110,798,759,978,959,302,897,147,431,871,175,173,791,402,25,543,206,157,341,376,488,765,873,236,141,821,281,936,157,772,881,404,318,51,8,915,855,433,599,799,527,570,638,182,277,732,735,294,776,933,258,163,634,380,993,925,896,182,500,529,933,741,317,415,150,926,348,288,283,210,626,517,931,51,671,650,568,178,803,903,921,680,40,393,438,196,362,250,635,794,183,581,316,187,6,436,550,797,48,171,670,585,402,290,251,406,181,366,794,237,572,906,735,960,886,591,65,961,684,751,100,896,483,703,465,125,578,531,943,27,695,140,235,212,517,765,720,965,377,434,35,672,126,834,324,847,955,31,498,59,919,43,74,558,741,382,683,371,419,474,650,19,721,544,594,734,115,30,129,687,661,53,355,144,142,0,824,500,537,24,18,680,9,706,46,600,742,32,973,736,547,147,599,744,251,821,977,278,21,519,589,202,80,68,112,53,565,105,292,133,863,386,689,296,5,909,329,865,301,835,6,424,652,727,124,720,100,862,586,807,70,521,703,565,147,933,371,399,334,334,898,212,109,86,223,232,259,867,185,858,139,35,691,990,346,730,272,193,252,765,507,710,342,159,876,378,723,645,353,169,238,947,267,938,995,853,925,726,115,801,153,412,675,838,622,15,967,928,230,695,508,898,166,616,847,254,967,149,574,994,965,524,319,986,676,722,763,928,562,261,867,788,954,285,202,403,645,615,336,24,441,272,592,734,288,795,617,532,939,111,290,79,277,849,316,344,406,435,124,59,621,395,730,974,578,991,719,996,577,529,502,221,990,567,589,559,909,244,347,165,437,484,348,881,234,900,220,425,345,164,281,924,633,527,620,554,944,961,906,951,259,989,225,786,66,22,142,467,211,934,109,49,71,977,487,261,3,924,610,291,787,966,601,501,626,528,377,979,910,584,110,411,549,824,287,523,275,870,354,360,933,309,199,752,766,237,994,316,532,883,559,779,733,449,602,988,926,58,669,284,294,560,864,462,234,607,365,23,676,234,945,915,566,37,336,551,618,938,628,631,818,533,53,604,311,880,77,768,302,212,328,61,92,611,436,553,587,927,288,8,630,908,45,889,795,127
685,368,129,622,631,170,778,101,910,67,653,970,267,107,617,661,938,115,214,106,663,504,660,803,212,661,314,338,526,728,828,497,772,650,405,21,99,873,655,206,426,554,197,235,595,568,897,975,943,585,253,134,594,179,46,491,965,765,24,5,591,34,624,558,765,252,185,174,295,986,747,625,8,236,135,476,786,42,166,343,923,350,362,57,641,155,480,402,879,18,257,437,554,737,333,656,448,521,557,674,869,15,90,988,167,593,963,322,970,711,909,382,547,577,505,563,393,282,268,312,316,152,594,877,357,300,817,439,469,117,326,287,65,860,170,334,933,156,406,430,812,805,855,319,385,879,704,721,88,992,908,427,661,552,299,895,338,214,376,692,568,478,827,993,967,933,537,888,403,980,858,805,877,762,543,304,839,576,653,677,363,299,87,876,125,713,994,398,954,326,326,934,429,766,922,589,342,42,512,543,781,978,131,767,906,69,914,295,687,867,105,24,544,409,733,120,28,811,276,850,76,361,390,905,456,481,370,577,367,653,264,350,828,255,283,738,714,357,548,211,313,265,175,965,171,73,584,510,50,350,61,105,195,731,754,833,349,280,940,285,304,854,28,350,447,934,543,863,292,398,231,887,31,202,946,843,650,951,500,835,958,459,585,917,613,346,263,401,534,97,538,902,269,288,789,513,606,366,119,921,860,295,865,816,276,769,7,281,272,752,896,911,283,224,892,836,381,197,573,706,934,83,57,369,584,707,270,988,349,767,748,893,39,690,920,146,237,126,735,758,849,958,951,935,597,715,377,595,748,796,362,352,84,643,882,349,699,298,676,521,633,781,629,913,188,501,218,817,154,45,379,163,350,193,817,534,868,673,166,253,511,789,397,253,394,263,377,400,536,574,529,817,800,420,212,427,744,464,985,779,512,797,250,206,164,92,853,93,308,343,911,94,549,935,133,469,32,14,116,588,858,295,566,185,5,132,214,409,821,177,395,726,603,847,322,830,525,266,459,959,819,856,398,831,992,67,971,501,728,600,839,690,326,711,864,327,947,604,966,730,996,96,781,885,699,113,164,388,387,25,802,254,754,754,35,459,549,392,573,692,253,413,243,1000,890,579,113,511,442,715,923,331,421,565,744,347,179,856,693,554
84,788,198,587,462,294,642,667,705,870,724,451,448,260,775,785,503,800,94,996,819,646,453,979,419,43,673,841,137,481,48,978,747,776,346,872,441,776,394,620,481,943,473,757,481,523,235,525,178,331,524,48,370,254,859,848,766,741,34,532,898,293,59,486,743,117,53,924,535,787,405,713,288,539,708,359,593,349,979,942,306,559,218,51,468,722,581,55,989,112,25,763,585,661,591,777,17,984,400,18,38,733,154,614,113,268,811,213,414,148,423,841,565,146,702,570,13,74,935,684,781,251,223,505,213,419,722,670,498,440,861,436,821,26,657,829,959,617,736,215,547,135,726,93,57,834,393,184,202,251,286,197,638,730,962,487,920,890,471,946,663,91,16,820,37,591,333,57,47,461,126,264,261,768,693,155,810,7,726,8,27,912,438,198,450,349,918,832,693,811,143,473,446,268,110,392,811,507,995,793,619,97,787,367,194,779,881,966,821,874,440,82,302,419,870,600,379,841,351,412,476,821,283,242,257,33,333,487,44,369,585,331,673,190,633,159,958,926,485,543,742,382,138,744,414,286,378,298,756,674,541,80,567,209,580,279,804,92,705,903,500,268,516,609,382,552,664,422,235,382,736,133,535,144,41,28,990,497,8,748,755,888,346,4,496,247,665,882,222,187,313,289,631,546,895,365,474,373,962,366,589,682,253,341,226,878,885,991,299,334,777,337,50,243,455,223,57,924,241,536,572,958,956,745,634,495,705,461,960,749,535,826,26,426,662,185,728,920,414,665,729,964,155,808,888,133,864,583,191,84,599,400,827,646,13,879,259,161,836,238,859,968,106,135,43,996,816,655,977,765,222,345,486,701,761,716,297,455,177,752,724,466,187,639,318,975,282,652,764,689,706,111,798,125,737,665,348,672,529,593,947,271,911,420,213,550,631,112,743,333,62,670,961,859,428,832,293,706,208,775,544,982,195,330,266,630,347,618,297,899,107,443,994,34,889,179,578,834,900,624,456,555,603,877,948,81,721,791,888,941,863,640,869,206,17,735,861,557,869,801,772,540,885,221,150,762,634,391,203,510,437,356,853,585,48,621,714,553,722,894,22,310,309,241,536,304,684,587,855,206,319,674,492,573,763,260,222,136,154,567
157,312,30,896,722,200,963,321,496,264,963,360,785,626,319,458,722,112,921,240,118,855,408,134,293,378,314,19,412,108,84,993,478,828,158,989,672,403,429,123,158,303,897,594,291,826,935,520,248,432,312,819,510,629,804,746,453,272,208,459,440,936,613,330,744,107,572,321,160,138,507,970,890,514,911,583,558,40,41,826,686,329,802,344,599,622,871,605,201,223,944,127,794,317,856,976,151,132,423,577,218,984,804,974,170,505,715,893,982,205,271,63,305,724,186,740,920,244,46,899,249,903,733,272,578,427,429,38,294,613,122,352,40,544,982,162,187,918,740,432,243,383,452,445,811,904,379,409,190,859,976,183,412,207,337,523,277,915,67,792,104,295,182,610,801,639,151,383,643,26,887,587,649,958,801,526,787,791,616,830,472,873,512,7,509,781,125,422,775,744,425,458,334,443,188,147,523,840,566,340,721,628,145,676,182,493,393,871,714,566,435,595,734,451,845,860,783,332,597,159,592,342,181,134,807,609,697,810,13,409,629,229,370,221,275,329,756,66,900,181,297,956,240,288,17,443,435,29,317,733,523,16,866,431,452,661,698,135,614,272,770,951,442,182,96,125,344,280,623,963,812,184,660,224,293,391,108,439,248,600,685,229,22,480,866,665,633,68,762,3,974,543,160,87,586,352,174,467,297,271,617,908,971,157,998,932,967,694,174,103,961,917,511,925,333,115,298,173,782,751,46,22,101,195,847,90,757,597,139,938,507,473,280,912,379,245,498,206,268,734,545,758,786,746,824,665,852,720,875,682,86,6,952,24,443,698,661,23,329,590,18,838,441,666,984,166,120,166,2,186,364,390,836,163,133,982,569,650,507,94,922,933,845,826,376,183,253,806,978,925,429,835,837,10,937,800,505,297,301,781,808,829,418,300,1000,507,186,44,441,791,129,939,618,265,146,442,910,338,460,415,902,618,311,894,532,553,756,302,723,217,546,546,80,392,949,639,22,811,424,190,865,619,970,588,748,571,291,599,190,147,723,390,710,142,476,600,90,791,373,852,297,601,864,874,637,966,450,530,591,839,260,905,750,967,232,284,151,959,60,92,665,601,347,794,358,814,327,846,623,500,89,488,978,275,191,915,631,680,425,326
572,29,621,230,949,106,296,748,828,326,813,814,58,707,20,408,865,297,361,796,472,167,475,805,842,376,376,115,214,782,201,111,609,864,735,99,228,858,294,19,91,189,847,709,604,12,16,756,43,469,102,872,87,871,803,594,710,591,513,194,613,484,612,967,128,193,891,481,968,438,21,743,216,461,806,420,626,986,741,232,759,201,269,311,462,18,332,711,194,99,566,45,228,335,146,430,148,452,593,325,532,201,343,622,681,577,869,899,15,576,318,227,891,667,839,246,456,803,446,981,912,984,669,7,741,878,755,114,506,565,35,273,351,401,880,428,326,362,792,921,10,657,817,820,648,676,458,811,935,0,573,464,920,292,696,135,542,481,4,13,534,404,103,635,461,522,536,419,304,234,495,241,542,984,663,387,936,868,416,449,672,581,742,778,69,449,858,164,38,326,541,218,827,831,56,327,90,229,954,790,196,306,936,159,503,105,52,224,107,913,98,912,617,389,480,933,623,19,520,148,814,904,901,463,325,214,935,572,474,828,56,483,772,719,258,860,760,273,93,991,124,257,62,874,902,943,128,996,514,205,732,773,237,954,906,231,788,129,730,133,454,822,397,151,66,176,375,874,525,884,430,240,417,744,328,213,365,457,541,736,188,629,781,904,756,833,953,222,678,782,672,348,952,474,920,604,575,558,785,516,536,606,524,921,811,396,74,784,483,51,231,130,578,973,664,184,912,105,668,886,248,545,529,453,665,314,848,205,909,418,418,680,659,788,735,586,503,883,533,589,364,630,587,111,280,392,294,521,823,449,501,987,231,569,939,480,627,594,749,905,134,916,438,817,875,462,558,687,683,524,74,372,830,211,794,214,100,798,321,67,417,100,111,813,207,526,668,148,202,117,671,406,908,618,157,754,638,192,389,562,86,355,678,625,717,695,488,738,161,678,962,619,246,948,706,983,469,669,681,845,711,955,540,160,769,627,930,950,698,378,80,13,596,800,587,71,166,808,268,574,195,932,595,886,448,496,805,468,458,57,291,274,799,614,111,180,254,623,548,662,824,379,25,887,407,146,999,680,948,761,446,843,446,962,222,791,215,807,339,932,657,757,217,824,223,256,545,677,686,991,833,522,110,722,535,823,783,132,816,969
352,340,465,412,112,710,683,625,507,655,448,102,238,490,491,197,61,266,76,321,125,100,253,806,346,846,598,92,227,199,241,657,631,981,701,325,678,328,357,601,453,713,804,839,589,291,692,196,974,185,139,65,386,678,739,483,372,773,0,597,359,453,556,690,681,128,330,102,761,450,825,676,302,306,493,296,806,863,578,991,731,252,174,294,768,4,701,776,540,615,146,222,778,656,72,204,65,990,555,721,746,285,550,499,572,280,638,765,141,300,94,198,709,654,274,355,143,233,379,634,396,393,682,327,174,658,929,693,4,670,226,117,657,76,201,600,317,620,459,907,656,246,502,8,574,821,771,306,745,82,979,596,46,576,656,976,87,554,188,320,919,244,950,753,599,723,897,102,175,612,870,474,914,944,919,637,45,152,966,830,195,646,812,660,757,647,986,793,725,973,817,721,868,669,184,143,341,836,836,185,665,157,974,976,544,258,795,693,900,393,527,621,654,532,332,236,734,591,758,723,632,726,4,257,883,494,741,75,12,527,364,37,865,318,600,642,237,219,43,655,449,356,638,307,52,7,665,95,15,373,515,230,892,919,143,140,341,988,991,630,635,432,276,945,522,482,213,841,266,27,711,225,251,382,547,455,463,247,400,483,273,450,879,681,544,962,989,205,155,140,449,326,955,114,792,739,510,236,173,203,812,486,791,430,614,506,463,857,812,862,290,94,561,124,508,270,939,643,610,647,498,475,941,160,608,380,912,946,726,283,435,548,744,781,993,485,70,846,827,118,244,444,151,311,83,929,416,724,554,745,859,561,841,485,322,861,266,840,209,649,330,565,771,154,556,615,163,498,476,556,208,316,559,989,290,199,792,750,731,910,184,910,135,6,696,685,296,445,689,789,42,637,452,896,631,135,72,757,937,550,969,661,967,194,392,202,195,325,508,330,229,52,283,564,484,528,43,238,417,280,276,508,979,343,1,376,253,806,688,208,861,902,752,438,15,615,770,830,946,562,999,128,228,242,932,602,958,23,720,302,394,610,329,232,768,532,719,451,953,141,691,93,111,570,160,839,139,885,296,156,212,642,80,631,315,625,750,264,485,483,891,523,975,41,700,189,414,755,899,952,336,763,598,155,178,576,350,597,619,471
796,841,495,876,488,626,311,477,446,246,230,70,32,665,59,17,97,659,470,855,750,188,504,108,121,553,884,710,592,613,657,329,655,712,384,707,369,743,854,399,115,497,354,596,258,117,685,987,958,352,659,458,71,183,792,737,618,568,224,660,94,745,798,654,275,486,93,943,400,427,728,281,483,940,131,430,516,665,350,470,355,837,34,597,624,877,970,972,842,591,322,374,685,239,868,891,297,7,8,668,330,730,507,320,937,140,985,24,239,226,859,979,321,204,857,932,224,383,667,338,61,402,149,625,453,186,26,837,899,947,322,647,331,230,703,206,975,622,442,690,377,570,490,577,842,485,645,519,985,816,777,607,409,564,992,83,976,39,843,416,556,88,630,341,906,98,742,446,607,1,203,793,362,128,450,486,413,826,839,31,793,753,823,907,938,596,796,242,943,835,924,955,122,612,548,57,195,468,841,325,701,266,286,427,598,160,744,921,492,309,52,65,139,317,448,497,300,537,865,113,261,942,487,308,18,806,669,936,176,840,680,486,563,285,593,113,454,554,999,535,959,742,137,384,943,590,409,181,718,395,14,779,484,809,978,66,534,724,835,657,997,259,79,758,124,121,71,442,796,632,513,616,159,431,663,311,55,590,187,962,625,167,54,331,294,856,168,120,243,22,290,401,326,231,781,740,257,796,104,31,19,601,71,833,702,593,717,477,197,405,928,788,418,985,612,183,738,490,873,741,82,979,258,905,873,663,562,45,881,899,753,912,191,624,603,30,448,758,523,924,484,535,665,16,57,48,919,218,622,905,593,936,982,473,21,473,495,23,737,526,817,698,327,790,222,531,149,416,494,257,689,842,63,554,923,28,38,918,237,88,66,220,616,650,961,530,614,403,558,399,185,127,102,179,305,967,250,292,633,436,191,481,76,698,463,585,24,158,590,615,474,431,96,437,240,343,329,238,836,805,284,929,593,797,149,63,546,516,494,267,933,618,288,194,447,947,212,976,382,779,714,970,407,319,677,88,61,274,45,342,78,173,211,960,490,427,510,640,932,168,444,403,548,207,147,275,157,562,910,209,394,132,783,222,527,38,437,240,946,162,490,424,729,79,353,950,927,25,850,888,922,233,286,205,359,549,789,820,540,15
102,148,32,972,547,151,278,686,80,399,560,909,410,509,789,431,726,349,272,385,248,183,699,207,515,14,448,444,776,177,597,138,246,802,187,640,544,902,228,851,730,590,724,387,883,132,572,776,99,647,260,661,592,449,257,821,790,516,923,340,238,213,992,159,721,347,607,474,890,115,81,679,74,239,22,807,205,540,619,809,40,747,90,259,740,884,38,812,506,875,951,491,978,487,976,615,550,887,129,544,523,776,490,937,329,599,308,685,26,985,495,269,223,759,681,853,619,27,72,198,668,218,254,985,55,589,90,597,346,682,292,910,409,697,614,909,293,132,615,268,631,452,606,80,933,645,586,572,818,120,542,186,623,974,225,536,132,737,865,70,984,454,493,158,821,623,79,105,679,14,515,641,486,934,781,928,462,34,437,82,621,191,913,571,246,428,437,508,93,995,98,898,223,610,853,30,863,735,64,365,912,454,544,260,198,309,522,903,634,368,431,316,507,501,635,31,825,928,639,554,509,544,392,553,78,787,948,809,106,975,574,362,803,324,498,301,585,503,849,252,737,337,514,472,7,854,690,260,879,680,103,784,801,893,327,815,93,645,561,546,562,189,44,740,518,343,951,803,206,415,676,192,403,112,554,289,499,280,721,903,506,722,984,741,209,446,688,376,216,867,300,794,391,135,375,988,850,13,845,724,125,178,910,189,200,18,822,948,770,71,926,430,285,449,725,398,575,970,59,184,652,901,183,909,645,477,955,212,796,704,389,454,156,627,109,743,77,255,482,961,446,910,698,237,721,71,723,467,829,715,898,76,265,448,641,924,540,60,311,613,326,143,759,141,571,139,677,875,478,769,17,559,474,915,178,581,496,212,271,194,588,266,899,816,831,941,389,252,51,443,565,991,439,567,886,226,685,551,4,83,672,689,454,679,995,75,689,869,763,101,583,524,796,135,781,781,627,949,593,708,914,393,290,117,841,636,36,37,216,312,555,738,687,84,696,261,510,403,248,506,970,840,557,897,355,208,13,520,586,420,347,672,525,528,316,420,387,815,38,196,193,102,488,689,799,304,738,909,876,849,53,325,893,829,246,374,993,57,786,117,494,694,726,791,968,65,576,224,693,259,373,420,974,560,750,91,682,290,837,586
835,587,957,851,627,533,698,163,268,385,993,936,730,640,204,603,32,919,313,343,86,187,305,757,883,104,782,485,86,156,382,238,118,208,831,928,589,856,155,748,346,577,181,979,476,397,775,800,564,310,297,856,114,913,48,1,14,855,425,249,378,586,578,588,417,431,417,980,615,410,359,369,310,178,506,669,885,484,633,776,983,675,288,47,97,674,711,355,247,178,389,83,948,431,693,60,355,304,985,922,321,623,66,613,40,442,318,824,345,287,729,699,573,566,589,897,825,434,176,430,4,272,107,434,375,550,805,913,330,232,184,941,865,879,861,330,706,483,279,978,420,995,606,54,630,154,293,343,263,480,244,832,484,868,548,790,613,227,729,293,271,169,831,361,982,546,536,304,956,657,137,266,852,345,942,418,892,546,656,667,994,308,849,926,656,782,377,33,788,894,852,793,266,928,679,788,357,745,43,873,215,914,759,841,899,805,833,476,690,82,928,965,578,964,380,326,720,757,402,780,116,971,783,498,80,684,255,644,891,787,616,165,668,899,830,286,152,513,129,908,400,840,126,631,821,287,467,387,61,763,966,38,39,934,375,589,582,146,812,882,720,331,493,218,82,258,174,718,846,352,843,580,925,275,193,81,608,166,427,975,705,465,966,727,305,203,831,724,718,713,512,862,337,35,556,990,501,528,730,924,770,203,107,895,476,863,27,808,452,768,907,378,509,189,716,18,251,623,391,75,19,661,322,940,278,355,686,425,134,433,103,410,556,934,878,577,138,554,180,23,147,606,143,466,718,970,138,757,540,54,423,737,434,156,172,295,508,439,141,313,566,505,572,95,136,277,481,37,533,522,515,70,747,657,636,970,282,375,517,179,387,709,94,507,337,331,576,915,275,591,543,604,673,187,6,406,917,0,83,150,943,420,222,888,85,366,880,933,33,949,81,273,477,530,981,186,501,399,56,888,568,55,661,703,797,43,311,47,690,817,128,449,871,560,139,658,476,644,984,367,791,174,535,807,546,929,143,297,1,832,965,19,42,543,943,335,538,489,828,278,689,150,633,514,974,118,289,653,724,768,374,49,763,860,417,522,871,308,476,768,341,962,538,332,797,964,319,741,866,655,417,590,261,804,739,852,552,987,154,828
179,210,694,494,212,739,60,120,444,701,599,519,812,842,819,585,835,712,344,228,354,410,518,801,197,614,721,271,406,592,186,287,846,117,719,777,918,507,660,574,655,835,579,309,368,2,852,722,940,347,612,138,92,4,466,513,185,42,932,352,494,313,640,63,695,54,814,362,702,742,875,407,73,407,533,586,60,210,764,476,347,308,329,891,98,678,744,478,497,162,66,759,778,159,150,278,112,398,408,153,619,58,941,485,383,185,675,267,640,344,481,882,882,728,818,401,371,339,401,516,974,710,138,387,774,450,858,726,74,806,905,460,826,465,888,463,297,337,252,438,958,938,319,936,991,246,522,653,586,753,465,659,139,514,225,588,604,855,656,38,666,686,997,214,20,690,149,956,234,604,974,653,664,936,1,460,394,595,915,321,536,610,11,455,230,964,712,228,155,416,486,231,990,21,118,549,609,90,380,812,665,669,739,354,483,931,924,453,147,471,105,871,947,532,505,167,369,568,941,960,498,490,0,51,431,173,322,719,160,183,842,872,606,452,401,377,65,921,679,189,848,987,64,810,465,372,242,236,5,450,159,788,394,418,484,942,681,604,596,525,172,923,992,925,482,874,89,727,416,630,946,567,934,606,183,808,572,732,320,390,636,479,955,740,669,18,192,342,488,77,601,164,123,784,31,656,611,828,356,448,914,833,870,565,855,885,522,865,865,248,284,64,153,353,40,177,516,19,280,675,519,826,923,658,846,589,332,764,390,177,376,356,121,976,491,424,216,891,114,700,395,696,256,762,455,936,665,681,362,858,185,256,898,419,539,437,930,94,519,643,986,594,855,389,974,560,816,690,361,777,135,271,429,635,825,149,847,840,184,228,486,152,961,982,918,262,529,409,64,402,316,758,888,627,285,826,716,671,676,316,371,712,70,102,438,51,867,62,419,829,683,678,53,752,904,594,157,977,569,50,49,530,174,584,365,783,882,224,760,229,0,560,560,16,562,704,94,711,143,668,443,554,495,254,915,898,93,447,216,566,203,308,780,768,651,456,347,111,104,225,186,236,585,610,574,703,828,284,814,193,996,651,567,378,896,705,929,722,261,245,239,57,832,135,760,302,790,572,152,667,284,18,733,446,509,83,495,451,436,1000
28,63,440,882,612,888,519,358,633,839,386,605,401,348,941,602,999,258,647,126,209,601,908,947,770,349,759,291,393,420,514,893,201,188,711,167,31,675,105,548,290,907,677,673,534,530,411,399,610,914,515,596,81,168,727,754,728,673,137,796,240,760,569,959,246,738,213,11,302,78,373,754,18,781,948,688,206,615,206,180,716,880,102,940,817,506,892,687,422,4,389,751,590,839,209,306,388,28,324,237,93,688,222,442,800,628,882,109,181,964,270,239,928,2,337,472,144,48,529,259,574,303,208,336,363,697,335,828,475,875,346,202,527,452,365,511,763,597,524,547,30,742,780,514,973,49,463,456,324,583,54,221,501,312,236,734,464,74,321,654,243,704,261,481,927,474,969,935,478,873,649,156,147,323,682,920,481,498,219,173,853,70,309,331,49,706,249,315,411,47,71,220,761,272,606,928,429,759,523,225,217,794,381,708,951,446,236,308,846,88,509,46,380,178,969,709,599,103,293,693,611,7,79,763,121,158,378,762,371,777,267,413,568,10,551,853,444,418,872,402,88,198,200,386,83,31,52,700,802,170,336,843,642,950,662,645,961,669,750,753,445,42,340,486,123,871,23,20,248,194,461,498,455,74,151,246,599,881,422,564,719,406,546,513,407,910,116,109,118,329,367,609,690,877,760,870,743,298,701,156,691,955,868,662,104,133,601,478,163,378,446,853,556,804,977,951,252,665,774,656,234,231,472,491,69,358,941,179,724,121,0,256,988,122,280,825,250,351,43,505,748,453,589,561,41,93,3,72,398,880,375,431,290,219,280,751,288,855,769,673,703,875,787,6,141,132,217,775,876,488,317,537,607,682,997,758,546,784,850,65,321,825,484,907,78,58,56,681,40,349,731,795,858,691,793,0,858,24,462,148,666,844,16,297,881,356,386,375,954,792,439,809,784,420,187,412,50,378,1000,338,697,419,486,395,239,685,198,978,181,319,189,506,146,772,631,837,495,746,799,112,864,765,32,439,345,170,837,32,609,120,340,829,266,190,748,609,307,371,932,444,181,677,336,922,635,608,162,948,816,533,601,395,407,585,610,661,521,707,591,766,568,275,596,469,367,417,966,961,571,68,203,257,604,962,77,346,338,914,258,986
962,26,997,982,920,559,226,944,873,775,159,675,937,903,468,308,228,209,733,275,796,451,220,592,134,425,96,992,992,175,377,574,543,888,902,931,98,674,290,658,854,482,454,337,823,563,929,825,703,45,400,787,751,109,359,129,260,668,80,66,83,74,221,976,985,57,888,766,638,807,362,59,397,567,416,112,871,187,502,42,121,190,829,876,68,321,589,184,405,647,303,49,35,295,205,153,519,480,24,586,6,42,620,449,523,729,611,357,597,974,708,877,362,957,558,958,516,799,181,647,672,558,56,470,985,989,20,55,103,35,888,331,882,170,4,923,160,894,433,608,646,290,437,920,119,282,577,296,504,956,483,54,58,481,333,906,888,86,568,71,584,710,548,980,584,971,705,535,780,605,46,530,882,935,516,291,878,498,75,73,23,813,161,381,301,999,432,258,262,545,294,322,354,886,942,172,902,638,469,44,19,101,423,539,628,242,783,882,404,280,901,21,195,437,565,521,697,423,601,790,24,825,237,346,585,697,870,660,147,821,602,240,508,946,425,807,555,503,302,680,540,910,86,395,21,174,700,786,706,113,793,456,53,568,631,847,529,97,525,841,163,911,701,700,459,570,69,11,424,746,707,12,135,607,544,428,358,652,258,889,455,150,790,587,295,599,207,321,541,289,156,298,815,44,927,65,363,350,374,57,453,65,816,575,540,438,358,367,407,918,466,210,830,311,246,627,537,617,9,857,839,872,500,303,611,504,435,251,423,654,499,45,363,112,677,765,274,168,657,614,694,952,569,958,346,374,435,108,790,416,243,590,547,153,278,614,653,273,997,85,513,524,291,396,12,807,196,385,567,848,372,898,994,194,274,714,499,294,469,440,784,602,696,267,242,974,527,511,899,787,949,870,683,351,722,921,785,31,205,2,655,891,72,633,952,389,87,715,647,880,324,366,852,269,592,336,411,528,145,422,279,212,405,345,273,476,607,152,110,374,532,562,38,395,878,441,441,429,99,77,50,237,785,952,690,247,504,57,781,530,420,737,516,117,241,334,346,245,952,50,820,525,204,356,419,432,499,931,864,571,235,637,745,149,595,964,502,799,36,507,664,33,568,345,452,152,799,557,661,224,320,642,743,285,761,7,160,288,78,605
541,128,639,775,628,333,175,337,970,836,817,908,751,941,177,384,675,544,811,345,359,169,123,618,423,888,477,358,622,888,773,94,296,618,726,114,558,862,706,763,342,925,300,432,442,850,953,633,359,54,640,674,517,110,311,571,581,94,380,673,36,761,712,750,594,438,443,632,177,290,158,595,3,473,986,517,163,201,573,966,473,167,31,562,426,9,796,195,4,93,927,697,868,529,616,721,436,149,520,136,390,625,866,248,320,805,639,94,125,460,452,48,154,152,153,827,635,731,172,514,349,403,839,166,952,140,464,235,583,727,293,795,1,958,297,611,739,364,921,202,753,139,825,152,996,656,966,900,971,457,857,230,642,208,153,183,49,930,196,137,79,976,851,619,534,264,210,97,841,917,950,683,477,784,131,632,898,504,974,489,373,42,241,390,837,280,723,51,284,279,589,694,821,962,421,663,821,448,502,563,367,488,229,649,102,109,761,438,991,610,281,93,292,136,562,954,400,147,297,765,938,145,706,174,979,866,974,181,203,550,629,511,639,153,697,615,560,722,6,989,403,137,278,934,929,229,643,322,352,360,732,259,554,18,769,325,473,186,780,286,744,175,540,714,320,99,437,878,870,751,462,379,840,951,609,381,321,218,579,115,843,684,21,38,615,678,649,902,687,442,943,740,529,553,840,274,767,829,862,763,59,981,904,15,350,6,801,289,895,369,694,541,840,493,3,680,176,351,716,360,713,362,155,174,499,933,173,765,515,935,275,80,691,460,8,352,903,539,860,402,914,524,894,297,754,519,50,455,117,106,242,671,186,148,788,85,274,841,466,66,729,866,226,983,944,13,757,852,233,219,545,664,154,135,451,364,60,221,255,510,869,492,598,971,134,989,760,499,604,31,183,36,351,17,728,434,604,781,505,903,782,73,457,898,641,811,214,248,373,924,418,320,866,859,585,403,69,973,455,158,644,23,829,256,421,684,835,544,761,224,970,540,804,513,839,910,694,56,323,37,832,281,401,501,234,921,261,331,932,747,187,167,148,619,319,98,275,709,304,155,198,814,12,884,890,154,94,98,410,445,940,997,418,850,979,460,794,6,582,414,701,611,848,933,450,590,619,55,189,353,47,242,660,240,627,490,714,260,485,940
333,689,988,533,764,959,260,882,20,784,20,320,97,533,411,890,258,649,401,400,157,312,868,25,517,128,98,243,858,630,170,144,192,651,639,244,977,733,88,349,582,846,432,882,652,759,192,102,418,72,93,156,55,448,782,999,227,120,73,132,101,108,362,982,210,180,434,512,366,7,470,510,123,507,671,605,52,509,244,794,626,79,867,24,831,389,655,306,401,700,333,147,919,8,203,840,928,58,94,289,150,816,884,335,956,382,367,13,298,154,931,596,976,822,213,447,198,152,440,320,475,157,737,765,527,980,983,63,886,610,815,965,964,272,503,883,261,920,372,498,696,466,847,980,699,225,863,453,988,456,214,137,792,635,39,238,118,308,335,916,539,602,438,849,791,79,117,861,202,565,20,956,241,882,571,324,836,605,848,547,707,223,37,469,421,604,546,448,405,110,903,483,224,438,374,607,575,984,342,170,439,323,893,670,300,945,631,638,923,592,815,747,939,33,645,374,367,873,903,191,523,356,630,680,838,297,556,963,891,838,965,136,412,983,851,524,812,464,555,184,421,92,807,547,517,128,415,876,989,778,426,754,155,459,409,294,534,942,668,841,296,22,556,491,341,837,772,439,496,167,37,13,834,602,570,158,705,305,387,471,812,394,242,544,992,49,419,218,725,942,256,180,943,235,940,54,548,699,668,314,916,143,181,192,590,560,924,885,336,591,391,286,738,760,231,131,421,406,376,395,505,946,325,298,413,387,890,594,678,880,432,631,181,153,198,209,451,832,999,188,319,871,896,55,828,102,210,63,495,201,441,189,415,267,48,393,204,742,469,921,841,784,848,820,439,1000,844,590,826,202,277,453,679,704,128,559,867,71,664,854,307,310,643,224,888,750,118,237,545,590,908,244,711,489,521,675,306,402,191,779,758,732,301,972,772,463,826,465,388,9,558,328,613,289,955,543,400,229,380,692,360,476,220,226,379,358,610,896,522,54,712,912,909,274,265,107,489,658,747,870,341,807,663,444,812,131,52,360,572,208,818,456,938,231,141,596,898,726,539,597,685,362,514,388,475,91,758,275,286,797,375,117,654,630,329,109,956,78,454,74,398,187,600,52,0,418,837,404,446,110,763,632,719,624,627,685,205,871,399,724
254,825,784,34,933,955,736,246,157,466,887,851,714,311,155,915,176,507,822,411,428,419,147,184,598,705,827,793,563,475,446,621,921,507,989,293,953,374,814,985,173,952,534,964,335,718,673,86,207,734,862,459,837,779,461,622,804,949,88,480,189,842,589,185,753,822,513,372,591,646,754,370,705,94,968,879,341,86,227,315,913,307,435,495,339,9,79,571,457,688,701,732,908,822,448,382,564,404,543,706,674,920,377,799,37,196,175,419,358,361,957,802,836,453,622,402,438,654,265,441,115,816,156,817,591,249,738,550,619,294,557,344,245,396,968,357,659,543,950,405,668,331,162,47,385,190,97,955,995,726,907,890,464,1000,449,555,237,487,397,578,998,415,966,809,62,706,51,169,690,427,155,391,489,397,268,486,936,40,687,657,985,780,269,549,230,978,834,939,921,215,675,83,81,217,657,281,41,345,641,210,999,519,444,343,854,194,436,743,978,45,861,723,2,784,591,497,371,26,76,750,316,858,380,356,580,753,286,472,729,537,0,866,410,999,764,229,204,789,700,946,589,817,353,423,818,86,133,620,943,803,620,600,409,135,613,595,474,710,578,801,34,935,745,896,127,529,852,523,288,857,351,695,70,553,806,581,808,135,620,473,154,157,463,0,970,896,275,911,930,811,477,384,574,236,221,311,550,450,791,830,335,158,525,877,929,662,218,41,874,237,895,667,991,298,727,204,298,968,392,38,560,320,127,777,182,39,326,516,142,741,704,547,964,71,727,564,619,236,604,373,931,911,917,194,28,141,829,285,134,217,760,283,5,812,400,789,486,237,983,433,786,865,791,796,482,119,556,560,952,925,543,532,518,919,389,577,277,335,772,419,213,56,261,252,622,266,498,10,200,970,291,158,975,200,644,323,112,323,363,759,134,952,488,752,80,846,368,506,457,416,656,800,680,564,199,205,189,92,249,361,496,606,421,139,150,997,912,632,800,802,37,343,91,96,307,597,202,721,291,160,809,353,47,747,104,156,850,491,876,282,224,656,55,995,418,286,100,850,334,445,710,670,476,814,783,309,573,208,860,708,788,130,696,107,66,913,126,249,317,447,244,494,807,780,145,571,551,974,284,827,241,799,765,567,890,197,814,401,339,988
280,67,262,167,253,666,494,890,77,642,108,574,129,712,834,572,272,150,582,385,389,310,718,591,109,601,892,99,287,789,667,330,947,306,53,699,279,145,978,836,499,650,396,151,895,588,28,472,425,449,656,452,908,792,433,587,663,399,538,423,936,479,945,689,331,168,765,58,27,482,943,896,732,256,204,707,475,376,552,176,773,378,799,80,477,818,255,405,166,51,242,313,577,729,631,404,891,94,970,588,325,582,477,608,818,413,86,863,152,74,550,309,146,999,100,986,70,309,258,276,928,880,575,842,990,598,441,368,599,800,185,271,718,93,347,316,695,294,461,431,184,693,550,958,984,815,339,338,762,919,373,251,75,832,963,18,496,551,664,315,491,278,648,995,266,941,628,452,270,425,814,604,829,675,844,815,236,292,532,417,813,124,379,190,211,403,276,286,432,870,234,557,757,89,742,899,229,641,881,199,539,121,852,330,82,935,29,201,268,342,966,876,784,419,939,398,192,854,497,997,77,669,134,969,83,918,945,968,573,39,146,290,268,244,667,749,63,26,52,107,423,677,956,468,967,573,95,877,568,317,979,782,96,24,607,700,421,173,562,943,117,816,990,315,597,221,495,405,211,19,948,651,92,799,756,822,10,324,948,630,642,781,966,229,716,426,940,982,711,935,883,982,220,256,228,636,273,327,117,822,392,227,765,252,662,43,217,855,396,121,577,331,422,484,372,901,739,678,50,957,14,841,175,460,892,766,956,618,396,285,315,508,20,661,534,710,717,106,455,175,86,338,952,239,449,838,355,258,735,127,203,677,247,440,261,328,683,844,578,91,508,7,173,810,129,615,917,74,495,997,60,423,370,906,803,660,964,235,1000,953,224,956,410,995,222,524,939,374,718,395,233,702,962,737,373,493,107,160,288,650,904,238,671,312,810,896,595,779,524,274,405,593,122,963,603,939,369,401,594,871,395,573,487,691,957,18,464,839,666,241,519,299,665,480,305,778,771,38,11,880,660,381,195,107,843,387,259,732,258,229,916,495,481,786,575,193,12,400,322,523,471,516,27,734,621,682,670,800,203,583,854,540,365,12,575,376,880,602,65,197,822,1000,20,568,597,257,975,574,99,81,690,829,694,569,655,262,659,939,408,772
59,811,963,496,311,465,604,899,251,67,574,895,870,971,997,693,379,144,572,411,832,476,913,569,276,949,365,650,922,395,545,907,212,772,388,459,852,686,786,440,77,950,748,421,272,382,664,688,649,994,984,274,493,790,465,661,786,7,857,20,583,772,512,791,113,7,714,645,480,61,504,290,918,224,200,178,298,602,177,142,875,17,479,288,17,504,389,422,691,367,650,784,27,134,351,632,616,124,103,434,302,977,343,680,354,956,883,594,239,327,810,945,268,933,378,101,367,508,849,233,470,543,702,738,941,560,964,787,603,729,519,459,852,324,865,165,906,930,795,68,629,903,79,722,989,449,718,470,684,708,72,527,201,675,137,967,398,975,91,164,761,284,991,488,625,534,574,190,120,428,78,453,772,563,548,692,205,278,457,634,380,444,738,154,868,174,337,726,372,125,91,525,502,255,745,694,654,598,889,153,849,834,286,920,275,213,317,554,233,590,487,808,468,209,273,453,827,671,63,284,932,515,409,979,812,100,639,763,867,994,321,876,220,447,15,93,10,320,317,708,577,991,521,179,941,375,651,880,622,45,59,594,576,54,990,871,19,645,613,50,225,434,664,157,501,70,929,281,879,845,683,396,615,161,399,603,703,742,114,365,568,860,848,790,757,619,300,903,106,501,379,635,235,266,345,449,971,928,74,1,959,825,53,579,494,506,204,426,470,989,321,985,843,906,132,380,228,849,179,715,933,296,752,349,385,958,832,9,758,947,320,931,509,53,553,699,191,252,603,430,376,72,628,623,330,550,967,41,565,351,393,932,454,873,328,676,493,954,995,0,390,818,413,232,225,662,928,62,185,442,232,267,99,798,755,169,517,892,344,490,302,834,464,121,877,838,463,577,303,289,147,58,294,60,35,961,724,399,936,255,426,484,379,146,703,828,475,710,287,983,29,342,597,354,67,8,144,993,128,587,564,57,294,770,780,94,121,40,395,355,477,312,827,499,421,821,955,543,107,316,620,695,952,425,794,896,657,234,404,506,255,259,434,979,838,856,576,736,671,342,952,78,217,570,6,756,432,895,574,753,671,327,785,580,846,509,113,880,735,356,193,473,130,812,629,768,652,648,797,352,33,482,901,271,35,222,108,761,951,148
710,292,736,710,6,511,781,456,499,535,862,754,46,145,139,321,92,764,992,822,483,568,601,144,134,887,682,734,998,879,520,816,146,882,844,475,206,651,961,141,638,66,334,588,832,869,187,432,105,710,476,185,320,457,223,311,253,41,129,785,576,156,697,400,452,921,349,711,781,270,917,847,686,879,431,738,349,421,146,406,422,48,103,79,612,551,841,570,479,854,990,4,400,379,879,959,534,220,791,612,959,923,743,727,575,319,309,848,625,298,440,924,656,121,958,891,970,273,78,659,979,787,691,193,519,108,939,258,720,611,748,839,59,364,735,600,221,28,494,670,120,263,60,680,561,155,791,992,94,464,921,61,737,894,830,708,422,152,30,201,54,920,468,660,485,254,52,89,649,536,644,941,172,891,215,585,567,425,146,608,601,540,569,67,356,654,668,465,193,724,168,649,949,822,213,815,907,873,878,638,245,373,962,782,650,415,241,806,694,639,818,365,345,150,926,236,491,179,221,847,993,349,112,761,878,123,378,339,876,584,754,834,180,589,837,302,988,578,915,499,300,268,781,421,999,753,932,199,214,650,450,593,24,196,984,739,94,927,778,364,39,823,765,31,208,502,916,74,130,881,527,527,189,688,494,167,66,872,477,847,988,35,45,861,275,862,0,935,970,340,997,207,528,58,328,42,270,324,254,726,54,676,541,626,254,953,615,775,706,829,606,479,708,388,250,67,629,425,332,814,308,898,573,900,356,350,167,605,477,854,551,588,369,720,790,673,705,32,85,879,299,251,931,480,441,825,73,714,693,823,533,412,162,111,365,736,596,246,1000,169,342,70,788,53,390,873,711,744,98,190,171,848,68,951,901,638,212,565,822,789,775,546,891,831,523,94,701,633,82,594,700,928,481,119,259,922,376,195,640,938,879,448,118,124,386,689,700,545,382,102,722,450,90,749,240,207,576,948,491,542,406,18,452,129,933,325,171,305,144,249,779,858,735,491,717,672,115,8,349,546,279,786,303,111,559,745,892,32,987,327,685,774,569,949,380,618,268,229,660,540,535,586,399,542,472,899,739,947,998,806,538,89,212,512,381,368,481,9,226,756,420,441,628,329,663,498,425,864,59,706,98,923,287,845,427,942,869,318,153,991
368,308,513,160,646,699,129,883,257,21,301,294,70,791,67,845,173,444,655,112,885,11,693,664,393,968,526,934,361,657,420,502,285,11,935,687,593,859,705,297,88,454,339,524,3,646,578,912,194,784,978,170,725,134,352,892,297,764,446,406,301,628,475,595,35,288,74,617,241,979,405,839,954,323,732,938,0,909,461,698,54,463,954,139,649,92,724,828,698,408,68,11,176,95,329,718,766,47,919,572,90,672,39,112,176,726,360,858,643,703,430,683,539,150,36,89,665,949,527,337,452,680,536,394,754,38,197,977,210,635,648,149,598,275,369,4,553,976,124,346,131,594,955,356,735,931,816,905,62,795,376,10,146,764,57,485,263,469,397,420,552,348,956,860,777,866,244,478,683,935,465,295,670,39,961,625,134,281,756,619,47,635,356,717,492,471,66,52,595,935,167,205,790,221,583,317,200,782,444,136,618,41,869,564,918,114,450,43,562,616,626,463,884,153,430,835,465,507,922,202,96,304,242,743,121,432,939,540,617,585,915,573,538,20,254,960,770,163,185,751,901,231,380,47,324,915,51,319,621,593,790,584,796,242,649,499,599,180,160,301,888,606,96,167,611,4,535,942,572,121,653,829,421,678,382,299,643,638,494,888,321,730,884,825,338,84,177,374,566,256,860,227,160,980,621,843,723,599,261,461,794,900,883,72,933,339,500,926,168,244,22,978,731,200,43,916,917,830,170,817,678,466,774,760,252,136,660,19,652,993,952,160,811,576,181,542,296,75,749,349,671,737,731,712,260,69,39,479,911,529,863,523,289,330,500,94,404,474,150,616,922,1,148,502,313,380,748,494,267,558,515,679,131,751,368,191,800,972,905,5,816,149,83,133,428,445,393,666,605,776,126,952,681,463,692,423,324,765,753,614,111,950,285,810,921,533,112,684,663,891,35,400,231,175,715,328,529,446,760,100,405,768,583,915,21,49,242,652,925,5,312,246,171,144,385,662,129,807,645,434,255,17,779,927,822,951,986,585,626,994,550,470,102,218,485,103,202,891,627,166,264,934,513,819,747,74,21,506,169,618,700,346,332,883,958,826,249,470,805,82,640,413,99,437,676,877,600,540,875,748,555,915,552,138,508,82,376,525,863,157
290,594,960,358,933,717,271,246,715,230,420,84,160,91,83,902,283,38,260,121,655,315,415,204,655,116,790,202,921,963,20,1000,277,867,999,772,266,858,142,411,468,243,571,99,816,397,23,257,720,190,963,428,400,750,122,348,191,970,158,672,263,552,63,28,264,564,395,709,188,873,875,143,129,396,323,256,287,325,159,386,604,473,504,228,879,752,211,479,222,904,81,862,13,759,646,983,515,35,243,594,114,973,782,128,728,231,65,362,380,634,393,846,367,424,143,444,563,473,603,998,993,82,593,515,878,586,469,492,503,903,908,341,711,151,444,295,630,917,872,427,862,538,817,777,521,880,278,134,412,947,184,289,721,176,728,401,818,424,230,956,755,95,156,656,749,611,742,551,371,623,114,368,420,158,158,98,289,820,362,879,511,721,191,451,113,654,209,268,154,44,6,450,255,978,998,83,828,647,476,108,801,283,875,10,70,420,546,978,705,423,116,194,570,785,561,665,234,895,518,877,926,825,396,636,545,670,485,32,668,126,841,501,78,429,399,894,643,598,688,97,801,430,811,79,19,579,639,389,701,53,329,884,866,131,334,192,971,599,703,880,663,696,369,13,258,999,492,136,11,763,687,185,810,565,692,273,789,938,581,747,683,74,563,71,267,67,781,115,409,828,926,808,792,816,456,975,100,2,174,673,640,101,962,345,239,253,440,524,851,435,388,212,169,432,220,904,186,995,859,180,55,167,829,577,459,876,845,614,629,260,837,193,1,665,217,618,490,867,436,747,753,275,968,680,59,58,739,333,405,325,659,677,800,840,453,131,566,137,155,1,596,142,367,379,107,496,839,270,858,570,636,596,815,291,59,715,874,104,536,287,199,1,321,63,724,953,253,72,371,126,954,954,157,532,940,966,843,895,645,177,115,143,378,797,877,72,796,844,620,84,539,23,335,495,265,60,46,851,40,924,200,975,687,23,832,668,654,809,66,633,435,927,514,687,907,987,203,263,407,890,960,734,529,862,831,864,212,372,414,886,460,774,647,840,995,323,761,602,340,335,661,135,376,488,581,602,550,775,978,309,267,514,580,825,757,498,753,716,970,896,125,844,851,784,134,1000,464,82,591,296,988,861,964,640,649,120,167,438,45,84
643,45,902,528,410,760,751,76,733,270,373,864,103,149,138,75,9,750,598,774,865,974,794,479,498,898,872,638,881,252,949,601,489,889,757,167,201,310,131,900,605,705,19,373,292,409,583,648,335,422,368,351,786,816,609,67,834,481,698,596,197,628,825,753,205,807,462,914,781,452,527,892,652,811,981,901,425,726,237,973,504,633,758,407,278,913,156,543,622,325,158,560,393,652,513,795,909,722,784,79,23,438,172,625,572,848,816,50,927,299,241,455,805,94,173,582,875,855,635,90,96,528,676,753,983,118,34,21,83,575,472,77,701,692,6,680,575,345,947,737,763,940,725,466,429,793,145,70,401,867,54,281,378,304,748,245,839,441,798,571,442,993,923,207,559,917,91,81,342,649,362,749,166,163,752,876,373,202,739,578,702,349,555,436,353,903,338,680,959,4,211,864,547,770,663,259,208,701,508,921,550,772,180,345,441,582,419,909,531,319,737,33,172,354,261,924,254,436,894,672,725,75,623,662,470,106,945,357,848,389,228,113,316,309,783,520,530,286,724,769,344,564,6,484,820,540,157,31,931,416,520,622,329,643,345,829,406,891,268,60,341,768,492,612,600,386,570,673,447,275,445,792,622,740,178,600,760,899,859,909,237,739,932,16,844,487,55,511,258,121,59,294,412,946,136,990,284,492,421,531,74,971,534,61,609,812,647,234,609,191,693,802,937,481,4,206,850,257,371,634,105,80,468,559,934,250,875,360,521,333,747,511,719,520,412,549,633,518,177,976,985,124,173,761,109,297,790,514,352,228,35,207,827,324,694,961,695,234,135,342,968,146,19,987,277,112,787,996,985,782,450,628,388,468,51,932,648,913,891,102,365,514,419,767,259,362,555,308,945,24,986,832,865,45,517,279,233,838,40,736,256,471,75,323,977,440,615,42,575,877,75,460,435,672,502,460,288,852,997,806,755,300,62,82,324,160,163,571,122,308,832,822,175,775,137,538,74,52,270,538,404,884,441,27,128,627,268,119,88,636,260,178,238,535,299,180,348,131,576,745,374,17,232,587,112,922,80,605,312,585,496,292,484,257,653,508,765,40,350,54,932,391,426,823,141,213,703,176,976,528,281,826,16,643,907,532,489,689,358,968
981,671,379,942,881,946,761,625,832,100,429,428,263,594,149,97,876,648,849,43,736,363,578,949,47,724,204,4,487,912,85,27,784,152,92,504,739,189,45,725,662,316,437,247,632,587,342,295,630,322,712,287,233,872,147,562,838,723,947,328,316,378,244,61,381,671,536,956,809,983,972,1,620,939,924,623,360,197,930,147,144,375,974,647,921,368,155,852,278,839,643,130,179,847,948,774,595,983,215,191,906,381,148,28,511,680,156,520,622,549,119,887,790,913,553,386,35,379,181,45,679,490,59,482,189,727,585,99,947,902,938,895,212,736,923,776,485,294,677,970,121,184,707,971,431,521,257,930,321,168,483,708,496,379,405,437,371,129,271,195,678,455,991,107,519,919,276,273,296,985,550,976,751,750,308,525,421,95,78,232,629,366,702,252,317,934,108,391,305,453,354,25,277,443,628,749,614,562,216,371,839,909,462,945,31,532,950,398,68,851,188,123,62,783,858,614,334,715,690,406,944,354,418,485,385,25,739,531,449,947,70,983,379,882,82,912,932,900,668,806,808,14,92,232,299,41,975,694,370,508,633,609,817,945,363,307,189,581,815,827,163,57,46,872,922,968,671,649,558,839,868,755,589,865,166,129,479,922,75,834,610,560,208,953,894,777,731,936,358,745,233,617,658,257,760,529,762,281,471,670,492,91,427,140,311,165,912,766,872,874,574,200,85,887,53,942,441,658,57,897,426,229,489,676,70,540,378,263,810,978,824,725,673,844,414,12,855,328,96,102,552,215,621,799,344,134,977,686,322,520,636,36,191,147,407,426,995,919,190,614,823,921,779,531,193,334,54,726,749,112,697,733,348,960,898,591,292,301,917,568,501,168,135,76,786,782,461,939,480,835,413,834,311,287,664,359,571,41,434,892,343,649,938,34,284,549,831,254,488,801,508,71,51,836,652,707,353,749,459,949,996,731,695,780,775,774,49,75,613,401,214,460,106,548,627,814,94,38,329,638,259,805,301,543,764,905,731,942,688,93,583,276,454,956,491,83,812,149,616,623,950,251,678,897,869,377,732,362,692,507,644,630,47,220,507,643,79,370,250,45,547,323,635,822,506,756,670,702,883,813,814,991,310,119,791,591,557,115,229,825
829,209,647,571,766,571,513,613,950,277,35,770,553,839,884,231,440,422,641,899,5,644,932,839,517,100,664,146,98,760,107,8,404,285,463,487,100,629,249,752,769,401,144,185,669,982,746,475,167,409,382,36,663,824,257,660,92,630,396,640,204,322,216,160,908,470,117,665,262,943,851,143,161,931,850,533,638,579,928,250,470,707,839,856,627,22,839,150,983,307,240,601,330,749,8,52,282,800,721,238,369,731,416,171,58,736,405,517,731,13,278,445,112,689,174,35,315,451,153,355,519,141,200,673,960,288,289,874,674,193,961,935,642,868,311,985,710,783,784,347,786,540,617,562,293,976,346,771,570,394,696,976,308,967,977,441,416,661,774,575,337,716,916,998,208,84,535,541,513,344,458,2,434,429,134,489,491,62,377,72,282,882,912,580,826,38,419,542,360,378,248,765,46,146,520,345,416,444,662,610,683,519,362,664,113,550,10,102,742,591,340,268,819,259,699,393,486,309,91,979,797,985,9,774,683,15,341,858,653,962,622,103,816,343,571,9,547,450,261,277,366,998,529,48,299,89,303,481,493,521,672,39,880,331,572,416,586,47,467,173,826,517,600,926,392,567,426,884,404,36,475,131,699,399,345,560,567,535,935,84,99,67,51,165,666,329,673,109,582,499,433,540,372,313,56,540,35,225,248,96,756,742,489,235,503,280,628,92,422,395,674,846,156,675,639,700,637,412,205,382,394,737,283,16,113,334,870,987,763,182,239,681,519,549,248,69,205,299,655,182,264,425,411,490,914,203,826,406,975,482,585,613,881,562,277,604,351,160,151,424,336,451,630,288,226,93,167,881,681,935,792,541,296,783,137,777,152,53,430,423,34,522,902,802,824,923,745,700,701,269,756,867,688,882,849,31,634,310,218,443,621,140,954,72,605,840,180,479,2,793,118,650,933,304,189,341,385,997,17,383,929,553,864,61,831,313,558,112,609,945,21,480,835,126,838,138,941,903,913,399,505,764,39,897,548,297,920,300,243,855,500,772,6,488,593,116,958,431,812,947,839,739,445,766,609,552,530,540,801,942,656,90,234,534,869,903,286,831,24,849,801,186,408,402,861,832,428,874,643,115,774,874,964,284,868,957,313,637,549,897
663,22,141,990,585,637,57,724,226,732,249,675,173,150,131,838,650,157,647,816,943,633,662,887,907,597,101,860,393,751,142,876,574,167,789,419,510,426,367,67,254,391,73,1000,685,528,724,225,905,180,58,219,34,262,612,4,369,38,583,186,648,861,740,372,397,191,19,113,965,726,587,451,806,211,867,111,224,116,694,578,455,21,395,472,903,466,240,521,812,771,219,132,328,562,717,279,407,340,148,188,450,58,834,725,780,720,21,623,103,92,158,352,797,847,197,309,158,296,144,729,283,332,460,317,964,546,342,843,269,455,993,997,343,109,321,447,807,585,984,350,831,204,493,219,888,609,192,509,181,701,215,586,857,192,911,8,369,6,57,711,897,454,635,614,599,166,81,840,74,756,522,595,839,666,190,425,954,860,807,183,129,720,3,471,287,336,734,848,125,115,356,286,48,88,316,176,911,31,678,546,929,463,900,818,314,245,27,575,25,679,797,447,77,696,320,409,759,906,164,758,788,57,345,293,359,71,727,112,197,1000,387,924,494,65,871,628,962,600,527,898,591,369,78,276,552,220,1000,13,157,476,256,400,810,732,675,8,337,863,778,94,420,75,972,725,344,568,876,20,118,567,782,600,359,367,977,812,595,280,195,304,362,802,589,184,280,858,29,366,627,843,163,30,779,109,464,691,98,557,902,894,935,816,292,387,486,181,993,445,456,65,312,162,653,886,450,152,481,743,343,238,765,225,932,778,923,531,549,243,908,686,173,699,368,821,245,993,957,146,749,294,625,583,284,317,809,3,146,276,533,242,93,498,85,455,1000,348,684,646,184,564,220,943,35,413,807,136,444,427,926,790,671,677,352,554,353,743,409,124,788,227,293,523,241,220,38,969,452,392,431,801,404,990,880,346,700,779,704,240,149,842,385,486,143,874,388,645,36,674,258,479,999,526,891,693,132,17,308,632,448,307,185,590,366,427,571,70,846,314,241,630,686,271,868,994,544,888,356,935,519,773,425,706,508,117,188,102,537,803,958,633,135,634,588,402,860,522,219,545,88,173,541,599,20,466,224,750,637,566,247,107,52,175,459,749,489,63,753,655,947,551,92,201,631,382,479,560,910,307,946,101,184,106,891,767,662,682,675,609,661,364
262,16,137,25,996,927,456,106,921,167,497,822,559,202,620,997,508,198,314,396,224,921,741,658,758,148,548,71,321,131,650,72,469,936,306,556,930,139,531,572,325,201,354,580,329,190,112,422,17,685,997,874,564,940,770,698,432,859,662,105,507,67,769,942,125,83,429,353,691,594,87,777,859,574,938,185,540,138,619,505,86,926,931,399,772,949,184,685,52,802,327,528,64,350,559,869,796,361,553,784,905,39,836,214,527,10,778,228,214,156,542,145,70,547,80,778,110,891,898,452,325,605,716,419,985,753,383,295,866,968,245,598,420,580,293,790,939,160,368,876,407,722,646,357,346,322,57,617,516,311,253,131,121,903,39,728,946,496,700,88,409,23,269,116,248,610,674,144,351,892,715,591,191,646,600,716,5,845,153,594,102,782,370,300,773,37,189,671,496,28,684,57,847,877,309,717,236,210,304,295,495,508,157,59,749,214,584,433,11,393,758,506,818,469,5,813,414,372,299,805,216,807,387,649,310,557,906,954,329,211,399,883,738,198,418,116,620,58,454,922,815,339,163,594,261,273,599,873,385,823,256,13,57,503,429,868,286,73,416,919,459,265,932,690,967,289,829,163,345,411,107,390,621,426,353,860,185,829,644,676,833,743,886,576,585,768,74,303,875,966,51,439,609,193,923,391,686,403,284,0,811,381,730,465,582,368,179,528,324,196,3,356,123,133,555,125,413,300,320,198,919,598,971,947,560,122,515,541,950,654,528,45,460,465,656,734,115,453,786,313,411,803,583,895,878,207,423,963,361,836,261,73,975,249,694,349,420,443,103,858,571,290,44,574,439,169,369,319,180,213,774,519,122,970,348,982,647,169,813,813,263,849,657,375,898,780,221,3,338,227,648,73,993,158,309,177,740,4,670,188,228,362,183,616,622,910,790,276,615,301,622,758,662,25,923,561,801,252,399,881,60,834,362,131,912,324,116,27,807,582,62,557,291,316,891,926,278,404,776,935,646,23,436,488,119,927,25,509,879,347,734,200,374,359,429,471,289,853,815,48,197,496,524,414,430,464,24,794,614,834,437,794,738,751,296,735,779,575,351,772,196,934,709,277,955,117,633,986,30,881,212,126,871,0,380,633,936,895,970,105
333,1,168,462,740,345,692,731,179,266,523,218,324,797,373,898,69,78,235,125,499,35,838,710,734,861,901,766,52,165,395,746,632,211,444,828,990,359,344,239,415,321,503,584,866,56,580,364,689,741,907,674,456,644,239,785,398,471,58,945,621,991,499,779,587,208,408,266,795,662,592,945,811,171,357,747,790,405,683,461,94,86,323,191,816,41,745,481,736,85,476,879,912,170,456,351,663,475,901,696,378,183,558,368,193,353,166,904,853,122,34,784,526,745,437,685,529,941,725,873,831,650,918,845,322,83,211,895,664,747,103,230,953,804,564,23,522,249,225,571,655,349,585,310,635,202,866,517,40,5,299,688,17,426,40,389,980,776,739,45,964,148,243,885,411,763,317,882,964,507,516,315,844,790,316,505,817,498,98,709,789,217,775,658,432,685,176,402,947,935,62,734,468,213,786,271,119,226,651,863,628,389,702,999,575,818,761,90,334,270,380,168,257,928,180,850,502,962,381,416,929,710,990,493,290,696,216,78,695,273,917,592,144,778,310,380,119,685,972,64,243,521,594,48,234,242,281,564,325,639,416,754,894,396,610,329,238,906,54,371,11,2,366,454,0,983,227,679,264,32,210,497,816,246,787,465,380,100,253,372,733,558,250,998,980,989,374,916,663,427,560,491,162,235,99,911,953,288,143,507,731,488,206,234,88,876,161,859,836,900,240,19,320,790,160,647,825,865,235,90,482,582,582,285,127,955,370,880,552,509,392,603,986,914,891,316,434,767,1000,995,346,860,706,263,787,559,655,67,309,448,360,111,896,725,124,55,675,665,695,893,730,321,463,329,78,746,746,591,626,86,976,882,405,447,343,509,546,947,755,722,320,624,566,660,332,139,273,436,516,634,939,977,197,641,466,941,826,939,948,897,302,796,509,77,578,441,453,114,595,65,417,154,399,254,143,104,120,562,975,104,880,834,243,14,745,953,763,439,607,20,672,193,293,333,914,534,868,428,969,435,977,591,685,505,265,978,379,920,364,267,385,283,324,710,799,975,387,766,827,245,350,163,814,249,650,828,17,22,323,847,16,668,230,958,817,713,700,1,961,41,97,730,559,927,812,430,783,268,871,212,944,20,245,80,64,313,926,944,297,396
390,228,168,526,797,882,406,89,96,169,497,559,674,551,261,513,45,18,780,239,164,429,186,13,453,813,258,924,45,636,287,138,954,148,194,860,369,3,332,817,678,625,143,43,714,872,822,56,566,575,155,502,480,393,300,356,275,228,329,718,266,447,824,780,969,970,647,104,347,39,149,513,203,284,117,800,617,713,989,662,738,685,555,938,799,835,421,925,857,494,780,813,991,98,713,300,83,829,685,74,119,399,98,439,728,183,664,109,192,972,522,468,331,628,418,588,908,721,723,374,762,728,590,914,227,144,676,99,921,769,17,920,691,605,917,324,454,24,533,870,763,346,782,857,839,842,602,710,426,771,743,586,931,86,655,206,378,114,533,98,426,772,163,445,219,992,118,788,305,176,384,860,72,804,152,573,100,979,976,837,189,187,684,283,180,978,806,350,518,441,243,192,410,179,522,916,135,277,521,204,779,884,502,938,835,762,915,57,126,122,235,762,837,453,58,486,661,785,641,981,343,318,983,502,138,551,398,979,383,346,126,150,512,787,911,920,706,18,771,71,491,360,396,129,716,938,940,665,395,778,187,366,611,908,157,990,76,320,475,593,900,883,315,169,681,481,596,481,372,862,390,42,623,850,669,58,737,183,293,601,52,215,650,923,463,836,388,340,231,649,661,275,979,305,533,977,381,122,478,261,491,843,592,754,766,945,268,146,883,690,275,699,947,664,630,267,495,884,498,551,829,802,37,90,38,670,543,667,727,841,812,828,49,743,165,926,45,149,79,795,554,984,172,544,890,613,782,23,580,303,473,147,16,794,156,895,350,591,914,952,60,929,180,708,35,838,577,881,344,145,769,629,904,126,126,21,957,172,514,655,563,415,324,194,419,241,543,285,374,119,575,275,369,524,673,542,244,133,752,34,853,272,428,78,379,299,241,582,925,355,649,210,285,354,788,0,892,708,984,818,329,110,319,864,819,465,900,334,768,145,884,646,711,216,277,753,786,316,802,732,244,550,710,82,365,158,52,252,781,740,648,977,136,545,914,802,237,640,744,699,755,131,505,276,622,376,381,135,658,121,148,605,91,98,945,685,104,485,346,591,452,1,758,253,430,477,19,604,293,928,370,449,77,445,295,776,558,659,823,648
423,905,404,787,467,723,794,419,494,844,781,887,124,205,393,386,129,291,150,18,61,293,774,877,857,124,942,498,974,25,558,852,670,350,629,110,855,139,134,704,731,739,626,308,141,210,844,337,977,161,86,614,126,679,109,517,91,900,60,918,617,925,800,452,761,849,357,716,732,817,798,549,575,290,700,479,178,836,622,592,361,995,465,186,630,737,961,122,629,848,533,561,957,60,664,577,443,876,897,760,126,533,108,977,199,605,827,717,590,407,700,437,349,430,805,333,762,725,124,492,682,380,129,757,872,717,142,912,700,855,601,212,116,920,812,373,523,203,513,608,119,622,326,50,705,388,666,504,518,865,690,751,334,450,91,408,417,278,730,167,297,134,310,598,772,75,85,501,372,117,900,540,659,144,18,8,301,20,669,46,302,805,187,661,896,817,202,358,467,572,719,0,228,996,643,102,728,874,629,529,459,550,591,189,685,64,31,955,350,850,811,993,239,398,402,374,261,548,392,778,420,132,869,650,355,937,605,968,770,83,639,31,204,595,656,328,69,612,2,866,672,164,178,317,445,279,680,944,136,48,786,391,135,528,726,416,989,960,460,332,311,371,404,660,158,350,608,623,370,514,837,97,784,941,266,92,35,263,836,436,947,395,381,627,566,887,833,920,5,569,567,895,929,797,791,827,761,618,257,390,874,574,672,98,547,48,604,387,964,553,47,912,336,728,774,242,423,143,241,438,222,359,725,596,893,695,612,838,249,726,406,524,868,599,43,241,600,812,614,269,8,18,746,4,380,119,288,809,839,1,63,75,475,913,62,612,385,198,534,613,285,924,791,909,884,896,55,808,798,829,907,851,641,678,696,762,186,972,139,778,552,119,373,38,594,119,80,998,434,915,110,42,749,844,181,586,811,899,430,184,163,101,649,708,871,629,728,809,3,61,368,905,853,289,611,308,54,926,535,419,306,428,586,158,99,936,227,149,998,400,285,772,142,812,166,393,447,641,974,663,509,990,247,652,933,279,309,728,452,853,273,356,893,503,883,869,527,315,199,61,664,214,124,573,464,105,120,353,965,685,111,982,553,10,823,59,626,423,189,93,75,462,206,484,337,306,861,358,770,547,103,198,581,849,513,562,326,416,625,594
314,3,447,752,428,687,95,466,679,115,64,660,302,788,333,63,87,375,359,718,782,544,321,696,924,390,183,478,464,731,391,691,992,482,548,410,574,844,167,770,909,619,437,28,658,857,753,327,3,792,528,819,280,974,84,203,80,568,829,416,916,130,648,4,142,851,269,131,940,869,399,226,919,559,423,262,219,165,802,651,935,594,724,348,99,534,575,626,708,903,989,591,68,864,133,134,383,410,320,116,342,381,857,57,493,991,393,179,947,242,292,315,852,910,810,131,878,723,701,745,804,1,63,160,92,251,514,585,37,185,806,791,773,472,18,164,631,669,437,679,631,267,495,111,248,50,774,650,665,761,780,332,139,751,90,129,331,875,157,876,973,726,991,740,683,72,568,731,358,147,888,412,773,211,46,948,698,335,311,658,671,891,587,889,835,57,253,704,902,256,600,536,281,228,184,357,14,858,914,466,154,174,461,157,383,776,525,132,700,370,187,629,453,525,233,314,819,535,90,263,81,17,278,959,952,2,711,32,365,31,177,648,383,357,693,864,774,346,648,169,80,558,125,278,171,6,334,802,195,520,781,69,831,114,846,546,238,868,862,253,478,303,79,412,318,597,296,748,519,682,763,195,11,447,517,235,82,328,964,424,39,432,317,906,341,769,292,806,500,222,30,505,986,767,46,882,849,124,621,901,271,209,347,654,817,712,25,732,910,674,670,46,949,315,260,425,363,275,444,98,667,493,802,393,876,214,824,59,441,341,419,329,901,87,837,494,455,356,727,751,26,403,888,841,698,265,757,146,545,326,435,614,892,460,137,700,99,426,675,473,795,306,188,53,727,405,450,617,697,107,409,586,419,72,219,853,857,589,871,508,596,617,8,238,461,227,136,762,412,512,830,47,620,396,116,884,489,116,63,162,526,321,486,319,609,456,364,367,144,728,169,477,891,557,718,46,362,808,293,427,301,39,639,467,903,642,514,403,108,544,763,659,788,106,533,635,280,536,402,351,560,709,18,418,63,646,583,812,930,674,759,909,707,919,542,344,88,534,411,314,335,575,35,16,222,421,839,935,147,355,104,543,245,272,24,377,996,26,18,903,171,507,528,278,195,124,182,92,172,722,861,709,15,405,388,216,664,893,35,644
513,947,510,923,882,184,732,61,395,755,264,173,246,52,694,707,408,629,843,718,357,196,153,252,753,96,240,64,332,10,579,989,301,622,207,628,221,754,294,294,354,821,903,536,629,720,314,968,84,617,516,651,693,839,329,803,317,361,441,992,805,290,604,878,46,644,782,48,420,626,924,925,865,477,301,194,721,971,283,376,256,298,294,415,330,731,401,134,228,401,633,793,630,257,807,182,974,323,65,956,40,609,42,258,703,187,23,972,940,991,990,930,205,460,370,912,962,546,227,128,994,791,542,625,187,778,256,411,836,297,928,802,179,964,557,63,708,425,147,454,802,678,242,126,976,93,538,571,794,98,516,695,664,406,219,26,863,342,682,91,741,254,367,671,218,863,286,875,151,671,16,970,846,190,81,893,754,118,859,50,69,693,950,420,962,514,995,868,876,867,645,667,658,846,451,674,724,272,751,773,183,181,324,831,108,91,213,834,216,888,265,976,603,936,401,656,57,509,617,751,222,998,978,210,385,232,688,981,558,892,998,890,172,871,395,118,507,801,725,336,695,992,744,695,82,653,125,763,35,685,682,888,909,295,264,39,424,421,791,896,381,430,477,197,444,797,528,170,777,885,194,182,694,303,844,54,746,83,786,295,196,515,623,987,549,716,742,64,569,845,523,198,50,603,91,54,159,822,411,231,995,159,307,928,484,760,61,191,627,178,705,675,442,645,394,512,82,474,122,930,625,742,694,414,218,394,469,488,931,391,382,201,49,57,980,515,510,127,225,705,981,873,542,779,294,804,671,356,780,720,671,784,431,528,1,634,235,745,505,664,154,101,992,849,909,156,735,513,23,153,586,314,447,619,646,881,248,574,179,172,409,705,150,301,635,143,683,441,15,243,28,605,311,483,108,703,833,881,513,848,227,539,505,212,758,568,326,323,891,35,93,482,276,485,906,104,584,259,790,547,639,948,857,896,157,432,32,152,193,853,994,438,724,748,549,690,947,362,58,16,676,654,692,448,839,563,561,936,859,574,318,42,438,565,214,77,768,767,301,145,606,889,656,749,706,278,804,846,957,947,764,867,485,696,616,171,661,429,908,931,882,1000,616,10,225,751,163,106,819,404,313,750,96,34,524,541,401,714,574,648
236,316,752,77,976,440,314,875,742,668,26,123,596,643,100,508,482,403,969,980,411,0,686,414,257,871,386,716,260,289,920,526,438,899,175,591,432,10,620,545,93,230,913,291,722,651,546,145,935,404,567,70,992,371,830,685,917,344,715,966,158,609,564,204,881,958,559,178,557,205,895,616,226,807,890,44,308,525,716,978,345,288,346,958,693,199,723,320,721,655,850,485,789,63,412,876,987,683,258,672,41,445,770,106,880,223,956,345,905,216,890,116,163,370,592,304,423,175,958,896,183,809,763,464,592,458,766,122,81,798,389,795,647,766,744,579,789,879,417,970,806,648,813,561,158,926,721,350,942,113,596,513,303,388,479,675,809,107,587,275,293,138,288,546,867,913,71,751,42,950,977,205,999,394,609,128,278,65,257,200,544,545,252,212,784,430,104,928,242,656,895,848,610,659,375,170,353,46,784,435,142,956,584,323,136,962,511,20,374,511,699,307,659,783,879,911,276,747,296,288,195,558,281,552,495,621,91,876,624,235,673,49,930,788,658,928,80,13,68,306,403,706,732,581,90,351,637,458,751,99,230,149,862,995,404,659,997,807,3,9,227,690,790,14,350,746,609,338,555,685,921,469,447,845,588,128,371,524,751,970,599,928,783,480,391,415,202,454,116,993,243,329,214,939,595,947,655,367,689,140,555,201,497,732,253,948,939,918,285,653,554,333,591,753,143,941,267,511,948,741,797,855,354,769,201,305,134,236,608,344,217,841,193,329,726,193,802,184,776,910,359,431,934,998,770,982,595,612,326,305,222,66,123,138,628,687,625,24,843,191,766,623,608,735,967,541,402,797,854,67,815,15,647,573,95,385,685,690,738,133,564,277,478,383,786,834,9,495,868,167,566,830,885,501,319,981,715,3,444,775,429,25,475,723,651,167,523,384,878,174,25,206,784,525,358,701,43,119,464,272,461,117,662,671,7,759,243,182,22,892,251,528,186,213,337,786,354,274,321,795,798,738,132,777,498,209,133,560,685,598,591,25,65,63,816,549,985,379,816,910,517,758,346,134,19,687,447,406,525,822,593,724,133,493,570,959,124,768,551,829,373,700,352,829,694,287,975,873,949,942,153,526,808,490,8,941,804,949,662,950
405,967,813,608,964,257,542,137,388,603,664,377,587,842,425,348,341,297,639,862,748,631,274,622,459,314,964,482,797,581,13,907,371,348,512,862,172,441,530,109,834,431,206,813,27,963,857,895,788,268,7,511,878,398,766,738,125,57,358,822,211,131,413,465,699,772,835,721,429,274,923,544,518,156,55,984,821,696,79,289,569,605,463,809,860,339,402,791,252,828,190,10,890,578,715,231,330,362,612,904,376,120,497,265,544,749,146,465,902,598,725,240,469,156,751,77,260,343,163,500,23,505,75,457,326,107,375,272,553,73,827,847,996,13,201,815,631,962,68,921,59,907,747,393,52,220,190,878,24,233,924,271,747,355,565,720,406,781,426,103,722,282,682,123,678,464,971,312,739,368,820,863,132,2,906,347,601,418,164,57,699,289,103,293,452,502,268,687,190,758,407,744,816,36,4,466,777,261,377,351,720,478,18,206,567,679,191,446,217,740,223,756,891,491,563,626,417,586,82,410,839,969,381,115,451,530,365,56,753,674,441,338,704,300,727,615,415,780,653,855,767,682,299,542,72,697,494,571,200,303,775,813,274,132,354,622,754,814,945,366,909,911,116,226,475,853,458,368,159,756,392,863,190,288,230,578,466,129,748,368,681,840,501,472,388,495,675,352,212,145,489,15,4,851,423,653,617,959,740,222,112,999,190,952,281,764,315,831,99,432,198,233,503,976,569,80,785,373,623,243,347,857,826,292,352,795,927,378,192,408,681,238,688,973,241,48,9,809,663,462,607,643,567,322,923,405,694,297,429,356,770,344,501,790,498,496,836,802,507,221,258,794,706,332,630,556,520,881,386,214,73,844,967,305,515,781,822,345,954,715,805,693,735,368,919,916,116,259,791,528,415,289,672,468,935,715,727,257,562,481,588,742,548,727,871,882,140,912,391,952,50,631,287,297,139,263,969,867,38,387,381,448,2,747,668,115,515,632,302,182,723,550,570,974,285,674,335,414,205,874,273,809,220,386,760,314,181,713,907,476,376,843,166,281,153,346,770,436,785,150,654,205,151,484,359,550,175,881,385,480,410,504,152,762,321,199,149,262,134,729,658,157,121,939,977,859,148,909,387,878,864,736,165,553,197,117,164,15,103,379
671,130,831,255,684,262,229,721,520,192,344,906,784,764,720,851,170,789,17,776,3,569,367,594,485,269,133,0,584,7,746,834,770,867,416,833,337,518,242,58,646,867,831,720,125,661,689,79,669,937,142,885,615,292,880,898,832,694,656,888,487,372,887,404,331,377,575,675,202,916,993,512,746,880,585,648,935,487,206,875,202,699,765,239,95,385,559,95,204,631,725,338,128,220,194,746,467,474,373,242,163,870,351,768,215,844,266,196,194,233,43,834,844,394,807,587,976,436,15,644,513,851,899,87,557,270,193,762,649,29,877,631,894,259,362,474,663,515,760,830,357,175,110,694,798,492,830,59,370,931,820,254,505,748,642,394,467,890,330,108,265,185,957,6,877,816,852,37,140,512,161,292,882,857,447,982,351,976,726,818,712,557,130,9,181,854,831,297,487,725,425,73,579,661,443,474,273,232,621,353,950,214,761,655,641,90,722,92,805,573,694,27,212,406,928,407,484,295,889,596,861,908,32,537,308,672,427,685,458,906,112,259,536,678,573,680,468,612,390,526,104,397,823,662,893,702,837,276,63,747,242,80,625,655,305,190,794,224,652,251,793,43,340,687,591,460,973,252,812,683,354,788,148,523,582,980,587,194,64,978,735,245,405,911,113,674,908,653,677,323,989,338,658,129,949,828,85,764,399,347,427,811,285,92,987,519,630,103,498,19,801,709,396,978,952,55,14,234,437,861,933,222,535,831,33,530,741,75,499,173,92,743,337,893,600,681,46,963,443,559,371,648,952,55,37,680,335,109,457,608,13,896,86,978,631,259,137,824,248,493,375,765,82,49,497,643,690,287,868,598,879,517,29,122,446,62,401,650,9,809,915,819,806,210,619,976,917,68,199,798,467,948,114,165,9,437,657,721,8,629,698,58,765,183,905,675,840,251,516,667,604,501,1,303,687,707,912,239,857,137,196,555,196,240,247,118,51,526,313,417,123,577,402,750,923,946,693,657,119,757,332,533,177,422,660,277,680,442,924,550,467,749,921,682,355,271,245,549,159,637,635,13,532,922,469,634,941,416,487,988,541,338,452,145,149,480,726,516,193,282,484,749,774,330,833,818,499,863,126,667,351,792,408,768,827,824,121,897,244,144
354,897,265,770,487,155,884,364,333,744,948,425,430,27,436,136,319,640,687,705,971,91,263,987,364,271,407,847,818,343,47,345,493,133,208,60,864,518,482,773,538,67,775,571,281,205,941,253,270,690,939,240,886,59,249,639,349,60,534,26,674,690,171,958,231,688,687,313,278,535,346,607,860,373,598,326,156,504,520,270,873,820,975,458,611,662,902,893,764,684,126,696,277,925,350,517,561,225,780,761,677,23,332,228,201,458,364,935,1,41,352,812,54,101,836,762,697,652,441,143,551,349,68,943,265,456,969,431,883,541,562,633,422,194,702,58,445,466,247,874,599,264,462,259,210,478,341,929,609,736,677,928,45,359,745,369,150,887,734,955,566,345,512,169,401,952,188,180,349,139,322,885,164,859,784,326,238,572,825,33,975,470,884,945,269,933,220,563,131,9,585,60,698,369,902,993,544,374,422,951,280,967,77,674,348,390,768,468,923,613,77,752,21,491,454,229,352,586,111,186,58,416,889,774,8,267,779,984,47,697,479,372,74,263,352,945,960,303,819,236,379,776,382,809,590,285,288,471,326,48,215,627,382,899,462,979,568,962,622,269,285,186,979,2,330,623,746,829,911,218,847,606,224,727,722,496,29,472,468,632,998,787,210,299,704,435,557,563,563,491,522,107,105,824,819,544,417,404,568,320,219,37,699,230,981,842,92,399,626,699,14,879,179,22,508,3,313,332,320,140,53,419,91,564,868,79,939,233,398,220,57,278,829,453,32,74,861,756,47,190,751,774,63,261,764,871,215,126,66,122,373,209,662,848,799,20,190,701,188,295,530,289,528,74,448,506,802,417,925,189,496,915,866,97,450,218,612,558,55,638,129,461,447,701,223,733,830,738,578,46,889,718,248,556,889,138,998,568,278,384,542,300,606,297,529,763,147,972,485,754,274,998,606,574,438,202,770,72,242,571,748,557,95,116,387,692,177,882,235,180,104,688,994,781,888,596,297,756,537,660,691,267,355,314,942,39,192,552,860,83,257,450,856,78,821,701,612,520,182,655,962,497,186,751,192,367,116,652,369,438,185,786,776,694,56,887,44,834,797,747,674,823,918,891,68,992,369,651,497,959,756,5,835,658,77,745,38,641,831,626
686,31,340,932,333,120,705,639,904,297,419,38,252,26,326,482,199,996,368,784,995,538,92,734,601,472,225,879,639,405,423,632,796,83,498,129,241,685,681,967,483,649,21,293,917,343,248,787,586,185,930,708,831,451,645,133,496,254,462,801,356,288,173,512,864,234,400,19,921,461,935,912,592,122,188,123,217,459,233,37,655,569,750,554,410,503,565,421,62,618,828,767,855,284,893,661,74,139,26,950,590,59,940,395,832,464,321,886,98,349,400,250,293,567,779,696,636,533,687,979,745,313,600,615,676,859,217,628,224,139,887,946,326,158,357,826,948,11,574,457,106,362,27,332,817,599,564,758,755,387,53,510,949,438,754,340,669,944,953,403,744,351,214,903,483,973,201,56,544,678,245,804,588,133,178,157,672,963,987,91,717,587,796,679,397,241,30,756,670,538,986,365,996,896,236,320,316,251,700,581,727,559,9,8,587,418,270,458,752,897,84,655,218,15,912,690,682,346,540,841,239,75,920,118,317,815,337,284,511,920,721,439,945,97,476,44,455,596,1000,258,728,482,582,58,103,398,359,494,328,421,281,357,384,489,290,988,241,654,45,589,16,805,123,589,555,205,200,613,942,314,683,239,495,122,176,590,391,619,483,483,635,492,360,148,432,311,512,968,312,805,649,972,776,361,481,366,895,930,760,569,812,873,362,785,809,131,811,258,430,247,875,69,864,591,497,117,165,658,940,118,170,738,603,155,536,554,995,971,267,917,900,286,856,602,829,392,212,519,23,926,749,553,726,331,52,401,89,795,938,208,372,37,0,544,580,634,74,971,312,609,444,544,726,417,42,303,480,471,539,575,844,590,473,862,154,484,104,935,508,702,49,746,56,368,639,107,69,420,245,158,320,970,56,832,545,915,358,282,719,168,617,496,279,447,307,558,534,831,236,647,960,588,995,205,802,856,435,370,966,327,251,662,355,586,474,347,325,393,555,493,496,614,682,976,706,700,998,294,947,860,361,346,839,632,642,229,540,346,341,650,306,928,479,796,468,748,129,578,360,411,510,743,721,242,266,848,406,720,200,710,142,405,978,969,795,251,59,360,483,375,258,837,708,596,876,924,504,962,466,499,378,626,551,260,618,260,240,184,742,313
660,176,447,730,654,557,410,609,896,579,510,71,845,255,49,646,466,578,326,93,424,814,684,680,270,175,65,649,838,749,312,468,36,762,362,704,947,757,187,858,317,405,910,710,138,906,85,96,570,687,189,457,379,1,271,914,295,332,402,679,80,323,932,552,753,580,170,71,778,225,182,127,573,109,482,308,907,850,524,532,15,259,246,438,456,271,30,15,586,312,935,616,923,985,697,232,155,936,394,553,81,961,614,642,839,912,474,205,345,633,68,568,21,562,412,907,980,535,579,919,617,999,793,815,830,624,182,154,576,751,58,904,115,600,618,168,675,395,647,9,413,510,536,679,603,842,902,439,105,67,497,448,381,695,7,575,599,547,876,577,653,828,508,549,126,424,138,687,123,384,408,642,155,745,352,473,895,391,707,217,632,336,869,280,108,938,519,573,650,465,490,347,676,431,192,793,470,821,693,839,4,48,479,142,225,90,846,153,964,573,695,150,30,942,115,96,337,625,641,322,951,448,842,729,194,673,773,244,26,752,487,906,601,862,844,442,345,329,772,172,173,366,400,866,55,776,433,137,473,61,651,714,557,494,66,892,549,815,37,740,760,704,30,219,905,18,975,480,801,884,763,877,312,655,201,378,846,590,93,278,85,554,48,344,782,831,937,260,591,848,604,934,501,655,590,647,335,890,384,848,415,505,270,207,865,561,18,810,192,419,52,761,269,544,346,11,358,167,361,830,932,414,220,64,905,998,275,91,915,276,522,140,337,360,594,320,245,352,502,706,353,713,272,786,79,91,401,927,751,20,959,902,750,269,486,522,101,579,958,983,22,496,830,448,644,969,747,281,476,231,853,418,593,860,462,715,163,855,156,328,788,423,955,922,224,922,990,190,960,537,996,321,188,478,925,238,950,160,24,898,73,537,809,285,453,276,849,80,381,435,15,85,763,363,358,28,751,845,158,548,824,370,19,924,713,182,414,12,541,909,51,151,331,996,654,630,892,157,208,219,665,759,236,357,731,380,27,468,747,87,443,219,827,684,653,681,835,164,396,525,767,452,645,427,376,952,357,730,91,509,374,562,951,190,867,825,15,611,589,451,110,919,578,497,782,969,544,582,868,525,316,346,878,321,464,637,306,532,508,674
559,251,687,366,497,901,889,819,760,316,256,465,685,511,520,573,838,495,807,848,387,391,330,838,759,797,492,987,700,759,283,780,714,792,986,137,468,380,900,672,194,696,244,879,450,913,881,194,24,92,128,410,373,786,167,587,921,412,980,464,59,552,683,352,922,250,5,426,796,196,204,3,912,538,355,522,191,147,155,965,663,38,650,428,980,344,142,825,25,968,391,136,538,558,379,159,182,835,49,25,215,246,715,636,824,959,797,397,850,219,8,561,807,473,847,167,470,46,429,248,298,807,850,904,797,405,115,338,118,823,130,565,674,471,73,933,633,487,85,710,574,953,208,387,459,880,298,259,812,318,928,257,411,168,685,587,431,560,89,825,745,199,182,837,746,606,439,198,680,786,506,739,141,965,184,121,494,970,762,971,232,563,9,168,767,402,927,875,821,548,135,863,779,819,13,279,201,413,648,276,726,522,952,261,340,592,626,336,998,152,904,494,675,476,974,539,827,233,736,310,958,849,344,689,255,739,588,714,249,715,394,744,151,26,225,660,670,506,480,600,376,387,912,948,548,403,481,391,153,347,535,783,187,232,183,680,320,241,383,299,413,138,267,431,215,737,48,582,358,370,261,358,912,499,213,966,566,980,560,461,544,645,565,177,5,33,579,504,106,591,975,111,356,687,839,150,936,467,550,682,274,830,229,520,622,642,783,27,884,940,595,517,244,348,614,363,362,341,288,710,549,983,75,778,179,372,544,581,44,378,967,265,863,563,94,13,378,489,843,559,165,331,852,541,111,452,796,242,609,212,95,535,774,298,71,822,100,945,794,556,466,835,553,263,890,468,703,851,377,856,651,961,95,508,657,973,12,561,216,83,486,58,253,308,764,433,827,684,614,107,787,251,557,170,798,705,389,300,21,15,732,976,512,464,975,816,125,605,689,390,85,953,704,296,523,865,204,77,354,746,681,133,800,668,341,581,476,782,335,25,210,277,91,718,968,752,9,658,625,73,641,248,332,225,192,250,592,985,476,551,292,421,450,840,108,448,78,170,890,668,69,205,563,966,142,911,707,995,641,757,920,306,333,805,695,527,193,541,603,614,927,542,743,204,541,348,751,772,192,809,543,214,882,717,964,589,691,978,884,734
495,614,608,788,250,113,627,990,323,424,628,901,326,412,130,772,909,730,91,188,466,450,165,947,751,865,591,962,919,632,902,527,130,301,779,161,509,121,559,531,206,293,291,505,5,721,127,878,18,300,911,648,593,513,775,45,124,521,99,274,36,809,73,217,463,322,415,174,579,566,645,791,769,808,731,338,388,906,468,749,96,712,109,650,558,508,961,242,575,58,653,769,500,651,54,814,281,812,662,242,142,448,898,477,828,19,32,194,995,279,630,168,724,201,632,411,663,127,528,883,754,105,822,572,60,623,45,863,392,928,515,852,144,273,609,418,193,572,741,386,46,678,922,372,833,745,269,722,983,616,283,590,107,75,351,495,202,451,725,342,733,949,276,979,890,573,46,333,185,865,812,649,667,545,725,635,175,871,296,621,625,183,696,156,823,525,439,962,831,418,280,234,198,489,710,986,388,778,284,735,89,845,843,424,45,297,38,177,710,324,197,157,579,90,167,152,469,581,743,260,147,740,90,740,346,147,372,557,627,449,777,803,705,942,266,673,442,720,571,653,477,116,323,615,66,868,538,642,703,772,248,882,572,592,307,685,345,415,414,456,811,217,217,383,152,439,467,435,394,235,944,99,759,491,376,28,49,808,264,786,864,567,418,837,255,586,918,832,546,878,542,678,942,761,263,424,293,180,67,786,394,882,7,81,727,919,328,284,316,393,534,209,614,458,922,253,155,828,241,601,55,101,698,645,104,296,259,501,439,139,245,379,656,950,569,757,975,584,826,669,560,74,579,197,426,410,319,811,734,627,671,395,824,932,679,812,999,776,821,719,845,848,942,319,868,675,471,580,364,136,370,49,315,984,107,643,801,385,74,982,303,717,444,36,265,973,233,87,914,511,14,67,285,755,269,522,796,213,988,104,878,871,831,907,729,234,564,947,216,66,196,701,771,533,360,55,198,853,143,342,179,501,58,921,323,523,482,325,348,42,207,865,385,687,911,390,672,713,870,43,58,734,175,709,19,706,928,862,82,892,439,718,771,974,951,331,267,984,448,658,76,641,993,46,731,94,536,851,119,502,334,751,656,701,48,353,80,753,223,619,600,224,162,254,131,239,67,323,299,146,445,870,741,920,176,662,997,622,389,146
186,276,22,677,434,581,788,979,461,342,405,509,249,150,68,483,169,851,558,399,665,420,517,816,1000,768,718,76,375,100,41,70,936,541,698,636,20,638,101,289,356,401,192,515,640,585,687,2,804,601,749,535,163,704,599,31,31,185,785,624,284,888,139,977,745,836,771,668,693,561,451,665,646,659,774,283,405,407,545,626,260,182,24,423,91,808,27,644,108,63,182,374,633,65,624,82,780,885,519,672,820,859,789,648,715,415,658,231,49,908,848,869,541,311,67,797,561,252,557,967,966,2,542,631,321,889,494,756,954,775,751,79,839,639,594,421,678,127,676,311,661,369,797,219,240,1,118,555,29,121,226,345,395,882,260,746,562,804,363,303,665,823,679,619,449,10,84,200,394,997,233,454,902,70,725,341,572,782,471,850,970,576,312,543,787,467,193,384,754,195,824,690,32,652,348,631,942,866,849,695,394,654,81,984,101,691,953,949,990,456,145,910,253,667,12,425,427,138,456,199,346,422,148,833,7,720,726,805,48,160,351,799,228,615,962,357,223,731,917,828,784,875,346,725,800,557,922,519,159,670,227,548,536,237,30,70,192,223,21,944,723,815,679,160,749,295,244,131,315,96,87,453,602,149,510,321,827,891,679,86,862,679,681,49,228,791,869,139,695,829,852,764,107,643,116,184,396,458,626,280,164,349,720,756,677,275,86,212,56,15,184,46,135,245,68,569,443,174,899,601,578,272,541,612,506,457,617,335,630,681,153,903,952,595,549,1,19,881,963,478,853,485,199,987,26,692,852,65,590,324,179,485,847,601,321,189,615,337,908,444,644,659,223,886,851,203,111,473,488,259,863,287,625,317,65,419,759,520,950,520,860,22,233,250,542,462,625,825,473,705,685,143,612,709,616,837,932,823,722,429,94,112,823,923,126,671,226,741,178,479,641,737,810,800,897,474,87,701,915,569,652,238,977,81,184,216,265,659,150,524,467,63,776,425,312,502,571,13,773,798,733,100,485,39,87,198,748,516,810,883,651,289,26,785,442,816,585,980,760,654,232,709,873,548,645,915,993,980,546,626,210,209,740,470,455,70,328,194,166,611,491,506,55,601,405,953,999,94,797,512,402,371,514,8,895,425,897,335,27,689
709,877,392,992,165,807,726,98,597,178,446,667,923,109,911,415,7,184,217,131,565,364,112,963,420,748,357,102,339,810,486,504,920,526,954,211,243,383,105,641,190,503,923,250,228,440,346,914,70,610,800,341,453,154,472,690,872,215,915,577,690,873,274,254,858,677,389,792,549,3,21,937,281,40,236,133,350,121,531,386,774,224,88,653,920,295,947,365,489,557,459,839,825,801,6,320,237,459,122,841,786,525,466,542,145,656,180,207,73,556,499,239,125,154,978,257,104,347,978,571,131,602,584,491,860,7,49,777,977,793,446,166,66,471,898,526,528,214,486,708,596,30,662,503,633,215,322,374,325,760,268,780,825,830,61,788,116,404,314,919,433,854,520,984,810,132,649,570,302,30,568,361,718,790,80,962,280,644,324,938,850,462,592,409,330,451,165,925,986,8,554,535,44,855,319,354,346,618,76,43,624,484,316,780,503,179,959,548,865,345,286,626,346,829,707,491,355,842,920,573,883,286,550,539,18,415,679,790,467,104,508,684,343,944,378,40,38,575,43,301,856,193,338,174,986,13,311,935,464,408,129,587,572,690,329,476,300,977,779,976,94,847,906,55,271,176,618,263,825,362,283,580,574,276,621,166,551,284,476,423,486,505,464,494,319,61,97,282,929,361,929,28,458,471,912,986,944,209,254,742,176,53,79,875,312,210,221,687,87,449,820,122,741,897,255,177,87,572,793,543,315,594,430,684,285,13,283,121,720,238,287,950,168,320,552,128,607,144,517,916,551,289,790,38,738,785,91,385,650,270,759,173,662,70,687,329,62,889,164,697,723,174,618,899,831,566,897,282,156,69,163,176,206,730,246,138,880,887,599,371,329,552,522,401,174,713,771,192,336,604,909,870,819,154,334,648,301,866,257,938,443,840,975,39,30,630,81,798,510,960,771,854,289,392,874,499,236,798,25,294,922,544,879,245,312,769,404,599,81,706,256,233,131,315,641,730,455,371,862,41,499,390,566,264,979,125,238,253,970,690,557,456,491,12,415,731,122,643,154,445,626,391,222,54,733,834,437,902,217,158,814,471,456,393,218,47,220,108,80,645,506,925,60,137,259,750,508,601,813,874,363,679,643,977,222,218,451,355,205,900
516,586,914,303,604,1000,571,319,862,632,340,546,772,424,342,175,501,594,430,753,542,542,525,377,396,216,453,711,796,454,337,491,548,713,637,457,66,537,77,134,526,815,397,834,555,942,635,185,413,185,363,662,87,414,452,701,325,722,117,764,734,657,488,371,719,504,546,671,433,875,250,60,972,177,776,269,162,171,148,214,769,321,194,789,907,827,271,34,914,103,585,83,959,411,98,295,781,377,29,570,510,484,49,776,14,447,938,25,879,616,814,302,714,641,985,39,756,543,971,552,329,745,949,604,442,565,931,325,992,115,76,85,867,610,658,433,942,164,39,173,991,815,914,235,900,423,559,171,538,737,584,713,332,437,775,616,5,284,657,138,760,495,56,451,229,272,798,99,561,280,25,39,806,415,560,809,834,910,710,532,266,705,894,325,894,97,598,621,62,887,685,491,482,339,678,613,643,543,638,727,295,747,343,859,3,301,881,218,835,97,944,688,590,883,768,140,216,352,944,424,351,65,685,136,198,165,740,79,63,868,725,199,503,169,866,5,842,233,703,968,88,816,415,671,981,220,571,689,545,242,977,901,876,107,889,929,255,674,410,208,485,569,636,365,98,774,861,847,408,342,51,292,109,189,313,827,868,101,484,638,238,374,783,396,937,497,333,573,925,701,917,804,734,277,906,654,280,743,530,292,373,905,364,921,1000,52,900,652,254,667,311,610,962,825,344,457,898,764,963,379,149,762,362,726,1,947,72,112,370,415,141,53,977,69,382,140,971,372,202,242,375,237,758,169,119,953,210,185,582,589,682,294,734,700,109,379,779,205,427,856,428,265,706,821,865,259,853,338,941,128,758,380,686,454,738,56,453,115,67,445,517,700,952,154,880,885,224,732,371,955,197,967,32,349,457,196,868,320,495,105,107,526,551,610,41,433,105,67,162,490,748,86,15,996,26,905,165,807,105,35,84,362,760,78,65,645,283,294,459,37,432,743,154,933,550,237,526,329,811,421,418,396,665,415,370,990,941,398,228,653,387,669,802,660,626,682,111,370,541,160,138,599,226,787,62,788,197,190,587,112,238,76,495,415,625,724,727,379,940,892,282,758,571,32,323,392,940,279,659,265,928,873,759,614,170,812,192,423,792,247
435,260,517,477,116,408,980,540,590,969,459,860,671,134,439,919,314,78,498,657,704,120,147,904,477,707,157,562,676,282,390,936,818,148,772,482,267,122,281,695,402,693,833,264,733,729,478,575,790,635,967,767,655,543,812,354,673,134,626,481,518,437,706,606,732,333,111,364,153,150,606,628,392,605,509,967,228,814,290,76,513,895,257,143,374,201,848,127,154,781,448,434,779,101,248,514,790,937,518,162,300,370,46,441,480,734,454,175,105,689,857,811,771,597,435,827,17,267,81,382,626,79,463,632,480,442,260,544,397,623,218,385,395,477,287,97,966,702,682,68,584,749,630,321,630,392,922,188,108,355,257,461,646,701,531,874,894,89,749,586,186,728,580,837,221,231,876,314,688,111,414,592,695,689,555,116,111,257,635,823,984,188,288,297,267,859,845,409,351,240,138,792,96,79,893,254,681,232,119,816,606,582,331,558,170,692,627,477,39,492,532,595,216,650,212,853,220,660,291,857,403,551,83,959,485,154,433,723,469,820,644,947,581,324,764,284,777,137,47,178,608,524,168,66,85,473,659,610,88,654,332,633,507,909,785,253,471,3,196,11,125,954,378,467,229,590,709,557,519,709,220,749,557,125,251,883,430,610,190,151,317,193,457,19,893,275,545,861,922,523,408,734,885,236,557,776,406,860,117,206,878,678,610,457,2,940,609,127,448,579,494,113,935,143,143,940,226,961,111,979,699,608,927,159,430,478,159,625,685,915,510,196,88,832,371,556,626,405,378,542,310,282,848,421,181,750,347,208,685,961,728,856,285,604,371,603,875,556,818,620,296,685,242,984,504,486,449,856,962,242,365,911,303,968,138,446,631,584,168,816,916,213,329,342,19,603,431,811,594,630,515,243,271,206,295,392,427,399,89,778,334,378,583,275,190,915,915,20,727,538,572,8,819,310,385,724,679,327,543,181,18,352,854,781,74,486,562,36,335,836,70,625,103,650,686,97,353,23,389,810,588,315,127,860,481,509,363,208,834,671,667,612,776,619,96,656,143,896,42,35,350,563,335,780,461,468,749,504,715,865,176,929,330,779,703,179,368,411,742,985,74,991,220,770,452,140,460,70,11,128,152,448,709,704,609,458,442,529,819,606
772,176,212,800,186,287,728,676,221,614,921,290,288,264,547,600,850,174,958,964,549,748,467,422,93,465,193,644,999,55,573,342,415,556,642,39,42,466,347,804,508,841,451,857,630,174,662,676,39,277,213,937,942,585,10,890,574,113,625,864,764,933,962,737,905,460,759,725,227,815,808,713,924,529,521,199,176,618,767,230,603,701,200,90,54,929,894,133,545,513,732,614,684,407,974,361,19,475,393,197,186,273,640,690,895,917,534,246,16,902,259,955,864,132,784,710,223,320,678,246,581,532,683,310,353,289,32,560,207,941,55,280,806,292,947,424,948,484,86,181,15,710,30,923,421,747,401,860,386,430,523,951,36,538,453,904,767,17,338,412,760,258,481,339,191,511,91,455,994,697,272,419,479,631,378,340,710,581,832,340,76,789,583,28,850,836,655,249,381,522,63,165,258,452,819,382,568,578,658,383,556,868,927,188,576,603,873,207,31,167,401,764,412,647,213,199,137,316,762,15,556,339,68,111,120,238,516,983,403,350,691,839,204,497,623,598,494,137,681,428,759,548,239,37,186,616,588,498,228,722,4,460,367,413,942,904,162,347,261,941,745,123,182,81,965,155,183,961,962,468,406,260,544,787,32,514,919,801,574,918,137,830,833,180,658,105,427,190,325,636,165,387,54,40,276,117,76,879,727,403,795,924,451,789,569,90,760,576,864,756,950,664,542,710,921,769,139,247,28,776,747,2,393,859,213,478,593,372,703,272,621,797,426,972,180,379,287,110,65,529,306,644,160,305,812,935,855,427,681,283,374,119,693,789,848,450,110,52,424,378,579,452,101,515,441,55,346,642,781,134,580,507,385,861,864,100,319,624,785,859,357,411,649,323,465,985,127,414,776,445,429,289,173,36,407,329,63,554,806,493,660,709,314,251,230,186,920,969,507,1000,134,844,295,30,743,145,221,886,584,285,236,206,347,324,821,476,711,20,49,937,875,328,323,705,583,24,281,439,403,444,722,523,939,354,513,284,604,32,811,441,323,602,943,33,216,596,132,758,274,795,981,407,446,44,972,167,532,696,840,467,909,345,568,483,933,478,820,998,284,375,121,452,786,613,142,52,541,869,973,569,113,256,711,716,640,291,11,585,282,112
609,630,636,606,509,235,204,967,649,104,941,961,299,130,537,830,727,360,928,89,969,359,855,810,808,99,300,319,387,632,20,829,159,383,856,821,30,895,325,26,671,795,978,893,322,885,668,308,460,59,498,707,700,109,143,878,691,683,77,250,395,324,91,418,78,779,137,434,775,885,714,562,928,115,782,414,538,987,38,670,601,737,181,914,487,773,231,231,561,430,576,673,148,590,304,777,1000,264,412,340,382,102,784,920,211,250,795,757,992,660,496,56,311,807,375,743,373,226,692,243,324,938,875,301,545,333,12,804,326,72,78,909,748,144,562,544,268,962,190,760,113,34,287,455,455,566,50,574,611,790,635,39,803,783,872,288,610,977,135,849,970,805,12,16,883,532,200,143,877,389,631,25,68,739,388,783,697,360,158,113,427,49,865,616,93,215,115,245,979,957,388,52,483,529,290,947,154,468,124,363,278,268,261,632,547,419,773,922,38,607,785,342,448,485,116,712,249,18,150,622,857,316,446,821,955,170,236,816,321,521,406,863,970,334,677,710,379,432,255,561,343,427,407,880,607,71,625,697,258,526,544,455,211,832,59,267,874,627,934,515,425,828,702,70,27,759,540,841,428,621,388,154,907,149,699,805,503,966,427,69,646,846,124,817,611,42,804,915,386,466,140,813,719,4,879,191,584,445,83,300,739,228,711,92,344,68,691,580,960,821,971,216,934,730,547,59,322,369,921,675,873,904,45,364,172,458,9,507,457,738,298,742,464,520,971,799,862,575,267,840,929,406,395,499,555,840,402,297,380,198,130,463,570,424,936,717,889,796,233,810,838,375,261,108,523,333,249,582,847,957,505,967,643,927,651,135,272,144,523,710,4,274,128,563,689,468,70,679,362,160,376,492,402,417,995,441,530,1,304,48,551,933,107,609,923,983,494,219,835,630,136,952,243,978,776,759,442,70,473,354,71,251,574,362,744,813,418,766,833,211,496,837,459,959,389,278,426,120,992,945,296,903,9,962,52,187,186,88,705,426,701,126,941,283,833,677,99,364,939,82,967,651,767,117,212,528,206,928,789,978,893,81,123,989,32,841,708,236,772,592,423,360,51,164,313,700,203,736,199,858,815,569,26,865,906,319,143,793,537,409
664,487,101,583,896,880,996,553,991,398,799,593,528,208,673,916,3,575,206,86,941,267,565,314,656,128,142,360,298,682,530,542,352,429,282,351,387,759,986,447,356,388,544,209,438,997,552,26,410,954,410,800,11,673,195,577,513,341,576,502,944,349,766,253,62,650,603,403,537,793,648,365,16,763,953,956,912,356,886,794,879,14,626,894,701,953,752,28,176,370,568,893,658,761,471,77,367,884,970,253,211,123,265,271,650,1,239,836,922,676,832,438,18,624,994,971,19,499,481,836,410,262,833,498,500,403,789,390,313,510,570,932,316,667,232,479,415,930,735,358,393,120,573,157,57,872,344,822,857,107,27,795,678,18,817,654,26,945,406,312,224,911,974,481,331,842,69,488,442,980,453,576,858,828,964,250,990,724,523,325,564,683,72,970,554,210,413,749,604,81,231,474,469,413,160,462,189,479,836,819,557,713,784,708,135,682,986,479,593,356,433,995,792,631,561,634,874,25,167,740,173,556,78,211,157,424,352,10,27,708,409,23,908,948,376,203,830,435,413,736,345,213,734,285,485,4,927,41,690,332,319,822,701,677,690,114,784,508,693,656,610,225,723,978,76,372,744,83,505,119,158,975,565,581,456,968,904,817,383,851,414,529,464,818,456,955,548,287,307,783,277,493,314,687,132,990,323,572,814,703,694,430,521,384,304,898,843,644,849,654,237,439,385,716,356,143,622,738,161,805,546,801,577,482,607,615,828,636,686,991,81,762,729,698,791,81,941,796,419,384,322,452,168,324,142,965,424,711,965,532,218,540,802,688,741,846,634,683,43,954,980,665,390,119,148,255,758,716,523,492,615,691,283,725,259,824,447,32,102,937,796,989,782,42,991,846,113,901,648,675,143,973,270,41,627,207,369,12,947,621,760,913,777,518,239,956,924,166,933,270,604,48,593,29,430,348,234,370,7,846,295,718,633,786,690,756,927,564,988,632,700,833,445,527,172,941,738,930,419,367,125,382,452,967,999,231,224,353,346,169,665,984,288,425,5,263,573,471,109,189,829,161,467,667,650,720,123,0,764,541,620,855,753,959,735,346,721,851,54,658,728,5,944,229,957,802,258,476,765,204,998,917,996,106,809,247,925,559,33,321
993,938,929,889,727,390,174,217,739,59,788,71,752,51,518,675,813,599,697,722,713,226,797,60,765,209,941,525,245,927,254,479,15,79,224,966,532,911,604,963,175,921,976,728,827,778,452,578,434,86,303,723,354,899,75,275,660,453,612,220,356,433,494,171,898,205,364,418,640,39,825,321,765,784,242,82,533,681,103,467,18,269,877,180,229,305,252,836,631,937,186,900,850,771,819,939,219,821,495,78,992,401,437,121,771,716,15,16,220,998,793,748,692,814,815,881,538,778,389,323,449,211,269,491,201,943,24,862,598,262,542,295,621,930,205,421,571,994,961,29,421,978,314,450,816,773,524,377,802,221,865,258,989,319,804,964,979,684,52,791,598,213,242,614,797,535,706,191,40,581,685,223,646,592,209,214,945,561,716,787,986,761,624,85,909,364,868,271,509,956,195,133,237,18,171,559,424,515,629,356,750,518,930,389,959,649,870,205,967,522,729,35,2,803,423,486,605,505,762,224,750,185,711,779,918,937,671,384,17,69,132,283,675,228,878,71,298,919,925,843,945,952,507,80,474,644,455,973,424,216,133,443,964,533,16,431,246,139,122,597,61,433,25,522,942,882,43,199,803,458,172,684,804,747,492,364,495,669,347,601,311,910,605,661,225,48,941,564,227,142,280,260,427,814,776,898,811,746,621,887,345,982,966,343,996,956,85,13,489,338,299,232,16,373,712,536,652,412,822,917,486,762,338,226,794,386,220,878,756,171,694,291,260,304,527,942,202,154,292,115,103,966,889,785,554,283,644,398,921,948,315,803,661,883,595,59,99,645,623,361,866,9,836,189,160,97,918,866,837,759,753,182,154,97,717,873,135,408,494,396,172,830,338,491,600,297,947,729,220,3,820,937,363,526,774,564,191,50,614,530,687,788,331,927,694,435,168,858,440,939,50,87,183,158,341,327,306,590,550,263,427,694,130,286,207,325,74,747,792,57,324,119,428,770,47,34,402,451,674,524,201,134,168,919,610,158,749,627,307,438,230,418,154,793,691,267,827,640,185,562,1,845,12,890,637,15,118,638,977,222,581,869,457,440,757,511,72,417,419,357,977,593,227,830,515,397,540,779,898,172,739,21,176,790,330,437,669,273,828,592
141,568,575,33,565,295,697,637,424,852,397,237,320,273,719,518,274,681,230,994,451,246,900,667,908,1000,342,150,981,569,399,694,563,71,436,723,171,430,572,209,350,471,765,436,584,598,861,287,858,509,326,665,657,738,829,688,293,369,963,378,34,50,554,55,190,958,978,862,60,544,402,692,673,717,248,628,14,104,298,829,25,246,514,395,711,519,592,39,325,9,542,108,981,806,612,965,50,295,721,60,469,411,109,726,421,325,853,705,715,252,180,971,72,193,895,327,665,548,408,420,944,652,43,931,125,798,604,123,938,26,792,451,381,979,125,100,618,512,812,110,502,59,395,625,404,763,215,801,341,391,826,515,278,745,447,967,755,987,912,804,396,362,671,637,869,875,772,95,860,946,256,223,939,607,879,77,517,150,929,160,648,211,929,315,326,930,437,318,274,991,20,26,134,587,663,471,665,820,417,259,124,457,798,523,130,148,882,652,647,201,904,612,639,989,858,213,611,255,295,712,69,42,613,820,499,410,214,455,241,769,623,519,476,215,555,348,458,776,953,413,895,486,786,720,601,608,282,644,568,337,127,251,665,708,462,887,90,510,139,948,919,94,550,443,220,265,284,272,637,370,343,582,869,146,357,173,618,88,226,857,262,656,116,313,405,690,701,241,802,561,520,870,988,712,585,571,881,532,601,842,121,348,385,875,832,211,294,511,858,812,606,681,780,119,961,722,527,14,637,539,675,244,170,299,960,35,686,618,387,18,913,684,159,291,676,492,700,915,828,451,960,528,285,742,312,389,716,145,3,698,236,960,458,611,240,863,714,978,656,385,287,220,829,486,204,458,44,667,306,559,565,948,304,728,667,914,296,112,867,260,567,865,409,813,650,925,151,804,885,42,197,416,347,581,930,300,58,481,541,287,846,123,20,66,382,436,715,939,113,31,317,549,444,479,132,429,114,348,894,945,834,527,304,661,305,842,406,913,365,871,394,244,76,163,928,149,65,437,484,688,180,817,249,246,894,985,602,229,678,772,917,903,57,827,617,362,715,73,986,983,965,399,428,711,134,683,277,805,801,870,196,997,267,620,380,645,409,402,905,612,153,288,746,250,132,110,201,136,440,86,373,996,449,391,211,132,785,111,610,707
242,837,625,140,611,761,2,115,498,247,852,800,567,805,524,415,325,40,376,470,989,192,913,164,484,3,786,796,544,895,127,935,38,653,666,80,395,768,547,150,31,949,342,430,551,513,981,71,603,619,428,977,189,899,302,179,878,304,368,655,842,284,417,754,405,534,158,123,172,791,620,298,465,66,534,133,18,537,715,647,735,66,59,986,779,454,627,752,281,520,524,923,859,644,587,42,320,289,199,747,411,814,994,919,867,666,185,809,256,222,729,636,592,246,129,51,745,107,513,300,172,433,777,898,315,793,632,636,879,739,617,610,70,314,978,45,747,67,24,70,515,408,103,198,376,222,676,262,837,273,337,445,944,682,201,381,690,566,724,226,247,42,935,645,209,10,956,334,596,59,812,802,890,509,72,846,85,920,80,98,962,937,875,670,968,474,383,2,79,475,16,992,771,851,431,359,553,876,86,682,82,557,13,326,146,358,46,300,422,429,764,592,453,212,785,437,534,274,132,818,31,292,56,879,86,348,777,58,305,202,354,175,257,744,397,19,776,797,423,426,908,15,429,276,593,138,721,6,678,177,449,987,470,745,748,201,833,849,909,30,240,728,858,338,952,541,159,762,996,220,917,426,498,502,853,987,501,737,59,229,454,230,718,350,253,647,996,41,895,250,689,575,825,291,937,849,824,359,17,540,830,267,66,925,505,357,123,984,574,507,289,446,994,938,131,178,713,67,478,295,25,181,137,492,788,441,216,866,757,330,53,949,258,825,759,268,860,705,342,701,630,824,977,178,630,26,296,441,341,437,707,361,468,927,68,807,780,792,515,809,588,316,833,0,924,374,44,850,499,261,318,937,479,634,846,157,228,30,672,465,840,778,710,855,671,374,248,162,714,755,192,131,400,66,644,591,393,71,74,692,714,930,662,199,381,559,752,801,987,901,684,409,281,724,592,860,599,903,846,667,189,275,560,976,419,433,395,315,500,629,606,278,966,262,529,818,402,51,625,778,385,924,428,111,820,563,380,973,640,918,826,22,317,391,523,367,760,497,49,823,707,218,389,361,327,908,90,158,367,164,129,103,801,406,493,538,585,554,294,596,964,47,265,913,422,601,417,22,746,222,448,592,581,560,360,977,962,110,194,398
690,238,142,613,391,146,425,237,53,288,352,353,289,956,530,193,65,340,261,601,742,513,298,396,808,994,724,556,415,276,76,963,777,263,141,661,298,954,353,720,54,327,596,723,36,159,449,590,598,957,59,780,195,188,235,968,614,4,922,960,963,510,422,442,743,346,36,221,779,666,745,660,761,744,885,717,352,108,384,535,783,814,412,160,550,8,19,375,645,307,562,199,751,290,992,994,934,853,359,807,433,580,629,841,872,682,966,390,871,416,580,71,29,258,957,500,611,194,324,841,21,280,54,313,623,250,111,190,255,173,499,814,838,460,987,693,372,172,86,713,909,951,41,838,517,779,164,401,252,110,29,796,294,48,349,230,411,286,173,309,252,814,721,477,594,103,575,63,410,715,17,938,824,41,648,317,715,316,991,124,617,145,616,909,610,328,550,895,938,967,470,339,767,510,895,138,389,955,105,722,448,231,580,612,62,483,380,36,589,76,619,157,68,400,431,310,834,282,181,294,128,912,858,626,506,212,990,656,707,449,980,199,806,564,946,459,484,742,210,986,153,339,410,1000,390,802,164,166,753,247,195,433,494,3,572,254,450,722,557,553,908,783,953,306,873,197,397,224,729,889,696,627,377,907,746,310,652,888,161,900,357,383,262,332,457,995,287,870,115,436,864,348,51,800,928,904,110,349,338,962,517,280,571,388,314,840,867,707,821,826,243,374,652,532,376,321,442,441,704,611,912,6,421,937,608,894,15,240,657,218,196,433,765,383,233,729,354,611,228,873,137,202,263,636,486,522,75,553,772,894,127,940,838,129,352,952,724,999,47,819,372,4,85,108,559,975,458,787,501,94,624,518,882,666,827,324,666,824,953,249,989,949,76,135,278,912,13,742,404,320,108,734,809,946,425,147,743,602,238,643,217,888,386,720,884,846,909,106,152,559,519,891,166,843,197,470,591,482,992,604,396,892,861,159,348,569,701,686,914,283,852,786,938,964,711,974,731,203,298,445,824,703,281,37,902,644,255,113,217,221,116,549,755,132,129,204,635,603,274,146,148,77,715,706,642,755,482,423,17,559,933,129,518,404,703,996,705,556,396,962,838,542,613,170,110,514,474,466,323,105,180,583,351,266,791,433,567,82,665,201
328,957,525,707,179,341,716,250,730,354,982,7,172,494,545,23,945,556,639,332,516,982,214,704,340,929,633,491,218,895,495,486,311,294,347,754,674,968,90,507,289,969,906,169,151,847,337,748,732,763,23,970,120,56,666,257,155,185,213,240,81,210,693,987,384,724,419,601,642,583,566,933,355,248,406,229,849,171,429,521,670,550,795,985,387,509,55,862,881,857,910,964,685,336,249,366,777,326,774,138,465,479,674,122,42,174,455,172,641,254,861,863,15,746,289,537,985,828,628,689,1000,667,927,510,870,791,437,571,381,995,681,553,770,666,746,305,357,811,204,107,141,780,116,709,990,496,693,394,136,710,589,718,214,230,272,512,509,21,361,611,424,702,966,61,102,328,145,957,810,504,839,953,892,548,534,100,217,275,59,501,185,132,83,81,569,426,712,639,775,188,613,191,59,183,685,943,172,312,444,450,432,452,999,517,813,263,261,438,244,235,68,286,809,371,207,755,821,45,700,63,857,731,161,817,103,110,185,684,352,772,291,150,13,974,496,469,296,247,166,747,513,184,762,429,689,102,893,344,260,891,246,467,533,992,799,681,202,688,312,526,676,963,744,164,554,807,556,957,493,855,337,401,437,394,636,952,480,200,811,159,531,721,591,112,185,734,627,138,450,35,67,634,868,190,430,840,42,221,559,872,602,279,355,350,901,498,568,534,699,998,249,934,785,711,961,125,800,98,819,860,673,395,571,637,54,978,300,255,898,421,634,247,697,196,41,438,706,164,56,517,612,445,91,807,336,883,198,320,260,805,211,392,55,211,835,0,28,671,93,57,425,961,231,393,164,560,192,630,638,71,147,30,510,184,101,832,846,134,243,189,190,384,199,947,147,964,876,331,591,160,539,824,407,511,121,99,845,611,169,979,76,762,754,193,60,1000,733,757,935,626,286,950,283,14,600,870,908,421,393,411,215,469,117,960,501,379,197,338,173,508,363,562,631,818,880,382,657,681,171,517,444,85,196,860,35,908,110,51,235,95,293,282,514,625,700,273,75,297,703,451,360,710,465,845,259,799,723,883,772,130,326,915,379,133,230,141,676,448,316,266,457,589,341,936,814,763,405,269,192,113,248,270,184,947,129,904,988,448,446,937
749,168,971,269,830,133,188,362,186,849,480,642,214,608,506,272,750,386,661,547,518,287,848,345,265,610,271,945,6,115,981,618,21,648,362,118,931,198,19,684,826,216,538,777,904,16,811,537,80,670,177,207,755,475,853,555,927,831,359,705,570,866,690,125,626,668,248,629,347,121,828,182,747,943,623,47,71,386,866,79,640,92,771,130,320,18,711,498,420,744,963,303,986,202,960,143,354,554,742,230,785,557,597,438,423,322,502,38,694,417,642,326,494,474,707,140,311,757,604,235,420,254,430,456,620,194,310,128,41,310,313,713,88,336,894,641,885,822,714,592,322,517,705,760,652,343,796,743,725,239,216,993,636,140,73,643,661,693,857,527,210,480,856,59,113,460,58,389,756,389,100,925,257,476,874,236,803,966,3,40,629,695,765,55,744,686,190,728,786,641,444,268,678,3,471,143,326,417,388,599,397,775,332,623,251,546,477,869,9,815,994,307,162,227,391,903,219,855,982,968,106,363,405,787,823,869,895,469,534,986,4,883,834,118,381,127,807,947,926,229,372,571,778,228,87,349,879,92,540,836,530,151,862,879,926,405,726,631,619,873,435,852,256,797,41,107,929,274,842,591,207,96,622,15,986,14,787,293,60,911,181,321,737,27,25,907,67,621,622,361,560,191,164,933,166,249,0,431,143,898,614,717,594,958,227,817,694,762,256,936,731,407,59,123,185,832,595,626,909,171,796,579,958,73,146,348,303,920,171,867,714,61,270,27,372,795,632,312,593,715,125,886,614,331,747,595,559,652,624,48,348,937,5,138,229,488,23,944,45,212,497,890,671,694,25,343,987,441,306,105,158,417,313,251,317,874,978,88,523,947,282,395,202,174,388,198,843,574,686,978,644,146,612,656,904,401,145,650,910,252,740,813,455,397,399,258,48,99,216,77,787,703,451,212,979,504,642,153,839,141,552,715,445,17,125,677,358,640,936,77,595,615,194,391,523,396,269,141,859,436,939,281,438,633,672,705,160,76,674,871,731,739,280,324,183,610,926,546,835,304,915,672,122,174,571,940,509,199,942,174,544,162,25,930,169,794,415,861,661,390,569,745,306,112,217,951,293,705,449,895,124,254,872,621,183,724,819,358,54,839
363,256,555,842,784,493,371,711,347,853,657,21,668,992,114,452,957,211,131,644,436,406,780,624,852,617,21,194,356,474,927,355,568,360,101,752,355,755,754,259,145,180,182,910,692,611,195,431,689,227,302,664,188,925,756,954,785,198,722,25,900,980,482,674,695,613,910,154,190,448,196,683,634,444,432,831,981,132,126,721,350,409,806,463,647,732,872,919,234,581,331,624,775,549,234,329,808,650,0,610,230,820,417,677,904,173,282,306,632,416,941,918,608,926,667,233,761,924,857,255,613,339,648,409,100,917,102,922,187,92,820,645,868,87,272,550,171,967,198,974,824,502,192,435,56,418,912,610,1,856,379,255,950,523,605,81,89,126,892,710,883,994,166,532,548,291,600,239,792,858,707,987,436,109,728,800,260,407,23,797,344,105,389,293,420,676,563,854,711,440,868,17,71,590,198,422,400,678,941,422,179,196,155,908,336,740,971,171,92,994,476,958,496,276,310,115,97,976,858,397,850,732,480,365,508,244,750,577,154,973,831,862,297,531,321,505,800,794,563,179,5,823,86,185,597,857,459,25,470,33,39,215,309,316,475,57,84,61,475,133,497,509,520,856,643,52,256,412,55,235,260,264,130,684,988,192,83,406,215,307,228,59,739,631,248,174,318,4,38,403,532,499,728,994,647,397,743,733,501,50,522,909,141,725,920,419,594,731,135,808,419,244,974,641,990,408,876,351,779,915,840,42,739,518,34,156,820,412,599,150,16,503,896,914,650,461,617,230,301,245,934,452,316,595,499,301,524,521,402,923,367,701,654,157,818,907,310,518,657,636,894,708,997,95,134,454,73,435,56,621,342,11,359,675,244,184,736,335,595,341,84,655,14,485,832,906,185,429,867,219,550,443,67,30,56,853,813,550,526,873,562,601,981,77,215,251,396,544,322,386,499,342,695,671,580,48,636,467,955,853,453,140,320,661,604,361,833,176,352,169,833,229,820,470,588,51,548,340,572,557,645,977,864,247,852,226,130,598,530,617,563,542,594,11,839,694,20,324,201,464,131,92,652,435,727,169,269,640,207,952,427,843,750,150,840,19,92,565,394,229,505,767,810,588,575,773,136,857,30,679,744,500,651,662,384,932,939,723,318,169
529,299,46,804,730,392,976,391,813,24,891,41,158,446,712,785,318,362,575,227,387,21,951,885,248,543,288,306,45,588,775,115,601,518,363,729,877,523,624,123,596,5,296,817,29,21,866,47,226,602,26,547,718,115,498,583,528,249,409,150,1,557,30,937,515,786,568,937,430,657,277,410,855,792,435,540,563,288,383,197,282,740,759,975,724,601,422,56,542,684,639,477,189,28,571,356,510,138,637,897,22,171,47,263,163,525,765,634,134,532,111,203,736,717,642,892,128,896,877,810,987,556,568,54,638,20,676,440,770,31,518,962,655,79,326,414,191,314,202,629,398,703,760,743,912,415,448,345,286,713,498,437,706,865,105,296,832,836,7,745,81,391,651,106,757,721,128,535,395,999,607,508,684,239,771,274,593,861,907,677,235,809,112,996,227,174,124,873,182,918,327,532,203,327,3,557,480,155,534,729,987,634,131,564,68,475,499,169,727,794,162,837,69,83,747,264,24,793,748,923,243,437,986,264,310,660,11,323,615,847,213,681,343,46,893,484,250,743,676,459,174,801,414,887,367,923,736,461,876,123,590,901,340,562,819,267,606,350,78,982,693,479,273,155,969,518,790,193,128,413,751,64,322,545,639,866,573,499,131,116,267,326,752,903,944,32,458,310,998,484,790,422,718,372,133,779,585,738,782,303,950,94,365,565,83,967,71,786,875,656,98,838,483,574,17,665,353,484,610,394,930,946,512,10,598,41,918,380,336,125,329,701,363,570,603,33,93,443,912,718,894,385,254,131,987,553,547,854,284,629,655,533,292,750,109,136,897,913,348,951,411,908,769,583,793,8,563,708,95,226,631,60,515,643,268,450,584,685,131,738,894,364,215,612,246,272,486,792,28,584,254,51,413,604,210,693,575,259,289,468,407,169,634,258,476,178,147,504,267,951,974,633,937,206,225,201,811,676,100,387,281,362,403,465,648,57,921,632,943,161,228,411,914,719,525,63,601,201,424,330,474,47,438,519,947,431,505,916,910,57,460,375,119,506,490,564,368,907,241,893,940,434,465,900,334,800,393,925,527,763,515,309,818,173,528,654,158,4,309,141,431,609,815,779,420,931,141,683,27,489,204,322,638,433,489,374,327,513,246,851
511,975,220,137,836,357,703,345,713,687,818,22,986,175,104,361,695,13,345,627,227,702,854,824,359,683,561,809,484,663,195,598,77,340,203,41,150,4,71,456,194,487,306,316,443,453,218,8,406,566,742,246,532,526,440,722,97,702,889,80,471,782,624,374,104,939,77,627,12,439,851,700,224,390,685,656,769,768,363,420,683,136,174,737,194,152,989,825,942,455,391,841,27,713,805,732,60,277,133,645,120,659,728,106,171,578,125,501,70,408,766,965,389,818,983,930,762,806,166,340,771,954,127,36,221,360,702,467,181,686,901,761,12,0,382,239,772,40,646,208,109,89,977,983,666,549,857,964,196,459,648,670,713,330,778,501,874,262,984,598,663,547,946,142,626,645,531,93,689,678,747,192,165,823,696,828,265,997,226,254,317,461,810,405,429,802,858,580,287,833,985,374,237,553,690,395,833,230,355,267,710,306,482,703,825,251,480,903,424,36,91,81,481,590,153,892,946,375,946,441,564,785,55,941,245,313,787,81,910,667,969,630,314,627,946,904,708,684,340,929,692,110,768,902,981,305,354,530,717,954,528,437,304,29,929,714,447,70,757,945,679,331,689,642,663,920,262,291,859,331,252,143,318,738,541,855,876,594,896,970,945,494,254,900,963,752,729,905,428,650,18,849,66,845,206,910,766,554,787,850,251,496,390,948,370,241,544,936,687,748,590,883,517,118,999,530,958,127,158,948,670,335,732,506,761,979,465,36,940,494,503,867,879,395,871,135,481,530,2,938,230,92,53,965,458,399,670,65,541,183,173,728,678,225,600,511,756,756,728,513,722,161,309,735,475,284,474,510,894,218,497,986,265,783,189,725,716,759,445,746,652,740,738,921,308,393,287,945,520,970,475,574,65,230,724,649,482,805,178,843,6,771,587,239,111,290,922,564,739,133,9,219,411,852,103,493,203,721,775,429,271,36,495,328,402,160,251,72,555,353,181,96,529,386,59,917,742,250,504,704,133,801,866,416,83,261,941,996,709,649,879,165,409,236,321,440,883,71,10,603,160,810,693,977,419,854,594,186,453,829,842,950,384,384,438,542,269,727,249,336,641,203,510,195,59,125,810,772,650,410,38,331,158,991,447,755,467,365,938,5
155,447,252,228,576,525,801,141,81,830,790,712,526,752,906,708,83,411,637,260,414,891,14,48,304,388,242,364,903,683,600,798,651,493,816,348,272,56,364,388,469,334,989,514,155,643,813,174,102,945,59,114,848,235,203,482,370,652,71,739,598,814,310,577,234,86,288,553,149,29,835,524,289,567,910,876,571,860,832,386,734,124,798,810,505,632,0,238,361,492,865,979,935,528,600,597,369,968,489,270,878,338,656,542,148,500,751,67,207,866,458,484,645,968,729,695,558,478,85,731,74,11,735,903,680,49,628,106,888,689,61,964,580,733,858,4,148,996,309,782,807,861,46,980,555,554,957,899,62,3,838,726,852,50,8,185,723,575,873,885,854,560,296,828,142,703,970,65,832,978,652,476,607,460,153,975,716,631,649,724,931,557,394,523,710,463,903,212,575,523,859,732,333,398,747,261,316,933,708,365,214,583,868,662,994,798,121,709,404,122,794,430,803,750,996,946,417,975,954,129,478,124,48,745,514,424,874,128,333,769,868,811,884,493,932,52,304,869,192,109,616,905,743,223,13,890,11,650,718,712,632,986,433,437,760,539,345,997,376,632,26,376,183,700,145,255,461,82,664,785,354,369,79,939,572,131,678,693,871,121,597,685,984,101,66,324,857,582,139,404,466,787,225,836,609,193,516,626,416,362,624,895,974,125,202,382,741,806,379,16,388,855,563,48,352,843,537,644,534,78,47,358,428,389,216,442,369,953,53,663,147,767,797,160,113,807,313,653,287,586,608,9,609,424,235,380,415,463,620,88,35,140,807,184,122,933,118,942,973,260,176,596,227,755,313,331,137,712,435,505,855,840,751,432,9,388,701,975,200,116,685,6,182,492,710,193,480,865,515,665,132,774,452,264,48,935,790,920,217,858,310,622,978,108,531,252,795,410,929,738,639,655,239,15,535,906,759,428,230,786,344,445,491,424,89,799,240,845,108,121,944,31,234,494,835,47,346,905,265,600,750,352,40,916,87,304,669,282,730,934,87,358,346,957,865,318,334,95,545,610,976,835,514,770,236,715,619,975,165,592,419,425,555,593,963,878,611,250,63,932,670,397,515,714,697,803,268,132,669,247,750,513,749,791,264,366,687,773,827,896
433,766,210,541,289,95,966,821,183,309,739,950,800,916,663,760,205,766,662,216,23,409,12,991,574,114,0,23,672,569,423,896,716,555,761,298,329,678,117,167,268,816,956,455,815,809,92,224,543,432,633,617,462,250,899,359,890,882,436,670,425,264,421,547,975,123,509,178,515,205,632,30,370,865,907,65,64,805,131,552,551,163,83,800,619,242,182,963,592,775,582,543,673,233,946,262,232,787,276,622,817,964,891,210,173,864,257,690,706,565,184,849,408,83,983,374,630,734,245,464,992,703,84,108,763,597,435,415,31,587,314,840,470,445,712,476,824,338,904,695,956,795,33,450,163,992,515,271,158,112,612,666,472,826,494,522,722,727,526,756,81,39,118,801,639,305,757,88,856,308,632,407,310,649,803,425,128,69,199,930,922,160,805,980,408,833,355,283,104,327,301,885,405,610,992,230,960,198,213,414,960,569,45,429,20,807,61,490,917,273,43,696,480,271,742,119,856,828,660,964,275,146,228,324,907,632,436,314,361,330,435,197,967,339,300,925,738,24,584,260,12,276,908,736,374,416,444,271,344,925,892,715,896,150,215,782,532,918,798,175,795,134,323,921,197,364,437,18,172,611,12,759,343,418,399,104,35,867,671,662,556,353,94,279,460,109,786,750,25,4,728,537,747,410,641,676,885,836,129,736,900,273,755,246,209,679,606,317,18,412,341,847,692,425,378,814,550,62,546,827,337,680,100,751,204,67,321,291,635,691,559,147,371,244,774,142,491,431,981,422,980,19,249,360,858,949,464,29,853,194,849,910,913,17,169,363,263,104,787,71,227,224,844,215,829,105,621,266,574,987,752,386,138,708,225,449,99,772,331,165,898,974,233,839,207,730,753,927,200,168,201,193,421,495,501,253,74,483,722,378,468,711,373,514,768,620,610,219,719,931,760,518,259,610,267,979,99,933,253,717,734,477,623,804,891,225,763,681,828,921,611,172,598,123,610,72,646,786,794,758,930,407,503,789,720,996,50,459,190,668,863,465,181,608,982,672,181,439,221,866,106,918,713,10,803,548,639,99,942,433,753,272,155,773,857,513,688,839,116,932,181,716,887,837,22,267,639,945,208,770,937,77,895,84,107,968,530,980,217,119
656,542,396,197,818,121,990,954,405,632,619,721,633,988,980,320,540,676,342,366,426,302,731,550,943,399,991,155,277,725,256,243,19,801,548,178,783,226,308,463,26,291,882,665,283,568,250,907,162,619,735,986,24,829,238,891,761,9,719,88,286,418,532,379,229,629,805,800,949,905,490,196,335,963,180,619,29,35,734,947,606,720,519,908,729,190,865,897,4,779,206,498,846,794,667,109,555,82,324,894,11,400,378,529,536,638,717,726,419,43,944,412,446,24,84,56,432,852,501,790,150,674,917,740,458,569,716,871,739,608,671,730,12,458,565,304,687,833,228,929,280,569,708,830,437,88,801,849,690,850,976,891,903,563,447,429,143,932,842,845,299,373,205,272,640,380,747,169,338,461,238,26,800,999,597,467,699,638,829,453,414,923,212,846,300,161,827,970,821,976,77,336,100,233,187,694,544,351,344,677,166,106,314,183,242,46,420,468,843,568,806,169,517,813,321,43,592,155,660,811,269,768,246,135,765,638,670,143,344,257,565,412,790,747,454,925,597,417,640,808,988,270,387,673,937,542,357,840,577,383,848,578,571,936,765,84,607,330,229,521,702,193,508,612,377,663,742,534,640,775,211,842,836,570,749,614,486,750,980,255,994,448,716,607,559,165,959,589,809,644,278,245,858,175,811,740,513,985,589,307,289,566,666,637,759,516,625,215,258,364,599,7,281,260,606,763,432,888,682,967,513,39,22,398,499,999,523,541,157,881,814,978,985,979,887,382,664,384,83,991,803,988,740,544,800,106,804,747,104,577,88,713,649,952,392,601,382,5,495,308,329,422,406,934,768,521,54,922,261,46,129,771,232,373,819,627,823,825,389,84,76,212,972,44,439,687,391,267,870,964,269,16,438,690,647,23,870,124,676,66,760,273,10,267,892,491,230,705,291,674,267,313,198,296,379,71,668,889,971,353,501,379,618,534,379,932,281,375,422,854,597,697,644,862,846,241,167,67,647,463,600,365,600,241,927,905,537,996,369,395,440,699,659,53,295,410,967,8,722,2,79,974,568,799,801,3,638,893,907,297,887,481,960,585,710,872,236,623,295,397,704,432,80,108,999,967,172,0,617,992,576,750,140,176,122,906,630,346,248,105
77,754,428,415,177,259,592,206,516,866,832,634,230,384,204,610,529,941,637,148,464,794,531,263,62,234,527,887,328,794,969,452,7,43,65,466,314,824,93,105,422,815,686,188,158,604,385,599,272,851,963,420,994,264,402,209,174,138,415,983,971,378,9,663,815,454,384,227,800,342,209,926,884,98,712,982,837,21,184,355,720,252,706,449,922,122,759,623,453,757,187,268,871,425,93,886,492,281,217,76,511,723,33,886,132,657,116,784,16,903,169,836,457,60,231,44,36,961,42,279,557,470,324,378,0,499,816,663,628,941,791,49,630,773,988,91,703,598,671,912,52,26,221,863,147,231,482,801,679,856,30,568,397,499,616,250,528,674,942,939,846,566,829,825,858,833,522,232,324,746,671,505,831,889,228,864,903,588,611,133,458,283,384,733,838,766,534,690,633,761,426,487,73,506,466,370,569,561,373,479,562,307,440,435,836,460,123,776,629,442,152,978,874,464,634,987,360,70,155,575,977,966,330,737,205,94,275,644,542,964,126,12,794,444,444,582,376,563,379,712,15,539,35,708,454,414,394,846,421,971,737,880,954,431,674,427,901,965,391,856,636,357,928,982,538,988,237,219,103,751,208,847,204,98,412,278,31,475,397,801,637,599,68,932,207,877,143,80,932,964,51,756,122,78,968,722,795,667,950,397,334,478,469,269,416,605,759,880,372,83,112,766,536,2,605,579,218,862,141,652,690,510,430,34,253,115,324,843,247,803,669,504,247,593,836,519,612,133,652,835,846,312,738,837,751,451,383,278,486,552,952,801,569,982,344,113,575,861,215,767,768,555,223,875,884,534,924,550,343,578,10,668,798,415,667,232,83,955,832,565,663,220,865,399,616,158,212,316,709,29,531,888,727,500,788,250,994,759,412,936,887,476,887,99,21,345,709,631,548,41,897,877,540,12,531,921,928,763,739,423,432,646,651,398,597,244,663,109,365,523,895,731,693,452,314,719,830,886,322,649,41,567,443,117,963,546,854,522,851,342,289,733,313,65,468,686,730,498,827,410,776,202,461,874,488,906,175,87,190,597,941,22,705,95,723,158,992,591,928,909,216,515,610,158,105,200,387,503,372,873,630,364,147,272,894,203,898,552,501,528
193,575,58,534,351,49,796,399,727,488,444,463,807,581,697,818,949,608,265,626,949,245,765,927,302,319,312,968,550,307,455,559,200,135,956,474,137,26,633,722,143,56,873,142,695,13,316,782,700,160,19,472,256,15,360,62,480,672,522,356,765,737,528,940,460,628,779,733,199,773,376,257,746,628,276,974,293,527,620,344,298,646,710,484,933,272,93,957,568,339,940,400,624,501,636,163,854,784,737,693,140,909,254,594,812,140,156,335,884,759,293,281,840,13,711,449,729,827,291,531,384,591,787,830,817,457,854,291,385,724,365,796,214,698,890,238,678,998,136,946,345,314,407,184,309,147,721,102,464,514,225,874,44,364,112,211,38,127,291,512,93,15,9,906,60,530,322,73,899,701,789,872,334,946,367,114,944,868,2,824,646,735,773,832,856,197,564,130,316,411,338,467,8,516,678,214,212,305,644,303,28,57,450,482,829,783,838,496,959,865,932,465,351,643,595,941,392,440,685,635,419,726,282,434,872,851,983,445,247,271,711,806,653,637,756,156,867,998,403,20,29,16,579,514,682,840,394,784,504,124,431,583,984,996,225,13,510,698,649,107,357,411,699,830,71,221,849,202,227,333,737,35,140,472,696,958,694,466,633,355,913,408,151,154,696,910,810,451,479,224,83,354,307,910,858,57,772,233,940,235,982,850,472,505,803,237,25,684,281,483,213,67,798,147,662,718,57,589,852,758,91,851,904,543,913,782,695,554,805,766,442,854,525,56,236,837,611,951,581,900,690,668,611,263,712,772,2,661,680,594,902,489,191,465,879,783,828,791,898,851,733,184,723,292,749,462,977,731,711,426,421,429,345,375,805,930,238,184,37,326,598,613,16,498,329,49,288,904,315,231,240,753,564,466,3,595,65,65,949,202,350,344,232,348,252,304,120,446,979,251,169,702,835,430,689,795,765,872,170,244,573,831,974,194,919,730,496,211,832,71,450,59,257,350,692,254,595,205,505,52,774,672,481,92,692,762,675,889,422,610,65,393,204,496,729,639,207,752,14,600,142,584,310,72,143,185,717,163,712,460,99,37,363,541,404,875,636,748,868,275,950,793,990,599,31,171,777,698,650,159,58,845,22,798,709,744,926,193,413,765
638,585,527,147,352,33,335,861,102,650,233,557,717,631,655,976,417,677,300,287,180,745,456,828,775,530,231,940,823,274,235,555,613,581,922,317,367,416,2,521,922,467,129,718,126,257,499,491,973,155,454,893,346,161,321,924,495,613,801,523,860,117,897,829,357,452,277,177,626,317,461,171,190,383,502,710,175,26,228,694,397,722,720,876,924,800,408,108,100,337,904,101,188,425,227,98,760,405,146,855,589,357,427,243,211,822,332,831,210,141,522,447,889,703,941,616,840,390,131,422,233,614,221,435,661,348,48,665,273,913,349,284,836,520,919,262,618,898,704,170,735,477,96,917,117,640,843,568,944,433,195,366,880,59,637,719,790,183,242,550,285,933,402,981,233,881,892,234,594,921,240,912,493,678,239,631,523,50,825,455,634,424,755,517,736,955,155,584,870,339,630,581,75,856,671,829,807,753,732,317,511,594,255,812,192,643,481,511,892,944,997,705,124,432,34,649,48,874,734,958,0,444,202,17,16,144,393,670,385,946,390,242,110,115,825,60,777,617,375,611,662,723,489,210,580,237,615,108,276,412,1,613,201,437,139,553,378,842,86,923,402,284,760,64,820,803,762,288,801,721,392,711,441,206,60,947,394,41,661,252,34,475,730,347,965,145,453,13,927,842,815,765,433,106,290,236,19,273,27,228,336,502,202,942,126,172,53,788,627,62,957,903,316,476,556,818,99,615,337,406,79,868,443,146,695,453,454,107,632,448,387,736,866,914,108,303,958,592,749,667,370,131,480,679,597,187,113,235,768,2,223,628,342,311,894,916,2,106,738,937,482,99,812,831,76,711,988,106,778,628,502,642,786,89,403,186,338,905,773,658,646,477,308,896,664,119,671,568,505,525,415,697,876,33,285,965,646,669,147,82,336,119,928,877,734,848,445,952,285,241,770,396,603,702,186,269,816,856,282,157,907,806,207,944,865,331,64,724,932,461,346,514,126,793,345,919,972,605,92,883,556,196,153,553,824,617,59,371,768,943,349,248,661,187,161,513,567,2,728,862,217,144,744,346,625,969,773,182,388,675,15,858,208,677,411,930,982,562,388,876,636,191,387,530,950,323,536,165,926,930,726,118,480,437,428,899,711,430,696,513
607,701,63,797,619,594,823,497,5,643,448,85,711,132,376,379,417,192,991,121,830,566,843,885,14,956,891,10,278,462,951,260,826,553,373,94,729,270,143,176,8,782,482,93,417,540,249,466,924,108,793,591,688,780,232,90,957,872,801,863,662,945,323,409,359,848,629,751,975,269,679,683,617,989,171,715,737,670,314,393,865,363,887,852,413,755,714,252,709,280,841,346,424,476,233,0,406,80,333,754,635,630,187,39,474,702,21,757,423,156,15,235,624,908,403,350,119,817,769,362,175,555,864,940,216,394,727,616,671,692,221,895,391,964,560,99,139,365,346,339,770,377,847,193,652,308,607,612,185,231,166,305,520,322,843,277,347,446,662,577,409,386,958,340,462,393,611,522,871,726,858,882,773,354,745,654,580,866,773,948,99,370,45,553,55,284,264,656,315,617,344,889,284,337,824,972,122,257,843,77,151,535,818,983,277,595,649,880,831,613,312,120,535,60,542,173,702,254,888,192,260,348,304,80,993,612,60,63,239,230,343,380,459,360,391,114,963,62,637,0,694,745,684,858,260,880,683,401,309,326,365,877,128,39,335,775,957,830,727,882,42,561,661,843,376,35,661,991,983,568,743,312,24,559,353,989,898,603,728,337,616,473,884,623,518,299,373,596,168,479,337,92,664,180,369,139,193,991,569,835,953,115,979,410,578,1000,583,73,460,88,15,895,735,395,185,532,926,362,250,6,563,147,428,614,944,158,977,104,199,61,501,688,90,560,204,191,263,678,195,526,432,612,39,493,664,845,841,462,577,91,358,110,318,380,376,143,285,748,698,636,951,360,414,516,580,633,215,391,265,491,31,618,127,676,521,73,266,45,814,337,114,626,473,963,921,341,941,456,345,545,131,687,145,811,265,977,498,590,219,84,830,188,49,948,887,363,192,399,89,315,666,945,114,13,95,565,805,825,100,263,108,985,24,125,848,820,605,627,887,887,812,963,665,75,363,885,384,426,368,749,825,292,713,334,598,848,485,193,20,584,625,213,181,185,718,136,947,537,448,636,52,236,510,741,92,64,845,306,275,649,663,432,947,242,777,157,524,601,888,143,931,758,902,942,866,170,73,834,480,758,730,791,448,382,581,260,402,331,196,753
850,684,644,445,797,122,968,81,373,514,58,548,34,863,301,857,511,796,742,254,567,567,688,602,527,420,385,328,953,695,63,329,21,612,195,430,669,338,562,921,694,79,550,156,964,545,654,181,915,961,463,807,129,115,90,633,55,715,358,487,73,156,989,787,437,349,378,343,950,131,200,241,421,103,792,899,941,599,329,250,405,25,744,914,930,575,614,479,372,667,462,640,486,836,389,696,633,415,602,280,60,64,636,828,542,668,88,962,752,427,220,100,156,612,547,557,613,202,543,0,961,93,811,760,883,84,412,518,17,1000,434,906,159,953,331,70,647,702,737,366,597,684,870,177,517,232,185,749,446,951,543,245,780,6,493,374,527,667,360,585,19,455,193,923,669,726,528,973,175,146,365,679,880,301,758,38,255,371,583,360,342,272,960,817,739,343,275,285,334,356,75,213,791,77,943,176,858,96,229,361,980,290,364,246,569,282,309,508,852,797,588,465,792,606,828,896,212,915,127,303,201,275,693,273,893,525,624,790,280,320,620,718,775,94,585,493,303,994,106,125,550,24,449,466,222,724,52,496,560,13,878,241,242,511,1000,553,45,827,675,434,827,52,733,870,191,806,487,366,610,676,170,930,892,966,843,184,827,62,919,875,722,259,396,312,382,43,580,478,870,404,655,285,643,275,706,816,310,451,794,857,576,875,575,54,736,779,210,634,674,189,205,957,428,149,628,751,488,998,995,86,161,541,100,519,71,808,543,97,518,140,185,659,635,146,415,618,606,780,507,382,79,616,967,966,370,392,739,112,155,402,6,925,186,498,762,397,4,518,39,853,404,659,971,320,750,741,798,163,230,37,152,286,531,100,140,440,163,595,695,623,540,929,787,469,710,736,4,61,133,182,35,501,705,940,800,431,91,224,859,274,201,583,579,15,512,972,922,314,553,817,339,927,234,694,666,244,747,310,806,420,339,515,471,311,975,325,77,726,939,481,214,769,887,94,884,373,8,811,237,979,200,811,942,1,99,305,280,766,74,544,683,767,347,300,128,434,514,410,304,734,968,200,366,618,631,30,590,906,974,188,309,752,399,566,248,13,341,951,635,467,88,208,294,928,13,903,869,481,308,258,942,81,307,439,963,408,108,351,98,955
433,370,13,614,154,313,992,423,10,781,974,888,959,425,809,666,862,114,300,369,687,550,944,905,881,974,358,281,855,503,188,897,608,407,649,919,863,312,854,954,726,108,977,213,254,656,556,111,626,818,449,384,637,725,41,918,174,694,719,592,859,610,16,637,535,980,757,226,787,89,620,475,987,315,131,166,254,261,927,588,393,55,131,986,188,151,751,424,751,571,550,642,371,777,894,512,543,412,385,823,95,742,93,338,879,674,679,968,84,750,473,470,416,498,34,5,115,49,558,627,348,745,24,519,269,637,617,974,335,225,867,131,963,378,794,717,745,315,323,355,628,25,836,340,760,444,820,743,334,460,934,51,710,174,60,453,246,117,208,795,664,948,737,564,48,67,893,414,470,298,118,978,757,702,456,610,256,708,497,92,758,74,517,763,243,922,98,13,943,148,855,231,357,406,450,752,228,205,740,612,3,883,703,666,385,884,872,820,365,820,976,364,631,720,639,226,145,69,784,161,104,577,358,306,876,921,998,930,103,731,819,129,775,777,644,714,336,833,527,263,832,159,22,89,699,195,445,136,960,710,112,294,852,731,848,44,199,710,820,450,784,880,683,863,390,665,97,873,701,416,700,191,654,652,123,79,633,872,837,848,109,254,368,472,841,611,791,768,853,308,642,159,774,962,618,166,0,886,211,457,707,659,773,129,590,37,476,178,529,29,781,380,967,376,543,858,146,868,879,647,547,315,461,710,298,599,101,729,563,127,296,169,832,54,381,740,304,82,224,883,969,455,24,649,68,640,105,548,10,853,927,922,505,465,130,370,137,386,855,708,28,729,209,854,504,986,796,433,361,253,712,664,436,248,323,21,820,840,807,254,886,310,912,425,301,189,620,601,335,1,878,113,10,514,307,6,383,81,547,990,835,174,982,523,380,952,554,631,987,295,353,178,351,793,734,462,566,676,203,212,37,412,996,246,212,239,643,23,501,510,177,69,792,803,606,349,182,426,786,830,594,521,145,23,914,285,144,504,449,758,206,542,822,521,537,299,960,870,757,860,518,382,891,458,987,538,938,773,53,629,422,504,740,553,508,958,19,928,836,675,923,428,774,174,452,164,53,718,212,327,707,742,133,120,728,56,247,93,70,755
510,722,598,237,778,590,348,619,908,373,732,160,154,99,86,873,921,710,795,688,331,816,755,614,595,822,962,741,288,200,588,351,325,14,963,902,360,829,18,171,806,592,328,558,784,642,958,684,623,455,30,863,138,54,161,332,101,789,797,449,978,16,755,357,8,372,696,105,616,175,324,983,463,702,684,619,510,592,849,233,673,916,127,154,502,222,249,750,832,821,998,873,880,553,906,779,443,432,519,776,516,192,31,934,235,372,335,831,861,231,420,470,910,664,224,648,529,318,525,6,452,905,622,861,312,520,872,19,35,13,648,333,913,1,122,424,737,654,79,243,441,903,978,571,376,167,573,522,767,441,716,112,500,911,116,330,713,988,70,49,519,696,815,59,291,600,863,481,767,836,105,773,462,929,204,105,377,274,945,685,428,607,749,423,424,903,762,245,846,818,931,977,13,133,120,615,277,486,465,370,566,973,766,793,703,88,182,514,870,59,693,509,39,527,669,233,551,724,302,154,421,701,159,939,635,748,997,679,23,105,924,659,114,523,475,858,980,524,950,265,400,178,980,27,514,169,31,619,805,859,984,978,877,924,773,6,198,105,195,58,14,724,489,849,116,172,990,440,389,936,375,322,820,548,991,240,588,583,829,255,99,303,495,425,520,961,394,729,123,243,976,584,573,296,186,745,319,322,65,368,121,128,141,80,623,800,842,564,698,93,47,641,490,811,285,110,2,448,58,188,460,920,372,515,861,481,785,455,126,975,67,226,792,365,295,927,416,586,864,822,182,880,759,448,9,649,427,355,268,720,122,751,628,530,81,710,833,118,91,149,663,153,699,501,594,410,527,514,566,258,145,1,743,684,77,616,541,190,63,216,734,236,478,120,30,741,783,409,139,645,80,121,565,992,165,975,137,617,725,148,766,363,368,442,614,178,557,767,743,753,758,607,873,236,20,523,779,986,122,702,323,560,865,304,299,534,100,918,781,744,566,788,895,465,170,465,477,322,8,493,254,977,11,806,845,186,77,879,359,152,992,289,737,545,188,247,25,336,916,938,359,294,624,156,92,158,210,43,473,755,902,550,719,813,806,187,666,273,826,360,126,461,708,751,458,978,939,191,485,322,91,507,425,249,419,719,223,165,508,494
950,904,426,15,662,194,612,324,717,991,487,878,663,502,330,682,998,333,382,192,221,946,61,563,656,600,541,158,109,427,955,22,671,758,541,383,920,79,120,665,913,507,968,921,441,92,891,49,648,417,523,897,517,452,294,701,685,6,125,707,809,438,725,114,460,316,162,695,913,560,805,160,619,594,668,539,329,852,3,242,912,693,4,160,201,401,742,926,550,18,848,203,673,235,394,341,806,159,707,995,553,401,400,565,536,344,186,522,757,836,32,543,688,642,364,912,462,322,434,918,242,58,855,238,698,239,857,57,616,711,683,833,327,563,116,767,791,220,132,275,283,196,659,536,995,525,3,868,78,606,381,78,854,661,705,932,681,283,358,293,534,32,618,36,549,662,377,712,240,788,418,712,758,626,538,688,42,30,873,190,977,203,26,404,796,703,284,840,240,135,56,470,590,918,147,796,372,458,68,610,513,960,779,524,413,424,371,610,472,486,244,788,310,264,281,733,9,476,52,687,592,88,587,610,452,357,165,169,707,517,82,703,233,855,66,270,745,866,749,5,861,944,481,739,346,134,47,106,49,818,623,191,250,225,62,991,969,778,449,638,587,688,664,473,280,617,211,601,548,458,29,947,964,547,518,699,660,773,55,590,497,170,143,331,666,537,565,453,944,745,535,69,750,804,121,666,558,493,877,854,663,808,621,254,185,409,804,275,58,3,98,609,940,866,387,253,871,359,755,278,552,475,141,979,783,579,665,704,283,318,617,922,503,648,157,385,97,473,646,337,614,506,996,755,554,669,377,247,918,231,698,37,709,412,985,313,158,818,404,966,137,369,405,279,334,331,128,548,292,426,989,73,880,219,937,885,27,235,922,703,596,633,371,627,340,459,28,134,770,881,812,367,481,933,11,810,289,682,606,430,951,484,684,464,290,432,678,978,159,413,273,710,635,958,382,96,550,537,804,143,193,654,955,7,399,574,10,922,701,559,419,766,331,842,11,848,450,996,777,440,47,907,820,315,994,861,878,486,852,943,733,61,484,257,605,429,97,448,850,539,322,371,161,891,179,794,589,147,12,266,34,929,421,765,135,222,903,462,587,388,162,908,611,616,399,338,173,891,580,237,286,443,747,364,351,146,897,289,518,832
504,253,403,872,6,646,577,892,692,569,94,145,838,75,640,775,658,834,437,875,933,885,984,721,318,407,394,48,118,846,371,285,426,358,15,190,678,288,866,330,746,391,2,35,336,613,888,845,998,928,589,30,362,851,578,373,784,765,220,667,638,298,294,903,769,951,815,970,866,677,539,958,995,531,119,101,146,900,178,691,739,669,640,658,433,413,436,72,816,562,403,421,248,645,297,406,961,88,659,263,332,499,614,644,693,166,360,109,548,758,211,6,573,203,187,439,489,448,474,130,883,984,344,129,438,456,406,3,67,418,746,234,360,91,648,326,715,540,265,214,893,852,106,322,12,680,898,981,953,12,536,430,10,500,511,437,854,957,716,848,24,56,269,178,580,791,403,750,206,67,900,398,421,672,339,679,384,232,771,282,830,456,515,728,148,187,769,37,898,360,841,444,93,568,485,848,954,739,840,391,266,133,619,721,837,989,49,160,336,799,842,482,936,114,338,103,332,577,221,345,668,255,603,611,495,215,516,741,347,438,160,843,4,53,987,481,635,885,630,887,455,599,712,605,135,431,612,571,349,130,852,70,468,621,575,773,643,238,494,167,178,203,175,173,870,598,866,701,430,550,251,813,152,24,706,700,83,310,930,857,296,395,815,388,936,337,30,706,167,122,602,849,295,165,891,5,168,925,63,885,110,879,688,801,290,656,987,383,879,608,285,203,519,415,536,735,38,95,379,943,104,458,483,168,984,383,416,954,836,220,90,870,742,14,755,333,920,401,438,819,126,262,998,539,870,774,749,11,90,33,60,282,576,778,371,331,910,549,873,15,744,152,486,505,882,134,337,487,931,285,682,881,205,470,150,708,954,84,369,152,554,838,95,69,247,831,555,979,769,936,31,884,648,608,334,610,4,606,329,596,434,293,536,319,469,259,788,155,7,881,257,890,893,525,54,339,225,826,786,715,390,440,44,703,355,64,627,714,603,439,818,504,540,420,913,30,165,301,227,249,563,678,24,435,534,518,71,203,143,810,816,805,509,540,168,179,327,858,926,599,484,512,10,762,304,484,653,178,777,140,301,36,687,57,667,562,883,919,491,941,226,94,564,795,267,9,548,354,933,34,460,577,570,84,887,299,60,814,751,879
474,784,100,389,993,172,122,110,522,571,286,484,514,565,406,751,349,587,606,670,445,403,939,431,100,971,4,580,671,593,820,556,987,563,344,626,833,201,347,210,865,321,279,365,752,883,299,36,325,419,989,376,848,319,455,455,179,326,368,395,296,905,889,899,483,231,397,594,296,447,616,711,326,793,770,342,715,780,520,247,452,692,892,463,103,40,974,435,59,692,388,396,794,114,458,558,856,632,504,816,933,76,497,638,103,373,357,858,382,124,764,312,348,421,433,418,430,442,527,962,336,886,718,713,332,650,294,2,253,28,971,299,834,389,690,284,317,975,875,725,869,742,967,807,709,881,15,812,549,886,872,477,859,459,477,837,153,134,912,961,347,985,596,161,355,325,560,131,525,171,757,824,814,623,653,515,277,821,385,747,680,838,935,225,94,744,680,198,37,316,181,782,914,588,604,886,2,826,759,573,34,625,349,512,645,171,285,473,264,917,504,954,831,805,127,915,71,445,82,656,869,64,360,326,830,612,201,228,662,147,813,711,476,396,430,80,661,88,416,763,1,117,66,487,422,237,965,457,894,995,527,283,528,14,397,625,677,427,884,546,494,597,888,961,719,458,694,718,47,287,296,587,921,321,708,940,812,449,570,14,936,278,683,36,955,638,9,672,32,240,372,943,538,854,257,562,908,870,163,194,498,448,107,709,581,162,141,74,219,570,685,699,55,25,576,796,229,46,836,96,857,814,903,319,836,556,777,385,905,567,968,741,92,410,569,183,886,301,580,158,577,724,646,862,99,928,952,440,809,148,577,819,505,783,387,173,85,222,484,379,768,469,440,446,472,160,871,32,127,18,805,451,699,955,360,610,328,705,625,759,83,109,167,237,726,106,912,174,95,703,401,423,450,850,22,747,174,821,757,757,567,470,164,333,165,521,736,799,392,342,477,751,810,219,205,634,670,331,282,127,439,160,938,71,959,380,940,785,793,915,431,923,987,416,121,599,517,625,808,263,191,725,440,352,814,348,912,181,574,548,464,264,398,109,144,557,133,483,451,760,810,842,610,257,899,149,169,580,818,607,737,903,120,984,731,449,709,214,567,609,696,898,841,850,116,927,142,337,718,399,601,438,143,939,407,216,644,801,558,740
194,959,843,194,261,230,732,909,131,850,326,244,75,218,750,65,338,839,180,779,404,695,837,280,880,526,32,0,970,850,762,722,679,554,707,50,61,325,681,416,406,135,485,123,424,254,121,874,542,705,649,960,958,746,68,253,410,35,293,516,814,995,660,449,266,873,971,898,500,260,594,371,688,985,534,703,481,725,973,426,72,208,259,574,971,208,194,9,372,972,850,249,794,803,883,524,257,902,160,163,697,786,765,278,906,284,757,943,181,179,567,185,252,87,651,715,415,608,810,56,17,131,75,631,376,84,947,470,381,763,645,865,205,833,20,565,580,611,431,877,149,534,244,580,159,439,938,287,847,712,146,303,138,577,915,703,436,406,233,168,912,937,622,469,164,218,825,418,843,293,487,502,681,740,525,182,327,29,269,55,238,53,248,776,273,243,476,370,719,866,554,120,640,130,197,358,999,518,492,429,363,77,932,498,508,473,843,447,833,528,954,526,349,659,175,191,62,992,973,369,76,38,712,859,134,76,532,793,331,686,214,14,679,761,250,958,193,616,291,607,312,123,487,668,665,412,108,215,584,78,568,867,996,227,220,727,212,39,99,245,440,287,685,94,800,174,666,25,805,160,291,272,221,73,23,263,431,665,973,867,780,532,867,305,931,97,383,759,558,982,355,925,461,588,517,851,828,952,884,602,924,750,205,521,194,852,945,164,706,332,982,428,452,285,302,85,772,881,780,486,435,15,478,911,732,954,926,574,524,882,475,828,117,204,732,469,747,662,132,546,595,144,816,934,234,110,562,851,272,19,506,851,808,705,250,81,328,34,442,514,592,180,332,803,451,72,398,121,985,762,584,266,110,429,990,870,14,960,595,552,577,448,409,103,276,584,274,297,610,430,109,415,179,561,942,892,620,267,782,271,817,908,960,873,18,881,676,583,303,372,825,436,383,822,284,117,276,215,257,624,45,641,389,658,840,408,641,687,470,911,341,619,784,752,972,95,108,415,851,210,376,974,683,684,489,354,757,234,40,988,125,637,844,702,637,146,274,204,842,314,361,320,782,443,443,681,526,140,719,868,571,248,541,122,547,691,471,13,591,989,420,448,876,609,342,321,727,60,600,100,705,836,223,625,171,365,352,48,412,352
754,598,418,839,861,875,53,184,105,963,477,796,693,63,103,763,179,90,103,775,646,506,41,814,616,427,687,935,918,466,174,939,173,99,462,792,376,490,9,237,115,13,350,484,918,256,81,935,457,980,745,343,877,845,956,938,555,853,993,464,277,953,331,171,368,417,644,722,795,690,211,894,297,959,924,642,891,66,314,612,826,285,796,456,2,610,795,818,460,122,996,569,986,292,675,105,505,904,265,968,109,895,150,429,881,510,85,740,728,584,431,101,299,654,912,203,213,926,205,875,890,611,870,168,497,570,619,303,536,798,921,261,738,658,514,477,652,971,863,868,108,449,596,383,447,192,917,547,667,454,103,208,509,982,620,639,863,797,236,11,411,368,723,20,463,807,895,55,318,886,831,562,980,781,272,192,177,81,654,838,398,869,734,425,65,662,775,560,486,981,536,910,464,106,146,99,803,256,607,294,235,29,772,285,79,874,418,613,357,540,210,476,577,768,123,537,321,421,534,429,549,998,581,617,4,575,296,308,981,993,619,818,880,64,262,382,523,656,255,307,128,880,138,271,94,463,682,720,990,429,873,447,934,319,208,227,54,735,71,458,253,853,422,838,206,60,125,854,447,352,605,716,531,123,128,965,283,870,718,870,350,576,943,222,311,690,71,338,320,941,831,602,449,395,691,287,489,1000,145,300,831,439,821,103,260,349,671,622,42,47,225,659,107,620,275,749,92,238,388,706,884,317,900,926,567,461,286,722,297,319,312,562,521,414,287,881,691,230,336,582,661,639,530,586,565,884,507,677,350,393,128,977,46,896,540,819,341,136,840,68,899,954,209,807,626,727,823,534,717,750,322,813,557,659,524,381,444,35,213,809,309,634,450,270,525,60,987,366,974,243,14,936,508,502,805,802,879,374,972,543,643,223,228,770,761,773,931,506,261,260,986,879,707,306,615,936,333,260,540,570,285,321,261,205,742,542,667,226,945,484,934,939,223,357,169,50,908,471,922,779,78,847,864,388,859,785,483,467,913,919,864,805,597,324,134,397,7,386,264,22,820,434,636,45,415,63,352,198,468,808,377,7,216,418,689,489,413,829,782,40,412,174,804,849,327,406,720,709,395,855,115,676,325,835,927,93,74,791,482,132
273,400,563,504,512,64,949,588,861,85,777,910,327,764,866,815,283,17,620,289,464,991,289,224,16,937,682,870,259,893,860,344,996,73,35,186,800,983,278,492,278,706,800,609,31,147,1000,499,693,634,368,19,568,781,233,979,278,544,615,364,155,400,894,481,659,318,281,715,365,351,306,104,986,232,279,157,708,53,322,29,178,556,212,285,299,36,609,690,547,314,659,231,999,94,702,780,84,894,961,649,90,269,807,491,781,416,996,776,720,751,712,39,662,920,880,549,25,796,10,897,167,380,115,44,63,931,875,634,7,552,157,203,7,909,637,773,439,347,725,149,825,11,645,186,792,221,463,543,869,427,342,464,908,785,448,691,958,13,21,172,67,61,709,678,488,519,250,431,35,771,322,554,782,513,268,886,985,276,339,848,816,900,396,465,917,681,708,944,801,487,475,42,739,682,459,795,615,518,762,163,592,44,26,486,991,335,71,447,772,669,441,779,970,773,568,527,561,18,878,622,889,438,896,876,514,664,647,620,73,478,866,165,807,5,217,480,290,947,320,63,337,519,94,487,49,793,220,249,375,172,798,709,578,729,479,765,369,239,99,910,757,117,163,501,745,176,61,313,145,391,26,848,239,301,520,793,260,82,261,281,991,692,841,118,565,767,778,994,535,650,264,655,507,652,898,940,409,955,579,924,32,502,331,631,310,148,875,676,598,406,94,963,600,1000,805,526,205,612,849,583,431,943,788,604,859,300,941,580,646,491,490,602,695,946,264,857,588,22,517,938,766,446,897,356,526,462,8,589,791,529,705,161,451,917,575,463,377,719,937,357,244,905,848,306,401,524,698,352,348,342,485,559,796,876,940,663,905,744,467,259,860,837,550,51,543,874,323,934,704,238,723,383,633,488,970,597,605,878,137,142,539,82,712,387,48,431,322,461,978,869,782,81,969,73,886,708,483,608,354,317,495,108,850,638,552,215,340,721,656,541,313,703,215,850,969,36,562,146,82,615,531,927,224,614,945,487,578,840,927,371,206,400,231,469,23,245,354,228,710,935,895,21,463,982,645,993,587,63,100,646,180,287,179,128,773,225,42,856,834,112,165,568,905,348,846,886,562,331,329,820,213,406,838,697,751,317,540,690,324,742
63,609,597,571,167,139,885,663,561,162,60,880,905,996,841,510,937,172,630,168,448,148,817,565,547,874,763,790,76,692,771,430,56,492,408,595,861,954,754,173,264,170,287,121,977,180,42,132,72,750,769,301,495,293,126,356,522,311,392,840,794,803,52,166,45,530,551,527,804,584,423,302,575,274,995,166,78,161,532,926,563,10,854,924,202,284,452,748,893,171,963,607,56,376,285,73,366,692,386,101,372,34,371,131,501,517,694,557,139,17,39,112,37,530,916,103,204,785,414,593,541,850,369,470,299,140,512,174,340,923,625,712,277,390,278,733,498,706,276,181,911,716,845,778,209,72,264,835,377,406,983,872,36,342,643,720,381,794,338,516,31,410,663,807,699,682,284,848,619,75,283,102,461,850,833,85,318,738,825,657,300,294,528,802,767,77,148,79,749,77,830,332,688,310,298,24,397,850,528,82,922,838,209,298,90,355,578,894,920,951,605,734,399,234,164,205,477,599,547,687,866,319,930,167,588,17,763,126,100,897,871,734,533,864,327,86,436,761,32,975,756,260,727,794,741,712,260,401,425,506,735,488,89,731,974,561,636,312,673,113,711,35,673,939,623,53,971,995,729,756,833,257,685,134,445,975,151,484,842,83,434,688,913,881,767,810,131,873,960,835,117,990,38,349,921,324,334,582,982,332,226,939,80,153,184,239,162,986,464,83,814,868,545,790,442,737,584,829,323,733,177,447,923,36,361,17,632,849,123,538,752,981,730,675,514,982,451,533,476,94,313,178,404,962,918,797,783,727,532,414,181,60,355,557,151,133,729,3,771,203,571,623,184,82,342,504,178,145,426,738,839,14,691,914,526,642,72,356,562,905,260,629,445,184,906,882,748,269,533,257,328,853,532,453,305,415,4,371,63,621,293,505,76,840,712,681,5,490,777,161,904,550,606,562,788,683,37,662,182,233,459,716,802,126,227,745,713,40,92,526,140,571,368,260,599,590,947,280,815,95,98,810,776,589,231,471,737,489,864,83,411,875,269,76,155,629,209,211,868,551,430,689,951,830,604,542,100,806,139,182,780,897,901,138,58,532,22,582,175,426,72,975,127,240,179,185,451,730,140,784,65,406,848,190,26,167,436,777,370,876
484,962,629,332,689,338,941,556,807,723,842,991,352,247,92,934,673,891,179,5,307,922,111,194,934,736,630,260,78,347,691,339,242,166,47,279,634,490,650,707,967,926,432,88,766,309,465,160,489,235,96,269,47,507,934,552,650,165,126,598,221,88,454,822,395,51,762,928,702,845,68,410,147,970,870,927,209,369,425,950,488,255,578,702,986,953,963,333,220,944,652,793,846,205,955,792,512,541,595,478,829,437,405,78,490,640,265,604,465,910,831,21,801,591,296,910,493,999,68,232,819,435,783,461,279,715,841,71,304,576,647,62,308,54,578,104,982,15,826,761,366,371,547,907,290,942,797,578,439,711,111,486,199,476,513,789,499,567,860,96,274,181,24,682,151,946,721,472,111,600,253,859,299,283,105,443,611,505,524,567,907,921,838,346,373,92,943,513,119,474,233,50,185,824,67,769,341,124,168,986,223,874,721,956,212,862,243,190,557,57,846,732,981,515,251,35,820,598,496,787,689,917,529,258,580,997,891,458,283,15,348,32,557,141,705,637,759,331,994,76,533,567,39,172,848,200,716,213,753,919,294,913,455,341,757,921,876,789,867,360,380,916,79,709,294,763,634,707,994,922,753,671,228,256,92,919,702,553,350,388,859,734,816,395,220,492,172,583,745,259,748,672,514,35,451,896,44,214,239,310,909,104,447,395,351,573,104,898,703,733,724,299,76,26,231,256,484,841,454,19,438,3,343,21,357,204,426,423,743,326,39,503,964,549,341,136,741,374,132,709,507,991,11,309,847,292,612,393,914,755,631,713,849,55,633,621,184,818,932,631,351,491,726,77,568,920,794,364,658,450,662,853,6,844,596,127,2,603,577,732,732,306,130,175,623,834,401,889,783,263,805,354,720,101,78,578,522,101,757,403,864,11,419,323,562,870,188,601,647,351,357,229,155,708,761,738,662,919,127,107,946,135,52,1000,100,17,426,576,834,309,277,704,738,667,219,624,317,639,260,674,704,338,303,66,604,526,337,5,467,198,194,525,924,477,852,927,670,136,717,779,351,969,122,701,323,479,798,321,125,487,342,400,929,723,871,182,466,235,554,196,647,992,932,887,491,541,119,69,801,385,161,578,897,579,414,761,505,168,75,679
257,431,76,873,783,5,430,349,197,411,580,825,674,914,7,15,941,897,501,247,336,366,869,345,597,929,569,772,436,56,17,743,198,733,947,382,939,110,599,580,924,611,646,701,340,482,704,78,267,102,814,525,893,562,604,663,667,872,833,399,671,278,601,50,937,26,99,454,232,488,57,538,903,655,722,822,126,17,384,508,973,96,578,247,488,925,18,618,416,798,351,731,365,26,963,434,521,867,679,324,41,500,817,0,609,377,432,270,799,156,839,767,847,286,299,507,433,331,437,522,31,99,170,949,649,491,150,374,22,9,434,618,51,210,728,917,868,703,269,501,422,469,540,594,219,286,679,859,80,711,345,500,770,483,865,911,989,504,321,449,231,43,938,224,43,309,560,85,30,551,246,549,606,330,863,515,74,60,299,692,876,994,540,91,459,251,331,325,510,392,517,506,568,606,574,625,986,480,326,958,848,272,312,570,115,857,287,318,624,925,990,9,102,920,359,530,673,381,766,177,215,688,544,969,578,225,416,609,51,817,931,997,554,960,510,319,378,536,110,662,839,223,743,809,281,946,840,556,736,719,970,14,951,501,736,969,426,890,996,855,182,242,882,240,795,886,929,467,924,397,384,265,45,379,826,846,228,343,824,588,781,632,746,11,540,431,251,731,158,236,416,474,404,930,325,656,750,179,377,638,484,235,599,671,173,179,859,227,108,243,228,118,645,17,884,438,905,595,216,106,27,207,27,90,56,180,165,420,382,606,12,521,517,606,719,883,589,534,246,940,117,642,206,548,902,48,439,574,809,560,671,966,160,436,939,849,219,103,757,450,560,734,215,731,340,980,281,746,451,829,48,949,230,64,659,905,772,859,77,377,844,971,918,500,977,152,861,658,705,928,40,650,66,349,553,89,179,845,225,398,837,829,526,864,990,397,225,381,145,875,901,104,244,232,276,341,861,268,534,988,530,331,519,58,856,743,463,938,518,729,905,581,273,717,950,280,755,949,791,689,887,107,405,399,950,800,152,640,440,60,945,297,505,525,111,470,415,982,578,36,572,229,765,85,646,156,319,344,184,650,428,148,84,543,805,27,473,441,388,341,25,162,172,355,850,573,846,477,67,296,525,495,774,94,721,384,386,827,476,502
620,173,883,35,578,594,460,846,465,609,736,108,354,694,960,772,61,439,365,562,674,810,46,796,997,213,486,516,936,650,538,646,403,227,544,572,774,420,923,951,981,72,510,221,580,587,973,795,375,473,505,821,857,752,298,696,574,755,222,351,934,991,994,883,975,405,907,312,146,641,460,668,987,942,782,394,83,69,243,243,490,861,907,736,849,831,987,469,206,128,187,744,256,558,18,941,552,112,763,672,574,668,708,13,345,811,480,394,293,593,394,566,830,942,513,143,688,837,668,463,137,987,623,382,384,734,148,521,648,556,38,550,901,820,106,589,121,388,204,718,331,280,541,638,24,379,473,503,209,468,880,659,290,115,348,58,588,721,695,298,223,516,725,747,726,206,138,904,969,294,950,626,284,256,347,996,351,160,155,997,448,953,335,826,752,321,780,633,41,323,131,716,666,786,860,374,593,881,852,387,353,845,455,622,483,834,424,261,974,27,981,344,27,733,648,878,61,603,382,979,233,851,671,609,181,996,287,169,583,81,166,39,804,957,681,454,685,295,75,394,277,758,89,696,687,308,504,120,388,972,481,705,697,496,478,215,800,42,46,670,762,509,904,324,177,23,194,29,971,104,110,738,980,175,118,989,176,840,201,293,650,270,9,127,329,627,175,10,853,81,854,74,486,67,979,58,864,441,394,132,123,5,961,167,176,22,448,689,851,713,872,622,381,576,137,944,865,721,238,183,161,224,657,939,898,461,631,253,308,127,994,623,865,193,490,10,767,639,970,563,131,553,996,382,140,355,675,753,91,379,37,213,388,452,553,885,185,171,633,363,537,102,752,867,889,296,626,953,625,829,274,878,448,639,923,855,632,715,575,34,755,320,139,940,771,530,633,201,816,369,853,613,854,41,7,183,497,270,604,244,156,801,575,855,529,469,441,733,852,709,127,72,791,191,803,618,664,585,564,799,740,546,482,146,2,843,784,661,709,602,467,558,607,222,354,456,629,527,47,1,974,418,988,576,171,561,554,881,500,927,239,515,935,877,863,872,772,184,20,106,810,282,405,342,900,169,696,104,926,202,959,698,439,813,230,693,376,790,471,262,924,483,203,704,800,452,779,9,61,420,296,476,615,590,792,650,66,326,302,320
302,438,971,246,328,685,646,368,90,713,514,688,480,914,21,574,641,461,343,777,526,746,227,214,816,221,943,944,790,963,222,321,608,658,194,352,699,267,317,482,957,883,292,250,114,301,773,413,433,887,362,735,265,237,840,486,356,908,728,464,665,236,479,131,175,979,932,308,220,830,923,323,724,177,252,93,976,198,69,516,580,64,231,565,689,286,323,491,976,559,985,692,936,416,351,779,420,924,66,102,812,135,119,639,896,835,734,489,947,106,869,105,425,333,173,496,853,72,301,215,605,714,6,191,921,328,84,414,374,354,928,753,642,913,137,965,218,390,567,174,237,201,124,821,973,703,268,121,350,806,486,615,293,491,250,215,365,138,68,568,84,919,534,605,956,21,384,987,186,740,959,544,863,507,233,581,268,918,56,936,948,682,355,377,408,379,154,262,195,375,322,372,345,565,986,637,103,212,334,847,592,800,340,506,840,570,417,881,844,205,202,29,938,700,694,916,871,752,670,128,822,954,819,739,636,765,386,730,815,244,417,86,205,698,143,346,179,863,812,723,171,837,928,760,905,14,80,804,62,398,115,615,292,253,185,977,719,875,741,864,937,820,370,228,984,898,134,491,30,978,821,792,927,172,417,826,214,86,10,933,990,622,452,459,267,194,444,11,69,356,665,433,362,104,501,905,512,160,493,564,853,193,171,477,895,775,961,994,848,218,452,485,708,366,508,521,695,832,665,674,210,159,379,254,437,652,235,787,100,288,257,630,779,589,184,154,934,519,1,530,766,367,268,110,363,559,491,725,544,415,91,558,173,15,914,982,865,910,268,640,797,585,238,187,646,409,115,87,299,300,59,183,630,632,321,15,85,805,918,236,896,549,787,934,215,499,519,569,902,716,621,974,472,404,392,745,420,921,664,560,735,662,117,347,131,883,846,587,965,500,914,140,534,373,341,355,406,405,799,370,426,528,330,321,910,392,166,594,342,935,800,821,719,368,180,460,276,372,353,710,275,170,10,289,103,257,678,576,210,221,106,81,847,83,489,787,645,350,600,326,910,587,99,980,615,306,346,719,836,941,160,260,586,633,205,997,649,184,121,824,965,131,581,1,726,164,683,396,344,111,484,812,566,567,880,378,315,64,799,453
54,26,505,482,275,449,666,321,615,180,231,138,698,849,62,665,877,780,290,656,599,155,622,317,312,649,54,542,562,346,462,414,424,344,146,313,919,675,592,354,632,654,868,128,350,25,307,404,862,641,99,218,440,193,148,461,383,958,916,168,231,192,798,378,360,49,703,325,155,977,423,969,799,885,692,303,434,254,383,544,706,959,886,135,672,717,8,458,252,643,357,999,744,270,14,255,331,116,29,205,859,632,506,907,461,166,896,996,230,907,623,494,91,99,714,676,115,667,803,440,572,334,213,451,887,404,388,484,646,651,853,959,369,277,673,165,655,565,815,908,165,111,715,757,673,931,643,661,453,510,787,775,276,376,717,111,439,117,91,622,211,91,810,390,598,203,454,933,289,866,829,492,770,907,564,300,904,168,184,912,224,325,747,236,565,747,591,675,474,21,166,177,205,984,443,131,869,533,959,419,91,394,45,488,436,792,634,994,754,956,642,287,182,299,63,503,43,166,245,556,493,844,764,541,79,446,786,409,423,359,274,791,579,430,487,435,623,524,306,603,315,883,361,583,837,665,642,245,847,104,977,808,261,454,536,681,87,61,952,18,306,404,753,1,467,541,761,368,671,22,763,910,285,797,98,487,277,507,986,320,656,942,370,637,263,774,364,444,289,703,921,411,867,0,565,782,497,930,230,925,394,618,248,132,15,531,367,571,650,77,909,792,309,536,650,804,25,11,162,435,333,558,33,472,351,486,989,423,408,164,15,378,516,924,173,541,513,0,820,633,516,914,296,954,470,730,638,573,456,959,989,80,791,484,801,264,882,578,803,86,986,317,698,36,230,828,259,585,215,882,163,384,667,968,361,908,155,631,243,636,647,341,548,411,820,105,269,848,750,489,251,919,836,532,785,904,458,758,287,323,205,844,220,681,719,976,655,286,966,324,989,122,995,420,712,892,741,701,461,631,320,299,758,209,958,663,440,85,37,315,487,504,980,341,619,815,693,195,254,952,756,47,39,726,966,104,917,532,731,543,793,559,351,216,400,131,905,910,743,943,500,349,334,194,48,737,337,622,907,910,642,700,947,944,525,906,893,633,426,208,41,368,89,991,479,411,397,804,761,685,574,707,126,705,337,727,296,10,532,975
656,33,639,961,248,954,438,286,185,893,178,525,816,378,971,583,806,832,448,141,255,84,708,994,979,949,996,535,61,111,53,243,462,757,996,196,858,220,251,751,204,512,15,737,155,599,10,759,804,759,402,821,801,114,481,582,407,602,709,770,712,369,872,126,465,253,104,494,500,682,125,605,968,47,792,678,848,213,311,389,135,124,437,105,133,993,841,142,359,539,926,238,293,258,22,450,244,750,700,136,986,949,767,992,58,10,722,633,273,436,921,985,751,126,705,401,903,749,613,719,460,407,653,270,570,1,241,894,429,763,125,121,155,520,97,90,28,576,958,815,150,594,397,60,36,431,682,970,951,673,679,595,592,342,35,87,360,484,210,429,283,72,531,713,651,389,307,866,210,936,337,328,720,304,650,517,210,819,116,0,494,547,805,441,915,506,773,731,693,494,526,863,89,153,257,771,95,877,216,896,857,8,239,677,390,301,751,389,144,99,657,190,90,544,833,913,628,483,678,701,107,549,390,177,323,55,497,380,932,893,847,297,591,173,156,623,713,472,653,310,338,885,383,85,98,152,315,87,363,468,702,658,710,501,206,136,467,65,603,791,326,924,588,114,697,462,417,537,59,908,698,559,895,302,604,184,146,844,470,936,934,917,9,82,675,45,858,50,63,295,242,446,320,578,840,700,665,377,833,354,587,787,331,162,962,145,339,315,636,139,128,779,587,26,48,945,618,179,392,191,848,218,766,851,635,410,340,787,722,884,40,409,538,365,745,988,427,972,761,520,468,299,917,38,748,563,755,527,72,249,263,581,582,248,239,981,835,123,328,709,35,482,54,793,211,467,471,693,546,717,263,945,197,464,742,817,782,741,510,26,967,639,963,35,256,503,992,484,84,645,523,696,767,686,436,318,53,82,295,497,931,736,640,867,989,725,668,109,502,364,311,368,89,941,935,408,700,940,475,294,787,9,389,90,79,945,303,404,10,71,718,231,980,533,104,885,417,865,803,303,297,432,398,45,63,825,859,126,564,275,558,453,290,386,400,45,906,569,384,58,868,713,470,818,252,439,475,289,700,969,351,259,332,658,259,557,473,335,182,62,619,895,69,431,943,708,388,705,61,162,68,516,51,278,641,96,327,197,827,920
615,30,6,615,193,700,784,22,903,444,208,242,712,575,576,273,599,94,513,250,840,642,909,322,321,245,984,225,867,782,706,576,408,145,224,929,25,801,414,238,754,892,262,265,781,423,713,309,800,205,812,33,917,346,202,985,203,246,998,192,171,49,849,369,912,330,85,95,886,75,658,764,386,120,482,199,675,327,40,598,992,246,380,622,376,562,290,26,317,155,194,104,977,232,469,48,595,390,725,764,640,895,495,248,826,596,888,473,558,785,450,714,772,66,985,205,201,685,281,321,504,861,411,784,68,20,670,625,119,246,425,434,515,775,175,257,115,415,740,592,647,813,508,774,304,914,469,933,590,247,833,551,150,292,554,148,610,458,715,458,974,221,287,978,777,997,966,19,668,907,991,575,140,629,328,285,154,957,490,552,330,304,517,641,917,997,704,128,125,616,106,32,191,734,349,828,343,74,651,802,112,573,703,977,658,881,194,804,981,70,69,700,271,314,490,32,60,900,463,235,423,169,816,266,739,327,699,267,744,875,523,818,736,66,678,152,168,456,853,537,105,312,681,220,725,366,494,27,207,589,105,339,747,811,195,926,270,657,670,502,491,783,600,624,596,1,839,763,442,333,478,792,394,363,155,530,601,821,273,962,909,667,846,426,271,543,177,185,257,488,852,677,598,607,135,781,454,456,518,257,469,256,813,681,303,410,467,877,57,470,713,772,519,809,95,369,609,388,626,725,125,570,47,172,939,928,118,176,614,482,963,811,612,776,869,578,903,377,414,646,527,664,953,1000,6,399,894,185,132,647,641,296,738,236,851,406,419,26,185,396,128,107,63,649,111,498,442,234,80,456,771,445,248,39,714,199,85,56,408,606,880,958,615,427,468,432,97,120,923,489,628,968,389,567,252,758,926,957,32,501,152,84,833,806,520,137,129,475,178,528,533,314,673,457,227,677,378,36,576,821,52,871,78,689,649,167,567,613,887,89,979,723,604,365,483,437,730,877,132,434,889,519,191,398,25,363,818,756,878,439,699,917,341,760,435,151,901,4,15,441,839,593,368,809,405,780,53,454,702,238,188,881,102,387,0,980,655,149,606,63,224,612,993,522,32,552,636,494,103,874,781,223,53,73,649,374,944,871,616,687
719,974,222,810,762,760,732,595,373,163,996,768,157,965,807,961,632,51,237,821,342,705,596,811,60,43,891,167,618,330,121,848,279,187,950,238,709,865,137,86,313,330,766,710,606,280,122,135,187,708,776,198,78,239,685,148,337,328,766,220,707,922,515,851,276,791,833,893,194,570,5,617,959,1,208,604,477,741,161,707,483,139,856,622,488,813,912,388,582,354,261,543,296,143,718,592,567,924,35,279,407,294,480,270,776,69,791,307,748,670,656,876,212,66,163,826,259,98,789,977,302,519,75,640,512,995,96,47,304,98,766,141,9,983,249,624,631,990,159,587,62,651,400,272,414,870,732,696,964,235,166,700,600,419,359,81,713,479,399,187,298,172,777,268,50,324,369,131,883,662,944,965,703,176,665,871,654,221,930,520,551,249,403,462,455,770,491,429,985,79,15,861,626,854,71,507,822,759,40,842,132,577,679,382,979,423,64,197,964,501,992,697,395,16,553,386,369,875,550,992,502,87,374,247,426,985,52,404,552,883,616,238,401,25,282,474,867,11,93,201,128,740,497,700,8,165,372,853,466,398,102,367,960,197,58,498,373,34,880,388,438,762,3,908,59,9,817,850,841,155,920,672,818,531,846,470,766,362,943,565,261,512,399,539,367,582,897,712,586,453,101,719,799,860,738,703,725,334,341,247,632,746,480,934,600,268,373,807,269,393,423,651,413,102,615,592,474,364,180,86,68,504,955,305,832,255,681,739,856,537,841,233,899,581,577,879,478,866,539,607,905,305,994,750,777,263,51,133,870,465,647,935,544,688,336,734,476,308,133,328,88,469,89,861,858,585,766,285,824,902,115,805,547,588,12,391,801,500,817,588,840,510,588,959,981,780,53,919,943,45,569,576,697,422,850,974,710,904,886,773,996,496,5,604,203,308,275,739,353,407,148,421,542,271,961,871,278,447,652,501,657,957,299,172,834,358,473,420,587,3,275,662,67,477,819,947,842,911,330,739,291,204,378,722,870,763,80,454,812,123,323,283,784,146,5,659,870,414,301,940,908,173,873,392,348,575,49,756,334,946,229,457,260,213,903,304,854,388,440,258,467,25,96,20,817,658,581,445,292,496,123,666,187,675,329,541,532,482,671,695
658,210,21,911,199,79,607,471,209,263,862,533,585,287,152,354,524,644,39,204,850,686,698,924,517,679,607,860,536,846,779,694,163,251,678,693,25,253,199,19,883,991,999,18,176,893,621,881,646,928,390,140,661,146,200,940,833,113,576,255,359,497,843,855,727,324,987,828,531,335,714,823,635,925,952,912,484,102,905,554,986,506,409,408,257,524,199,326,734,527,200,744,731,642,83,763,267,490,764,113,411,535,895,1000,721,774,276,913,627,223,468,973,523,455,94,690,340,62,41,683,145,549,631,649,340,771,270,771,618,423,279,369,23,248,885,577,862,213,44,755,926,477,292,941,562,301,915,305,900,0,260,660,757,928,336,981,419,161,922,242,46,527,33,736,359,918,311,598,677,889,687,930,741,974,966,55,988,173,894,512,522,210,336,491,274,449,932,64,458,17,792,541,623,250,406,305,391,70,886,695,879,618,693,355,677,667,16,169,92,684,66,999,293,160,639,273,317,779,969,820,187,94,67,85,823,479,920,983,786,172,588,38,437,269,636,337,938,98,644,88,837,447,301,519,131,108,437,956,454,249,114,570,527,869,432,733,972,583,204,568,717,198,493,219,691,956,540,894,429,258,72,847,649,175,417,403,768,558,377,49,691,961,907,392,391,796,589,161,474,791,511,576,176,329,713,12,114,709,645,446,913,844,530,308,406,179,428,371,744,745,671,661,905,778,710,695,477,397,638,23,119,103,113,193,342,571,64,173,643,419,160,494,970,80,938,744,469,1,569,350,303,55,91,242,608,879,126,246,739,681,493,280,229,838,208,854,752,626,980,760,934,211,781,175,155,515,164,449,872,945,775,114,275,389,173,82,612,836,14,159,827,17,223,605,518,272,678,449,773,580,898,40,763,349,489,974,752,952,270,903,845,667,947,676,982,649,836,299,719,604,930,826,34,502,715,192,948,255,176,796,395,967,128,697,771,807,600,698,616,853,29,804,871,684,130,75,959,737,80,466,823,843,68,758,401,792,738,683,79,449,146,386,279,245,800,369,629,416,70,486,111,504,268,700,742,145,820,539,519,134,335,698,41,402,59,629,434,632,646,863,667,161,716,917,349,378,391,759,144,377,302,970,825,729,949,873,832,995,881,458
52,463,339,946,838,819,530,585,689,866,616,39,487,253,33,295,940,184,67,10,323,511,896,616,13,558,232,624,222,567,663,335,745,204,892,472,580,816,217,777,797,135,901,442,910,402,905,710,762,529,982,718,578,765,816,466,872,372,811,868,27,351,215,104,663,391,232,143,999,310,924,381,845,387,764,996,349,490,799,21,843,93,580,312,29,461,153,348,481,745,918,313,421,391,746,949,777,901,894,572,142,503,383,479,820,364,965,84,997,206,153,592,306,787,157,589,568,411,842,970,434,561,309,748,663,822,972,90,499,982,103,987,812,921,252,709,700,816,548,363,235,979,786,576,785,605,510,144,859,544,766,772,132,772,427,734,443,682,670,570,91,211,892,137,339,103,411,59,180,750,913,593,731,692,326,298,482,902,44,22,478,163,154,18,404,42,450,603,862,702,420,394,550,941,924,853,46,92,372,160,665,228,612,926,357,208,223,691,237,393,476,332,482,904,757,578,679,825,216,764,402,551,10,17,828,178,805,615,175,300,665,126,634,587,256,437,831,235,592,660,9,174,897,746,521,625,145,553,96,649,362,15,432,425,531,106,297,363,514,9,238,243,754,61,704,998,429,995,96,160,630,807,537,94,351,284,516,528,429,154,340,833,59,10,238,705,846,787,96,172,619,971,926,139,793,734,422,742,514,933,997,77,718,190,190,553,18,621,70,175,108,320,829,103,417,524,515,604,5,960,97,399,540,571,687,997,431,190,376,614,948,417,438,505,482,565,236,456,477,197,666,934,880,265,646,827,10,213,91,14,690,870,810,453,199,212,19,270,271,434,154,423,579,780,686,426,988,645,447,23,162,129,253,176,606,878,83,234,497,979,457,604,357,362,758,800,15,966,206,160,720,102,438,343,167,934,492,210,568,955,159,95,627,960,194,803,718,83,595,945,416,896,561,348,419,35,67,414,731,55,403,446,612,679,762,342,166,871,871,780,170,660,666,820,831,976,324,414,68,624,812,53,864,274,595,795,781,201,452,46,466,534,678,409,541,129,479,453,6,612,78,458,692,605,526,437,852,723,904,535,730,125,792,922,436,60,506,234,700,733,124,373,792,490,831,743,431,577,208,457,835,509,736,668,59,867,62,498,810,856
139,990,849,95,59,846,596,653,482,216,61,925,364,309,908,777,185,781,272,599,295,789,969,42,611,897,605,565,13,904,55,91,999,635,54,380,191,947,244,686,779,149,598,833,252,7,437,362,618,622,274,189,472,478,992,226,639,772,645,448,429,244,176,287,401,909,582,960,629,551,957,701,309,101,566,701,835,878,564,309,268,781,432,462,708,308,908,548,667,953,763,237,118,63,222,792,681,146,500,996,805,647,854,291,888,216,996,759,612,164,97,322,340,198,396,818,429,560,875,449,826,539,288,634,594,554,382,375,68,588,905,773,745,993,666,947,861,358,967,138,421,908,707,539,848,560,369,598,373,61,832,805,65,27,592,886,326,81,185,758,204,204,751,66,83,668,647,21,524,161,497,146,834,35,867,759,418,922,229,992,839,822,268,426,793,970,872,192,476,607,77,999,597,656,584,559,377,181,955,971,131,170,97,947,22,339,486,48,958,885,803,229,375,780,776,822,526,455,367,593,390,86,159,998,880,547,127,661,945,929,914,566,885,901,579,610,854,53,784,504,558,147,73,790,289,700,4,152,287,945,937,675,174,732,41,34,999,798,788,486,406,529,617,719,934,811,84,757,993,109,697,77,940,615,373,192,148,145,597,496,973,470,161,149,76,455,667,513,230,316,737,846,336,555,518,160,920,995,836,895,805,33,917,907,287,281,799,573,673,70,817,125,431,489,576,479,857,53,475,34,442,533,549,272,805,563,287,456,515,891,475,532,351,579,811,993,682,409,126,608,505,141,520,77,512,872,14,473,568,784,966,599,851,340,242,584,910,352,551,286,163,717,761,240,767,329,916,751,402,302,363,929,611,590,111,339,251,938,650,288,309,881,736,939,458,357,608,568,816,895,197,727,423,819,94,351,479,317,237,9,808,808,8,195,750,444,173,38,335,293,532,26,236,200,900,684,248,224,753,202,199,921,461,481,163,541,248,554,240,108,427,904,584,525,822,764,346,947,232,254,395,224,157,154,219,447,381,563,212,858,185,85,161,183,986,403,382,820,97,936,421,645,584,240,279,483,607,224,715,577,411,923,885,514,263,667,953,660,340,653,762,425,107,152,265,185,289,79,6,422,884,290,360,440,353,726,152,272,207,185
763,378,868,160,303,173,833,680,105,831,715,53,264,256,65,393,973,450,502,141,45,109,22,19,942,625,299,325,437,176,420,563,467,323,733,561,343,618,845,312,901,952,266,150,454,798,223,358,391,99,213,184,877,884,541,64,892,288,352,872,753,421,120,124,209,342,230,851,800,211,897,923,427,581,562,928,753,692,464,162,774,861,97,151,641,850,222,522,655,618,320,20,859,230,572,76,433,715,590,578,394,650,625,907,405,187,779,278,948,213,310,233,207,438,744,711,404,637,110,305,501,32,457,467,419,765,448,898,274,99,499,766,569,143,698,128,412,598,389,317,939,822,436,474,644,306,595,400,415,746,79,575,409,659,490,518,894,889,889,630,894,144,317,622,96,577,692,172,613,695,604,423,281,427,345,570,381,61,885,519,803,893,124,102,920,429,829,463,99,994,669,901,414,670,187,719,882,345,411,325,212,54,662,189,358,399,426,771,116,950,74,3,899,918,171,15,402,940,427,876,75,462,747,54,936,950,270,348,15,85,161,810,175,562,717,793,274,332,529,408,397,723,798,241,961,759,842,956,976,685,72,209,871,504,175,704,385,250,161,85,505,451,129,721,138,309,838,461,194,835,37,879,2,208,162,340,258,884,377,1,983,816,225,241,636,853,375,779,470,856,192,777,799,365,370,123,313,658,805,440,435,376,970,13,299,620,622,283,818,440,849,120,382,699,8,156,203,66,600,918,238,922,235,509,12,231,459,824,334,924,118,195,439,1000,501,84,379,67,634,548,373,544,637,421,319,219,523,642,488,86,990,52,618,524,165,146,400,780,466,448,716,72,575,93,127,779,767,432,466,315,550,597,319,780,908,98,271,642,411,690,17,24,873,231,642,59,810,492,943,756,305,93,199,861,732,863,936,401,611,373,648,360,181,587,93,298,325,960,322,73,836,882,604,468,283,167,516,704,158,42,971,120,399,915,280,16,775,523,607,871,804,416,831,33,83,310,850,470,748,798,909,620,873,141,423,232,449,146,150,123,409,223,875,252,136,312,658,667,35,176,581,883,893,673,835,350,315,919,691,413,694,781,139,715,324,177,337,421,653,276,527,108,284,237,950,827,621,289,6,120,473,519,367,649,397,538,110,630,175,876
6,683,560,258,18,247,208,68,159,637,911,998,474,210,28,850,322,461,440,323,630,741,90,671,576,718,835,727,133,648,838,780,397,533,340,704,415,151,404,6,269,650,852,44,910,377,19,918,338,746,102,27,655,79,372,935,643,652,639,986,482,666,225,526,181,711,239,725,375,684,514,626,882,343,624,97,405,916,603,53,654,566,714,787,923,935,799,212,563,122,190,728,272,452,894,166,463,175,219,740,259,384,79,195,524,246,426,141,225,293,959,461,264,895,749,623,995,909,812,69,380,705,341,970,112,134,848,605,777,873,303,969,507,689,56,130,491,293,692,760,794,64,598,784,658,844,215,987,96,531,7,697,792,876,545,501,6,453,914,443,715,244,452,961,62,323,308,339,472,414,374,280,333,335,465,819,2,157,601,699,586,72,513,620,828,677,90,522,314,502,86,242,157,443,627,656,328,184,357,390,988,444,303,688,625,818,50,775,233,640,259,973,775,95,316,393,854,588,980,893,579,568,415,289,332,347,127,321,700,246,422,626,360,43,801,651,237,843,762,214,384,424,564,228,349,57,391,149,276,347,952,73,332,155,361,269,962,498,643,679,700,889,403,186,644,827,168,358,879,865,693,552,287,45,880,442,509,703,262,144,638,634,142,775,758,842,968,154,882,729,882,766,928,384,907,443,425,629,335,313,869,349,11,341,357,136,178,238,304,313,304,701,710,761,212,542,335,791,189,36,666,602,32,199,604,78,900,783,465,152,931,212,589,190,308,287,826,350,429,173,59,435,225,829,14,504,840,553,501,264,263,625,25,992,174,334,69,63,789,47,495,927,606,668,609,985,89,429,763,395,973,607,363,641,213,321,565,949,474,191,908,624,219,199,769,545,868,311,108,814,573,400,346,223,321,737,388,190,22,30,248,350,447,563,50,949,874,885,62,97,591,174,317,62,68,496,832,157,406,132,48,520,600,141,154,792,641,743,458,551,78,413,914,720,322,124,443,819,492,375,325,4,893,765,235,905,539,839,281,998,519,195,97,908,293,328,340,415,395,340,266,27,170,277,186,201,920,620,698,956,590,683,212,235,58,155,814,862,763,976,433,882,775,694,498,510,72,557,630,103,87,338,122,523,98,673,464,956,614,929
888,957,879,676,786,25,699,858,249,201,501,293,109,577,311,827,556,871,412,256,926,539,264,86,527,906,710,489,344,576,160,867,917,396,569,787,354,305,663,375,523,970,136,852,710,55,745,0,173,12,909,617,287,725,438,754,263,948,940,15,705,891,871,251,627,513,400,562,330,816,858,520,889,814,565,122,850,758,987,743,273,647,577,840,131,565,189,37,976,467,862,478,904,187,288,309,555,681,349,104,578,170,391,33,469,652,95,248,217,686,346,553,522,318,798,49,417,816,916,325,427,573,557,456,440,33,307,589,37,588,566,862,380,134,287,928,237,570,556,350,227,583,31,962,987,160,330,167,165,497,709,552,493,125,851,711,911,759,727,526,711,419,727,174,539,732,699,378,406,422,282,346,887,586,38,449,733,666,299,984,787,288,804,893,833,382,809,715,447,297,403,692,304,876,91,403,378,548,362,596,166,709,238,631,248,44,477,347,506,630,236,83,831,617,475,132,368,22,950,96,280,403,910,928,386,732,106,653,381,48,825,29,959,214,9,90,230,690,875,975,439,745,148,922,644,470,990,800,608,18,493,59,745,408,514,366,822,755,523,868,605,720,881,342,86,223,361,446,262,726,291,118,579,639,260,869,277,428,126,886,856,216,769,275,786,533,62,644,626,359,830,18,931,419,542,259,262,37,21,749,98,264,924,746,147,766,607,995,253,95,57,688,544,777,419,48,10,957,556,195,859,534,2,823,217,472,416,439,480,592,607,881,922,601,265,646,902,592,211,845,429,134,50,153,97,484,70,414,73,946,728,886,231,943,996,55,366,268,230,615,653,205,561,10,329,297,139,395,307,76,181,91,415,678,702,491,866,549,895,418,900,737,974,271,643,610,713,247,861,511,175,148,902,48,921,820,947,670,695,892,225,847,726,867,278,414,214,446,836,866,14,101,310,513,742,497,155,879,150,86,896,646,131,287,756,862,967,456,317,612,577,644,845,363,627,846,164,304,139,894,458,76,388,466,776,315,65,664,480,346,439,320,42,517,781,576,269,950,344,337,285,303,13,761,240,263,379,687,469,47,473,944,788,945,697,25,541,148,686,392,730,678,261,323,404,92,78,532,169,940,11,543,580,846,265,578,729,145,122,834
422,633,795,29,785,259,587,786,208,424,17,688,902,186,527,727,305,94,589,933,163,366,42,780,10,117,109,500,911,937,486,299,411,763,344,41,830,860,66,203,401,688,482,303,741,689,782,244,76,574,709,350,65,184,327,421,994,638,260,329,551,649,27,496,444,972,179,185,166,598,835,217,658,428,172,707,242,625,56,621,125,990,994,792,154,225,830,321,778,689,46,685,872,268,754,753,217,848,124,274,37,360,851,948,149,400,618,972,726,487,65,750,619,899,822,783,303,426,564,798,24,797,814,94,528,13,955,80,615,297,833,251,274,481,219,178,358,812,423,56,183,779,752,889,70,898,555,105,988,426,699,458,524,691,607,809,400,131,419,563,229,242,279,717,518,329,781,895,327,530,677,169,294,220,48,331,568,196,713,467,378,44,986,510,224,381,733,673,643,513,622,755,356,740,838,311,687,487,821,64,909,640,411,344,422,138,327,677,187,527,534,238,547,393,241,313,48,659,79,656,246,206,663,879,715,756,878,343,707,964,452,479,837,923,62,410,368,852,916,13,402,372,822,504,717,288,920,276,233,840,518,585,328,121,324,706,72,585,545,754,139,352,203,847,331,205,375,489,328,651,410,148,446,777,109,381,664,481,872,589,27,665,732,416,270,270,282,832,125,851,299,231,593,369,254,593,938,991,893,780,664,655,773,976,889,171,234,832,664,66,37,876,689,70,988,470,779,390,577,940,327,564,709,143,795,175,562,332,511,997,811,65,530,870,355,619,521,570,861,268,596,182,816,939,513,353,833,309,498,858,750,644,348,320,324,319,641,703,993,459,83,600,171,501,559,636,222,13,409,840,848,436,309,265,629,840,482,456,811,788,752,479,286,210,242,463,168,845,890,396,775,119,921,219,354,115,911,275,169,549,697,376,334,168,200,917,839,10,560,140,498,369,470,552,737,524,752,191,927,774,712,800,385,186,437,580,858,108,884,664,422,170,607,224,956,176,239,832,656,417,766,61,290,970,939,831,724,336,973,262,195,993,300,436,290,935,459,546,450,44,588,682,129,229,528,937,340,798,199,716,740,557,906,431,349,909,488,332,87,140,375,732,638,558,409,730,47,597,542,756,68,803,63,456,714,435,854,826,162,906
449,519,819,172,158,257,794,108,816,115,348,88,278,746,907,390,532,140,858,865,636,653,966,497,966,701,427,488,136,640,88,569,578,350,123,803,530,251,262,451,668,134,279,470,838,683,936,629,256,853,503,890,323,868,612,406,545,798,464,805,339,823,18,503,947,484,168,927,726,233,638,325,592,104,427,549,108,784,291,494,436,220,212,223,263,365,758,652,234,545,662,408,361,669,336,493,370,274,773,81,453,304,908,551,50,301,748,808,642,491,333,462,494,703,401,0,661,185,797,398,116,506,354,583,863,198,34,718,256,907,584,294,448,193,275,335,120,587,70,200,564,180,88,301,540,909,89,899,681,689,413,853,484,182,150,814,358,970,768,683,720,122,887,685,880,833,137,992,189,723,83,204,577,137,198,198,719,688,160,549,78,162,115,539,809,381,863,604,340,960,80,256,588,369,979,566,268,910,650,483,858,102,371,938,993,31,667,601,477,749,567,270,56,706,620,622,338,544,468,159,121,155,319,960,739,44,131,664,721,233,430,393,867,594,545,699,427,184,602,287,499,99,189,659,294,389,543,457,974,614,398,455,817,563,641,842,71,993,675,809,350,722,424,593,53,892,747,69,994,235,665,376,50,610,665,376,358,827,783,228,847,432,354,261,902,475,195,886,868,613,600,371,748,854,776,911,350,34,417,578,576,474,91,140,770,739,583,692,956,960,131,771,941,805,244,447,607,962,249,653,120,447,707,279,924,294,735,78,949,741,348,451,782,144,562,595,932,905,908,823,126,694,773,29,12,961,960,782,2,412,46,378,973,952,94,446,885,210,104,87,422,932,915,826,712,729,183,746,542,975,785,559,492,542,832,913,115,330,197,667,687,185,219,953,185,793,164,231,66,663,655,653,612,576,154,166,743,156,480,816,225,87,572,456,722,778,231,510,142,340,760,69,739,455,600,897,191,760,642,982,829,671,250,26,303,21,778,508,933,56,455,735,599,275,55,474,271,706,133,468,654,473,17,413,842,65,584,74,559,499,451,369,71,61,295,36,754,279,294,107,660,824,784,565,638,968,746,307,162,868,925,685,664,154,464,227,483,833,159,111,880,842,763,83,982,923,762,10,984,762,280,880,86,965,792,606,763,267,277,415
961,374,993,667,971,34,687,511,423,157,826,67,486,919,387,560,310,399,52,760,256,346,148,956,288,62,679,559,706,916,363,637,278,531,67,207,42,507,44,830,142,139,45,807,344,725,432,493,864,847,383,139,572,782,76,81,886,463,217,775,34,147,841,630,450,133,943,193,611,872,902,872,322,852,620,217,463,66,507,884,387,881,847,101,941,958,358,761,193,287,585,922,449,135,721,745,376,535,556,176,293,572,896,711,674,475,80,832,111,241,653,588,133,50,496,741,460,968,517,92,268,831,547,253,288,711,805,990,474,521,971,731,869,495,376,595,520,839,656,155,173,597,188,190,680,707,570,826,327,312,510,977,394,623,591,387,794,371,213,162,364,162,11,42,201,531,186,847,162,804,513,925,759,508,32,678,935,197,352,505,179,355,691,11,75,308,602,291,589,270,925,310,569,690,927,587,806,733,442,679,985,851,969,202,809,494,342,97,687,793,170,344,500,866,772,191,806,797,417,791,729,595,116,540,793,2,324,718,759,940,243,373,427,774,815,244,866,639,677,233,586,188,810,209,684,497,720,758,961,509,327,669,346,596,910,641,432,458,532,1000,341,473,730,44,555,157,232,133,817,156,249,765,42,238,142,24,92,169,122,967,491,977,3,606,623,642,2,51,728,121,777,81,498,884,53,900,855,723,203,290,678,270,485,653,982,482,407,617,579,880,705,47,320,272,77,5,437,553,602,548,235,90,259,428,184,814,133,765,17,819,570,442,775,793,707,627,600,413,709,542,166,511,999,4,610,847,992,839,395,262,931,21,143,353,122,365,891,711,176,283,391,206,901,38,568,786,498,826,851,982,565,499,14,324,994,553,964,557,195,662,405,314,393,899,46,660,779,562,100,574,682,989,272,91,398,497,882,513,87,586,920,743,538,646,664,985,900,389,3,428,797,327,341,5,851,978,266,373,831,620,838,894,71,976,567,542,642,8,309,599,707,653,666,963,876,319,966,108,186,29,890,325,664,259,581,894,500,191,8,438,172,8,332,528,905,435,495,140,695,422,590,433,288,747,79,253,698,908,531,240,489,902,134,100,912,579,610,680,382,385,776,711,150,354,39,784,128,964,796,378,461,517,122,778,583,205,783,994,484,423
434,854,471,928,102,943,882,266,354,584,863,978,449,295,108,875,327,578,613,851,467,409,953,806,927,928,291,256,12,86,906,393,822,953,119,676,335,982,646,241,75,916,209,9,433,158,822,818,949,784,619,902,218,985,253,331,954,739,397,146,952,695,146,968,863,517,759,825,846,563,623,167,101,494,382,941,252,642,264,652,668,391,347,848,705,353,468,344,927,746,754,264,66,938,800,491,234,360,438,302,843,227,496,675,363,996,376,813,342,32,357,643,63,678,175,43,287,698,336,364,576,316,938,860,611,853,542,134,459,521,112,193,624,719,605,40,744,149,555,355,488,100,879,384,779,888,871,967,778,188,49,972,37,26,140,622,531,340,74,784,875,290,9,961,225,534,489,267,731,855,587,576,857,223,654,579,728,290,619,33,245,348,993,599,149,884,887,412,625,488,609,188,850,31,912,176,740,344,971,831,123,582,274,588,174,767,259,888,434,416,592,166,970,603,282,714,590,861,637,464,692,709,425,946,660,689,735,290,171,811,747,716,347,505,149,956,847,274,473,361,814,330,42,178,804,433,77,186,657,193,34,683,246,492,631,708,226,599,151,88,712,157,999,275,859,872,924,38,275,27,504,391,678,499,280,481,304,705,700,75,697,784,841,684,140,874,252,511,604,251,21,887,315,202,652,951,29,228,865,639,519,624,532,486,504,617,70,789,270,923,547,483,766,2,254,848,69,115,54,668,419,734,682,346,27,368,860,471,186,458,467,782,927,249,503,627,834,513,611,832,390,333,89,779,788,4,160,313,55,891,340,72,47,301,368,932,94,333,117,972,33,232,657,372,234,771,434,95,678,74,579,902,766,86,253,162,949,290,849,596,59,449,701,663,777,774,857,357,110,283,967,169,299,880,350,97,385,534,719,817,667,391,840,569,181,117,900,744,229,252,126,379,913,56,46,559,499,376,994,727,576,415,937,251,300,281,949,133,299,218,708,738,764,781,766,199,904,909,223,774,273,748,693,22,662,653,844,504,923,211,11,759,177,277,287,226,583,154,517,313,546,312,728,286,402,418,116,927,722,389,599,187,260,601,72,748,379,377,596,915,875,120,113,483,427,775,982,583,243,643,178,530,972,273,521,379,969,527,643,542
370,219,639,290,147,909,300,888,615,504,399,788,628,483,434,66,621,959,394,70,938,575,759,367,215,265,894,787,522,562,261,223,141,443,97,669,229,105,319,368,791,215,810,617,941,688,964,562,98,737,18,0,745,328,77,184,120,686,340,604,233,368,495,156,620,212,604,389,528,728,482,953,698,456,677,811,208,841,756,523,414,563,379,988,68,780,693,148,524,889,385,805,519,735,43,709,80,677,133,892,938,128,245,9,986,64,615,825,742,467,878,623,886,688,63,876,575,180,858,566,343,36,415,942,952,907,730,399,485,766,269,888,427,629,544,873,503,467,856,526,866,285,19,537,197,424,41,640,308,741,310,897,257,652,118,946,978,734,957,105,841,262,827,191,243,779,164,310,259,100,67,746,590,795,938,830,464,733,700,42,430,656,501,576,174,63,519,282,984,831,808,520,424,638,679,601,700,321,568,901,492,446,248,542,9,16,982,270,42,270,689,5,634,339,57,815,627,903,28,94,150,919,749,707,183,115,159,926,969,673,23,45,356,536,311,348,758,759,187,918,143,972,368,259,409,798,969,555,92,299,637,290,675,290,193,174,687,373,786,940,341,253,738,994,127,737,356,808,579,397,1000,369,20,657,831,654,244,525,109,647,900,119,559,964,201,154,177,274,209,35,60,845,222,247,106,856,694,30,237,621,116,501,251,856,315,136,285,819,775,681,734,973,445,378,712,220,44,943,296,280,543,138,163,193,990,362,603,406,230,314,28,66,39,509,717,23,10,576,374,384,961,815,766,551,423,634,777,55,826,834,723,618,227,232,618,84,124,62,576,647,364,55,645,876,268,148,714,124,448,374,681,119,987,629,277,782,776,435,345,53,748,78,710,804,587,326,443,894,556,257,606,855,472,689,26,205,936,756,407,821,643,628,176,360,373,49,193,256,297,470,446,793,535,174,862,18,949,918,837,552,231,777,844,58,217,192,343,133,972,513,964,494,811,634,719,534,358,500,94,509,314,707,674,620,880,210,859,477,531,592,594,331,695,57,527,383,24,922,499,704,523,254,772,346,50,962,507,182,311,343,653,898,8,742,728,88,700,843,172,588,31,897,865,672,246,929,235,520,875,825,16,970,967,910,980,197,902,758,438,945
175,900,74,797,465,817,6,965,655,747,469,395,991,492,340,382,221,808,284,696,860,922,811,856,403,252,992,231,625,880,74,565,767,59,866,287,279,679,413,841,234,848,752,240,999,989,959,651,712,364,714,87,995,489,982,749,974,869,892,412,975,847,460,185,273,896,941,810,420,2,577,511,840,476,873,401,520,143,712,366,551,295,942,557,544,63,201,732,705,259,718,10,96,964,833,578,872,522,107,759,657,121,261,662,546,344,71,964,55,313,675,215,480,334,637,930,50,560,715,752,947,15,553,101,339,192,815,441,49,212,27,129,137,564,645,284,439,54,707,287,823,858,599,541,85,183,52,945,54,911,887,198,616,292,40,929,587,926,339,8,87,311,994,370,359,162,682,58,0,8,811,460,321,941,32,891,396,165,741,249,845,850,82,249,606,26,334,18,833,488,439,909,676,467,297,29,716,781,332,348,287,766,268,425,643,882,773,410,212,613,603,589,210,818,331,189,777,368,629,47,644,662,822,477,358,956,6,876,164,869,712,739,544,146,823,125,492,591,48,398,308,684,834,992,427,668,717,501,46,830,156,744,297,368,93,332,633,937,483,747,197,903,654,157,317,9,769,552,482,376,128,768,23,708,545,632,506,565,407,829,722,876,274,498,990,115,528,449,594,122,304,74,407,780,206,90,575,172,194,494,92,322,561,527,311,66,519,991,350,725,282,845,590,546,36,692,205,415,769,380,64,317,513,872,633,249,927,979,385,15,292,401,271,416,244,365,523,269,321,235,44,35,222,376,773,537,596,422,52,724,788,117,673,146,262,230,665,73,305,586,852,182,639,180,20,771,39,41,564,846,892,36,85,707,202,19,358,766,273,695,217,224,607,747,265,616,214,184,800,446,28,612,164,260,379,123,544,822,1,257,989,142,860,37,762,206,257,432,843,646,488,387,357,855,136,543,884,529,363,179,317,505,939,357,633,668,371,335,439,740,969,368,978,926,343,317,954,835,21,245,409,939,763,569,460,267,760,46,105,241,55,7,680,532,902,617,808,709,905,530,39,16,477,335,594,380,420,687,463,33,769,990,777,636,255,501,987,532,347,17,644,527,744,5,33,51,826,424,861,38,146,689,62,457,374,948,224,378,614,668
755,312,648,367,422,351,203,473,468,119,795,744,398,126,899,905,238,271,323,964,517,139,110,820,810,883,239,703,837,926,716,654,952,734,918,152,118,777,412,520,144,933,664,979,205,519,67,651,455,280,802,994,736,521,704,965,332,839,962,908,625,750,254,399,356,479,626,807,261,951,285,986,139,908,632,300,481,714,610,10,451,586,336,514,248,989,862,496,377,661,415,104,511,743,19,390,481,368,416,167,156,636,108,679,916,669,988,591,134,818,868,462,831,681,546,864,699,930,376,739,342,740,394,938,318,562,645,449,858,386,291,714,264,873,155,785,854,570,830,30,870,804,607,292,893,606,51,532,583,744,919,555,671,822,839,133,498,147,740,405,980,923,596,780,363,742,411,670,830,563,216,189,882,887,24,19,971,978,528,866,599,610,444,463,93,794,649,685,431,587,804,238,725,973,174,916,401,285,256,923,393,560,600,325,869,440,258,93,141,751,944,494,775,172,44,672,680,731,202,42,725,79,650,244,195,690,898,394,27,958,951,301,468,574,169,997,255,837,160,182,863,723,984,535,216,990,150,835,499,309,428,17,926,948,227,788,910,911,314,752,438,336,834,723,993,90,150,378,844,130,507,203,702,666,228,270,269,963,398,237,17,966,971,466,506,991,946,713,967,322,623,659,303,980,774,915,905,30,719,620,988,831,840,14,219,29,805,325,128,665,119,266,646,719,101,675,712,67,204,779,111,329,312,533,980,149,260,124,36,163,619,554,473,715,861,222,481,520,863,970,688,42,958,897,549,705,289,754,418,774,616,273,874,10,508,547,551,462,710,859,751,536,684,203,976,602,683,698,577,936,706,947,85,445,167,277,306,210,281,328,75,457,411,884,630,468,951,970,970,703,986,477,998,953,591,516,851,344,231,46,141,644,496,807,963,864,878,423,996,765,602,841,893,997,519,181,864,391,334,547,116,137,367,978,994,265,643,404,88,91,978,406,39,532,514,684,318,286,783,3,215,874,634,4,884,831,808,807,299,417,64,756,357,716,858,729,892,158,673,428,150,938,595,488,285,141,780,883,439,949,344,178,401,398,71,929,761,634,319,860,75,109,576,116,697,436,427,184,290,536,530,472,856,620,734,593,809,637,491,174
619,62,579,784,325,533,670,222,6,878,757,54,300,493,298,36,466,743,21,639,460,453,540,969,483,123,662,355,485,890,890,982,0,489,7,370,955,59,487,819,343,282,43,885,401,574,125,885,625,721,206,581,257,140,194,110,157,261,41,717,179,252,763,887,697,182,631,138,615,147,86,649,936,320,95,202,463,133,518,12,414,939,507,97,255,580,507,341,324,913,523,97,975,738,117,949,629,972,346,584,751,649,527,909,816,583,93,892,725,542,611,624,218,947,147,597,579,130,271,827,517,578,333,56,39,599,192,968,348,68,63,882,597,574,812,67,767,172,287,811,235,533,817,173,979,535,937,754,738,969,393,143,689,371,702,333,98,521,644,188,168,616,36,472,631,489,323,210,493,115,777,590,629,213,581,128,806,288,385,243,785,582,384,882,416,931,903,827,629,969,73,999,221,110,196,341,69,218,809,697,158,522,249,975,354,34,975,304,248,0,367,105,922,433,369,60,727,516,445,503,280,212,33,6,878,302,320,0,968,206,733,605,525,132,544,546,126,480,79,881,705,8,228,874,960,494,793,334,45,299,330,342,312,455,545,984,711,32,852,759,969,702,245,33,25,437,837,59,705,183,45,807,217,121,442,622,756,499,573,564,908,988,721,765,284,192,25,649,946,45,655,238,535,945,996,561,70,728,361,496,509,455,527,948,349,47,445,17,680,396,618,31,512,830,40,988,276,179,661,816,279,865,408,86,673,482,784,342,818,772,44,412,765,716,216,450,443,749,965,144,0,181,919,148,59,293,503,263,567,94,652,534,496,365,244,76,749,680,658,726,403,431,68,946,997,631,117,494,849,681,918,603,960,460,883,592,873,530,923,327,976,770,231,458,535,252,504,980,947,593,86,971,692,181,416,611,969,284,40,727,840,829,145,232,887,594,766,411,469,803,615,895,352,385,67,72,136,491,380,716,607,450,915,348,985,537,226,971,800,696,614,906,381,901,582,453,719,679,893,912,490,813,202,867,45,310,581,484,655,569,221,673,733,919,555,345,785,216,578,225,976,222,720,680,64,499,92,800,52,434,747,280,469,672,298,114,832,808,120,308,719,984,122,243,19,807,43,595,139,263,79,712,360,867,200,114,829,917,561,416
301,680,510,704,656,940,414,860,431,864,725,487,895,368,953,538,261,355,920,180,711,49,188,811,670,541,289,408,349,431,529,397,500,502,883,638,642,319,477,424,792,78,831,941,77,435,756,198,505,795,109,464,747,847,345,583,744,805,688,133,183,517,667,346,703,591,757,961,189,990,794,226,321,840,295,561,67,79,115,455,513,887,334,926,110,448,948,382,448,564,842,165,55,712,610,175,308,544,795,251,108,377,646,397,901,470,364,541,582,998,100,718,329,617,479,429,318,107,262,887,464,749,171,246,292,868,632,709,717,104,454,331,445,965,236,626,726,463,591,948,420,56,107,54,800,27,723,231,438,604,465,593,334,854,168,217,194,500,395,669,968,804,875,91,545,619,191,422,934,617,636,555,754,469,752,259,412,844,982,181,573,447,500,978,905,231,828,598,997,557,73,996,188,874,550,462,855,173,777,541,785,831,677,904,973,8,984,28,991,180,434,749,770,108,842,160,56,332,634,793,485,977,644,871,896,201,84,576,272,455,638,524,904,408,117,850,603,696,824,321,876,701,629,796,636,484,190,736,707,775,493,377,478,366,326,368,84,378,158,374,45,27,506,598,665,950,974,863,777,644,394,27,78,43,194,445,894,124,889,346,314,876,294,517,751,439,319,778,853,619,506,154,726,159,960,531,779,622,723,885,820,251,745,233,626,422,60,874,538,267,566,163,869,589,429,61,753,979,591,981,703,890,204,786,976,391,573,77,545,861,793,816,19,871,720,922,341,968,127,603,376,153,430,494,473,273,925,135,324,524,793,803,941,236,152,297,319,695,659,525,642,301,625,878,400,879,345,545,48,586,493,203,180,965,949,626,28,872,48,141,673,91,307,739,281,823,14,415,95,312,364,23,108,417,759,82,781,795,463,589,826,129,348,338,932,465,451,319,98,368,900,329,495,683,669,732,145,348,679,770,485,993,804,135,981,693,252,975,881,477,147,491,714,850,244,20,529,890,664,699,765,299,92,225,101,702,888,34,475,642,508,87,530,959,633,491,994,812,760,694,84,199,388,990,503,766,362,11,152,525,715,115,767,586,381,744,745,701,615,365,614,566,106,587,717,855,588,274,386,343,962,522,262,741,629,538,104,666,266,175
240,188,788,665,741,944,169,672,527,275,922,595,459,381,309,636,938,679,432,128,998,459,29,786,86,891,196,209,185,702,962,797,481,312,968,67,126,434,336,920,225,369,57,218,97,363,517,732,820,72,976,107,660,436,963,337,926,796,671,677,451,556,837,586,667,975,743,875,825,752,303,666,874,76,539,550,888,104,155,414,936,948,757,552,388,256,653,996,219,68,857,952,606,312,187,635,638,189,781,747,852,461,760,364,632,660,105,822,382,467,246,433,364,636,354,841,127,987,869,374,206,104,216,58,923,625,308,108,440,336,755,992,835,273,385,687,657,977,880,896,315,409,76,23,682,611,92,866,717,527,683,880,767,126,820,990,65,724,618,177,943,987,156,811,716,589,976,482,428,415,935,346,264,282,512,553,267,174,859,606,484,160,241,151,950,34,505,461,19,921,449,557,932,244,358,510,456,91,989,160,620,784,262,748,996,914,877,544,268,957,323,76,660,489,267,154,635,965,848,908,859,765,188,785,563,113,366,571,354,932,701,334,619,688,144,439,640,438,751,255,138,397,231,256,685,242,31,907,461,113,568,885,488,769,701,413,337,512,685,689,86,211,198,512,760,376,851,756,195,485,487,467,428,336,957,373,558,809,328,637,2,121,263,381,820,817,237,704,584,171,136,575,571,658,204,707,653,717,910,267,926,112,550,262,749,208,120,741,866,844,403,193,265,770,407,611,567,636,427,406,956,382,387,43,542,248,50,971,870,840,860,599,617,15,690,869,644,306,865,908,397,855,812,245,154,902,750,55,329,0,656,655,585,479,212,112,844,455,800,723,150,537,796,840,981,677,849,3,430,366,651,835,207,693,875,18,996,794,596,950,295,718,313,141,846,701,276,698,24,792,76,973,166,789,299,606,988,355,973,763,47,557,55,341,740,244,79,38,59,463,766,858,785,680,667,312,14,707,53,831,609,950,616,751,168,766,298,265,975,933,962,193,504,884,850,984,996,202,308,769,167,367,649,747,436,46,330,495,883,984,783,868,815,521,100,550,884,407,596,366,573,603,761,218,806,116,446,643,292,868,851,686,227,739,99,478,211,501,990,756,39,106,871,403,199,225,911,629,660,584,666,707,170,748,569,72,288,200,488,65
146,999,353,370,458,375,48,599,89,363,88,309,390,152,350,518,760,839,943,574,399,275,223,193,248,451,688,70,476,464,735,265,176,32,804,225,307,906,829,60,97,699,753,161,274,43,380,451,650,593,997,713,269,275,282,79,364,278,11,212,100,879,931,643,547,746,411,924,433,809,863,550,412,728,455,721,489,964,270,792,836,483,792,273,679,109,344,388,857,825,360,641,257,527,743,372,193,819,449,564,784,446,489,798,152,413,639,214,178,467,311,139,657,464,771,194,271,917,890,715,677,461,70,634,503,227,553,531,431,378,39,771,18,439,408,838,335,822,952,919,395,108,752,630,301,146,545,951,424,380,486,417,282,266,928,494,220,542,722,249,476,514,240,819,989,797,930,176,179,993,884,917,637,483,64,645,95,816,743,514,354,199,139,579,534,947,946,229,205,754,94,437,797,417,179,680,592,358,392,415,825,142,961,609,955,450,429,400,374,677,107,700,807,256,192,263,772,388,359,219,65,436,408,873,687,565,181,240,60,76,786,962,201,319,10,830,112,439,944,36,406,826,221,882,910,332,559,783,643,610,406,403,219,639,209,168,939,835,15,342,620,475,118,833,10,445,814,817,238,187,706,435,209,375,736,224,457,491,277,763,672,999,443,798,246,272,301,508,901,116,587,280,982,289,643,597,116,538,103,195,505,612,48,919,183,407,620,885,704,818,318,643,557,894,511,626,444,346,466,844,997,81,81,764,47,560,422,255,715,65,373,573,342,851,635,978,817,652,435,209,519,911,586,743,344,237,63,403,21,473,151,329,894,887,456,697,364,599,785,765,824,556,253,776,976,410,743,257,345,39,331,993,961,274,286,477,322,679,689,541,379,421,84,656,620,462,552,250,532,171,607,754,950,324,240,967,601,848,444,887,950,16,160,564,387,719,263,718,280,509,104,559,463,476,38,436,288,528,546,524,955,939,215,393,886,53,983,736,29,525,454,419,500,453,379,246,872,639,824,456,369,737,937,993,521,934,628,788,337,923,233,825,251,662,419,18,859,455,940,236,195,70,396,558,374,295,242,675,549,83,338,215,609,451,159,553,349,338,940,429,840,527,41,210,384,873,907,54,605,831,636,113,488,630,619,896,565,417,151,854
703,790,605,921,334,590,705,351,406,859,857,145,239,133,26,843,761,858,69,101,541,890,145,499,724,219,976,298,400,210,880,74,841,307,128,431,634,176,609,941,86,540,673,763,281,868,428,190,310,388,289,978,632,494,851,527,521,812,720,63,747,604,607,66,413,715,47,438,110,371,557,369,335,910,341,504,374,471,973,263,65,334,143,507,528,803,45,46,790,280,38,367,602,703,45,761,849,521,583,933,877,373,174,22,116,663,266,669,593,144,433,619,905,34,263,904,970,374,379,205,894,981,316,328,105,514,460,249,788,769,201,728,491,220,683,867,225,894,36,581,266,128,785,811,990,197,191,888,58,222,749,277,157,314,165,149,677,645,295,326,987,541,997,298,991,575,503,698,61,127,105,162,955,980,193,772,824,996,644,817,450,909,338,255,881,227,806,802,159,742,61,899,230,403,483,778,504,122,998,895,671,526,52,958,411,440,827,792,433,854,985,418,337,178,13,107,147,276,476,237,428,815,204,185,44,584,284,936,746,280,140,251,407,887,372,679,392,730,312,852,847,550,957,280,917,65,463,51,878,615,490,431,805,31,348,870,457,774,657,291,294,263,565,212,796,978,987,120,853,993,59,522,204,562,164,25,187,561,278,775,703,981,122,576,89,73,656,77,746,895,259,15,112,173,698,146,656,628,886,216,443,853,622,218,647,603,247,901,341,441,227,586,79,412,30,174,638,182,597,824,924,565,845,72,385,140,621,809,199,21,235,647,241,13,469,798,20,652,590,526,323,478,552,315,953,844,928,631,925,150,526,399,621,617,159,664,382,384,367,902,157,783,744,3,985,799,417,848,751,256,873,682,586,773,785,900,848,46,849,731,935,687,210,576,437,599,179,122,411,534,430,746,459,593,290,231,902,917,760,906,584,326,915,1000,795,321,39,524,644,448,678,456,466,586,342,260,808,385,1,389,124,96,872,709,343,648,603,319,311,851,671,814,464,679,115,992,705,148,924,539,783,778,107,185,822,842,372,793,660,749,756,194,189,684,952,224,287,5,384,729,498,204,82,370,182,715,724,557,429,325,877,407,666,779,774,834,162,394,45,267,724,445,70,255,886,58,849,131,370,694,668,42,360,140,410,494,900,884,230,715
852,410,448,91,262,284,812,519,855,922,3,795,546,380,640,464,745,149,271,146,29,855,562,542,182,449,521,918,253,634,889,575,782,857,662,340,466,34,103,328,414,235,75,378,664,521,299,393,951,900,167,227,319,938,373,300,348,668,184,567,10,785,349,529,762,51,777,111,913,635,457,119,434,468,14,288,788,253,847,522,468,566,415,634,547,414,430,937,566,671,307,434,418,22,427,118,504,141,525,174,22,45,955,33,634,959,555,6,891,427,697,184,874,139,107,498,624,215,413,466,507,141,684,59,500,965,948,558,762,575,648,429,510,939,490,740,57,663,62,463,551,780,672,794,922,260,912,909,553,734,756,911,213,421,470,654,207,99,139,31,400,323,942,481,441,606,777,316,839,526,504,525,783,454,994,238,48,468,238,792,445,175,836,280,698,579,194,68,314,691,703,694,495,563,316,596,802,51,988,256,32,462,247,55,421,263,585,376,748,7,266,711,706,849,547,193,640,654,34,562,498,74,725,525,698,139,445,586,560,383,812,367,337,822,423,231,347,54,539,708,22,64,774,266,587,2,772,750,781,898,597,727,97,744,822,437,775,857,844,764,739,765,349,623,370,622,729,972,654,404,874,61,595,883,994,349,613,808,250,250,269,834,558,540,700,877,327,830,176,770,550,353,474,725,961,220,137,804,696,649,179,978,210,503,478,781,837,395,985,221,155,518,292,643,512,985,343,981,153,752,506,139,925,470,903,484,261,961,81,939,140,487,88,722,467,709,398,781,234,182,341,785,852,736,952,19,490,198,411,558,591,738,788,215,283,321,947,258,490,340,870,233,353,488,455,623,142,959,536,260,517,189,92,881,885,179,400,157,782,51,307,588,841,80,403,785,397,845,714,156,8,871,314,839,228,792,164,29,394,400,162,811,351,247,670,575,775,396,472,636,204,220,839,933,771,873,551,202,793,112,800,343,22,651,676,128,625,582,131,653,516,386,55,253,618,436,323,963,708,86,608,106,819,595,548,115,640,823,830,294,278,908,324,637,82,647,972,318,866,790,260,453,148,502,996,411,571,204,286,340,872,838,976,368,883,704,95,449,412,455,251,331,346,541,752,191,738,753,851,910,820,544,810,219,205,258,744,860,421,43
85,671,462,507,880,932,394,957,861,801,145,724,693,688,80,899,932,619,724,84,611,306,297,932,101,119,779,98,110,448,115,984,628,114,508,84,602,588,484,653,542,476,180,184,704,262,681,805,652,910,303,593,443,380,55,588,92,757,820,888,982,46,758,580,724,887,80,420,771,718,469,784,376,294,141,564,773,897,382,881,608,40,720,998,423,66,225,881,284,20,683,319,516,287,288,354,20,879,453,1000,115,524,660,999,165,968,728,83,672,680,507,7,532,408,582,612,417,285,76,919,344,440,370,26,705,406,134,786,133,331,106,959,3,142,972,944,361,720,262,123,666,668,927,766,221,147,151,806,363,185,346,486,394,168,23,560,416,1,624,674,527,662,600,380,98,390,450,738,560,843,559,380,1,927,56,702,415,326,261,200,883,248,686,955,608,99,21,817,37,109,367,580,773,174,230,200,184,681,279,132,835,522,514,8,454,579,436,344,716,360,218,213,530,825,829,940,206,988,282,878,370,420,432,420,554,458,811,36,334,808,782,774,842,876,384,501,454,496,419,504,57,614,228,483,997,924,959,627,431,301,608,18,79,170,580,559,553,272,820,539,47,27,287,528,509,964,65,301,677,982,527,269,950,759,524,364,523,188,105,917,307,388,615,108,871,385,773,933,969,102,849,866,481,633,677,405,987,656,293,665,997,494,474,267,728,391,107,1,100,183,625,360,701,544,123,485,820,291,731,63,295,947,291,11,469,244,847,806,482,660,323,400,855,283,918,352,563,476,244,772,540,457,90,560,106,55,265,777,384,723,821,572,340,803,11,429,390,373,104,699,486,751,860,360,511,624,329,386,472,370,964,26,926,299,6,220,363,32,457,715,274,182,752,854,420,650,283,340,593,802,193,2,388,121,170,472,82,822,351,984,41,617,422,566,554,818,386,151,722,317,716,698,74,845,825,940,224,656,949,172,194,918,779,673,218,674,312,278,300,426,350,15,501,620,463,451,447,189,215,553,203,416,250,547,214,265,372,644,79,636,771,686,280,795,132,64,403,98,497,296,193,12,239,738,84,961,329,656,627,951,757,855,852,996,625,770,609,613,877,238,150,126,862,529,990,35,752,897,935,809,190,77,118,298,180,894,212,621,989,550
324,122,108,230,426,721,956,418,43,163,830,557,188,682,640,688,265,826,613,761,177,341,91,166,26,370,903,819,993,256,428,479,485,224,960,891,302,860,855,148,703,359,827,408,431,476,269,191,97,765,996,747,477,241,105,445,463,620,491,557,413,804,185,613,615,593,383,109,396,322,322,716,113,491,779,94,583,827,50,706,753,102,300,227,207,90,604,476,8,448,122,114,378,33,237,446,30,102,640,499,869,615,318,957,846,30,335,968,674,812,950,70,458,606,655,442,844,943,728,977,28,117,670,607,613,496,133,733,675,547,981,495,379,405,598,420,147,477,592,263,208,416,480,403,12,816,630,873,308,151,724,383,514,457,13,736,643,741,508,465,30,67,738,682,813,790,153,525,662,471,917,380,887,131,74,521,25,218,186,590,146,179,829,767,794,36,306,938,848,547,773,604,393,189,913,884,299,141,102,21,626,873,691,776,406,592,17,853,887,870,815,946,266,636,321,709,542,181,827,992,142,898,80,759,993,107,641,887,438,848,252,851,848,123,214,976,231,816,660,596,570,638,817,949,645,447,368,205,962,711,160,936,855,909,344,45,613,226,622,715,817,117,742,816,71,397,685,399,174,753,280,715,867,732,275,102,110,848,308,779,370,923,451,801,274,684,897,221,545,603,964,12,617,299,833,918,187,297,460,772,546,274,902,241,672,86,286,338,451,999,903,144,933,961,649,315,865,179,118,431,134,663,439,792,828,762,422,872,653,302,613,9,175,471,371,918,195,282,828,462,829,873,169,112,890,482,761,653,589,35,9,714,694,848,348,571,569,155,603,511,638,608,106,70,190,27,152,556,121,71,261,357,28,606,32,966,367,717,258,910,359,505,871,649,343,414,807,527,385,411,859,811,114,339,931,108,866,593,218,960,893,62,360,86,526,448,195,834,86,987,965,246,420,320,319,629,938,767,638,822,522,331,18,87,230,603,525,835,171,406,202,646,787,150,814,483,873,244,187,246,144,856,15,691,234,987,407,70,518,795,784,538,438,593,453,158,467,169,646,760,353,87,963,974,531,649,338,687,811,393,802,789,462,635,203,714,491,860,727,223,935,498,455,806,198,293,25,673,784,688,731,416,967,150,736,316,382,91,164,686
77,620,696,123,495,152,997,699,37,171,615,814,213,660,740,907,894,448,965,932,991,879,33,694,128,394,940,999,554,403,221,91,459,202,615,82,272,681,636,593,58,852,443,944,464,246,936,425,509,458,704,517,109,412,969,770,670,296,925,155,661,947,714,281,521,952,794,583,396,539,578,775,348,71,830,339,476,338,353,723,621,96,469,839,511,263,209,171,917,188,388,822,881,149,626,724,977,887,655,120,364,707,358,398,125,539,104,774,646,457,20,226,969,410,685,376,206,206,885,282,825,473,113,26,814,897,124,540,568,239,980,686,112,206,911,436,255,964,599,330,939,926,910,53,935,51,689,304,421,468,39,841,867,729,804,451,761,727,770,42,555,857,686,908,907,231,752,676,854,325,874,995,414,443,917,395,422,525,253,221,748,221,918,669,437,864,188,394,768,89,112,892,823,150,822,916,89,682,729,783,912,592,298,796,481,763,252,307,205,249,584,154,563,420,168,678,52,928,208,200,412,519,848,118,116,366,346,193,234,36,376,887,4,941,736,342,118,253,615,99,605,69,427,20,621,727,530,107,967,324,898,637,868,475,708,733,166,974,6,378,616,756,908,736,83,115,589,811,972,944,258,194,112,250,78,206,238,642,72,393,228,991,391,283,502,326,860,313,282,847,744,608,388,829,917,244,951,176,528,314,76,346,556,350,199,543,721,265,345,175,716,17,141,518,470,8,118,257,925,668,47,668,750,834,33,350,407,798,249,628,546,420,136,205,964,322,312,829,203,870,548,895,222,65,34,886,103,971,409,709,914,482,857,967,523,558,873,855,408,30,240,915,591,247,585,81,412,16,219,584,103,850,630,634,561,748,779,707,914,406,913,630,799,862,72,730,570,710,747,502,335,981,336,128,376,974,522,395,798,405,381,514,773,508,575,349,356,938,561,521,146,784,981,948,708,924,893,184,717,235,7,450,788,481,921,655,139,642,949,285,427,123,295,745,554,561,274,339,702,478,580,969,555,503,698,725,415,966,798,438,440,368,510,544,597,907,391,550,630,203,25,395,340,827,577,340,462,697,407,148,93,506,833,300,815,258,535,491,313,393,583,266,135,244,329,934,296,289,947,184,701,413,435,653,120,951,992,992,716,655
68,394,840,789,975,590,468,624,368,464,508,850,527,255,253,658,890,914,357,758,779,352,868,947,999,99,668,449,301,663,274,873,966,598,113,985,923,716,467,730,345,87,501,869,186,511,712,440,276,59,282,306,301,679,647,10,914,837,76,587,834,213,659,268,501,410,396,650,747,324,612,14,665,828,457,849,394,303,764,353,300,282,162,374,944,880,346,228,365,490,824,808,322,131,523,834,956,986,497,9,921,383,707,965,44,625,544,857,738,434,653,453,755,31,441,111,237,427,614,221,787,466,864,203,854,517,711,743,218,86,605,936,404,184,85,75,291,259,297,548,355,326,74,662,600,533,805,16,121,771,781,834,982,522,869,736,106,769,161,241,851,693,957,443,616,207,229,546,793,522,602,93,628,131,698,465,952,184,975,372,139,307,831,305,592,812,779,148,795,728,224,416,706,370,616,512,843,511,876,94,905,593,282,717,262,284,317,423,21,330,372,954,898,902,223,295,876,543,324,349,640,423,131,757,212,869,220,170,472,821,833,594,873,411,854,72,497,475,350,992,656,161,411,814,133,747,914,496,261,154,851,630,990,235,534,351,475,221,862,293,526,793,43,418,250,243,66,37,271,555,220,249,626,987,547,253,816,716,253,161,712,456,328,159,968,494,5,176,339,93,227,883,397,342,111,111,937,487,445,634,546,308,351,62,139,128,88,469,157,378,51,609,651,483,380,28,513,479,938,539,769,933,223,866,815,634,82,108,395,288,394,736,385,757,460,705,222,309,637,895,114,797,228,308,946,328,619,971,317,500,101,761,652,993,311,709,94,357,909,838,207,911,887,799,980,713,198,694,490,683,297,906,321,914,213,770,897,809,366,150,698,247,910,56,772,885,20,833,420,155,214,112,985,628,680,656,886,488,13,605,294,290,988,659,307,222,789,388,226,281,21,319,385,167,934,988,702,180,569,12,312,927,727,670,636,599,512,868,282,595,625,728,48,969,5,756,810,305,698,413,732,113,974,449,625,138,581,301,870,4,996,776,16,983,123,194,35,335,935,573,658,286,635,50,790,893,526,883,572,229,272,728,863,117,326,311,512,651,976,331,677,875,543,523,613,115,155,15,585,189,437,673,591,883,643,491,147,646,455,920
686,42,872,346,485,576,516,762,446,684,664,831,346,767,944,445,577,856,194,152,284,931,365,914,737,789,692,453,197,502,899,829,327,352,498,231,656,857,362,623,350,131,489,222,419,193,32,11,425,368,619,278,452,126,854,86,326,841,128,920,89,57,357,611,63,355,908,782,747,732,573,665,385,958,832,825,372,520,339,527,846,764,736,463,663,269,797,568,10,147,835,767,585,974,861,804,462,332,483,742,742,398,230,411,1000,288,950,523,161,615,195,746,343,389,718,596,565,343,24,576,590,503,901,854,547,972,924,247,823,427,943,94,934,880,126,65,40,186,601,231,332,794,931,81,501,264,544,512,128,75,931,461,787,302,276,950,653,395,344,149,68,558,276,499,462,231,238,493,142,423,206,612,883,150,662,732,780,925,384,660,744,776,497,897,250,983,646,415,726,69,534,610,306,128,315,578,5,240,474,762,182,612,84,222,181,967,272,126,417,908,623,965,963,33,477,76,934,499,590,435,785,431,360,442,357,733,560,578,224,636,520,874,252,380,717,528,309,752,457,520,477,136,951,498,782,71,742,873,355,188,136,996,730,571,216,0,33,77,545,199,88,641,6,239,526,771,847,57,401,324,729,695,740,166,158,33,190,24,431,756,949,853,886,234,964,292,705,795,620,961,658,46,748,635,810,558,806,715,776,975,226,206,180,766,968,857,172,220,777,682,593,885,354,704,842,48,634,866,720,939,151,90,781,193,979,820,276,844,997,402,215,677,703,736,233,844,538,187,46,265,494,931,991,502,601,299,764,388,922,594,265,719,676,85,369,509,692,735,541,939,645,152,401,201,540,760,703,498,662,873,342,732,201,118,282,317,657,659,334,845,968,950,802,657,273,120,33,193,25,159,231,384,239,278,703,248,392,265,533,912,596,104,459,616,46,760,431,741,893,136,781,798,229,708,748,885,904,640,67,508,576,140,825,488,908,977,95,732,969,313,116,339,896,229,948,947,262,675,908,811,892,784,274,677,919,748,948,410,98,653,128,40,525,647,10,609,434,729,845,931,519,977,343,944,570,577,848,25,907,387,876,365,809,466,510,676,952,492,671,44,905,237,793,593,19,281,194,742,802,586,169,977,919,981,678,61,41,840,102,422
261,67,250,629,92,93,420,432,938,134,682,519,120,905,637,839,32,859,113,465,66,189,9,253,644,888,725,527,322,179,955,845,980,382,913,587,436,691,419,543,481,209,434,819,772,580,199,288,220,526,983,780,267,864,456,153,962,273,468,985,651,36,985,589,985,534,138,113,491,505,653,630,244,81,247,585,531,944,75,85,861,703,143,350,344,440,904,704,313,375,638,120,834,618,245,963,187,752,403,826,454,34,525,89,529,431,654,73,107,825,291,149,762,636,111,236,394,238,54,219,433,728,63,515,527,271,696,547,873,928,263,983,67,832,748,422,695,91,26,778,367,947,257,152,276,1000,989,565,1000,886,897,50,812,227,118,8,741,236,871,73,405,157,221,883,42,927,858,218,430,401,901,91,366,596,755,34,10,254,91,810,697,223,374,160,68,169,723,622,771,975,796,630,86,32,502,397,984,987,933,98,76,272,3,564,670,979,543,487,475,218,796,98,411,445,434,884,800,398,678,886,771,231,819,922,75,987,194,494,554,432,788,371,860,177,353,182,941,607,590,915,29,772,181,240,929,627,59,641,414,719,547,214,706,737,646,679,79,447,645,506,710,355,800,992,104,69,624,190,925,191,316,657,259,752,938,190,127,432,885,321,420,27,519,679,733,613,250,765,922,363,827,408,470,633,243,403,77,927,113,829,54,306,836,874,368,394,456,72,492,155,764,132,99,513,383,566,333,448,158,370,86,943,834,886,537,685,189,373,546,435,587,833,694,992,913,587,276,444,882,311,220,856,107,34,82,658,840,182,10,227,919,895,349,976,183,635,570,462,383,843,287,230,379,477,541,768,114,403,8,154,805,408,483,917,312,734,222,412,787,899,214,683,761,784,634,760,517,695,908,899,139,563,479,70,303,372,549,197,854,339,31,974,449,825,897,775,839,537,612,410,212,628,500,582,943,694,358,613,445,647,317,495,77,353,613,931,657,853,363,479,153,502,11,468,470,649,496,96,313,223,717,719,227,30,832,508,589,728,751,185,944,868,207,861,856,818,205,899,60,388,948,684,490,238,633,98,539,708,586,539,774,967,243,485,26,987,663,57,339,461,314,757,674,756,697,655,933,623,840,761,251,649,450,536,714,158,933,678,241,357
457,455,455,929,72,126,690,931,826,792,481,36,330,192,200,83,479,500,475,439,909,18,198,858,458,671,800,897,196,153,367,366,693,831,587,459,969,892,924,748,539,781,462,76,247,48,148,102,76,572,910,104,34,148,905,349,136,236,358,401,553,431,138,857,50,29,585,824,700,219,433,474,683,897,75,734,712,155,872,645,209,836,975,559,915,325,227,802,809,653,526,43,538,671,885,404,78,876,135,791,573,732,325,526,250,23,287,116,300,312,969,27,93,837,452,810,966,416,801,118,585,198,91,497,803,454,891,68,519,266,814,659,468,423,208,658,380,113,988,477,6,270,541,817,500,494,338,831,68,28,754,661,170,253,575,821,745,975,69,893,261,325,116,133,227,739,178,360,365,596,406,398,171,1000,11,898,674,577,248,411,881,98,720,174,116,415,133,345,609,683,504,876,134,869,727,212,67,820,758,476,321,737,896,105,772,742,24,656,726,669,647,258,277,661,385,763,853,740,726,648,944,718,391,912,61,552,400,453,803,732,164,668,210,522,206,663,816,463,261,982,381,592,741,477,296,617,560,51,867,331,590,948,340,796,177,713,97,373,44,768,987,532,317,324,20,834,747,368,493,937,376,790,159,486,707,271,426,714,701,247,661,841,624,706,393,204,739,310,695,970,489,574,349,782,941,811,417,302,7,274,865,311,449,527,967,571,765,1000,491,879,290,12,874,65,21,333,196,195,117,717,798,45,195,30,163,2,935,357,289,184,751,165,480,686,110,931,739,486,579,990,106,229,982,6,227,494,802,417,928,961,523,551,681,223,299,711,400,178,661,236,43,247,704,572,589,848,421,708,622,967,921,386,889,924,204,274,441,165,580,594,204,891,76,712,528,76,415,878,558,409,450,585,684,781,805,978,209,583,562,579,498,711,484,787,694,973,387,422,448,257,311,585,346,662,223,197,19,344,273,581,475,138,83,735,739,312,510,396,419,353,864,592,92,518,542,809,954,251,253,112,828,302,237,877,583,740,868,325,637,61,342,579,174,187,260,522,561,153,599,526,580,596,995,16,495,124,848,696,954,867,36,627,356,737,449,576,254,159,306,823,45,160,28,812,749,229,274,960,512,476,969,152,571,420,619,430,577,670,414,309
659,151,0,444,37,392,633,999,504,897,9,133,238,86,939,491,929,265,362,379,436,281,858,265,496,51,305,17,221,524,920,727,490,599,448,719,461,674,257,117,676,481,741,175,470,597,164,786,443,294,465,516,97,857,665,749,142,230,150,793,250,701,176,179,705,594,844,425,618,351,23,549,975,530,488,60,509,539,976,700,369,859,645,288,171,636,286,307,529,782,84,751,757,317,965,486,824,546,461,331,830,674,82,281,576,200,396,945,495,13,552,818,117,591,882,461,748,487,243,907,331,529,328,715,820,711,859,628,907,237,765,578,22,428,414,318,68,987,396,653,827,285,996,804,630,341,82,884,801,416,953,634,334,358,551,610,225,553,965,500,691,787,839,657,784,544,812,335,366,904,685,548,1,504,219,746,20,175,679,808,644,760,102,335,960,168,363,296,164,478,603,606,970,405,186,593,887,484,731,885,705,8,562,596,173,473,509,41,74,375,893,640,581,762,753,314,528,5,293,423,19,376,19,515,628,842,228,262,843,106,404,427,990,422,1,759,362,540,919,79,701,453,465,454,41,455,534,280,887,43,234,480,35,135,759,938,972,726,438,18,537,803,912,61,798,135,704,564,397,375,55,389,439,455,940,912,825,62,790,455,308,80,458,808,212,321,529,287,76,161,336,876,714,510,832,133,24,181,923,913,932,138,557,30,22,946,674,210,745,360,500,192,747,195,798,419,166,225,15,848,206,894,319,540,615,196,567,803,224,885,200,78,280,546,981,663,942,108,340,731,923,300,259,636,315,698,602,264,804,619,127,877,381,580,856,926,360,646,381,66,959,841,256,164,335,151,497,729,448,123,113,651,24,62,918,977,121,437,130,187,996,250,582,318,205,166,245,3,388,227,359,90,727,177,743,952,620,351,89,21,707,303,74,626,534,810,907,494,182,920,862,777,753,12,383,993,585,937,814,548,74,266,276,532,142,80,234,279,809,718,638,35,667,277,967,159,854,924,339,749,824,924,939,146,665,474,788,121,458,466,498,172,903,776,694,48,502,162,277,170,877,962,248,716,298,799,492,8,215,14,300,977,551,591,563,763,524,220,379,573,486,751,876,799,537,143,351,157,759,973,400,374,690,737,157,230,658,705,346,523
153,587,936,601,317,911,955,302,779,211,932,573,739,612,195,114,170,638,358,303,425,460,932,541,348,339,901,312,398,851,137,666,312,538,436,255,298,821,365,788,332,540,364,365,53,617,805,247,202,669,611,872,653,573,577,485,368,237,60,631,62,851,677,1000,187,708,295,936,700,415,574,310,835,472,544,934,549,843,643,437,395,420,605,940,25,615,103,283,160,905,358,99,299,451,333,755,845,355,596,19,437,138,806,741,907,467,392,58,875,910,942,776,553,903,733,187,451,72,545,440,277,69,524,806,146,251,425,9,952,979,372,950,522,143,73,772,708,717,835,640,345,299,506,348,806,197,485,462,815,866,7,839,736,767,897,242,418,790,479,721,542,795,126,458,479,237,998,966,331,870,985,491,194,710,754,155,731,884,91,664,279,444,594,685,969,497,158,436,756,36,104,334,941,47,950,791,337,723,851,299,316,340,934,495,655,971,828,940,215,534,259,354,414,58,66,191,371,459,551,801,162,760,952,957,784,856,459,334,945,218,253,72,127,755,357,260,995,222,660,350,678,103,761,718,988,600,716,245,519,308,29,556,432,60,586,322,281,518,953,368,801,279,519,64,946,477,66,122,994,12,630,222,343,737,903,276,34,451,481,172,640,450,98,270,198,378,706,553,119,647,157,248,85,156,746,249,846,925,426,368,242,907,700,571,993,398,441,151,91,489,142,175,649,632,445,947,146,127,481,269,83,121,221,4,480,756,283,644,961,620,741,815,218,557,644,632,106,385,644,207,526,798,774,230,73,981,680,172,610,613,821,844,883,845,913,612,151,633,343,649,263,121,597,1000,674,632,537,398,857,371,13,750,847,139,232,129,60,347,362,584,45,270,757,592,914,213,137,465,392,309,922,137,144,111,21,944,88,624,100,650,198,382,990,211,913,694,690,829,339,657,204,490,619,361,723,188,581,142,297,979,70,750,208,317,569,395,583,440,973,486,529,260,170,954,567,721,377,895,618,823,948,705,397,805,137,198,630,283,604,636,387,407,702,759,601,614,288,680,658,218,444,219,374,602,803,446,571,204,789,515,843,810,639,724,762,97,300,815,808,257,751,384,460,291,498,150,95,605,122,957,704,39,38,295,245,991,86,526,584,130
619,272,59,41,210,185,484,934,747,419,576,191,162,695,707,515,338,576,432,348,11,999,374,918,395,538,825,347,203,868,997,936,302,208,114,650,458,878,698,276,19,752,930,758,196,964,292,789,147,180,89,962,996,508,39,694,918,557,495,502,525,442,662,866,265,217,318,22,326,224,867,605,569,173,687,212,494,174,466,820,44,1,89,390,456,985,908,769,254,174,846,908,938,667,291,499,577,738,848,557,43,972,906,163,484,3,474,1,390,569,23,478,233,114,799,497,390,99,21,315,69,873,356,825,294,397,94,9,606,909,91,169,480,901,470,491,347,520,574,278,712,707,649,104,371,683,905,555,404,516,61,106,723,437,750,845,903,808,714,106,393,594,219,3,471,221,901,946,268,512,974,644,393,979,462,71,162,983,840,406,698,140,767,549,88,527,630,321,750,466,328,864,240,148,748,119,598,15,484,400,731,854,894,397,454,927,41,772,954,565,958,41,842,104,900,63,213,986,829,773,812,635,513,549,758,846,696,819,748,984,235,38,198,304,218,443,268,417,40,321,119,857,580,713,580,415,778,946,614,94,635,245,277,855,435,197,815,415,234,262,572,34,300,664,47,797,614,644,29,507,250,192,715,468,823,122,11,99,819,111,273,903,26,14,111,170,407,924,478,852,330,75,242,805,234,368,615,345,330,999,817,777,160,416,476,175,555,583,19,734,432,565,947,281,964,834,486,241,259,561,475,28,868,985,18,10,240,121,537,213,969,976,828,177,53,87,100,750,237,120,754,885,47,191,699,687,665,983,518,524,191,188,522,828,451,560,359,581,622,571,251,839,531,597,439,489,914,719,858,534,54,638,323,467,455,709,508,693,178,769,380,515,292,355,453,980,198,200,677,169,614,292,277,722,128,251,397,835,514,155,62,366,909,856,876,858,604,162,73,341,738,513,184,61,489,35,287,665,130,903,67,513,632,987,267,560,793,35,65,333,111,538,205,775,714,978,924,488,788,582,658,154,171,235,605,631,253,755,842,412,899,820,175,889,374,162,803,652,677,354,22,105,420,320,988,282,454,698,898,217,812,480,555,286,89,709,870,608,293,446,384,829,865,689,680,299,534,163,703,114,528,968,861,117,342,233,933,272,144,343
614,92,995,976,312,820,762,215,372,494,418,365,172,688,927,752,999,559,496,954,863,16,103,842,699,421,604,785,368,752,674,475,49,408,473,627,609,520,794,718,941,272,825,829,822,382,772,973,540,755,383,927,768,959,899,994,671,951,591,414,309,601,513,851,624,413,479,372,466,885,630,234,846,68,338,118,662,658,545,592,857,550,479,805,509,508,983,165,819,3,816,403,998,226,556,179,517,841,405,602,973,987,284,382,137,173,383,893,677,229,895,19,645,479,629,658,745,668,516,842,409,710,145,506,750,969,21,579,956,380,108,637,837,885,94,900,486,877,573,207,481,793,168,137,662,84,416,367,420,79,843,392,717,244,290,636,362,811,565,349,278,345,126,90,271,887,263,98,144,596,282,252,368,524,59,46,960,815,80,488,912,84,360,500,594,371,992,191,100,969,514,474,778,348,427,481,77,394,978,810,11,128,143,489,568,927,972,993,605,400,788,926,765,42,833,69,873,892,290,592,355,4,368,272,718,163,198,667,165,708,887,755,142,939,92,374,354,797,269,108,356,312,373,293,508,709,240,109,624,415,412,48,971,373,439,982,762,236,340,456,675,360,393,170,179,490,57,544,639,650,108,620,268,10,913,586,364,812,268,757,563,250,486,684,762,546,398,949,388,197,313,618,795,614,366,375,42,545,348,141,585,408,801,758,841,109,731,855,400,514,754,996,941,944,426,634,684,256,577,732,503,286,375,457,504,626,375,76,698,537,79,208,944,456,357,350,676,916,453,76,686,205,89,482,664,644,55,748,976,580,736,55,65,407,885,107,574,468,565,954,80,77,514,41,534,592,329,242,888,594,482,773,905,187,145,160,286,600,122,357,941,232,0,206,308,920,481,699,765,517,509,566,731,868,904,565,348,792,422,668,448,843,921,355,538,699,6,246,998,815,906,120,712,460,996,641,772,678,890,678,831,523,615,437,216,200,831,459,381,908,899,477,221,808,941,164,290,220,422,926,210,814,71,690,884,960,201,490,559,266,199,666,229,309,408,396,497,540,806,859,348,338,984,965,631,10,549,598,681,213,220,505,199,349,184,416,889,727,792,778,220,714,307,491,847,17,904,351,879,735,531,909,522,716,759,308,928,531,519,148
696,651,187,758,644,990,644,883,465,927,925,100,128,282,873,710,688,496,264,589,666,822,5,251,514,550,264,716,540,654,645,888,635,316,601,686,621,660,723,765,467,272,30,310,763,972,830,442,762,801,380,970,720,496,483,607,262,910,917,156,140,802,969,220,522,833,182,205,761,976,686,555,946,558,544,8,454,436,453,906,758,268,821,432,760,936,180,543,893,775,954,23,722,662,214,650,311,969,474,843,103,71,494,523,320,38,367,909,175,914,190,298,448,790,165,345,427,572,332,370,294,943,966,912,872,143,640,319,301,782,695,557,28,817,882,946,153,873,417,357,32,197,557,18,844,50,302,288,946,987,608,334,603,802,187,709,349,684,195,470,879,776,924,264,526,997,956,551,780,501,551,872,251,645,860,944,139,36,235,396,668,857,451,624,402,495,516,687,566,990,803,830,827,839,676,642,426,787,345,742,405,786,182,395,603,566,652,630,996,860,273,704,435,442,775,578,796,938,771,967,536,170,156,523,562,581,301,596,250,284,411,849,565,602,960,56,445,892,887,440,760,346,107,836,16,603,895,986,328,417,85,979,318,420,15,543,631,537,412,341,44,198,605,809,90,663,788,949,392,700,528,629,357,850,5,20,795,716,451,353,621,781,762,137,835,229,6,501,124,644,686,161,937,40,706,71,192,17,605,10,979,734,785,88,835,903,189,800,403,420,851,552,789,716,932,109,888,339,777,97,522,744,682,650,252,0,740,894,490,294,678,888,716,394,830,458,953,97,697,54,281,905,460,761,271,457,826,662,515,870,486,695,891,205,734,871,674,474,153,617,107,376,133,661,363,634,539,871,29,597,330,326,361,814,434,244,979,987,623,780,136,308,221,492,125,295,520,217,64,727,922,192,958,813,381,693,928,334,79,290,537,480,870,58,465,195,464,152,725,575,928,792,544,883,660,613,52,658,266,722,357,523,798,205,570,231,850,867,70,208,109,1000,452,802,763,247,67,607,345,700,350,94,400,966,968,523,91,884,179,641,441,537,242,448,613,752,631,877,688,243,222,920,883,753,495,999,104,710,692,408,256,816,368,443,546,460,849,18,979,16,668,264,226,126,15,972,916,943,248,190,357,378,969,587,838,169,393,346,268,300
80,96,440,642,842,765,574,457,871,961,100,427,849,588,973,886,507,699,946,641,275,360,217,244,500,779,100,569,913,715,258,211,416,533,945,687,731,66,797,25,9,75,170,474,95,35,752,637,400,981,994,982,806,913,739,330,420,544,118,38,234,338,990,495,391,993,584,754,231,556,170,675,54,378,405,353,686,546,563,304,161,711,563,810,961,250,23,534,276,552,377,875,698,164,503,356,946,509,327,883,614,461,718,916,96,533,152,338,194,864,779,146,326,998,682,742,659,491,248,658,886,967,108,285,490,670,138,337,399,257,892,853,738,626,499,720,475,794,144,403,222,451,278,356,351,237,554,729,886,270,209,901,337,764,851,708,970,905,146,588,630,520,726,850,378,97,431,186,663,215,988,322,424,1000,928,962,270,501,310,507,792,122,47,690,961,930,334,331,159,443,59,592,734,466,650,47,155,507,62,715,822,872,498,445,484,374,919,247,457,649,266,20,433,640,592,574,717,563,255,15,704,362,964,480,569,107,690,738,431,495,132,12,284,565,467,500,195,687,160,668,190,685,115,419,607,169,145,215,612,567,171,653,40,314,124,910,662,515,263,782,366,754,586,587,491,445,915,831,647,850,23,711,246,198,521,22,350,510,814,849,478,414,28,680,504,840,929,640,210,542,491,394,925,180,906,470,525,57,617,561,578,104,11,566,99,508,575,385,288,740,200,51,384,621,215,877,685,959,981,650,62,576,481,140,96,390,934,591,567,637,789,529,930,256,122,595,522,167,809,56,196,371,719,470,463,179,863,350,384,352,48,297,989,448,220,917,504,289,951,954,551,44,187,358,821,989,701,902,756,132,385,976,204,266,166,340,221,57,226,481,637,33,466,967,866,688,787,248,360,829,268,35,95,185,304,749,827,27,777,982,407,919,643,60,954,629,450,255,241,287,859,537,805,74,605,22,75,723,50,513,555,622,866,309,276,75,356,36,63,595,514,34,368,71,182,407,571,180,138,153,3,818,67,637,290,574,444,133,599,228,160,27,797,978,574,142,557,112,168,685,462,732,846,142,516,218,454,612,247,231,266,118,433,822,860,688,113,857,777,975,926,962,931,697,800,822,997,407,836,990,590,633,946,287,227,163,749,168,282,879
467,422,12,174,732,337,773,353,138,319,832,457,963,426,317,870,817,757,155,60,546,582,864,764,946,969,827,848,787,589,5,507,723,770,845,188,231,884,818,383,837,86,720,491,539,140,416,188,433,327,591,117,623,681,455,561,214,497,70,718,748,140,551,874,981,892,235,693,170,810,539,234,687,197,21,228,548,761,764,946,771,692,622,674,972,174,941,894,290,89,995,229,762,762,657,10,818,379,574,296,440,585,44,313,852,743,749,12,199,860,880,329,725,18,698,42,112,413,136,668,384,725,360,843,80,884,483,640,161,574,351,456,232,758,813,615,859,749,568,848,25,602,11,910,446,711,730,907,626,665,592,436,965,48,594,109,732,954,688,167,843,101,328,191,587,185,474,442,541,935,225,63,938,288,960,350,564,707,191,266,162,449,102,655,505,727,651,599,272,667,559,814,552,164,753,909,957,826,111,578,445,384,850,298,469,645,670,339,797,271,932,274,190,47,318,703,949,854,110,994,356,700,690,342,145,85,956,60,530,372,80,196,857,836,557,541,531,223,722,30,354,37,342,835,86,311,204,363,728,200,686,357,426,296,609,980,287,916,149,163,510,389,747,285,559,938,667,302,63,513,1000,10,418,804,572,132,792,325,177,440,262,692,730,429,122,53,919,63,922,946,471,849,429,948,958,35,370,107,641,962,20,175,826,510,71,298,763,422,281,923,253,260,413,745,259,405,845,494,305,568,986,542,814,875,752,348,733,308,950,792,222,424,498,480,645,343,920,346,355,264,282,206,529,678,211,177,300,839,695,936,891,295,753,904,127,222,117,679,689,216,803,56,106,780,150,162,944,49,410,267,788,87,34,215,800,729,486,240,137,337,318,350,299,948,439,531,837,195,371,912,808,977,668,156,220,342,657,776,49,583,100,486,453,153,460,582,394,615,818,337,129,479,341,110,476,330,987,617,273,172,322,54,221,0,674,738,126,20,660,402,17,895,457,902,560,50,640,436,563,977,220,837,793,64,67,584,647,550,597,640,278,63,292,907,17,262,897,623,33,163,801,988,619,770,419,172,907,920,131,635,879,638,659,690,673,272,766,826,606,476,118,683,288,83,553,694,733,85,62,157,332,666,881,6,993,791,370,956,72,56
628,372,580,120,391,585,452,764,947,137,202,355,788,660,183,561,157,298,572,526,821,484,343,472,135,102,268,333,679,828,622,743,8,516,814,888,137,715,761,645,486,829,542,488,112,161,738,589,98,880,515,314,980,474,909,930,812,102,826,708,224,126,291,517,365,940,319,470,700,391,566,689,204,853,174,769,508,414,641,883,862,863,479,146,531,480,251,51,443,936,18,738,289,70,927,282,533,21,762,403,729,453,38,48,339,992,491,204,573,349,329,450,803,555,113,144,694,84,861,691,406,826,311,426,990,367,647,523,954,35,424,522,895,546,277,133,219,187,75,515,59,252,16,329,424,514,156,415,752,867,275,906,595,939,693,860,21,185,22,643,338,110,427,121,860,196,700,765,587,759,617,824,30,797,80,683,719,82,28,298,861,570,589,727,570,565,49,402,23,755,587,706,253,409,484,881,382,127,922,810,465,568,627,545,564,354,879,561,819,477,193,566,11,301,341,492,7,552,915,552,924,390,269,943,900,154,412,314,59,264,608,400,579,582,502,78,281,962,735,682,239,652,326,266,805,127,576,764,688,152,96,140,103,178,319,447,301,219,90,990,654,815,166,204,357,115,959,552,39,393,639,55,349,366,133,533,318,530,298,2,971,24,552,531,585,522,110,438,143,569,276,890,733,554,199,550,660,117,638,62,145,275,846,353,229,974,328,504,160,468,50,694,131,712,720,729,405,88,678,846,692,679,29,177,519,250,393,583,715,973,929,787,856,307,663,179,686,390,603,899,881,666,735,498,9,51,879,595,392,280,325,699,938,894,634,17,984,687,594,183,239,739,225,541,184,752,426,153,787,536,595,638,783,541,990,471,773,63,627,724,599,755,404,272,505,375,512,528,343,448,466,783,916,438,136,534,210,267,172,433,377,905,593,523,229,542,974,279,102,221,1,97,962,245,806,763,140,682,839,2,202,533,825,341,499,594,418,936,219,272,747,597,801,573,245,306,153,271,561,282,391,875,762,700,362,45,755,236,224,680,511,731,484,0,178,881,346,555,689,278,568,336,991,111,688,50,32,730,889,318,657,95,750,118,515,870,662,778,577,253,189,233,921,636,839,364,569,437,211,108,550,201,307,464,465,527,714,801,244,312
583,602,121,199,257,915,513,943,210,931,429,781,873,796,362,712,410,293,256,875,772,85,529,220,638,733,158,552,594,780,440,942,710,921,222,411,607,74,36,372,626,133,240,555,228,910,604,801,717,337,889,776,548,936,862,437,84,489,468,550,164,742,552,353,776,617,264,90,553,433,846,834,990,378,75,69,771,755,491,207,147,922,663,843,963,696,777,717,998,749,221,940,475,672,59,234,957,903,622,187,833,736,214,545,119,783,173,555,632,579,165,152,348,105,460,402,79,139,356,698,526,362,262,58,734,990,372,560,950,858,581,753,458,357,118,179,660,274,368,317,849,532,74,855,908,104,916,794,540,574,689,84,191,823,185,313,549,32,279,970,425,962,981,967,985,216,217,386,499,441,479,667,949,610,213,996,935,957,941,484,928,584,62,861,930,876,859,852,698,534,546,761,731,309,310,279,20,495,559,608,15,543,504,26,500,812,628,872,197,895,854,561,58,500,567,274,565,85,479,83,463,712,750,555,786,968,557,774,135,979,878,341,953,753,320,755,686,293,486,923,495,115,838,527,110,287,98,824,927,177,572,766,559,624,278,817,640,944,130,748,182,221,816,214,175,911,694,929,401,154,600,326,653,324,279,288,812,517,281,924,626,552,940,868,646,231,237,368,67,345,562,931,690,283,801,299,128,899,440,318,590,365,85,614,11,824,454,297,458,291,454,390,591,839,772,958,528,334,433,972,283,839,275,14,311,602,104,867,753,134,938,892,169,990,272,666,296,450,160,557,454,711,963,293,487,483,368,644,87,264,787,338,683,531,991,598,693,139,242,240,396,336,140,520,442,499,422,272,830,884,246,704,699,956,481,161,1,598,4,748,695,587,657,283,173,922,563,751,171,756,12,1,446,16,237,478,817,378,420,529,987,473,483,744,472,830,685,71,566,423,213,696,348,122,455,179,325,33,365,267,488,86,406,793,563,678,759,94,83,888,539,182,556,325,833,185,808,361,82,330,892,635,308,835,572,316,649,922,462,541,714,538,592,195,338,92,294,617,62,614,296,322,155,47,240,657,147,796,679,328,351,99,567,394,758,964,809,518,603,26,253,879,80,302,194,278,566,452,554,879,642,123,543,898,944,892,249,848,941,385
31,590,243,786,869,504,520,471,194,204,626,784,274,941,428,645,402,118,573,342,508,412,163,797,942,621,175,679,589,993,529,768,590,350,54,551,83,198,127,565,437,854,245,300,350,846,807,68,21,380,861,109,351,910,669,887,715,512,60,328,701,747,520,472,719,756,203,470,727,287,965,909,247,528,816,269,591,560,779,962,244,192,949,593,676,527,175,234,336,884,92,222,278,510,182,50,391,94,398,974,28,672,287,703,465,211,191,177,997,67,592,855,506,406,513,312,720,303,831,882,555,604,359,461,178,681,569,610,973,661,990,907,620,714,241,593,526,352,544,990,246,809,218,52,618,505,677,456,538,948,806,953,498,27,748,403,29,671,316,995,393,448,96,899,474,271,805,979,712,891,793,257,225,819,914,267,196,312,774,915,856,566,756,51,400,38,791,894,442,727,415,842,69,445,282,715,291,68,761,361,189,525,236,412,600,460,868,972,902,578,263,506,396,101,150,603,624,358,825,719,15,258,261,666,334,694,153,466,15,272,505,820,678,459,660,570,890,523,612,121,800,7,456,735,255,295,781,974,52,275,132,374,602,320,347,730,873,95,263,591,295,130,21,28,285,393,201,211,343,744,593,240,824,541,216,452,473,138,612,306,298,769,987,806,330,864,899,813,160,578,48,460,806,704,619,674,191,598,569,608,78,545,343,202,204,156,319,915,481,124,386,54,549,543,339,851,69,71,33,137,97,84,634,63,89,416,872,33,315,250,48,238,771,107,190,786,4,546,329,277,456,961,539,504,378,388,973,514,378,535,382,800,831,182,73,897,607,601,861,431,278,192,426,391,796,636,18,330,820,293,785,680,834,838,418,339,857,386,671,482,600,840,798,429,180,43,737,532,802,527,442,51,72,385,36,820,567,260,289,647,935,786,540,181,158,109,923,462,473,187,363,38,929,876,504,766,617,52,77,40,329,462,812,739,335,29,243,894,717,149,542,610,688,608,472,339,578,920,474,102,49,875,737,77,841,775,862,563,40,950,886,182,481,658,5,572,924,542,849,598,235,781,482,222,531,735,360,365,544,659,148,315,482,992,986,21,983,193,795,100,635,419,233,354,190,976,819,991,477,136,825,612,315,427,729,891,35,197,899,365
557,449,407,677,872,328,526,921,200,336,378,911,348,384,592,511,52,28,872,274,116,229,237,735,213,540,865,873,483,795,412,682,510,777,235,3,443,888,544,150,64,374,242,226,884,398,417,782,970,440,24,171,846,456,35,313,33,177,913,887,689,865,477,112,273,872,878,989,171,358,459,78,395,47,966,411,378,406,309,485,275,138,479,829,547,228,463,888,301,447,828,822,637,48,742,802,851,456,705,746,703,26,41,193,724,165,329,93,864,868,490,398,934,769,644,993,660,135,278,831,801,206,675,358,72,706,923,627,41,466,672,332,311,127,910,972,414,567,965,47,676,706,535,702,54,146,137,978,770,248,65,837,326,303,251,995,755,5,590,356,408,631,650,575,909,990,16,288,146,653,425,936,139,418,432,260,789,406,567,724,818,389,180,339,750,997,545,271,229,261,121,333,555,138,703,55,246,926,767,564,372,813,793,357,973,183,407,674,121,560,88,611,806,783,602,874,442,796,143,253,1000,649,199,644,510,773,129,348,274,156,316,404,225,438,859,160,654,964,504,408,257,21,622,706,483,56,826,22,128,5,500,592,391,286,458,740,850,56,19,753,248,395,930,625,454,969,493,210,62,520,107,789,340,709,857,567,595,480,872,510,252,526,773,858,60,351,962,494,284,214,196,229,580,467,76,730,132,276,733,677,654,422,841,736,882,190,854,988,248,208,165,961,534,905,122,848,139,947,453,170,173,189,120,629,724,850,363,792,100,615,765,504,475,363,911,271,362,386,106,116,150,200,437,81,961,299,134,212,104,38,276,638,888,931,477,164,926,932,476,682,688,891,626,553,847,658,980,842,915,510,173,625,145,473,386,909,759,423,654,399,0,918,95,406,210,396,604,703,698,137,46,948,304,654,443,638,500,934,796,58,506,636,824,308,331,169,692,813,325,476,573,68,449,288,491,397,631,97,35,577,333,56,469,651,637,180,528,433,145,426,311,632,817,931,462,100,386,924,849,552,978,671,639,335,63,110,700,774,219,471,749,920,979,952,311,994,170,897,795,60,81,837,674,147,73,66,565,761,634,201,322,490,749,7,696,811,717,878,565,180,594,675,888,375,738,145,746,760,86,764,515,672,119,535,807,255,819,491,546,139
46,513,542,164,447,904,493,576,561,558,487,899,275,455,927,408,468,434,291,363,937,583,630,81,230,738,198,990,179,81,107,612,406,816,859,945,268,792,854,335,305,183,5,91,325,495,255,728,985,808,693,230,778,984,822,832,946,35,735,422,810,384,320,422,381,329,706,140,321,70,643,86,693,222,0,517,936,305,930,908,567,192,920,293,526,662,998,543,892,860,715,512,629,187,129,177,276,807,108,92,149,323,659,44,973,421,321,925,769,95,144,909,581,943,764,627,800,832,787,244,603,859,212,74,781,303,924,571,791,779,160,577,916,783,469,619,160,536,237,629,323,292,956,55,286,989,419,700,408,382,568,589,197,160,37,279,757,123,263,124,152,19,127,992,977,832,93,544,223,615,69,458,901,414,316,191,957,770,324,324,216,305,164,203,112,171,914,49,298,71,15,149,111,76,651,373,349,442,608,13,930,579,118,168,510,474,369,161,314,732,898,172,100,316,657,815,480,51,126,579,973,756,119,274,357,659,682,214,519,685,173,780,297,815,989,765,627,647,541,203,772,281,610,509,196,862,885,467,506,461,883,719,151,1000,865,393,957,95,497,354,991,875,892,80,719,502,628,236,376,208,47,756,786,914,415,704,357,226,219,738,167,481,211,375,215,814,243,521,452,81,834,608,53,371,240,821,373,155,995,126,633,951,795,884,458,30,818,745,311,302,977,341,193,437,505,80,710,739,683,628,97,30,227,992,526,190,138,266,568,966,381,63,91,220,181,886,525,119,799,515,447,543,766,587,676,238,651,791,946,257,211,882,339,220,73,568,239,909,838,833,102,313,344,34,314,349,890,780,155,808,306,991,375,279,556,868,198,350,297,729,99,973,739,483,222,641,808,304,504,370,102,846,771,756,102,505,927,208,981,20,776,585,231,385,369,373,37,212,134,840,421,122,43,746,103,323,564,78,745,832,310,484,566,888,203,679,315,19,401,286,98,194,82,771,95,142,439,203,602,822,457,708,691,449,120,274,30,758,406,502,231,259,903,738,795,19,296,679,827,305,326,282,703,296,731,292,309,658,350,8,688,996,388,0,809,966,273,83,280,985,375,483,732,660,312,969,632,98,493,42,967,809,161,295,616,240,216,644,980,485
488,509,509,856,521,206,882,204,763,107,669,282,158,146,185,347,118,57,319,851,98,398,830,946,30,250,913,237,558,218,360,151,366,114,82,553,222,21,119,214,916,575,674,444,15,861,693,812,697,14,683,36,43,529,312,740,142,106,94,67,810,606,261,777,801,594,6,995,677,793,730,666,364,24,643,110,810,538,699,73,837,540,736,929,364,179,544,204,923,604,207,997,289,926,66,31,257,35,739,312,202,160,760,909,372,972,351,535,843,700,638,48,956,911,537,920,716,503,518,57,50,236,146,67,869,623,313,501,957,609,286,194,114,533,282,792,499,144,990,909,792,578,764,939,932,901,893,555,149,858,173,53,948,220,175,640,334,659,217,141,591,889,764,939,445,423,320,329,590,635,228,158,911,901,50,192,920,86,622,926,159,847,427,702,531,151,166,353,687,826,764,456,627,758,995,296,480,959,563,341,708,442,282,32,24,669,175,838,553,40,901,413,732,858,415,937,226,504,899,198,192,561,461,438,835,948,289,368,905,126,896,44,149,926,851,664,34,849,799,930,756,83,704,135,383,283,730,89,683,528,73,860,577,987,635,685,874,291,944,324,799,854,427,548,88,697,378,850,303,97,995,881,984,534,588,127,281,332,429,971,316,303,868,924,103,107,983,231,141,347,276,856,854,202,753,128,272,641,361,522,573,603,34,423,594,909,317,923,798,652,372,550,98,319,156,853,736,695,992,763,808,562,1,319,277,613,201,314,701,494,842,455,694,989,294,4,733,585,255,885,444,366,559,515,16,260,198,786,49,726,145,763,487,905,559,911,380,995,165,888,532,230,901,889,156,920,982,538,513,599,954,873,450,406,968,164,281,729,314,770,879,361,610,428,879,735,650,250,55,581,630,334,816,535,325,443,444,342,267,875,19,429,656,79,158,352,607,742,982,684,655,4,610,195,514,401,783,9,81,746,791,297,663,435,970,719,916,886,329,632,642,507,827,110,312,69,863,527,421,558,4,314,156,674,132,292,534,954,82,953,648,893,990,903,397,982,845,66,470,194,704,325,482,507,309,511,279,172,239,831,803,904,782,923,773,595,532,448,479,492,842,146,570,914,443,565,934,727,406,61,673,102,612,642,245,773,561,327,50,330
700,739,837,850,333,106,806,288,452,647,56,479,557,278,529,881,315,272,109,167,437,247,273,384,813,411,352,180,860,247,524,249,590,57,190,363,589,335,663,208,775,410,390,13,398,665,384,738,569,814,601,353,276,552,21,595,754,582,810,373,95,73,53,451,455,289,642,871,803,319,313,191,199,349,470,540,922,761,647,19,473,646,633,401,12,602,664,622,116,240,847,559,810,64,380,849,119,281,209,447,315,609,69,733,608,538,416,694,920,270,536,102,355,189,623,215,188,313,726,237,725,127,910,512,857,680,56,201,568,575,893,110,859,158,199,732,637,855,879,526,931,521,906,764,356,90,282,59,503,160,692,635,770,112,232,375,909,763,922,839,20,400,725,486,63,610,641,427,928,174,718,920,960,288,1,689,349,961,255,767,865,234,755,728,158,892,361,241,830,969,620,661,581,935,781,546,810,910,309,650,262,97,765,620,913,288,985,581,996,359,928,407,192,346,234,92,106,484,462,144,538,679,257,60,968,195,162,369,554,491,948,893,646,841,473,987,6,286,103,87,599,51,137,139,391,367,742,562,424,682,178,405,944,633,767,280,239,252,698,771,747,622,906,984,677,994,664,332,366,594,743,474,392,945,996,77,308,855,850,422,294,32,514,535,110,660,845,887,724,35,2,636,274,401,177,270,654,231,608,25,806,99,411,554,61,877,698,881,178,767,999,661,372,948,796,63,765,547,971,847,116,734,472,410,328,12,762,238,796,641,183,415,971,134,750,902,920,468,703,316,140,765,836,793,888,599,86,675,806,277,8,780,143,377,717,711,96,558,280,180,37,193,10,685,509,202,573,445,683,76,351,357,870,358,37,220,43,898,877,78,995,585,209,927,694,934,673,646,589,235,480,588,427,53,952,776,817,513,222,347,175,331,612,854,295,244,247,845,944,449,138,457,328,412,56,960,833,418,678,194,694,998,629,145,374,45,758,122,218,124,140,968,480,168,980,979,904,198,746,326,318,977,486,110,751,909,217,777,663,831,224,943,97,338,673,801,424,983,791,355,7,849,873,228,284,409,846,808,481,171,766,319,409,394,75,760,155,517,795,280,29,47,921,451,297,589,768,891,14,410,329,33,517,38,934,740,137,41,796,149
246,22,937,516,969,198,826,281,447,329,86,488,826,704,760,703,314,104,683,656,782,411,308,77,566,500,883,512,716,170,93,636,973,517,218,61,99,731,304,931,312,873,815,375,440,459,729,162,141,700,26,14,482,176,418,434,867,847,742,814,957,740,498,197,204,92,636,787,632,747,45,399,51,875,453,390,283,288,88,877,873,283,191,769,655,633,481,419,206,226,440,555,383,613,501,715,568,234,375,914,332,457,602,274,999,520,892,21,398,456,121,816,536,415,272,862,401,847,216,394,612,566,881,30,850,896,473,143,302,378,478,757,388,116,445,361,319,944,281,665,524,868,880,839,954,398,655,326,489,318,411,466,190,909,313,556,671,418,346,216,201,816,201,92,426,104,97,465,510,196,407,894,21,180,657,786,783,726,666,94,311,911,718,739,570,190,631,107,111,943,661,168,672,10,963,572,730,45,979,9,815,211,706,604,246,747,408,49,433,925,303,328,164,100,376,975,691,259,687,727,815,217,542,664,924,654,42,996,665,550,119,375,799,630,963,59,941,909,277,153,264,53,184,518,819,27,862,338,779,287,788,394,645,405,581,566,614,451,373,292,520,271,556,85,336,800,229,64,374,280,905,708,580,11,120,102,396,864,53,871,203,795,500,242,8,199,940,857,986,558,631,288,337,804,543,920,490,908,393,122,553,61,65,154,551,590,352,698,605,54,511,939,124,50,152,145,667,966,615,648,794,528,443,206,922,923,492,818,20,271,12,732,303,825,959,863,14,989,983,29,220,408,444,279,842,785,764,812,934,62,440,929,350,641,164,862,949,373,463,812,796,133,381,414,584,719,681,348,924,996,702,595,982,881,456,971,31,838,624,988,450,384,386,682,502,249,644,395,327,71,411,603,239,847,886,790,17,517,883,872,381,272,408,702,358,961,493,344,344,785,46,32,568,99,116,597,156,23,161,809,343,34,392,625,636,152,951,931,124,643,636,144,822,268,827,145,288,793,121,199,182,748,584,707,141,17,262,669,311,334,947,443,254,339,187,454,17,240,502,549,78,867,124,599,501,551,227,369,17,926,487,530,932,545,288,384,953,3,161,998,492,354,554,122,508,963,822,630,394,285,553,40,416,570,84,694,536,75,724,790
427,890,538,189,969,52,647,412,984,86,441,283,152,608,66,422,292,859,175,805,22,971,61,547,816,634,436,879,323,759,596,591,433,563,883,542,979,583,29,259,185,111,426,67,679,267,284,811,585,161,439,101,194,447,182,450,383,270,109,396,21,409,959,864,92,267,499,356,142,68,460,772,969,557,766,445,891,878,728,504,315,621,427,551,565,612,787,18,25,846,486,576,397,630,814,447,525,327,467,222,623,854,439,47,384,882,720,45,892,888,631,900,269,359,744,932,495,163,512,203,800,810,213,211,210,982,657,443,229,405,30,241,834,896,305,91,228,693,477,638,290,424,465,544,527,642,51,967,758,312,311,239,280,288,450,110,814,434,939,309,7,731,713,434,928,723,801,302,893,954,568,437,539,222,84,310,39,930,87,703,828,609,391,164,742,968,207,792,4,351,926,99,123,31,517,828,958,448,401,604,708,369,839,667,263,58,127,292,854,587,681,9,290,400,831,815,205,901,216,457,33,98,731,435,455,431,253,0,769,308,685,109,607,285,334,477,19,433,109,324,566,321,72,974,127,122,175,682,15,938,142,518,662,903,854,559,372,445,827,133,909,99,469,68,972,876,181,463,132,116,341,815,578,738,84,80,381,500,3,983,824,264,254,186,24,115,759,333,330,529,968,692,422,407,403,134,374,45,643,747,745,403,199,662,97,623,174,903,337,716,320,360,609,985,101,960,860,418,268,27,750,820,102,42,163,451,184,441,562,192,750,174,486,992,179,720,560,109,679,460,948,301,321,810,4,380,284,212,205,457,376,971,750,235,569,176,385,272,138,165,632,510,304,416,730,956,47,825,184,242,918,765,941,606,912,646,941,537,873,841,606,82,822,857,769,663,348,230,906,953,345,278,454,4,261,904,541,963,422,622,106,796,163,56,146,915,560,962,88,844,534,379,84,721,624,278,60,832,7,765,2,226,693,823,451,458,876,444,694,107,273,311,199,800,958,831,825,400,569,613,949,689,681,167,443,998,499,643,317,190,791,652,945,849,509,516,291,206,813,242,936,189,633,638,888,700,71,564,893,37,574,770,909,795,944,406,953,307,432,206,762,426,782,779,198,43,963,653,527,591,789,212,917,718,402,132,792,611,19,678
355,72,125,189,466,321,536,629,417,169,798,907,766,430,428,697,549,676,461,25,830,414,345,919,707,973,766,939,167,149,614,526,893,786,108,146,39,354,380,649,341,672,24,258,193,274,327,579,198,218,928,559,118,184,768,320,55,8,63,417,980,525,723,200,835,120,571,486,712,313,974,769,566,902,191,79,235,448,613,362,473,160,275,873,363,466,44,694,54,436,955,505,133,153,132,460,264,683,276,256,813,121,830,487,134,625,426,403,310,146,682,844,363,964,598,566,975,996,738,803,612,910,751,7,477,452,575,883,109,774,239,713,474,28,30,259,10,290,475,350,941,654,785,158,172,896,774,567,128,919,924,547,634,466,843,870,205,626,635,412,777,703,433,864,415,542,45,248,871,406,435,557,359,730,558,512,929,281,684,50,925,532,300,984,261,412,124,799,604,6,267,562,749,19,649,76,421,932,642,810,331,197,228,611,816,546,739,432,341,42,522,760,796,828,978,276,213,805,768,12,79,659,115,520,811,143,845,170,271,833,416,720,271,152,914,270,550,242,731,697,148,760,172,844,873,405,395,676,888,443,615,558,987,617,581,66,310,218,273,577,716,152,162,53,869,318,277,216,93,996,934,568,793,526,755,949,644,324,625,897,292,128,115,67,713,194,480,63,992,267,841,513,373,594,620,681,129,716,477,8,463,27,364,671,618,858,239,731,981,224,516,437,387,277,265,59,479,202,40,340,464,605,161,20,277,315,507,124,766,427,876,562,898,411,52,911,601,313,718,891,805,371,489,151,588,661,89,316,579,819,611,294,74,941,326,579,506,35,369,127,148,415,430,379,770,174,157,844,557,139,843,429,899,376,976,407,166,774,375,628,469,137,424,858,137,991,369,943,525,119,234,767,694,149,371,70,637,25,929,31,195,878,197,368,734,883,901,461,474,61,329,896,632,254,793,504,914,217,123,243,406,612,387,357,764,2,0,438,236,731,62,838,214,504,427,644,553,582,745,835,443,685,327,436,291,57,501,439,311,8,955,700,779,352,760,7,750,847,605,356,707,303,227,138,533,431,597,462,818,42,19,427,967,275,476,689,302,582,517,916,777,882,604,70,491,133,767,549,670,172,948,881,56,37,74,932,191,21,24,623
983,667,140,841,134,645,973,693,548,977,146,933,955,252,618,708,899,560,295,137,320,734,656,327,336,646,394,984,323,163,705,661,724,128,185,147,946,614,442,151,808,586,664,740,718,371,983,838,93,283,918,138,823,7,380,290,714,871,195,286,18,229,769,44,439,839,557,688,180,715,347,908,202,121,507,671,978,924,540,580,628,254,654,626,402,849,754,901,966,154,449,436,205,689,821,488,463,624,749,30,986,365,149,471,160,286,295,243,576,173,658,383,370,996,245,553,70,998,20,960,249,560,960,716,413,364,270,615,651,722,894,746,67,76,667,100,407,666,220,73,154,547,320,844,960,101,613,365,504,752,468,850,956,438,294,713,813,896,949,872,797,785,293,548,416,688,879,294,135,354,409,445,95,538,897,744,497,100,648,897,161,478,842,308,912,971,682,956,245,823,383,691,803,126,164,196,237,702,15,252,333,323,958,734,424,811,444,636,800,405,765,798,851,927,435,737,909,934,363,609,139,834,973,601,89,258,811,404,261,460,765,887,580,505,768,636,483,876,956,942,154,493,171,65,775,682,454,683,704,950,746,148,928,206,745,738,777,152,448,848,809,340,849,461,411,696,667,295,890,64,825,96,436,452,858,544,254,315,386,758,975,490,488,488,250,340,24,225,824,200,663,98,698,378,447,817,465,34,112,648,742,981,895,674,221,566,345,55,552,64,62,295,353,665,687,889,497,321,206,284,570,982,765,304,849,924,867,966,427,347,777,175,160,520,121,194,102,977,21,323,546,896,695,550,193,261,540,496,685,254,420,60,944,555,758,793,713,85,786,911,342,560,526,475,85,708,921,274,220,979,843,304,977,437,931,956,422,742,358,430,866,126,546,453,177,776,797,66,855,325,808,193,515,898,582,447,847,871,431,991,801,17,783,111,583,507,541,765,86,711,506,956,575,125,355,124,37,713,374,888,61,509,984,80,364,102,270,748,44,659,293,890,66,296,173,54,369,165,984,760,919,883,902,610,991,711,599,625,321,280,577,175,536,212,119,944,949,394,995,517,120,591,763,633,185,700,65,338,45,921,416,780,186,242,249,867,646,533,9,632,477,899,568,602,683,639,227,852,885,82,870,995,853,632,890,998,61,827,863,948
725,874,724,30,647,103,835,755,17,534,191,277,426,486,590,14,344,788,363,354,544,173,975,611,490,708,130,663,616,616,29,60,271,396,458,18,952,970,136,518,182,434,341,700,89,4,997,475,96,618,553,793,945,538,903,530,911,310,233,897,121,962,446,305,793,15,743,395,498,634,672,860,502,330,273,624,176,271,959,260,918,476,821,607,967,615,527,21,975,515,931,994,741,658,577,402,729,482,639,639,334,722,174,288,479,735,323,147,323,34,535,508,347,788,902,19,673,555,290,283,648,808,323,448,667,212,208,123,734,935,556,373,206,1,496,929,776,349,145,660,747,505,729,211,711,623,695,442,968,990,696,984,670,253,289,847,877,406,482,532,911,865,547,38,600,34,171,6,263,938,427,542,847,844,827,334,192,961,71,663,713,171,996,257,108,716,561,14,273,225,400,662,60,722,856,665,682,199,911,139,866,170,536,978,73,338,601,478,136,188,891,62,212,440,511,266,582,126,713,223,425,39,649,833,803,292,484,280,655,862,830,683,646,3,550,999,896,617,600,488,721,622,240,338,633,629,981,572,346,466,839,478,607,84,927,518,169,972,711,846,66,564,463,184,73,46,898,80,746,887,619,81,787,287,281,491,334,396,54,624,556,849,434,394,875,593,707,936,722,78,503,154,940,884,784,566,688,249,718,12,274,239,979,119,569,338,602,193,482,795,391,397,370,873,20,654,682,118,73,42,441,201,930,840,309,846,723,254,991,536,540,245,84,261,723,126,179,75,655,194,832,849,40,934,81,239,514,624,55,159,421,900,411,498,445,97,127,280,981,902,678,408,282,649,828,931,670,417,571,456,631,335,552,210,619,936,888,124,487,53,24,206,933,37,881,308,143,172,800,388,128,229,375,200,35,126,544,497,844,381,911,555,812,23,351,345,624,197,492,481,71,62,883,940,338,328,495,399,116,478,993,69,259,418,103,419,934,365,414,975,900,623,477,129,455,603,621,182,488,420,100,82,255,231,256,152,857,719,610,963,108,644,370,495,512,953,857,837,859,815,349,415,800,724,876,581,171,199,316,478,264,947,650,503,335,118,500,681,540,330,430,586,732,571,88,51,777,422,728,703,735,555,343,236,426,515,526,599,119,874
205,974,905,299,985,940,462,677,793,226,867,126,335,205,859,805,74,508,195,326,920,488,39,398,568,939,174,890,811,756,682,80,342,65,352,503,471,535,88,359,345,833,181,146,927,810,872,170,503,843,765,52,988,318,160,42,642,604,968,496,909,0,375,125,280,3,123,173,933,57,44,981,52,728,626,790,642,898,260,839,250,566,323,476,750,609,730,513,973,815,250,579,629,358,589,371,321,827,515,685,170,86,460,588,422,477,255,15,550,658,888,666,441,753,243,251,310,283,247,18,939,661,712,245,595,830,510,705,373,555,291,828,570,812,82,773,567,624,207,327,655,293,859,318,183,792,934,441,404,344,765,686,6,914,76,517,269,638,394,517,380,121,997,435,721,381,598,867,146,643,109,335,917,396,214,123,177,577,660,31,39,902,302,734,466,802,417,520,646,352,178,576,386,742,127,528,584,323,504,451,900,472,676,554,464,719,99,58,908,953,993,700,972,334,661,991,616,400,873,426,247,434,76,654,708,917,997,583,80,93,50,30,153,141,897,512,966,820,469,720,553,667,184,91,155,215,518,156,193,936,199,759,473,869,870,644,241,572,726,459,610,864,944,767,694,699,411,146,861,348,64,159,297,923,934,48,631,513,68,417,357,321,747,665,17,172,209,443,323,306,166,546,580,327,804,197,454,759,457,287,997,349,273,622,698,392,753,759,520,475,663,41,760,220,755,578,448,918,701,144,15,938,692,391,534,48,26,492,372,992,240,818,457,988,923,864,170,494,797,30,233,488,919,600,603,654,851,75,432,880,270,929,460,124,969,123,784,687,896,211,872,325,268,118,916,462,889,939,913,927,878,888,878,537,17,63,920,252,20,569,49,956,861,473,29,261,71,953,869,265,612,762,796,266,167,598,671,371,180,457,642,53,254,425,507,380,767,401,473,834,798,225,591,620,888,928,287,264,311,716,705,407,771,574,446,493,367,925,311,340,452,678,738,126,363,870,155,418,340,614,474,215,671,442,612,628,43,325,755,397,537,912,99,453,80,274,400,677,607,807,234,840,911,518,581,913,599,73,71,701,723,130,218,853,782,829,180,564,383,263,725,229,772,501,616,913,225,422,827,343,206,246,660,931,89,435,947,534,933,620
98,608,432,999,228,516,928,654,724,861,383,685,550,75,516,15,1000,865,234,939,730,176,991,539,191,78,733,907,807,397,977,590,49,693,530,545,713,104,347,91,227,557,824,102,378,275,523,53,878,948,221,972,817,167,152,25,111,553,646,433,696,616,395,181,977,762,465,164,833,546,128,751,501,482,325,478,504,739,534,120,156,356,198,925,237,768,102,235,601,144,971,728,717,996,664,389,384,227,571,404,140,791,755,388,142,213,651,193,354,620,786,900,853,531,217,249,258,732,847,25,251,222,258,782,836,358,397,50,624,191,928,921,673,983,857,458,156,589,960,977,309,60,124,836,571,116,613,636,577,605,305,53,810,803,763,729,1000,683,295,370,687,868,226,340,714,31,985,505,30,493,823,665,514,812,393,413,113,859,63,289,435,398,217,473,415,576,604,216,549,508,954,885,523,427,910,795,747,853,83,529,128,199,380,284,846,573,670,808,113,704,912,259,948,33,948,591,377,142,934,733,985,587,459,416,195,306,863,53,317,706,624,752,535,976,342,208,264,317,416,674,268,902,527,335,430,344,287,317,55,950,201,711,954,666,45,84,237,375,536,337,830,143,503,925,142,611,248,666,489,76,838,971,829,813,232,435,239,503,280,335,594,865,548,535,456,610,191,78,380,659,855,569,998,213,676,700,65,580,640,310,177,485,931,322,697,401,451,533,77,654,192,167,261,672,996,226,513,40,650,650,898,174,548,849,575,809,254,17,294,128,278,39,276,726,221,929,508,137,675,458,456,457,699,134,845,111,617,173,363,242,193,452,128,154,929,583,476,869,915,14,372,402,986,97,19,679,406,714,197,626,85,974,852,140,546,70,756,985,606,354,592,225,438,447,680,218,192,648,444,185,650,941,887,64,285,674,846,529,178,455,74,480,95,751,693,778,366,290,167,646,93,767,314,149,404,207,928,750,154,814,996,901,48,575,598,332,250,74,669,304,16,180,60,340,662,88,180,86,911,605,96,886,343,666,634,958,336,555,624,419,36,586,958,316,564,167,644,303,625,850,32,922,156,264,302,357,128,926,754,551,444,47,306,671,678,855,743,950,736,892,147,494,410,908,15,834,650,723,632,794,150,654,729,480,889,227,436,718,778,420
136,895,412,331,173,632,792,622,984,804,570,951,781,328,367,768,195,696,961,94,410,798,455,544,516,876,524,134,464,973,189,321,508,636,861,670,98,254,423,839,909,232,858,233,701,786,853,646,327,564,511,197,147,13,415,943,992,843,840,421,656,357,639,408,825,859,523,54,248,863,397,698,647,788,63,232,760,255,976,819,873,136,481,386,912,258,716,402,646,62,631,312,4,729,356,746,181,981,946,398,394,483,36,756,696,22,51,959,165,374,183,947,552,627,48,641,669,874,640,51,900,379,119,458,736,999,304,745,949,925,156,93,46,50,938,239,998,949,167,885,600,534,737,416,554,572,956,490,664,550,108,108,813,52,843,465,907,395,153,347,294,233,746,295,76,843,923,982,755,843,783,24,12,32,996,823,606,896,967,196,707,242,612,615,825,278,399,824,971,847,900,843,734,98,545,927,403,558,422,662,662,687,536,701,814,24,373,868,527,523,834,534,609,838,180,130,240,21,190,634,812,607,888,83,863,218,599,152,517,830,575,64,55,337,884,958,854,362,595,83,882,716,124,336,576,951,302,449,661,207,125,320,796,686,731,247,175,192,275,788,718,240,745,898,210,426,517,640,865,600,936,981,499,478,49,430,426,217,194,115,927,821,8,776,44,455,698,881,354,875,551,885,677,112,939,398,785,909,123,549,172,973,53,469,453,403,123,866,972,257,911,244,830,360,95,191,835,737,562,618,829,178,536,365,185,691,588,171,0,618,942,405,492,315,141,550,491,753,619,105,655,454,816,291,501,694,910,125,724,52,992,545,888,173,181,310,364,671,326,393,739,370,506,856,704,775,606,741,430,18,871,394,766,11,699,877,423,692,595,534,282,946,390,733,584,38,451,393,27,651,272,727,966,89,470,549,863,108,5,651,418,472,560,180,590,402,874,22,657,223,328,985,312,890,871,843,659,438,569,482,67,371,440,666,727,177,894,494,874,387,624,707,298,345,420,244,680,145,588,837,469,400,180,34,703,215,691,169,179,674,269,651,8,531,543,466,309,696,79,747,907,152,481,76,480,131,729,356,212,687,363,316,89,302,160,132,811,619,125,568,46,793,462,736,560,872,959,344,792,305,184,649,316,204,428,123,898,453,615,944
554,374,685,557,2,783,594,896,971,980,27,256,673,795,232,166,989,550,321,645,611,319,378,984,646,519,195,754,309,73,954,766,366,957,788,179,301,535,595,40,653,24,650,862,302,528,279,721,141,785,588,357,959,197,845,396,708,879,1,591,688,240,638,558,297,118,163,836,133,887,217,985,778,224,964,825,726,410,662,328,96,217,439,421,864,494,373,654,653,268,167,429,509,574,864,752,945,244,997,906,143,580,191,145,207,409,345,142,147,412,444,646,816,141,87,14,97,649,625,259,746,172,254,8,254,516,468,589,308,931,546,452,803,256,333,794,682,170,968,954,736,19,340,745,780,873,588,840,493,580,83,512,117,733,985,641,598,464,622,923,207,490,34,541,1,268,440,170,890,81,480,177,867,642,950,90,294,405,668,845,647,947,981,969,869,540,823,252,906,71,361,692,12,991,626,346,123,16,180,620,115,397,892,931,478,229,51,41,555,304,994,279,723,103,196,152,496,692,479,763,575,939,937,186,943,375,686,739,745,312,214,493,373,515,903,989,993,843,182,38,898,868,812,775,805,675,291,286,282,389,58,174,627,455,130,687,669,199,610,914,338,39,970,127,726,396,747,353,808,10,524,507,483,905,706,129,431,111,242,46,349,162,815,24,806,309,182,110,332,898,820,73,490,696,328,777,825,682,187,974,824,939,599,324,990,247,952,385,371,636,854,887,950,432,276,415,843,948,652,301,50,578,48,53,175,374,905,276,183,757,994,622,912,714,101,934,933,970,912,539,867,234,826,25,52,614,61,802,987,533,967,692,291,65,905,723,533,888,371,819,429,405,377,278,795,738,742,857,966,986,587,457,110,488,541,643,489,226,928,131,578,134,491,39,933,833,230,450,904,358,581,909,813,517,661,903,833,341,997,804,124,254,937,214,572,773,631,678,229,654,848,619,134,363,534,984,796,403,272,256,359,979,180,698,795,352,965,664,975,646,267,954,653,20,944,826,844,180,290,786,132,42,94,960,832,415,117,768,588,428,970,727,682,180,112,88,11,984,820,714,761,65,971,85,213,697,336,785,973,786,138,560,575,666,690,820,125,47,664,332,79,833,643,141,939,182,615,996,399,3,752,157,692,739,117,197,263,61,445,816
824,892,818,92,23,835,139,796,386,906,247,110,41,214,405,362,854,390,365,682,118,809,150,805,218,575,759,53,840,267,532,951,586,412,566,884,913,66,763,604,88,354,245,758,288,279,508,188,325,869,237,902,958,753,264,98,146,567,635,403,414,738,52,51,205,91,947,603,815,742,146,924,49,813,691,743,962,19,89,39,341,333,913,9,275,626,709,813,608,898,849,965,212,92,592,55,435,776,264,357,644,833,495,603,794,611,647,985,983,466,925,836,309,102,396,270,632,371,308,316,382,745,470,966,78,80,602,912,854,106,750,67,279,240,388,995,766,672,133,209,549,392,796,986,472,896,414,111,11,668,30,808,332,188,422,175,41,77,149,763,565,620,405,845,729,664,152,369,452,822,107,578,711,784,533,586,78,76,573,99,861,65,798,789,503,507,513,571,884,732,997,70,280,882,601,828,880,347,532,687,621,95,933,317,860,316,829,523,876,228,528,250,166,188,306,194,834,95,805,628,695,817,168,143,611,526,346,719,182,411,976,331,627,471,814,674,877,118,610,377,941,11,144,112,676,128,621,687,180,315,554,156,768,898,731,223,373,609,792,590,415,194,489,1000,204,857,196,124,62,822,652,855,59,995,678,194,737,626,447,284,770,52,84,635,467,91,724,989,630,954,138,3,478,89,752,477,948,964,427,255,586,356,308,333,612,36,641,594,896,253,3,936,573,593,836,289,684,523,799,59,617,252,766,10,543,53,832,905,590,637,297,616,467,95,877,395,561,985,404,697,345,78,806,155,697,516,475,108,153,771,93,992,169,435,495,264,192,146,283,25,663,227,900,480,478,28,321,574,454,893,909,12,103,758,213,129,269,552,960,508,499,527,135,6,75,846,938,158,634,967,748,159,600,289,866,610,224,903,34,654,890,860,209,543,339,556,993,287,118,820,800,457,375,480,511,606,688,603,718,582,891,383,841,978,648,801,940,454,678,669,104,789,73,90,294,321,276,524,19,423,855,31,865,238,800,754,279,680,352,425,350,292,173,217,740,320,286,507,624,748,966,268,363,249,204,829,132,982,470,882,362,831,930,356,96,236,714,691,923,185,165,963,398,551,697,79,307,427,875,713,621,456,878,664,968,770,666,142,868,938
915,611,571,959,812,368,854,719,366,562,654,694,842,376,446,238,796,599,849,197,359,240,420,916,438,19,301,237,842,784,881,515,252,19,672,85,896,518,118,903,979,773,747,394,264,411,710,509,547,326,633,364,236,535,372,842,437,684,935,475,397,701,122,529,80,969,986,166,176,508,612,666,858,335,754,665,387,173,201,843,214,32,334,32,704,366,567,133,813,49,640,472,911,384,223,154,519,859,469,694,729,93,550,880,734,716,657,339,302,323,426,883,841,552,116,40,554,775,879,71,526,75,454,762,454,852,610,957,936,653,379,367,636,558,881,986,665,492,927,328,97,136,811,346,516,751,597,533,700,628,676,863,493,149,572,328,199,883,984,99,189,842,652,420,738,706,908,605,888,208,768,413,437,46,572,847,903,734,531,759,811,17,407,659,698,82,962,952,640,174,958,617,519,778,917,104,584,819,867,435,202,121,639,167,496,174,368,981,92,555,562,101,517,15,697,799,807,764,595,1000,926,808,518,49,443,819,240,725,638,878,880,625,194,72,732,532,773,611,331,478,110,702,681,550,411,669,930,500,332,647,642,881,741,18,259,553,90,2,371,10,822,116,1,702,381,989,17,454,332,419,16,686,336,209,127,260,675,982,227,957,507,0,412,574,937,835,510,614,504,106,586,614,639,138,96,315,634,861,745,41,409,222,20,420,201,167,327,492,949,397,734,825,312,274,726,456,84,811,827,577,341,699,837,179,350,873,926,409,463,242,335,786,395,86,489,394,940,947,611,51,300,246,115,194,448,2,552,437,27,752,439,377,107,844,818,443,657,854,190,443,293,727,243,81,980,1,878,29,321,154,129,836,243,970,345,489,366,498,540,219,476,368,962,660,729,600,27,149,548,666,493,385,666,204,101,181,863,181,182,478,153,319,533,919,725,877,924,524,273,584,309,767,178,988,554,153,89,691,346,267,544,25,958,540,938,979,871,639,803,346,861,793,701,44,77,162,769,217,562,48,840,758,232,673,331,36,68,962,199,23,514,567,743,871,414,156,78,408,554,620,708,906,565,80,503,932,260,607,74,641,401,159,376,561,342,751,313,634,755,423,528,968,366,289,376,719,956,343,207,774,671,380,816,612,820,300,286,304,307,522
436,683,669,269,561,917,682,252,480,441,491,67,70,747,599,817,643,195,793,712,640,734,585,782,948,364,485,672,526,418,68,266,742,888,333,142,142,752,379,537,754,780,491,906,331,66,835,746,727,78,853,597,729,528,746,667,310,88,734,163,391,285,490,783,606,73,125,89,64,71,686,436,823,453,689,345,617,22,102,347,26,510,195,193,778,759,386,924,325,470,788,739,426,109,457,839,504,765,585,906,437,877,334,51,466,529,312,84,52,876,478,651,116,427,276,664,321,639,298,500,302,245,638,679,7,814,79,929,85,659,212,658,138,456,517,701,938,449,133,239,403,573,139,812,297,937,870,636,616,636,539,231,808,828,208,475,116,649,38,433,933,671,444,725,886,995,324,809,474,222,364,834,831,830,45,112,282,991,802,70,240,653,84,344,774,669,692,484,413,985,975,869,842,931,269,770,346,436,96,249,834,315,570,163,860,765,329,505,210,779,739,415,636,261,465,304,427,491,145,743,582,985,583,756,138,881,693,523,176,669,308,418,940,885,334,482,517,431,840,292,385,934,846,373,593,998,859,271,298,688,372,780,649,922,960,802,621,53,772,555,321,211,606,407,378,483,505,223,326,6,969,651,478,986,231,458,78,921,177,577,261,144,193,127,451,821,276,553,237,930,32,372,314,489,79,386,650,355,818,867,901,461,607,68,390,447,52,561,154,194,639,117,207,724,412,953,211,418,966,269,301,715,210,665,76,485,494,718,521,598,945,345,211,552,588,745,297,743,977,188,775,656,163,191,768,371,307,52,76,834,838,611,851,782,209,663,812,154,393,552,172,339,412,98,42,400,254,699,466,284,973,861,676,64,850,9,745,418,846,793,100,337,225,455,881,682,378,588,271,390,896,554,693,518,650,870,146,318,876,304,930,567,866,764,243,593,934,457,499,504,602,791,928,705,942,272,973,876,407,384,223,927,511,148,174,977,119,609,1,393,876,969,511,996,230,962,193,863,330,456,490,748,965,206,584,744,271,391,739,73,208,344,125,854,386,304,125,452,60,544,922,936,739,908,518,393,213,247,784,321,972,327,25,384,602,999,336,125,639,735,481,316,660,205,290,666,916,835,946,488,64,27,836,397,461,861,913,38,908,668
194,718,990,711,592,520,445,794,202,859,35,461,677,633,852,433,520,659,559,86,961,461,34,317,982,815,759,751,261,86,789,450,210,444,415,564,70,455,352,292,390,777,248,548,99,690,854,530,530,170,48,420,755,966,486,382,677,601,218,7,663,808,833,133,85,460,533,372,587,48,27,783,312,197,374,832,244,948,194,452,967,763,616,432,954,863,777,642,784,803,104,255,667,951,311,641,982,996,173,183,431,673,774,146,173,386,85,980,174,774,340,95,919,278,744,716,149,435,406,142,740,31,606,54,15,484,207,279,131,421,676,6,143,524,618,171,320,711,744,343,999,233,993,919,956,405,26,999,836,925,313,909,430,627,743,295,263,820,9,838,566,86,629,837,246,563,206,234,929,485,535,314,231,739,881,321,472,251,691,402,915,149,157,372,490,569,759,345,992,136,413,964,422,850,927,272,926,532,292,68,574,371,642,182,883,921,19,454,881,99,718,956,717,149,630,457,786,168,271,39,847,173,215,34,986,765,647,95,885,580,835,958,194,43,650,274,220,933,854,451,638,435,109,608,649,957,14,444,430,113,715,434,238,768,568,367,205,316,438,33,515,572,562,179,658,575,88,441,901,923,702,424,665,415,595,116,468,50,814,350,523,559,2,129,958,359,955,302,426,68,542,998,191,250,130,482,444,70,828,487,492,831,65,337,131,948,929,847,346,614,858,903,440,279,904,569,494,48,183,770,515,5,991,653,697,248,473,711,735,520,454,64,904,702,13,896,596,411,888,438,657,130,333,278,323,783,643,704,658,913,403,859,157,582,952,126,705,420,822,91,997,33,599,761,437,392,297,854,970,548,982,951,652,523,217,114,973,492,37,756,293,692,41,556,113,611,791,844,101,961,105,990,666,999,260,692,112,988,438,598,2,440,785,969,484,925,787,296,858,402,423,573,268,185,480,607,885,340,328,234,738,433,149,727,422,257,85,497,444,893,833,415,489,314,668,362,488,893,64,949,569,639,506,396,470,871,424,902,189,859,471,547,154,58,244,183,907,276,813,907,482,195,391,869,558,17,374,509,789,559,879,825,81,2,32,967,496,152,191,496,21,209,473,995,772,414,695,976,367,951,688,199,896,594,760,406,513,758,423,315
756,335,814,920,563,265,384,315,41,607,688,332,48,557,706,672,453,557,494,234,961,127,610,541,561,724,547,143,371,844,690,923,398,241,319,832,307,420,89,5,333,820,270,269,929,411,588,62,976,791,125,292,492,751,372,445,612,483,439,485,520,508,548,498,951,164,517,37,119,339,847,967,269,260,416,583,942,955,187,695,12,954,135,788,349,995,449,127,413,411,121,56,88,761,896,368,528,759,785,31,699,785,6,125,737,334,968,501,388,714,840,276,992,928,910,294,957,153,217,376,19,939,982,492,839,83,159,202,60,303,72,706,342,180,927,376,205,869,389,52,397,778,983,694,291,711,440,141,369,466,86,23,546,843,102,796,465,260,818,497,672,538,309,292,745,101,265,247,2,37,503,397,726,575,519,691,850,627,370,603,182,801,124,616,884,99,147,292,752,868,854,149,255,379,476,381,590,595,851,384,149,237,247,887,492,204,479,634,18,575,873,685,810,526,296,487,552,767,927,812,895,464,987,659,246,791,235,610,9,977,952,114,31,76,682,816,14,796,695,375,229,938,87,192,738,85,842,685,706,700,59,208,482,1000,842,318,900,55,54,225,63,930,430,345,143,459,158,332,633,747,218,400,808,899,866,231,292,540,995,396,660,953,947,407,809,922,637,305,529,933,146,254,979,345,89,53,275,732,934,688,583,91,52,786,813,449,418,892,438,802,899,844,17,591,506,457,501,300,960,6,292,797,769,450,502,814,165,561,752,700,118,180,945,124,293,987,532,130,110,122,465,26,31,252,529,707,430,278,606,209,850,912,153,441,763,648,3,146,268,987,227,296,571,921,841,78,539,175,628,141,740,30,348,121,985,958,882,308,32,914,702,492,409,356,220,751,56,166,236,840,226,910,567,251,40,582,322,664,530,619,710,109,765,741,965,714,91,860,561,765,383,115,136,841,297,372,861,480,924,408,29,444,282,299,47,39,825,279,417,541,204,11,381,166,670,829,182,582,871,634,385,360,762,993,213,587,140,666,440,207,198,720,375,798,883,655,651,97,20,987,155,923,324,863,233,867,371,327,352,762,430,10,624,539,825,571,823,917,418,512,330,940,441,613,90,717,461,683,246,563,324,833,500,833,348,677,499,752,276,984
460,91,778,794,51,400,164,973,291,735,896,295,177,140,488,921,62,884,47,848,418,126,892,989,800,149,144,9,923,268,856,222,464,493,575,835,288,949,886,381,240,722,976,669,512,623,314,168,544,699,452,231,463,926,153,516,623,149,781,222,790,682,560,28,496,719,847,263,571,794,141,879,641,136,456,424,716,951,431,910,813,156,165,705,231,784,934,69,887,571,818,801,1,86,244,277,680,21,818,635,499,626,745,486,61,693,172,229,92,111,577,135,962,354,378,278,620,513,741,796,837,232,481,359,953,593,976,847,81,20,646,609,730,959,948,54,6,57,60,285,135,185,659,769,193,357,193,684,61,886,437,248,789,731,160,618,414,147,674,532,860,780,727,108,284,685,357,940,23,646,97,715,700,576,590,532,479,56,973,542,202,846,140,296,287,309,220,554,686,296,85,907,563,50,294,804,694,755,70,444,592,140,789,824,0,286,516,72,818,214,243,917,481,203,271,715,44,282,790,944,333,972,963,174,520,677,826,997,936,501,989,631,959,625,184,600,743,996,392,92,61,932,81,605,644,860,961,755,560,185,34,751,490,423,71,23,799,377,111,25,49,695,341,299,415,714,248,936,198,431,504,187,118,241,186,390,121,680,299,95,101,456,681,235,409,794,552,402,610,366,745,188,232,97,620,73,146,474,936,19,755,8,998,200,986,154,622,849,986,314,186,952,238,132,145,836,601,513,130,864,70,878,798,485,975,477,970,184,394,576,138,743,157,756,434,817,998,234,221,738,479,982,65,166,413,19,594,56,81,5,798,621,25,459,809,493,244,466,514,435,481,742,178,812,520,31,759,836,804,182,694,446,891,358,673,893,765,348,753,584,450,842,224,571,420,325,87,276,801,199,510,20,551,739,662,464,178,103,48,796,482,831,976,24,415,293,689,324,409,278,841,553,164,641,790,575,291,243,516,641,174,365,266,80,391,29,945,263,274,435,801,792,275,971,962,560,533,428,843,240,250,194,866,741,917,455,450,723,259,618,32,868,576,296,193,607,232,466,535,931,988,478,4,485,938,705,103,615,991,985,258,891,55,30,245,684,630,279,432,665,263,300,959,193,330,614,617,820,175,976,20,463,50,786,424,260,907,346,539,929
301,2,596,121,510,400,667,485,230,903,591,845,227,532,866,860,703,892,954,509,379,345,207,268,623,140,390,17,910,431,271,732,418,21,268,976,920,150,246,951,887,23,891,394,997,840,672,901,816,85,649,977,783,646,759,629,203,618,616,636,833,792,725,606,730,569,428,389,823,15,887,419,522,351,659,12,399,9,799,242,637,154,735,798,392,499,933,324,604,336,751,56,82,53,111,910,107,254,839,128,836,456,926,873,298,869,892,726,603,40,871,152,549,581,259,81,825,587,972,113,244,513,337,381,359,943,401,538,811,889,628,956,690,899,144,703,975,989,91,593,291,681,695,471,78,139,102,731,623,241,815,761,739,915,192,990,824,137,348,73,75,606,5,753,311,681,211,493,202,435,602,641,361,968,699,612,814,907,543,502,464,397,777,628,638,387,578,325,879,182,630,543,560,26,560,736,238,285,353,353,425,741,452,861,133,163,898,785,548,495,877,950,234,474,710,98,309,575,261,303,464,10,944,814,47,421,86,652,172,365,224,13,662,887,651,733,508,981,628,102,728,531,944,103,772,455,224,257,277,870,731,615,443,622,965,484,214,715,576,535,330,129,660,63,610,788,531,776,380,282,425,954,628,761,85,660,459,240,354,10,603,882,391,209,753,392,862,435,369,231,176,134,738,90,351,287,375,217,958,974,734,75,331,766,578,997,601,654,248,808,821,639,692,356,298,254,534,171,648,454,470,878,923,367,56,679,218,822,550,451,936,598,164,1000,236,712,882,403,540,429,882,746,243,556,729,991,174,992,619,172,380,381,719,131,855,790,687,823,910,263,137,450,876,202,7,891,307,304,108,421,966,353,792,756,545,625,660,162,234,603,941,438,835,457,74,988,725,470,268,976,149,131,570,884,421,795,210,583,649,529,9,136,641,476,119,340,169,373,500,980,468,376,432,542,799,742,48,293,657,475,73,708,714,987,90,95,845,796,426,448,864,364,580,339,851,991,893,767,281,943,764,994,379,197,820,225,802,514,541,882,201,742,440,837,251,475,717,175,231,75,44,121,183,396,154,497,893,556,390,375,160,752,422,51,643,824,532,778,626,779,223,91,908,519,149,619,17,104,846,350,772,986,419,116,775,619,370,198,629,991
647,16,138,140,682,928,424,935,523,64,387,170,246,317,490,361,89,788,338,704,653,915,499,601,537,635,60,87,666,266,4,115,589,630,348,465,183,190,146,790,314,943,11,600,623,4,810,234,702,44,151,286,43,795,755,962,138,306,922,772,92,424,86,536,104,376,138,455,202,711,901,925,156,88,45,936,397,433,600,996,288,329,461,347,218,556,274,585,533,513,137,293,373,417,61,656,41,590,267,586,656,410,729,98,976,234,862,296,939,775,980,292,234,596,843,666,331,505,178,835,440,347,85,194,516,598,326,454,316,256,737,33,772,134,528,110,978,974,330,374,598,358,941,427,20,972,852,681,762,556,494,304,677,679,627,504,939,984,655,762,528,585,117,413,41,40,585,389,249,742,976,11,778,661,806,244,900,438,326,861,359,577,553,692,933,287,312,957,686,906,807,130,951,118,574,637,984,424,839,574,321,81,40,237,660,433,172,280,607,391,946,284,969,446,664,526,291,146,28,460,267,827,289,664,998,196,180,241,72,39,810,379,150,62,975,157,608,441,482,41,33,457,423,217,787,114,246,726,537,919,600,95,401,302,89,555,585,937,333,421,368,489,870,805,608,785,424,625,370,312,167,427,841,986,726,595,863,128,71,928,870,207,999,699,871,682,668,845,42,692,84,787,562,343,414,781,874,288,530,949,886,344,450,398,129,390,40,825,611,10,470,320,873,588,805,989,641,181,493,864,142,518,171,124,944,734,237,559,517,882,919,311,298,818,305,408,132,576,525,96,650,236,912,761,348,666,994,434,657,515,794,265,873,295,308,294,952,269,454,256,466,176,397,266,459,378,187,591,641,654,323,328,462,197,489,673,788,461,830,772,568,836,406,108,86,419,184,946,672,842,182,807,958,60,871,707,265,979,572,608,150,454,615,251,471,285,637,437,294,0,576,911,27,203,339,598,720,348,484,975,259,794,501,629,867,797,20,597,145,214,903,752,922,153,284,510,764,876,802,796,988,882,523,701,80,306,961,918,36,801,777,124,285,740,672,92,422,40,697,953,524,778,786,897,399,271,858,930,84,860,593,363,953,168,610,465,126,226,122,18,260,102,204,244,56,405,62,62,948,706,802,828,161,166,187,650,794,920,293,951
467,738,267,703,802,320,244,691,166,126,657,455,538,360,399,819,85,503,451,381,270,927,565,385,518,156,419,85,812,270,930,883,237,854,658,330,890,777,964,710,102,647,849,543,476,498,912,408,470,959,666,93,922,755,813,977,683,245,605,195,453,111,694,309,111,223,142,411,26,641,25,595,742,202,211,19,176,723,926,146,447,153,500,512,845,548,292,286,996,326,516,591,526,895,727,227,598,185,172,590,655,595,803,466,274,700,445,310,981,648,573,323,163,849,414,14,642,79,725,938,542,391,85,762,140,300,315,530,906,691,193,268,312,530,949,386,164,667,935,57,261,610,595,729,943,981,971,595,188,759,415,348,76,600,125,317,219,511,273,546,161,809,463,165,382,123,176,918,603,311,350,375,613,637,38,989,131,31,208,751,549,638,867,448,237,264,977,236,51,143,956,160,813,834,41,336,895,349,834,835,833,751,660,473,546,135,18,373,465,519,568,146,626,492,726,898,382,900,237,121,985,782,558,393,609,862,36,753,791,15,890,954,526,419,580,817,933,2,491,798,486,156,389,412,617,885,246,292,73,85,706,337,382,352,583,225,875,399,928,291,680,884,550,369,325,546,990,105,692,527,149,140,613,697,701,220,537,816,282,737,248,913,855,379,869,85,688,687,394,20,99,873,156,291,356,433,125,722,887,680,795,762,395,49,695,169,447,150,830,737,567,690,391,261,210,171,673,895,734,199,748,345,306,412,516,82,776,468,823,259,453,994,443,262,12,797,321,179,463,258,117,343,234,600,753,916,107,402,959,442,873,516,937,750,11,370,380,731,437,145,915,569,285,856,508,268,981,41,521,262,753,794,351,150,430,521,609,413,782,687,380,320,329,610,307,81,383,856,116,876,254,96,192,833,561,403,473,441,35,557,225,282,882,368,947,93,239,229,372,483,837,707,143,701,269,27,290,177,995,530,845,325,416,110,873,533,856,170,533,196,312,12,276,624,329,956,687,152,27,139,597,185,348,644,639,19,388,17,630,802,259,311,499,749,507,168,846,721,845,3,361,586,495,606,705,204,679,348,458,293,916,971,491,640,335,293,352,878,211,886,375,932,524,882,668,890,634,579,637,794,410,399,781,145,469,732,342,694,791,563
378,815,953,516,419,594,842,258,286,933,55,168,292,915,638,555,787,86,180,631,30,307,105,383,322,745,589,130,156,485,348,757,5,609,700,567,998,359,707,605,898,574,805,667,111,958,741,753,139,942,893,930,869,461,817,263,207,788,958,226,23,680,263,715,607,543,341,965,234,10,998,862,42,750,392,180,7,484,865,96,328,340,597,644,928,313,689,979,116,785,739,32,980,351,501,899,253,329,850,175,566,232,958,556,101,703,44,170,196,960,358,903,52,92,534,926,592,195,965,700,857,773,622,366,170,66,827,271,957,124,822,765,274,117,257,400,378,224,794,665,726,650,849,716,729,848,111,56,292,151,439,976,160,265,423,65,787,385,220,505,594,71,325,314,178,830,646,828,2,534,33,362,619,353,739,994,818,771,172,667,493,886,562,201,346,578,161,326,13,99,960,570,591,783,391,705,163,39,989,161,163,700,877,937,853,40,895,546,517,872,471,486,386,184,499,228,566,485,9,128,997,473,909,670,616,810,524,946,615,495,586,563,532,450,146,855,356,981,775,724,44,103,894,658,737,138,250,132,318,60,23,143,104,259,253,276,177,32,476,425,156,40,637,775,458,278,940,124,928,802,16,216,747,587,948,164,727,180,168,923,649,30,901,299,931,850,414,191,830,59,419,442,541,4,538,611,335,720,259,642,925,882,549,155,426,48,552,321,20,384,396,951,163,828,537,277,105,412,771,475,449,423,321,15,638,242,571,233,63,989,623,989,787,5,42,113,977,280,282,292,733,56,414,985,640,128,23,138,577,540,864,479,860,80,517,417,561,693,380,447,575,154,665,830,809,838,322,19,21,448,859,908,416,529,695,716,587,110,836,658,252,978,551,812,303,133,30,514,917,920,765,666,950,736,535,628,215,644,548,358,604,212,22,768,991,559,711,264,265,288,517,710,826,991,931,626,395,237,299,358,441,707,480,712,761,466,394,507,885,944,279,590,307,273,508,575,977,90,205,914,867,310,790,678,322,89,652,996,395,749,949,42,703,955,481,743,296,473,291,209,72,112,15,779,785,745,996,968,397,952,411,965,382,681,582,322,273,277,950,45,282,722,341,614,622,511,653,864,832,937,880,212,997,531,847,43,290,552,476,801
296,881,592,13,894,794,169,774,104,873,433,40,243,175,963,341,245,454,726,150,220,278,188,162,617,152,309,694,136,98,0,545,412,686,970,253,963,946,291,932,842,26,163,657,432,409,486,888,33,29,396,889,321,900,742,417,295,852,377,192,636,402,779,74,231,890,530,242,890,894,762,460,113,934,681,443,406,531,152,1,332,536,866,514,740,372,726,687,374,28,926,667,911,315,180,843,471,763,165,723,826,811,501,843,476,286,510,621,475,902,147,272,940,443,916,920,991,278,311,891,311,431,372,331,914,468,325,809,66,348,872,490,482,344,561,262,849,242,234,110,292,653,145,338,278,731,26,975,550,103,78,11,55,523,583,439,566,778,567,863,544,780,580,585,830,651,395,67,178,466,832,800,874,487,618,995,488,393,66,534,893,536,572,496,536,8,708,461,521,689,483,580,578,270,962,344,124,806,706,288,127,973,906,480,351,51,483,21,8,86,48,468,872,621,486,898,419,807,26,670,867,157,594,733,414,894,14,688,296,205,794,44,961,173,340,707,572,751,996,205,439,7,975,900,101,367,81,22,375,444,76,966,669,873,758,61,56,138,993,958,910,10,508,402,245,916,341,671,360,158,131,969,705,970,949,301,302,294,728,215,832,77,847,732,451,998,548,305,591,552,495,168,492,104,859,409,396,829,938,513,370,245,93,63,900,867,711,279,770,422,177,303,70,279,618,612,244,467,295,291,421,463,169,287,492,709,406,275,551,592,93,36,905,664,615,945,902,873,139,601,809,275,572,868,193,373,167,94,569,793,351,166,94,359,95,791,789,274,957,143,955,246,889,371,667,73,468,230,994,683,86,981,381,405,544,380,420,817,800,925,90,211,760,710,705,387,748,621,668,904,32,934,72,908,472,853,358,258,922,733,444,540,806,338,648,775,820,731,930,625,913,918,482,496,451,67,795,811,559,229,433,249,985,860,194,17,833,919,67,614,251,840,822,107,241,985,731,164,899,618,284,294,89,460,930,815,713,307,23,273,412,502,352,428,692,271,443,763,93,74,718,899,173,756,92,49,422,530,801,518,640,870,696,477,571,441,306,230,751,879,113,394,655,0,62,998,984,772,453,740,344,528,869,774,597,310,262,107,263,375
729,786,559,710,262,790,974,920,113,486,277,885,68,346,528,709,271,553,345,371,116,507,116,643,780,760,199,577,874,835,328,104,196,297,764,933,544,197,834,26,949,801,314,417,91,858,414,514,774,356,503,314,92,173,38,133,48,491,371,645,191,330,268,338,320,447,370,176,70,865,538,579,276,772,715,657,339,896,933,164,822,876,149,630,379,106,832,161,863,645,504,73,852,596,887,953,930,842,312,629,352,646,355,177,827,303,876,290,376,977,660,868,134,10,825,360,580,312,736,796,725,645,422,66,240,24,534,840,306,603,158,531,439,367,734,184,911,214,586,367,45,344,359,862,410,614,642,915,394,194,477,473,123,307,243,132,466,49,199,989,213,706,941,874,311,110,793,387,754,914,819,963,863,968,730,666,677,810,106,283,176,887,15,964,959,151,108,876,288,693,446,239,44,930,788,258,465,247,92,572,0,537,170,78,567,950,274,634,603,697,510,591,777,650,577,594,784,720,246,540,205,998,350,919,857,635,798,457,578,905,292,943,303,816,686,61,883,505,10,269,978,550,535,827,684,794,853,413,328,404,688,75,781,319,12,535,302,193,968,172,65,318,785,918,656,816,879,213,819,352,841,714,502,43,184,646,668,126,579,908,861,3,64,193,162,441,452,434,788,815,948,187,86,581,926,250,387,223,996,230,380,577,260,670,638,288,243,28,184,232,405,72,986,355,644,702,67,164,109,958,958,337,547,441,174,275,684,873,132,616,383,557,300,43,797,77,451,423,112,487,904,812,869,840,474,398,183,935,123,945,414,896,894,960,634,477,173,626,794,546,857,855,844,931,118,586,832,973,960,373,339,192,170,691,703,175,77,627,471,538,640,57,782,158,893,819,473,561,990,958,106,478,775,180,64,162,944,666,188,622,22,653,75,110,391,419,32,434,6,154,711,66,575,382,318,283,43,984,74,525,784,889,378,786,956,269,447,652,522,797,974,870,445,666,259,638,340,877,659,709,724,57,886,475,215,338,979,140,263,244,492,683,846,892,382,898,652,903,111,409,369,445,152,707,759,801,227,524,280,199,292,692,459,447,885,562,457,987,91,170,705,464,538,949,266,848,835,353,647,778,49,736,361,731,126,800,611,8,687,861
800,279,618,912,389,715,867,768,14,632,511,65,384,855,663,223,255,483,193,844,356,406,876,921,395,164,788,885,225,670,465,86,106,126,987,349,183,90,505,610,649,921,109,12,843,376,160,235,729,902,825,546,213,917,436,442,678,668,430,172,225,740,766,328,900,350,883,974,111,246,592,115,612,677,371,820,234,344,835,281,563,304,778,968,73,609,85,569,785,181,538,23,774,912,533,34,139,771,688,655,56,680,212,324,688,531,241,217,2,101,114,507,704,662,385,126,766,884,64,655,783,491,152,751,563,654,610,335,831,102,866,206,480,172,762,315,62,500,790,585,281,983,634,790,426,932,21,710,898,133,219,674,557,803,134,82,70,465,898,395,282,979,424,851,523,296,462,994,114,233,246,887,343,818,881,958,675,568,161,163,519,108,545,740,336,180,57,646,953,567,569,940,282,514,714,787,844,505,909,923,417,614,936,171,493,306,758,419,217,766,53,553,835,339,695,123,337,977,566,110,109,601,554,893,477,394,354,290,823,244,405,538,456,926,688,277,311,772,781,795,58,394,598,599,898,647,915,830,610,156,150,133,888,140,137,649,568,283,414,242,64,888,437,517,186,788,342,993,627,788,197,539,783,118,377,831,788,404,77,328,294,630,723,204,797,394,243,277,130,210,946,115,781,919,273,219,700,111,815,578,315,212,697,647,19,485,731,354,398,357,43,171,576,205,721,995,420,501,653,495,805,443,531,745,353,64,580,423,579,76,859,267,417,595,84,813,955,547,792,225,391,701,532,51,58,968,305,224,161,644,274,95,537,399,879,796,521,978,946,975,173,680,89,429,429,9,458,610,491,999,923,610,448,964,337,572,837,451,802,467,718,489,703,18,661,479,121,52,568,798,672,248,828,441,949,875,178,63,122,682,128,416,532,65,409,39,913,387,892,842,698,479,605,891,347,66,209,928,623,121,611,717,568,234,661,681,285,140,153,139,814,283,323,204,351,199,135,324,411,54,801,440,526,208,838,957,827,133,559,389,591,712,173,609,537,225,982,361,57,917,606,70,366,27,485,325,432,539,548,492,112,18,372,566,461,13,630,558,710,838,780,262,984,66,259,659,421,977,952,228,102,946,890,931,454,49,952,530,638,463
165,27,553,67,111,698,202,726,613,730,178,645,549,364,457,772,760,675,136,756,485,110,473,913,326,98,644,195,958,367,694,7,340,858,444,237,89,894,263,361,294,37,313,699,642,940,64,293,167,421,377,740,640,540,572,419,535,338,861,739,57,868,814,626,123,922,399,662,947,865,183,400,149,991,786,887,29,857,558,151,848,840,768,694,652,782,583,77,392,461,226,433,334,852,494,947,656,661,91,511,42,554,613,443,520,95,385,982,164,6,864,64,621,449,63,325,283,287,184,918,592,24,866,588,252,216,440,45,251,669,385,37,736,141,211,433,878,565,216,992,492,500,519,580,879,446,870,529,366,722,62,706,873,139,987,677,121,240,586,508,105,546,718,592,825,68,788,592,868,159,86,59,717,531,643,748,679,284,278,814,747,942,267,41,851,853,834,685,635,610,245,674,401,863,126,870,362,336,242,661,704,558,64,79,426,313,281,946,97,307,576,104,659,387,225,439,393,106,804,227,565,467,691,748,902,605,90,409,958,155,177,872,334,535,263,59,989,465,122,809,778,781,196,383,691,541,557,839,512,151,481,78,133,317,508,228,187,379,337,588,678,935,426,676,673,144,921,592,600,691,600,483,419,352,929,317,243,703,594,143,120,321,709,370,745,591,910,616,924,148,541,668,586,238,822,756,486,711,457,168,414,707,558,208,665,627,38,616,994,333,442,410,745,949,954,299,392,129,843,834,621,144,79,368,443,90,137,308,618,376,880,572,59,775,312,927,794,449,874,305,945,594,609,11,309,932,935,136,364,686,700,46,634,87,630,7,829,224,666,556,282,738,713,680,613,892,57,716,31,12,856,494,143,634,688,992,896,9,355,301,360,775,528,959,249,664,650,480,154,283,708,244,793,706,654,717,90,762,484,555,287,262,583,683,382,268,262,459,218,344,308,0,671,769,785,953,801,941,83,743,411,654,643,822,826,186,214,877,422,145,326,209,171,781,690,559,545,389,408,559,965,341,312,765,183,608,510,240,965,699,745,981,674,65,852,452,26,511,744,409,326,182,691,672,710,191,323,943,273,458,943,51,544,976,150,808,541,629,551,803,415,285,487,808,108,872,210,398,174,171,27,870,43,719,60,352,278,617,17,83
444,52,528,639,516,512,597,317,858,738,567,969,99,360,119,255,706,33,479,56,947,788,714,663,333,47,57,956,310,813,657,558,753,51,332,275,950,990,816,427,544,779,850,789,714,891,813,213,865,350,599,187,804,524,174,961,502,470,630,488,895,86,263,428,702,524,518,50,46,741,777,878,52,808,457,858,146,915,257,624,156,795,877,86,650,740,944,433,182,827,214,92,594,359,952,116,528,870,207,407,944,422,0,451,181,308,831,567,623,884,9,466,518,305,199,486,539,121,558,540,11,429,120,899,868,663,553,458,139,913,169,692,100,113,32,294,63,55,852,660,421,808,795,501,336,889,5,101,152,791,915,176,882,605,672,188,699,563,958,582,795,241,863,383,97,666,20,293,479,502,135,96,751,632,811,215,907,378,449,729,129,110,563,251,396,823,213,671,638,93,914,455,798,172,209,976,470,567,179,450,945,240,138,337,651,314,489,737,798,269,615,281,456,731,47,887,606,174,990,531,961,248,544,22,83,252,966,286,571,54,617,876,42,85,542,352,442,445,321,318,267,192,502,47,626,248,748,593,856,498,271,200,564,530,225,876,166,886,722,241,729,913,873,947,381,61,634,114,131,538,999,218,273,71,654,356,83,414,394,7,296,343,204,892,151,434,898,297,161,38,2,545,831,684,519,653,729,652,456,637,942,810,6,972,548,768,172,131,561,313,676,526,886,960,271,761,113,736,833,713,395,149,274,54,678,39,72,388,709,433,63,800,2,316,461,27,83,14,244,591,476,70,499,412,793,414,260,838,446,227,856,59,1,861,563,280,659,915,955,223,376,445,919,543,707,313,930,477,344,28,721,452,684,326,997,140,401,674,245,852,751,303,567,414,31,815,39,659,742,876,795,507,954,229,914,684,232,430,280,440,400,544,128,402,824,464,72,745,374,573,776,257,766,71,224,441,691,749,772,250,336,700,750,718,37,226,536,185,632,169,197,759,15,821,155,542,365,424,789,830,52,119,31,985,638,719,33,642,72,776,335,270,452,405,88,739,817,25,10,942,91,574,267,78,34,292,845,575,914,429,310,785,627,227,222,809,971,348,834,374,685,877,751,35,719,883,201,188,257,914,243,130,962,646,147,187,714,539,110,782
721,745,375,255,129,398,617,936,293,738,911,178,502,321,472,865,492,410,451,139,326,796,942,584,863,432,274,265,703,978,397,385,217,261,825,499,507,726,488,406,91,654,576,705,661,159,421,554,47,366,47,722,858,235,470,304,104,951,778,39,838,427,965,259,387,446,886,299,433,442,709,374,132,965,871,272,270,788,398,718,600,796,308,67,217,278,856,509,215,882,894,857,787,246,930,660,563,147,372,540,65,248,831,637,340,146,469,210,538,989,178,681,904,365,352,792,325,604,172,748,335,645,112,875,118,659,158,657,218,889,758,446,314,963,708,706,297,497,161,723,145,475,500,69,44,797,966,73,346,691,839,566,677,896,186,975,465,619,336,283,400,325,781,356,313,366,891,397,623,700,898,514,411,567,629,767,816,942,871,609,431,613,510,124,392,866,247,843,269,253,686,990,973,362,789,933,978,660,85,616,839,167,849,490,81,301,906,479,576,849,918,614,622,280,679,801,223,961,330,297,619,284,192,848,108,426,139,254,459,945,240,33,337,482,205,734,282,4,858,539,570,896,5,999,802,550,739,255,745,458,240,564,581,227,267,869,43,228,610,188,386,616,369,504,774,316,295,710,81,658,732,838,958,519,410,306,322,144,528,834,536,0,7,872,571,81,412,787,287,860,841,626,910,230,112,635,803,875,417,518,77,718,784,159,294,875,91,665,587,455,466,407,918,734,842,578,852,829,947,272,88,708,674,422,201,4,127,939,424,544,132,754,474,109,671,803,577,463,931,610,840,350,738,276,697,624,230,847,86,664,757,948,511,240,593,674,827,437,647,361,100,703,237,754,697,651,858,814,313,918,66,711,349,371,447,87,90,316,323,264,261,193,465,68,622,2,779,317,945,398,728,793,419,972,775,587,175,486,736,424,301,87,437,832,518,610,189,830,36,494,300,316,420,722,237,786,134,977,632,920,499,366,499,683,547,159,307,743,655,563,655,437,666,299,876,166,340,344,236,488,811,270,0,82,321,751,205,236,850,273,327,54,46,960,623,605,219,317,444,738,461,610,309,588,582,79,838,56,502,887,602,689,587,837,420,248,360,338,490,294,311,371,145,347,418,126,238,679,825,616,873,663,123,769,142,108,582,86,509,169
478,570,692,501,776,849,929,440,492,977,709,884,280,453,620,238,142,196,439,79,600,212,372,784,278,629,256,185,334,196,157,170,293,58,692,762,132,998,143,454,79,743,612,7,438,514,622,677,855,677,902,300,377,876,650,261,113,508,842,414,415,579,295,219,528,357,604,572,569,186,506,930,422,523,162,382,176,799,207,289,620,45,218,353,779,534,643,720,119,561,780,535,279,986,598,385,939,321,724,732,635,97,906,399,153,267,826,91,754,713,893,228,115,397,645,298,946,405,623,265,61,473,209,298,291,594,496,663,646,309,682,660,876,600,402,941,694,38,809,760,733,476,259,923,800,574,898,305,208,245,551,893,523,758,772,475,539,773,182,718,444,920,680,825,660,225,907,713,208,477,153,492,106,794,724,678,130,377,893,632,492,351,444,983,402,290,136,655,480,712,622,547,333,891,281,70,98,831,358,694,849,716,673,79,826,926,669,531,409,306,425,474,180,460,987,597,940,119,398,686,393,772,779,357,607,403,317,771,366,942,784,833,914,119,787,352,518,981,507,93,546,85,987,939,416,939,600,89,619,103,652,27,882,13,925,772,815,282,307,552,677,33,820,470,222,869,970,767,197,64,833,494,796,427,753,643,449,94,254,350,100,951,122,603,926,739,111,382,367,855,24,433,30,432,436,425,665,184,411,691,215,200,963,498,9,798,207,268,939,96,504,716,740,443,671,861,191,65,242,365,686,514,267,522,828,82,525,393,795,757,856,416,585,874,294,634,82,809,342,924,631,781,265,210,474,207,209,490,136,635,222,649,322,265,343,679,228,872,216,890,549,10,345,133,32,537,934,76,276,811,864,396,73,968,887,645,598,23,779,2,797,151,560,740,168,27,912,863,876,199,2,421,122,375,18,179,334,235,98,308,355,567,542,372,1,319,291,262,718,94,102,986,846,140,881,57,323,682,385,159,459,695,569,471,145,843,495,266,309,577,708,589,450,99,918,221,26,23,476,711,578,204,199,523,506,280,238,909,796,562,370,727,486,418,47,790,860,868,268,565,194,527,846,501,945,17,400,255,439,520,746,792,201,786,325,819,547,191,917,560,558,171,573,945,436,650,242,980,780,461,554,526,886,822,38,162,345,470,684,715
652,286,458,510,488,810,953,400,450,263,849,511,642,350,773,259,76,250,531,472,961,856,305,354,133,703,45,392,840,947,902,396,268,933,865,262,839,435,417,761,236,388,763,4,663,68,875,933,851,309,126,71,386,887,405,991,876,886,571,457,687,222,939,967,476,447,823,20,757,133,430,577,378,535,831,730,652,456,134,722,541,239,817,782,359,669,433,164,563,899,572,306,446,258,829,212,539,249,935,973,903,340,952,580,574,305,841,541,960,68,231,116,265,656,575,282,286,735,52,771,523,789,743,283,161,529,934,646,313,344,408,469,622,190,490,81,262,585,109,988,795,936,558,709,20,114,114,743,258,983,14,540,890,904,524,756,685,197,431,590,110,113,471,48,934,544,700,652,705,543,38,126,438,324,382,115,352,144,669,296,62,328,458,827,688,733,589,965,174,386,484,752,623,221,264,379,623,181,73,430,402,776,436,649,446,485,392,20,547,812,607,757,897,379,443,131,0,731,521,215,305,312,355,38,285,739,220,670,392,747,277,187,118,16,713,150,734,661,417,142,825,830,682,56,243,75,187,48,280,54,758,881,177,959,84,780,155,751,75,814,914,460,581,475,393,980,172,760,318,759,637,813,157,439,361,761,251,537,634,211,153,933,509,985,962,165,719,962,594,612,319,294,121,101,975,822,739,336,689,645,242,128,315,348,473,761,154,46,368,10,379,454,729,485,219,14,118,503,413,458,508,590,227,725,656,601,805,904,54,851,784,770,435,487,245,409,582,857,493,802,945,584,748,743,632,418,82,505,269,532,182,828,635,676,493,422,480,217,783,865,34,190,290,688,79,37,556,558,440,85,545,386,242,21,906,932,811,744,704,203,974,362,413,323,972,360,214,721,301,918,43,498,893,980,824,784,412,442,622,48,926,21,317,842,884,102,318,883,290,989,480,182,513,75,611,12,726,392,391,668,494,839,118,345,891,906,471,143,306,680,531,262,795,516,21,93,855,254,121,241,208,129,764,762,157,919,191,785,315,821,660,479,96,30,298,738,747,316,37,785,216,364,854,647,995,217,524,723,254,812,375,221,273,786,573,176,239,906,920,518,177,317,442,248,704,918,537,312,385,755,572,148,208,13,757,538,504,621,972,423
588,696,180,96,758,663,34,78,812,601,392,260,727,94,458,343,46,111,122,919,388,312,809,720,750,996,633,458,773,159,892,473,690,127,689,36,479,79,742,294,765,936,602,310,255,234,38,518,191,249,609,690,237,161,739,528,133,998,332,866,287,2,306,165,386,540,678,310,816,109,72,3,863,728,214,326,928,409,269,919,419,536,663,540,17,330,9,308,100,883,60,991,729,906,657,700,97,73,867,655,374,701,330,344,501,729,265,715,392,489,527,237,764,192,184,933,103,825,4,759,896,270,145,200,527,193,233,353,334,40,527,164,407,151,606,942,860,808,511,130,59,398,356,121,317,570,501,16,620,853,311,227,12,656,206,134,474,558,559,532,189,518,831,701,268,988,804,652,934,977,340,192,551,495,874,922,645,904,479,490,501,997,715,129,629,626,514,184,301,487,396,79,196,810,749,521,412,339,295,373,458,600,229,903,713,714,126,976,133,370,90,691,184,247,358,980,841,50,507,150,271,64,714,863,11,84,776,77,271,642,200,25,696,500,649,533,340,359,73,373,555,240,353,845,627,921,903,860,344,89,439,421,534,804,700,699,960,874,225,572,137,889,100,640,970,626,775,530,487,877,414,2,701,189,689,33,287,428,920,889,734,922,979,367,963,4,518,547,909,850,931,869,399,189,425,19,556,28,209,380,767,327,612,25,546,7,621,805,568,335,708,128,539,975,944,562,528,536,172,911,861,941,256,839,979,251,820,787,908,545,413,634,854,451,58,717,981,501,20,788,487,984,438,297,493,635,758,477,32,23,916,167,500,794,149,708,970,973,799,587,971,334,27,725,157,878,9,298,901,752,106,213,376,766,732,223,950,535,263,276,751,350,498,691,292,436,109,561,312,589,480,527,327,584,178,672,76,785,106,951,532,874,858,607,291,49,34,517,429,996,807,493,871,660,226,291,628,511,399,129,92,484,686,984,945,830,645,964,528,530,842,102,118,190,459,691,982,10,179,576,863,160,339,327,376,677,440,320,323,791,184,528,49,342,950,103,468,827,282,155,28,65,905,597,22,793,512,673,534,950,664,65,695,538,684,827,185,203,777,993,605,296,649,894,383,751,300,221,47,83,127,987,527,466,353,281,947,147,513,408
140,779,280,203,522,732,137,868,27,879,836,554,585,651,299,631,902,558,146,826,69,103,250,268,694,113,614,71,463,922,845,289,412,662,854,945,330,995,630,63,952,855,432,389,57,224,159,457,657,100,675,999,549,455,482,228,575,421,534,961,330,240,209,306,533,407,677,6,855,700,590,150,12,140,17,212,661,848,810,379,906,894,823,468,74,71,866,302,249,271,874,693,532,990,286,747,463,994,875,17,21,125,205,841,590,143,458,816,444,525,112,715,860,333,235,807,444,989,225,87,317,773,443,87,317,387,731,131,828,985,642,178,346,692,332,692,888,914,720,576,490,249,647,881,427,554,574,622,402,657,212,639,524,199,788,451,669,938,117,601,975,420,286,466,954,453,459,714,721,368,72,918,127,596,622,933,522,650,236,964,256,885,787,491,37,421,238,476,408,31,586,633,227,573,522,491,297,378,783,180,468,961,255,315,676,392,62,876,343,979,305,445,204,820,285,61,361,56,549,470,885,908,627,855,438,295,483,896,895,110,651,795,969,772,89,731,87,799,98,108,526,995,140,999,587,215,901,238,656,841,187,486,734,965,826,257,458,220,254,998,245,687,869,997,829,621,78,705,954,636,606,829,397,741,977,621,189,526,778,132,97,668,236,96,656,948,754,521,306,907,184,694,594,96,505,794,708,121,255,799,393,758,53,840,153,614,825,431,527,794,497,625,645,825,685,776,785,438,49,510,898,936,309,768,950,546,212,578,547,194,594,881,965,512,929,852,981,715,706,489,944,196,12,532,297,382,133,811,624,279,836,126,687,142,899,648,877,265,594,893,51,387,149,853,294,190,87,620,812,811,317,466,593,967,453,651,0,542,796,110,277,4,758,712,769,118,512,882,570,15,931,631,792,735,300,873,529,182,684,775,355,321,687,198,125,981,237,538,530,652,586,987,6,729,205,239,957,850,957,608,315,235,161,712,763,698,883,299,796,436,824,858,302,783,27,68,840,618,375,90,906,446,342,402,995,245,699,891,344,610,817,535,40,906,101,403,597,281,61,604,33,402,343,674,285,494,875,660,998,210,49,258,523,828,699,608,588,848,791,202,559,857,779,393,741,152,976,778,28,33,198,875,350,293,86,996,4,919,323,804
987,918,182,713,328,787,249,604,656,582,45,122,838,411,833,202,534,897,130,621,140,718,900,437,277,943,449,732,436,62,873,721,775,592,95,72,411,186,843,87,705,137,374,551,230,636,925,43,940,746,404,220,124,421,504,73,359,341,690,691,746,360,218,409,612,585,16,223,327,366,879,488,438,536,826,365,341,966,691,622,492,347,485,688,410,332,213,31,636,571,218,366,219,91,100,434,163,251,533,597,697,93,39,455,376,157,631,955,561,830,452,643,260,531,67,517,622,176,28,738,654,758,750,347,251,885,644,607,108,330,285,108,490,7,543,801,690,902,822,835,743,569,838,645,324,168,234,982,640,318,11,136,225,968,956,130,47,372,307,87,501,191,234,75,744,595,942,114,62,227,508,606,892,914,240,453,247,989,992,561,720,757,959,816,753,643,506,796,159,518,753,261,913,112,709,559,82,424,543,79,64,44,72,582,607,373,312,145,518,810,163,351,935,516,619,697,549,994,385,957,308,797,341,131,465,88,142,131,592,349,459,810,88,690,556,905,39,190,712,276,397,804,827,950,103,24,297,866,388,245,466,668,696,719,752,87,156,914,428,741,795,892,137,207,207,494,4,187,420,619,714,106,125,650,223,400,112,49,413,235,494,797,395,230,961,680,408,931,73,839,706,318,471,207,618,115,704,448,824,288,440,365,211,357,998,770,18,923,251,758,625,470,327,595,358,944,235,515,649,744,300,920,296,218,716,242,849,939,545,447,440,752,79,443,314,408,46,347,162,54,404,937,738,895,949,325,198,733,251,611,576,786,268,219,341,883,690,491,678,948,297,169,634,195,15,634,449,731,912,8,777,569,35,507,21,937,735,416,377,292,758,388,868,225,385,847,519,772,900,583,938,135,166,707,75,58,113,491,167,255,291,614,18,54,211,378,913,11,891,247,902,651,770,595,46,560,924,853,221,593,896,468,715,61,85,797,643,631,326,985,662,58,104,735,672,399,386,538,417,332,419,938,820,514,120,576,564,50,570,481,213,589,122,831,692,702,825,990,833,272,491,471,222,518,178,859,12,152,595,151,728,332,361,294,710,207,526,245,43,810,480,297,872,645,387,399,906,537,265,312,686,126,451,799,207,153,98,548,957,170
457,770,891,133,373,775,454,22,242,105,963,530,836,680,472,410,962,327,541,719,499,616,943,205,989,176,896,381,291,148,135,387,750,833,84,118,928,265,49,250,268,810,12,503,656,471,591,774,418,973,28,596,518,834,790,687,948,896,757,255,150,591,434,296,176,33,150,612,978,758,291,302,392,61,128,516,300,571,393,588,504,692,905,356,32,253,39,701,444,956,598,670,552,645,371,690,736,274,363,392,807,44,533,761,63,802,102,949,545,691,845,291,856,382,728,484,388,367,921,56,863,463,732,538,395,800,213,855,865,43,792,477,15,283,476,49,129,932,17,262,984,583,318,953,255,46,263,959,555,203,587,125,174,269,546,52,493,869,16,372,361,575,465,461,87,855,914,258,22,677,633,649,737,145,111,416,761,953,802,967,408,829,231,61,870,991,494,0,370,779,844,232,797,180,33,458,747,467,610,733,732,693,405,85,565,49,56,303,87,70,997,509,771,664,706,95,762,879,491,833,453,996,215,753,721,174,308,820,548,181,986,715,806,950,915,560,542,774,599,738,870,397,831,582,80,104,462,102,533,567,667,273,71,282,972,807,714,926,248,255,689,133,900,925,748,173,233,204,408,210,978,606,379,141,318,965,343,723,938,565,569,154,99,2,670,597,51,734,525,172,533,907,309,782,631,313,784,262,876,354,443,28,67,317,83,800,847,472,997,425,724,758,423,188,667,664,692,553,201,974,35,116,816,626,495,237,630,44,992,163,504,143,661,983,584,248,879,627,245,786,525,962,749,180,137,267,482,958,357,457,444,132,878,676,965,933,427,234,401,904,616,227,587,552,426,96,732,862,3,200,40,725,915,114,991,722,212,496,87,781,469,587,954,577,963,944,414,365,315,128,114,12,737,692,486,611,764,488,187,987,972,156,578,771,266,681,18,822,759,700,474,327,192,254,775,232,322,746,954,217,296,553,597,825,625,300,470,312,81,264,402,502,382,863,93,993,856,741,637,986,785,182,32,257,742,158,769,858,284,767,987,788,615,626,187,246,610,125,999,299,58,892,281,846,749,17,639,864,310,261,389,162,803,33,376,811,155,926,65,701,775,744,223,444,317,431,386,924,964,697,555,491,812,635,538,819,461,444,656,713
184,649,537,663,815,680,499,461,878,823,992,189,419,194,356,389,130,896,871,550,625,252,349,772,918,171,848,649,530,394,812,863,205,279,449,296,400,808,984,801,869,916,261,670,401,265,617,555,852,861,560,230,823,376,125,956,911,997,561,364,730,190,321,407,951,42,808,161,198,324,452,305,552,731,374,960,53,508,575,686,154,85,85,615,191,602,71,290,468,36,845,289,956,695,468,447,785,233,669,684,309,28,580,767,648,852,108,808,681,437,998,176,721,409,551,925,830,938,15,543,411,837,197,976,2,562,158,547,787,795,354,376,359,20,539,198,763,351,606,500,897,280,998,380,622,71,698,230,271,360,427,342,60,622,942,66,794,334,937,479,170,647,543,185,868,184,899,845,700,580,866,342,982,817,92,483,719,271,857,949,503,274,690,95,631,428,673,557,860,49,979,248,454,567,28,937,132,775,848,118,996,995,122,862,495,356,435,962,506,70,353,684,396,431,559,764,409,887,460,888,61,888,625,670,565,660,830,401,50,276,890,35,359,180,264,997,271,918,75,154,900,778,588,367,237,107,788,832,357,678,942,845,402,329,27,449,247,29,564,703,65,894,477,532,550,985,162,790,391,590,531,273,67,247,467,493,644,76,180,459,167,920,589,270,989,7,791,194,55,967,889,852,424,412,584,673,282,560,471,47,258,191,209,344,293,328,53,309,227,747,595,78,538,307,348,646,482,423,542,219,638,821,145,719,555,918,125,665,566,498,730,21,766,15,455,808,738,383,24,92,982,833,582,47,260,655,791,292,80,595,308,157,696,382,67,375,657,493,92,501,38,147,784,117,113,554,887,666,147,163,231,379,578,594,956,878,993,845,91,472,285,352,223,523,681,291,464,946,345,261,749,521,379,550,404,400,858,833,946,244,170,620,883,701,719,426,224,833,800,784,69,453,784,234,985,878,527,685,58,776,192,680,137,706,3,962,37,323,67,433,391,423,992,641,67,855,373,997,40,496,609,706,274,837,717,251,581,548,613,550,496,243,37,400,813,361,358,713,221,831,76,529,357,212,701,560,346,365,301,958,803,85,788,152,815,424,159,592,560,333,291,95,442,282,626,265,71,331,827,875,53,290,962,97,142,37,616,42,830,26
476,788,18,575,398,975,132,585,6,16,185,574,220,783,408,960,814,880,567,198,901,325,420,563,501,237,816,419,964,442,624,122,252,847,529,781,545,556,405,690,635,446,825,671,554,707,335,438,658,196,497,519,876,493,352,869,680,465,538,115,536,427,92,880,52,786,901,967,786,511,503,458,802,399,861,601,696,617,479,359,935,697,737,633,802,171,866,491,38,145,948,300,901,98,566,88,510,806,898,647,875,49,899,379,540,406,665,241,800,432,514,616,26,7,562,948,929,155,582,729,811,769,727,492,70,32,478,562,574,809,906,972,593,633,747,362,220,715,883,96,474,611,539,198,689,100,681,153,234,337,758,193,782,250,8,940,171,805,225,396,160,975,928,773,768,696,185,449,789,790,578,30,635,516,608,489,87,163,669,503,668,100,443,82,885,604,274,257,607,569,660,974,739,899,49,567,941,429,236,885,928,41,943,942,907,468,126,729,894,896,158,891,505,620,254,73,362,988,80,233,102,975,192,825,366,466,896,364,345,484,526,424,228,350,318,933,919,238,528,629,31,13,694,870,882,952,81,910,740,683,510,624,27,846,903,758,193,271,719,940,496,368,647,339,182,906,460,199,87,72,821,40,45,705,348,482,647,375,244,804,133,946,870,747,313,792,798,744,269,891,751,948,976,605,947,540,554,801,992,499,535,665,680,291,391,878,528,8,945,230,526,754,530,901,373,697,263,707,584,824,32,184,627,691,755,207,996,789,383,589,745,632,288,281,729,675,156,105,768,489,928,897,36,458,722,889,12,894,102,362,189,78,905,921,151,278,781,255,687,165,894,464,115,519,143,864,644,950,74,99,703,654,312,114,191,350,656,369,18,147,84,667,572,840,651,744,248,9,328,488,748,724,830,36,417,948,518,427,961,844,348,332,716,382,188,27,458,573,704,724,753,493,701,253,399,163,666,842,302,986,558,525,565,778,77,780,544,110,329,507,640,946,567,289,391,403,391,585,766,538,800,581,103,574,192,219,141,284,254,912,925,930,837,658,964,746,854,963,154,212,593,450,451,728,564,675,902,537,573,612,6,734,320,62,772,239,973,90,710,500,360,756,169,447,959,269,249,366,564,551,144,657,22,823,980,328,658,953,445,274
930,929,59,536,326,431,892,788,105,390,844,199,571,502,7,572,504,392,123,64,893,807,173,952,560,830,676,512,786,803,586,826,603,419,888,642,202,51,594,541,115,736,994,90,32,177,11,285,422,775,991,799,820,55,29,385,638,284,492,63,313,169,225,213,486,557,735,270,244,655,834,197,669,483,276,829,817,942,564,368,802,163,463,90,816,390,339,673,383,715,705,375,853,75,701,834,126,932,843,360,689,861,886,947,455,508,419,539,897,676,905,681,878,39,197,117,593,356,896,998,330,822,651,931,850,716,652,529,89,866,735,224,92,596,15,375,738,983,755,314,711,981,975,71,855,264,849,425,652,957,437,549,651,151,692,148,637,200,320,415,174,310,235,261,617,759,767,400,358,701,350,806,515,275,113,63,96,961,740,99,292,721,261,65,561,439,507,768,382,934,638,887,290,242,212,38,75,94,512,919,460,638,81,61,596,899,511,669,177,10,266,211,173,836,8,503,842,720,34,353,452,730,537,694,290,398,135,110,669,949,290,289,211,899,603,825,156,27,298,360,166,50,810,67,433,527,415,217,427,390,232,189,137,119,625,486,374,652,194,880,0,328,172,174,221,87,559,803,437,462,536,584,964,52,724,11,602,662,119,744,296,111,229,711,327,757,517,928,506,242,791,916,857,684,357,922,289,581,977,839,941,725,154,997,334,866,167,928,961,215,662,623,478,352,744,31,777,9,424,769,620,457,467,410,498,303,74,755,607,967,331,840,403,526,118,555,431,495,746,61,805,93,367,234,92,484,212,70,814,244,656,725,454,903,159,946,963,590,932,621,751,258,613,674,487,744,291,201,918,343,698,341,590,712,381,99,124,860,160,542,76,907,214,437,236,658,195,615,807,446,686,92,699,224,890,450,864,747,516,233,462,376,760,530,533,621,574,625,106,193,68,33,898,414,930,419,937,930,341,89,430,632,989,403,98,538,250,600,208,373,542,622,766,527,767,14,793,662,731,672,641,687,921,569,600,317,917,468,281,190,988,697,835,804,621,844,607,156,762,254,967,914,539,607,707,686,126,510,623,101,64,269,805,407,169,94,889,164,16,738,982,204,501,843,906,383,482,322,942,173,865,855,494,839,340,379,173,46,623,174
102,598,260,492,399,860,755,519,57,582,889,599,273,506,757,445,37,892,581,339,661,717,201,277,764,114,697,830,865,769,338,291,573,838,19,194,860,382,689,559,4,162,77,509,826,277,860,710,748,551,406,797,985,957,113,651,164,815,223,957,593,249,915,279,784,890,847,86,1000,505,689,737,689,28,966,453,741,401,364,278,334,123,107,229,917,803,835,516,466,81,102,479,737,120,798,159,125,655,2,634,723,9,71,905,393,988,27,122,738,296,691,889,83,410,746,165,789,464,424,242,374,193,45,640,961,724,919,496,305,747,325,708,774,163,723,442,618,526,647,324,110,885,834,11,951,106,452,137,196,157,249,160,124,912,472,487,3,577,203,538,602,117,318,854,611,840,779,308,394,415,520,197,634,864,253,285,88,941,647,160,335,958,170,242,461,714,912,22,616,414,875,401,660,828,23,223,735,11,76,451,666,310,385,651,888,994,741,648,629,268,518,309,715,265,259,343,945,543,889,522,429,534,563,849,649,313,283,828,702,969,913,941,443,367,122,982,325,207,328,488,690,61,355,196,310,613,35,441,859,29,735,252,592,983,122,780,543,834,448,503,45,274,294,166,943,120,135,984,38,237,700,940,218,720,843,484,102,31,359,978,290,374,306,961,52,594,861,780,850,869,29,196,687,43,238,403,908,929,438,276,960,544,441,673,313,916,433,805,596,644,207,149,807,940,495,823,62,280,458,499,230,157,488,399,636,945,40,814,27,638,290,256,9,969,208,915,865,753,894,651,446,926,168,599,424,404,323,457,859,411,11,632,450,860,0,789,759,704,880,975,924,855,900,779,463,714,829,973,293,165,664,821,939,842,85,525,270,912,253,788,548,132,178,293,187,955,59,717,629,179,643,7,776,868,446,415,420,245,873,14,840,76,562,699,541,596,852,433,182,977,440,859,540,61,450,185,428,661,715,168,843,723,925,678,787,165,205,54,915,162,949,232,175,340,780,371,601,543,188,931,750,873,194,284,68,789,727,696,172,983,570,652,57,292,19,841,521,896,720,774,908,572,217,725,279,781,61,965,601,635,128,509,170,347,967,171,231,441,34,392,269,556,125,464,895,643,850,974,438,687,884,441,574,140,275,206,617,215,604,753
284,150,469,397,507,570,991,230,773,525,728,72,564,378,729,343,679,832,889,713,803,303,483,732,868,365,936,711,195,755,608,363,799,859,343,937,855,865,47,373,930,429,279,51,41,595,603,690,967,98,28,295,70,163,744,417,330,929,405,852,660,540,615,91,61,1,551,975,341,268,784,629,845,851,58,750,206,192,140,515,648,55,285,548,639,503,859,105,757,379,287,906,246,125,372,157,442,305,666,682,300,841,738,326,876,210,581,764,230,163,40,623,560,470,819,614,434,301,518,147,951,394,991,105,926,778,498,687,245,140,201,655,936,617,565,375,636,570,686,248,925,150,179,532,68,904,940,772,198,45,765,875,344,822,978,381,693,684,884,480,242,430,895,56,961,358,318,111,210,577,781,873,852,576,120,692,646,318,71,356,955,275,366,827,813,166,579,329,849,702,502,362,834,18,533,458,669,205,939,80,687,239,295,181,821,790,798,774,12,658,686,379,39,40,158,455,202,874,796,961,224,626,664,197,605,870,429,188,619,337,136,521,214,938,521,535,593,590,755,692,148,362,181,889,26,68,742,937,428,692,493,282,341,757,159,292,275,96,646,798,546,536,784,880,145,140,776,206,457,798,669,146,180,964,154,263,738,675,204,386,983,474,64,650,683,878,386,974,253,927,954,844,653,32,934,352,965,159,585,884,331,707,289,396,886,167,731,379,688,196,972,269,105,154,88,571,147,490,9,309,560,577,298,121,448,598,377,66,591,852,106,745,336,954,288,464,453,930,823,621,60,436,801,356,385,702,46,50,269,338,262,800,749,323,350,368,994,535,254,655,444,474,180,61,187,956,111,846,948,958,415,636,177,265,364,545,380,129,819,326,437,954,488,33,684,319,748,493,582,318,260,404,69,725,281,285,51,621,456,801,882,314,468,831,496,984,122,431,463,428,663,24,969,249,396,650,602,778,476,648,565,803,597,293,426,25,631,860,382,947,54,954,813,94,432,582,466,943,53,91,718,725,3,348,487,27,576,360,626,774,768,353,316,967,100,128,19,753,455,876,978,331,866,686,537,9,103,268,805,32,491,543,117,94,924,917,364,339,294,782,889,123,629,91,202,230,502,625,812,708,208,911,8,670,624,429,674,797,549,458
949,51,567,21,633,771,256,544,192,698,407,376,207,334,668,733,846,383,156,305,375,655,897,266,938,486,228,417,474,607,885,945,116,39,553,990,440,471,613,230,967,563,66,531,403,883,332,1,729,155,927,507,452,58,333,791,571,922,51,447,201,709,43,905,734,473,477,97,720,315,20,957,762,377,774,682,365,366,133,169,779,490,164,262,725,586,719,74,768,570,987,385,427,725,136,193,242,894,566,882,51,106,81,76,808,73,304,223,468,16,490,762,377,405,371,550,884,880,541,839,722,540,218,850,568,225,837,865,611,953,978,189,823,718,115,682,276,300,894,798,899,435,139,991,531,464,357,563,874,488,864,103,942,415,908,279,720,588,327,236,604,264,990,531,687,600,288,178,250,220,658,556,931,683,737,68,163,465,734,908,902,572,408,240,239,308,748,636,93,911,864,71,995,833,639,868,543,637,779,992,86,366,52,486,592,419,25,479,207,54,710,225,56,829,542,976,608,49,439,915,265,468,650,287,232,444,637,907,660,199,444,546,941,458,286,916,70,585,789,345,996,386,329,642,465,4,26,127,56,536,815,199,817,144,885,347,519,449,651,466,236,6,813,803,283,778,445,588,552,107,468,659,111,784,936,640,819,677,260,93,31,894,907,596,699,418,373,993,480,134,87,270,102,434,447,206,288,450,133,855,663,595,925,577,953,957,449,186,208,489,101,510,74,556,552,402,657,259,226,984,149,465,620,62,240,463,901,198,660,168,292,665,984,715,818,897,921,659,685,246,156,208,494,466,69,558,493,19,787,126,831,33,806,492,44,542,685,697,412,552,394,921,342,548,749,606,99,48,106,77,779,48,10,154,76,551,651,594,4,676,570,149,666,77,941,663,998,571,425,891,897,708,491,429,886,104,394,80,864,922,928,457,372,519,959,375,938,83,716,490,354,869,312,845,412,687,215,17,728,214,230,831,641,374,667,286,952,660,374,462,593,433,514,78,138,920,544,607,248,596,886,288,297,64,905,45,988,754,433,942,935,93,741,132,126,644,797,838,150,956,438,262,64,916,106,84,316,746,97,191,14,220,535,256,608,659,562,941,784,35,668,581,151,689,919,457,591,405,171,741,50,446,306,930,884,580,499,185,267,932
788,939,726,886,419,396,249,827,577,398,777,691,735,877,96,49,494,132,667,82,749,674,233,492,438,573,298,776,273,28,532,667,900,381,850,35,93,321,868,846,280,291,480,736,536,18,598,659,586,336,519,755,590,738,590,558,62,750,127,544,615,327,996,841,418,559,164,62,234,9,872,503,607,614,139,709,257,204,161,68,803,730,84,917,109,589,777,4,755,74,719,230,782,132,988,973,450,574,690,277,699,607,396,710,40,949,131,649,3,868,603,355,939,466,673,459,911,882,711,84,236,831,40,393,533,64,714,700,330,424,490,894,624,469,177,668,193,820,404,748,834,898,711,542,221,975,696,808,281,820,91,541,780,714,970,456,180,141,428,22,359,212,567,280,116,553,168,296,679,165,192,991,140,857,973,367,682,522,206,942,558,155,877,980,887,551,456,62,108,599,751,186,969,851,504,271,326,395,988,244,640,504,236,850,869,544,521,26,290,691,405,622,26,56,141,443,119,801,574,408,24,880,382,232,565,124,925,865,830,250,857,192,400,837,781,507,568,338,852,947,566,685,921,795,640,418,53,949,771,256,988,691,557,899,538,605,365,789,486,285,917,111,785,7,706,679,482,307,329,36,844,665,431,74,372,9,377,83,630,788,980,310,212,225,626,418,917,833,25,276,460,248,306,699,187,141,390,169,559,215,374,602,901,704,936,518,302,885,115,7,727,196,448,946,927,561,510,938,45,171,690,190,151,269,318,829,520,612,618,738,117,199,524,285,469,423,450,207,910,337,378,510,864,866,664,776,988,504,79,508,771,685,618,628,563,375,770,662,523,518,672,992,622,643,456,626,169,1000,47,989,709,846,551,898,348,628,470,164,173,171,666,577,196,572,678,54,32,830,602,292,532,464,608,425,62,34,0,575,490,39,622,675,441,535,819,294,526,399,879,470,817,273,368,97,795,698,424,917,27,818,168,510,797,669,360,340,680,505,783,821,501,686,668,262,347,647,654,73,751,587,739,171,833,746,263,865,915,890,184,196,558,109,120,277,941,866,671,291,134,699,166,494,401,779,910,464,822,105,572,226,31,575,632,182,430,654,415,164,365,448,790,293,282,458,899,981,242,979,876,748,161,782,234,443,150,624,709,658,790,192
866,60,160,1,601,11,723,88,276,356,95,469,893,582,635,767,979,286,794,956,22,277,811,240,848,77,159,294,221,156,782,388,928,459,976,505,215,108,449,846,258,386,455,187,690,633,191,786,240,812,799,865,817,33,547,719,75,971,925,805,434,586,986,58,26,650,366,242,752,189,735,947,33,128,269,372,643,690,488,299,723,254,888,572,76,839,245,410,144,997,702,349,998,380,136,803,790,902,425,341,462,317,586,481,340,555,754,28,803,828,603,593,212,810,489,165,329,911,858,851,653,283,977,404,97,709,22,278,901,664,99,500,110,855,332,393,270,386,380,278,996,51,578,129,883,986,230,564,507,481,223,48,953,183,689,750,754,98,466,716,756,177,704,908,934,979,981,427,112,507,962,134,114,647,318,139,755,331,336,974,200,521,118,787,407,986,665,341,66,878,807,492,3,364,268,569,482,988,818,802,786,543,540,383,492,266,575,685,480,632,892,267,662,145,102,905,537,326,753,939,403,316,985,808,943,298,644,649,140,559,775,229,139,250,191,784,234,556,115,371,847,914,32,26,379,731,365,664,26,766,0,580,586,935,631,966,221,98,416,734,165,526,449,35,388,330,840,102,826,858,631,357,402,271,885,245,440,356,581,784,856,313,509,101,881,19,865,498,567,629,904,393,753,534,853,339,694,825,207,994,94,540,850,993,572,448,551,909,492,885,941,251,692,452,837,363,988,484,55,835,362,0,799,247,476,869,936,29,409,284,383,293,503,109,833,973,881,580,683,895,934,817,365,232,920,139,18,600,101,157,151,770,305,232,720,465,742,243,512,659,418,671,910,758,107,884,431,965,95,816,457,98,307,95,593,559,934,51,808,440,797,303,832,64,283,523,252,916,595,263,533,830,45,906,220,131,403,403,15,261,682,18,584,408,252,784,623,405,152,402,611,235,618,690,799,722,351,244,313,907,846,528,432,643,378,288,294,473,744,803,655,79,979,226,717,254,576,176,849,630,787,480,98,554,467,730,601,49,206,743,331,177,588,152,698,214,674,624,359,304,395,872,946,667,707,912,718,141,166,910,494,883,9,383,713,247,684,436,518,146,645,162,305,553,76,636,78,874,616,749,793,806,707,752,90,117,900,818,368,544
757,974,611,332,50,176,390,480,179,232,940,904,606,548,972,23,395,629,420,357,995,504,831,712,995,809,891,327,405,931,497,941,555,717,378,576,560,438,972,675,460,641,503,440,712,633,229,485,446,487,635,295,172,376,149,22,169,965,902,762,900,282,684,59,454,678,960,807,204,796,572,801,861,237,820,530,37,959,788,916,512,367,699,208,637,650,856,90,625,934,486,897,530,393,71,963,168,125,409,811,715,930,834,954,660,693,289,170,162,348,4,194,97,404,79,615,309,863,309,301,996,219,330,424,905,728,585,654,126,200,241,802,805,635,759,558,562,561,566,94,755,502,605,517,501,776,666,131,691,435,258,558,308,938,352,236,931,337,572,624,641,419,999,501,133,497,621,464,478,117,772,431,910,984,764,54,294,890,70,740,337,985,191,762,638,295,562,151,381,178,558,880,6,888,694,246,117,138,69,688,956,873,862,407,240,646,71,184,201,480,602,345,510,767,456,251,130,478,405,681,346,723,502,228,263,709,720,659,463,886,668,496,142,67,786,5,526,260,315,337,377,936,851,152,519,145,729,208,473,712,182,288,976,1000,769,575,646,478,266,446,133,280,818,211,163,246,474,386,125,995,474,18,760,735,726,508,226,726,495,731,404,713,90,981,173,16,680,59,182,260,759,63,436,835,761,453,27,568,883,520,917,397,415,77,281,237,341,14,155,550,708,711,900,45,671,173,952,237,293,252,69,709,951,329,916,822,829,309,485,742,679,229,532,417,601,25,621,679,334,765,205,139,374,575,688,222,387,720,400,853,725,682,851,126,242,675,747,662,848,572,461,745,562,410,881,33,844,370,828,272,289,832,385,611,686,878,175,714,715,141,451,73,257,673,268,746,505,840,813,883,100,591,729,176,61,622,697,86,267,239,318,69,944,299,956,837,658,182,399,508,683,629,692,684,722,99,264,33,223,305,514,331,850,778,664,895,160,599,622,660,451,772,449,738,636,196,523,756,291,752,864,456,979,522,600,481,52,343,192,453,794,698,765,779,280,818,290,975,269,827,186,149,286,236,455,87,107,556,83,247,404,293,918,515,374,614,132,57,311,665,672,257,133,272,72,293,178,351,830,58,679,810,165,782,715,529,563,541,331,304
323,700,60,532,431,346,855,313,628,958,903,76,217,18,643,985,7,171,596,200,578,790,324,604,364,667,517,105,288,220,180,923,19,594,442,442,471,178,742,430,757,507,217,352,975,410,451,866,879,803,520,588,934,53,494,66,566,808,446,839,794,667,451,496,613,867,435,996,935,707,949,196,498,404,174,876,639,559,495,107,606,563,905,235,451,28,834,813,114,718,600,512,699,89,982,912,35,222,913,581,256,447,878,820,362,924,328,798,98,99,869,717,800,817,14,72,719,261,416,523,124,998,287,458,557,620,983,425,930,61,289,917,287,891,352,158,917,329,740,543,622,454,694,61,740,237,809,428,242,555,370,647,332,940,287,303,637,255,150,908,721,565,829,61,976,893,110,109,200,510,835,598,307,477,820,747,738,480,766,686,483,197,32,48,836,838,367,999,51,42,143,681,907,793,145,382,354,847,579,368,575,902,405,762,469,745,3,30,427,369,448,437,498,339,752,70,796,571,656,978,798,197,308,593,28,542,612,934,826,114,714,444,308,600,127,15,984,127,745,650,578,52,903,847,541,580,235,921,189,560,959,696,824,285,989,438,717,149,447,361,715,521,99,396,546,147,192,925,663,376,871,5,703,284,293,575,293,917,515,11,173,933,265,60,547,944,304,760,189,569,275,483,839,41,942,40,683,770,931,711,78,70,702,435,717,871,842,144,793,863,604,133,298,866,852,569,957,631,294,294,725,20,229,986,693,822,867,313,280,923,247,133,682,862,27,808,67,272,659,944,233,720,3,522,902,981,514,401,673,553,69,758,639,454,79,686,276,438,4,557,501,579,655,210,883,236,262,906,437,167,905,412,641,740,385,688,976,903,433,101,384,268,150,18,318,565,996,864,405,133,636,709,331,497,344,308,222,667,726,239,79,390,419,997,825,217,868,988,317,781,339,314,892,477,189,542,153,725,254,836,939,231,47,678,156,550,994,962,832,858,476,27,814,377,893,447,673,650,946,116,629,116,838,621,332,417,615,344,474,761,887,892,350,875,131,382,337,892,463,381,16,210,892,954,730,921,594,957,730,73,413,344,974,1,200,535,372,100,947,816,17,531,915,39,8,619,222,129,915,709,591,848,826,280,227,657,394,462,87,854
583,519,751,137,199,614,136,628,396,863,774,731,666,114,187,649,971,248,595,671,678,76,57,641,688,902,735,205,371,318,590,611,489,20,586,367,198,493,427,630,538,430,209,279,307,236,504,738,891,869,998,489,544,642,423,406,600,173,636,194,766,150,958,801,975,548,793,230,33,762,642,441,727,893,558,51,336,997,837,887,747,66,398,981,301,805,785,888,432,13,661,451,685,901,762,334,549,814,130,487,789,126,416,597,32,603,765,428,71,163,794,218,191,940,956,225,7,306,565,298,323,182,46,621,187,870,671,765,806,285,93,174,452,114,265,600,998,313,217,317,701,364,861,568,435,360,590,620,144,160,903,100,740,898,168,914,728,847,471,23,418,860,753,535,585,216,317,206,936,234,40,263,763,706,354,709,946,873,169,283,591,695,753,211,97,237,336,145,785,85,556,426,17,607,722,260,437,958,661,175,713,578,688,1000,662,295,574,232,577,518,427,849,570,262,45,473,796,729,449,188,619,88,37,857,623,856,176,711,971,708,267,572,833,298,535,530,814,332,809,915,581,635,729,596,978,132,344,332,373,970,770,433,261,763,984,865,825,93,827,61,508,432,291,59,957,103,221,315,848,579,615,246,379,812,384,288,193,688,412,64,602,964,17,933,557,232,111,397,625,205,963,664,721,943,692,468,822,885,157,347,471,386,904,289,353,754,656,292,577,18,467,384,420,490,286,734,90,760,840,416,110,939,492,613,953,759,149,1,383,27,234,211,418,715,973,227,127,870,778,250,936,512,802,352,988,521,604,186,739,677,171,658,823,280,471,692,199,391,620,750,140,479,445,302,376,983,466,148,489,880,707,603,128,680,901,709,305,301,987,685,460,334,75,419,244,509,138,708,956,421,698,475,540,185,134,244,369,437,599,916,579,773,517,191,458,280,914,288,969,886,969,910,89,573,301,402,779,166,400,522,91,537,510,107,198,820,582,88,524,941,240,589,976,256,798,813,570,241,288,339,908,874,339,214,668,400,160,886,26,743,228,843,930,522,115,244,89,867,937,533,560,502,670,582,669,129,484,665,844,186,790,694,409,935,281,482,221,498,174,400,203,620,147,333,322,227,777,394,782,742,44,15,649,521,0,309,167,733,518,280
422,785,225,308,243,108,693,957,830,87,42,191,177,703,877,44,612,698,600,782,594,126,944,860,306,479,651,927,265,33,846,216,561,822,478,673,743,603,578,878,320,858,17,972,796,36,75,594,333,624,816,189,495,605,397,275,979,508,603,21,669,532,893,984,79,911,19,506,254,712,107,91,987,423,849,726,40,185,765,964,340,994,987,357,375,707,738,815,28,175,426,166,920,521,621,125,113,898,753,110,53,602,878,79,148,97,649,969,745,326,18,285,577,437,646,705,5,111,922,991,702,355,901,751,788,133,899,210,963,79,429,16,754,702,240,890,206,44,213,272,869,186,448,708,322,825,544,72,168,333,350,292,753,520,62,988,851,54,213,831,617,802,472,201,936,957,505,541,644,274,773,662,123,237,674,643,532,335,865,918,247,210,426,89,674,511,469,405,64,841,632,935,794,765,67,46,170,1000,971,303,554,777,380,87,572,870,397,300,751,881,284,566,161,132,576,506,314,827,378,198,603,570,808,160,215,444,711,725,736,220,332,81,796,705,352,313,914,172,854,993,354,365,541,781,532,439,396,874,603,873,330,747,665,130,210,800,159,53,32,136,964,437,765,718,398,250,166,850,956,116,213,727,141,917,712,421,930,701,41,304,509,666,740,621,527,600,935,105,164,668,262,315,823,929,949,902,450,187,230,599,476,350,393,912,642,150,823,202,424,590,659,896,435,271,237,319,318,868,329,671,24,483,648,966,54,620,940,861,920,90,739,911,957,3,241,320,506,263,309,499,723,82,171,267,960,431,961,820,174,831,357,714,978,814,114,769,10,764,73,696,337,154,188,842,197,592,576,624,394,868,456,15,866,237,983,268,326,295,403,828,348,909,222,512,172,133,856,572,561,392,663,711,575,280,376,69,502,458,174,937,514,146,353,773,32,816,185,317,327,416,243,567,317,211,139,582,633,120,108,234,633,920,995,589,920,743,417,606,65,758,416,954,259,302,702,80,193,912,731,579,288,985,549,991,771,601,346,574,252,842,240,24,74,661,251,814,791,877,239,797,692,656,807,710,620,382,604,619,299,527,497,375,949,426,888,843,602,843,28,445,356,883,537,506,685,350,578,172,5,406,381,431,652,256,102,968,723,939,950,445
652,660,186,138,975,347,121,283,30,350,937,282,698,822,232,751,472,115,309,278,947,9,154,673,485,720,156,325,76,582,588,138,984,727,862,334,382,312,908,173,64,139,12,200,695,934,20,722,634,249,252,167,622,388,997,844,615,842,814,372,449,345,817,152,732,274,4,928,254,302,646,583,682,742,32,859,813,797,238,252,954,199,21,879,73,512,264,151,691,114,19,51,823,323,333,499,33,320,116,484,653,356,768,360,905,354,108,506,511,809,543,724,279,483,924,930,785,838,439,824,209,932,22,629,722,81,662,11,511,700,861,831,281,972,141,379,50,446,823,10,623,127,694,624,284,371,726,430,773,106,671,404,856,974,896,358,212,524,890,213,33,413,297,114,507,800,795,185,304,407,991,939,337,945,424,604,336,619,558,895,442,197,962,408,226,142,871,758,581,497,720,212,463,172,3,46,755,555,327,393,213,671,511,231,289,304,915,395,690,156,45,616,429,54,258,49,103,44,228,468,813,503,21,813,0,845,997,705,384,25,246,208,111,174,804,329,2,681,15,757,429,23,217,602,625,564,328,486,665,211,523,927,67,248,926,62,941,366,21,531,845,876,114,50,523,224,497,729,177,788,67,731,831,663,569,347,227,883,538,421,390,851,106,314,461,518,130,330,582,698,228,25,687,630,960,691,850,505,629,331,628,858,768,705,933,428,17,747,498,211,589,244,796,961,397,772,460,851,995,595,502,470,811,718,540,76,492,961,135,380,252,921,501,968,953,705,701,757,885,792,723,204,277,613,331,458,320,876,195,885,490,318,678,546,484,499,273,95,408,871,940,610,336,809,922,750,985,875,513,251,548,521,33,206,37,860,771,437,440,1,856,931,825,405,605,936,642,79,893,9,852,352,345,185,12,653,856,442,156,870,346,608,637,492,201,94,377,252,167,442,260,466,80,944,676,808,556,492,547,622,843,801,451,995,877,319,814,151,574,493,237,993,112,227,931,259,431,907,904,133,397,774,655,653,320,938,162,356,562,141,580,981,477,686,13,897,892,893,72,971,223,200,590,204,163,180,128,981,37,934,265,610,869,490,814,826,515,913,922,745,65,752,907,193,82,547,192,64,421,225,537,298,180,68,190,155,485,403,656,925
198,125,385,337,492,1,784,55,392,665,715,394,820,64,124,779,87,418,196,38,688,531,669,17,42,774,265,564,442,358,947,364,483,82,976,904,809,433,84,972,860,854,252,504,219,506,171,622,453,489,621,487,918,142,582,577,255,272,403,896,192,139,612,811,433,314,462,137,724,196,994,206,767,191,688,986,742,571,639,182,652,283,827,532,570,383,490,465,957,206,357,186,726,48,259,422,325,376,498,698,275,993,360,326,374,111,26,425,430,883,812,665,463,303,756,890,326,494,198,272,345,326,313,759,922,914,281,898,616,473,847,342,392,843,47,597,199,962,823,75,211,490,793,428,374,843,450,704,193,844,962,812,33,0,981,450,159,926,690,205,254,191,284,708,610,221,176,689,609,345,301,244,439,68,835,322,44,207,902,194,733,649,231,796,837,266,331,4,944,480,793,38,985,659,459,694,109,932,649,462,951,36,118,880,914,290,994,788,624,394,308,968,769,433,148,238,385,51,235,567,371,603,217,543,62,725,520,757,186,525,705,820,678,553,855,391,348,818,986,70,523,698,19,970,621,57,288,497,861,5,3,408,125,236,396,312,287,636,499,207,442,404,901,325,560,598,952,535,655,83,528,723,734,338,63,669,248,473,416,140,405,749,447,927,52,552,252,638,803,600,369,69,916,671,778,78,34,483,257,788,280,966,82,230,429,628,637,728,393,920,891,927,618,440,638,988,620,291,144,123,19,829,653,358,657,554,378,641,254,773,525,443,117,893,699,40,855,334,785,2,231,968,242,248,740,567,862,752,194,751,278,715,872,685,114,80,388,739,91,631,735,57,482,675,638,130,108,363,879,58,256,378,665,349,437,658,760,950,872,261,787,78,369,631,975,295,690,227,871,126,527,389,918,552,548,71,581,956,640,604,832,180,705,109,923,466,241,684,163,962,284,615,333,220,920,744,478,500,778,408,20,282,19,97,51,373,16,436,109,812,648,586,457,731,731,330,508,607,766,731,446,974,79,801,286,816,451,773,243,452,160,434,303,444,473,477,617,753,537,857,883,483,891,72,171,91,651,346,980,183,119,460,525,352,630,553,387,145,459,148,478,649,401,206,323,790,28,743,33,175,242,684,833,321,671,469,935,713,375,323
984,986,297,228,647,289,745,83,799,870,830,817,484,697,588,419,114,758,710,443,304,595,99,839,147,384,829,367,589,551,679,794,327,215,269,327,357,395,592,627,245,75,812,884,86,622,195,809,225,356,930,220,8,494,867,311,674,52,37,592,539,853,577,45,226,660,760,686,711,539,968,370,325,546,493,708,468,455,932,80,665,864,871,599,627,941,690,18,461,126,824,3,132,527,900,825,940,464,853,711,765,732,554,974,123,990,58,481,778,284,214,481,328,841,392,207,833,88,977,129,946,131,28,936,502,725,845,877,81,115,813,868,416,127,264,528,838,653,738,313,118,813,917,587,166,839,608,423,808,817,603,932,206,346,869,620,369,858,239,590,598,570,479,415,988,290,386,135,666,942,206,437,582,710,988,480,167,15,115,836,391,676,825,32,141,868,435,618,627,617,152,84,356,252,343,397,174,21,516,867,95,301,453,100,343,843,511,502,802,932,198,479,446,110,579,648,863,658,431,1,876,707,492,6,234,574,874,198,899,241,590,581,904,620,151,95,716,890,99,333,104,971,221,869,527,57,740,822,659,494,194,37,582,743,613,311,385,705,691,291,979,240,139,145,87,928,773,309,985,967,545,950,167,480,486,146,734,38,199,46,372,940,474,937,526,863,390,683,874,504,542,447,95,214,105,291,532,723,347,974,301,120,433,798,868,354,263,210,988,367,961,541,716,133,326,427,173,430,618,993,882,502,916,338,575,812,250,477,286,904,195,954,935,530,390,597,421,686,705,215,977,189,249,696,700,535,823,838,225,580,64,359,630,21,291,927,753,403,999,677,497,243,445,503,858,206,292,460,822,935,962,13,600,10,579,981,538,700,679,264,372,326,119,321,529,182,725,605,685,519,52,776,469,657,658,989,496,681,839,520,69,679,392,969,159,618,162,127,766,378,848,29,696,166,317,380,106,242,201,493,695,31,823,508,340,484,712,315,496,761,607,721,709,877,10,995,808,11,799,491,641,442,609,150,279,90,837,984,924,4,819,402,210,135,48,566,373,167,654,354,543,332,559,934,226,843,603,706,678,580,950,249,357,992,910,682,285,842,731,22,235,641,154,173,421,6,864,37,142,386,461,235,520,739,497,939,60,354,443,620
520,182,312,690,804,45,580,413,250,128,279,826,486,566,682,107,556,400,995,77,374,464,961,969,342,370,749,313,712,895,704,994,258,404,625,76,35,353,366,84,733,912,349,477,66,108,6,696,862,989,568,562,5,616,606,172,765,327,170,332,123,719,264,649,828,783,666,9,642,58,922,494,384,626,193,825,958,429,686,646,979,766,720,774,406,308,207,758,682,175,787,152,563,550,342,372,537,324,877,105,54,685,520,288,624,255,337,283,29,756,371,321,214,634,701,184,935,920,359,807,260,228,224,157,460,938,58,965,458,458,488,416,740,162,875,551,55,98,772,290,161,530,274,79,460,973,681,791,318,423,684,291,279,533,387,610,56,663,695,495,825,228,292,852,477,880,369,501,481,13,12,729,569,276,862,224,479,991,670,347,806,287,884,422,95,566,106,65,425,929,723,452,154,947,271,794,380,776,49,120,406,214,547,226,821,523,86,210,637,165,954,227,710,756,755,348,219,197,811,640,121,208,624,59,283,147,814,800,753,298,794,175,744,923,517,489,949,614,696,107,413,515,551,850,466,956,797,232,882,632,628,293,381,695,652,928,230,55,959,181,937,327,650,52,13,161,911,888,14,53,829,525,65,151,768,826,283,523,331,215,236,607,215,728,923,595,148,878,798,599,898,947,215,124,315,194,379,955,445,842,873,909,117,5,273,306,863,626,739,728,441,586,724,951,171,326,847,862,239,35,994,728,150,580,778,22,187,504,920,902,637,731,973,271,580,883,321,492,345,329,166,239,310,31,174,109,995,395,542,243,447,107,255,903,559,789,806,979,858,165,848,87,446,575,956,800,480,575,616,295,440,782,728,368,946,222,421,301,399,631,256,828,790,288,141,57,522,325,185,184,406,27,20,699,745,685,433,205,409,768,554,915,858,259,969,243,780,699,394,930,28,139,510,473,834,755,80,568,996,612,548,388,531,570,138,982,377,905,95,211,443,681,348,942,600,148,445,4,369,769,89,104,878,286,616,51,647,709,890,881,189,228,198,600,212,489,455,58,786,707,924,413,984,219,839,476,608,649,21,747,413,853,829,95,133,113,123,774,201,320,466,767,976,154,924,346,478,792,776,892,931,769,557,904,18,649,215,659,45,964
458,638,185,135,567,347,847,288,121,515,331,107,819,540,149,775,14,757,618,921,111,159,42,548,464,558,728,221,909,956,762,379,94,446,300,608,750,930,818,460,206,753,324,839,639,949,630,380,824,50,480,806,563,189,77,329,441,219,906,742,559,921,249,535,781,920,563,822,171,214,529,122,429,1,581,448,276,906,735,414,843,566,256,541,798,796,237,369,845,646,917,585,595,867,546,933,909,875,139,465,344,599,900,702,904,717,660,110,82,242,619,167,751,306,999,17,510,869,721,180,762,282,487,293,962,449,490,106,131,493,118,868,338,302,338,251,319,262,292,821,863,423,970,294,986,538,2,233,304,795,436,304,236,559,245,386,422,389,701,396,389,290,505,681,299,442,208,836,843,574,555,581,586,915,914,31,729,963,453,54,617,151,423,735,811,634,148,604,277,760,401,218,425,245,553,611,620,870,20,319,482,510,157,415,475,54,92,497,754,878,763,980,354,612,930,331,280,515,256,565,623,351,390,126,896,630,792,430,524,926,211,411,64,433,608,581,615,869,719,23,941,937,186,495,927,226,169,243,952,458,760,857,453,440,917,754,774,61,937,127,956,817,122,506,855,528,104,711,193,414,801,166,88,381,206,876,482,538,115,141,227,707,465,166,604,794,886,562,118,483,569,196,90,361,265,132,714,951,321,526,31,398,970,416,738,877,62,670,146,19,698,319,158,401,40,664,650,156,121,359,58,812,47,774,156,396,528,840,2,25,20,555,468,803,92,437,152,124,995,900,211,38,405,983,327,230,766,603,513,537,401,907,34,54,504,5,334,215,883,791,728,762,789,732,476,670,715,811,189,240,593,750,308,452,534,747,225,799,682,950,450,627,289,794,742,742,801,591,488,207,581,531,201,754,391,219,215,530,848,80,630,780,976,913,621,75,164,226,975,85,967,583,376,284,819,572,834,991,693,868,910,510,681,594,385,535,632,445,272,474,334,893,358,196,828,124,742,945,1,469,894,193,282,452,740,311,911,734,993,462,178,330,58,102,78,551,395,663,424,521,355,721,450,81,777,859,663,799,472,244,841,48,654,369,751,220,259,418,981,317,113,702,762,638,867,80,630,243,488,138,94,62,103,259,234,533,356,315,635,693
407,187,704,481,388,972,155,636,596,200,828,475,259,944,720,783,426,552,140,457,29,283,664,574,157,43,684,997,499,19,882,745,286,942,383,29,570,219,677,647,394,541,58,723,351,332,673,860,43,64,295,676,776,751,582,640,30,327,458,845,776,695,259,682,488,704,598,568,874,136,727,361,83,811,904,586,94,855,857,650,876,8,702,21,627,639,493,388,80,441,406,403,646,573,341,633,550,55,132,460,75,646,965,636,522,198,830,672,173,895,599,860,604,500,393,32,256,727,217,279,829,218,131,734,588,93,698,804,798,697,82,462,136,446,264,983,657,27,488,592,398,695,995,693,402,374,607,896,621,147,834,277,775,558,292,47,738,80,667,895,624,126,614,274,844,913,673,736,864,902,432,345,425,174,371,641,510,819,375,542,916,120,419,561,770,380,964,728,360,402,478,221,456,776,801,957,166,553,602,749,312,338,427,256,496,130,580,524,817,708,653,843,982,696,542,708,562,27,279,587,624,984,132,127,135,934,527,521,467,894,714,259,876,850,830,793,551,924,162,28,356,893,140,658,840,34,2,656,188,281,952,662,270,217,831,557,917,290,298,455,955,743,202,701,831,332,650,55,173,283,970,687,767,177,515,113,28,349,673,44,69,443,391,160,734,739,68,289,231,531,578,342,819,107,541,312,678,951,310,240,203,92,641,558,909,855,899,830,354,899,349,976,133,784,774,221,241,56,948,389,772,217,125,158,204,437,486,54,57,49,202,567,21,798,623,598,805,255,788,18,106,823,360,910,255,732,715,155,164,877,581,243,586,201,467,11,243,302,935,824,968,343,594,894,443,240,776,461,90,689,994,813,892,889,700,538,165,645,256,316,502,433,755,525,911,473,268,188,941,874,434,983,530,846,519,693,559,421,659,475,616,807,287,200,835,392,461,146,241,929,192,669,287,8,375,743,165,62,508,740,719,885,412,523,956,977,383,417,394,365,761,873,80,981,265,368,7,575,665,481,728,330,257,296,405,193,457,329,61,172,772,119,298,832,705,164,616,912,268,44,161,649,662,559,644,194,199,236,384,285,958,333,740,821,942,350,436,900,4,595,493,273,558,587,245,564,60,644,484,636,371,522,158,599,820,382,571,604,322,10
938,332,589,500,71,296,124,378,378,360,923,964,683,962,105,750,867,352,763,701,559,209,920,395,745,797,682,340,283,500,47,993,601,986,132,61,980,794,942,885,0,699,291,155,923,525,840,530,194,121,622,481,407,148,155,431,790,842,492,58,517,731,566,828,844,271,529,302,255,87,492,783,718,832,918,13,282,246,176,272,870,716,689,144,148,699,878,118,200,926,40,779,302,937,507,739,495,292,26,942,474,873,994,1,853,790,397,72,586,208,414,97,460,871,419,670,21,179,376,389,410,188,605,467,816,824,962,999,384,159,95,348,359,200,645,87,836,438,16,838,325,700,198,870,372,883,268,273,543,552,21,157,911,746,628,458,682,861,352,961,951,491,20,563,327,0,567,474,519,155,124,162,313,710,852,235,109,413,581,283,676,869,287,73,764,524,58,768,666,399,360,975,226,40,781,18,957,2,347,578,513,956,19,781,399,73,294,774,742,547,288,221,416,819,649,529,718,192,924,916,143,401,684,525,788,197,970,847,534,778,943,494,475,676,390,828,349,156,242,97,344,644,315,105,511,479,227,427,853,101,803,165,103,694,863,14,578,922,685,583,998,837,202,351,667,353,138,516,360,984,67,533,484,481,384,281,337,82,240,456,381,32,573,553,796,470,794,445,4,692,155,240,647,487,998,334,44,831,125,444,317,271,723,256,508,654,261,503,422,896,413,706,635,875,768,825,633,60,456,97,351,699,882,569,350,437,425,103,39,794,376,880,87,439,755,973,736,33,822,178,946,688,16,334,822,737,201,414,846,752,430,416,515,690,353,226,919,141,0,28,168,493,658,972,350,446,701,878,401,727,500,168,566,91,720,425,997,160,5,275,713,490,745,822,751,347,33,493,133,200,551,887,987,324,352,83,312,706,279,970,37,814,794,180,705,528,256,237,216,446,682,18,369,647,206,790,797,189,731,607,596,603,84,490,727,286,600,848,374,410,91,184,544,252,949,399,192,136,25,59,285,245,80,197,955,223,475,352,650,68,924,797,174,249,52,419,229,711,209,397,63,706,99,637,387,964,458,324,293,854,767,973,9,880,324,515,618,29,323,406,485,476,254,862,1,475,223,370,448,646,94,615,599,442,291,510,926,853,397,113
995,963,608,251,890,644,91,799,130,512,447,790,701,673,487,144,714,814,779,598,889,628,999,704,452,917,712,138,273,542,381,484,601,801,675,710,942,808,862,843,990,51,577,241,194,391,301,397,91,974,999,764,517,80,817,301,937,396,330,324,243,480,559,991,981,753,405,369,327,825,481,948,212,234,774,311,492,788,516,756,450,996,481,428,570,579,194,262,748,277,376,670,296,128,255,703,865,215,592,650,144,293,857,295,585,808,323,871,297,184,803,522,859,503,324,818,440,203,683,416,807,328,114,494,365,886,111,723,602,521,123,807,216,472,442,136,173,382,269,55,118,113,119,171,793,476,147,143,448,315,212,392,554,922,816,824,220,452,1,29,762,461,712,664,922,621,825,304,256,117,354,123,280,302,125,740,324,781,974,216,869,529,537,692,528,422,50,841,780,699,258,235,73,306,512,974,343,117,527,68,719,879,217,84,576,11,776,469,47,809,31,481,253,219,363,151,989,975,265,750,53,87,637,436,244,895,255,283,921,135,133,75,651,444,893,311,785,942,611,556,407,409,957,193,635,529,94,851,6,97,976,858,158,394,973,888,609,483,687,436,758,848,36,226,421,113,35,784,707,368,632,304,816,612,537,709,845,567,847,672,280,520,63,973,463,667,248,440,577,783,226,438,346,0,378,392,171,798,612,703,485,299,924,628,708,676,891,466,597,433,922,59,457,293,457,399,923,289,415,647,245,980,576,632,674,238,804,163,983,471,777,988,608,728,43,550,921,430,828,146,961,680,318,988,384,784,71,19,980,745,56,322,690,876,874,843,676,171,681,224,640,318,256,544,552,837,504,951,812,447,861,662,168,408,77,205,959,457,504,392,594,258,116,707,226,898,592,493,728,96,452,605,704,116,740,885,229,77,234,551,540,254,771,487,72,535,25,193,553,798,98,368,487,355,502,90,652,976,506,187,372,3,753,622,605,793,966,125,546,189,379,314,347,507,488,644,489,99,702,42,710,346,647,690,497,173,646,256,57,785,744,831,749,985,666,935,986,919,561,438,404,268,395,175,792,590,54,545,868,596,594,421,674,989,6,55,258,600,34,503,168,394,930,403,237,500,980,140,162,79,887,674,152,680,514,336,194,781,811,535
729,531,443,759,195,903,4,472,967,370,493,535,668,899,486,82,158,943,269,236,332,624,19,303,105,167,410,592,971,467,4,421,704,293,302,946,328,271,124,37,703,583,751,4,344,609,848,244,595,630,550,317,858,133,10,519,588,430,218,436,388,419,21,137,185,714,801,15,702,787,253,618,402,859,805,923,754,906,164,645,168,606,408,41,228,24,271,905,915,297,929,239,538,391,444,611,295,845,358,819,523,769,455,985,868,414,994,125,150,990,372,696,686,958,139,712,335,536,406,570,235,451,714,356,449,21,544,892,926,167,846,483,660,25,148,762,80,607,686,584,574,247,339,488,823,476,274,427,444,121,267,391,784,561,971,977,764,752,721,649,838,788,93,94,842,576,134,716,911,809,64,84,913,805,314,588,73,797,417,832,636,881,790,133,370,91,485,208,468,836,535,667,466,274,533,929,722,148,961,904,845,384,571,828,202,472,117,577,676,714,994,367,830,626,942,435,628,885,791,324,531,455,260,60,45,232,447,967,27,844,198,48,301,809,655,957,182,761,435,990,428,618,899,939,639,174,696,123,88,276,783,202,405,216,577,973,188,349,44,811,736,21,962,365,62,843,524,682,639,434,730,945,136,89,642,878,759,467,806,362,932,724,880,744,172,583,329,423,565,447,9,303,0,606,940,801,970,241,271,381,893,860,261,609,386,272,870,281,99,889,99,972,953,260,735,310,239,811,533,18,408,329,404,347,465,150,35,480,439,456,246,660,646,960,749,418,634,460,876,811,868,758,692,366,795,124,373,343,858,702,513,479,391,987,909,141,394,494,713,194,106,116,903,932,84,460,717,40,208,746,816,615,699,529,162,556,28,473,874,440,492,20,438,743,273,383,150,361,492,586,126,637,431,944,226,65,888,22,157,528,38,981,842,984,428,651,342,68,442,797,965,698,727,868,155,774,464,648,140,105,764,751,829,371,435,268,354,510,114,949,481,758,825,165,464,767,433,198,363,451,672,738,845,718,413,78,383,878,556,439,995,421,975,55,37,179,586,665,717,88,2,134,104,565,608,531,811,443,315,923,480,56,627,497,368,218,431,276,854,867,815,885,22,723,478,679,59,659,112,555,373,84,912,838,388,900,149,676,10,107
421,823,610,251,78,532,82,257,219,201,539,195,327,951,94,548,590,212,142,869,157,874,315,969,538,411,673,969,751,592,259,915,106,401,454,823,9,494,849,698,220,758,719,988,85,459,809,91,389,582,93,941,209,808,418,414,495,499,528,313,961,846,840,529,587,763,186,760,450,236,957,251,713,876,30,522,517,82,871,468,428,575,220,557,685,199,241,50,442,380,994,971,679,636,593,933,889,425,561,885,984,309,888,888,816,676,816,709,550,638,842,909,777,373,974,332,864,685,974,90,687,26,816,505,306,384,786,302,745,215,755,681,532,628,212,710,313,158,459,325,776,749,591,425,807,783,476,235,311,431,599,557,64,460,198,386,969,753,904,149,175,347,944,717,991,363,760,375,263,263,39,245,162,724,272,899,110,451,222,870,892,390,475,643,972,491,800,157,177,514,939,335,676,305,328,123,472,580,265,402,139,275,599,746,535,967,753,425,234,670,602,123,764,351,98,931,24,61,355,299,169,468,689,461,290,200,196,611,357,418,140,254,328,421,907,151,750,691,607,327,33,836,345,497,686,651,387,790,149,722,61,522,508,731,883,505,20,619,378,588,874,446,740,419,588,730,380,26,64,519,599,629,714,974,490,555,766,206,874,990,671,183,776,320,159,95,126,397,584,843,948,850,496,628,726,165,503,432,445,421,415,389,755,506,272,869,871,310,538,352,629,135,169,724,554,673,129,575,757,341,634,114,300,718,316,109,362,333,224,449,748,278,113,531,743,298,301,253,960,636,636,706,324,301,7,957,620,401,246,885,891,636,698,2,254,328,320,535,683,606,519,896,588,487,206,1000,630,573,535,822,328,284,31,869,83,44,773,49,983,239,912,761,768,92,353,39,410,414,595,513,518,335,45,88,738,435,885,700,869,245,98,457,781,420,532,805,639,553,565,426,831,132,447,100,56,196,282,847,815,145,824,256,219,597,720,775,520,675,616,350,565,237,220,374,158,670,418,112,558,682,134,678,418,716,261,288,595,699,250,594,780,162,605,617,718,262,495,434,919,618,300,573,799,836,865,963,582,530,345,529,237,500,975,636,228,457,221,85,32,37,769,849,909,187,28,926,871,10,568,392,682,851,929,582,984,345,675,954,807,141
296,375,355,818,396,31,27,197,744,387,856,186,428,73,372,371,886,151,685,623,618,141,446,371,128,897,976,559,334,880,137,463,837,634,931,326,930,90,819,764,349,603,107,694,287,65,647,188,422,808,518,810,196,101,553,590,768,728,833,543,103,249,525,848,226,333,737,884,89,224,430,928,297,83,880,760,601,730,114,824,871,845,435,438,477,762,608,913,605,463,440,994,636,366,915,236,152,176,44,524,542,345,848,989,811,87,870,32,678,674,536,322,700,619,656,1000,275,274,955,74,162,991,742,380,400,795,325,845,59,249,223,511,537,229,368,49,845,229,244,146,678,787,539,458,165,72,789,818,432,228,294,5,88,537,400,547,112,203,44,41,800,988,681,645,210,172,783,568,175,508,181,799,635,659,731,317,581,872,994,733,439,213,984,999,989,546,707,815,529,637,168,369,518,800,517,979,329,437,920,852,137,974,875,218,920,861,967,885,961,551,859,949,951,967,120,125,371,416,269,715,270,261,256,405,225,424,958,711,555,527,872,308,587,731,913,635,764,630,419,526,620,943,732,517,697,324,166,764,189,412,399,218,324,746,313,742,318,339,189,383,872,212,519,976,377,553,179,816,120,385,621,989,191,84,378,908,906,444,287,292,941,175,861,762,435,702,642,593,288,659,779,899,695,186,436,941,666,323,549,444,751,404,892,462,928,675,593,97,547,776,883,767,585,649,491,552,928,219,768,29,839,603,129,618,611,71,561,558,705,542,413,85,473,104,123,11,456,233,581,630,163,162,520,414,397,844,10,586,558,559,181,908,124,759,426,642,755,789,309,733,888,776,487,360,46,312,878,220,976,809,518,493,94,414,722,736,837,744,804,846,739,656,600,675,651,504,78,530,853,206,435,399,563,97,201,897,768,286,931,399,726,415,258,214,911,81,611,732,237,507,391,697,115,708,431,22,49,478,747,760,420,213,760,5,266,57,969,201,845,248,415,403,356,853,669,7,345,523,800,313,46,935,159,973,841,242,426,20,496,360,276,244,2,138,732,848,420,526,196,98,858,622,957,530,805,549,576,761,125,795,285,88,449,346,930,6,605,44,667,159,623,987,267,53,63,651,996,775,867,115,219,581,724,260,626,312,61,554,596,19
531,896,35,192,787,377,491,659,392,71,448,157,277,398,252,699,81,882,267,672,966,753,689,587,298,77,784,634,756,175,433,419,999,72,90,917,948,411,242,216,911,696,195,891,456,391,692,552,739,979,22,658,908,905,887,596,337,444,208,968,48,793,168,718,704,875,77,306,735,379,391,81,328,438,885,454,988,352,590,555,953,778,541,527,791,460,362,270,671,636,335,182,914,580,370,599,861,166,372,230,940,20,426,704,859,707,130,171,723,17,884,224,909,684,481,529,152,629,445,143,133,465,672,978,564,53,238,216,751,973,169,821,658,744,138,865,834,346,302,873,283,226,560,329,11,228,546,251,724,812,528,254,612,664,330,84,309,783,714,470,485,734,878,152,609,219,228,668,736,684,543,54,700,719,322,549,4,561,656,830,113,877,335,135,424,86,713,65,308,270,358,584,132,740,473,56,737,340,159,698,614,769,165,98,419,900,595,200,480,864,554,117,54,517,487,662,310,224,240,459,90,785,275,854,910,17,199,89,394,105,555,404,850,296,950,35,625,619,817,37,437,772,768,605,331,902,781,472,297,25,214,753,573,186,883,110,240,6,111,539,3,968,446,675,526,712,602,458,718,240,439,659,917,581,764,808,506,29,630,33,865,768,414,876,98,622,26,614,359,204,470,814,172,271,375,862,265,876,838,987,601,422,298,508,964,68,756,751,471,278,687,877,905,832,503,232,522,436,464,424,583,566,406,988,857,939,325,74,565,263,498,863,23,989,974,589,814,153,964,975,977,227,337,443,190,580,468,222,282,202,272,233,135,732,847,22,225,751,749,910,729,34,150,305,923,587,430,580,191,748,519,694,123,774,975,558,13,958,338,366,245,46,971,317,257,333,92,53,192,699,475,500,169,705,709,143,165,380,748,626,936,191,896,604,15,998,872,245,549,147,311,561,439,714,653,134,244,815,786,699,141,304,669,11,53,325,861,579,964,304,17,995,231,864,412,484,399,487,495,635,172,175,133,673,297,143,941,235,389,877,16,242,198,538,729,145,441,614,989,111,536,419,958,603,27,595,559,112,615,279,931,739,943,853,945,21,108,547,672,501,44,584,904,448,154,388,468,153,878,719,441,610,487,816,261,570,848,578,161,476
54,239,458,751,700,670,577,469,948,108,446,893,258,974,795,238,100,719,829,762,552,93,882,576,685,721,448,894,186,517,670,77,857,118,244,200,589,427,914,573,437,368,927,475,949,931,447,929,995,988,455,558,73,104,173,101,626,278,785,209,97,47,593,725,445,572,175,882,528,900,225,44,623,316,496,902,292,918,972,425,983,36,586,701,507,30,377,368,339,891,584,517,253,531,730,278,69,137,182,204,408,643,967,815,411,988,832,303,926,353,864,658,507,751,689,672,35,742,559,870,742,627,820,195,231,609,754,788,551,50,702,291,569,351,881,822,780,656,216,491,464,781,940,502,446,157,662,70,172,72,404,110,927,398,996,419,932,662,996,177,55,433,157,133,781,683,612,177,889,369,581,903,946,752,321,836,934,252,166,282,138,33,799,582,904,330,482,970,850,809,474,262,46,87,496,184,590,102,86,225,613,858,225,193,869,191,982,952,620,975,78,38,102,331,711,988,884,342,307,32,398,736,53,527,355,377,124,426,830,529,616,881,345,174,257,853,723,748,603,712,878,57,387,55,85,575,104,529,504,126,171,89,770,351,305,42,908,880,834,365,53,906,991,22,545,55,709,645,597,262,807,832,228,1,79,383,565,342,682,358,252,39,69,366,469,39,78,121,1,782,726,715,621,913,969,551,629,495,368,276,678,369,156,778,503,322,669,542,708,935,540,499,522,152,535,916,631,675,931,870,291,507,441,113,978,977,795,464,367,76,683,577,426,30,225,969,39,219,821,481,370,393,541,922,429,661,593,910,334,453,544,863,956,806,317,846,477,236,649,436,813,690,873,268,966,218,516,722,280,543,264,176,84,718,718,198,522,850,529,11,465,642,543,414,762,243,81,240,757,462,794,321,880,812,133,729,231,36,496,116,878,715,745,739,942,791,906,867,322,274,362,284,611,99,954,748,621,243,339,222,532,608,278,996,84,269,866,342,839,401,234,796,50,961,907,394,376,221,460,555,565,692,372,679,677,578,198,705,745,207,640,682,243,184,841,506,568,349,396,619,572,758,375,335,577,50,600,137,289,10,655,930,711,245,363,707,328,397,214,139,430,84,653,189,435,108,496,179,921,474,323,789,523,310,1,77,168,450,284,378
95,397,331,757,58,310,423,673,926,16,159,491,203,745,790,715,393,16,741,241,857,26,579,739,546,390,747,970,279,489,724,406,318,402,206,87,538,221,826,276,516,9,266,186,6,950,588,849,829,923,258,339,955,59,420,598,81,2,374,965,107,41,909,554,80,648,171,653,934,789,793,685,66,150,162,501,815,174,883,366,59,88,96,54,885,140,884,30,485,195,532,345,78,862,871,421,69,803,278,659,627,445,687,696,46,947,838,988,314,909,23,120,932,370,541,276,875,379,231,653,588,795,625,832,707,57,868,820,359,233,835,691,152,137,907,389,561,808,866,723,652,320,408,68,986,164,581,561,397,425,6,551,895,54,460,82,313,965,252,444,970,594,762,25,940,786,843,296,102,90,912,723,52,747,852,669,964,726,490,228,559,609,263,651,283,230,17,339,245,80,461,929,129,497,709,578,623,793,635,432,132,970,750,812,785,497,255,900,938,444,936,582,773,118,706,658,542,726,526,855,634,64,419,68,727,641,155,266,753,248,404,596,937,229,155,970,10,28,918,757,114,431,822,584,837,351,650,552,250,966,400,655,223,253,136,813,161,543,18,873,667,632,461,634,218,22,268,659,104,612,64,731,38,323,771,939,950,231,882,316,71,620,2,217,14,582,97,242,769,13,321,770,881,171,730,403,20,86,28,482,215,33,872,509,577,534,19,752,460,818,626,377,742,321,842,915,581,274,675,771,508,793,787,386,828,788,298,385,409,257,520,327,434,809,115,438,147,794,762,202,1,918,470,849,783,408,490,302,366,959,635,107,367,843,628,796,314,14,686,737,269,259,336,561,576,221,213,835,387,372,621,779,628,31,114,721,414,353,459,323,499,374,654,944,922,179,463,642,125,805,462,433,254,841,272,679,630,276,443,116,268,519,525,218,267,415,852,125,939,68,530,242,692,717,66,681,331,98,418,431,859,482,657,359,273,978,943,341,556,378,655,560,697,938,74,851,850,414,173,244,616,206,150,339,862,442,514,967,433,225,229,16,849,944,550,342,951,768,620,798,302,615,578,170,753,781,990,203,640,125,967,377,133,61,552,916,479,540,198,816,938,123,391,990,303,226,323,762,393,216,510,488,812,748,620,800,75,795,463,982
722,872,916,168,384,420,190,418,630,269,148,357,619,388,129,544,293,8,632,172,452,364,881,12,711,63,444,889,556,486,408,204,691,727,996,149,277,44,344,463,150,180,487,197,397,196,854,156,244,291,190,133,796,789,988,841,385,948,942,276,629,843,806,283,221,333,13,690,572,618,293,826,23,322,157,158,217,249,6,649,475,89,633,561,107,221,677,175,689,861,429,105,850,140,933,832,480,638,432,603,501,905,592,22,160,985,81,291,989,323,164,277,783,791,782,507,905,728,495,62,862,471,635,577,927,684,899,489,628,41,808,130,475,354,535,313,52,362,778,947,909,441,380,368,460,957,312,384,964,473,43,421,144,853,855,896,169,947,538,28,261,677,256,132,573,921,226,875,815,154,469,908,890,381,875,915,12,610,17,734,151,246,612,874,45,184,574,712,837,468,399,374,793,854,419,987,672,527,318,216,936,174,802,112,418,892,187,300,178,987,67,950,42,144,479,248,868,792,262,593,909,113,879,467,872,344,805,759,806,607,434,597,207,229,324,379,879,1000,398,800,607,71,593,672,347,872,980,778,575,951,90,685,146,406,730,960,223,864,260,559,782,155,862,596,958,868,357,255,325,957,493,228,751,17,200,547,685,697,961,485,613,996,475,133,216,524,287,180,245,200,791,735,185,228,518,641,28,547,780,111,55,663,30,770,281,293,886,986,117,714,131,778,315,693,464,319,917,577,678,692,116,648,587,985,802,306,241,331,146,212,514,496,495,832,534,420,398,314,157,281,467,935,919,572,896,663,456,985,361,600,46,8,277,45,184,818,808,937,338,854,299,970,991,883,418,659,204,842,26,340,820,938,422,581,473,113,106,367,962,959,130,356,851,173,336,119,168,126,927,210,430,541,404,262,457,796,821,132,819,51,867,134,224,139,110,854,163,446,976,341,901,912,123,462,738,844,758,2,794,750,268,227,439,283,983,903,135,490,244,857,409,348,559,276,176,731,351,158,200,964,290,346,787,400,824,374,544,81,808,936,760,288,21,72,631,311,800,578,168,390,822,708,879,964,858,552,39,782,730,217,18,430,463,611,856,930,265,286,48,983,693,910,908,660,837,345,127,670,812,141,646,668,667,941,111,221,928,602,639,749
633,858,709,258,804,572,417,926,673,943,821,442,721,846,966,584,184,12,631,258,850,636,339,455,318,116,623,327,459,849,728,641,373,859,538,169,354,708,5,972,828,450,197,82,470,434,641,532,366,771,837,983,858,540,266,143,690,12,850,363,990,664,231,490,550,413,548,441,306,201,384,557,474,327,692,476,299,886,44,646,800,918,441,609,881,73,249,804,893,803,239,230,560,409,307,764,147,550,624,194,476,126,76,303,252,872,889,514,974,128,173,118,738,678,757,712,241,54,828,196,251,754,201,390,347,217,124,265,423,167,778,119,472,913,923,950,347,351,431,27,738,773,709,220,31,511,769,119,378,137,109,959,294,223,880,849,285,448,940,420,478,735,873,302,542,385,145,348,215,378,481,78,110,214,0,769,382,6,648,161,100,533,927,536,503,32,849,734,164,681,980,105,171,327,751,73,366,872,720,961,579,449,465,870,43,221,776,597,811,137,747,781,354,986,945,17,322,884,329,833,746,185,150,628,785,566,164,661,507,441,439,27,474,53,278,963,627,91,543,193,592,204,906,910,961,615,137,115,274,853,243,201,795,820,215,82,568,102,729,304,928,185,936,130,56,623,499,330,125,985,0,323,38,993,480,261,953,786,965,282,837,433,464,769,736,473,991,918,954,235,863,925,84,639,736,87,200,665,384,69,839,0,252,760,219,322,135,433,161,141,933,322,735,698,22,791,961,911,573,293,683,598,74,717,154,978,910,305,802,792,605,196,683,550,240,138,413,641,351,623,416,42,99,538,732,781,308,394,876,563,180,383,798,348,732,463,266,721,585,575,973,401,969,1,817,183,171,871,820,859,691,810,490,383,549,24,224,842,457,110,516,513,209,893,62,494,544,238,758,733,904,357,337,962,556,754,183,54,170,733,341,273,148,192,959,291,392,562,604,355,38,349,851,37,548,45,661,641,435,253,630,6,579,587,555,682,35,377,918,781,73,733,653,165,891,915,421,790,265,785,412,587,577,200,553,429,786,458,138,877,815,833,587,285,529,877,396,906,233,51,748,165,126,768,689,181,622,532,466,184,298,7,489,4,772,411,956,387,904,33,18,916,370,222,803,771,515,559,395,654,598,102,624,808,799,625,455,362,600,931
737,190,360,199,555,159,107,478,574,981,743,242,718,207,809,40,627,958,617,775,208,372,651,631,752,472,341,526,119,987,461,341,333,26,587,388,318,892,94,563,478,157,614,177,386,337,85,494,230,536,295,71,463,154,575,591,562,176,919,779,877,804,353,207,677,639,262,495,16,461,286,822,869,669,743,831,542,765,286,867,304,925,384,447,409,649,977,690,605,696,675,119,904,412,392,561,312,883,156,555,205,275,570,754,496,34,398,292,871,17,55,442,648,793,112,595,107,978,404,595,351,306,319,582,162,351,158,723,49,571,335,28,890,591,272,305,722,473,661,76,542,363,421,90,701,980,657,192,898,452,173,960,241,398,17,169,967,237,953,912,951,917,951,103,624,263,469,205,851,413,404,456,232,954,700,306,804,34,791,518,854,246,13,569,22,910,222,109,156,79,155,532,440,766,709,821,952,62,555,278,16,782,932,101,742,77,754,677,742,794,608,760,987,17,622,377,331,134,238,506,374,48,681,2,26,827,360,988,605,380,286,681,916,830,488,644,100,867,603,219,122,771,245,51,937,608,231,32,732,667,745,427,228,194,123,44,352,873,906,677,126,237,654,844,697,924,834,795,957,787,870,927,910,675,629,70,201,451,302,221,216,732,272,201,811,190,818,147,38,7,753,45,722,564,158,743,528,5,764,292,970,948,723,348,375,665,925,445,461,176,375,723,145,789,928,54,716,941,460,526,935,129,223,573,414,588,122,793,263,912,502,262,616,311,268,996,720,257,820,395,682,294,813,675,833,155,392,381,533,491,679,576,981,656,935,304,867,865,975,672,285,152,932,781,350,54,108,469,850,919,508,990,181,503,365,962,413,991,613,705,894,973,927,246,451,133,860,15,88,638,538,866,820,938,400,569,690,274,770,829,987,134,23,98,946,348,949,485,430,857,112,180,496,507,912,799,67,405,204,147,173,510,13,725,692,343,411,592,3,496,317,372,927,528,508,157,401,870,785,966,84,369,20,992,895,610,752,468,658,33,210,566,555,124,448,383,516,743,534,629,431,48,323,224,899,858,140,703,133,636,146,419,709,27,563,4,435,982,225,793,348,871,905,546,933,781,71,431,111,968,240,10,177,261,405,732,282,212,740,297
463,860,780,216,954,669,620,361,260,905,314,567,561,67,65,873,308,803,969,819,106,486,424,335,903,60,422,102,163,418,78,159,693,922,676,740,593,321,103,988,576,576,323,8,1,742,306,380,826,538,76,752,741,444,657,538,805,434,579,42,23,165,91,832,72,429,89,932,450,638,934,75,495,960,370,643,820,257,994,333,397,725,340,934,158,933,493,111,933,299,45,496,202,794,316,660,355,474,461,330,395,268,964,920,268,55,804,548,773,169,931,529,616,237,486,75,256,203,860,209,919,659,788,526,194,282,935,691,238,809,6,922,121,261,239,712,351,85,416,309,598,272,726,955,844,678,693,90,539,284,365,72,828,895,685,312,937,3,524,732,569,194,872,629,646,451,633,468,534,947,122,943,831,540,485,419,876,25,755,128,616,869,190,698,40,525,847,720,190,157,114,222,967,389,866,70,617,209,19,698,484,951,989,134,613,216,926,127,710,483,170,360,53,907,416,955,508,607,190,61,639,825,729,745,867,161,356,211,638,880,113,55,685,401,544,717,930,525,503,340,883,80,527,153,554,254,592,810,669,172,28,118,631,468,22,950,428,86,368,579,276,322,637,470,997,883,592,790,370,684,889,910,372,20,277,502,524,2,739,687,442,913,908,359,178,922,238,745,748,869,254,426,327,380,214,458,159,531,263,993,43,90,384,213,724,706,295,699,694,36,840,880,233,644,457,342,666,678,841,847,261,171,557,955,691,355,973,29,594,637,16,785,104,519,956,749,898,817,615,880,291,813,560,866,578,142,861,454,731,952,347,646,298,4,560,509,650,712,530,28,788,806,35,7,743,592,0,621,881,437,67,13,26,694,670,979,578,285,21,631,450,494,935,806,51,399,815,570,80,402,734,396,970,759,420,63,463,820,986,811,644,982,986,850,777,24,256,864,990,615,740,727,317,339,758,361,608,929,420,262,85,197,15,250,793,907,759,541,380,444,50,525,408,587,538,696,738,600,841,891,625,818,506,271,941,321,882,646,903,605,280,290,541,808,693,901,822,102,244,290,927,902,578,956,73,217,459,563,930,646,340,154,675,209,76,879,740,828,25,529,339,1,333,617,880,235,81,230,266,21,705,841,831,132,565,632,379,512,238,832
808,402,216,866,557,609,392,542,90,283,935,787,903,149,26,150,440,182,389,687,37,828,875,206,160,376,942,292,643,303,753,679,632,699,253,474,68,751,400,306,303,794,216,285,144,547,724,686,0,66,547,465,13,349,516,847,795,337,952,544,567,847,419,973,206,561,558,878,495,336,974,323,157,799,901,473,603,903,659,989,133,62,513,247,482,164,804,215,939,10,756,30,242,927,215,101,684,534,614,986,5,430,502,691,273,523,246,196,274,815,911,728,427,152,331,94,878,603,950,683,990,695,193,40,429,875,338,996,558,517,974,748,540,651,579,521,311,149,949,402,214,407,838,504,114,147,493,858,793,191,1,492,289,229,648,571,127,348,678,156,3,644,321,12,185,17,450,171,340,707,890,462,509,846,366,662,173,358,577,450,946,827,816,515,992,587,628,410,536,704,338,773,797,763,515,861,268,705,754,960,974,363,628,447,13,979,342,464,628,768,476,716,478,317,326,998,271,52,271,744,786,324,904,451,985,999,837,816,453,530,728,770,267,796,767,897,437,276,759,996,425,585,753,800,31,456,844,566,671,825,608,899,681,542,461,773,842,14,732,882,999,236,71,21,296,824,910,392,438,939,665,505,854,209,409,391,969,146,136,582,939,145,354,268,502,355,316,203,937,81,423,914,753,977,200,588,224,507,582,166,350,361,620,641,943,357,412,392,798,225,85,267,233,591,908,208,14,547,717,692,777,525,500,719,519,468,357,103,325,185,248,422,853,71,384,348,859,834,365,447,847,940,518,361,558,234,378,837,417,497,680,386,669,647,592,559,823,252,426,664,512,282,893,138,199,759,198,738,411,539,290,79,543,579,845,4,158,57,704,301,26,434,239,203,360,781,577,576,618,326,617,755,566,23,76,815,953,30,984,408,186,945,579,904,142,483,88,707,612,385,584,607,907,414,3,510,517,443,96,46,97,912,372,406,809,461,928,942,908,678,288,560,298,829,75,491,467,570,977,297,892,143,523,958,475,645,253,1000,873,542,698,341,924,386,483,516,498,946,12,673,110,486,698,677,201,871,602,209,973,335,81,954,252,825,627,258,511,213,313,14,756,402,303,327,442,852,174,611,31,482,271,245,275,239,658,290,777,324,661,371
937,313,527,795,781,394,137,27,409,586,108,923,717,717,100,905,475,657,870,625,500,843,953,18,896,620,95,201,882,341,441,937,779,63,244,388,120,894,665,322,967,101,218,469,304,251,390,417,517,159,216,213,494,152,444,345,103,396,570,737,735,160,698,460,245,218,404,203,466,10,33,283,172,179,175,319,525,617,842,825,60,684,404,912,422,697,817,743,321,254,888,761,684,591,148,496,152,70,419,264,134,126,726,733,260,431,905,987,712,164,212,563,445,502,177,193,804,425,817,769,513,455,92,883,916,262,968,395,960,538,409,321,204,679,408,601,750,913,975,701,699,83,703,237,895,329,226,973,854,159,789,390,318,705,861,263,189,763,724,876,417,122,501,741,15,177,83,555,988,52,297,131,365,487,294,996,630,4,914,570,377,178,615,730,703,509,719,985,226,921,339,144,745,629,211,880,485,427,248,356,312,735,537,165,988,542,247,607,399,944,867,528,282,885,273,637,806,57,404,254,408,887,353,75,802,599,499,202,238,536,589,49,409,740,112,571,663,652,16,443,378,192,926,50,396,925,286,489,353,574,927,725,245,385,780,182,979,733,510,505,213,565,590,172,689,414,313,724,482,535,198,242,590,395,213,72,20,461,391,938,246,46,85,747,1000,6,632,501,98,510,699,14,904,195,876,455,5,814,388,776,818,396,445,533,798,277,461,437,608,478,693,257,386,740,64,533,972,488,276,334,539,736,715,151,724,600,722,123,903,678,658,682,595,607,750,138,590,655,870,183,662,409,326,335,64,692,881,659,904,531,288,682,9,318,268,844,38,615,438,907,532,283,739,522,432,969,440,345,114,329,209,687,356,133,283,224,434,266,818,65,763,357,975,87,468,531,436,373,168,60,62,356,427,975,57,479,95,838,339,36,666,906,331,313,692,974,774,61,235,413,746,748,903,18,75,105,734,749,833,593,195,290,240,140,439,598,994,33,238,15,444,89,492,274,776,306,315,222,936,298,195,330,578,163,30,751,220,382,655,690,365,187,126,92,600,152,973,440,161,196,184,197,255,351,353,566,142,797,30,928,447,634,959,99,38,968,463,551,396,459,155,519,997,613,863,732,339,86,904,167,205,422,39,806,903,80,764,870,505,746
341,609,239,441,764,332,808,47,382,653,798,46,632,437,576,480,913,556,150,58,299,379,955,81,946,785,221,841,60,960,121,837,639,347,680,587,61,58,851,886,488,663,318,173,744,598,800,14,551,516,942,279,779,604,86,730,930,833,466,627,940,165,828,615,919,996,103,449,532,18,419,296,999,213,497,595,148,146,809,341,452,358,667,769,342,333,610,398,400,299,899,244,543,617,856,600,242,817,190,886,878,308,14,262,128,613,379,358,509,928,77,238,806,131,93,340,550,267,434,693,468,560,301,458,26,185,328,420,759,707,538,645,353,18,201,613,92,736,877,533,726,2,412,797,178,887,795,731,110,185,76,818,475,731,563,842,832,137,833,352,21,471,583,502,57,851,168,194,579,635,179,271,430,48,618,273,839,643,841,444,943,466,620,96,578,838,996,204,156,525,884,80,854,470,127,745,519,254,402,718,338,264,673,612,137,977,521,821,325,476,490,861,221,749,2,365,330,628,466,762,567,555,793,566,873,261,19,271,756,374,223,561,706,676,615,135,240,324,949,640,592,341,681,23,747,87,36,263,260,961,105,794,297,245,186,127,146,742,834,428,66,277,706,478,783,877,958,398,305,758,587,92,993,151,690,86,840,803,192,155,100,697,93,66,126,685,293,959,449,156,307,69,973,819,136,95,376,232,817,984,478,933,19,464,200,609,721,953,598,424,701,239,189,673,482,244,170,744,388,255,985,98,878,143,322,219,574,128,157,133,511,992,371,224,490,311,140,871,171,509,623,224,555,632,939,449,143,532,256,458,417,73,396,638,411,290,953,765,437,74,177,354,881,519,341,298,633,980,363,316,620,420,874,913,391,157,247,322,672,887,62,352,778,294,654,762,827,497,176,115,308,956,617,450,16,314,836,439,586,64,722,642,1,275,332,187,751,540,738,812,304,175,983,749,900,158,390,21,80,724,299,674,84,851,827,924,782,773,944,793,144,527,785,936,27,802,405,874,373,230,168,285,690,10,735,50,81,123,593,771,364,21,854,899,524,33,2,304,320,395,444,272,147,678,635,634,365,132,39,891,46,267,972,835,124,16,298,855,390,760,760,425,989,276,600,607,987,883,921,139,811,826,68,195,537,135,11,165,835,915
402,900,614,700,834,967,611,598,989,3,494,935,289,804,259,343,561,174,880,567,58,774,243,508,387,312,480,996,634,48,284,687,720,434,763,883,982,993,549,682,513,209,393,197,770,980,75,134,91,816,993,742,243,504,772,665,10,886,390,629,979,273,411,752,216,616,751,517,670,403,303,988,252,579,56,898,689,320,765,543,507,511,978,82,227,175,489,898,401,800,22,14,970,790,990,660,445,273,4,606,448,79,363,243,289,28,489,413,671,467,628,812,955,112,201,957,276,571,460,599,638,279,891,412,219,330,677,531,241,482,556,702,227,499,610,981,565,635,591,337,683,624,177,337,594,214,129,764,41,78,233,930,637,398,545,815,423,276,3,908,519,290,563,312,830,63,195,547,163,920,953,421,24,395,141,270,764,621,786,13,636,696,862,62,634,419,356,259,812,718,510,531,945,63,471,643,249,78,659,127,420,691,991,95,860,371,409,772,538,606,167,575,773,98,51,986,994,828,640,368,953,315,523,274,603,986,136,438,30,825,975,818,76,610,536,311,593,860,170,508,246,864,20,534,698,326,200,6,112,506,774,258,184,809,192,995,696,101,673,410,348,747,444,840,623,411,45,551,528,964,790,654,54,33,689,668,460,727,264,564,117,40,241,100,277,653,75,450,893,979,949,990,95,89,267,51,162,588,329,851,588,611,367,320,384,82,100,777,521,301,541,993,823,16,98,378,698,712,98,706,571,897,116,765,138,76,91,601,244,689,749,993,12,190,233,210,190,774,782,933,506,710,17,987,848,637,417,201,920,638,634,670,650,608,987,634,235,3,25,51,5,7,685,262,76,704,6,235,369,285,147,669,960,101,25,847,959,692,737,38,449,980,430,849,260,197,444,294,82,938,495,404,28,903,998,492,380,500,898,405,703,624,206,730,921,548,296,315,651,283,798,743,804,271,606,686,155,237,766,497,194,365,282,637,451,25,21,117,700,215,180,777,975,155,876,652,518,599,845,65,892,820,344,715,805,394,182,567,15,865,250,523,106,86,699,228,799,94,378,797,887,70,251,324,688,752,907,522,243,714,449,643,65,621,102,726,240,44,938,908,327,405,297,880,591,49,688,559,810,181,983,756,424,639,654,547,218,688,959,419
161,998,406,266,940,340,127,555,572,196,747,940,248,820,324,809,840,662,206,735,19,424,177,448,557,236,178,306,153,237,505,192,550,230,189,292,645,170,865,380,749,157,147,21,134,862,632,868,326,188,109,303,773,356,201,593,222,469,253,811,922,61,692,729,432,194,199,806,96,356,98,382,750,271,193,594,310,772,752,626,654,43,14,21,874,116,401,211,344,88,816,724,809,808,707,439,300,980,34,566,60,428,425,161,717,361,594,415,124,80,263,181,805,896,627,484,940,752,622,595,796,293,10,942,422,272,444,886,126,740,144,856,165,463,310,871,603,609,405,421,133,754,188,621,460,394,707,471,196,200,428,12,266,326,910,736,451,578,338,328,925,333,958,648,383,988,31,982,959,68,651,327,807,107,309,929,236,69,238,344,129,953,353,319,466,136,764,679,540,413,751,759,661,73,309,603,693,780,573,522,585,826,27,325,735,673,274,865,809,507,740,522,538,418,392,45,762,295,727,37,515,425,288,327,748,31,201,807,561,104,205,887,750,169,486,457,872,855,168,897,448,666,902,43,213,380,86,300,980,886,191,330,767,83,695,125,670,760,720,637,524,667,760,766,408,87,522,452,751,821,131,247,940,206,608,63,953,184,369,192,692,676,872,305,287,385,467,910,95,411,366,160,113,788,626,621,61,588,141,54,321,644,297,906,238,543,476,760,264,508,970,407,948,689,29,423,662,742,524,868,705,372,676,161,847,791,290,837,664,232,53,38,731,588,863,26,130,236,309,347,700,623,940,794,970,965,423,318,632,268,248,359,622,181,342,954,41,250,488,458,603,969,336,851,804,231,346,586,23,308,766,171,148,112,499,35,218,715,754,987,528,72,910,511,940,684,973,693,674,6,203,800,715,237,799,457,539,480,823,62,669,781,800,638,343,422,293,606,133,477,152,871,205,1000,372,906,604,663,170,174,168,294,87,95,18,436,714,851,882,227,111,649,921,491,213,713,488,419,297,280,66,601,833,435,55,476,273,11,140,213,173,134,989,431,342,929,633,512,827,257,104,90,600,504,321,929,280,853,213,119,942,65,306,663,870,582,62,565,59,659,237,162,723,198,179,382,216,828,380,776,463,711,453,150,749,83,469,882,208,726
16,537,439,46,88,16,113,552,907,17,360,493,157,914,333,331,783,197,493,659,430,144,270,850,759,839,395,588,628,369,219,80,383,336,789,462,558,194,670,73,326,234,674,888,742,826,874,182,0,1,38,318,745,918,401,517,478,396,927,541,221,708,985,635,225,20,486,713,399,597,353,673,883,229,628,765,209,862,830,842,350,231,641,750,1000,401,889,319,903,685,917,21,268,477,101,223,692,969,178,117,502,9,791,75,360,902,561,609,566,445,47,440,205,952,164,143,218,309,105,106,198,566,509,982,994,984,270,327,807,43,756,86,370,2,136,165,263,242,957,808,843,539,389,81,610,261,779,779,269,118,48,960,281,992,810,52,158,884,879,714,243,745,17,403,227,695,10,285,627,423,305,282,549,792,859,571,761,925,851,488,885,443,695,299,629,120,91,6,115,84,705,473,923,326,719,375,547,873,113,756,207,349,320,528,667,730,648,270,589,284,575,920,776,844,633,731,658,781,283,575,41,643,426,993,992,988,741,918,410,33,428,36,310,59,669,108,271,927,119,800,132,45,146,166,27,987,718,580,801,969,377,443,113,740,835,747,198,412,740,213,440,172,377,507,621,495,418,602,281,247,311,263,820,238,913,24,563,538,714,280,139,911,243,786,187,362,276,560,555,992,979,137,545,594,712,507,387,432,408,211,43,97,636,887,77,764,297,550,160,688,972,169,708,496,559,114,601,178,614,429,926,333,299,658,411,294,450,512,653,423,289,295,484,32,170,365,9,329,381,266,981,11,432,610,45,175,622,744,589,917,729,605,288,883,118,91,364,469,686,912,963,613,198,753,681,421,21,621,837,76,965,965,360,82,75,321,273,227,329,778,310,721,702,958,826,764,76,202,92,739,197,511,15,180,765,953,613,794,54,568,451,280,181,855,382,773,597,343,294,818,30,134,205,236,604,114,220,50,745,496,512,172,321,545,122,395,864,13,580,370,380,986,130,895,371,264,793,798,853,303,925,12,767,683,711,705,752,129,924,731,758,684,233,106,194,996,550,611,998,462,437,367,109,414,53,806,259,268,550,771,542,758,976,604,975,960,710,832,81,643,138,180,503,380,435,427,508,62,707,475,652,703,960,186,163,585,933,213,942,794
80,506,958,812,375,141,133,578,653,743,180,976,179,46,721,906,772,0,960,752,928,946,851,944,476,555,946,796,889,276,798,577,583,77,352,463,194,656,710,774,843,648,991,73,622,641,22,88,240,779,547,257,211,412,76,543,859,770,337,227,816,837,718,816,159,557,300,74,617,610,765,441,845,177,759,801,71,660,920,106,407,984,162,288,963,462,116,300,236,878,815,663,828,376,725,612,606,931,725,997,350,217,426,774,866,162,777,165,280,51,735,28,907,815,395,818,517,379,959,125,985,774,34,922,488,288,738,929,994,673,925,662,432,479,969,890,455,842,561,608,892,295,539,23,830,225,825,484,461,768,115,304,692,822,806,551,179,26,651,813,866,80,38,444,19,212,964,367,402,388,328,540,119,531,698,858,519,13,555,466,909,724,264,340,639,940,502,748,309,736,512,676,940,686,760,334,545,31,292,605,422,154,586,521,882,428,604,418,811,609,593,860,222,366,922,916,274,295,117,236,302,958,3,599,111,733,250,845,59,846,638,313,165,54,675,873,908,414,236,751,395,879,723,82,952,171,489,905,152,594,515,821,579,422,438,150,441,582,182,758,909,730,424,590,902,729,312,223,913,889,684,939,773,393,284,857,822,421,850,372,13,884,392,253,793,179,442,914,214,770,944,474,883,345,503,252,602,629,749,183,198,814,957,358,945,94,792,511,977,595,853,824,578,533,20,599,833,24,289,846,547,598,252,600,190,815,274,708,571,357,882,629,75,610,513,734,211,718,480,171,723,242,440,330,480,254,775,666,578,662,933,260,64,810,615,5,262,862,966,793,263,530,822,608,828,236,827,469,57,225,34,124,775,279,79,665,929,962,772,71,454,12,551,524,872,194,622,572,458,63,204,360,997,774,17,937,869,112,95,597,282,993,693,957,804,443,870,11,345,983,146,676,320,712,380,330,319,481,290,140,241,882,536,548,66,732,105,93,123,78,76,31,586,221,578,590,255,568,589,554,808,156,388,486,705,766,936,540,314,117,846,428,465,742,329,875,824,615,172,987,837,927,505,371,439,44,388,169,906,899,36,260,470,61,605,986,640,402,706,367,66,409,694,188,367,311,24,894,63,462,187,983,113,777,383,438,474,4,837,175
347,735,347,315,612,873,920,844,841,907,986,789,137,412,156,996,250,580,781,292,626,237,866,919,998,141,476,938,194,603,828,643,318,406,193,104,385,57,576,371,925,800,720,510,575,812,367,635,683,803,750,630,478,866,652,116,527,637,640,391,17,896,622,120,885,343,339,233,605,901,47,797,526,120,199,951,553,357,614,865,365,788,81,133,751,630,450,927,781,689,500,611,480,621,773,756,483,988,749,548,379,976,765,855,955,203,690,494,481,719,64,242,401,680,182,273,663,2,755,815,247,214,893,126,864,132,292,855,411,285,57,229,101,156,874,685,665,671,725,652,771,941,608,702,635,808,831,883,964,195,440,850,762,68,949,600,768,464,629,711,994,647,435,500,253,199,307,693,61,737,725,775,865,492,185,967,137,764,711,406,639,79,649,622,295,787,730,247,197,808,478,394,839,904,79,212,292,405,975,917,817,646,425,123,200,428,436,450,785,194,490,293,30,301,810,493,578,717,531,329,302,216,572,589,871,615,907,28,720,767,919,580,235,696,233,839,418,877,418,265,802,566,611,973,557,100,881,92,539,717,39,709,426,291,419,186,917,719,291,550,52,121,969,928,961,825,467,69,540,179,522,502,101,851,287,389,576,999,722,56,367,418,436,136,104,20,311,155,566,502,437,804,129,281,332,366,190,272,66,647,253,13,790,329,303,601,913,584,161,45,927,763,893,200,455,680,292,446,91,955,231,514,187,158,259,269,179,934,619,317,516,706,453,192,419,613,237,709,875,727,976,656,188,594,205,515,213,430,539,671,111,112,551,697,817,278,89,660,889,826,275,493,63,479,14,323,653,442,899,43,468,296,396,228,539,745,791,313,513,552,107,102,83,229,833,683,609,236,989,156,66,2,242,183,800,745,143,673,482,962,951,703,562,535,838,996,481,491,812,868,117,350,549,332,69,994,190,175,560,665,942,681,455,507,503,155,413,927,315,335,864,983,981,10,333,771,679,825,18,884,244,104,189,564,949,855,622,399,209,166,309,900,901,940,906,74,519,383,256,521,492,163,298,467,677,201,501,464,368,985,910,845,380,405,943,33,668,224,123,952,390,181,210,697,846,578,458,745,459,533,207,292,225,806,884,192,59,985,66,113
408,64,662,161,720,902,16,24,229,883,397,719,939,633,530,624,68,746,380,637,675,612,915,902,200,335,807,623,292,297,254,2,997,470,618,123,13,246,849,42,84,317,567,259,838,421,420,645,472,434,817,175,293,649,368,217,989,158,21,508,713,119,94,583,130,252,186,443,534,912,142,783,515,151,191,332,378,75,174,15,149,880,392,855,857,170,53,197,74,861,632,290,42,842,14,323,878,639,395,31,812,48,365,777,141,568,396,982,849,953,917,799,634,244,142,569,306,600,41,712,941,39,899,319,25,489,981,808,528,568,499,952,200,724,273,405,272,63,465,815,174,155,442,89,148,695,860,786,400,311,846,502,848,64,584,879,847,102,997,396,288,971,172,48,374,375,27,738,124,54,711,182,136,751,14,157,271,626,794,931,206,497,829,216,900,551,967,960,892,724,205,545,279,622,678,314,373,132,453,243,199,999,450,446,527,668,727,252,293,276,169,655,794,981,519,562,109,49,631,700,943,363,72,489,116,700,470,362,129,899,803,274,26,309,650,694,867,125,292,879,16,411,108,219,301,804,575,766,471,931,118,340,881,863,988,726,450,889,933,546,264,426,308,612,266,526,797,863,521,741,789,732,431,210,957,469,450,468,262,206,908,156,434,520,76,450,592,559,794,184,962,793,756,740,518,725,737,183,155,78,428,217,888,963,80,297,160,785,203,181,736,156,676,423,22,600,648,535,346,672,383,460,530,751,904,735,502,818,610,889,932,206,89,854,491,511,810,567,539,915,833,623,926,241,178,788,919,108,501,581,78,776,711,912,739,290,757,678,511,493,226,913,443,647,919,711,108,582,19,662,15,445,526,835,593,52,544,325,222,666,740,517,681,120,23,702,761,60,641,989,219,426,217,414,110,492,677,480,126,605,220,954,917,300,889,124,68,452,283,803,541,52,502,931,429,892,848,467,991,459,244,401,394,190,150,640,572,641,981,349,753,386,479,73,395,925,112,596,335,545,676,624,30,667,361,549,676,44,100,913,833,808,143,786,849,969,312,504,11,860,800,509,224,737,250,986,917,415,652,140,277,112,14,879,367,713,868,640,450,948,267,524,701,380,26,550,194,261,82,307,404,707,919,165,486,658,818,189,39,659
484,830,978,271,428,155,392,561,481,629,769,834,286,444,58,115,350,648,965,906,498,403,883,754,675,294,228,785,952,938,498,80,33,42,132,34,803,235,660,829,245,264,454,577,663,388,710,497,204,906,965,726,537,748,372,154,747,776,968,108,915,780,410,890,507,24,38,345,935,154,688,601,709,697,614,977,960,594,398,963,440,135,423,368,771,435,426,478,606,24,472,898,803,797,617,241,342,640,318,137,38,736,565,312,623,455,73,704,485,280,461,507,793,228,400,227,586,261,359,188,604,237,619,205,678,710,77,299,972,803,533,281,191,333,647,260,2,978,310,331,575,281,800,864,987,156,559,909,876,832,897,597,278,83,721,936,64,22,173,747,568,939,556,541,36,193,68,51,698,719,304,46,894,808,28,350,110,820,406,629,64,112,63,644,237,643,544,234,245,72,15,20,867,668,420,400,307,596,495,568,464,519,546,141,950,733,130,681,654,899,216,749,790,904,195,488,605,576,372,247,642,783,206,658,105,791,436,864,662,207,938,921,215,533,626,48,78,370,622,853,297,217,495,46,454,377,807,697,27,730,874,791,884,21,900,661,292,605,163,212,594,400,931,363,369,186,489,198,878,98,66,429,254,772,469,636,208,472,501,137,747,993,49,319,727,820,336,621,676,562,40,354,113,651,205,370,986,127,576,16,69,395,575,832,865,809,736,236,692,368,578,443,671,183,348,76,329,964,614,821,155,720,663,839,501,952,377,580,564,375,823,400,661,47,721,139,235,53,268,72,692,750,80,906,206,7,671,757,71,965,922,362,143,424,752,498,558,600,835,395,923,241,813,385,250,487,489,447,230,321,187,858,379,337,882,324,567,657,8,700,263,804,362,527,98,872,524,241,240,49,35,769,848,353,291,533,536,378,527,0,771,948,76,939,997,11,203,630,171,666,268,880,877,982,563,196,812,654,351,703,685,581,902,118,11,340,993,60,200,451,660,936,59,219,608,281,295,995,81,541,163,102,452,297,410,530,268,82,975,79,919,652,789,8,169,886,459,13,551,951,227,650,837,284,131,60,78,545,552,308,954,641,789,377,221,379,617,835,495,38,931,162,930,296,7,638,272,783,91,460,625,2,61,557,96,964,213,363,335,444
843,668,935,37,149,530,617,140,621,892,228,874,846,70,740,498,948,105,772,257,262,39,26,724,163,280,767,921,524,369,401,196,326,96,797,368,910,956,427,430,182,747,169,144,574,786,170,625,58,819,382,1000,811,66,476,605,651,831,915,10,425,126,436,282,974,979,483,146,686,651,395,925,933,176,386,957,248,640,543,507,473,854,233,12,900,103,637,794,37,692,821,875,386,162,443,71,497,43,556,797,280,964,661,113,0,994,30,707,525,561,11,778,526,952,780,60,105,736,324,743,756,316,519,496,184,94,677,108,848,811,886,168,542,473,17,862,608,309,390,539,365,947,228,205,757,982,862,445,361,14,982,935,385,608,211,841,960,100,135,450,229,817,532,871,170,694,255,745,788,89,834,843,427,958,496,980,204,289,369,862,126,621,614,474,697,374,409,521,676,722,338,280,421,540,189,982,246,384,362,339,923,672,303,872,895,502,203,776,722,784,361,283,613,971,779,249,649,403,529,11,481,571,791,738,571,753,505,966,684,912,930,80,597,139,946,552,695,24,332,644,702,45,877,499,580,952,606,338,219,934,420,276,789,94,80,337,578,791,941,302,666,21,439,85,737,779,927,184,292,455,556,387,871,555,730,886,927,484,81,699,447,184,439,615,93,284,864,722,316,811,205,452,935,338,492,596,893,529,515,11,469,979,541,410,250,680,779,688,86,512,575,167,59,849,574,167,224,481,405,176,211,345,89,261,329,5,94,987,532,165,839,585,153,63,1,182,575,297,942,418,729,11,518,98,737,413,544,984,167,320,296,498,5,687,952,320,73,101,792,491,757,34,353,116,682,284,137,644,644,949,676,978,518,381,28,548,110,431,316,868,854,13,433,283,475,326,383,367,921,569,282,351,92,986,632,31,310,901,467,964,322,782,830,934,994,957,487,817,345,904,415,529,620,728,33,212,579,251,449,860,393,355,884,913,52,10,778,926,750,42,750,413,19,257,36,340,590,247,462,634,409,362,721,876,745,105,538,568,946,596,445,401,816,151,909,207,669,310,804,679,109,456,720,455,776,801,980,237,649,847,170,528,362,164,822,187,636,599,811,725,982,559,261,76,421,320,674,384,939,474,863,735,421,131,673,90,347,194,71,427
963,578,732,58,952,359,816,653,83,260,172,816,602,93,188,420,109,384,726,171,209,486,641,296,34,64,366,55,82,302,838,244,955,570,895,381,297,937,796,582,687,175,76,203,745,172,149,421,517,748,524,159,636,285,7,45,749,401,935,901,25,193,531,494,645,799,68,475,159,644,153,284,173,10,784,294,9,793,146,981,996,408,318,452,678,752,203,516,49,781,625,705,524,877,304,572,46,78,267,637,772,405,12,566,591,355,20,570,873,304,443,210,533,97,745,893,45,907,124,295,885,921,179,682,468,81,432,358,686,333,1000,107,34,341,727,215,412,415,946,198,835,693,958,77,862,816,729,55,856,328,644,422,933,368,334,849,650,944,967,432,40,931,295,700,778,775,504,261,483,485,616,796,805,511,934,80,248,297,877,185,218,678,865,111,606,637,275,29,101,617,718,49,998,143,110,842,966,581,962,601,13,124,48,987,483,779,58,392,434,111,492,802,617,645,847,566,865,991,685,265,191,188,744,439,333,989,468,908,642,40,354,991,1000,202,558,248,689,335,717,766,674,867,532,328,991,184,178,714,611,235,299,34,735,429,695,990,401,213,561,265,121,414,988,740,598,629,123,850,140,892,844,29,385,508,546,360,862,710,104,237,720,992,710,876,986,864,136,563,386,803,869,928,316,278,233,264,975,35,137,955,83,400,890,58,465,542,358,727,631,670,535,507,303,506,473,122,749,549,20,573,755,964,7,233,447,244,754,224,376,746,311,138,659,985,530,398,195,904,375,54,390,159,109,724,884,996,404,100,130,56,791,270,784,763,606,385,806,642,270,928,622,368,650,27,869,376,546,280,508,896,225,936,885,566,56,734,295,960,626,281,489,951,298,297,416,792,763,57,773,6,903,709,638,278,275,859,196,734,337,239,284,43,109,768,516,913,122,462,970,97,733,375,893,582,547,110,296,176,146,728,695,62,640,34,620,224,699,822,880,988,832,578,926,111,765,148,976,690,394,304,438,236,105,353,725,544,464,828,980,310,711,751,524,474,446,924,646,991,778,476,679,239,453,202,559,716,501,213,261,521,706,546,44,431,625,192,963,27,341,71,43,429,808,35,813,900,315,345,270,179,693,436,998,191,676,774,765,593,305,0
676,508,80,554,797,314,280,341,185,173,155,71,362,564,976,840,17,779,7,507,64,81,515,629,952,831,679,231,139,453,895,27,321,930,321,167,877,197,420,909,13,447,872,614,260,963,70,217,223,462,836,637,345,584,799,694,443,319,226,765,507,332,686,756,131,845,479,284,386,917,496,461,144,513,756,676,974,174,458,908,104,139,426,257,123,113,770,732,486,96,309,916,210,540,753,851,743,148,441,678,796,671,576,419,181,474,707,385,614,762,788,433,182,394,22,905,842,582,912,730,839,157,772,386,118,150,93,596,510,425,596,812,451,666,71,45,843,235,63,709,418,293,688,970,63,378,462,644,526,338,944,531,595,96,121,540,770,15,488,997,664,201,460,27,837,672,608,319,715,447,470,644,591,497,696,803,258,563,77,560,384,177,978,970,333,327,173,673,867,893,458,41,848,298,41,332,305,896,38,588,282,4,134,253,404,29,509,439,854,344,164,767,283,27,784,482,606,3,73,893,45,907,38,697,1000,233,357,743,843,255,320,266,423,816,949,932,424,88,926,274,692,784,194,590,572,782,273,267,416,786,230,608,901,974,103,119,39,91,786,269,790,557,686,378,95,855,169,99,918,484,572,11,771,84,211,80,700,54,905,686,425,913,8,310,890,39,558,729,756,761,883,388,835,967,431,316,957,671,939,830,585,89,623,951,68,684,728,506,921,443,956,948,963,109,658,428,459,209,132,887,290,825,315,474,979,182,605,326,946,25,151,992,595,756,218,665,684,476,592,704,713,192,757,639,461,805,868,614,416,986,258,911,381,406,932,24,639,192,992,900,505,586,527,397,484,11,615,106,606,389,464,414,476,888,57,397,992,340,254,828,712,391,731,588,223,849,248,976,302,233,321,437,222,545,457,286,766,974,404,897,413,827,807,749,575,837,78,757,147,695,838,926,479,863,152,906,39,557,216,468,736,387,951,789,915,557,99,937,780,377,375,145,223,123,862,668,58,625,326,202,682,839,229,202,871,61,686,930,23,408,979,504,217,919,221,426,971,179,701,927,455,319,184,559,105,568,223,854,26,106,313,603,271,44,55,50,939,277,147,425,310,824,504,23,910,868,874,100,222,615,601,88,244,870,699,77,897,434,793,779
846,189,521,927,839,92,664,62,562,775,564,976,741,802,252,896,256,414,979,9,227,598,192,318,797,618,290,682,767,24,937,164,477,969,807,538,36,667,883,94,248,446,500,912,331,170,73,556,6,606,972,311,567,187,851,500,97,259,283,431,208,657,843,126,348,573,308,160,757,873,575,539,486,274,876,646,815,393,554,338,979,71,925,162,757,72,330,7,555,30,751,648,395,118,248,708,514,739,906,672,283,926,461,513,756,75,100,106,378,459,388,415,887,919,367,215,124,959,163,565,798,654,366,626,819,807,597,951,820,485,854,384,892,582,781,839,297,748,371,704,225,943,923,486,809,938,701,265,421,730,501,868,197,161,477,752,123,248,554,379,775,152,312,975,545,339,216,33,857,513,905,995,694,241,224,289,984,499,523,223,250,941,931,520,960,308,760,282,32,387,787,332,572,631,878,236,277,674,688,95,100,704,19,859,85,67,473,952,287,119,886,283,763,225,400,252,977,223,567,990,815,902,947,74,920,519,110,925,934,523,839,217,55,20,782,806,1000,513,481,417,112,698,228,330,480,156,234,273,166,68,538,770,414,195,909,393,173,22,585,315,662,137,826,161,252,551,566,432,80,849,914,212,877,384,875,539,112,282,561,740,515,913,163,355,334,610,77,850,256,43,91,30,607,194,197,70,167,751,927,628,431,390,838,796,792,816,348,316,860,242,209,504,697,978,434,539,764,507,547,929,195,850,392,890,701,998,789,870,835,79,677,726,114,745,65,464,93,501,762,927,782,151,264,87,74,837,888,793,828,757,728,36,332,8,802,185,375,154,102,985,820,117,595,518,332,919,202,957,867,542,492,242,887,662,671,552,979,27,229,182,779,988,531,414,140,754,369,925,157,442,411,285,534,55,937,463,256,4,593,803,630,378,391,576,138,391,400,74,593,474,29,838,447,171,639,702,831,196,874,721,928,225,377,420,954,19,337,867,167,927,730,163,205,517,787,518,468,246,610,925,216,543,980,198,267,687,420,916,703,233,222,151,434,860,707,202,961,237,142,552,221,920,747,433,864,857,388,147,683,812,325,21,659,199,501,991,311,998,933,192,617,307,140,725,850,131,778,243,772,498,577,608,315,660,508,683,643,761,759,877
615,76,340,758,296,854,562,601,413,581,622,376,87,863,508,391,893,259,558,469,805,676,85,504,223,856,334,798,936,368,174,863,814,256,150,453,976,255,206,2,406,106,746,62,547,45,9,319,242,192,637,152,58,667,857,777,209,651,707,957,568,409,811,916,28,859,800,497,348,472,290,835,130,656,869,83,681,147,710,883,417,608,703,994,738,779,831,610,210,177,605,436,877,555,216,50,780,704,108,236,16,987,942,513,439,38,655,237,603,6,683,297,617,820,303,505,878,505,773,768,418,291,873,161,125,392,262,680,35,256,133,28,837,592,713,900,527,869,595,346,368,567,599,878,674,540,910,72,309,392,415,660,264,391,64,324,89,487,589,123,500,452,706,701,184,442,967,860,233,878,224,559,599,742,509,5,669,702,314,298,516,723,865,253,956,184,667,53,405,517,259,941,786,748,370,960,694,707,189,432,700,261,756,858,587,43,233,45,765,501,345,802,698,46,430,883,916,979,787,291,365,274,402,67,476,892,961,609,895,687,201,630,407,170,7,464,889,990,338,870,896,249,785,176,738,777,272,716,409,895,586,121,627,55,225,979,588,278,338,652,211,29,494,418,651,118,125,247,451,132,448,782,696,484,256,428,191,30,372,162,878,123,10,720,791,61,283,623,346,942,531,20,63,574,144,93,295,597,955,171,665,190,48,639,751,292,417,537,745,660,598,607,387,533,455,879,820,1,528,78,689,757,666,575,935,686,10,838,569,384,894,880,374,536,274,942,185,439,326,220,467,79,113,257,856,618,270,306,956,507,558,208,248,111,374,768,927,845,586,30,294,910,227,863,636,65,672,184,860,487,695,846,239,814,240,539,833,343,262,167,526,292,609,321,443,432,763,395,930,661,235,249,409,767,754,749,936,208,562,658,913,89,60,59,3,283,735,498,90,716,343,46,102,177,139,723,590,535,295,844,648,258,836,411,427,27,416,939,862,271,502,689,901,21,737,787,839,58,497,894,359,198,241,793,399,687,207,102,602,747,893,61,626,456,932,704,398,625,754,976,534,579,802,656,850,681,163,54,444,209,79,496,449,603,301,872,190,761,314,122,224,957,869,362,285,649,118,356,364,747,437,655,6,86,455,801,683,330,607,883
808,68,284,112,265,572,417,484,733,688,707,198,977,740,797,966,798,98,158,62,224,632,741,424,186,383,914,429,48,471,322,293,261,586,221,364,841,173,888,341,591,510,809,585,498,361,529,408,649,813,1,633,832,178,648,398,455,644,294,695,582,487,286,267,468,576,343,665,931,376,983,493,165,12,570,902,10,466,20,783,626,822,390,801,599,365,618,398,246,667,512,978,938,376,666,93,897,236,1,19,362,488,626,750,929,593,744,680,372,577,676,512,617,753,376,614,363,404,670,534,419,678,531,733,550,194,928,528,712,787,856,125,686,239,326,766,57,578,68,300,779,190,803,681,138,351,569,469,881,154,424,646,688,339,551,597,300,925,425,520,524,849,436,561,384,363,603,933,358,452,280,904,158,408,979,74,646,463,572,221,857,774,224,179,837,9,479,415,145,863,565,317,625,876,533,172,347,895,641,262,767,621,102,405,239,526,702,57,776,481,509,151,486,38,816,486,2,238,678,258,90,437,868,883,403,344,61,985,398,569,765,368,688,11,949,374,185,34,679,348,322,282,893,242,868,951,734,347,620,302,710,119,41,328,239,53,147,28,735,817,701,419,621,264,257,596,35,986,293,47,69,982,460,165,501,107,979,912,187,612,40,481,249,381,159,743,843,487,413,702,510,791,28,897,781,161,93,437,222,964,173,525,818,202,350,279,183,602,597,29,922,108,14,41,294,557,580,437,728,984,976,587,609,358,938,28,943,370,375,84,930,348,943,774,123,93,627,531,18,989,891,698,566,116,567,35,473,122,465,586,229,751,872,352,657,287,427,546,240,760,224,889,192,566,362,85,822,780,48,889,464,632,389,114,2,747,283,251,14,923,833,172,5,320,514,367,43,967,1000,49,777,61,455,542,446,804,632,381,263,865,512,48,230,356,918,579,447,880,134,219,910,669,15,845,518,89,589,63,833,320,770,236,393,519,729,492,50,700,267,933,342,273,164,363,236,241,240,143,611,135,525,424,506,159,627,457,233,660,785,481,39,363,328,392,493,987,615,414,476,575,347,275,964,231,551,880,745,288,160,263,882,820,723,856,655,337,145,479,224,577,647,250,827,47,214,80,294,672,440,278,990,698,909,871,293,44,945,39,362,597
449,762,958,112,987,378,889,995,459,287,704,890,150,560,330,343,437,560,521,55,950,860,411,901,437,884,40,754,377,226,579,105,961,930,924,735,947,43,811,873,375,165,524,318,258,805,322,790,512,424,961,457,144,812,286,289,854,210,215,265,677,501,841,272,428,572,848,491,382,39,462,442,159,129,875,10,533,92,221,714,233,246,990,515,193,5,362,27,964,959,576,621,815,471,362,942,264,863,942,312,1000,861,432,939,976,650,808,8,869,469,846,798,724,954,161,934,488,470,471,821,758,123,296,794,256,166,719,371,775,965,380,121,500,423,878,493,425,156,36,401,58,333,118,545,344,675,275,825,628,99,170,196,981,856,142,647,592,422,666,497,793,828,702,458,256,720,250,521,240,768,537,825,952,420,875,14,404,153,487,152,918,48,204,281,562,717,771,564,101,122,933,785,489,100,428,170,316,969,483,287,16,55,362,181,679,352,788,502,919,519,826,587,471,882,630,399,142,546,433,466,403,899,135,152,1000,867,362,751,154,771,103,247,3,345,996,572,5,559,484,408,578,40,249,346,724,757,499,553,871,774,232,275,866,526,369,741,959,803,860,439,740,726,858,170,305,323,429,164,859,244,120,853,219,297,593,663,849,213,102,89,842,844,72,629,634,168,532,985,610,764,339,601,861,210,435,55,334,420,894,555,655,437,968,31,855,879,672,12,320,730,575,819,693,12,867,606,983,852,257,439,981,430,750,630,952,925,552,842,411,715,981,462,512,499,915,222,838,925,559,176,341,458,470,697,68,662,109,41,66,760,547,755,163,214,517,784,21,580,409,72,662,744,871,656,73,571,387,399,125,436,967,228,219,616,547,77,629,296,890,542,381,763,242,676,851,711,259,57,533,782,930,171,229,482,307,190,536,195,422,652,46,177,830,582,346,248,327,207,636,180,60,312,546,56,539,74,598,283,393,97,286,359,906,297,515,964,644,916,192,320,786,728,640,481,603,886,156,537,670,871,612,910,930,120,665,936,394,34,638,768,840,247,224,212,221,310,748,733,477,479,45,533,466,361,845,219,914,639,300,365,268,718,464,828,538,193,37,14,132,141,295,362,320,214,79,639,198,849,939,418,637,229,507,346,587,461,903,647,657,518
121,578,887,755,710,965,759,477,342,797,777,426,616,665,668,428,571,478,916,464,621,500,221,552,348,735,752,214,372,274,244,154,527,202,116,817,497,273,102,838,543,113,356,467,653,237,14,35,122,415,559,881,239,188,436,19,1,708,831,578,173,491,273,576,181,143,690,743,981,155,982,500,990,107,395,163,790,953,755,227,32,588,2,488,406,642,948,749,224,854,79,610,851,349,428,533,662,251,673,970,280,533,659,659,684,486,679,876,88,43,432,373,493,312,616,328,311,817,639,350,301,334,935,574,536,181,149,190,837,774,338,98,531,245,868,272,664,452,315,110,461,894,795,939,891,789,623,701,294,620,709,257,842,427,740,34,474,849,336,15,245,4,348,370,528,66,532,803,343,209,84,334,921,21,211,977,117,717,171,142,981,789,673,934,116,687,518,876,609,486,565,193,358,850,56,610,557,891,574,621,209,999,195,692,64,462,904,16,189,445,30,969,364,460,351,499,19,626,580,971,232,523,597,190,74,690,587,550,928,693,977,228,995,41,154,174,130,364,530,960,780,134,156,737,775,273,474,203,196,326,500,390,892,603,905,80,198,980,845,454,993,432,813,926,762,656,755,617,567,725,607,864,468,661,166,293,885,456,89,138,72,682,144,324,122,314,619,980,961,53,405,888,840,19,481,549,664,41,256,346,948,392,397,494,448,437,5,927,409,329,816,661,895,735,849,488,99,919,326,824,178,112,339,216,830,820,129,697,20,703,263,94,448,223,902,182,115,834,419,741,872,617,631,970,67,850,752,675,179,75,158,81,710,626,423,573,171,382,871,497,786,791,860,21,830,941,497,147,841,737,465,923,565,972,264,89,172,472,613,352,705,841,885,28,469,738,10,618,475,982,604,990,207,15,196,872,541,618,184,114,450,675,348,561,414,264,348,681,546,229,133,126,678,832,300,612,146,105,323,104,294,535,58,911,996,355,460,59,505,290,563,201,380,567,129,930,118,251,689,273,719,425,3,9,187,925,221,402,569,485,679,740,472,931,71,939,278,468,801,724,33,904,490,529,780,963,498,651,80,563,596,934,488,370,146,265,133,572,355,661,318,52,865,54,996,328,410,199,275,192,117,430,188,288,450,885,928,460,3,801
329,596,21,981,450,227,568,530,995,952,867,569,457,465,989,259,326,523,167,666,50,667,917,140,906,815,29,583,767,442,712,793,373,986,61,594,902,594,842,695,228,921,721,694,337,223,510,55,482,261,408,610,801,11,979,338,509,350,217,349,606,169,121,985,794,878,584,498,974,712,85,740,154,123,558,743,829,341,490,43,725,767,960,463,996,21,216,898,20,920,549,517,985,776,102,265,763,785,722,748,97,771,719,246,816,318,927,457,442,77,649,781,934,129,932,305,124,736,944,329,911,130,214,95,943,325,133,808,61,319,934,683,474,994,239,601,333,136,606,456,434,357,828,345,679,51,990,681,792,487,413,969,134,594,838,733,320,90,873,584,366,947,954,454,743,850,95,920,752,23,15,728,663,434,667,402,58,743,107,42,926,310,601,881,119,976,850,102,428,917,141,832,905,777,484,792,372,826,106,497,145,26,487,332,38,678,787,320,306,638,512,653,251,715,440,665,895,583,386,263,196,129,894,426,618,966,138,38,507,786,240,444,307,965,721,35,925,17,744,150,649,640,724,526,581,805,587,719,447,143,620,286,691,690,725,855,449,369,789,212,258,339,339,47,247,12,219,368,634,327,380,772,386,440,393,466,296,846,576,119,824,422,283,605,732,17,517,713,195,949,557,962,304,431,847,766,431,366,223,637,183,881,941,62,299,116,4,433,806,540,424,593,740,777,965,35,893,888,882,544,684,152,614,309,683,695,470,205,27,982,494,161,322,225,442,669,720,696,394,998,241,113,421,296,537,208,671,282,802,147,793,544,380,627,162,839,521,20,387,718,64,346,788,235,971,498,345,694,586,284,55,751,823,795,671,452,492,365,96,748,769,349,53,559,987,412,756,386,190,620,987,928,426,68,582,430,423,968,521,643,381,555,806,466,802,214,114,927,254,942,403,515,560,871,26,290,322,271,58,848,427,339,812,508,84,797,403,967,112,509,517,828,583,851,120,744,933,737,128,427,949,794,86,334,58,1,814,134,865,213,780,16,977,764,799,941,857,528,222,152,112,489,983,270,362,932,959,762,577,558,115,915,102,181,381,627,775,854,881,777,327,858,441,285,671,86,103,552,306,684,560,223,688,707,929,824,929,952,554,798
194,319,88,20,999,713,646,547,225,603,602,928,617,566,429,907,838,155,648,518,568,459,329,642,806,395,898,799,323,926,346,161,580,782,664,272,537,476,227,129,515,267,51,624,320,296,57,780,550,699,366,125,334,91,292,950,943,283,607,963,132,100,931,433,571,853,501,875,880,848,764,690,583,795,26,552,452,11,20,411,831,430,171,379,191,656,64,167,142,701,393,133,784,209,743,707,200,200,150,509,353,197,198,30,655,256,103,266,696,416,542,859,400,487,486,353,841,536,6,60,109,31,930,494,513,751,363,859,29,755,451,616,63,297,387,158,910,782,550,294,234,818,63,618,804,171,283,478,324,796,335,71,248,783,558,236,125,7,475,890,451,929,921,790,555,416,593,4,166,263,918,454,611,432,415,833,433,104,109,618,324,649,821,804,646,883,723,890,722,892,762,967,452,74,817,18,321,325,232,608,594,796,454,129,913,890,839,746,740,30,585,666,464,275,329,118,16,833,840,141,172,56,623,196,672,319,348,260,976,499,774,455,408,956,798,465,686,495,714,688,134,880,128,398,3,510,499,180,254,891,997,756,735,147,551,520,113,133,395,299,972,150,887,937,887,608,22,242,182,600,892,393,185,931,646,23,623,296,815,191,664,978,830,906,924,747,703,118,983,316,263,335,697,721,176,890,940,544,862,560,198,590,283,193,180,52,531,118,260,780,611,232,613,643,761,694,601,405,116,397,674,379,378,425,365,760,115,774,562,242,11,946,509,310,759,386,300,231,576,186,348,791,470,975,870,778,906,524,441,71,100,945,975,741,341,744,454,408,402,83,807,276,160,301,150,321,684,542,497,569,340,214,997,133,774,31,462,111,130,321,177,122,358,793,662,462,318,213,547,941,768,330,459,568,305,683,485,145,116,787,410,192,948,183,214,334,94,21,448,157,951,426,945,494,418,38,701,840,189,214,131,122,561,577,566,563,169,226,276,820,604,713,6,532,687,134,738,652,28,82,736,237,298,73,588,665,410,159,834,848,721,271,990,491,796,840,860,308,790,83,709,56,531,849,507,905,329,965,8,237,379,728,508,455,759,457,812,175,955,631,791,143,674,822,343,759,105,113,861,235,60,320,348,497,20,310,809,6,732,873
57,473,365,9,336,233,575,887,236,415,928,491,122,131,671,16,998,526,967,20,627,283,809,97,132,683,828,912,557,834,745,455,594,896,736,571,364,366,807,658,55,349,374,881,331,490,294,969,582,283,317,908,667,94,436,62,522,330,728,411,569,187,589,690,610,831,841,261,873,237,808,854,254,635,154,906,679,623,696,634,130,530,163,556,298,331,942,475,423,394,798,587,877,64,601,341,243,637,371,180,728,527,233,2,385,681,232,693,900,746,541,431,962,91,307,912,182,384,308,667,695,352,670,472,703,676,400,548,260,461,366,610,592,963,578,743,660,749,183,821,442,265,18,724,493,435,363,578,192,825,781,298,413,192,320,205,831,207,952,658,256,125,639,839,41,845,983,227,570,697,434,572,101,753,430,883,693,861,211,882,906,246,554,488,13,570,707,329,570,617,67,631,47,454,807,780,349,769,424,666,280,7,233,338,385,14,943,623,156,837,273,836,473,56,169,156,165,239,262,996,174,128,188,395,803,969,571,290,308,182,872,796,421,913,599,438,919,424,208,911,161,606,296,776,59,685,30,660,269,750,15,76,447,981,61,821,145,828,879,52,759,247,152,981,314,156,418,564,657,565,129,271,336,735,372,57,979,593,958,919,249,198,54,102,339,820,319,683,921,429,422,235,242,96,601,721,478,603,540,353,102,893,244,511,777,170,1000,375,130,57,867,984,51,144,642,774,197,608,205,334,635,385,845,625,893,213,145,605,423,171,610,968,651,165,437,67,882,762,645,53,738,817,600,540,190,682,185,625,903,266,547,936,476,976,817,868,848,52,956,18,922,168,37,325,539,122,814,919,430,326,918,534,807,849,99,589,82,872,692,120,54,376,652,830,120,787,271,928,552,42,949,468,608,251,491,596,742,60,696,60,461,640,540,831,195,594,563,38,575,762,672,783,564,758,567,72,918,656,641,442,838,83,320,524,729,923,679,547,655,771,502,307,587,317,639,296,280,646,577,477,435,487,670,297,189,662,625,672,992,773,838,928,29,271,591,380,29,803,781,914,680,944,792,7,944,493,322,435,392,604,366,68,400,591,867,708,116,813,196,347,453,11,388,738,530,341,681,694,593,666,783,294,566,971,457,530,317,457,881,749
142,59,178,683,507,872,686,769,495,883,989,507,392,929,638,89,636,51,530,669,323,558,860,191,149,387,144,690,802,269,386,572,939,185,864,23,525,32,789,417,911,947,609,859,549,855,416,633,20,331,626,505,543,294,117,293,143,775,836,348,41,205,514,291,362,598,668,774,997,47,610,884,898,788,125,997,839,31,796,425,463,399,393,536,977,630,372,788,629,65,895,483,244,868,929,660,334,814,771,248,353,572,1000,151,755,214,502,328,358,918,415,312,324,842,779,836,903,819,0,730,717,980,218,751,463,705,53,928,126,834,763,225,190,567,344,8,310,587,20,137,322,87,356,454,869,15,517,83,851,509,792,956,893,891,18,620,965,314,408,476,653,268,513,639,635,170,76,566,202,966,426,913,282,355,164,872,927,832,174,208,287,503,616,677,486,641,590,886,856,931,561,587,184,539,72,156,971,643,63,877,881,940,703,617,834,334,512,51,268,173,741,179,391,293,929,317,566,470,458,952,140,791,869,179,428,183,662,779,634,733,538,237,952,367,458,237,488,58,202,385,52,298,446,367,34,530,386,440,967,329,571,189,408,438,699,814,201,473,698,202,877,862,269,95,911,357,454,700,940,880,411,448,633,760,541,443,548,853,644,664,59,882,705,12,625,996,796,515,20,740,695,392,656,398,123,956,372,843,606,711,567,930,299,251,842,830,664,613,864,334,267,542,568,938,211,670,208,607,519,155,191,886,787,990,830,143,599,388,993,789,107,414,83,477,338,911,306,719,291,380,844,371,764,45,37,126,598,158,22,275,122,93,271,250,32,156,509,410,610,361,812,946,944,753,405,549,690,881,446,278,414,189,687,861,239,133,112,505,424,512,702,465,989,649,931,107,344,953,268,175,833,287,190,881,644,863,27,329,901,378,276,139,64,486,443,286,687,28,985,891,0,881,829,811,714,833,7,405,50,594,752,222,200,588,850,340,715,428,186,416,413,796,130,85,580,450,277,301,531,220,445,231,662,591,243,375,333,477,698,29,890,254,773,138,29,504,423,275,794,106,467,535,537,833,508,819,642,669,234,51,304,335,627,334,128,122,512,612,655,45,964,716,272,490,496,776,911,818,738,570,215,667,808,462,86,357,839,981,392,410
365,570,632,242,45,309,252,970,50,260,73,36,849,162,506,49,100,955,616,668,430,797,451,139,492,801,754,123,525,440,394,705,199,705,469,184,741,27,492,984,12,173,607,463,210,42,225,733,88,819,2,718,762,441,558,101,295,605,606,668,594,550,788,105,359,809,923,774,644,230,683,78,655,214,680,589,543,797,412,1000,145,469,87,396,972,497,635,767,138,7,972,651,156,760,88,127,686,631,210,380,506,19,411,255,274,471,328,0,632,230,338,550,970,378,69,826,687,378,119,812,719,317,451,145,167,895,419,576,114,708,293,567,580,372,685,383,252,764,699,489,583,711,268,193,100,39,760,205,724,458,259,473,605,214,60,546,894,764,764,875,826,369,421,583,913,793,852,786,761,598,893,27,919,320,423,943,875,768,236,36,589,766,448,615,528,301,163,681,503,429,174,489,763,934,231,649,683,177,122,880,81,200,255,31,660,541,559,784,756,554,625,750,318,317,534,411,787,419,973,307,115,873,122,193,743,999,291,265,899,154,373,745,69,429,778,824,227,936,817,51,535,320,891,324,371,339,224,114,421,896,300,800,0,94,693,21,699,772,193,39,902,204,52,910,469,828,583,786,110,555,399,25,827,850,146,699,815,819,810,796,311,708,711,479,871,561,985,676,886,751,894,714,317,778,534,652,439,661,721,850,67,120,677,362,929,394,385,741,824,939,242,821,821,594,46,928,453,772,991,506,234,41,572,603,103,360,581,763,701,538,847,302,94,161,422,987,962,66,282,684,566,265,22,935,673,888,538,782,367,36,944,609,89,743,794,681,641,270,74,124,382,124,222,969,173,954,346,31,511,385,623,240,413,630,179,264,612,925,909,401,433,130,114,552,26,988,213,6,283,280,579,173,87,601,152,533,965,802,498,667,284,661,792,426,849,581,385,530,852,314,232,96,590,58,769,384,978,654,379,544,600,433,256,220,52,712,227,8,368,901,959,500,438,79,644,844,0,674,673,793,503,932,512,655,397,819,955,906,391,566,868,773,960,577,703,554,159,452,916,130,285,53,387,780,904,714,22,524,566,440,31,702,750,704,362,640,907,818,366,545,775,618,519,61,288,120,380,790,794,692,764,10,378,472,823,205,279,561,38,887
844,568,221,967,162,264,535,280,471,10,385,58,728,392,163,134,347,961,321,103,182,658,633,698,545,243,914,522,915,280,758,707,371,702,201,719,789,330,525,7,776,104,759,94,532,258,911,182,278,146,980,708,554,790,298,826,712,784,969,535,764,525,316,752,155,967,105,693,45,451,220,59,94,505,399,391,883,446,734,434,2,806,324,171,889,929,693,553,535,608,414,262,656,816,620,513,652,782,731,310,883,624,976,713,392,249,905,798,193,642,798,687,326,401,725,691,629,683,204,182,71,659,30,216,987,812,888,588,708,673,99,287,854,735,924,578,12,627,838,162,439,498,79,616,479,951,560,640,302,495,997,949,501,375,660,65,406,717,62,195,709,600,508,125,330,191,910,358,210,183,518,579,387,484,391,769,854,772,898,172,296,956,157,3,139,884,362,595,466,599,740,758,650,614,443,512,520,632,967,425,30,93,541,190,365,959,879,965,7,196,723,296,140,815,919,149,60,75,223,922,747,476,110,25,799,657,142,554,797,217,359,202,1000,133,342,551,447,438,425,106,255,988,808,862,546,103,970,577,310,594,446,585,363,390,18,798,603,351,504,155,950,24,302,496,124,625,247,932,412,31,365,816,699,703,343,913,805,510,463,603,240,813,966,729,991,789,325,499,272,339,754,695,520,518,812,792,845,201,855,921,633,778,393,963,377,491,405,808,309,329,277,392,200,646,419,132,702,733,765,82,918,737,449,815,933,674,612,931,571,925,141,340,967,706,256,953,908,485,971,59,232,548,898,212,956,194,313,616,323,318,267,343,629,747,146,901,588,265,209,710,157,73,711,590,709,821,663,717,199,381,901,908,813,278,508,776,987,72,622,7,592,163,470,883,451,195,983,898,645,429,979,609,122,722,383,879,161,615,658,987,998,876,911,661,591,359,705,616,471,22,862,33,915,491,591,118,898,124,228,469,531,727,999,813,311,926,759,292,690,112,600,342,18,603,482,489,971,144,279,686,979,270,248,488,536,940,92,866,985,613,75,220,13,11,174,888,125,417,915,711,378,556,952,962,481,863,201,283,122,902,221,285,291,472,460,930,805,639,966,912,648,371,806,892,193,430,97,381,939,168,101,264,863,410,24,921,828,25,645,242
177,612,734,541,278,242,310,999,950,647,610,492,902,21,544,1000,801,36,805,56,223,368,294,307,369,501,945,295,188,239,202,183,202,75,796,637,475,503,106,397,303,721,581,451,757,837,295,917,257,931,25,329,514,585,399,784,912,83,437,433,102,530,48,822,581,626,746,528,549,605,675,535,170,772,270,273,854,718,647,408,507,168,942,257,907,650,378,717,802,920,638,170,767,923,649,910,226,817,959,568,61,344,687,325,163,48,437,851,634,888,296,971,365,902,423,381,401,492,252,624,162,185,884,803,187,124,328,485,812,565,371,0,1000,716,667,212,482,918,63,14,949,133,359,970,501,956,914,16,525,53,287,557,970,822,455,168,422,3,674,941,422,496,375,1000,170,959,556,223,690,673,2,969,267,422,257,106,878,717,395,236,772,437,321,664,662,902,446,914,476,988,924,453,479,489,902,748,314,582,959,736,179,0,205,112,501,773,974,740,739,167,144,411,729,786,789,73,143,709,463,993,369,321,865,532,914,481,99,95,27,487,805,598,885,867,897,90,776,880,66,894,623,377,273,381,810,72,194,81,970,753,139,377,130,815,420,179,822,430,237,471,257,163,949,635,318,898,144,966,467,506,905,571,124,41,361,660,122,449,663,801,708,449,134,502,126,712,873,783,42,423,631,497,890,591,887,485,197,11,394,456,401,234,84,942,649,755,810,905,552,482,283,783,875,162,515,644,636,709,980,579,873,203,617,56,629,132,389,54,34,953,364,751,748,706,228,886,382,435,357,403,284,476,388,167,386,272,161,573,102,62,440,93,998,530,618,443,619,807,389,279,996,970,2,51,46,907,540,475,151,840,770,587,214,61,791,287,271,93,442,620,694,474,612,848,311,911,819,924,260,787,357,0,29,578,486,507,610,935,626,737,353,188,134,66,710,29,669,312,438,418,975,866,937,331,545,959,159,358,502,245,431,480,994,160,320,936,249,8,990,674,805,487,606,180,702,426,1,34,452,668,224,204,602,91,835,119,741,980,355,958,507,767,928,469,429,770,818,659,929,138,6,211,984,662,931,388,133,636,21,274,148,932,458,613,253,580,669,682,548,294,918,485,844,652,461,756,638,397,697,486,440,602,414,28,273,144,442,983,919,404
89,253,679,676,547,80,141,984,547,554,512,486,864,449,852,2,372,277,62,56,604,305,571,854,739,885,51,72,789,656,234,873,697,741,990,863,975,517,625,87,795,66,230,163,320,19,971,569,483,472,822,924,297,981,571,966,63,478,266,361,0,243,310,308,998,600,630,451,815,98,29,158,714,110,470,58,740,348,484,263,36,345,876,170,703,737,701,606,927,403,398,993,738,3,416,141,663,732,407,309,741,519,240,909,559,343,157,356,451,291,400,943,922,806,15,850,245,797,228,41,23,237,614,13,651,428,531,685,265,153,38,511,519,474,513,155,329,926,870,434,647,765,439,106,256,73,999,973,231,691,0,230,603,610,598,42,583,312,85,538,771,525,902,572,94,660,474,339,813,277,65,154,122,634,823,741,886,29,222,272,676,980,360,194,830,527,198,322,247,287,655,434,179,128,461,423,705,345,152,521,176,175,152,889,37,650,820,421,46,201,396,11,255,833,851,797,615,720,606,584,502,41,286,457,40,386,220,554,246,942,642,682,903,2,574,342,776,954,246,904,78,655,3,438,975,90,336,638,718,898,245,299,299,997,202,892,896,990,846,166,624,732,979,628,784,284,741,321,75,736,401,596,700,738,467,255,750,89,260,705,728,345,246,171,358,838,6,993,888,47,45,543,657,464,552,259,790,151,935,323,974,204,213,235,461,350,904,266,643,356,622,822,926,532,726,291,96,759,5,686,40,757,88,374,491,650,426,58,733,454,431,721,366,558,417,22,543,740,395,699,522,883,649,179,800,560,777,707,161,528,290,31,952,412,203,918,228,113,953,519,272,492,718,752,63,519,0,310,965,77,456,488,385,715,204,499,261,659,51,102,690,259,138,524,270,849,792,527,264,56,500,522,330,869,295,181,534,914,374,124,258,505,533,884,974,350,363,874,23,720,319,224,268,561,848,332,581,386,870,387,871,877,542,325,513,475,470,108,263,335,289,735,728,659,847,819,472,108,358,434,915,606,611,394,660,540,434,406,432,81,122,848,827,988,456,548,242,140,887,937,775,179,149,846,376,242,777,642,277,963,750,173,506,494,439,449,223,686,955,101,309,642,89,277,929,847,921,121,860,811,898,438,660,391,482,69,175,460,171,344
747,937,948,279,397,812,141,334,624,868,919,91,65,945,172,438,518,196,795,915,523,594,375,203,10,112,990,505,244,518,485,832,156,866,460,953,98,615,805,712,947,63,296,42,282,176,628,721,578,559,934,353,368,202,575,722,580,612,610,307,280,905,741,2,772,86,499,658,251,532,287,924,414,568,779,76,725,453,539,209,407,692,383,395,818,833,446,155,812,409,690,770,610,457,297,363,636,127,48,486,105,164,340,982,619,620,996,852,202,821,201,209,132,659,269,182,694,178,319,254,257,801,409,809,473,175,45,154,234,308,162,665,258,137,133,198,282,201,588,678,695,108,72,47,205,697,305,669,308,710,167,574,195,266,618,200,970,446,338,913,6,968,298,924,377,761,342,936,517,147,897,892,557,221,747,670,335,923,797,682,234,87,279,891,424,893,418,47,789,242,33,567,4,509,937,976,69,785,654,248,157,793,271,200,36,59,136,872,276,506,457,832,271,547,697,300,11,87,472,728,144,903,877,348,386,428,976,41,597,627,713,18,727,576,8,22,912,878,266,153,717,925,523,216,218,784,48,120,348,123,354,862,792,482,957,182,179,809,773,609,871,391,837,104,218,911,331,596,316,140,888,633,590,595,690,880,706,778,298,143,163,418,789,795,686,781,204,953,104,826,577,886,657,843,263,374,655,423,918,686,432,294,470,606,334,439,150,240,446,187,158,839,423,849,135,66,972,583,779,519,367,74,464,240,774,778,170,191,571,750,47,641,571,35,259,855,823,562,749,890,424,853,822,666,759,415,456,454,52,770,680,829,62,185,639,624,803,526,748,12,386,165,332,435,375,586,516,306,95,487,754,434,284,220,296,23,840,241,260,881,540,912,154,996,46,144,489,25,116,798,419,432,171,805,679,292,385,114,930,265,604,466,590,849,641,79,954,524,641,668,232,43,158,886,294,491,625,844,215,731,640,451,766,907,431,513,943,414,673,656,675,125,544,886,84,158,219,316,207,465,32,114,477,589,946,288,588,844,322,39,630,247,920,320,471,574,429,494,50,920,238,921,180,52,275,488,969,657,430,916,776,745,544,46,111,125,83,922,560,737,851,467,644,760,249,66,64,855,486,864,63,107,601,62,879,658,165,813,585,550
987,943,314,127,682,938,163,864,892,829,771,342,792,109,430,493,253,391,15,616,258,340,787,550,585,391,558,714,874,491,325,966,579,236,436,107,82,777,288,280,331,858,3,729,607,342,607,553,424,833,55,69,320,252,181,456,176,8,57,65,675,904,138,652,726,528,165,67,76,750,465,387,673,238,674,202,701,745,365,931,402,101,732,476,146,632,472,275,329,267,500,544,778,646,455,904,90,517,399,504,587,816,833,312,302,672,534,878,560,508,53,233,754,351,908,240,334,342,531,971,286,831,350,917,645,938,392,887,502,258,686,321,348,442,153,392,75,819,473,471,500,198,363,682,812,58,643,436,679,275,739,849,493,424,3,378,436,722,40,417,788,181,295,878,197,667,848,585,880,254,988,460,724,580,781,460,321,750,315,613,183,5,426,560,163,191,786,409,773,461,823,448,933,400,549,607,268,290,584,746,734,370,215,450,978,420,826,559,825,456,664,564,959,501,425,578,85,361,566,193,309,675,26,452,359,716,461,484,774,845,54,800,24,566,925,607,342,959,544,495,217,742,395,609,17,118,818,448,298,916,576,854,438,935,264,300,287,522,77,817,660,829,146,887,494,798,484,738,518,884,554,443,603,700,739,811,208,519,611,352,861,745,941,245,1000,910,639,497,374,663,283,332,889,992,603,194,974,558,593,634,128,699,929,923,327,271,719,982,339,496,578,866,209,136,424,950,321,948,181,689,392,666,48,377,671,107,153,290,6,985,320,772,210,511,47,808,967,100,12,992,358,268,782,179,803,461,171,864,960,603,221,624,671,626,860,583,354,420,318,443,640,580,794,462,434,315,858,512,201,614,929,346,72,389,163,725,378,803,643,834,201,169,234,524,177,597,701,440,920,317,267,299,834,461,535,458,752,216,337,315,418,280,907,227,819,882,568,17,67,389,970,995,322,339,21,859,428,572,255,990,346,7,499,587,963,34,72,668,104,604,295,464,3,196,572,384,913,740,868,67,274,407,718,605,371,987,851,965,609,467,94,278,426,411,752,998,821,285,801,458,471,127,138,918,834,930,546,354,694,341,679,968,220,62,700,502,415,439,556,774,206,271,535,171,385,617,172,891,824,913,724,317,727,727,564,877,97,637,632,594
217,936,221,437,747,129,315,42,604,422,36,722,909,958,443,13,399,549,71,490,76,521,4,238,27,233,582,171,615,557,86,931,818,905,584,554,241,42,487,356,23,318,588,850,220,775,133,16,458,193,600,878,639,584,98,163,453,21,142,333,434,53,307,544,883,38,78,61,631,112,291,829,947,482,159,481,716,422,484,42,750,560,497,783,741,575,539,904,199,479,849,270,832,565,63,805,979,704,795,872,187,152,307,142,857,604,191,338,543,499,427,711,401,673,947,689,195,946,320,639,780,818,19,302,870,753,735,965,945,356,707,150,68,803,204,536,72,987,269,621,529,203,220,771,945,137,855,367,928,397,382,498,933,960,335,470,249,654,242,714,282,695,430,456,86,159,848,471,371,941,326,55,118,675,358,710,369,897,308,484,99,524,663,764,21,288,159,219,164,785,212,868,400,225,854,125,677,405,564,126,35,785,222,520,997,813,562,575,140,777,926,430,159,867,990,83,331,994,366,251,774,246,294,648,677,849,935,950,549,851,967,406,659,801,363,669,921,742,534,272,927,581,983,406,955,68,546,877,483,875,716,793,234,10,758,587,349,408,282,523,934,817,749,901,765,33,883,300,766,469,836,266,340,247,547,29,271,707,767,121,687,623,916,565,245,948,200,515,775,677,390,304,961,44,462,710,429,498,950,585,619,771,25,198,489,158,979,14,762,540,367,117,66,766,585,314,190,195,442,117,435,573,850,724,896,65,532,138,307,291,314,540,576,962,886,552,686,252,92,775,940,990,606,475,889,351,848,549,16,165,587,917,474,228,804,547,985,424,141,696,413,778,748,485,509,619,281,281,551,199,777,452,278,704,705,632,475,908,461,43,949,428,308,936,498,494,129,500,868,248,684,228,506,400,165,298,842,397,603,560,200,226,505,623,822,917,764,142,742,759,217,655,914,755,827,344,828,48,780,798,929,697,885,381,148,191,366,290,675,3,213,897,261,670,990,885,558,757,864,640,734,864,122,915,985,296,456,196,664,411,233,77,976,457,138,919,778,633,817,413,65,487,147,815,820,260,238,240,526,319,316,898,825,281,758,262,533,16,188,691,303,137,363,871,96,266,49,520,459,76,638,86,604,970,214,469,949,114,261,200
346,389,145,71,227,248,824,842,350,278,541,720,951,113,479,993,354,949,782,919,482,645,516,493,308,861,860,701,181,927,512,551,521,494,86,183,36,550,941,988,906,759,901,937,447,896,728,374,834,349,509,49,117,759,536,564,651,307,815,966,134,594,631,793,453,329,515,723,415,115,557,507,985,42,483,612,195,415,952,777,888,244,93,652,81,361,980,864,602,804,42,217,405,804,176,167,73,654,77,55,774,778,234,255,768,531,561,115,194,217,872,738,300,324,649,257,792,496,855,480,665,224,177,662,712,271,244,55,181,737,163,492,820,58,608,575,648,571,512,204,10,806,333,115,352,51,258,867,198,621,374,304,386,557,857,563,334,621,12,240,424,752,864,516,42,558,600,534,490,312,460,221,727,180,634,142,733,291,590,610,957,781,276,168,252,836,361,442,592,785,881,729,556,347,933,693,438,124,523,759,805,955,472,88,746,587,531,917,661,450,650,866,679,864,339,675,301,27,210,769,381,266,180,475,779,49,195,759,695,367,65,449,392,993,109,475,684,699,526,131,685,207,583,853,369,879,93,836,426,977,230,744,191,775,793,109,912,71,605,125,539,511,12,685,307,803,841,52,294,211,969,312,62,690,706,914,80,125,220,20,461,87,127,700,594,477,423,890,881,443,286,368,414,315,927,293,462,271,513,769,144,112,285,740,769,561,560,558,140,230,342,482,967,85,581,75,532,168,458,804,425,365,829,121,423,180,8,1000,251,845,946,513,736,256,224,154,508,419,273,630,49,569,431,939,454,137,870,679,222,418,271,217,94,653,885,683,338,39,512,830,273,951,685,173,472,219,828,99,316,65,670,95,903,655,297,892,770,336,955,97,914,530,757,89,478,283,320,432,484,284,700,103,206,607,121,790,26,183,510,79,237,308,631,640,452,217,797,823,604,103,887,624,690,327,148,435,67,708,709,638,790,811,411,30,758,340,299,519,129,740,289,410,680,553,843,74,548,467,322,275,669,194,398,971,8,82,506,703,820,927,631,482,646,366,856,54,896,152,141,833,234,622,637,950,121,752,720,311,659,254,246,984,813,182,389,379,639,603,740,216,611,770,665,192,812,211,469,637,150,847,779,552,494,824,84,843,586,96,813,643
866,905,633,39,312,872,784,491,950,845,866,773,425,955,796,632,596,298,84,361,173,640,750,825,848,386,909,813,856,807,649,561,863,692,607,67,259,299,573,721,329,491,84,922,410,803,310,963,615,404,555,683,858,449,245,929,340,757,479,649,579,791,291,970,967,713,356,11,696,892,633,628,867,123,919,24,951,4,609,549,664,678,104,459,17,52,3,127,520,99,771,29,567,527,735,658,846,884,692,23,889,749,327,938,3,545,541,544,398,753,435,855,418,934,245,252,61,634,987,402,931,245,417,997,235,578,326,273,822,670,38,858,38,77,513,247,106,325,104,609,727,916,946,675,500,313,685,699,315,305,7,986,737,64,250,504,651,420,450,813,900,521,686,56,51,649,924,321,167,921,708,301,521,629,574,167,892,465,597,549,805,837,260,975,986,266,18,902,867,209,324,736,680,717,385,404,500,741,653,551,339,80,428,314,327,426,757,31,797,693,508,959,537,791,264,899,396,591,100,812,738,201,130,994,664,277,820,193,891,628,57,95,576,745,513,886,692,287,968,328,185,702,276,214,303,765,629,841,695,591,394,56,864,488,930,889,380,120,939,531,378,602,712,723,783,551,88,931,634,975,410,858,861,122,130,980,656,556,706,809,500,548,964,979,66,640,589,268,468,108,769,915,153,95,179,407,46,518,654,868,904,585,53,93,154,130,694,324,74,322,911,967,515,902,196,525,8,596,439,609,640,583,208,427,896,308,763,116,548,480,924,344,568,712,956,203,806,312,210,933,81,497,575,602,53,20,47,618,659,779,547,454,621,250,768,320,171,845,823,628,467,846,401,780,176,405,300,121,392,451,806,748,318,135,924,472,817,399,796,474,55,648,209,529,243,145,841,718,327,979,778,42,291,105,142,752,473,751,305,655,769,20,984,855,672,711,112,976,774,430,62,459,924,571,314,600,929,552,530,610,734,22,965,332,427,346,600,865,769,843,954,623,687,991,729,401,29,500,820,538,493,256,204,242,153,818,626,815,752,268,122,770,798,435,458,836,633,961,829,663,641,152,231,342,334,734,236,975,622,980,166,586,974,687,524,232,73,938,758,285,605,648,42,31,34,369,445,245,6,431,620,207,404,463,968,150,310,764,674,794
637,304,662,654,893,599,481,12,533,981,824,491,868,340,945,142,991,2,789,379,185,669,853,588,432,456,907,47,568,12,815,144,721,446,5,77,871,450,610,482,133,635,839,59,160,855,933,775,258,986,254,158,880,223,401,682,727,632,569,270,649,378,575,805,898,236,377,128,32,521,815,976,919,904,782,371,245,31,314,797,286,176,364,610,130,665,19,802,806,378,63,897,188,416,760,963,439,875,65,56,862,851,549,352,7,631,176,180,33,925,987,792,424,581,172,972,462,273,523,531,9,75,307,30,180,243,298,350,926,616,258,254,62,578,869,520,644,132,397,398,554,872,926,69,685,110,580,264,734,637,457,13,852,290,4,473,853,659,565,605,478,437,633,36,179,2,66,642,887,531,274,786,934,450,730,705,134,746,197,77,23,0,487,458,776,903,874,999,171,872,812,865,635,760,349,273,714,381,98,921,608,3,65,559,157,214,888,801,314,446,819,640,267,967,450,0,480,952,588,310,256,283,651,937,30,418,908,856,789,461,131,465,775,824,660,580,222,787,300,751,427,374,441,615,144,301,90,110,72,49,944,902,790,752,659,210,580,71,701,423,627,942,767,328,205,28,867,805,631,861,752,472,110,458,340,471,929,662,240,334,447,366,506,613,526,176,564,402,476,281,573,700,284,863,525,649,498,818,657,585,444,419,883,321,138,274,387,961,759,911,667,776,340,786,736,50,316,835,134,69,828,289,179,693,249,364,154,446,1000,895,580,397,274,654,865,835,192,58,380,975,529,374,60,895,308,417,599,5,565,417,393,346,821,31,873,947,362,278,186,230,665,549,367,764,965,289,294,678,735,227,850,291,62,647,388,76,518,234,816,300,504,121,233,671,422,652,325,928,321,4,737,179,962,467,679,181,479,581,259,140,889,79,743,948,936,236,574,703,64,400,655,729,838,975,647,42,54,258,261,249,48,391,457,980,925,655,992,915,590,115,581,483,370,322,454,303,84,346,295,17,485,966,332,339,962,683,689,327,272,283,405,350,511,102,999,521,638,899,808,194,17,208,908,117,915,527,225,983,41,763,943,899,178,770,649,719,916,419,35,189,465,543,281,15,447,16,266,482,536,870,820,575,639,795,893,106,987,425,819,334
934,557,554,280,441,373,786,151,24,754,973,415,390,315,253,475,878,286,155,606,96,208,954,850,228,992,946,121,395,623,322,325,175,462,243,808,602,118,500,697,361,779,30,664,137,427,198,218,241,237,316,322,491,323,379,741,956,626,396,807,94,732,153,897,215,212,848,776,309,535,678,721,619,33,774,677,560,936,585,856,213,165,492,469,305,932,907,373,255,966,620,690,154,950,945,195,827,326,108,657,747,93,472,602,81,395,437,243,644,489,702,96,458,504,655,104,894,550,815,878,732,978,719,714,356,439,644,520,537,175,7,189,625,709,838,584,163,882,500,120,557,847,805,20,526,179,9,124,259,226,826,793,284,274,766,740,838,348,928,891,440,35,819,901,216,496,843,196,209,824,430,617,344,79,423,283,92,31,836,705,766,766,407,472,907,661,425,457,694,356,58,146,159,832,474,818,887,912,30,161,17,138,751,139,127,611,287,73,261,739,768,347,757,310,279,83,130,197,605,65,250,130,395,387,551,863,169,512,679,350,995,676,313,627,384,488,429,400,765,500,966,509,19,730,838,53,883,948,225,883,744,172,306,457,348,463,896,473,758,944,233,654,790,991,685,217,713,128,271,372,930,25,783,219,77,220,170,536,292,29,786,567,241,750,48,808,390,514,934,417,946,675,738,109,575,506,582,851,941,587,492,297,514,418,180,350,447,232,173,283,190,140,832,279,58,876,87,101,547,264,500,27,141,547,903,950,604,270,871,934,936,791,180,310,603,219,49,20,249,470,946,92,434,322,930,28,291,425,267,22,62,972,89,882,824,15,864,770,365,872,548,942,265,253,621,583,482,182,240,669,7,685,14,610,503,576,15,1000,308,599,660,801,885,61,340,536,413,165,181,554,793,381,775,354,990,525,23,490,147,53,992,233,199,998,639,916,119,120,829,875,840,310,41,14,22,877,514,830,462,252,498,828,484,314,144,197,569,526,647,615,126,329,171,264,419,116,601,885,162,179,790,273,375,276,65,55,184,298,700,264,951,432,503,791,60,844,164,659,320,999,843,777,422,842,252,482,515,704,508,416,977,144,647,9,349,597,71,634,236,125,345,61,398,676,475,137,7,19,897,503,73,644,467,585,735,987,31,764,403,160
840,172,159,98,433,237,879,20,503,725,825,590,803,41,419,292,833,215,990,564,526,282,450,42,432,967,129,957,806,456,124,863,236,222,249,84,927,27,152,936,137,723,644,57,623,4,873,513,96,896,238,504,963,699,182,11,268,68,723,597,549,532,172,315,655,397,477,960,600,955,985,563,376,360,896,743,807,963,862,455,575,238,192,79,628,919,929,54,318,677,603,319,918,779,359,603,373,940,205,888,800,584,583,596,106,90,335,494,926,508,600,800,796,166,160,406,446,26,648,452,509,378,263,841,878,558,848,321,293,950,48,699,309,178,425,275,207,723,286,767,341,429,419,69,780,152,171,999,280,597,345,934,862,98,263,108,133,246,277,979,728,921,424,386,969,193,353,932,682,497,234,507,735,974,335,952,176,295,244,59,450,163,972,604,307,158,992,782,527,337,513,134,131,200,89,753,447,918,751,75,900,931,399,954,228,389,717,650,526,298,906,856,392,129,575,844,802,123,77,344,101,33,525,893,776,35,140,858,583,347,948,750,560,882,516,523,283,419,288,81,371,696,145,425,295,50,699,973,348,304,413,2,60,317,294,558,316,998,198,156,403,890,985,66,737,73,617,815,108,587,765,878,925,137,409,602,491,933,471,214,438,145,191,578,963,449,344,790,671,570,403,126,399,124,634,629,541,81,223,536,606,131,816,107,391,403,599,217,977,350,656,804,269,826,550,369,69,593,164,95,488,97,785,721,227,547,374,401,625,840,692,372,542,560,99,585,667,59,731,301,287,899,541,545,878,452,515,794,66,511,94,740,301,658,332,901,807,464,606,776,167,643,13,679,725,965,450,288,19,38,40,997,644,701,694,330,596,482,433,236,163,404,773,875,948,857,444,282,284,200,545,293,259,641,736,188,7,765,709,918,347,346,507,217,844,121,485,707,817,97,742,318,311,1,802,36,788,783,294,238,340,63,437,355,923,629,356,439,690,497,911,304,78,586,137,853,459,502,385,277,71,920,43,659,21,141,802,139,465,552,176,484,582,982,964,869,589,383,24,948,937,26,813,201,20,40,832,72,282,781,54,721,554,521,603,408,923,538,532,780,707,968,23,235,660,275,257,543,752,389,329,65,980,375,763,862,497,384,692,106
406,488,19,340,22,674,342,815,42,284,591,966,775,628,491,988,772,864,50,639,645,711,711,209,62,290,114,404,698,296,314,815,592,403,893,663,439,341,418,154,754,296,187,421,467,723,268,423,159,759,767,175,613,961,268,556,21,436,716,837,40,24,967,79,296,189,647,192,207,179,779,39,226,230,663,47,514,22,608,385,492,434,807,737,634,799,451,981,535,445,6,199,434,216,919,715,562,671,754,9,245,631,490,290,705,357,243,585,628,393,72,549,723,284,913,214,392,557,138,13,342,623,497,476,970,429,776,241,37,339,712,223,642,837,703,349,97,29,535,620,246,76,938,501,545,203,265,83,32,575,821,647,872,128,627,607,878,841,51,958,140,359,292,924,350,650,553,519,980,925,805,112,750,980,119,773,473,562,838,504,69,392,801,125,200,523,251,691,151,153,256,17,52,261,848,191,769,970,858,215,461,641,682,905,236,620,694,110,70,569,37,295,215,927,23,809,875,103,682,785,55,614,435,791,668,530,717,386,861,968,143,696,35,58,65,615,990,714,339,45,815,755,489,681,721,77,193,504,511,121,961,33,303,376,138,864,2,567,969,951,260,666,798,220,885,377,683,274,427,139,517,544,615,663,591,698,622,870,305,259,348,333,25,257,785,799,364,695,819,738,61,97,418,725,764,511,104,345,118,770,985,494,568,169,498,250,578,971,988,849,270,131,183,574,534,288,608,823,18,892,509,623,87,371,841,589,123,62,74,1000,77,544,753,760,337,462,886,574,824,459,756,92,761,172,912,774,12,254,902,606,117,566,144,623,982,92,732,87,758,766,829,57,124,242,425,295,449,317,256,994,394,799,686,285,811,333,832,292,141,510,635,436,873,979,612,658,643,438,584,734,990,323,848,552,603,826,28,895,483,878,858,98,802,612,662,520,992,280,514,515,729,842,913,986,509,937,368,331,568,542,168,491,172,577,164,13,691,160,17,953,554,238,90,793,205,849,891,635,740,345,303,334,179,341,323,947,18,68,860,567,714,84,389,375,497,266,172,994,729,121,558,570,26,484,552,180,389,248,194,839,795,402,2,128,579,853,237,609,890,38,602,233,755,807,722,119,245,236,313,541,607,832,396,854,139,285,598,62,573,332
110,484,898,973,3,507,933,527,403,941,451,155,235,262,8,988,647,796,294,634,990,121,392,318,754,123,902,703,416,761,310,524,245,116,45,213,583,545,975,935,513,425,586,674,166,990,621,619,312,574,532,238,715,707,311,230,905,951,903,55,668,322,425,976,356,167,271,891,549,653,147,321,235,1,479,883,624,616,410,423,739,338,521,330,682,315,811,686,141,982,380,272,218,298,464,259,479,516,984,142,82,30,204,986,977,54,164,749,794,347,16,810,991,887,143,1,870,341,791,410,606,592,785,114,440,630,114,765,589,113,913,484,860,506,757,921,557,887,641,233,325,115,469,475,907,380,4,496,788,967,321,776,671,1,240,481,413,553,793,586,373,346,508,532,579,440,127,501,321,519,721,336,250,510,198,909,876,94,738,316,161,114,954,333,814,238,407,979,364,683,237,167,353,790,945,864,725,339,872,91,261,316,985,450,273,176,531,323,481,246,344,930,692,898,647,474,480,894,177,164,870,511,737,684,746,366,47,418,681,515,774,355,609,570,244,289,323,275,343,292,610,389,462,731,181,531,122,832,359,59,532,152,594,257,903,70,653,57,771,828,97,619,757,622,202,465,336,517,455,248,717,13,684,943,915,271,927,17,332,360,919,602,299,103,747,227,423,289,525,652,624,297,322,747,427,635,468,444,645,451,487,102,530,979,838,5,178,365,660,606,935,253,648,876,208,846,684,582,370,792,638,345,903,489,412,254,227,768,829,264,115,972,482,87,627,691,317,298,283,67,802,995,958,535,808,438,72,840,835,196,101,374,976,901,605,271,204,696,374,729,900,57,213,391,20,51,265,161,742,314,240,532,223,231,958,93,708,450,729,695,818,51,126,407,876,759,587,321,638,598,828,587,482,871,284,118,304,642,643,997,133,813,507,377,563,833,637,833,400,826,998,612,983,903,699,503,267,594,973,242,509,571,275,983,688,584,52,61,73,526,483,641,968,434,541,688,530,177,265,408,809,715,988,662,598,996,103,541,715,940,29,147,478,49,968,363,66,402,213,335,236,57,112,754,934,862,829,770,280,912,721,156,291,610,557,458,420,107,165,466,849,3,842,977,552,276,518,679,491,632,808,911,223,235,979,390,825,864,863,331
841,207,417,156,63,542,601,473,897,846,992,329,753,867,923,172,790,403,23,780,824,177,57,271,810,454,64,333,539,793,275,446,39,508,567,921,769,696,83,972,768,930,796,972,228,917,116,869,404,719,656,659,372,541,670,593,128,773,779,699,369,332,173,925,498,54,540,465,164,685,494,71,682,520,836,610,107,982,182,677,895,718,318,944,257,608,912,847,861,218,245,547,800,767,302,968,527,712,66,577,716,612,635,988,78,674,3,176,349,395,404,691,344,246,625,143,466,394,907,391,588,548,118,717,735,444,503,76,514,597,339,113,615,691,600,15,2,318,700,800,452,539,264,829,413,961,254,204,398,628,131,422,229,991,79,867,545,282,65,835,575,334,205,141,920,70,282,927,114,384,783,967,542,927,848,788,660,885,692,431,325,806,3,70,77,557,434,928,664,612,350,298,327,461,977,630,905,12,106,760,728,464,808,124,536,222,805,775,478,714,100,831,967,922,419,654,887,560,451,342,12,954,417,499,182,380,807,310,769,479,168,207,598,466,276,133,305,846,500,336,380,100,282,251,91,462,978,897,106,41,970,125,811,156,15,224,186,632,901,88,256,549,218,743,588,383,543,22,753,371,670,439,693,824,160,557,130,159,458,716,728,29,241,67,186,504,69,990,482,592,909,814,574,434,372,546,699,72,822,292,150,268,587,652,821,239,951,531,283,607,39,807,595,556,450,456,723,235,388,33,523,51,506,162,908,24,634,578,482,909,155,695,666,629,268,726,73,375,169,638,237,106,60,421,600,863,261,681,72,898,574,646,328,776,112,765,907,650,844,141,641,109,0,137,258,823,546,594,935,650,310,124,943,797,711,493,518,453,349,278,969,120,371,552,697,180,483,389,120,817,789,794,781,345,612,932,508,971,697,230,973,334,823,693,512,151,41,20,901,838,482,679,716,913,768,896,761,169,716,336,802,839,69,897,804,349,311,331,732,503,97,16,598,121,402,484,706,249,759,644,149,604,283,495,386,881,198,194,474,745,562,183,858,938,886,766,550,26,549,19,800,723,828,875,15,184,200,789,817,797,582,654,605,480,37,661,190,985,511,259,170,144,301,72,631,336,959,407,851,303,139,733,704,165,714,513,505,365,817,413
72,565,308,280,572,760,589,666,5,736,844,340,415,616,673,686,112,412,669,655,157,896,959,212,638,458,484,799,507,402,676,696,541,101,632,932,520,336,796,855,625,915,627,992,502,824,50,93,280,803,896,589,787,208,782,748,228,360,32,806,166,844,944,8,473,652,482,7,389,76,39,665,665,450,921,114,803,523,606,192,603,236,479,225,342,308,87,231,567,987,908,689,290,15,563,540,317,269,418,117,341,728,319,503,961,313,264,883,455,222,708,401,683,159,536,708,410,739,748,334,731,980,992,579,225,291,626,708,665,91,534,776,719,777,974,677,181,284,48,79,876,248,380,733,233,280,333,101,375,848,453,687,308,656,958,663,498,452,979,145,82,52,759,219,845,47,737,547,328,204,555,723,505,964,522,55,226,997,545,185,346,142,120,562,116,677,692,900,42,545,189,303,239,358,127,924,649,153,736,178,373,72,580,11,516,552,265,871,551,226,501,507,819,949,937,366,67,6,316,265,589,447,103,529,740,392,18,628,294,719,484,978,727,197,708,702,820,406,144,223,36,770,348,263,497,317,632,206,683,143,842,121,273,386,520,804,302,404,284,814,168,148,151,429,244,335,374,976,522,685,163,524,482,835,375,251,516,697,383,304,423,501,926,713,528,751,326,10,775,555,170,224,192,505,907,239,379,517,236,949,294,995,514,418,549,819,403,47,637,218,988,187,663,970,425,615,510,879,840,507,147,666,276,644,462,842,720,550,225,733,251,152,451,463,819,348,422,122,721,495,25,303,583,399,316,0,440,949,410,185,614,463,490,709,281,164,564,210,140,680,31,441,81,997,321,757,445,625,452,42,251,36,264,609,47,872,30,30,168,540,119,349,365,469,945,482,986,213,802,764,163,536,1,588,569,989,350,112,979,762,162,711,717,358,672,377,907,659,456,714,157,494,444,809,380,593,63,449,751,797,347,519,142,411,832,739,788,26,727,73,275,190,381,429,590,478,755,141,494,795,756,544,261,680,367,567,410,880,657,121,672,807,13,776,264,694,767,464,750,466,298,139,626,771,814,551,559,904,861,984,142,852,376,40,178,79,540,660,362,825,175,199,31,175,422,392,688,576,712,550,460,28,916,450,999,678,160,35,741,983
612,679,158,379,28,426,956,9,413,288,212,765,731,581,152,546,576,444,379,212,609,283,118,320,583,279,976,539,607,723,328,965,4,961,670,185,200,44,275,943,48,455,131,207,329,842,540,803,349,878,679,360,227,524,821,423,808,937,471,84,327,277,440,521,784,588,154,240,701,318,47,281,869,208,371,518,57,184,308,420,515,563,930,477,310,13,975,592,171,834,16,619,862,202,297,346,5,350,866,240,476,867,795,984,141,880,283,575,861,948,158,566,23,917,198,419,742,229,466,120,745,131,823,379,125,299,253,470,637,930,536,575,413,51,488,745,895,221,450,246,457,712,84,945,909,659,612,443,67,704,344,845,203,61,844,960,590,784,295,581,110,290,813,161,749,117,835,414,140,146,260,786,898,474,560,949,440,140,720,658,865,311,155,717,667,822,860,277,453,721,93,704,47,966,496,909,86,965,51,382,352,191,715,190,631,710,130,622,311,361,508,433,466,428,444,586,188,117,161,811,27,789,26,537,479,720,885,449,268,965,616,583,335,777,204,267,916,370,278,256,944,341,124,62,88,592,928,49,314,879,869,206,832,589,167,790,127,792,110,131,28,615,614,867,138,897,605,60,543,283,397,271,484,347,227,222,481,291,813,173,717,179,748,671,996,816,877,252,472,270,591,391,148,941,662,313,246,459,471,73,962,349,768,730,106,64,420,670,352,24,640,344,493,600,869,192,467,573,433,563,857,475,491,71,181,415,977,912,972,219,383,226,420,461,525,534,470,981,680,828,397,132,496,332,345,857,669,93,414,910,830,840,518,732,517,287,103,481,50,410,844,674,880,503,221,535,497,787,357,368,325,738,873,518,110,84,753,765,342,840,482,440,844,885,637,718,327,177,384,498,425,371,978,530,616,320,167,711,603,398,236,272,278,592,970,679,328,327,719,238,606,723,48,805,417,644,223,482,989,935,746,822,281,522,983,562,560,549,22,327,933,534,884,663,808,142,644,659,586,448,958,14,452,326,340,748,927,414,818,508,476,591,992,316,594,857,379,564,633,255,332,7,67,539,237,891,932,555,982,119,155,857,722,859,346,958,902,250,605,536,852,36,429,984,714,260,176,212,433,607,133,826,128,280,194,926,258,700,385,206
785,972,635,365,535,962,749,440,388,851,935,750,258,7,622,862,916,69,314,714,439,23,775,26,547,57,471,448,236,915,642,743,421,719,768,607,152,394,275,816,916,0,426,220,741,843,311,410,882,851,221,665,553,662,214,615,529,170,870,20,873,10,38,291,741,642,606,551,693,697,673,310,944,285,349,673,321,102,211,509,503,688,371,563,569,521,188,482,551,365,681,827,189,238,861,599,468,473,139,377,413,457,520,623,248,35,908,874,512,937,188,248,381,908,522,256,261,9,771,720,275,382,894,23,969,921,766,314,20,263,570,515,526,929,375,132,692,40,552,950,975,820,16,989,723,692,334,475,900,677,259,875,255,266,705,454,961,314,320,979,179,728,735,721,76,953,346,402,292,228,802,942,858,291,915,565,896,167,113,509,794,611,565,292,843,645,835,819,157,422,859,154,505,964,585,258,300,207,108,891,578,921,210,724,858,416,78,251,752,571,773,506,669,127,934,3,995,5,157,335,10,174,112,824,906,541,468,622,300,513,999,514,594,414,439,523,330,317,701,56,0,681,891,688,92,696,412,851,192,453,260,749,68,404,747,286,914,403,30,888,292,536,861,92,616,170,137,214,245,287,719,521,430,836,913,175,562,732,199,696,679,954,855,169,35,711,390,24,898,940,512,795,838,245,204,716,946,591,789,222,183,335,393,785,533,111,486,396,691,216,836,571,814,562,800,771,557,638,875,561,774,264,727,529,850,672,32,465,686,548,917,539,595,519,634,92,795,324,726,313,401,415,706,924,574,951,594,471,904,372,769,142,911,31,997,545,595,74,204,92,105,730,791,811,929,158,658,859,167,69,700,303,761,33,440,286,252,777,487,898,738,210,559,857,981,861,237,909,907,111,773,219,194,323,22,354,166,411,282,532,420,123,739,768,981,883,273,769,180,984,567,959,3,160,770,74,263,415,700,777,5,618,864,576,846,221,283,928,253,684,888,379,13,15,300,373,789,772,323,456,266,278,675,819,676,915,643,613,23,956,907,166,540,669,687,114,325,344,899,712,375,568,469,293,925,626,119,859,516,272,748,593,199,587,252,590,686,70,578,81,380,500,382,541,160,569,226,291,221,122,308,617,213,90,801,380,556,133,494,783
5,241,136,802,435,629,567,919,838,857,540,537,839,738,940,853,118,758,192,985,810,698,222,20,903,385,5,57,913,700,763,51,957,380,775,94,678,629,744,1000,114,492,265,830,272,171,2,32,931,225,198,637,179,546,738,519,867,185,755,894,867,286,75,59,351,59,527,663,86,422,935,404,333,428,156,898,983,967,230,834,524,721,165,206,506,174,563,511,974,84,182,758,424,202,833,674,716,555,948,408,27,463,641,948,383,166,664,654,363,499,255,87,762,361,68,171,736,424,98,275,770,925,166,830,531,759,101,460,979,707,587,823,468,320,38,698,367,588,663,645,655,291,471,946,467,252,217,164,621,858,669,7,272,943,642,664,896,450,727,342,900,622,256,646,243,556,593,377,289,678,728,324,415,763,900,17,100,606,143,531,972,432,111,598,11,378,700,599,677,10,900,490,145,305,815,104,378,320,714,922,449,313,186,724,210,302,71,77,254,564,15,800,145,627,313,778,59,560,619,547,575,778,550,498,133,403,347,574,933,448,901,897,921,700,110,603,422,530,333,816,934,328,435,593,187,276,905,554,70,209,374,759,507,270,683,798,700,361,103,547,776,981,472,887,441,891,610,502,612,401,85,311,751,362,399,681,844,633,400,153,525,51,655,262,675,459,161,894,167,691,314,203,565,220,574,250,754,963,448,363,255,614,490,213,608,894,919,94,178,81,819,127,231,181,854,833,437,837,956,402,272,163,48,126,292,628,229,309,611,326,849,704,127,170,764,499,392,665,787,208,359,108,882,223,534,202,896,519,263,943,444,982,143,546,405,517,820,665,368,202,518,727,55,280,383,334,243,972,354,151,351,946,404,17,155,913,644,259,228,385,298,629,591,391,712,141,257,779,695,707,46,821,357,599,27,369,160,584,54,215,364,886,549,159,372,867,393,40,856,775,763,447,515,914,369,308,505,18,746,768,873,931,729,412,437,20,113,707,737,22,374,407,614,762,530,79,437,265,61,893,837,990,316,982,466,554,747,748,439,132,613,294,830,513,396,470,538,932,879,149,890,278,125,968,485,34,442,866,682,660,930,708,723,903,510,121,406,249,869,2,312,505,486,159,694,52,277,586,387,554,480,620,815,204,330,698,83,977,36,589
911,672,429,0,932,749,307,604,11,668,273,509,145,579,174,710,751,237,921,36,225,261,206,665,767,220,921,587,65,196,770,82,756,950,900,73,80,858,607,732,401,495,387,21,870,651,94,690,359,968,995,445,374,480,42,172,553,672,5,285,533,36,551,599,204,704,644,516,28,305,421,197,56,835,36,138,156,855,267,443,888,205,196,221,857,623,8,698,554,290,303,983,156,670,490,907,477,884,457,666,588,861,777,538,519,527,934,425,66,242,752,722,428,861,415,526,550,306,568,408,871,209,271,147,944,523,409,182,738,619,395,117,105,496,879,84,943,735,530,190,489,995,827,214,378,141,609,487,424,644,549,653,443,513,587,827,196,616,105,578,627,53,588,323,490,324,16,822,793,26,849,887,910,242,725,164,942,120,791,926,305,909,797,951,34,886,766,358,120,219,943,836,120,151,312,447,717,91,277,465,84,393,303,3,8,697,844,914,2,458,335,942,601,935,55,1,384,521,644,572,200,767,440,154,686,458,874,260,215,704,839,576,424,74,491,141,846,90,172,905,159,562,667,813,279,928,951,447,955,277,194,12,734,472,793,401,479,7,865,651,814,957,134,886,18,500,436,993,930,969,354,755,802,755,591,65,504,607,251,669,275,329,186,389,686,971,88,322,384,774,77,200,296,912,648,436,497,271,80,230,986,809,367,511,527,924,428,307,120,942,609,826,381,165,789,74,376,618,991,43,823,955,538,227,762,28,833,313,730,94,163,860,132,574,346,973,603,718,155,533,410,625,914,346,364,230,26,135,744,462,243,450,198,991,76,465,732,652,389,936,972,785,680,284,241,733,741,800,211,399,287,802,258,416,289,643,477,384,389,244,754,673,111,610,398,307,601,605,878,647,800,176,884,934,737,60,496,17,996,983,709,82,409,134,902,535,101,749,379,932,43,711,705,398,824,950,288,378,376,257,966,742,145,47,230,353,618,518,463,641,165,806,576,869,83,901,191,750,171,284,562,347,525,924,371,393,978,833,827,479,271,525,175,10,822,146,668,17,864,236,281,150,560,334,553,728,440,208,481,5,357,784,742,683,857,574,654,153,861,537,237,816,776,806,804,147,613,799,473,551,161,809,560,830,495,525,533,144,733,202
442,935,207,196,754,436,740,834,904,115,924,984,332,257,996,823,933,650,230,836,200,106,205,821,136,680,486,161,125,18,693,621,59,592,616,283,427,573,644,981,567,189,497,892,547,126,171,287,873,596,177,469,550,585,404,441,639,725,676,586,445,471,786,756,994,679,476,4,448,916,369,658,195,419,372,351,134,549,280,579,132,469,138,289,719,381,620,840,275,76,618,317,670,277,106,10,475,283,31,421,490,837,261,428,456,9,640,205,760,397,770,262,879,523,527,728,940,477,630,793,652,782,273,145,777,243,824,31,722,100,497,674,591,910,617,408,863,156,138,723,988,767,858,829,472,693,469,568,237,836,393,817,499,998,23,884,836,268,664,534,231,12,943,893,982,592,139,479,407,873,574,606,29,43,770,944,74,858,151,875,728,845,368,108,507,965,459,189,368,780,436,651,785,819,722,853,193,861,275,545,137,584,46,234,45,67,528,176,390,895,493,889,473,952,368,414,354,189,694,790,318,899,8,649,108,54,551,56,814,115,166,527,527,346,644,356,426,989,456,28,75,87,518,518,674,238,435,820,838,303,72,859,144,273,342,64,572,555,911,181,606,39,902,559,485,928,880,270,626,738,650,924,84,635,243,406,996,951,68,208,729,547,505,696,305,31,939,422,769,409,199,258,17,856,662,649,746,490,795,888,816,618,321,173,952,302,942,844,201,978,898,954,893,817,278,221,249,136,461,613,308,411,778,9,820,970,368,772,984,806,446,998,450,957,940,982,255,90,995,495,915,320,729,876,365,3,793,238,820,207,235,888,410,456,727,228,979,128,258,623,190,872,525,147,619,521,269,788,573,635,8,851,606,821,658,79,142,912,484,670,258,287,70,725,667,198,600,416,776,522,721,47,908,230,727,765,291,788,398,993,493,356,979,615,971,493,144,585,416,829,608,770,618,910,954,888,507,702,98,71,865,685,332,11,358,77,353,731,573,544,780,186,804,683,660,981,520,238,744,959,458,651,483,189,774,372,907,105,386,856,469,879,915,123,17,981,356,965,853,569,344,200,685,481,252,873,265,295,541,200,978,988,929,260,686,500,991,582,976,866,461,464,437,169,2,835,124,730,510,600,670,868,21,297,328,432,686,100,924,404
430,728,125,168,946,798,127,834,265,968,602,428,476,308,339,753,714,541,825,516,688,306,790,721,585,651,63,281,566,44,766,421,548,403,948,318,790,784,977,206,859,611,982,858,286,383,828,178,471,493,788,689,270,845,983,911,365,389,800,793,729,139,262,354,916,891,975,34,696,403,947,592,859,670,946,608,475,96,571,988,639,444,607,464,415,400,348,310,44,754,913,759,919,31,192,943,698,226,42,714,718,964,496,636,259,947,891,541,922,172,327,441,399,176,998,533,242,289,901,582,736,761,833,573,122,145,983,66,194,176,159,781,637,189,78,487,101,605,150,601,946,23,541,165,876,658,7,601,127,468,697,919,152,598,773,416,132,466,635,168,840,986,135,397,398,379,7,468,369,58,869,889,41,467,315,800,77,396,950,786,936,256,733,176,728,162,833,586,677,995,161,102,64,413,650,765,862,542,699,533,620,408,92,927,201,659,952,111,719,460,662,839,796,36,639,448,591,819,87,270,744,237,247,512,791,881,119,144,465,679,976,121,513,575,590,256,367,564,391,974,225,449,37,604,976,905,413,859,54,473,697,469,861,419,779,469,7,454,654,589,149,271,334,862,571,558,400,909,779,772,493,515,854,63,938,822,164,700,285,350,128,371,679,45,189,506,663,309,555,599,238,886,49,658,783,873,455,319,599,543,970,684,711,996,271,848,772,66,772,997,141,115,199,785,755,325,648,958,171,781,708,727,513,282,984,754,962,221,138,883,257,620,248,339,647,167,167,610,277,605,273,391,19,357,486,744,22,177,898,573,469,346,42,793,609,625,458,565,184,799,435,974,263,725,437,975,560,531,799,132,699,369,81,792,235,650,410,610,309,837,583,582,364,258,327,457,915,610,231,409,77,282,600,71,164,100,999,704,873,693,609,370,271,214,868,845,418,120,400,151,914,102,692,739,2,822,818,989,452,423,464,865,38,321,144,586,210,783,586,223,841,516,290,874,73,527,905,120,144,972,34,446,812,544,987,262,220,701,77,517,538,614,528,602,386,100,325,953,546,939,297,245,407,759,895,51,327,14,762,95,34,443,982,304,916,198,459,15,390,627,533,424,528,846,770,352,36,107,213,501,899,691,246,58,357,436,239,923,238,276
885,238,200,73,476,918,466,778,735,796,738,277,37,547,859,451,788,787,164,134,97,257,842,814,154,133,373,737,169,950,988,289,586,118,223,626,486,596,392,637,180,112,956,340,794,623,910,287,365,958,22,592,890,564,343,78,498,211,608,844,439,509,929,739,784,173,668,427,996,657,818,520,503,618,647,72,767,961,243,872,519,862,798,560,417,301,641,492,611,692,412,550,549,439,4,141,510,366,941,986,860,794,713,902,931,229,441,686,89,418,492,226,5,395,38,116,315,236,931,843,378,7,666,492,740,308,766,168,291,63,714,96,653,507,530,688,90,307,407,476,851,498,104,454,207,952,83,556,346,425,279,31,875,507,526,499,522,504,38,463,792,532,783,706,96,155,722,850,69,772,693,945,732,851,89,598,675,14,715,901,42,326,283,186,819,43,565,262,371,322,170,657,869,896,638,979,550,585,982,815,524,556,784,711,728,573,440,797,188,535,225,782,649,352,83,130,860,990,228,48,215,864,312,21,443,741,74,699,410,504,756,152,126,966,30,210,799,749,125,259,422,656,752,563,841,152,536,462,363,49,98,630,984,63,899,796,823,861,452,217,196,892,717,129,699,913,215,623,901,502,422,397,239,692,303,186,398,665,950,268,866,817,232,576,577,199,993,226,339,986,438,225,138,216,713,778,645,804,461,335,477,221,771,413,444,939,211,45,8,138,212,543,508,549,372,883,303,638,127,930,983,91,252,680,199,737,359,218,233,374,323,201,751,758,503,850,387,625,104,125,754,849,73,949,828,670,482,564,427,109,719,4,478,628,245,601,671,948,321,242,406,749,47,722,551,459,511,939,833,495,301,416,248,144,310,776,882,377,26,299,141,219,878,410,574,949,54,424,497,140,624,883,637,874,69,166,384,163,469,909,961,377,44,395,45,416,121,449,972,488,654,888,455,605,319,865,625,917,519,30,281,996,603,394,951,382,194,582,405,398,872,893,212,895,133,217,775,554,280,215,920,437,946,546,887,3,380,8,172,136,450,567,890,699,369,550,487,775,884,519,817,367,817,37,916,605,493,35,478,253,790,968,438,367,368,511,829,778,872,204,258,544,972,892,130,557,184,523,997,169,733,451,23,510,992,47,26,157,38,757
307,89,557,223,906,939,589,887,898,849,102,996,838,679,632,267,161,276,573,369,121,944,617,504,21,505,28,679,107,570,876,514,473,286,0,846,579,24,592,63,815,206,839,287,701,619,83,327,227,394,746,833,529,23,999,213,631,933,406,798,438,454,659,130,768,774,531,8,383,43,734,734,982,477,69,8,560,336,806,316,314,515,439,668,377,843,737,604,675,105,232,504,683,767,491,413,759,304,432,371,845,711,644,319,628,889,718,925,577,63,311,578,119,346,853,580,186,805,177,93,974,936,741,381,332,407,755,631,779,366,733,457,411,800,462,996,213,94,570,556,551,239,261,598,539,210,490,647,716,537,497,210,64,978,319,21,194,663,102,909,476,730,245,693,975,367,337,160,303,165,523,951,619,162,451,689,836,753,179,50,837,550,410,44,423,394,178,89,296,922,311,920,479,870,487,956,466,618,609,310,895,150,407,646,28,217,638,883,314,569,235,18,441,299,130,969,377,314,393,407,764,823,881,910,209,285,892,179,457,473,555,597,433,283,170,240,207,190,471,477,448,895,706,776,285,989,744,586,731,380,531,368,568,982,733,825,453,231,462,880,396,530,484,536,133,468,595,570,373,678,517,269,589,575,940,706,869,42,793,280,51,281,255,391,319,94,720,167,291,697,224,296,263,84,621,333,214,106,457,774,738,904,458,141,537,412,68,671,613,207,991,426,483,874,2,909,406,151,817,88,84,915,664,512,48,301,969,618,511,184,109,651,284,476,658,297,837,264,168,327,783,729,678,301,350,578,301,268,488,734,300,851,510,895,612,346,246,491,86,28,858,569,310,229,803,115,209,219,953,407,69,192,486,392,603,307,627,80,600,124,222,929,610,606,979,903,807,440,577,760,85,217,180,54,823,823,462,714,512,797,831,816,74,147,952,389,846,114,709,741,111,867,899,220,659,571,313,17,925,784,958,985,559,241,454,38,208,236,995,507,126,187,379,899,699,407,152,706,960,640,359,884,461,221,493,374,857,325,784,692,321,304,49,649,574,219,904,37,120,0,741,295,995,42,168,603,529,162,319,135,923,469,686,412,307,874,791,683,376,778,286,31,7,670,936,571,113,575,667,734,0,346,968,119,461,695,395,266,461,786
761,423,470,407,995,682,410,726,294,488,580,738,99,3,241,198,359,397,32,504,604,371,120,224,469,145,287,247,39,448,588,151,127,204,811,311,183,858,766,924,960,383,314,547,918,707,486,987,760,55,498,81,289,217,487,246,867,877,459,143,649,123,22,260,407,31,235,162,911,116,857,311,393,390,270,883,947,380,452,420,341,873,533,974,357,22,237,687,469,770,754,476,431,182,568,868,745,411,672,932,23,317,145,853,732,430,433,440,513,933,304,628,150,891,420,347,123,65,303,189,919,246,773,5,222,975,359,372,597,348,614,274,227,91,706,584,756,66,461,38,239,474,107,839,744,942,383,734,162,851,834,525,872,113,985,157,925,855,290,876,420,403,156,450,629,655,125,183,501,474,48,357,941,803,149,418,404,63,190,92,32,53,815,345,632,68,819,131,281,1,250,335,840,505,44,634,673,77,103,639,750,11,802,29,16,989,698,23,453,959,302,493,74,817,497,152,497,720,694,766,3,257,220,819,345,187,515,258,338,939,718,204,964,657,709,525,355,743,794,762,945,302,678,823,597,793,322,912,637,973,996,408,747,972,902,927,409,490,189,776,199,875,794,596,481,546,917,193,624,949,105,707,653,666,860,28,682,937,683,553,735,169,17,995,646,713,807,464,899,889,450,494,555,408,445,412,475,124,248,532,110,395,308,113,654,561,946,703,854,769,189,986,473,509,243,393,487,667,893,984,423,955,933,168,223,368,397,204,909,733,507,806,600,863,1,878,366,139,47,167,572,737,931,358,691,995,213,513,489,744,17,460,11,176,714,263,497,71,869,419,541,310,695,612,844,433,839,591,88,899,143,29,9,497,842,917,193,983,246,609,371,225,715,424,545,685,615,912,179,266,12,819,864,983,791,519,423,579,367,658,301,982,85,647,487,433,845,148,911,260,936,683,37,249,27,331,651,36,354,203,931,422,206,389,561,871,599,897,165,487,625,461,968,506,768,244,938,737,650,13,403,921,817,198,605,897,600,528,904,598,326,745,705,326,237,608,733,18,634,44,249,568,719,241,892,274,128,849,619,280,395,723,719,45,432,129,733,656,595,666,1,265,533,934,455,486,374,790,935,875,164,490,639,366,487,873,786,259,278,196
254,715,605,125,700,730,996,576,534,827,773,731,1,136,629,526,868,412,616,278,755,693,535,844,10,669,745,596,339,704,953,266,746,941,370,364,804,926,470,779,125,521,683,1000,172,717,116,207,103,628,670,94,153,284,224,265,96,656,112,941,962,506,525,587,97,517,521,892,176,845,731,883,162,503,602,980,249,952,292,501,906,616,329,11,373,550,511,285,299,898,824,781,117,676,744,163,938,68,24,807,495,2,641,816,712,465,826,531,232,447,781,373,255,0,363,54,509,51,846,80,730,833,874,493,135,120,391,58,329,461,578,721,516,646,453,644,791,122,135,786,736,373,111,171,267,602,505,731,807,158,549,336,832,566,973,235,777,274,350,161,463,915,891,42,744,564,371,228,253,901,633,403,3,951,359,427,740,284,987,24,717,256,855,215,769,513,223,707,130,627,765,780,704,354,499,273,947,43,296,903,708,818,327,5,508,987,199,124,488,193,124,135,417,498,822,36,34,115,662,710,179,483,615,874,733,376,570,255,89,792,673,899,521,452,617,778,216,684,857,851,830,1000,758,574,599,687,211,690,34,3,81,449,447,48,85,184,74,526,913,700,697,351,613,465,109,919,340,227,69,859,851,277,307,378,626,541,493,60,43,402,318,81,153,256,149,121,711,743,514,484,70,580,254,470,914,769,429,296,201,923,754,935,518,522,376,501,812,131,747,393,673,443,712,411,914,21,527,847,200,979,969,706,472,556,257,254,612,230,639,783,14,40,364,456,5,23,753,546,786,403,780,659,731,469,739,340,461,862,758,909,529,381,874,860,51,215,808,887,954,576,221,851,122,998,397,139,137,134,740,358,760,840,32,130,157,747,350,418,972,80,998,397,646,923,62,852,69,976,113,46,675,349,693,87,463,303,493,133,327,975,968,161,24,524,901,32,742,280,715,916,247,492,543,549,909,928,806,868,306,115,629,648,96,315,855,844,122,900,902,72,393,16,293,605,79,725,796,838,9,445,922,367,257,12,920,444,285,842,311,257,449,353,531,835,349,904,446,735,401,348,188,681,119,569,526,879,189,628,291,32,895,96,913,765,433,927,971,680,371,371,441,796,636,895,647,499,422,845,489,311,772,80,398,529,620,737,203,708,54,649
267,184,403,373,5,992,714,618,823,863,110,289,84,868,232,148,801,295,756,112,300,903,806,700,507,449,300,937,889,275,938,547,91,339,188,888,223,213,834,658,283,411,945,665,657,61,755,531,813,889,847,594,103,686,542,709,585,251,712,300,505,912,359,896,592,576,745,45,357,583,973,284,777,73,772,415,493,178,977,29,126,231,814,138,238,464,714,505,970,764,908,269,520,459,535,883,828,163,616,976,13,731,112,514,959,59,14,277,363,929,860,269,821,237,125,695,605,853,637,864,327,182,123,165,750,671,972,668,306,9,830,366,359,568,662,975,627,976,410,246,438,122,958,654,354,546,283,220,872,611,509,33,929,69,171,208,295,626,571,924,582,181,173,672,566,620,304,382,689,898,117,65,39,454,23,161,443,467,691,446,713,935,364,326,14,798,187,143,136,419,816,559,42,751,439,838,527,995,453,217,529,865,338,558,907,629,417,625,334,866,703,725,425,77,318,682,74,249,494,258,987,828,366,365,421,680,26,816,785,789,721,183,523,130,324,179,727,867,521,256,829,347,760,111,488,564,290,572,22,271,188,187,33,61,310,205,127,104,395,493,275,9,885,113,589,464,759,623,122,181,166,426,452,216,454,56,924,613,706,578,764,39,59,657,438,382,309,223,660,640,853,619,532,737,427,890,401,690,296,475,84,287,958,765,543,874,678,730,726,382,337,204,464,908,207,160,363,371,0,336,836,347,798,564,56,699,809,688,866,358,943,865,550,123,639,706,641,263,619,415,72,622,981,181,884,484,814,386,234,627,305,919,963,541,430,671,550,764,513,380,78,203,266,163,815,546,685,351,391,627,55,897,223,68,309,503,95,741,20,999,477,589,743,625,50,612,598,309,117,495,542,86,120,810,460,256,374,534,763,527,332,670,132,524,152,160,950,311,961,86,374,306,600,138,438,475,321,552,97,841,520,176,591,351,984,882,922,242,794,75,808,493,475,713,142,857,824,576,106,650,745,729,218,291,289,149,352,466,648,7,745,413,806,254,913,202,695,194,743,117,239,466,747,919,839,547,129,899,960,775,153,792,96,22,492,709,374,640,681,801,68,894,909,75,23,619,560,444,848,218,172,150,282,114,857,5,484,814,887,949
643,620,191,373,823,198,240,188,111,106,658,407,885,280,288,362,522,10,340,989,544,998,512,557,916,906,762,346,197,354,606,110,798,438,176,393,135,176,472,196,567,305,326,269,744,454,568,527,416,197,773,298,340,681,45,298,298,311,134,939,713,93,129,841,928,991,111,841,379,386,95,618,169,938,814,411,699,702,495,81,179,849,655,459,409,729,726,116,971,603,805,518,338,587,360,769,264,349,38,946,972,794,251,583,155,351,328,448,317,237,638,74,303,70,392,125,692,306,168,561,747,370,856,366,745,368,143,434,426,181,421,716,694,289,137,524,519,331,432,212,410,433,63,634,534,348,233,583,392,756,626,793,730,597,497,772,413,612,241,914,367,558,965,452,449,237,153,604,271,971,67,56,0,81,58,792,938,754,679,585,51,150,319,240,310,335,125,371,125,467,696,263,102,25,808,494,43,103,269,876,938,651,854,831,323,579,796,442,556,226,826,750,574,285,730,487,717,418,74,355,842,306,706,809,790,306,503,900,442,383,123,19,244,90,272,413,28,910,315,296,775,715,423,879,860,804,290,433,848,61,710,594,420,269,719,184,44,620,620,653,426,105,13,198,836,925,194,530,773,704,732,5,814,6,339,548,296,969,515,121,61,914,976,476,911,242,450,448,578,155,415,878,663,778,323,431,270,866,765,442,651,344,50,751,758,657,318,307,696,209,853,742,212,853,975,265,593,214,496,151,98,899,331,729,187,774,310,312,63,365,239,797,71,318,490,201,177,939,438,970,346,782,334,327,124,440,439,931,720,811,17,387,991,989,268,506,177,813,953,994,244,854,968,851,398,912,753,409,508,671,874,552,653,764,189,763,170,773,550,604,567,16,747,267,166,486,248,688,645,688,175,260,628,902,684,131,702,557,144,80,434,706,868,959,424,348,61,18,855,729,236,203,463,456,803,452,374,531,975,247,694,75,585,481,189,904,890,691,775,439,367,324,395,281,900,692,492,984,822,378,203,996,964,774,526,994,179,93,106,483,961,732,562,439,214,51,211,513,55,859,895,289,256,526,51,432,862,153,84,358,270,988,548,437,671,778,208,858,901,221,174,127,682,19,546,801,268,750,52,631,82,654,843,886,585,989,520,273,549,716
562,334,751,782,618,231,177,469,90,689,340,70,562,317,78,189,279,701,883,612,985,641,664,168,89,126,828,779,304,519,206,474,670,270,739,836,305,528,410,226,289,51,880,893,432,142,538,83,690,596,459,991,84,34,842,263,347,969,144,961,917,966,513,125,198,228,427,367,494,28,801,258,521,312,303,295,521,74,906,228,808,848,159,365,529,559,949,571,888,579,215,669,798,598,909,837,834,280,267,20,915,686,528,750,832,104,444,313,354,225,182,349,931,662,353,46,748,447,490,709,327,272,236,206,32,142,522,291,88,161,645,836,728,367,451,61,320,484,507,18,859,600,285,150,951,359,418,652,530,254,701,210,767,670,709,778,776,893,143,314,623,432,535,120,907,858,598,681,627,567,167,895,35,980,231,309,186,997,647,176,965,103,271,333,383,6,910,123,596,552,979,515,115,750,769,363,63,868,338,671,895,494,539,146,113,88,392,780,712,623,190,954,748,401,904,944,978,919,938,175,960,495,636,73,876,637,924,221,879,965,266,704,819,170,61,367,410,728,947,680,540,588,847,826,763,974,752,717,86,503,945,28,380,583,505,112,380,730,55,597,743,844,508,167,72,99,368,10,358,910,824,737,668,677,301,868,411,911,906,282,581,714,698,232,242,227,544,708,162,903,915,659,626,523,879,459,298,656,383,861,452,906,83,587,154,797,220,874,359,384,561,765,493,872,515,521,981,660,150,72,113,885,541,149,383,947,404,247,454,189,80,429,729,293,829,61,583,681,304,440,374,127,708,487,22,519,558,34,428,767,57,880,677,910,825,429,457,269,834,931,822,368,918,90,208,383,284,320,167,864,892,525,836,85,850,715,520,608,243,119,659,867,20,882,991,907,246,429,984,730,38,670,307,350,513,850,20,380,578,390,585,219,151,949,43,112,982,859,746,303,489,729,11,570,944,491,189,538,615,435,381,343,644,308,921,651,223,895,783,714,441,779,752,882,910,963,387,19,103,571,782,306,731,72,913,743,830,615,726,349,446,522,667,269,765,785,364,610,734,209,725,247,236,228,913,910,678,941,416,961,328,367,962,186,921,942,386,868,112,742,190,904,897,847,411,161,150,338,82,869,630,960,805,86,777,373,840,670,152,433
13,610,897,443,467,771,682,652,328,675,621,504,98,266,108,477,277,564,575,649,248,989,415,203,413,463,249,22,463,697,84,723,153,288,25,147,529,316,261,262,464,370,18,270,252,280,940,413,811,350,17,951,785,619,226,243,853,354,188,352,445,581,57,211,950,886,429,259,325,682,820,128,82,835,975,940,553,991,41,287,717,910,976,756,107,58,578,795,53,39,177,847,497,231,666,79,949,391,9,573,102,445,14,911,538,485,426,551,12,560,257,648,581,469,139,171,940,522,116,706,133,125,310,41,781,3,990,606,223,506,178,235,366,917,192,921,482,804,349,666,358,166,301,807,921,982,878,700,973,258,682,362,212,724,57,441,81,998,421,644,161,669,405,136,22,582,423,244,655,154,901,728,472,15,328,143,921,531,872,824,982,645,27,719,130,970,516,340,267,947,756,70,517,162,190,177,50,631,360,423,224,809,71,298,493,839,626,355,545,298,917,359,317,385,105,478,491,892,907,965,15,438,279,607,716,927,317,31,500,634,757,863,460,590,491,687,851,959,849,644,524,427,754,601,859,15,222,919,187,133,798,994,945,771,199,867,542,771,216,552,444,15,933,393,412,998,366,37,216,992,618,182,654,708,654,187,363,393,683,20,42,745,461,781,518,762,879,388,818,170,241,840,732,155,762,981,97,122,420,700,303,340,934,727,2,727,813,793,856,848,762,834,18,798,254,643,295,624,429,978,906,411,666,577,471,429,217,128,224,734,146,610,143,523,936,43,691,170,916,305,829,68,497,178,570,849,810,628,548,887,771,209,559,663,151,657,25,536,402,985,768,841,158,608,245,684,98,755,843,915,419,318,21,267,930,774,339,724,994,118,500,623,600,195,372,953,34,934,64,812,679,843,510,49,728,336,204,671,332,875,798,762,670,101,916,296,525,718,503,613,367,510,99,184,7,390,878,865,343,746,415,313,981,65,852,429,923,949,867,511,425,590,569,315,871,460,530,930,726,785,671,692,940,237,273,997,577,838,108,924,837,233,981,249,43,630,521,266,667,598,564,704,930,337,131,652,476,322,320,666,698,482,265,557,546,250,232,453,250,135,872,997,865,989,758,79,514,99,334,124,348,828,934,699,779,677,642,44,743,222
340,131,457,5,446,94,570,358,486,899,930,243,950,152,509,241,867,384,682,622,820,198,333,585,500,708,218,884,482,293,219,942,711,14,302,859,485,799,882,28,387,681,202,764,121,468,8,115,146,514,755,728,398,244,435,862,876,264,419,211,947,515,42,882,489,962,681,575,394,938,598,516,23,464,434,744,143,838,445,256,389,208,419,993,124,891,411,619,819,693,305,491,658,654,526,741,395,442,775,572,802,781,431,942,572,952,633,942,682,415,588,756,682,92,82,460,510,676,89,657,950,166,222,564,408,94,441,699,816,393,188,480,362,745,104,669,600,79,217,893,763,547,407,661,502,52,432,226,313,525,118,749,49,770,689,553,593,746,378,657,714,830,807,446,468,948,762,723,369,961,149,898,285,56,161,794,636,920,325,106,775,609,33,327,84,219,719,816,972,510,412,237,477,844,518,161,949,543,392,261,292,383,68,663,525,266,988,512,785,50,191,689,756,569,648,297,729,566,644,422,87,584,93,228,56,823,361,328,156,76,1000,339,845,192,587,67,67,362,254,852,303,429,668,250,55,680,487,432,804,790,126,89,386,331,421,929,255,352,684,146,201,270,217,805,343,409,167,611,552,984,676,948,878,212,879,647,745,541,859,327,476,517,939,788,265,66,779,409,206,898,971,439,746,500,879,602,793,656,948,13,742,771,104,276,436,632,302,274,185,490,213,599,642,37,954,808,418,191,561,872,619,928,14,569,668,250,2,981,590,667,182,723,452,999,504,902,693,273,66,1,464,51,713,842,745,158,534,757,956,837,691,968,90,389,99,0,236,274,188,223,836,2,970,500,251,662,386,297,453,13,358,440,259,19,446,668,451,396,206,209,832,775,775,551,731,721,630,421,44,591,700,595,536,175,233,624,409,257,289,125,528,986,272,813,849,77,818,76,853,883,945,596,286,822,5,209,737,789,37,113,680,879,939,527,327,895,739,613,383,897,731,768,283,896,928,315,597,521,333,833,49,932,773,442,563,83,301,361,94,328,173,428,678,955,932,969,567,721,151,589,169,608,515,579,356,20,358,709,152,290,25,763,608,505,164,353,171,843,469,366,99,460,473,358,968,439,807,278,647,740,932,978,122,679,750,402,374,159,316,807
282,886,203,269,387,508,226,959,521,318,570,806,222,216,107,430,151,694,956,603,163,208,660,390,645,82,131,223,87,246,845,337,817,612,407,340,964,753,61,205,289,234,2,358,166,376,570,714,406,912,331,680,873,223,874,559,602,748,978,170,672,766,833,826,180,377,641,473,969,915,834,236,351,66,135,265,461,124,150,253,529,761,176,286,82,106,290,344,889,861,505,869,830,139,829,588,34,774,235,502,513,406,602,699,770,223,304,647,78,895,636,191,87,620,869,156,596,418,152,240,901,463,838,975,871,499,804,322,5,168,79,488,812,970,37,822,585,396,290,54,36,366,600,966,288,101,638,927,759,912,311,170,758,592,57,370,648,712,187,131,85,461,152,939,315,448,643,200,141,387,970,128,802,79,274,114,783,197,734,34,190,387,627,878,620,539,856,393,283,562,916,579,211,999,22,890,166,536,152,811,464,491,761,367,85,196,346,729,550,526,662,611,409,48,547,410,248,795,646,575,143,922,624,866,413,656,803,94,504,432,579,425,232,561,530,703,622,342,495,958,917,484,169,809,963,74,605,648,98,455,363,309,909,107,534,604,725,749,885,411,955,74,566,855,923,142,980,259,90,406,686,387,50,774,695,29,849,751,397,860,795,994,118,433,834,316,55,742,157,394,757,594,308,842,609,134,276,517,944,775,45,914,985,512,513,125,255,546,490,240,434,125,415,968,362,508,588,500,172,740,860,233,703,159,806,953,241,343,409,841,624,449,354,707,68,724,788,34,803,59,690,945,426,417,923,613,319,686,202,306,330,639,306,633,245,757,585,860,580,506,997,249,431,367,777,675,736,650,664,353,636,875,371,725,81,525,854,194,638,783,843,989,960,699,76,71,240,75,258,618,398,649,19,484,362,938,119,216,88,860,83,598,261,441,100,14,848,898,674,62,623,528,318,312,823,225,6,425,667,302,528,730,711,730,769,437,498,144,620,369,68,899,414,200,279,9,874,405,403,521,151,237,285,307,337,336,300,445,219,780,457,829,420,716,336,545,971,410,375,371,375,887,907,532,791,829,224,770,320,70,947,250,236,576,513,245,533,256,697,897,50,838,306,525,904,410,357,817,528,152,864,67,898,844,254,470,616,854,254,446
691,63,844,18,856,777,200,299,97,808,67,103,747,926,953,605,959,220,247,475,30,705,217,556,776,511,856,485,205,407,288,686,22,694,139,202,924,773,252,835,958,200,613,941,418,353,76,337,746,178,433,995,25,745,60,834,621,139,119,66,759,940,961,515,900,810,880,503,375,788,896,246,892,136,87,182,483,976,423,561,62,495,730,779,615,845,345,532,373,789,157,891,669,117,334,229,470,790,384,597,639,233,445,852,674,104,880,218,222,531,937,919,912,227,825,12,601,823,471,542,419,176,101,272,777,444,66,358,835,427,220,809,113,775,912,814,573,219,770,799,347,332,441,648,178,39,108,70,243,807,900,760,775,494,436,780,947,250,505,811,61,401,846,872,117,750,64,910,583,556,972,420,940,444,73,424,563,579,451,64,849,646,188,41,119,320,830,985,50,877,217,154,153,518,146,485,240,123,632,305,427,79,166,484,678,727,299,28,130,994,366,32,961,166,150,606,27,650,394,689,489,301,98,951,124,45,927,483,679,26,600,70,845,417,948,33,711,320,695,711,22,924,18,528,570,648,900,143,985,1000,950,94,597,97,640,335,267,8,511,646,224,808,27,970,768,958,95,601,669,955,638,681,972,875,46,424,558,485,182,720,385,389,938,511,954,532,401,745,681,311,776,795,474,81,124,686,103,777,684,282,231,449,123,770,465,407,802,351,117,644,3,280,767,32,649,73,264,372,742,106,647,790,401,16,960,420,900,880,442,864,811,796,890,399,755,821,457,489,289,70,5,62,210,825,678,27,741,870,9,871,529,809,150,612,78,81,51,515,106,117,449,249,948,353,637,496,745,116,209,410,283,760,715,873,347,350,500,776,45,953,927,52,132,887,671,977,703,969,638,191,660,167,887,628,597,453,788,763,876,232,389,806,703,51,805,132,940,841,258,381,444,696,921,729,172,137,988,737,644,671,510,304,696,395,50,789,132,901,111,858,541,0,836,796,480,355,892,291,518,864,844,14,733,191,679,919,700,607,136,78,7,89,826,872,702,222,826,254,585,409,663,820,655,526,528,969,232,340,489,943,376,305,52,318,297,590,899,422,165,416,210,75,347,601,563,253,229,273,952,230,209,671,475,932,643,491,679,731,781,164
622,293,6,20,893,517,816,845,714,793,430,45,96,812,57,206,959,50,133,284,605,905,909,819,164,985,804,765,347,634,426,993,399,411,677,416,782,521,761,881,83,880,485,893,560,62,307,707,119,21,62,657,492,284,689,245,663,564,88,803,367,213,574,358,961,437,24,807,819,179,392,379,921,574,797,939,494,357,788,410,297,219,338,739,720,940,568,243,49,725,259,580,36,728,334,239,491,108,45,497,892,149,314,227,952,874,774,171,209,301,283,644,682,21,976,389,249,364,134,588,339,974,881,106,986,700,522,753,524,994,506,349,256,240,991,687,256,74,912,117,153,949,317,275,168,841,603,426,552,361,12,601,600,538,536,954,419,484,976,61,638,493,64,429,805,873,828,404,29,640,819,425,379,37,915,829,413,295,814,704,367,77,135,722,452,949,807,474,25,515,292,530,782,106,931,699,666,876,548,753,244,130,64,760,572,391,266,529,202,119,599,813,5,447,233,915,627,331,258,423,252,49,469,602,125,420,899,854,991,445,403,57,542,681,328,114,206,855,857,754,975,651,964,439,884,695,419,368,996,163,322,886,115,546,855,205,407,604,245,285,647,859,581,731,11,226,926,556,586,778,851,285,547,105,456,14,499,957,246,194,415,514,462,800,736,862,144,69,319,88,985,763,995,177,89,425,701,245,262,34,423,13,337,693,119,249,792,205,115,914,729,842,932,349,987,351,468,810,526,100,366,90,475,607,528,193,668,808,815,129,870,729,587,624,309,392,942,955,949,652,481,922,664,394,191,878,474,523,675,61,711,837,786,803,364,812,412,524,557,602,997,76,182,299,458,156,2,376,673,536,380,948,583,225,403,629,178,238,986,269,571,699,885,881,966,400,295,885,547,695,354,884,725,658,544,670,36,298,818,410,802,248,434,967,956,416,301,621,482,568,83,381,847,614,989,148,717,189,855,736,693,396,45,337,824,609,308,57,92,78,653,849,496,546,35,868,856,535,202,84,81,539,904,875,156,435,469,414,559,153,952,60,138,140,376,845,389,153,69,530,855,884,176,471,960,993,863,493,887,829,519,507,25,842,998,646,893,95,482,63,919,15,838,340,783,474,596,662,665,651,281,929,680,418,373,355,763,796,574,968
812,262,206,636,386,645,941,797,124,567,379,593,712,547,402,934,854,673,345,477,875,738,26,514,47,713,795,200,658,564,76,488,898,203,817,186,920,338,202,215,996,879,286,518,329,539,721,686,726,366,128,882,914,950,837,670,319,748,734,699,212,658,807,74,820,931,801,926,158,329,352,713,79,102,27,288,146,620,573,845,327,187,1000,7,726,38,752,699,886,469,210,594,989,615,136,501,319,904,28,232,513,226,792,854,715,342,609,938,570,370,571,748,90,994,999,494,778,614,469,729,514,767,209,24,927,710,824,660,375,235,980,934,568,898,875,789,714,326,61,668,563,698,843,509,3,901,628,665,820,816,910,195,973,956,481,524,125,898,104,567,888,782,801,477,803,280,824,390,843,255,952,33,862,702,847,826,541,154,674,138,622,483,123,519,949,207,153,875,222,925,566,504,918,489,357,286,823,778,935,607,463,988,931,77,486,383,676,674,394,848,739,227,820,263,480,993,190,510,900,793,346,582,305,595,792,582,798,830,442,902,426,658,79,783,315,919,72,567,58,27,452,273,279,794,227,537,857,198,53,741,853,361,548,549,378,916,82,139,972,321,958,190,301,587,101,50,891,654,167,979,886,26,407,138,663,24,24,91,834,369,802,559,456,608,1,787,672,90,638,403,728,862,248,947,529,472,706,568,919,254,734,523,898,605,679,628,0,299,755,378,138,726,953,428,358,560,182,369,344,787,115,494,882,277,341,451,437,54,566,986,42,97,485,9,14,436,600,594,532,768,918,682,239,679,615,984,357,769,211,223,240,89,70,413,933,430,723,398,923,532,693,655,271,913,22,890,362,404,23,869,620,454,15,754,902,367,348,506,522,14,993,573,604,215,414,53,107,538,596,385,110,747,996,758,550,86,503,438,626,153,102,229,655,659,289,19,954,965,114,873,408,755,700,590,192,832,867,896,423,80,237,229,329,780,336,699,833,383,889,395,347,573,276,701,63,612,432,72,589,100,327,64,316,767,718,508,897,315,671,699,859,284,23,610,894,873,77,546,543,490,532,982,861,923,380,125,905,922,895,629,834,649,363,599,956,106,79,702,226,771,509,988,607,640,656,805,565,441,718,872,97,79,106,371,940,713,29,503,502,344
724,693,237,373,909,423,311,87,354,715,454,838,422,659,951,145,269,170,260,210,839,136,149,456,727,491,598,515,329,450,921,587,612,714,283,676,506,157,541,303,948,192,896,0,858,402,889,84,486,100,485,747,935,1000,532,840,927,983,220,340,237,794,993,944,889,790,717,886,501,378,349,453,120,239,634,316,936,624,726,107,41,394,839,509,51,324,847,657,846,991,94,590,36,821,770,333,428,832,978,203,264,444,827,963,926,195,501,681,185,53,855,319,897,513,922,490,612,727,115,493,239,160,459,591,976,394,757,671,645,468,231,838,775,636,50,308,597,14,61,599,66,884,135,973,830,803,623,591,241,530,235,455,558,576,591,710,193,351,665,93,859,497,395,589,592,252,982,8,311,62,181,458,10,854,862,480,316,360,246,127,548,569,914,457,39,578,6,98,517,819,380,817,562,564,721,315,770,133,338,75,666,210,144,217,617,144,980,797,64,711,916,971,623,483,983,521,657,172,116,336,963,100,999,637,657,197,534,709,336,266,339,447,564,573,961,223,505,410,612,197,22,585,906,110,92,675,911,916,669,906,405,988,305,857,904,301,750,918,571,224,500,639,685,110,362,745,997,850,519,866,223,482,969,775,713,76,372,198,801,52,75,263,627,352,886,89,4,942,690,34,703,906,187,536,9,68,546,737,166,954,629,892,922,456,555,643,801,6,109,135,328,165,367,427,232,546,707,911,944,636,243,256,340,529,715,706,215,357,455,633,731,147,114,869,487,722,714,794,613,55,811,648,420,644,272,531,223,380,874,612,827,43,42,913,322,542,349,200,285,98,155,108,346,653,468,668,667,309,941,867,136,792,445,795,460,72,35,330,373,552,578,351,520,238,511,988,977,689,530,87,72,176,686,759,305,821,622,728,33,497,956,775,235,675,736,670,624,388,912,24,912,7,533,42,323,561,437,735,852,470,267,348,14,752,139,591,742,412,682,609,227,774,192,905,52,767,303,771,70,488,1,252,976,180,329,276,531,890,81,941,19,585,801,451,892,563,721,143,876,793,443,358,793,643,188,700,490,891,954,243,87,730,156,399,455,319,388,674,641,203,115,697,209,295,918,69,188,345,456,800,118,505,185,259,499,771,417,129,480,704
830,301,983,833,413,159,884,942,691,454,204,162,997,469,646,277,635,554,385,931,17,686,2,373,45,392,902,867,681,760,513,662,726,534,648,876,384,577,465,821,78,605,330,179,729,559,592,749,430,270,146,608,756,392,741,291,687,234,233,457,676,364,603,698,781,4,151,816,738,400,129,397,970,764,7,400,607,767,152,905,122,313,585,109,243,130,27,599,421,643,457,656,275,279,346,305,9,990,364,373,747,281,605,346,586,116,239,438,877,352,269,8,790,834,222,538,748,44,293,424,116,149,327,826,32,835,353,329,978,259,482,841,18,435,610,398,512,237,6,592,642,321,783,459,923,696,424,968,488,463,983,324,70,400,594,51,877,594,955,605,995,644,650,469,316,614,98,670,824,514,770,874,476,167,785,165,517,463,391,700,979,888,530,330,83,348,198,420,691,183,808,521,600,589,451,183,460,800,110,347,370,625,280,84,446,31,3,142,775,256,24,841,740,113,193,473,105,221,425,354,603,573,45,637,413,578,879,872,840,533,652,203,535,791,62,245,832,271,73,121,248,163,234,123,679,730,636,68,970,212,657,694,261,259,177,958,655,854,487,934,991,76,421,550,255,220,323,368,943,585,610,497,892,378,84,895,409,723,826,98,98,429,611,466,767,919,631,515,207,211,47,569,49,798,7,900,377,35,111,442,719,217,153,393,746,483,21,749,969,248,680,66,235,922,251,459,666,739,124,537,55,280,979,312,220,846,22,145,343,742,202,883,497,541,344,491,988,204,948,450,172,75,639,877,111,394,246,21,790,944,118,802,165,112,29,470,932,137,193,796,239,74,299,579,298,573,685,765,203,613,592,841,309,986,167,203,616,850,53,478,769,849,523,278,845,998,108,586,373,711,198,169,651,124,776,933,420,498,46,94,107,304,210,731,935,292,945,579,808,744,957,338,968,919,654,679,204,948,466,580,875,279,718,19,693,135,120,621,805,127,318,683,9,365,862,443,97,198,476,568,162,348,20,492,257,495,180,684,761,555,125,37,735,159,958,792,739,907,310,900,213,420,184,779,114,176,420,101,845,99,842,760,725,731,497,892,392,663,381,747,533,252,406,780,857,757,83,401,826,355,19,297,429,91,338,936,211,799,423,13
351,181,94,606,395,766,68,938,822,456,515,199,377,660,50,863,613,395,915,382,875,438,143,384,653,958,63,314,872,431,282,785,208,861,772,817,698,811,23,736,657,553,949,617,133,609,343,320,87,478,674,334,414,615,456,784,664,544,472,747,931,41,493,431,38,742,308,908,450,614,410,69,721,906,846,297,757,762,263,52,951,566,710,988,251,568,321,424,938,65,349,809,691,821,945,859,648,495,550,542,722,728,306,998,287,515,189,709,718,440,509,961,771,833,113,10,362,446,359,944,922,259,499,829,83,637,785,111,300,85,997,104,495,435,477,471,417,449,316,877,616,169,877,304,558,141,182,817,33,251,481,571,643,442,198,246,392,809,47,70,4,94,200,153,696,496,40,658,72,803,379,211,90,857,147,347,644,24,899,842,89,371,509,165,383,795,440,512,212,124,951,531,364,48,338,262,537,421,338,736,20,802,116,348,895,382,741,898,577,420,346,778,649,535,824,527,16,586,261,270,507,93,860,743,865,81,677,368,450,499,302,580,629,410,81,453,234,955,586,740,88,263,224,465,90,856,528,311,498,482,575,185,993,582,237,367,439,801,684,16,24,297,434,280,689,792,685,873,181,370,332,396,487,824,706,715,664,31,582,347,486,976,490,215,306,952,296,562,677,163,561,608,903,778,17,669,989,688,350,139,604,837,307,160,44,346,921,337,571,294,174,144,359,705,734,888,882,829,724,395,460,734,881,334,709,46,981,434,521,452,384,874,785,59,36,332,573,528,650,432,648,38,986,474,561,275,984,196,257,175,493,295,99,82,295,183,272,710,930,328,254,596,803,112,220,747,184,234,276,175,921,623,556,550,537,796,11,778,532,651,543,228,267,207,2,151,548,267,640,355,478,53,873,52,664,25,288,240,318,619,788,723,851,316,142,749,948,808,84,23,347,155,672,202,426,576,408,816,307,169,464,805,955,21,196,988,581,607,195,448,583,838,907,760,467,334,797,297,719,947,87,104,7,676,761,38,54,116,108,96,771,599,916,830,186,813,941,534,568,74,237,730,621,792,540,916,305,998,918,583,623,135,631,506,93,586,930,747,278,368,259,156,452,238,731,384,725,393,791,169,297,345,912,250,944,556,845,919,561,661
689,877,264,864,590,169,309,352,186,841,892,869,695,402,342,658,808,118,172,901,956,739,717,679,529,896,100,39,710,574,855,976,440,683,508,563,14,570,906,580,370,939,908,915,207,400,294,534,852,601,593,610,426,504,349,267,111,160,854,429,498,533,171,423,16,341,865,806,329,485,246,68,991,776,242,66,292,948,973,261,638,646,857,493,327,379,286,498,769,650,994,591,236,336,922,491,814,978,405,840,916,559,907,631,600,51,925,663,706,26,247,281,984,728,0,576,657,675,558,157,754,785,355,998,696,436,71,260,96,412,657,131,187,475,272,633,161,143,228,641,963,107,875,35,764,99,102,59,876,311,607,152,153,646,286,470,270,494,412,865,866,605,120,859,702,773,914,512,221,758,76,877,163,928,103,203,82,739,77,679,416,863,243,405,583,155,922,863,491,570,684,862,64,303,931,509,731,659,749,111,198,321,979,770,493,119,556,258,622,462,337,538,30,28,771,49,774,490,705,80,768,420,238,691,987,732,575,683,958,639,934,775,295,832,873,221,977,597,862,627,587,423,579,32,959,662,120,256,464,780,570,474,373,559,419,963,892,992,299,416,509,133,497,626,823,627,21,342,943,413,319,829,438,452,761,203,814,225,313,613,363,185,817,269,612,835,902,263,854,543,778,720,495,897,677,446,565,134,160,52,345,379,910,170,55,187,161,85,301,170,673,130,529,863,353,51,619,910,862,50,402,287,352,40,555,326,893,512,990,516,523,65,993,640,787,44,412,562,56,543,313,192,555,299,182,737,290,407,702,623,970,12,567,627,146,70,973,994,542,230,651,50,653,504,254,930,270,410,178,570,59,660,116,376,896,930,88,496,725,214,749,385,774,90,999,874,150,817,244,780,944,190,480,355,602,59,186,394,992,807,222,28,288,922,65,191,719,916,283,34,354,765,727,972,184,623,685,746,11,471,728,46,413,314,138,290,356,532,945,671,64,217,492,81,316,729,619,337,90,125,962,63,254,660,800,210,62,33,156,804,281,27,227,639,249,407,129,850,171,752,586,617,308,612,550,672,820,600,744,339,569,624,210,50,761,226,593,729,682,597,892,910,229,31,194,228,958,660,14,410,180,682,160,527,799,444,4,932,212,756
232,613,570,362,598,652,682,711,371,164,967,405,451,398,101,616,104,174,655,626,319,514,756,529,855,78,232,306,657,61,82,234,576,12,625,938,349,383,246,404,402,186,202,702,60,777,86,863,685,659,237,74,677,119,892,418,200,66,927,555,320,811,99,1000,221,299,62,82,419,794,308,135,358,412,285,269,199,620,308,213,178,100,70,631,585,776,810,423,822,901,885,37,773,37,757,729,747,825,29,628,233,165,361,799,93,800,412,836,627,82,354,906,74,939,711,336,284,478,879,210,19,92,793,78,954,815,83,289,956,724,982,402,38,193,746,453,188,520,741,211,126,357,86,637,88,262,852,923,865,992,469,406,62,301,107,643,210,981,89,458,890,218,800,8,205,601,799,199,324,522,564,305,43,123,830,71,451,125,291,385,258,658,69,871,668,77,401,261,867,317,745,930,579,125,526,92,483,824,414,472,828,843,110,29,939,250,941,458,761,963,954,165,283,447,977,297,752,968,901,770,782,505,174,292,435,33,641,149,115,933,637,272,479,497,271,319,528,269,359,756,249,755,575,398,867,447,449,456,112,131,573,791,864,904,679,175,585,486,411,103,35,977,700,42,663,1,489,267,372,670,572,905,205,811,958,643,463,681,109,242,612,599,159,907,443,392,33,446,250,621,791,153,577,163,323,528,576,703,711,707,112,320,152,522,24,431,323,859,508,915,911,288,229,395,387,351,26,203,335,38,315,716,816,348,975,781,621,393,878,564,912,331,261,565,823,678,809,993,301,690,789,215,391,103,548,665,997,479,617,832,926,318,308,899,325,274,389,681,679,140,357,531,167,478,554,797,700,991,174,833,126,227,364,520,666,552,120,305,995,687,248,960,394,239,746,675,206,645,698,624,760,169,326,933,657,219,764,841,327,756,472,48,632,625,900,800,250,992,147,640,456,779,487,273,844,561,751,419,746,418,369,198,279,140,137,60,884,219,59,886,118,88,14,411,10,690,944,838,40,527,516,389,535,161,921,640,950,49,24,229,316,417,759,422,111,654,120,50,540,448,592,439,533,58,946,106,399,962,365,986,555,875,589,469,757,802,327,44,423,227,949,497,202,208,299,698,485,444,510,620,98,303,158,815,868,674,743,228,388,395
841,389,553,264,86,219,200,474,167,71,141,853,479,369,967,188,32,267,909,203,452,407,713,330,373,879,457,79,348,979,269,542,857,717,808,966,405,585,455,195,299,231,728,338,796,262,956,766,566,163,915,171,704,924,882,340,53,56,253,232,606,141,895,202,908,480,130,192,554,726,849,391,992,963,491,480,783,499,190,639,255,690,370,223,554,658,598,796,36,241,23,413,156,130,935,790,297,970,148,258,687,622,999,719,295,92,2,435,118,650,221,933,741,476,39,384,604,22,474,358,226,26,512,279,938,769,471,468,651,899,426,90,951,522,373,616,510,65,715,83,665,511,300,724,744,900,10,484,840,610,827,508,629,635,14,690,159,348,78,295,44,502,44,227,387,121,620,257,578,329,900,640,104,989,39,80,134,946,205,262,674,117,959,232,972,820,746,852,815,869,559,173,734,671,826,265,588,658,920,883,385,233,759,306,216,747,508,671,694,357,89,201,623,852,886,536,47,925,757,995,818,891,31,922,544,977,984,689,23,405,812,245,313,596,240,948,101,112,540,823,648,333,313,578,952,264,202,37,148,0,618,368,50,181,252,468,760,640,402,903,387,408,341,224,595,459,619,592,181,208,245,218,726,198,291,149,267,739,831,610,809,18,609,37,517,950,984,183,283,749,207,110,803,568,438,797,863,244,715,717,563,877,332,831,153,598,348,996,501,938,735,685,585,241,469,69,230,387,971,793,900,525,616,966,767,219,389,765,37,786,759,773,957,537,412,97,149,201,760,869,361,640,430,950,514,178,40,41,43,890,68,744,81,811,784,983,887,518,619,975,937,529,417,264,385,130,358,490,20,116,306,899,577,123,640,291,806,824,539,83,64,192,781,474,11,420,721,707,264,298,970,15,541,471,366,186,956,596,385,280,289,50,635,713,196,607,398,179,801,242,621,948,903,190,617,935,988,645,977,788,466,727,149,168,319,752,463,122,532,320,20,340,760,308,187,894,47,810,989,847,859,259,349,397,501,667,50,693,60,448,478,683,252,440,412,263,439,441,207,63,329,944,915,859,435,690,188,540,335,136,182,156,691,423,783,772,742,249,205,341,87,495,933,404,515,66,663,630,726,219,419,793,529,134,778,763,167,332,991,473
764,515,68,403,668,238,377,372,486,441,326,0,99,360,387,195,488,967,506,769,283,495,677,856,79,804,514,764,128,680,373,825,67,478,794,768,65,516,113,842,178,36,772,320,847,375,716,579,127,915,146,128,901,774,58,254,152,901,623,283,298,59,379,705,316,537,617,20,540,359,665,261,308,478,167,810,752,29,522,891,695,106,340,758,539,118,706,396,867,991,527,298,399,831,382,804,757,823,711,992,831,412,421,263,668,926,444,217,569,644,842,375,156,786,835,616,146,47,472,921,619,748,548,120,518,727,892,162,652,358,368,767,437,0,949,952,151,799,983,784,800,739,144,775,557,935,709,581,124,263,279,645,724,892,478,569,226,752,261,395,661,309,992,813,20,298,871,739,962,467,44,156,417,257,177,135,576,595,997,980,879,838,894,489,135,357,594,862,423,779,880,713,69,172,248,100,46,726,410,850,927,318,774,93,565,842,876,346,164,768,558,189,216,241,684,451,388,849,931,188,514,169,67,607,543,750,686,972,702,410,319,11,191,795,474,1,76,590,593,145,752,613,218,639,867,183,722,381,964,949,42,901,4,98,237,233,741,141,857,786,318,569,315,132,945,30,266,621,566,321,865,626,25,866,533,972,128,196,747,914,991,658,18,745,380,798,581,242,769,43,393,0,98,509,630,790,276,937,83,275,619,545,595,959,285,274,251,527,798,880,987,534,441,238,239,256,614,44,631,469,385,175,584,230,326,578,447,865,920,571,66,582,380,810,114,569,86,242,29,358,416,394,208,931,535,479,710,793,634,547,7,905,199,604,275,747,299,374,327,367,431,33,204,511,432,35,532,671,991,361,403,16,325,314,576,268,595,582,545,700,271,723,162,521,104,289,360,793,753,456,658,658,968,824,676,350,956,667,369,638,140,904,186,580,74,603,563,634,159,598,249,884,344,816,313,593,729,482,917,158,843,47,957,864,143,224,787,943,863,645,776,380,593,695,618,43,760,497,815,427,393,135,338,360,219,850,489,199,493,497,274,383,651,319,102,643,723,572,869,191,664,608,157,433,54,250,51,483,767,888,57,756,745,679,537,799,340,656,284,155,478,774,404,653,765,288,519,902,385,673,642,700,147,535,369,205,1000,693,104,162
454,562,757,667,674,828,755,780,698,403,869,59,380,323,258,555,451,781,181,330,217,548,717,447,174,575,836,401,731,372,356,43,233,704,39,991,529,591,150,45,410,372,433,158,405,189,259,153,765,330,668,178,610,389,138,318,413,202,684,56,957,286,262,741,656,165,498,333,18,700,465,782,690,360,534,275,680,317,728,688,269,70,623,840,964,146,449,557,387,116,433,974,970,846,581,669,151,377,446,39,574,149,34,158,346,159,820,988,370,330,220,850,323,521,992,736,517,18,896,846,127,517,778,54,530,446,201,790,34,311,394,439,640,282,122,245,387,752,115,371,6,305,632,896,702,872,466,478,206,619,44,25,856,896,11,268,544,256,533,879,469,656,442,252,602,529,71,703,951,730,164,383,497,848,68,758,837,204,68,17,781,646,446,635,965,651,901,302,365,903,133,147,846,11,162,742,608,672,723,832,535,726,605,908,522,637,927,645,936,966,507,590,720,306,717,991,979,909,604,321,923,389,339,297,921,288,255,637,243,352,69,248,221,992,131,911,756,542,815,3,946,878,526,319,114,383,300,826,766,86,73,226,694,517,654,498,558,915,592,34,230,966,337,872,806,529,470,374,304,429,990,882,524,292,396,398,864,720,729,110,48,824,284,890,24,728,167,817,713,723,144,462,877,304,367,271,862,257,533,628,441,435,794,240,420,87,56,588,478,357,500,477,314,121,346,366,314,981,542,768,685,772,611,270,835,717,273,518,948,591,63,53,747,370,459,598,923,572,994,372,372,767,478,182,509,424,293,854,927,114,959,370,935,576,477,367,946,907,652,948,203,465,789,264,894,500,693,124,652,529,99,530,311,318,48,414,866,283,836,97,781,568,385,58,86,91,308,150,745,80,703,722,980,301,888,396,819,580,731,890,531,898,46,531,481,762,829,679,809,21,864,743,534,503,537,707,410,950,950,855,823,289,719,834,408,822,482,773,677,831,222,130,46,384,99,841,617,180,821,770,638,971,830,867,927,275,157,721,353,22,332,222,876,4,539,127,60,561,689,376,645,9,122,120,622,209,992,78,868,435,442,418,987,31,570,57,808,997,740,974,540,727,973,856,714,559,332,290,640,135,377,859,339,715,19,594,480,129,965,139
250,961,81,185,439,56,456,597,650,670,860,475,500,340,428,588,431,84,657,800,365,337,872,555,677,767,297,321,885,420,878,593,544,841,4,499,48,214,330,249,584,244,998,654,936,954,20,987,690,689,338,61,55,90,603,771,347,902,712,258,549,751,64,923,414,634,525,661,396,717,680,187,437,113,103,883,612,492,793,602,128,391,131,71,83,471,933,661,111,9,857,292,941,155,181,190,95,856,447,409,988,315,822,420,932,314,198,861,297,270,659,444,766,906,169,520,900,29,633,17,200,761,782,855,897,163,144,994,789,954,990,486,320,871,481,939,118,312,345,747,329,546,866,7,776,127,966,753,73,415,218,912,676,324,802,169,568,13,947,253,361,903,183,785,409,917,363,544,108,225,208,365,179,668,661,96,100,545,427,493,835,559,470,37,588,497,972,904,861,595,294,250,287,442,54,315,904,789,700,45,312,489,598,412,436,673,893,308,365,365,790,504,472,932,184,913,473,502,213,805,310,52,379,335,680,367,843,637,116,227,677,525,729,52,148,397,243,126,454,591,965,538,143,154,841,602,168,699,506,819,620,211,499,14,429,682,674,247,98,652,238,597,457,358,243,394,997,566,399,181,396,661,104,182,673,22,205,405,72,482,662,552,70,622,722,361,780,455,350,363,8,998,449,299,987,794,813,279,358,1000,234,663,396,729,348,2,689,408,812,951,343,516,430,320,116,26,604,45,654,805,684,464,564,2,879,177,442,23,684,267,135,405,744,93,318,352,616,649,428,155,992,856,338,905,589,23,522,284,888,913,552,926,265,116,537,300,543,16,72,923,122,888,370,158,656,486,93,395,51,480,339,965,848,985,240,9,820,575,573,245,970,100,696,388,848,889,876,821,214,550,281,28,685,622,356,688,538,182,979,24,249,252,198,847,790,338,389,579,335,246,356,540,310,404,554,733,265,568,464,347,927,591,94,921,437,209,891,127,763,263,764,396,726,97,53,234,411,874,357,541,884,633,778,627,322,523,201,165,302,199,153,401,764,45,687,265,800,203,281,355,485,975,566,989,334,44,215,880,663,240,103,869,281,664,990,87,73,479,988,229,972,856,136,159,736,169,208,883,109,710,17,383,989,872,188,941,384,210,778,764
81,293,233,877,138,328,362,901,648,962,675,230,377,466,137,952,386,591,504,324,783,541,985,919,735,870,824,57,253,854,157,548,822,88,533,818,218,124,125,370,810,999,553,633,812,782,805,820,203,625,936,683,616,91,669,162,66,833,12,987,139,212,757,49,170,321,888,916,394,84,307,674,604,275,868,316,932,386,242,505,500,465,678,735,899,590,642,513,30,765,512,35,275,490,844,903,501,846,69,793,323,692,649,720,91,583,11,639,568,404,551,185,675,24,218,336,3,895,229,759,222,499,412,642,700,921,693,656,420,585,909,570,556,634,706,653,299,553,692,205,583,315,499,72,49,382,715,343,545,325,183,184,203,85,312,865,90,559,20,664,114,294,984,294,434,180,359,65,470,48,745,597,744,456,564,829,289,646,77,75,199,838,56,553,277,963,675,403,451,500,944,320,449,442,736,400,823,797,795,219,270,792,24,60,267,316,934,768,725,150,491,70,61,163,396,176,46,956,878,549,444,605,939,589,116,17,595,305,352,922,119,980,26,808,159,64,522,237,108,457,124,627,509,607,526,608,772,130,340,882,336,679,62,233,15,578,347,55,958,646,412,419,0,885,585,230,289,205,259,337,383,371,72,314,216,403,12,142,959,930,162,350,627,539,253,692,564,200,708,515,498,572,488,974,189,550,257,301,495,959,574,928,54,837,537,42,740,694,151,81,28,217,642,226,36,776,406,613,319,730,867,665,333,737,740,297,739,499,368,206,445,728,241,410,469,131,209,338,577,468,856,966,613,122,635,250,180,617,410,824,507,574,749,76,626,108,800,485,727,240,838,908,864,364,157,728,52,385,147,834,176,237,663,294,936,478,525,965,77,759,789,673,835,742,982,923,64,4,677,367,802,42,202,274,982,90,924,558,77,768,173,82,441,958,745,962,220,18,570,262,725,378,32,775,958,290,62,419,987,695,759,548,848,303,669,739,867,239,279,934,646,362,336,835,946,30,215,412,744,852,348,659,148,155,707,802,682,326,627,271,455,38,252,40,539,774,878,427,502,288,575,348,658,467,498,326,373,401,281,398,154,4,883,622,553,20,98,817,471,700,456,338,763,582,10,620,406,693,606,683,4,367,447,510,996,260,463,519,759,952
118,874,877,171,660,787,924,747,118,429,264,417,358,791,288,257,996,914,33,667,761,538,22,28,739,473,49,107,193,498,680,573,372,987,336,315,684,392,232,379,559,795,636,515,365,753,828,494,729,914,449,487,389,40,76,508,241,293,478,670,214,833,397,977,308,971,46,87,483,523,626,435,454,342,803,883,342,729,118,944,777,299,119,172,74,132,965,445,653,259,288,539,303,763,563,591,103,252,563,356,667,632,442,814,435,24,820,397,854,214,967,151,63,504,513,606,707,375,994,34,394,606,855,595,951,989,238,577,601,87,867,806,421,357,53,351,295,175,683,549,467,222,425,403,430,609,4,945,821,986,600,147,390,251,633,971,94,574,179,989,715,492,997,296,684,353,673,12,674,418,965,476,960,318,729,486,319,880,606,319,577,518,898,127,943,38,515,326,679,205,418,763,643,262,848,681,819,166,856,527,737,159,45,92,775,649,609,409,450,633,23,551,475,657,803,521,835,784,159,322,983,967,754,817,845,215,397,503,80,395,988,530,320,980,357,663,241,194,198,87,913,85,395,252,737,180,381,409,842,169,175,337,529,703,9,363,707,37,746,823,260,918,290,170,780,382,210,667,804,218,906,380,516,886,561,996,683,560,257,129,904,670,638,731,381,906,976,418,870,366,382,802,638,80,362,566,166,249,263,824,544,734,832,288,368,24,996,341,267,299,675,214,304,431,565,597,467,426,177,124,36,528,266,704,100,999,411,716,428,129,523,169,399,916,183,401,97,255,244,515,772,42,926,660,682,563,523,658,745,849,953,935,379,630,417,990,896,619,186,130,821,527,619,777,155,198,288,720,861,504,939,503,818,46,226,835,2,689,151,373,563,303,105,186,41,548,965,284,923,547,278,90,809,276,774,557,877,234,908,636,466,980,544,831,193,381,381,82,342,567,922,260,818,672,292,163,42,434,534,653,39,429,927,214,209,682,605,391,707,9,427,416,679,273,340,612,390,126,949,29,112,224,866,698,917,499,764,667,83,444,65,247,9,270,455,940,723,948,397,653,77,42,388,251,25,823,161,522,650,339,926,399,570,37,167,821,666,722,506,862,343,119,828,961,206,480,162,681,998,401,173,920,883,70,158,579,551,337,821,56
482,970,956,168,509,971,32,441,755,908,462,967,260,489,363,560,685,789,934,664,969,797,444,189,954,396,295,692,819,24,553,785,749,28,670,705,310,381,60,556,594,794,453,883,387,804,728,315,123,677,212,962,484,63,912,386,992,566,130,65,293,296,518,84,777,532,411,186,631,574,830,885,10,511,215,131,608,211,843,772,376,225,886,383,206,390,232,923,201,144,151,792,653,325,44,784,132,770,613,133,96,348,282,570,643,23,442,309,192,566,989,778,159,416,312,170,638,756,845,906,142,50,775,742,639,674,598,560,251,667,315,120,667,222,659,11,411,655,587,273,342,925,718,117,478,797,658,442,202,341,160,905,292,375,309,827,80,583,170,632,184,476,229,883,960,739,355,671,733,91,522,419,962,54,546,673,704,761,309,673,148,535,638,62,54,988,917,792,995,918,995,457,7,50,494,785,149,293,773,511,182,426,342,92,481,309,671,163,536,772,820,229,748,512,581,354,842,337,428,453,105,915,783,437,82,359,575,135,762,965,785,387,0,395,481,61,268,698,994,743,591,691,347,669,28,833,86,22,85,976,35,446,459,467,192,457,860,200,123,368,261,97,7,487,968,281,804,197,854,200,115,179,857,610,624,859,491,235,622,859,70,811,96,250,925,534,724,257,500,332,858,511,721,11,340,629,839,351,285,237,42,396,269,263,805,811,288,640,791,787,571,285,200,974,120,485,38,258,352,834,127,224,450,207,339,784,876,945,647,206,346,202,711,368,980,807,935,689,148,82,741,907,955,696,263,794,666,163,248,430,757,710,477,925,218,233,927,704,821,263,221,562,407,501,10,715,595,740,683,807,217,908,27,336,794,458,971,184,573,868,541,420,336,79,623,185,115,240,802,840,312,270,329,515,741,414,572,16,832,887,645,627,307,641,626,378,297,193,528,390,857,941,327,549,660,421,606,308,41,911,834,24,115,984,607,25,445,388,308,615,777,102,695,335,413,428,483,565,191,32,671,18,159,127,802,471,973,704,421,571,373,547,299,642,367,715,813,999,739,994,296,198,183,798,696,790,565,786,795,361,61,77,476,448,981,34,693,197,241,312,14,335,908,99,448,325,208,634,461,875,339,307,253,947,293,135,608,518,188,732
737,629,536,945,622,92,465,723,925,832,481,378,449,199,934,719,650,773,530,487,819,974,960,269,83,900,883,310,459,393,279,252,262,69,126,770,317,454,634,302,149,886,812,923,84,378,975,442,999,492,33,622,100,988,680,519,661,353,206,995,494,383,721,925,456,896,518,541,965,899,848,268,107,1000,24,326,216,870,121,44,457,664,310,583,545,443,953,341,538,95,641,506,826,767,75,377,88,746,86,419,805,937,198,846,855,753,686,840,821,950,714,3,363,947,686,630,371,320,155,727,32,978,146,723,622,710,26,643,966,735,836,386,203,744,363,799,223,424,257,436,234,304,503,622,188,595,763,67,210,232,6,949,987,707,796,540,652,335,802,156,339,654,811,993,364,133,407,203,956,492,492,280,777,405,151,720,279,192,389,181,831,231,782,263,408,98,675,167,722,510,509,666,758,456,608,340,605,480,812,701,868,278,371,489,925,478,47,18,672,411,546,818,174,964,238,984,782,672,707,731,416,287,604,439,688,465,903,183,596,556,551,282,90,299,841,912,494,379,620,37,237,395,24,117,268,490,233,592,445,144,537,716,142,767,283,957,180,809,603,460,208,410,32,153,598,178,847,88,252,875,834,126,203,602,1000,710,780,509,398,723,212,706,985,683,369,660,124,72,332,497,651,7,671,778,48,455,792,981,572,392,536,76,488,513,572,62,980,68,760,471,822,484,12,266,878,782,742,602,340,282,85,614,462,931,919,560,310,5,171,157,8,38,477,111,736,155,283,874,471,55,333,601,330,707,779,307,549,806,306,312,286,657,866,457,180,71,933,528,689,680,667,918,6,77,617,696,498,604,931,967,985,576,799,999,850,808,50,468,706,500,65,83,109,26,801,101,904,108,218,403,136,728,448,578,442,425,376,536,391,716,43,501,465,753,179,415,217,249,766,297,159,141,184,45,501,431,788,380,220,263,795,656,952,476,703,144,272,577,321,631,705,625,769,910,147,159,286,581,868,78,529,943,260,888,225,377,919,328,893,466,569,569,307,883,203,397,756,124,177,680,493,246,415,185,964,623,138,876,670,247,713,240,466,428,774,176,18,846,747,471,140,118,59,301,689,700,332,776,277,334,560,16,29,297,182,469,621,974,6,443
211,733,724,623,678,265,449,760,411,654,925,942,883,93,941,753,966,776,214,121,687,446,925,634,809,446,834,658,990,589,369,600,696,735,963,598,47,104,229,27,729,629,936,540,515,25,31,493,327,23,182,678,783,139,278,561,97,959,839,210,855,996,193,832,526,704,907,588,854,880,741,546,809,359,485,628,760,469,880,86,457,516,283,947,903,749,220,296,225,953,768,735,712,407,754,3,458,636,798,633,299,874,380,582,840,124,900,916,533,559,845,675,763,538,27,666,713,309,173,251,257,520,463,631,900,895,985,499,119,320,947,732,593,428,315,92,653,162,56,667,824,841,831,48,972,228,333,43,870,329,99,855,961,751,451,476,325,208,783,546,119,245,814,700,730,893,776,45,113,59,19,487,574,457,288,15,583,718,559,780,312,617,715,304,645,821,982,373,369,664,347,773,925,124,941,235,942,568,493,247,70,140,509,118,844,11,525,155,151,59,32,637,493,93,636,335,261,657,222,461,685,146,16,221,106,788,634,998,243,638,224,924,600,186,728,730,397,203,2,528,162,460,97,935,31,484,298,277,473,512,343,463,990,163,446,815,708,974,137,69,107,96,162,232,56,404,154,727,68,675,455,73,171,941,765,909,615,802,615,308,659,620,417,520,517,568,981,661,659,847,341,146,235,512,700,135,664,492,531,486,659,811,601,464,112,97,469,941,295,317,443,870,229,582,342,271,573,365,339,718,870,437,772,395,413,863,17,29,608,554,224,629,417,906,803,598,245,103,74,463,525,48,792,559,551,863,703,327,1,187,826,95,932,924,669,110,148,435,797,344,876,146,343,487,929,561,256,914,802,23,47,387,738,816,373,476,755,248,196,330,706,81,439,562,514,656,120,725,774,178,561,2,720,806,754,344,20,565,883,7,608,24,453,863,948,114,781,689,870,553,219,153,588,794,949,250,879,539,669,194,728,363,335,786,677,16,247,29,217,793,303,594,960,248,358,655,869,144,115,314,747,608,962,876,240,132,494,516,841,700,578,136,874,737,388,765,698,599,250,766,349,370,23,344,379,270,348,460,482,979,203,615,112,822,623,208,558,321,662,25,591,985,914,258,624,409,569,461,263,198,862,986,759,93,615,904,734,29,183,740
872,933,570,791,22,804,545,415,817,645,718,312,109,360,413,185,117,767,85,284,619,18,957,443,687,826,998,835,836,342,345,98,642,325,324,816,947,694,74,747,873,497,338,913,378,121,382,18,629,161,305,458,202,524,763,316,310,32,948,994,671,823,871,224,83,683,640,371,558,853,309,388,661,919,969,441,145,608,177,471,84,327,751,236,396,196,214,988,728,379,348,93,348,206,166,107,231,664,901,946,222,944,650,189,529,349,36,77,95,642,155,284,124,935,753,118,547,954,748,176,589,652,413,862,157,119,196,713,598,703,657,487,723,130,295,593,609,328,391,304,833,597,838,62,847,677,437,719,141,192,540,994,109,22,73,592,984,655,413,129,586,75,526,755,109,540,54,321,596,159,582,273,693,178,250,472,26,233,344,603,690,354,3,702,0,956,443,739,309,463,592,927,700,838,45,157,704,551,882,532,915,818,611,603,850,412,576,281,536,336,353,791,386,27,152,27,840,862,679,495,761,810,93,88,442,283,317,884,103,894,824,334,683,445,402,408,834,608,877,876,0,78,139,575,245,121,467,230,911,915,442,512,581,606,604,958,176,10,18,838,840,738,818,775,27,53,410,760,175,972,970,229,300,511,132,694,597,262,689,91,982,925,892,355,195,777,382,233,917,840,887,954,633,325,499,696,465,846,464,106,282,323,725,65,354,757,295,722,607,440,686,859,807,85,558,4,615,680,577,144,105,591,5,691,87,359,843,910,810,412,498,720,499,875,932,474,11,153,768,335,195,890,227,706,570,826,169,118,691,744,950,82,490,659,144,733,781,410,450,447,51,613,149,275,333,305,892,378,990,58,824,458,516,446,854,949,290,955,291,866,376,22,458,994,28,396,451,674,525,635,203,942,228,715,856,522,96,171,928,111,431,934,350,698,597,106,516,52,739,576,496,318,89,610,211,900,369,768,349,443,515,785,908,531,209,76,564,852,485,444,151,23,615,478,217,643,791,978,311,762,845,205,885,418,137,752,211,30,801,661,414,414,81,881,391,0,173,793,269,737,301,186,521,940,280,807,95,709,204,539,575,366,236,132,723,502,150,478,826,236,592,580,945,951,433,942,14,544,447,349,44,681,731,607,929,195,958,133,690,362
222,951,278,427,531,73,39,908,70,588,6,468,485,304,296,427,619,629,753,608,245,765,848,167,103,109,3,191,710,48,970,67,791,279,290,337,899,465,30,959,697,968,862,835,428,202,742,496,121,878,678,410,69,57,202,730,536,506,697,577,323,804,158,269,628,835,619,39,63,891,203,248,753,914,599,332,14,106,782,791,957,800,523,898,882,797,676,654,595,651,329,175,508,788,804,478,499,190,370,353,455,382,682,42,294,210,89,811,606,487,796,247,925,741,516,813,997,882,131,643,378,748,596,549,609,349,721,119,277,136,71,288,846,452,318,373,849,588,98,196,834,132,757,380,842,242,574,209,190,535,472,438,631,813,469,37,813,938,954,222,180,920,798,665,162,238,41,95,1,505,335,461,798,463,280,266,516,985,342,629,152,782,403,437,124,563,196,38,469,44,808,588,913,776,87,503,514,114,209,648,358,578,693,31,461,673,346,751,336,407,545,34,365,712,187,713,468,719,969,459,178,6,709,814,601,970,391,976,844,891,354,54,37,556,80,610,742,808,409,23,897,143,506,814,300,637,114,631,971,96,86,753,56,670,219,772,501,704,670,479,178,150,887,77,905,553,667,864,909,7,812,389,924,273,53,189,439,569,267,889,466,35,463,527,900,996,892,758,665,729,873,855,971,177,258,243,228,698,655,160,461,340,396,992,799,398,100,574,512,947,164,251,1,222,804,625,578,256,924,587,52,969,550,228,172,762,646,420,26,911,103,982,784,917,331,845,152,76,790,23,257,502,232,517,60,98,156,788,130,557,536,424,307,320,653,564,816,119,971,464,184,964,86,401,904,168,754,924,138,362,998,457,621,653,380,106,839,45,241,275,502,431,292,71,439,733,782,929,990,559,851,939,350,909,940,918,712,311,783,80,982,583,154,910,987,785,487,166,783,535,245,900,426,270,635,314,496,464,830,510,229,663,652,329,61,185,857,857,602,228,229,702,763,53,398,870,371,944,692,259,313,313,934,174,882,621,328,141,12,73,588,760,723,265,977,207,581,461,455,667,794,252,344,894,944,411,214,739,244,880,565,612,116,478,618,240,468,228,711,375,614,191,568,51,341,858,205,78,777,335,414,995,949,943,404,824,951,748,342,904
521,530,671,567,379,15,388,738,65,126,46,919,910,776,966,168,938,512,468,334,860,411,322,279,808,289,362,326,448,986,311,578,38,669,952,691,755,185,177,728,389,224,645,267,453,368,627,684,662,568,311,478,165,271,4,707,731,918,541,698,557,301,574,329,550,661,849,731,155,237,976,2,429,864,666,637,801,104,624,132,523,57,452,134,958,216,127,30,462,835,988,775,580,321,87,957,395,292,510,608,306,460,363,129,353,596,34,665,275,542,733,302,293,126,330,683,402,450,140,847,881,549,434,735,764,852,407,416,396,858,54,575,184,164,48,426,650,525,67,102,91,753,186,454,665,39,430,856,75,112,486,435,76,251,844,63,784,629,523,132,140,472,184,971,773,52,230,542,507,651,621,173,389,68,71,30,73,507,603,677,60,151,54,119,665,944,516,962,310,619,339,299,659,554,181,142,729,134,520,177,110,526,788,994,333,559,677,233,524,250,488,532,132,47,47,342,663,508,3,812,273,754,876,806,538,763,735,859,664,895,918,430,637,721,723,825,770,274,820,387,57,551,872,166,748,825,263,817,302,978,653,324,402,719,338,709,310,454,24,38,234,306,813,920,166,492,803,197,729,430,806,194,14,32,493,387,963,121,202,23,987,580,47,618,121,901,867,671,56,127,434,102,111,509,984,919,497,995,633,782,888,889,405,868,244,128,855,961,393,811,188,35,908,171,116,324,236,383,177,560,921,584,807,492,623,692,654,428,105,360,990,201,866,590,323,409,450,780,91,727,721,828,753,656,836,857,534,182,23,808,456,979,255,40,370,180,444,821,599,359,959,324,229,838,7,429,200,504,280,819,882,808,890,614,748,584,11,378,95,832,775,352,895,822,667,954,53,150,481,220,114,664,404,847,499,178,337,605,576,962,704,140,835,283,101,392,176,440,580,124,363,545,838,816,836,140,497,278,286,680,586,214,974,901,173,790,817,13,370,273,195,385,551,423,111,218,52,281,849,91,543,121,537,649,372,510,975,80,0,739,288,284,89,811,678,793,726,993,884,677,56,849,217,127,351,587,283,802,527,938,197,600,40,318,581,691,272,459,634,786,622,497,989,216,941,5,920,862,982,463,761,680,0,575,182,323,715,495,435,414
53,812,370,608,613,342,856,881,776,634,114,178,789,862,265,490,486,802,611,458,20,60,604,720,286,242,661,639,903,328,497,66,738,231,89,51,970,993,794,285,381,702,545,53,495,32,149,159,340,640,501,81,792,749,963,857,940,228,767,921,350,922,397,360,281,947,266,769,331,585,497,600,795,15,211,373,801,16,533,868,787,425,711,701,376,594,273,718,372,941,349,330,700,856,243,295,896,989,806,443,4,430,440,159,538,947,59,958,133,515,727,512,749,4,928,62,81,697,791,550,867,663,935,673,110,257,184,67,182,229,16,254,282,897,52,252,297,67,107,926,600,147,631,847,905,843,844,610,793,650,885,613,149,255,689,865,929,667,263,228,150,346,745,995,370,447,233,384,62,635,779,965,96,88,215,229,355,111,386,407,863,998,506,760,322,868,917,324,669,917,756,991,163,552,488,375,665,594,431,390,531,520,688,163,828,215,248,524,21,702,995,124,72,444,902,317,356,372,367,481,170,284,260,471,125,252,921,511,667,863,754,858,603,465,884,423,685,522,617,132,209,521,995,977,288,31,730,736,69,779,216,752,415,757,4,563,189,652,69,575,49,916,635,651,164,220,740,340,903,594,619,886,3,733,367,601,803,138,817,522,720,747,419,877,18,575,292,249,242,825,549,475,168,34,110,589,584,13,678,448,932,896,147,459,228,723,120,166,364,876,992,125,319,458,417,534,106,800,235,174,425,11,979,228,284,306,107,995,890,255,126,560,159,357,541,521,56,611,855,612,741,350,745,107,595,652,196,431,673,821,889,602,984,734,402,51,891,263,695,462,603,177,366,169,88,933,321,236,794,781,186,593,321,989,404,557,959,8,621,339,353,229,212,685,818,343,871,137,714,410,309,926,971,235,643,493,113,34,663,893,984,490,214,274,447,225,568,681,294,408,188,114,390,343,560,563,610,427,820,499,946,636,813,324,109,371,288,984,90,359,638,760,45,279,86,132,498,276,768,469,550,395,641,769,994,790,469,585,693,459,348,500,420,431,172,360,278,915,830,939,782,914,120,359,786,545,20,204,897,908,319,487,127,863,114,107,830,478,807,12,505,351,113,764,787,668,418,52,364,402,124,798,467,344,312,398,378,931,552,920
561,481,106,357,641,545,631,424,382,902,972,2,870,166,968,684,59,568,912,303,781,260,45,92,729,484,295,855,640,66,799,935,196,382,671,507,466,926,676,497,411,689,810,540,781,476,567,61,612,550,642,841,574,117,344,84,508,727,407,344,148,888,625,404,73,187,521,880,284,309,96,13,299,624,986,352,357,822,636,736,760,815,488,119,854,438,353,465,756,532,339,91,888,771,180,163,229,501,931,827,695,916,268,323,486,632,213,7,426,795,759,728,590,536,672,246,201,423,982,313,747,692,407,542,53,342,609,152,797,971,848,310,311,811,780,144,848,238,694,561,581,826,454,847,340,711,462,688,672,32,148,598,87,735,642,810,214,317,673,818,370,433,868,685,241,343,209,107,447,291,244,608,943,918,612,605,505,632,897,736,509,650,417,639,454,673,950,715,738,79,74,751,791,371,775,182,275,611,983,820,966,772,909,458,443,396,831,964,822,499,324,344,81,836,889,332,490,742,518,603,481,956,785,114,496,156,91,611,970,380,610,268,593,669,418,661,764,668,688,881,315,409,827,398,667,416,862,852,392,848,876,515,610,249,808,834,191,687,434,976,168,570,45,339,0,273,982,55,344,674,11,958,926,810,216,249,873,887,471,846,619,361,378,176,233,745,938,467,575,837,462,753,96,44,221,284,216,46,236,264,752,106,478,411,236,634,1000,227,680,74,424,808,483,376,306,767,58,585,929,108,604,206,269,257,120,155,698,825,856,814,403,670,688,687,980,330,124,70,145,559,608,419,992,267,448,742,693,605,482,275,270,239,465,443,336,984,870,340,23,545,659,651,803,806,56,553,850,746,17,466,841,186,519,989,88,901,428,561,826,527,230,65,900,497,407,426,263,86,612,843,849,452,772,272,645,212,466,648,652,346,426,799,851,716,902,890,51,162,869,876,278,111,946,921,45,677,215,937,544,917,662,220,320,947,97,647,682,950,134,82,625,728,278,138,380,876,638,805,498,165,96,849,692,335,436,775,120,834,764,896,7,405,543,125,392,82,892,678,229,19,26,825,931,119,925,925,838,710,272,596,791,215,62,295,988,834,230,719,807,159,849,364,751,402,370,370,703,29,151,949,116,686,89,650,894,323,319,564,892,278
367,120,636,961,123,144,516,994,832,298,203,608,9,290,369,722,154,133,681,127,194,925,968,222,664,273,276,151,997,467,490,937,803,650,582,763,800,62,243,517,711,392,741,818,329,771,84,320,439,383,32,634,945,636,871,486,803,473,526,521,300,956,85,830,473,647,870,924,499,22,984,558,24,392,564,894,505,215,876,701,405,782,883,222,449,466,968,867,970,956,883,739,632,424,458,865,491,630,486,52,184,725,966,312,53,232,772,189,799,988,610,167,648,14,670,90,487,622,903,390,14,141,894,44,529,251,56,769,343,145,984,14,858,816,124,489,894,501,99,315,20,993,879,128,91,359,729,763,159,346,643,990,117,509,218,737,904,889,123,742,243,728,682,317,773,510,687,596,975,644,341,950,841,556,93,925,62,934,360,631,845,702,115,752,13,433,551,638,198,173,320,366,250,132,625,712,676,875,699,771,731,76,399,559,663,998,106,741,307,126,786,526,56,897,932,695,967,188,410,892,712,590,295,404,864,417,398,75,190,380,379,10,177,637,493,801,92,88,536,500,629,217,868,517,331,810,291,23,665,699,405,962,637,457,995,411,782,543,600,317,564,815,261,781,554,442,345,68,107,972,554,994,63,301,759,779,758,598,988,919,232,141,158,973,431,763,361,260,322,447,396,759,580,104,746,107,560,546,517,440,996,689,371,376,729,998,628,842,760,181,346,675,77,147,634,352,600,260,554,769,415,697,152,320,979,533,594,774,73,473,664,197,17,450,879,498,796,306,82,332,609,583,225,283,76,307,75,816,584,44,505,890,540,353,166,850,981,600,736,366,45,575,534,77,131,741,680,416,980,707,340,342,626,344,630,144,659,296,572,944,503,769,380,110,338,439,658,525,645,803,299,315,507,879,713,999,689,382,400,131,904,370,384,779,963,428,857,303,367,37,647,854,853,183,129,255,246,165,188,364,575,428,125,438,505,976,653,80,117,465,43,537,774,896,868,133,905,518,372,268,722,26,396,706,463,200,27,225,967,634,33,341,861,997,983,961,269,88,315,43,665,644,330,130,713,17,907,113,245,90,609,917,746,815,656,703,3,367,52,852,266,604,286,146,127,338,204,622,899,866,7,149,565,606,27,720,861,792,948,842
946,190,398,822,506,927,917,377,37,855,804,407,365,712,438,500,276,221,996,107,302,334,563,295,656,615,595,437,959,74,52,555,718,582,387,55,456,780,146,985,115,581,971,583,971,71,596,738,564,458,879,251,393,244,623,747,983,321,327,792,742,579,474,298,527,888,777,572,201,721,127,786,304,837,799,987,793,634,567,192,439,770,121,5,588,961,877,449,24,761,666,301,984,350,294,287,875,714,419,62,951,455,707,946,314,92,79,192,437,183,98,447,193,782,749,953,686,27,861,255,448,160,249,265,134,808,105,217,831,128,868,734,186,51,791,837,277,972,235,36,746,686,640,894,350,268,457,570,884,31,499,790,503,708,875,178,873,265,313,403,563,753,518,887,908,15,760,332,628,722,197,823,916,66,996,553,802,467,533,349,946,549,885,639,754,733,465,790,845,176,441,521,253,598,769,459,611,941,991,604,166,207,999,786,781,691,65,827,460,51,99,410,129,405,210,846,103,186,997,884,936,867,438,21,156,367,162,800,411,359,335,721,596,375,871,386,896,913,944,720,599,56,632,505,825,112,362,505,410,774,751,532,753,514,854,778,380,747,197,10,440,664,817,635,736,139,790,336,680,805,396,836,320,291,137,482,806,613,518,764,56,965,828,250,673,441,592,762,979,502,489,265,854,967,235,216,177,818,869,402,769,550,103,435,305,332,203,815,974,364,5,241,213,190,846,894,118,360,468,991,960,356,827,713,704,417,772,151,410,818,501,587,862,824,215,560,555,158,633,73,384,645,22,337,333,973,650,931,400,289,52,357,660,791,351,982,179,544,714,253,603,141,507,919,198,954,504,680,537,926,49,864,231,465,432,347,926,180,949,55,384,535,242,875,890,193,952,430,948,896,584,599,689,653,252,418,168,212,703,850,977,855,969,942,827,893,269,63,943,401,913,370,934,836,343,621,965,512,636,970,453,758,649,302,195,686,743,247,109,833,747,152,798,995,256,868,617,279,34,548,235,548,934,838,254,236,874,27,700,373,174,69,841,796,855,75,350,648,689,581,741,477,989,200,345,844,273,573,916,527,697,669,532,44,467,264,552,313,394,799,91,341,566,92,133,780,161,15,336,475,361,165,372,509,363,476,17,617,451,400
740,915,362,452,587,167,395,61,17,463,150,162,553,395,476,417,717,736,913,326,3,522,610,695,900,728,827,270,826,218,241,272,583,378,332,486,289,775,727,672,767,704,728,140,487,184,383,377,199,765,714,54,633,408,201,487,320,341,657,647,543,162,302,474,28,686,306,607,163,156,909,941,375,418,703,493,991,759,191,376,895,464,998,712,884,943,37,57,526,235,736,138,756,38,324,436,533,919,943,253,491,801,369,979,357,934,594,409,226,846,277,857,914,736,726,904,526,711,742,771,421,514,17,545,839,158,12,675,855,326,948,326,393,126,367,533,828,14,322,288,445,428,578,894,918,767,31,491,578,570,688,893,635,293,408,877,362,323,100,223,899,189,768,522,182,648,224,766,718,186,809,558,147,372,79,172,555,997,515,59,534,753,723,937,546,152,268,353,260,559,761,359,592,474,971,143,901,228,67,331,297,219,725,566,553,540,845,90,17,519,514,222,79,952,13,621,907,480,859,901,202,686,848,278,318,194,993,651,198,454,67,765,781,190,547,931,824,873,686,156,900,123,141,412,56,789,552,550,297,954,326,953,429,904,317,92,599,589,569,314,651,27,891,70,825,971,666,322,939,420,966,917,218,68,993,250,628,210,477,980,69,520,461,846,176,544,14,822,842,211,124,662,850,998,733,284,188,704,57,415,771,703,454,935,713,327,866,205,409,683,21,916,359,95,197,248,169,778,417,86,364,331,60,314,46,977,231,728,557,995,180,352,568,447,630,586,201,735,414,145,301,816,806,904,487,181,524,722,148,946,657,63,308,325,109,136,637,526,772,236,98,760,66,150,270,838,532,39,428,679,165,790,975,7,157,475,446,310,119,285,143,890,539,770,706,505,504,394,778,10,972,479,147,175,270,541,786,678,171,948,15,658,55,408,895,334,904,895,412,796,46,61,637,743,886,445,390,873,185,375,447,762,264,283,299,752,699,547,953,643,608,170,34,296,400,699,774,814,602,893,600,409,203,921,243,134,935,490,794,166,814,764,662,104,696,497,693,45,913,214,854,396,678,150,590,245,406,622,801,224,538,127,344,929,292,284,407,293,861,301,405,99,435,493,415,46,946,516,597,351,86,939,461,571,75,944,42,54,361,981
724,736,654,600,477,366,734,4,372,212,961,491,916,947,756,932,41,525,80,317,862,253,657,610,212,294,20,307,783,69,109,607,39,989,373,715,313,202,349,448,983,442,22,361,135,397,611,234,809,48,679,79,612,109,962,856,478,258,353,617,86,126,334,81,222,874,248,498,915,307,49,818,242,910,489,291,869,581,440,460,978,391,682,258,938,757,266,155,428,702,58,695,945,226,358,273,564,830,633,604,408,825,420,707,785,383,359,557,124,226,212,739,883,177,968,990,87,370,660,274,457,627,332,285,381,599,595,83,587,667,829,901,106,633,183,789,563,921,591,819,193,105,58,563,747,588,804,879,888,374,390,10,755,187,406,725,823,905,171,834,68,188,519,571,543,28,125,539,959,568,513,354,490,138,783,716,528,621,557,889,714,803,216,393,151,76,621,463,847,213,821,181,433,825,91,623,742,860,265,404,88,27,162,850,125,188,568,649,163,688,627,878,634,870,385,483,376,691,633,361,308,200,833,990,518,629,811,944,835,802,509,458,87,848,972,906,826,446,628,240,857,986,226,195,83,603,28,477,85,586,633,348,708,330,296,529,34,608,691,979,687,791,818,104,52,177,699,703,1,705,715,785,120,102,699,431,993,432,899,919,27,819,614,271,848,150,481,829,205,16,99,547,465,362,617,883,912,640,641,954,991,723,304,396,492,321,409,152,35,645,397,260,185,263,178,183,544,398,186,673,828,716,597,618,978,100,131,379,200,52,106,17,902,895,949,218,951,981,112,71,690,544,94,972,241,583,992,294,340,612,400,596,8,701,805,431,116,456,648,944,577,297,134,732,806,512,490,686,485,383,602,677,19,84,612,587,538,745,760,565,192,687,969,478,168,722,627,553,28,185,626,230,693,135,904,38,115,475,784,640,938,59,251,743,208,623,121,285,554,10,22,733,377,904,847,56,117,600,924,158,470,262,489,937,275,499,931,229,856,541,407,880,695,648,248,457,752,976,69,48,851,352,687,27,702,854,170,426,136,702,416,319,500,993,832,134,278,404,323,512,445,994,159,241,987,348,386,815,281,82,438,978,971,211,164,815,367,876,725,44,9,679,256,14,132,86,587,482,52,252,250,42,682,556,694,483,182,272,481,731
798,419,684,394,929,619,504,327,594,303,115,716,627,959,181,741,540,567,773,240,39,940,899,583,931,706,330,231,544,765,744,771,410,787,579,482,643,455,348,35,884,442,759,743,529,182,891,598,641,430,561,956,700,930,752,526,192,817,32,194,856,206,350,305,529,198,897,506,594,453,953,292,443,188,593,212,874,240,171,497,879,481,651,659,483,167,897,125,484,164,888,662,530,273,819,88,915,341,534,758,623,652,596,700,429,262,694,27,742,964,200,816,951,979,106,442,64,281,163,337,870,389,387,793,862,733,51,710,36,538,417,142,696,983,568,337,708,203,566,896,794,490,852,588,47,847,114,504,600,777,507,693,777,390,287,693,904,74,935,412,834,478,571,456,743,404,319,758,195,752,73,168,329,824,45,637,385,730,753,399,294,541,42,330,720,565,25,921,854,149,563,303,558,95,155,927,478,372,302,900,666,322,202,956,260,319,658,459,160,78,910,625,34,460,97,56,463,798,749,555,825,196,205,756,428,678,213,532,376,123,688,332,954,10,496,1,549,5,57,855,593,909,267,143,408,360,374,878,179,22,69,503,689,526,454,252,783,464,740,262,306,127,564,932,410,186,928,617,555,308,131,540,100,444,541,631,785,277,189,787,813,390,535,388,61,82,542,554,565,809,235,924,688,871,146,203,949,919,394,547,275,468,820,443,197,712,641,309,995,448,346,215,559,464,393,318,746,1000,82,37,945,418,359,374,160,654,965,933,229,280,219,57,651,857,825,475,849,759,608,198,352,861,662,811,175,73,275,628,725,715,790,394,845,590,133,264,907,41,263,715,788,72,331,529,64,634,751,548,942,36,78,520,798,406,284,25,72,907,169,316,162,67,640,999,842,511,789,130,768,382,580,145,906,691,979,246,68,262,647,999,194,734,472,8,430,409,338,155,59,88,132,453,299,957,516,372,681,17,342,579,723,966,56,821,50,465,852,365,351,512,443,148,395,17,974,588,376,151,123,432,523,260,569,806,134,992,135,531,493,315,186,572,247,97,590,969,742,823,856,429,200,896,597,904,116,147,828,82,355,531,616,832,582,44,388,391,457,787,90,857,503,958,948,87,884,672,420,165,455,42,987,161,535,570,789,768,334,978,712,21
326,530,44,931,403,169,509,39,797,695,353,869,376,635,601,503,257,564,369,246,110,305,198,718,726,904,403,332,267,285,509,496,194,393,757,708,584,911,349,477,315,272,398,987,104,145,120,273,973,456,632,377,192,201,174,839,634,75,993,674,672,347,17,803,332,392,221,524,403,754,914,197,806,421,665,417,183,309,329,406,544,328,280,619,360,147,254,761,0,575,300,791,696,498,63,200,759,285,988,966,401,27,751,754,627,162,412,400,828,342,560,16,813,947,635,396,816,81,111,522,127,496,778,733,614,529,98,639,991,991,201,869,989,204,121,698,854,11,434,910,880,786,689,785,837,492,894,247,180,29,285,934,127,938,28,499,533,962,44,54,652,608,163,260,170,654,724,323,853,416,875,456,261,692,84,767,537,611,479,131,607,965,899,700,240,271,535,313,514,475,205,894,30,656,23,638,485,303,125,71,267,546,765,834,676,668,259,386,45,622,625,520,136,546,643,861,54,676,350,901,885,311,519,813,107,682,614,89,358,195,442,153,931,581,602,369,179,895,819,482,3,10,311,493,88,663,142,772,211,627,383,801,654,191,520,794,58,996,576,921,145,363,306,665,420,656,796,108,563,72,333,782,579,629,832,631,883,621,377,846,630,840,742,600,730,911,828,105,797,351,329,855,759,740,111,839,992,616,356,127,98,835,617,60,317,838,146,600,635,795,734,507,935,648,201,919,253,970,139,557,494,249,547,214,545,899,836,127,861,575,391,154,603,457,524,450,798,628,230,529,732,967,643,173,986,651,558,803,236,583,766,790,485,999,943,549,281,261,781,679,350,696,531,21,843,470,695,910,295,433,292,677,926,328,987,271,571,329,303,36,884,424,269,462,131,206,175,401,903,390,795,861,248,851,491,225,485,21,143,357,277,79,997,851,675,168,373,660,635,687,638,692,281,136,94,853,98,965,788,803,198,304,37,208,746,208,926,960,227,947,841,859,77,328,267,778,253,291,2,583,899,964,570,802,759,512,313,348,28,178,457,895,258,62,381,319,691,106,391,531,510,987,234,715,224,823,910,866,199,288,392,117,765,141,963,784,628,178,375,783,556,391,424,440,629,918,418,86,865,638,765,305,792,554,57,324,176,608,648,772
88,551,244,119,194,916,256,304,937,381,94,182,731,848,466,963,932,641,870,854,378,222,474,856,988,492,230,605,924,267,189,614,225,62,63,347,58,207,454,438,977,97,972,505,28,741,882,714,251,519,129,580,95,344,292,100,816,335,624,157,790,751,162,462,82,582,783,440,404,515,509,548,116,4,58,64,782,713,404,379,180,250,566,737,670,610,774,365,540,316,255,450,920,554,102,1000,372,748,469,429,332,546,261,955,556,994,78,851,152,251,313,952,887,499,213,475,187,700,208,742,122,153,182,589,656,453,278,314,84,594,520,340,957,395,347,327,330,716,223,688,509,821,39,789,89,95,641,754,595,600,474,163,533,305,861,356,362,504,900,595,155,937,977,407,946,823,414,213,994,194,721,660,856,384,42,493,873,777,88,612,634,703,871,563,384,439,647,402,49,204,762,180,982,498,226,793,120,690,120,550,565,374,194,200,689,46,346,454,332,847,777,239,765,649,894,80,174,371,54,34,760,440,109,415,318,301,217,427,309,672,891,329,487,684,997,550,90,94,570,890,984,18,680,720,231,665,898,841,885,303,799,407,794,336,308,863,217,515,113,189,378,530,961,462,755,336,850,178,21,934,593,620,391,825,994,591,205,147,529,709,867,616,923,128,848,103,560,555,748,163,370,548,775,358,100,955,339,894,321,124,460,849,864,944,741,277,15,998,184,593,455,981,658,924,934,174,955,853,92,249,866,685,400,807,215,10,159,201,61,790,410,743,582,819,680,153,591,734,580,47,604,853,601,854,194,754,740,903,592,997,232,829,735,930,80,427,562,898,588,763,536,88,310,784,985,515,254,693,882,485,729,809,728,152,759,903,84,394,415,425,721,731,81,802,852,754,507,961,720,817,482,891,458,892,246,165,821,286,951,116,769,927,64,909,681,541,582,103,292,261,759,560,968,998,232,192,510,484,118,574,46,932,867,679,694,455,780,150,317,502,452,977,523,536,579,963,134,793,346,448,222,97,56,905,544,571,263,569,837,12,3,515,447,389,412,267,334,864,642,189,157,456,6,487,940,226,128,198,388,328,847,99,972,83,746,892,896,95,854,355,980,661,247,502,443,593,403,117,875,531,23,967,144,675,554,578,96,216,829,576
208,483,476,880,84,77,378,381,989,500,762,782,494,676,1,552,844,268,92,715,612,154,883,316,636,65,679,894,250,807,328,140,317,832,124,669,417,612,294,74,791,759,518,653,853,845,524,129,313,622,14,816,832,164,415,546,696,568,496,35,548,979,504,166,29,181,287,582,16,106,33,284,181,888,703,356,250,846,800,186,749,535,39,789,340,62,625,604,607,115,271,165,584,825,283,317,260,163,281,137,44,40,761,634,594,337,374,216,625,984,57,299,487,35,318,727,523,680,318,379,825,209,678,490,870,231,951,885,847,441,489,922,800,178,700,505,125,140,538,102,141,6,73,930,70,426,746,386,951,960,468,336,321,696,506,102,711,444,418,91,304,483,487,826,448,28,591,581,810,767,779,390,372,850,739,962,736,83,635,297,705,194,347,505,647,593,629,659,425,374,937,132,591,657,892,829,283,53,65,982,449,923,515,974,633,37,942,928,708,584,829,659,131,482,10,850,176,553,794,320,196,140,702,455,35,323,134,516,809,475,85,613,335,897,628,88,475,651,646,46,743,55,841,222,776,209,922,3,892,0,113,48,46,363,861,873,233,974,99,323,699,729,123,665,509,751,173,616,585,376,226,52,701,850,516,753,631,710,470,892,901,771,92,462,128,168,482,199,32,296,695,356,565,961,942,403,572,139,697,809,151,814,656,29,940,424,871,829,407,436,637,627,408,893,984,352,47,547,519,519,427,957,569,945,926,914,973,958,964,258,536,347,906,366,13,292,236,972,452,5,63,81,135,661,792,838,517,289,934,989,599,31,437,911,612,652,570,164,345,539,996,73,630,754,962,952,869,670,372,879,991,970,589,855,492,783,292,464,965,199,212,999,378,74,474,711,998,82,837,244,997,994,274,937,437,771,162,212,448,521,362,376,714,266,638,584,196,436,118,471,884,133,827,528,672,825,308,494,66,362,686,866,779,713,96,815,891,963,928,944,953,119,947,442,646,312,55,990,78,475,327,422,40,782,79,77,680,118,911,738,712,733,778,765,308,138,452,205,93,83,736,281,642,730,909,817,99,269,516,852,453,37,428,757,633,601,428,196,884,523,120,661,217,547,623,316,929,27,266,792,713,652,510,261,54,304,705,383,665,412
36,172,487,317,487,439,439,841,104,390,689,625,246,424,834,498,32,382,255,350,325,738,610,713,290,389,720,789,272,633,978,458,218,885,799,426,947,646,613,531,80,188,171,967,620,568,560,928,774,415,550,343,795,161,612,429,127,457,433,22,683,745,40,370,848,152,987,97,899,664,839,443,391,914,479,593,711,34,80,423,682,577,675,584,969,20,981,958,812,426,110,532,284,168,187,390,957,116,874,677,273,615,823,871,498,797,502,229,332,931,978,835,499,803,336,262,14,905,333,139,241,576,129,987,729,501,374,333,791,149,970,767,696,621,812,610,823,290,140,528,357,61,244,427,340,195,692,816,531,954,486,82,858,584,693,248,1000,134,528,665,873,648,747,701,907,190,816,702,894,315,554,767,344,981,849,856,633,349,696,77,914,401,52,26,66,672,810,51,916,150,935,238,769,394,809,783,200,83,736,812,388,898,782,372,137,599,662,382,7,917,74,697,329,599,614,402,94,670,578,176,330,936,577,528,737,85,903,536,873,255,105,147,284,115,580,873,751,34,48,937,677,945,602,684,693,114,950,885,909,141,472,363,940,216,283,758,921,587,456,721,16,177,528,359,849,186,211,783,688,174,169,845,632,712,343,74,759,939,461,737,122,67,525,568,321,423,19,224,722,770,302,732,862,211,812,924,574,748,773,221,19,847,466,641,620,491,935,828,499,812,184,789,787,295,49,986,108,418,216,990,342,35,398,608,972,641,583,475,480,364,173,279,621,903,175,251,15,495,694,532,864,804,925,108,811,671,769,463,326,223,78,415,311,759,997,446,583,37,817,368,981,891,898,328,656,552,431,865,150,114,94,746,28,634,118,500,364,989,619,441,221,156,591,770,22,874,914,223,788,637,995,803,757,349,512,670,651,835,723,96,892,68,352,603,652,356,592,860,684,189,236,98,348,453,957,596,133,851,7,716,676,179,227,949,414,26,722,72,948,599,8,166,19,275,803,86,509,370,878,404,144,339,731,57,710,210,309,401,304,760,621,161,186,500,690,520,167,809,539,696,0,294,226,202,463,153,458,877,489,356,4,14,728,972,558,301,847,414,881,975,988,394,757,78,561,876,159,946,284,132,283,538,207,10,74,128,764,142,656,385
744,831,635,123,288,804,223,649,129,127,193,317,231,417,975,498,469,871,661,480,280,709,70,393,192,802,854,644,341,553,931,228,902,411,49,985,904,864,519,452,900,32,430,778,274,745,32,36,590,962,36,732,918,295,671,24,88,860,92,508,113,311,362,319,589,769,141,318,565,832,78,931,827,446,158,839,843,368,722,556,771,218,367,993,468,445,224,952,367,310,657,116,890,837,390,234,555,694,70,100,620,413,305,404,253,839,424,867,870,371,416,84,280,23,160,412,71,357,734,978,229,21,337,872,805,751,919,115,726,746,566,397,641,299,228,58,729,530,385,696,639,760,319,415,331,799,593,64,678,739,657,593,428,401,42,9,186,671,505,572,559,998,148,155,278,649,76,721,421,285,823,665,773,686,892,323,622,585,177,868,377,368,532,212,603,391,460,965,435,349,637,427,831,675,929,392,704,564,613,558,671,792,144,798,393,887,927,792,56,891,390,269,754,712,139,795,532,438,826,329,223,250,461,564,288,755,199,513,119,838,674,801,775,579,460,358,486,390,256,351,144,596,260,1000,90,908,699,540,97,660,679,366,395,461,883,929,913,190,459,909,968,3,929,147,264,328,706,889,420,4,175,196,992,664,148,575,707,916,804,142,666,303,127,184,740,681,320,440,104,291,787,490,555,372,448,118,53,781,186,920,46,673,151,433,799,24,415,310,395,596,9,617,892,492,54,114,407,79,984,92,2,335,675,475,115,455,414,844,310,534,863,349,201,753,641,424,608,647,903,731,27,603,584,235,402,125,769,532,134,537,567,724,1,208,241,215,199,841,617,578,117,13,567,293,579,64,69,253,7,183,343,383,997,450,158,320,138,464,403,921,31,279,553,229,469,98,757,818,465,449,806,594,750,674,70,373,149,908,224,362,679,470,211,282,309,678,190,890,919,235,867,210,476,661,273,773,595,262,906,526,538,167,527,205,426,674,918,90,515,916,843,451,888,676,275,244,880,109,892,304,491,688,157,862,869,199,145,693,982,177,953,299,568,383,669,625,920,283,475,268,140,592,734,409,469,77,936,722,719,285,373,640,437,92,386,747,160,52,147,262,290,895,15,250,428,411,160,491,694,703,574,326,696,27,47,32,755,516,671,699
276,564,385,898,774,944,927,678,605,423,870,923,66,408,911,121,162,839,618,14,961,970,36,239,396,72,770,722,43,513,438,860,47,221,620,319,870,563,425,10,486,786,956,819,47,789,627,452,914,876,299,249,729,314,707,80,37,487,212,520,912,976,771,841,228,963,416,354,186,680,469,771,385,845,413,491,293,290,63,967,421,784,1,583,243,877,486,530,364,419,340,715,643,669,432,522,998,318,830,456,43,374,217,636,603,88,650,477,90,258,323,635,659,236,551,73,211,149,648,142,595,800,533,557,264,485,68,873,807,373,873,218,605,131,689,207,32,315,115,949,740,444,763,550,768,151,687,381,710,692,893,272,900,567,651,215,159,589,951,997,976,177,821,621,652,647,321,711,556,462,55,343,782,619,733,546,340,121,467,747,112,331,188,341,651,263,478,577,135,854,903,479,936,760,970,952,931,871,796,19,676,11,347,566,76,712,881,463,558,215,66,554,774,131,462,789,180,685,837,944,181,445,543,105,11,947,760,884,819,362,877,7,767,522,349,278,739,972,531,469,192,598,969,991,931,437,200,337,657,33,72,920,280,934,638,656,208,239,603,228,644,654,694,215,838,42,508,393,935,174,480,942,957,966,879,427,934,345,523,62,927,909,182,431,803,558,427,444,98,543,464,319,159,417,24,767,63,223,709,742,881,956,417,231,555,532,922,70,882,866,888,379,881,206,232,533,28,313,375,487,487,120,910,637,525,6,40,217,922,371,921,240,973,196,750,674,162,638,686,917,536,308,668,854,244,231,756,748,727,526,197,320,700,143,405,728,890,848,788,745,891,819,558,710,859,613,359,25,226,468,791,950,873,400,902,305,785,170,487,49,963,700,704,797,973,19,209,163,651,273,131,146,267,126,976,475,65,85,82,812,758,114,582,180,858,911,770,251,169,736,735,376,233,789,373,817,404,389,887,293,205,687,850,687,635,346,569,152,843,479,245,476,897,145,962,169,181,650,145,88,719,730,316,837,332,115,608,906,290,88,223,190,817,94,474,254,917,602,235,334,568,830,663,471,761,484,118,812,911,321,674,713,578,402,997,419,213,988,967,930,957,441,796,379,923,567,470,42,591,244,106,905,346,930,369,85,118,943,51,221
469,72,404,337,403,983,919,928,746,928,150,472,639,865,617,247,665,408,863,92,69,913,341,905,998,944,727,721,260,750,274,102,974,169,872,688,603,395,115,69,333,422,419,445,301,820,914,666,237,47,219,346,785,17,790,405,832,215,803,727,92,650,862,172,440,64,84,862,825,109,763,174,407,344,317,828,735,53,876,193,70,837,192,631,700,419,435,719,951,684,887,647,17,775,461,212,332,118,780,253,713,459,623,529,523,692,340,161,321,516,915,984,135,847,142,656,474,30,848,364,820,152,888,457,602,255,596,145,351,249,700,945,100,544,440,642,405,671,590,232,136,365,217,323,782,231,224,227,799,763,108,502,156,788,301,945,606,765,631,106,812,35,113,80,413,407,179,100,98,86,803,840,761,921,109,483,867,715,599,649,428,47,185,622,45,927,136,199,672,317,51,62,185,750,513,44,231,303,619,452,836,609,460,215,814,774,73,44,923,871,390,604,926,333,471,954,902,867,217,812,767,920,591,317,986,272,902,750,478,70,552,22,323,710,732,907,173,237,727,748,835,535,467,412,112,191,306,858,126,921,441,840,734,210,945,562,626,10,534,554,570,154,532,451,627,962,317,529,450,54,870,852,38,695,789,739,813,844,868,629,757,112,843,318,169,355,434,61,95,905,921,282,194,928,419,200,34,499,799,319,840,347,686,971,788,707,402,108,989,416,423,791,355,923,24,604,55,930,22,856,939,302,91,856,108,903,222,304,895,541,620,41,445,443,929,432,907,755,564,840,174,28,657,487,24,540,348,398,454,816,757,115,375,241,229,121,165,632,324,865,554,758,724,364,284,632,230,45,27,533,812,26,535,318,349,709,493,779,739,383,683,484,396,778,529,877,909,16,893,966,751,331,148,950,390,907,68,152,731,563,68,469,188,937,202,966,963,956,67,805,714,284,598,547,969,643,823,362,751,161,220,659,291,948,330,416,104,832,605,642,204,125,286,900,695,325,705,232,374,793,713,873,900,290,146,23,706,196,942,791,201,61,477,954,990,93,530,960,765,146,227,895,898,117,897,158,839,462,999,413,3,235,808,884,580,418,932,406,883,775,59,395,510,981,874,869,564,525,757,34,953,643,250,366,11,744,859,736,467,104
463,105,578,258,394,576,171,635,47,849,217,379,479,771,466,826,326,409,17,433,263,893,324,542,131,5,52,169,543,880,914,825,711,305,960,477,920,906,656,223,517,125,772,146,742,353,807,110,806,893,916,819,812,984,327,117,588,729,173,811,742,780,545,83,797,128,297,292,892,832,543,432,356,167,826,330,543,822,740,636,680,500,468,338,583,780,623,132,621,435,12,27,71,861,196,464,669,132,239,453,248,373,996,569,391,92,608,569,2,167,852,307,107,417,773,867,700,993,251,544,225,493,16,678,350,618,577,397,267,394,201,898,138,41,848,704,368,496,926,467,937,282,96,291,685,473,61,514,846,155,992,519,374,29,173,813,899,780,944,581,860,898,496,147,435,290,180,969,663,983,4,840,175,557,831,281,501,315,467,159,148,543,70,376,928,891,874,934,862,30,345,539,694,695,887,23,515,787,991,854,614,145,270,459,139,604,371,123,66,463,793,827,812,646,730,339,862,221,357,504,337,920,362,797,759,476,2,770,408,839,268,844,88,354,992,936,238,347,384,636,754,766,979,575,937,213,125,947,917,335,986,329,291,4,83,366,282,115,683,909,69,665,662,827,513,148,21,714,712,504,709,890,827,315,785,239,684,227,419,369,449,990,572,688,76,575,490,444,581,40,920,919,857,291,855,620,859,835,891,665,403,362,645,392,639,77,629,890,88,987,177,267,620,600,55,293,711,550,244,984,861,505,981,929,577,640,178,153,190,437,423,197,690,737,417,40,425,375,861,485,946,874,926,865,194,312,713,728,484,164,995,812,668,497,479,976,447,55,142,115,957,12,232,702,766,160,91,186,843,527,87,412,433,157,701,420,718,149,409,58,750,288,396,79,953,197,82,389,687,982,877,570,791,723,526,809,179,233,343,440,810,89,106,346,83,579,577,206,81,638,318,217,739,456,225,77,433,147,170,890,771,19,897,84,522,596,963,357,748,767,218,474,573,402,959,964,784,948,233,41,636,288,388,801,263,925,68,865,642,885,462,372,502,424,180,833,590,831,663,161,104,392,231,604,624,883,807,759,929,415,67,585,135,435,792,285,618,741,619,296,196,256,915,955,150,777,418,86,424,481,365,540,33,294,800,527,726,553,274,755
894,864,515,164,62,599,887,243,618,992,810,883,219,940,55,40,555,341,939,924,555,362,121,808,28,663,112,274,94,127,634,153,782,307,125,466,984,272,475,36,412,515,85,258,725,497,924,87,490,395,58,694,641,375,560,149,679,446,664,874,515,930,505,706,640,497,86,729,204,444,610,985,289,261,3,557,393,240,35,413,973,425,455,118,42,972,824,934,376,577,824,982,200,348,400,731,182,851,874,763,448,506,46,895,675,990,126,512,827,99,834,48,691,472,202,215,476,568,939,152,909,739,922,552,277,913,970,816,202,262,485,151,194,895,840,890,586,813,844,324,193,129,367,514,924,371,528,478,468,82,782,432,6,308,824,120,84,503,273,242,587,877,683,971,226,759,560,649,82,585,908,856,215,949,792,289,734,807,430,28,331,851,765,799,542,969,976,617,73,22,247,565,138,294,331,38,539,654,675,376,323,410,676,550,860,362,450,786,285,342,609,383,206,374,268,643,470,946,621,897,32,820,849,994,217,776,259,920,413,569,379,806,568,279,323,900,847,725,591,410,97,751,153,70,743,202,265,187,238,180,618,716,813,99,691,74,361,982,658,781,557,816,684,728,862,224,37,432,183,517,946,599,57,361,294,203,216,340,563,912,709,942,306,112,31,804,403,844,423,29,763,803,250,390,241,73,476,158,894,802,407,935,602,793,721,311,305,889,163,703,697,856,525,297,537,839,174,165,177,321,676,878,843,273,718,871,499,719,78,544,816,949,151,210,706,968,619,50,328,184,591,158,521,956,171,21,554,488,832,293,186,962,328,953,935,346,364,489,236,496,159,31,325,848,156,261,650,103,726,390,772,257,932,337,304,433,118,740,443,488,149,909,491,247,810,974,298,983,43,11,599,636,914,727,433,25,923,69,946,734,906,183,55,572,184,538,39,52,460,453,453,162,741,550,998,635,441,383,297,539,395,573,822,541,553,800,368,229,602,586,486,900,875,693,9,858,641,47,125,217,596,229,736,221,439,728,30,133,453,468,862,63,893,214,663,705,747,330,706,675,573,955,725,933,387,664,766,728,236,782,401,995,109,668,349,332,705,343,25,887,482,191,806,590,379,588,495,867,847,213,769,89,996,424,240,215,941,745,481,242
948,66,666,745,190,184,131,404,572,178,183,915,643,162,161,844,787,444,872,272,491,551,173,524,449,106,852,738,748,985,569,515,523,248,221,629,433,23,933,157,7,108,959,346,884,383,918,220,14,24,966,606,249,24,234,317,472,463,708,665,982,272,702,589,711,455,31,609,814,726,276,766,987,475,989,346,844,312,423,354,323,227,666,598,324,149,697,253,358,607,907,122,647,383,879,770,585,524,338,632,364,307,848,130,944,145,460,391,672,547,637,38,856,452,181,413,913,643,203,212,73,246,948,707,462,40,775,365,728,544,490,105,565,785,157,854,887,631,913,804,53,632,333,939,168,76,56,146,365,630,650,147,969,351,469,494,741,753,508,255,870,685,109,275,914,304,436,813,445,737,780,706,161,919,397,838,486,865,53,138,637,548,937,183,286,709,473,677,223,463,694,746,28,995,775,584,131,575,283,410,145,819,805,359,65,590,343,231,686,506,249,663,675,92,199,957,326,379,280,89,476,330,227,515,209,651,640,880,994,46,780,76,651,10,445,635,191,206,355,7,371,713,217,453,662,304,956,8,497,781,432,238,86,171,240,500,805,100,820,698,794,138,458,376,226,248,865,109,738,617,539,9,50,392,344,940,858,626,910,935,175,354,192,198,424,881,56,95,378,318,890,339,629,825,845,45,527,433,764,630,416,727,739,428,834,925,660,269,130,23,733,897,898,425,234,935,110,186,739,310,769,311,910,186,398,342,912,238,594,640,231,660,809,978,474,535,597,246,261,850,239,976,315,396,696,847,17,682,494,23,902,156,476,745,424,389,418,209,520,484,236,2,167,424,344,796,562,48,299,98,640,872,215,370,896,259,416,335,802,810,860,230,604,184,608,340,529,141,992,500,617,815,834,411,7,403,180,330,669,30,697,968,326,74,150,426,896,313,712,937,208,578,739,474,512,30,177,563,698,143,732,241,556,669,70,984,138,561,237,336,624,735,839,443,158,83,141,915,159,50,526,783,812,695,492,340,974,150,994,858,392,321,656,835,617,202,615,773,747,350,566,969,60,49,958,283,747,653,242,428,779,43,334,840,584,694,914,381,728,572,337,599,228,585,763,529,596,200,479,949,993,799,993,378,486,133,353,863,406,120
2,167,674,303,857,728,527,290,480,289,990,153,881,140,655,521,361,82,230,632,738,129,299,800,958,156,185,421,779,179,103,427,56,176,6,8,431,623,720,174,35,86,579,408,849,999,526,603,92,486,512,824,609,784,577,853,888,4,452,938,334,870,373,942,320,778,682,952,33,620,353,707,560,199,513,626,957,118,926,337,848,736,702,201,890,148,793,485,339,256,253,710,311,539,46,134,165,515,118,645,681,765,424,891,701,747,370,845,131,503,88,762,443,483,975,149,355,671,331,35,92,991,957,533,553,372,27,784,30,302,94,325,676,220,46,899,434,488,994,160,526,475,365,820,915,188,946,577,579,189,17,564,568,28,534,845,564,827,422,703,767,818,112,499,785,368,604,612,121,166,403,43,431,468,883,440,14,353,998,326,310,228,760,883,322,101,447,361,919,970,1000,126,589,15,436,497,480,373,863,194,676,387,13,238,890,925,360,112,428,419,124,599,606,181,865,175,689,637,419,54,703,682,735,144,677,837,740,565,392,800,454,926,926,38,803,683,400,150,113,914,188,584,436,640,802,130,983,575,877,440,643,264,948,256,151,116,405,935,643,958,937,239,22,285,987,763,227,849,250,441,233,594,595,804,0,84,822,28,459,462,780,864,50,88,497,482,64,763,576,244,352,966,587,969,85,104,419,303,792,52,753,946,343,363,304,149,506,49,641,751,376,997,359,447,284,186,171,783,37,973,359,975,961,864,828,413,104,106,342,211,102,464,523,879,317,6,200,488,292,612,30,345,361,936,747,179,65,941,977,549,179,65,405,663,151,705,62,732,521,476,1000,233,439,199,234,397,127,419,371,273,845,945,18,887,927,239,400,317,412,809,655,261,721,836,997,905,864,348,242,267,111,967,370,895,55,62,782,187,82,628,226,244,145,812,446,640,350,874,935,76,424,636,344,498,654,193,464,267,732,586,749,285,841,288,69,616,146,5,72,848,676,69,592,690,934,131,958,215,969,316,16,885,568,742,671,913,544,485,555,562,242,41,979,452,209,315,40,709,564,502,198,436,732,877,910,376,299,33,981,590,43,994,469,135,986,552,567,437,574,596,563,807,521,373,667,248,264,695,783,827,819,656,640,826,933,960,569,604,642,548
187,388,898,631,113,482,342,749,813,14,77,232,692,942,825,898,443,279,648,776,450,886,966,107,885,773,331,415,965,831,391,951,71,611,672,343,947,983,447,671,114,951,284,755,683,868,497,389,228,147,406,440,236,102,510,967,917,854,321,493,528,639,562,359,783,957,231,655,926,307,21,340,918,81,323,829,754,808,686,461,287,197,290,947,380,695,979,197,515,264,566,298,239,919,541,78,838,911,113,852,52,295,356,518,194,958,149,521,186,534,613,571,550,822,62,270,363,598,676,577,912,75,752,799,41,369,738,707,89,691,741,76,590,919,554,913,1000,239,720,542,100,310,793,826,696,206,208,112,935,33,783,25,156,280,832,660,625,110,353,288,36,320,225,239,571,737,419,446,967,407,413,843,378,377,172,536,678,681,304,186,261,908,459,346,555,799,91,15,79,211,683,344,253,138,788,896,414,911,883,773,621,673,488,32,824,428,939,113,141,93,487,248,697,760,746,192,549,816,25,531,391,727,37,881,922,325,156,555,117,304,372,444,703,331,180,277,916,566,828,471,629,629,554,154,911,417,675,761,222,620,879,293,678,339,708,369,269,777,52,719,410,299,479,406,290,426,101,857,445,937,451,629,18,732,391,267,347,662,12,614,175,980,339,597,933,535,969,365,970,965,760,29,783,991,754,421,57,838,426,420,76,255,787,450,461,205,289,834,928,571,389,7,603,137,625,677,333,524,6,357,54,701,875,653,534,262,864,132,22,468,176,106,241,876,470,754,737,461,216,996,970,113,909,263,35,410,449,388,552,204,419,734,216,497,206,869,754,48,887,259,325,59,522,173,193,120,663,901,728,531,706,210,841,907,416,401,378,212,981,912,240,447,732,718,599,836,631,558,993,569,62,680,14,10,419,41,34,737,710,742,512,342,934,935,713,194,450,319,171,979,30,548,158,940,939,165,760,979,131,645,214,543,761,790,181,366,245,860,383,447,407,769,599,903,633,697,463,230,906,685,710,7,39,515,47,471,202,982,702,814,588,993,605,198,489,687,103,642,779,86,110,984,89,812,692,878,981,78,512,346,245,100,25,157,842,89,313,420,76,258,93,998,853,282,909,872,108,920,347,678,67,401,703,829,443,146,462,871,205,384
208,425,834,465,679,793,578,664,882,201,522,393,538,779,366,46,343,96,384,742,842,621,791,637,84,923,414,789,516,12,933,1000,761,499,613,883,615,718,201,105,122,65,169,290,474,230,6,274,911,749,140,180,912,46,461,813,612,532,194,719,808,28,282,293,211,849,114,448,243,325,703,266,602,108,714,806,128,192,409,740,174,194,786,569,819,447,264,9,249,934,289,26,433,273,432,126,129,635,225,822,978,676,417,580,215,716,385,574,571,421,113,339,529,402,516,994,920,988,229,361,835,619,232,745,183,107,84,491,384,119,783,807,728,762,485,788,415,300,398,632,986,808,935,558,794,167,169,477,554,577,222,250,761,334,61,527,285,907,328,313,289,436,125,176,109,683,187,328,913,694,18,854,890,467,86,694,249,914,184,680,155,385,578,786,475,209,12,128,217,126,323,535,561,747,732,677,515,17,708,348,414,97,86,972,834,949,42,643,919,143,246,553,786,664,766,276,769,280,193,961,8,166,29,405,562,43,154,67,346,316,71,552,95,457,726,466,711,480,241,117,488,875,536,234,81,367,217,241,741,774,499,203,336,546,882,998,888,693,574,335,497,35,158,13,343,895,558,562,879,390,130,905,112,993,870,824,504,137,147,352,664,868,1,770,671,889,681,927,895,612,837,194,996,991,655,502,530,347,226,974,9,111,334,336,664,383,530,225,290,965,477,254,70,356,910,252,354,765,656,12,544,246,186,199,851,296,979,453,928,419,950,45,565,363,669,312,73,193,144,459,144,623,461,708,642,785,39,488,746,288,178,618,736,450,405,841,866,250,340,977,562,830,585,576,133,761,6,12,248,874,912,400,384,673,211,687,494,412,999,582,635,331,265,701,802,517,523,412,529,623,124,519,837,58,347,269,607,470,380,654,216,62,116,493,758,256,611,388,595,435,558,500,984,224,260,229,18,560,42,882,912,511,157,319,504,235,316,850,812,716,487,243,868,318,82,335,458,773,592,715,884,506,45,275,18,8,454,419,542,281,241,183,925,18,819,577,158,635,467,126,73,420,665,89,505,604,489,182,474,556,635,934,381,893,567,361,353,529,25,448,593,507,394,782,662,873,709,573,161,43,475,874,994,567,650,218,161,888,313,855
284,834,409,162,882,857,658,747,179,462,531,962,665,941,298,469,983,743,452,518,363,95,61,367,792,71,554,3,718,422,142,791,943,745,884,937,284,684,572,401,626,514,955,21,929,161,415,658,69,25,402,489,741,989,547,639,266,805,353,61,249,337,575,365,131,437,723,999,857,430,874,793,801,886,997,44,222,682,282,734,564,652,255,179,729,475,720,421,856,257,672,714,488,121,288,591,16,633,794,92,341,189,264,247,642,593,819,835,164,373,383,595,679,916,491,23,105,181,798,50,721,476,933,251,166,381,491,528,702,10,785,82,900,706,162,120,586,492,715,276,795,561,125,357,105,399,405,773,977,635,657,960,269,795,410,880,750,349,811,444,427,566,931,368,225,49,286,866,374,958,734,202,490,827,5,606,579,583,273,195,480,451,937,872,442,412,938,615,706,424,172,670,48,568,603,559,59,624,431,364,649,522,184,107,626,839,479,608,111,895,118,707,751,709,28,981,27,943,187,738,861,622,750,271,411,609,815,718,720,206,935,673,359,186,739,394,381,117,402,526,203,45,222,324,244,272,890,884,273,756,596,853,493,420,723,263,519,777,429,730,612,131,497,148,674,393,79,543,878,840,319,994,190,721,414,591,150,45,992,53,383,76,486,350,394,169,995,561,268,519,634,155,777,198,479,546,120,708,177,61,195,651,964,85,324,342,3,838,165,380,278,322,518,124,727,445,978,127,259,33,300,495,516,871,195,922,103,168,443,649,533,863,424,278,834,873,227,228,87,127,691,243,612,969,419,814,224,707,548,130,961,883,507,244,892,813,705,582,76,530,526,189,597,540,18,199,638,864,747,34,318,45,622,616,649,344,652,370,744,342,221,215,505,380,889,678,403,760,977,970,839,610,834,325,376,954,316,554,311,897,65,41,199,839,580,288,413,129,180,847,122,121,517,863,5,599,115,398,88,222,506,854,933,330,116,988,105,204,361,307,874,916,151,883,532,672,274,294,652,945,479,492,109,843,431,235,4,679,963,348,473,667,757,251,18,69,781,600,700,383,827,960,233,6,9,686,246,396,944,64,525,419,378,379,570,112,29,763,800,564,330,980,712,129,442,469,775,732,904,996,473,194,652,625,276,994,834,224,966,84
876,877,411,411,659,282,502,710,442,100,487,302,192,402,194,924,710,681,589,188,771,228,516,13,835,935,900,99,476,606,90,781,105,259,27,294,407,213,200,791,0,102,85,577,564,303,256,105,263,520,766,839,259,892,952,992,87,236,46,298,386,55,674,701,743,609,794,536,147,614,666,252,442,773,670,488,419,202,211,893,754,884,903,144,249,480,528,72,569,177,263,763,618,838,248,395,503,25,426,128,49,893,481,403,972,195,1000,988,807,32,322,34,515,241,573,984,88,247,761,805,878,345,471,19,199,82,134,687,739,891,542,557,663,527,104,609,337,714,363,153,936,400,724,870,872,862,298,612,982,522,966,787,301,472,675,209,523,556,532,354,4,537,701,976,17,145,615,772,593,943,987,18,80,352,701,598,299,974,21,436,216,916,537,846,533,261,80,69,420,582,575,604,555,266,441,957,407,454,73,82,232,652,715,190,131,121,446,695,161,76,762,674,152,880,546,258,41,680,683,644,404,596,636,701,125,987,418,680,58,164,626,591,959,620,375,503,176,136,848,207,411,674,608,864,783,867,67,549,238,700,263,742,99,690,615,961,882,246,23,733,658,536,985,444,331,530,501,904,879,815,691,503,73,311,710,590,173,765,571,859,994,9,911,227,795,990,689,301,305,394,978,872,684,691,741,373,396,636,858,97,866,878,318,48,790,784,61,664,363,661,571,932,170,790,954,857,528,600,140,307,301,934,217,585,875,952,95,134,512,125,780,702,926,715,325,501,55,91,377,406,359,179,493,571,685,89,725,506,726,28,312,196,213,436,10,570,945,578,617,215,418,193,372,503,791,121,558,321,232,446,650,17,292,973,706,446,525,406,391,160,725,749,996,877,168,57,532,622,589,736,711,726,844,638,320,919,220,443,639,199,783,631,639,108,620,635,364,133,836,686,65,793,620,298,63,68,409,859,840,227,828,434,676,387,600,68,520,27,16,190,450,42,550,207,137,643,877,340,738,707,773,590,302,356,181,428,838,184,737,37,396,92,237,1,660,630,591,38,272,567,318,727,59,693,80,322,166,419,610,350,540,321,140,435,80,470,721,808,620,930,1,790,636,360,804,296,127,412,912,930,347,416,283,886,964,552,61,796,339,317
409,14,378,684,472,854,193,234,389,37,19,196,296,786,483,825,20,795,634,398,526,854,860,951,692,150,334,350,732,807,84,194,16,463,554,439,406,207,864,73,583,829,80,736,136,192,662,843,894,156,742,139,238,670,778,662,39,435,309,587,340,161,944,891,140,160,874,148,251,960,801,855,292,72,737,598,932,931,349,873,423,397,168,69,816,269,359,742,532,371,529,883,572,856,464,248,445,406,936,264,923,367,33,709,967,762,155,886,475,716,153,198,167,159,464,514,273,305,730,441,760,742,411,328,436,541,907,592,614,7,925,92,59,134,130,631,941,578,208,365,720,755,537,243,798,496,473,242,176,680,315,965,191,820,25,508,539,141,989,572,525,357,793,91,215,761,698,433,824,920,666,492,427,156,911,830,433,834,572,509,463,846,491,664,614,849,260,573,248,976,73,501,107,685,268,213,752,379,367,385,70,222,378,555,259,379,166,331,174,31,663,314,74,538,466,809,462,161,62,966,875,839,738,728,85,877,248,476,389,690,146,835,783,831,998,925,334,689,735,814,214,809,611,143,214,178,431,810,831,370,299,645,968,751,775,604,44,306,175,650,20,969,202,446,928,883,724,205,919,1000,394,223,786,891,217,525,181,593,979,43,135,222,896,326,863,155,528,624,717,950,295,79,120,311,614,997,159,733,452,271,605,636,459,388,794,695,422,851,179,611,387,593,810,93,754,774,236,264,526,56,610,737,670,713,497,489,729,660,899,998,652,898,922,444,308,541,379,418,617,643,921,107,795,530,47,79,287,29,35,618,896,435,542,237,788,15,827,635,567,704,143,641,246,498,850,981,846,573,714,916,152,667,480,417,532,991,514,0,694,449,351,751,442,573,625,315,509,292,876,701,49,905,778,122,756,798,869,489,162,183,806,102,458,330,99,436,642,392,477,966,239,764,114,292,343,534,806,383,135,268,919,303,231,877,682,861,32,644,290,819,599,765,931,351,583,884,851,166,313,456,485,223,324,229,79,836,965,962,213,873,193,220,733,50,591,697,218,453,71,993,499,691,55,493,910,871,779,490,235,607,153,858,833,812,860,490,848,466,202,640,658,532,726,416,884,678,661,17,616,202,980,686,157,878,162,819,309,898,850,815
900,727,504,826,74,182,512,266,366,83,256,248,810,477,687,181,850,175,124,536,457,504,384,55,724,123,728,264,847,845,695,570,961,491,623,65,612,427,971,332,429,933,165,663,269,267,982,636,434,991,302,971,147,559,779,236,606,410,262,95,455,818,493,964,212,996,490,324,655,573,153,445,748,450,267,188,198,476,634,513,646,998,141,406,863,272,999,863,117,54,26,781,5,60,816,22,719,880,291,725,928,711,487,310,540,575,189,377,846,982,942,20,220,960,892,410,459,31,448,249,327,868,330,721,634,336,421,0,518,581,36,179,578,630,997,492,129,85,731,925,800,710,894,477,469,323,465,782,931,778,809,887,308,338,744,521,474,10,628,686,922,959,313,437,646,977,411,874,373,748,958,565,511,971,689,272,344,826,0,664,519,451,555,740,865,289,75,589,597,520,33,417,605,970,288,686,763,764,502,899,526,130,221,155,401,296,140,329,54,825,267,77,46,564,291,587,66,332,970,693,808,361,698,990,849,317,574,338,505,10,218,468,686,384,654,1,653,17,422,138,123,37,805,734,213,689,829,436,71,244,545,681,391,517,16,429,675,710,15,614,726,173,570,608,867,822,977,366,91,977,742,514,222,421,55,600,583,731,291,41,427,376,309,852,482,907,870,972,570,311,185,48,819,521,839,234,196,947,212,352,563,824,632,144,939,400,777,126,646,995,261,855,880,15,515,649,761,979,221,831,75,99,253,257,255,313,446,909,580,625,733,518,182,486,203,624,221,98,554,775,921,62,581,654,124,291,110,640,556,574,530,425,792,610,889,788,505,820,639,24,425,2,776,743,773,480,939,292,171,752,110,629,899,591,938,207,307,562,803,687,69,379,373,198,687,966,833,127,976,891,77,819,353,941,130,403,866,914,384,525,779,752,609,612,246,110,343,763,323,686,383,515,105,595,203,813,328,155,820,844,624,996,290,276,73,928,111,843,522,654,704,963,298,448,909,948,644,512,920,663,560,88,706,223,312,212,711,284,601,143,427,551,549,260,897,445,649,201,252,883,854,502,171,84,803,621,395,188,288,666,355,605,847,395,341,9,850,653,901,438,752,453,811,561,37,259,593,799,173,523,751,856,752,113,411,58,911,442,954,717
232,518,170,88,458,465,361,736,61,926,928,94,916,819,698,108,972,322,819,933,216,2,547,39,497,557,626,362,613,906,361,395,698,151,66,232,815,417,357,420,621,795,630,426,26,385,58,149,331,794,932,367,893,352,520,187,570,49,180,654,947,20,357,518,947,811,992,173,753,66,701,567,791,614,970,169,840,125,959,647,24,182,271,994,55,65,563,518,352,358,42,407,107,257,386,644,134,905,281,174,512,992,454,420,562,665,724,139,479,497,58,690,422,806,979,108,749,421,949,30,265,314,671,951,195,906,620,222,195,1,785,566,985,547,959,558,42,908,639,486,646,945,692,181,563,966,861,879,931,826,34,141,711,389,336,661,522,19,118,463,591,603,913,894,201,853,942,595,553,669,283,368,584,193,650,442,356,369,167,245,431,450,642,999,911,991,34,212,614,714,430,287,826,2,73,455,175,715,313,244,709,359,401,410,392,431,23,254,527,540,290,708,389,268,567,164,596,293,311,165,255,714,474,707,512,56,478,73,352,452,818,248,350,597,847,946,233,546,514,690,842,311,905,959,64,988,471,98,264,163,252,62,363,216,713,267,372,18,623,237,198,510,851,25,486,774,706,735,786,338,5,482,979,441,867,128,933,541,892,539,502,67,395,146,976,228,472,402,719,759,337,973,504,434,363,353,907,936,960,899,778,189,332,267,188,932,475,3,776,916,120,724,179,864,966,486,219,98,641,697,515,940,702,700,527,24,34,118,462,131,80,755,719,981,156,207,68,917,420,799,99,766,38,705,428,127,280,71,152,602,16,988,994,340,274,613,480,164,298,756,156,373,760,566,676,650,573,271,425,470,15,69,349,474,612,525,851,477,106,719,407,15,792,449,176,13,7,430,752,234,246,34,779,779,623,492,374,507,9,683,394,684,981,114,424,834,339,587,925,46,826,421,419,316,483,700,765,308,483,864,188,133,425,151,675,326,240,910,268,498,992,331,610,684,619,116,212,677,766,259,959,204,197,644,900,597,618,122,760,234,297,747,500,81,303,372,793,423,737,850,142,681,97,160,710,334,492,759,811,345,221,87,658,524,585,206,744,588,486,661,80,933,760,995,469,647,204,295,93,43,5,306,465,743,311,224,188,22,872,396
42,19,301,330,53,501,355,464,893,216,752,287,993,771,669,463,662,822,95,567,22,608,614,639,214,883,54,426,342,467,320,742,660,402,637,849,903,183,137,357,955,35,84,411,580,684,130,220,727,809,966,869,531,756,634,113,926,48,729,437,751,34,272,520,142,44,527,401,167,635,196,503,709,86,609,194,873,918,742,556,478,566,145,162,458,448,317,835,888,930,130,66,696,503,324,624,17,685,458,366,497,200,265,375,265,258,210,809,62,141,293,220,424,727,907,819,382,499,116,641,992,782,561,203,509,697,443,134,182,16,750,117,405,166,419,281,980,410,737,574,76,459,676,520,770,445,85,751,441,469,370,767,859,751,378,23,970,158,46,250,811,763,361,223,676,331,763,463,995,485,799,415,254,899,282,946,382,253,631,478,919,415,473,844,886,669,631,5,126,798,290,155,151,439,8,333,903,739,16,672,895,391,781,393,198,550,734,491,863,99,216,643,392,423,518,891,245,70,932,198,633,116,75,659,901,805,83,855,272,445,736,37,540,398,816,61,362,199,906,577,574,152,385,1000,181,57,928,922,278,703,818,782,65,429,609,130,67,99,418,633,578,866,625,552,571,213,567,858,864,888,86,279,830,87,137,907,328,42,329,706,598,33,550,822,856,836,585,150,418,827,329,436,947,387,460,661,127,382,229,857,219,459,202,727,917,456,538,404,902,508,678,322,827,639,363,814,709,747,817,374,963,952,912,704,17,10,600,744,2,832,27,666,246,878,249,394,775,120,746,649,880,619,211,878,36,564,658,120,396,884,545,418,393,914,320,335,841,353,915,1000,637,632,596,390,443,725,857,188,347,651,138,339,352,243,551,331,236,434,698,2,544,73,502,461,99,154,657,876,918,476,179,908,412,634,512,418,950,928,830,381,377,114,538,242,92,161,729,428,957,173,542,306,533,932,363,920,804,673,141,411,697,179,190,122,482,363,342,527,650,184,716,635,7,823,971,370,856,10,519,448,382,809,253,483,394,461,101,88,950,275,79,207,662,11,45,707,358,498,362,765,159,887,810,902,245,826,9,866,577,433,258,425,238,785,159,306,454,749,161,179,861,437,125,55,372,358,1,219,637,429,388,228,932,606,644,652,482,59,773,747
562,850,738,303,772,87,925,59,977,812,390,622,322,477,193,558,151,611,0,390,500,343,638,61,450,391,801,668,231,254,959,818,293,231,843,697,101,68,594,634,174,199,429,451,227,308,993,812,763,394,363,741,829,988,629,932,208,560,567,626,353,87,490,365,863,421,753,182,377,131,958,687,593,331,370,711,841,563,400,957,822,933,831,954,566,866,502,139,689,900,92,664,365,203,910,762,768,405,2,86,214,189,112,494,380,883,197,561,266,607,277,43,313,302,265,899,899,826,185,18,809,390,406,73,392,482,542,989,290,402,268,325,481,407,937,616,160,307,826,100,954,429,5,983,306,861,330,193,186,20,324,161,441,431,654,652,996,610,258,648,822,364,254,74,471,850,472,739,392,895,481,839,849,741,651,105,871,413,977,896,257,312,520,336,564,78,588,113,598,872,574,115,572,150,434,296,265,383,79,13,550,682,796,651,706,206,824,112,143,411,752,978,918,509,433,166,335,295,419,445,164,564,29,605,206,376,159,868,743,201,318,864,447,388,609,431,998,874,176,65,253,95,630,357,279,793,154,747,274,550,677,328,453,668,238,1,436,267,524,188,475,66,237,776,288,303,559,292,283,116,18,777,66,242,478,725,917,725,321,168,810,55,128,749,340,194,640,668,359,67,253,637,44,396,569,836,934,447,945,622,946,967,483,51,342,63,799,608,0,383,216,603,333,208,866,89,804,3,591,159,503,849,257,560,287,773,992,890,404,161,33,58,170,743,210,148,232,46,118,423,596,457,768,996,182,78,439,601,949,661,598,862,499,885,746,803,230,922,263,402,217,727,121,77,168,327,445,447,717,597,625,913,305,841,170,397,860,17,892,682,508,87,268,197,391,981,297,907,665,274,546,137,536,598,757,462,556,515,613,476,437,751,440,862,777,31,985,31,374,765,625,582,22,828,950,232,347,469,701,983,83,66,614,16,328,819,685,985,780,710,916,602,400,308,788,305,683,553,522,142,896,281,80,224,656,439,579,251,183,458,69,304,204,694,311,841,571,991,654,962,507,859,104,128,790,493,234,351,586,436,221,0,167,865,660,716,51,623,683,503,512,205,817,665,55,399,593,243,881,305,818,328,934,948,881,653,900,275,656,870
255,623,173,349,548,709,399,869,67,287,252,124,50,987,97,304,487,940,491,37,765,525,476,902,977,497,592,96,454,982,469,984,71,2,728,570,568,573,559,660,899,47,299,709,1,838,457,252,766,166,787,757,684,145,315,538,836,172,713,325,766,805,606,268,8,866,985,430,242,514,662,3,326,433,636,230,225,242,60,314,908,758,574,199,705,967,101,809,412,620,812,888,820,274,251,402,721,321,630,271,224,0,528,449,126,92,459,119,233,806,897,952,553,53,605,767,88,336,795,241,223,885,536,679,668,84,880,631,246,337,362,950,619,929,467,577,311,194,606,913,805,824,1,669,277,947,389,641,176,560,285,435,103,559,607,187,190,293,437,915,226,244,509,914,793,944,262,848,218,883,606,117,373,163,209,321,252,491,653,492,652,26,960,245,832,528,13,375,711,903,599,857,111,661,534,742,999,149,92,748,189,585,349,849,274,991,16,952,91,878,22,973,211,175,187,650,377,361,226,472,73,348,238,751,710,177,814,748,97,94,653,680,355,504,849,487,840,588,766,746,293,979,224,152,891,448,629,1000,449,228,937,118,956,333,759,892,849,112,21,484,488,114,502,572,794,702,464,361,626,97,833,660,611,474,80,852,361,779,981,766,984,465,567,143,654,851,676,754,906,853,94,3,69,356,20,799,392,2,732,852,956,534,82,989,97,448,999,315,13,883,290,111,321,902,865,553,217,533,451,102,287,330,470,283,35,224,418,550,317,562,191,347,300,130,222,759,100,499,89,762,604,81,13,893,759,346,835,911,630,359,114,290,983,412,454,192,595,551,907,221,239,955,484,992,782,44,764,885,829,591,773,640,905,343,381,286,378,993,928,954,709,270,539,496,454,427,60,381,775,585,153,363,465,225,404,405,673,855,992,80,377,740,258,991,787,801,655,628,20,720,110,227,315,506,66,904,539,357,930,530,717,37,752,13,831,173,938,427,413,750,609,900,950,488,722,895,316,857,253,990,558,518,129,940,332,555,89,70,9,517,667,696,904,247,230,853,539,36,742,898,634,772,226,776,711,650,107,6,517,974,818,171,330,274,202,252,748,448,919,422,895,615,460,108,613,226,930,4,624,5,371,368,762,647,349,364,560,173,849,993
56,313,31,960,713,341,177,39,300,792,595,689,825,230,964,260,449,486,22,28,497,253,30,340,0,655,151,255,211,955,12,764,232,934,814,306,873,422,950,750,104,915,513,248,107,22,408,518,86,103,709,575,87,350,985,329,984,620,107,825,503,893,742,321,65,454,564,903,797,940,350,949,977,205,523,682,852,49,940,895,332,216,817,770,917,989,707,943,67,287,61,242,161,330,90,126,687,798,762,138,421,88,524,700,829,619,890,495,487,95,914,245,166,554,512,856,583,339,620,74,637,350,943,579,543,362,334,691,578,849,732,634,743,281,739,822,496,703,183,88,970,482,141,814,271,981,533,234,693,575,939,887,630,74,947,380,689,106,70,898,240,351,220,220,864,679,62,266,209,166,63,762,54,936,214,287,416,350,390,969,41,92,675,432,69,923,988,356,898,967,766,654,423,187,288,482,341,134,427,994,447,493,722,441,809,569,879,915,327,714,359,457,554,620,814,635,583,716,989,360,435,328,550,100,821,364,726,26,607,726,119,913,16,932,498,290,320,552,424,371,313,423,125,978,614,905,75,190,760,475,162,518,898,557,889,574,302,732,290,419,791,908,300,169,979,156,814,725,684,567,464,151,367,965,448,913,22,936,760,121,429,788,531,712,525,655,547,64,645,312,476,576,490,901,322,92,351,829,25,857,984,998,513,134,615,975,598,112,269,833,727,681,238,25,971,722,157,857,31,402,462,353,396,489,142,897,202,840,356,801,308,706,518,257,903,569,31,694,930,207,836,655,932,353,260,734,517,182,774,901,943,479,251,200,442,507,262,583,939,142,662,244,688,34,603,73,503,785,285,355,231,582,797,836,605,417,857,890,729,660,872,251,430,339,934,926,97,77,521,510,282,240,117,823,803,924,540,145,492,739,487,444,711,851,806,976,938,90,701,924,537,920,116,914,670,386,116,558,888,25,184,150,216,603,595,449,56,470,653,408,958,33,364,614,744,781,930,108,209,969,701,994,385,314,547,611,601,381,563,726,446,457,80,22,571,559,887,527,168,532,552,13,614,991,339,268,917,454,952,201,496,692,122,708,547,666,594,476,902,317,236,921,541,208,919,327,924,86,564,349,207,677,542,753,154,378,257,701,770,708
925,686,555,62,837,246,122,919,910,690,500,539,654,221,416,296,760,189,563,94,257,466,473,95,788,559,197,29,533,502,901,19,260,19,474,718,816,341,185,438,389,372,184,619,789,332,579,338,236,484,541,828,451,264,267,783,965,810,687,236,289,575,705,353,596,409,651,257,129,113,309,540,520,231,338,579,19,664,930,865,923,400,389,304,450,219,751,201,307,607,118,365,765,106,734,771,928,388,260,285,629,55,107,520,179,251,939,274,385,816,751,571,366,800,732,747,99,922,890,534,8,583,864,999,53,912,683,80,828,993,149,874,916,794,107,918,157,321,243,994,239,903,233,756,110,26,613,177,868,334,805,932,804,877,165,537,215,705,810,324,197,905,197,816,70,196,152,797,806,323,329,997,797,312,524,428,790,493,892,402,373,232,459,503,997,288,828,92,374,767,337,548,45,683,594,757,969,231,632,110,748,75,570,445,177,953,102,224,806,668,884,108,301,567,813,693,773,620,381,32,31,378,753,79,197,639,357,552,898,182,539,929,196,965,451,856,736,403,746,178,93,590,376,746,573,995,939,264,669,930,661,672,72,792,96,284,903,406,852,265,401,68,254,220,807,98,359,178,468,321,885,90,483,506,772,261,709,299,31,307,194,879,944,7,631,803,974,684,127,264,491,498,822,897,846,541,530,328,730,793,600,383,764,351,508,822,441,793,52,910,158,299,938,642,693,455,154,534,821,770,541,491,543,94,772,645,253,107,126,142,393,987,898,739,864,670,611,305,803,940,1000,484,526,590,178,929,957,694,301,916,86,272,739,3,964,225,281,722,653,137,439,653,179,956,577,734,973,199,617,412,271,240,44,545,208,969,70,682,817,871,851,361,180,527,12,470,521,387,139,605,931,85,320,847,116,134,830,829,855,892,254,188,793,706,457,867,992,748,635,312,339,390,298,443,257,930,789,305,762,31,187,499,269,236,535,159,763,123,214,946,450,922,756,905,675,532,775,294,451,948,916,421,430,985,568,324,418,385,268,787,268,349,649,79,543,688,203,350,297,797,549,694,801,491,397,926,17,959,16,500,98,898,330,197,222,972,573,607,65,481,715,964,119,585,243,82,22,298,543,872,378,661,368,288,573,399,953,335,341,53
335,622,181,354,521,947,940,682,986,535,577,901,268,657,554,61,268,791,186,828,195,455,896,670,240,372,156,449,555,302,28,748,329,520,885,787,225,75,296,48,599,285,653,182,20,882,142,742,495,204,411,353,314,649,579,445,400,141,112,470,428,386,597,585,238,837,277,697,565,152,450,365,358,966,578,871,21,900,953,493,666,782,218,530,686,106,861,269,367,215,68,679,623,922,480,21,145,166,599,293,411,310,344,690,404,677,711,370,472,923,114,181,412,37,610,914,517,101,459,203,977,523,7,146,199,363,704,99,710,915,447,916,181,180,306,544,670,447,153,438,859,192,167,983,888,61,836,717,21,527,630,76,326,339,450,803,127,155,402,670,377,218,498,576,243,688,27,285,309,541,175,439,626,801,563,530,703,182,93,775,970,422,891,843,88,332,884,806,108,456,173,998,552,846,496,645,210,378,124,102,558,824,848,79,794,242,201,555,136,895,394,473,582,46,314,655,315,483,224,972,117,455,250,475,734,300,333,114,301,721,346,353,179,3,825,36,110,607,130,632,27,408,704,822,5,780,23,894,865,66,441,261,900,523,608,362,283,839,600,139,241,313,576,756,751,828,409,350,221,548,133,828,219,419,235,294,73,389,329,880,575,374,771,197,635,509,103,21,375,136,598,946,546,632,939,427,785,454,302,213,138,872,917,790,124,407,70,411,691,36,228,369,844,455,838,353,944,120,841,405,715,90,363,517,746,710,707,257,977,811,948,441,339,174,261,573,85,718,694,421,239,229,224,547,337,667,500,668,775,343,231,605,930,740,798,319,746,376,14,339,202,78,722,972,409,689,497,293,57,388,665,763,371,297,216,88,679,926,845,224,0,355,794,60,955,763,427,770,53,248,665,351,147,827,675,743,995,406,21,572,550,696,746,263,354,581,583,649,772,601,56,141,20,706,597,680,3,370,788,641,980,924,262,644,642,945,129,680,433,160,199,968,349,952,217,872,2,293,715,696,791,362,939,54,903,859,739,274,89,694,641,167,610,951,312,682,89,915,506,195,254,326,78,640,737,642,743,153,688,326,482,680,900,770,976,240,114,730,101,902,301,901,973,634,415,667,443,274,997,627,129,591,261,558,50,865,963,366,981,422
589,389,288,301,522,112,192,47,718,482,514,663,779,506,613,537,72,172,729,595,207,446,676,264,198,368,119,417,643,195,753,144,738,567,384,525,357,38,254,726,0,102,584,30,30,504,403,596,473,643,658,254,271,442,487,19,540,593,11,662,220,645,889,64,466,854,605,657,682,300,724,527,564,579,926,240,294,776,600,775,467,633,583,444,317,470,217,623,904,893,410,390,880,688,224,485,782,719,222,130,222,524,992,736,92,98,760,429,692,256,592,255,528,959,931,69,474,155,83,153,401,571,847,366,139,362,776,369,249,206,878,185,812,941,381,658,411,77,14,372,140,167,857,358,265,33,162,738,942,289,653,746,394,37,572,184,738,51,197,589,674,772,659,812,134,497,378,29,621,445,95,207,902,330,409,284,22,982,602,389,674,918,965,576,220,497,582,847,233,461,894,286,855,354,560,380,473,437,879,587,813,211,317,332,407,230,429,649,739,523,152,191,197,244,982,883,772,902,265,644,247,154,463,474,675,304,261,330,632,325,759,606,54,953,634,419,829,428,151,678,282,561,146,189,309,363,152,891,371,998,545,63,143,291,604,83,442,760,48,226,225,532,952,258,944,352,266,793,262,333,319,608,129,985,514,216,467,778,440,375,888,897,909,282,785,807,814,150,466,310,813,485,240,501,237,221,104,944,903,868,162,775,408,127,824,116,402,142,276,934,169,885,623,658,917,955,810,797,897,964,51,532,863,940,647,863,731,347,490,400,969,550,198,888,884,624,731,765,677,619,225,287,514,334,979,102,349,925,63,172,96,199,845,216,220,460,250,902,907,715,742,41,288,534,442,668,190,560,458,630,819,206,291,212,273,906,844,836,135,557,234,259,552,770,829,107,354,50,427,958,898,46,70,726,299,515,384,419,63,796,305,948,479,392,563,483,460,442,597,28,138,701,682,378,266,155,70,298,10,473,85,96,733,714,176,920,521,956,831,155,801,875,347,631,2,481,417,175,476,455,861,662,690,947,972,283,434,624,615,766,862,31,70,556,939,292,726,508,527,17,202,592,524,777,76,495,28,374,684,553,464,249,690,158,241,35,768,103,620,104,161,418,639,728,252,663,848,179,282,841,274,5,61,440,713,692,847,540,677,862
123,494,728,355,291,517,441,854,914,816,845,972,653,150,941,82,398,290,817,889,960,104,460,676,483,801,377,856,413,6,439,855,190,645,545,358,122,104,591,787,255,635,679,917,240,742,895,740,514,533,772,376,592,723,154,488,647,170,120,328,930,847,756,650,910,247,838,946,796,64,201,599,344,564,729,638,120,44,991,837,60,112,75,448,901,660,599,987,853,664,679,526,850,561,21,216,827,311,713,799,662,442,20,66,291,33,996,974,727,881,314,172,383,9,908,143,243,180,589,577,82,144,896,363,987,709,630,487,690,204,930,564,742,271,377,567,590,808,116,314,745,160,95,849,2,951,320,861,5,740,675,588,189,487,164,775,402,704,896,865,978,687,499,564,599,203,572,88,392,84,793,736,332,828,703,340,587,305,315,301,743,992,709,972,724,635,384,112,216,179,318,329,72,446,256,19,107,322,372,535,673,961,45,960,897,444,357,532,927,860,829,290,858,651,973,153,463,821,746,913,26,589,914,140,779,400,3,171,359,474,494,200,347,644,448,615,585,469,4,295,584,358,756,639,710,649,272,821,483,228,275,383,615,430,950,208,70,567,357,105,810,885,734,934,942,346,883,427,320,678,805,127,787,229,889,372,58,911,356,66,303,43,464,297,973,472,64,466,436,98,20,399,480,624,988,793,898,90,80,772,464,154,365,260,174,248,104,933,497,544,492,169,474,698,40,787,860,407,26,615,985,426,550,356,423,902,377,233,739,67,713,386,314,495,840,69,97,113,109,163,258,711,942,706,776,172,941,642,717,423,793,577,981,685,151,314,987,862,229,493,859,287,319,239,163,391,33,367,101,461,147,962,579,520,258,325,986,469,929,626,842,189,87,831,246,23,910,621,412,719,170,156,609,963,845,583,481,160,389,301,298,315,647,242,660,660,961,275,390,1000,845,340,923,923,593,845,305,166,505,360,37,777,290,570,507,224,619,37,36,892,128,212,738,758,4,456,825,975,344,154,902,316,274,866,549,353,219,108,794,761,128,277,637,36,192,80,51,660,322,274,805,390,904,965,729,218,267,970,815,299,616,778,118,368,818,263,506,656,168,632,204,820,596,512,621,368,57,361,613,912,528,532,54,822,760,394,982,303,848,502
752,783,558,169,619,69,104,665,853,902,311,852,86,867,242,75,188,643,821,342,595,405,270,389,764,584,27,767,172,673,75,993,815,655,850,647,48,944,168,16,590,518,397,83,119,270,712,59,928,970,927,85,541,824,573,458,934,613,627,564,713,179,88,515,684,620,713,308,640,813,41,291,541,547,22,537,970,725,769,186,28,193,953,333,506,936,303,936,718,333,110,319,339,230,942,244,584,972,95,843,948,421,351,361,346,640,201,257,115,282,723,159,564,702,179,541,456,806,444,883,223,322,490,141,216,34,966,967,706,161,819,816,797,402,15,904,480,960,430,333,507,123,633,213,62,975,367,221,614,528,815,503,953,950,114,613,965,145,377,667,815,985,420,45,546,912,897,95,588,448,522,120,162,159,878,893,863,999,711,228,458,212,680,698,446,553,512,640,481,424,160,649,163,1000,47,229,821,699,991,281,947,905,272,661,187,815,509,542,386,717,154,353,997,164,69,738,641,39,523,398,921,604,291,565,551,409,697,262,21,698,570,739,401,677,676,729,792,44,759,896,850,784,267,749,650,323,7,374,994,518,792,507,348,685,272,859,15,843,307,237,107,773,911,670,680,509,982,301,463,423,941,219,249,266,195,48,186,922,371,529,546,120,148,198,829,789,825,136,385,594,634,537,511,135,973,226,651,481,283,983,471,719,630,374,15,272,875,553,391,652,759,380,266,788,349,553,876,743,884,627,667,324,174,664,343,366,565,219,76,647,469,256,38,829,198,153,891,66,811,383,792,964,219,495,581,875,296,606,305,905,1000,856,437,623,351,421,853,126,868,526,437,299,654,205,158,329,137,265,516,920,894,53,908,32,149,815,892,632,442,435,518,38,360,972,110,693,961,562,342,398,943,684,172,301,5,724,534,363,329,401,702,765,757,669,124,562,33,39,54,164,650,284,48,605,887,575,260,698,140,274,299,521,767,459,998,16,82,666,10,538,657,217,376,778,196,714,484,551,665,473,734,42,438,811,264,346,516,394,559,946,611,390,359,386,291,29,367,356,115,397,896,302,10,390,891,848,576,654,749,421,800,411,701,911,281,81,235,196,427,820,765,115,788,560,54,970,641,489,271,256,745,273,847,303,405,979,836,564,132,409
592,320,302,333,680,34,218,18,300,555,334,591,793,390,441,636,587,688,427,843,442,223,325,865,353,985,717,803,224,338,3,29,749,19,404,521,872,423,91,134,471,61,572,22,321,870,636,405,525,384,476,181,949,939,929,593,882,543,976,631,113,628,873,966,753,706,55,255,528,49,453,278,764,177,494,461,257,384,332,799,625,478,395,995,881,389,398,305,751,467,400,535,912,757,337,20,936,782,412,377,21,432,119,863,87,724,261,275,374,933,286,852,786,142,179,940,326,461,648,235,198,596,485,818,784,581,311,655,672,73,972,316,633,724,480,146,335,84,207,173,174,943,201,678,161,514,735,41,492,323,718,263,392,378,648,133,365,259,498,691,157,185,970,843,595,621,740,252,938,28,946,514,508,12,877,976,369,185,887,111,770,400,515,700,27,577,902,370,557,372,292,51,66,834,897,348,755,897,513,798,796,235,716,44,597,479,792,754,814,27,796,173,323,121,961,957,263,117,493,585,12,529,497,734,731,805,297,103,398,851,91,109,268,890,390,652,607,937,792,258,625,691,840,550,459,283,356,450,747,80,584,728,615,959,310,159,449,540,342,815,538,951,506,811,260,60,111,454,740,528,558,555,376,419,400,450,243,797,715,32,891,660,858,210,524,677,196,450,23,580,960,153,580,409,165,359,998,94,883,601,681,837,368,391,340,678,930,626,973,787,639,43,770,314,113,37,831,143,67,563,692,587,795,86,825,116,423,24,684,46,76,48,364,398,306,813,218,66,738,75,283,234,840,893,827,674,666,157,813,889,845,950,394,462,439,0,274,465,781,662,910,508,600,562,560,852,214,658,451,200,81,9,327,176,585,943,747,349,218,97,74,512,631,18,530,876,34,470,366,441,474,637,108,952,731,856,952,598,270,651,328,464,556,46,22,441,957,67,572,954,723,870,171,139,288,714,625,262,174,641,650,876,856,757,564,445,135,386,918,529,280,933,314,770,790,615,775,395,7,114,817,607,391,503,743,333,599,905,313,652,447,568,216,349,352,466,57,838,988,530,145,919,456,589,47,674,92,914,749,263,260,782,917,227,201,552,474,605,583,557,890,984,579,761,398,273,220,122,323,879,235,869,650,466,1000,44,417,88,968,3
110,24,232,787,673,106,61,809,46,649,159,648,812,767,384,312,429,959,617,956,895,757,556,475,894,821,373,845,551,933,203,463,448,396,240,399,237,61,504,694,45,914,414,628,829,153,607,182,331,379,894,704,528,181,774,909,350,217,316,702,807,27,196,440,437,303,816,34,838,638,73,597,148,336,571,346,479,121,240,825,558,489,183,275,659,721,218,594,17,387,656,432,235,630,469,4,11,497,506,847,244,667,344,457,535,710,414,821,616,458,141,839,842,79,747,984,79,270,804,992,91,518,88,426,226,656,355,683,755,384,167,74,241,431,767,803,474,920,700,785,841,28,18,828,815,66,397,676,426,521,290,838,284,161,530,747,475,645,896,558,343,41,7,54,828,619,544,678,316,976,676,817,55,851,861,710,66,607,474,839,662,563,565,206,459,518,514,94,442,892,235,743,833,559,248,183,242,181,180,896,431,799,337,786,438,866,141,813,878,413,500,399,724,7,12,547,743,236,947,637,425,370,635,484,338,192,53,57,575,34,514,887,721,709,102,190,287,969,511,7,682,312,831,459,844,924,651,250,841,874,877,111,980,790,160,247,155,972,628,331,242,557,124,323,168,928,588,85,698,965,377,25,728,84,609,683,647,306,29,722,263,732,978,980,369,970,240,459,875,34,352,718,410,361,320,19,799,942,981,927,314,962,561,728,795,438,43,87,241,859,504,912,254,46,890,679,459,316,398,740,240,873,871,67,195,584,941,726,747,729,52,427,349,153,243,263,203,683,486,172,208,775,161,615,460,44,864,201,2,646,273,903,731,135,515,289,302,783,961,234,633,697,217,676,758,942,127,501,412,361,964,170,475,327,24,1,756,969,676,155,432,788,83,764,864,209,113,311,783,164,755,866,423,250,575,568,983,192,58,792,997,467,186,861,654,631,122,960,412,426,321,425,784,321,970,886,253,860,785,109,852,364,597,204,647,848,531,506,965,407,659,440,308,151,141,158,310,0,642,144,965,154,639,809,125,142,539,847,546,302,820,318,382,427,768,319,811,825,432,706,468,188,91,450,758,836,890,834,30,248,181,139,810,76,335,830,609,479,631,72,418,671,849,380,89,716,596,632,603,966,200,779,48,116,831,405,98,723,51,690
936,962,350,63,65,38,588,897,470,336,804,961,362,603,911,784,168,397,419,58,173,660,67,14,525,130,636,863,452,381,945,442,641,604,231,642,930,715,416,620,596,641,799,763,113,370,730,451,244,767,642,842,959,459,749,67,362,131,677,873,880,780,676,897,854,908,860,593,855,722,428,324,317,598,326,380,612,805,68,384,88,626,959,80,436,383,920,949,683,885,485,234,791,49,104,752,971,976,719,329,590,439,664,764,248,125,232,358,630,609,861,305,138,990,408,380,615,239,819,601,736,134,705,572,579,981,62,80,498,78,640,704,408,812,661,915,287,924,481,540,313,391,550,72,633,130,341,266,238,158,59,98,570,227,1000,437,293,685,744,471,912,336,633,431,391,43,350,447,963,272,675,164,184,867,666,60,384,480,433,594,581,407,515,163,889,583,819,262,993,264,484,451,837,395,380,13,404,52,746,754,339,564,524,996,932,668,346,636,217,36,850,204,767,1,426,184,170,731,245,53,528,366,633,43,266,875,996,138,311,978,397,1000,969,339,887,103,414,787,517,500,391,137,324,157,44,458,533,802,315,66,874,567,4,881,182,167,74,354,302,390,328,142,605,17,217,258,561,146,927,620,759,76,450,888,307,383,916,879,618,886,620,860,342,386,266,360,405,830,255,785,187,238,1,703,768,336,747,204,912,440,388,533,79,122,614,89,275,673,199,635,626,192,937,120,526,431,656,712,790,911,869,371,801,337,309,40,168,799,209,811,589,134,252,759,158,956,341,311,175,438,70,838,275,586,181,566,508,706,888,115,555,657,126,253,826,222,558,826,348,719,644,678,825,132,449,1,50,639,356,80,263,320,963,462,9,623,904,569,613,393,869,925,56,571,322,913,375,605,658,111,495,294,686,945,394,221,578,532,595,94,929,841,547,924,931,281,331,102,669,115,957,308,948,144,308,72,595,9,990,26,470,771,425,116,918,423,648,228,221,635,316,265,11,931,848,670,607,316,180,114,200,47,240,74,967,281,652,471,647,223,619,824,102,82,229,782,188,908,11,928,940,445,730,972,580,950,507,213,796,885,831,417,941,271,203,508,572,262,431,894,311,858,92,541,260,240,137,505,647,789,251,62,167,603,301,663,999,889,503,148
832,911,311,168,922,699,577,985,605,454,442,383,383,303,919,893,982,953,418,658,347,34,208,680,896,724,792,394,41,424,182,19,84,650,246,196,521,29,693,14,350,831,583,124,402,626,485,679,797,947,756,475,420,144,727,676,581,658,324,319,243,505,141,938,28,365,63,304,64,431,569,888,591,215,880,492,153,143,603,842,542,360,921,597,266,682,284,332,195,622,116,154,160,17,129,762,365,533,545,1000,694,462,121,379,171,253,563,446,941,622,75,955,805,435,682,298,17,913,871,653,748,68,178,219,364,857,726,930,73,582,204,952,945,110,665,987,464,443,196,758,536,39,619,82,845,285,373,131,179,893,41,333,727,503,976,306,399,247,8,613,470,306,214,211,161,544,446,118,855,721,119,557,924,214,913,570,306,47,749,433,135,36,633,573,69,909,550,551,538,533,364,589,570,812,312,712,49,641,893,415,318,741,697,783,568,356,356,38,561,870,8,798,698,845,314,137,587,1000,857,329,511,352,310,510,965,793,959,175,926,473,411,721,689,895,630,351,563,817,192,663,837,391,832,669,441,239,957,804,289,170,120,481,465,822,212,742,281,915,899,806,159,692,724,401,707,725,22,693,809,996,226,39,967,943,472,718,893,970,291,585,769,744,776,963,659,721,525,913,654,504,428,599,235,575,437,907,931,326,167,948,349,350,2,378,32,845,820,454,631,460,119,660,654,52,50,846,61,851,807,411,788,565,149,4,922,328,12,632,339,747,230,773,649,279,990,960,178,584,5,684,450,535,299,945,830,502,726,361,247,459,235,934,839,562,843,111,238,917,278,219,931,721,498,814,483,509,998,825,585,237,305,735,8,127,639,757,424,232,591,910,640,627,865,845,372,943,172,204,343,219,313,483,956,610,378,408,23,575,823,203,723,675,889,753,561,95,363,304,820,194,350,635,874,961,922,46,607,935,942,112,388,808,42,314,752,749,942,160,384,696,11,893,912,611,452,13,32,453,172,60,685,882,550,68,979,51,959,188,366,446,609,343,444,377,472,659,156,610,436,713,937,899,318,302,772,273,966,10,858,553,66,725,365,727,588,567,168,26,521,774,956,480,918,874,406,250,525,676,608,714,390,181,633,60,921,525,280,556,34,126
176,280,874,182,697,301,259,80,988,953,105,49,745,976,869,352,199,43,521,606,498,958,152,796,145,291,335,721,300,456,928,431,152,396,545,935,556,385,313,956,57,313,381,201,487,432,638,729,388,944,620,939,871,609,102,699,833,536,106,799,705,783,963,273,625,153,255,50,485,883,560,496,153,345,986,834,537,229,30,200,974,42,239,403,125,959,31,197,576,847,519,877,416,4,406,258,615,170,276,988,92,362,263,840,155,568,406,711,4,503,55,707,174,961,20,699,199,933,14,156,167,891,238,866,346,913,415,924,842,874,557,236,501,689,767,664,162,312,745,538,91,800,734,367,458,157,138,234,78,573,22,297,733,906,278,7,310,527,745,724,821,952,605,490,650,516,260,657,582,243,573,444,879,652,210,289,601,314,608,18,234,397,888,977,78,268,345,822,972,718,326,882,373,328,744,391,920,522,29,825,274,787,959,693,666,13,819,474,172,741,301,647,666,624,637,29,733,92,468,795,555,622,469,97,563,516,917,631,234,520,223,51,988,356,295,791,470,190,705,109,950,194,373,759,467,375,129,471,131,959,284,796,175,515,428,989,153,538,676,96,482,893,200,705,322,308,977,476,829,883,705,951,695,55,695,568,674,110,428,404,906,732,379,920,403,319,601,676,514,831,923,103,378,453,986,359,241,491,279,171,428,169,867,73,432,945,956,881,117,324,513,51,772,45,953,152,136,190,829,728,974,834,128,857,555,224,180,480,457,642,438,533,81,837,119,750,118,607,567,645,449,988,578,320,762,531,353,440,387,601,581,385,466,854,84,80,653,927,888,374,625,507,884,928,240,875,219,253,937,57,959,1,397,265,872,80,760,334,368,779,239,20,667,301,529,857,255,703,557,976,767,360,767,792,333,96,564,133,891,538,766,705,253,491,659,473,371,564,220,193,363,742,224,313,492,402,852,569,427,859,598,243,292,618,247,485,792,278,982,867,1,394,979,364,228,675,477,91,463,736,444,422,863,230,702,115,207,303,635,719,520,556,399,927,755,827,397,221,0,614,881,66,266,494,778,841,922,31,481,701,901,637,478,430,629,992,368,9,598,388,322,912,515,909,124,515,416,495,100,908,841,689,421,600,195,871,701,314,946,167
53,216,294,620,490,226,774,534,294,148,70,642,171,697,100,717,915,951,934,894,908,700,667,624,78,258,932,724,150,641,467,240,70,539,332,64,240,963,993,973,308,261,809,717,644,151,692,740,443,321,336,477,404,21,855,66,421,720,372,817,115,743,322,841,950,501,159,416,702,881,885,418,860,374,369,866,24,250,894,367,402,509,295,309,510,847,315,793,486,633,167,267,574,267,698,849,558,202,622,326,775,575,515,56,265,441,2,872,591,41,933,848,61,412,787,241,807,836,810,336,271,10,658,500,275,358,502,258,999,72,399,871,626,136,783,6,758,482,802,847,99,693,88,481,292,688,857,847,72,54,426,238,91,536,192,698,709,465,72,435,241,769,950,973,288,204,989,936,280,153,832,532,809,680,28,439,54,104,328,549,256,365,106,600,531,602,872,840,499,995,504,161,695,745,300,282,367,318,84,897,757,300,305,617,174,432,916,48,316,931,158,482,290,850,823,704,339,44,424,525,39,137,698,429,920,987,236,98,569,242,745,130,753,732,417,88,831,335,923,743,867,736,407,799,653,265,609,170,151,165,847,500,975,880,342,361,464,412,796,522,917,285,380,592,232,959,402,630,825,260,430,679,209,222,600,721,812,128,465,952,851,948,357,900,11,312,778,559,913,695,188,752,45,236,78,703,644,800,1,204,958,485,885,44,744,314,467,501,655,646,938,348,163,24,494,160,350,444,290,734,281,734,692,259,712,532,419,264,654,778,474,862,485,38,421,43,420,458,80,962,246,437,728,685,855,580,825,811,188,385,75,134,493,376,469,774,7,162,228,277,335,617,905,936,969,281,324,767,810,220,262,711,181,978,574,397,667,911,361,365,147,953,469,740,570,274,499,118,75,392,549,507,50,199,665,264,139,7,104,361,918,872,794,236,957,782,585,507,349,34,762,971,195,371,129,322,780,773,520,296,720,418,118,405,336,170,573,757,560,63,784,433,805,9,725,691,196,143,761,605,781,50,935,622,425,380,556,585,598,180,954,272,817,217,305,275,343,998,580,589,74,587,911,717,705,656,643,801,809,239,250,304,277,764,317,798,143,229,844,990,457,922,115,801,601,68,208,357,757,681,798,696,195,446,11,52,829,540,508,271
58,659,345,928,208,139,391,375,445,703,843,209,889,605,988,462,541,48,190,891,563,419,329,417,226,946,145,628,373,108,17,828,149,261,992,512,68,720,289,45,773,392,976,515,521,753,352,601,445,316,325,441,498,755,232,768,14,866,987,39,571,330,717,990,355,526,956,432,991,694,697,234,960,468,719,775,442,581,412,589,295,294,50,185,160,567,634,478,844,516,315,137,652,281,907,426,783,835,878,33,115,865,79,282,919,288,503,459,592,588,992,669,617,808,369,412,495,973,278,824,221,894,516,638,404,297,277,469,551,794,892,242,427,62,776,575,726,389,159,632,103,934,591,166,447,847,782,198,26,454,423,92,877,740,203,896,432,265,207,869,601,17,732,353,878,323,567,370,911,481,214,749,15,51,479,576,999,90,755,794,591,519,414,565,897,648,528,385,631,88,13,48,118,717,954,942,96,226,850,415,762,538,456,986,549,871,850,528,436,538,933,837,418,921,928,2,630,972,811,292,561,334,50,228,463,242,794,445,773,276,355,615,217,287,214,254,626,530,655,120,297,958,356,357,388,227,239,427,438,915,114,208,954,319,303,424,943,142,361,332,571,722,401,622,827,842,152,849,415,196,263,490,258,15,509,480,709,857,799,807,420,866,576,474,540,298,253,209,517,452,3,16,656,673,744,590,920,862,696,579,453,948,679,162,418,616,531,120,819,242,673,963,308,978,191,237,59,469,357,162,977,704,668,591,710,191,640,112,325,733,746,925,212,439,822,199,339,801,568,968,328,624,681,2,859,916,376,927,977,843,864,128,999,998,812,458,139,582,864,3,982,392,192,745,270,731,196,724,287,351,732,430,442,0,442,820,345,962,471,503,815,22,526,91,313,195,670,958,830,38,885,608,234,737,137,919,243,990,101,270,419,195,137,881,361,201,795,916,261,338,371,532,677,296,119,432,415,560,199,321,172,505,472,137,522,513,822,131,743,667,277,50,876,956,724,933,711,426,633,274,427,921,897,257,963,548,105,5,544,152,401,244,767,680,596,866,715,969,516,859,343,118,159,924,601,75,33,917,384,375,756,228,865,746,876,847,636,122,188,487,589,492,658,575,480,939,173,659,896,676,957,513,561,978,670,629,258,6,453,605
972,66,579,595,426,839,968,979,984,273,448,893,527,36,747,456,16,951,342,270,923,107,337,74,119,181,907,513,773,343,372,173,290,342,350,877,317,746,310,842,248,815,636,251,797,399,305,536,371,948,878,415,995,364,318,40,418,239,176,201,829,705,23,811,595,20,999,371,439,105,917,127,386,695,144,443,833,561,571,561,811,938,810,455,838,234,886,723,306,148,156,139,353,148,422,634,543,19,308,922,922,679,895,128,412,487,994,526,655,107,773,951,692,201,445,483,894,677,781,832,703,723,102,890,326,611,458,245,138,615,56,479,230,78,978,333,630,2,28,182,766,128,301,1,248,387,309,760,379,717,607,571,820,869,117,421,927,774,355,141,136,101,975,449,807,646,402,269,121,738,901,50,616,918,577,374,702,113,798,681,60,325,100,862,482,690,895,494,634,306,302,547,379,512,5,155,332,448,158,178,91,319,696,889,253,601,437,328,550,960,221,850,543,346,811,451,537,130,856,530,89,644,91,485,585,683,540,106,626,266,145,71,819,733,497,383,621,205,340,296,869,173,224,558,257,279,453,438,308,681,879,388,561,348,939,351,903,721,295,305,257,978,169,555,853,890,908,438,617,538,160,805,685,231,700,625,174,214,157,569,688,593,579,956,251,235,582,837,990,358,933,320,90,227,493,175,825,69,905,272,451,222,151,29,314,425,115,30,86,577,132,515,371,233,199,125,787,414,726,585,626,154,256,940,88,41,536,834,161,631,907,430,923,554,246,932,907,261,940,984,212,121,605,829,558,731,216,620,790,608,620,529,837,44,200,246,263,268,312,119,198,600,105,223,139,173,956,913,837,835,865,238,52,628,310,369,71,560,445,663,163,290,780,212,693,396,312,527,144,239,331,131,488,988,782,46,12,643,571,823,539,307,653,982,461,346,687,787,340,234,405,203,52,296,184,991,638,519,565,103,228,674,519,181,735,392,684,150,890,442,876,514,495,894,766,310,909,987,458,933,788,958,85,65,529,269,703,714,894,300,261,688,477,523,472,411,2,211,343,11,464,796,153,388,146,630,979,408,723,163,843,996,273,469,279,441,171,836,383,211,676,927,359,263,930,28,863,156,295,878,496,619,29,259,620,234,777,125,362,993
531,52,677,361,47,413,6,960,756,446,947,781,998,466,646,852,841,449,8,258,465,790,775,338,100,230,505,561,42,295,271,826,508,519,702,688,293,324,275,621,621,684,178,481,923,600,166,443,188,764,305,469,213,906,298,536,739,541,700,873,29,866,709,20,752,374,872,592,625,714,711,892,910,179,481,751,82,156,65,619,450,511,127,446,928,147,170,704,713,926,918,650,981,413,225,104,863,905,332,796,762,282,556,435,163,296,863,205,961,304,415,124,881,113,811,837,107,67,854,605,714,618,272,966,836,215,415,717,933,653,690,208,633,278,335,854,772,486,908,529,808,488,369,120,306,278,110,505,792,209,268,701,831,398,612,696,8,755,182,953,933,407,986,882,330,649,85,656,594,951,892,825,542,181,868,966,735,676,503,958,144,374,144,478,70,597,812,543,412,942,924,360,511,672,907,74,194,473,79,41,726,302,409,567,73,655,17,70,324,2,321,573,792,515,172,200,937,97,252,711,24,625,168,80,947,708,625,823,437,325,542,560,874,694,791,448,845,12,684,321,580,779,98,337,994,866,981,800,831,275,600,535,320,29,384,437,425,369,128,58,662,987,587,983,88,189,34,955,646,563,570,756,173,46,428,315,932,710,358,983,789,225,883,945,817,136,876,60,568,851,706,932,249,370,345,532,963,411,566,253,624,827,12,784,720,59,378,274,678,122,646,954,822,426,664,735,389,140,309,165,523,180,110,485,889,886,496,580,736,940,212,100,750,818,258,219,943,859,3,988,998,707,425,538,389,711,842,469,721,666,34,134,221,378,59,81,835,137,602,713,152,916,445,470,925,196,683,183,968,963,306,159,79,280,800,851,911,319,854,871,637,156,313,554,865,396,927,784,451,358,906,558,966,657,180,621,969,64,803,315,430,364,142,399,317,977,175,805,754,737,724,647,987,410,156,177,794,423,196,43,203,889,784,617,718,940,308,892,825,167,149,779,883,463,927,383,690,54,767,586,42,498,336,649,484,165,519,87,746,606,34,372,147,797,70,930,941,227,15,97,797,166,637,805,501,869,778,611,412,287,933,161,480,77,571,388,578,631,666,588,442,205,591,207,763,996,783,903,785,748,645,694,603,342,582,284,994,147,829,234
889,988,36,568,815,21,410,6,394,214,795,544,201,67,476,605,885,76,617,120,257,719,760,177,637,862,288,441,781,837,814,406,581,450,916,604,778,548,83,200,48,700,52,426,925,9,995,842,20,585,58,898,538,289,487,904,352,605,100,418,166,909,286,273,701,101,916,262,350,927,970,255,558,708,781,985,110,585,808,257,861,907,214,86,695,972,114,373,729,160,191,859,316,573,20,79,714,667,932,337,506,699,894,834,105,213,150,106,891,165,395,811,547,398,378,120,735,388,79,73,281,698,685,470,390,494,882,463,321,209,222,590,601,278,467,483,442,832,881,35,920,186,730,892,848,634,652,733,57,975,449,303,317,867,482,178,404,688,415,236,133,601,826,676,843,201,882,102,528,925,65,30,457,466,216,243,901,743,709,776,370,575,79,822,943,840,226,502,616,151,136,152,448,10,950,235,186,563,533,943,173,22,554,556,996,692,789,436,129,108,521,453,920,637,758,484,832,892,398,576,492,174,442,4,652,206,154,650,985,581,601,246,928,896,537,463,461,47,432,288,306,486,818,102,23,974,832,415,81,670,765,205,376,273,920,980,158,13,707,506,20,303,572,84,41,469,132,166,511,701,560,433,416,325,975,328,459,567,191,497,775,326,411,654,598,106,377,9,437,699,584,958,83,938,700,691,750,202,433,911,627,120,461,577,557,815,479,114,997,725,592,888,141,274,81,822,504,290,255,41,168,955,664,894,56,921,734,461,497,564,173,288,898,176,93,281,835,848,280,675,457,770,721,319,689,280,261,263,195,858,9,988,628,747,415,78,730,862,68,486,638,675,567,697,581,664,847,831,260,898,31,974,447,221,837,437,71,831,59,785,218,332,777,439,163,815,833,722,661,363,53,925,699,113,76,469,228,856,691,86,581,79,699,814,953,109,64,762,402,353,283,968,846,998,189,231,445,272,432,524,941,606,462,532,55,302,108,724,942,393,218,698,429,822,88,101,108,733,529,257,350,22,939,195,362,138,645,622,791,59,949,666,590,953,408,881,224,327,97,450,946,179,1,160,676,485,657,992,605,795,967,269,699,585,487,627,324,56,153,301,923,860,192,350,920,908,551,182,938,1,28,681,59,309,743,317,407,160,106,918
498,657,226,664,300,10,628,961,168,582,854,245,957,237,600,183,86,377,157,442,937,40,965,79,273,717,822,6,909,38,901,963,293,748,768,949,135,544,157,126,721,758,861,534,555,738,134,440,17,56,690,962,824,744,527,107,754,93,814,601,465,586,631,856,724,91,502,400,637,127,198,586,262,405,19,826,316,817,648,858,272,877,649,907,761,29,794,136,186,580,254,390,599,664,888,617,886,482,93,200,593,35,808,262,638,536,184,855,919,997,996,226,583,71,976,593,285,237,571,35,380,271,880,181,110,623,864,422,85,69,370,951,618,695,450,40,740,1,167,373,775,449,621,229,127,4,970,543,199,859,465,313,742,374,465,207,146,405,68,959,33,276,354,989,862,432,999,0,515,346,1,990,435,725,514,942,234,752,213,47,167,22,907,208,675,878,979,937,826,946,368,807,863,68,755,549,753,211,846,581,755,797,785,475,929,697,357,848,579,123,635,342,642,245,660,25,603,142,207,170,997,106,133,177,775,124,938,775,605,387,295,984,434,12,345,655,581,794,912,966,308,935,533,615,730,372,525,134,810,434,28,931,938,810,680,120,223,262,420,227,744,727,939,783,225,425,926,897,594,501,560,812,350,706,639,365,224,430,954,643,212,156,965,99,882,248,147,731,679,985,308,378,302,320,365,447,34,632,906,220,359,16,274,451,314,365,968,318,898,927,603,599,66,9,268,786,173,28,356,83,566,104,782,171,826,106,118,340,769,286,641,342,754,927,474,859,485,31,771,391,517,66,589,422,896,155,605,844,897,440,268,608,65,534,533,459,1000,56,669,981,378,964,213,979,223,247,207,605,819,881,952,906,331,825,534,133,786,901,280,886,718,157,965,272,957,116,267,129,855,174,513,512,359,311,863,587,264,900,924,756,371,779,310,86,215,767,300,423,18,771,140,118,575,157,550,449,318,715,666,424,261,903,470,61,660,167,644,630,75,402,915,28,769,327,556,450,734,317,41,75,568,600,402,905,689,313,395,34,521,160,41,621,817,480,320,122,599,174,938,148,491,215,559,540,126,64,105,720,215,965,964,638,278,552,465,126,110,248,36,464,702,869,460,35,978,920,393,578,164,739,809,546,428,491,265,255,433,152,792,552
743,753,186,675,463,54,622,188,857,828,14,9,744,710,901,840,406,388,806,785,833,368,129,25,175,640,328,205,197,872,833,875,599,835,68,548,900,610,798,15,895,7,902,471,516,543,306,446,245,418,931,283,73,707,853,541,869,467,563,71,919,8,58,655,677,77,5,488,965,362,488,761,89,91,843,110,201,528,852,880,411,291,474,390,933,487,984,300,349,929,309,684,457,995,400,148,334,704,416,347,777,642,13,169,672,331,161,341,786,618,602,930,257,187,983,6,580,452,988,80,622,755,963,187,287,164,772,395,587,971,339,580,587,248,537,73,500,955,325,811,199,14,64,45,591,661,869,53,204,38,469,665,281,963,78,584,619,691,798,761,918,655,81,811,518,248,757,519,276,504,213,819,737,329,347,266,563,715,498,394,633,21,490,984,913,195,307,419,786,319,205,359,239,818,961,50,26,563,217,305,190,905,647,666,962,877,190,74,264,516,678,321,251,239,678,889,630,343,999,646,169,850,196,637,389,636,367,684,632,425,152,413,5,701,592,40,973,639,526,952,163,305,627,877,623,923,104,331,63,44,725,542,666,108,419,239,762,3,824,548,637,113,337,980,241,295,759,820,269,7,512,522,955,327,10,791,123,188,702,929,948,613,125,400,848,47,123,787,90,602,982,33,997,953,321,358,156,145,622,479,969,77,696,519,876,925,277,988,77,549,30,443,772,602,832,215,829,817,536,400,833,236,404,204,219,700,115,769,318,108,370,726,822,657,123,110,55,474,108,942,194,152,443,920,922,501,998,206,276,936,665,934,648,651,186,663,997,640,126,345,445,805,91,333,394,366,286,565,515,479,706,795,637,199,680,240,869,58,595,867,433,799,72,762,563,122,311,780,676,338,758,225,492,161,458,7,390,600,378,252,754,338,201,745,176,338,552,133,137,404,514,981,867,856,368,574,215,493,800,361,241,108,160,544,95,55,147,823,325,585,922,381,269,442,95,541,543,375,957,246,309,111,566,153,471,425,370,869,886,85,621,136,936,599,148,600,236,467,982,889,618,892,633,701,474,333,134,342,593,1,37,604,701,488,215,442,180,302,354,105,789,364,804,283,252,318,103,481,835,461,917,558,172,923,405,288,425,222,694,932
498,96,970,139,438,850,224,985,691,161,19,627,498,943,797,73,779,503,572,847,405,250,347,391,420,360,477,157,277,682,896,971,627,26,973,922,110,104,531,949,9,692,150,923,68,208,354,303,733,697,798,604,737,985,968,658,245,99,697,513,685,664,721,807,363,568,427,972,704,338,978,834,602,410,403,223,505,412,165,198,741,408,701,953,772,239,263,566,678,321,732,638,348,919,627,479,253,622,482,451,591,242,966,169,927,594,519,574,84,119,262,748,257,418,460,980,836,827,371,870,991,461,457,711,559,444,365,339,153,373,152,667,616,433,604,593,148,801,370,594,806,150,417,180,451,249,911,369,82,617,711,527,430,577,32,813,824,958,498,884,986,854,92,87,953,18,355,595,707,34,222,48,340,871,932,552,477,535,521,159,820,626,988,995,810,400,868,464,691,335,188,782,580,232,378,61,74,928,302,174,813,298,682,668,142,444,957,928,8,343,687,886,547,665,35,825,162,95,999,410,203,39,122,668,507,377,671,868,732,235,106,313,526,221,92,981,531,15,375,443,22,945,853,379,925,989,637,874,365,516,963,347,870,50,508,838,543,228,504,308,468,820,463,359,967,85,266,275,510,941,694,68,655,801,105,697,993,814,880,564,677,564,316,309,946,500,409,621,237,531,541,17,861,80,30,715,843,445,811,195,927,397,641,695,859,669,742,379,671,8,890,108,491,422,177,355,261,414,611,29,307,303,48,728,39,507,425,733,97,260,538,914,215,136,373,790,932,30,942,748,960,414,560,472,182,753,325,590,729,798,37,763,166,190,521,942,313,559,610,734,403,464,452,786,892,663,843,714,953,366,246,614,819,252,526,918,755,383,691,676,859,289,572,449,313,527,33,196,794,264,506,766,729,68,722,643,465,813,789,424,375,641,110,937,338,256,451,503,103,889,480,56,207,104,541,36,253,130,421,486,880,264,837,852,747,473,634,752,735,887,836,186,52,983,13,533,207,334,323,263,848,19,842,734,594,252,883,22,692,308,887,107,914,178,302,199,111,708,975,961,556,127,425,914,164,330,753,79,610,97,684,975,176,610,105,948,162,810,200,607,839,298,478,831,548,877,839,111,900,594,307,727,11,561,644,305,372,65,909,876
555,584,913,791,184,622,12,280,5,284,887,923,964,949,44,360,991,993,268,804,929,750,178,581,473,190,34,669,331,708,624,456,100,100,926,769,406,489,299,839,997,453,408,9,61,318,72,661,213,350,873,449,134,74,756,324,971,277,647,513,137,199,215,38,875,320,781,724,807,631,935,833,619,13,69,423,389,621,626,793,512,887,892,58,904,780,294,264,554,965,838,870,581,286,176,46,871,622,900,630,586,930,35,571,355,185,990,429,710,517,931,989,245,891,596,999,965,664,71,979,382,492,210,222,293,913,5,224,501,972,3,542,579,764,632,497,762,85,374,920,20,767,601,173,292,21,904,184,716,957,950,173,581,412,218,20,703,4,646,596,766,311,239,294,95,643,360,16,852,478,394,323,628,881,418,498,626,462,269,886,371,635,391,167,531,209,884,909,902,541,709,612,604,440,685,534,839,670,663,245,354,278,281,269,322,511,943,15,182,489,601,210,969,371,703,487,828,352,541,945,586,788,296,685,37,454,469,513,986,989,748,733,790,594,871,418,219,972,837,215,606,820,863,385,808,703,877,882,353,168,625,54,186,394,388,316,387,211,962,904,370,422,362,387,725,641,976,784,724,964,60,786,320,976,241,635,291,17,309,870,967,134,186,8,873,18,751,55,706,390,681,656,63,617,163,986,981,362,417,578,220,320,679,776,644,612,763,712,59,361,858,431,324,90,252,306,490,11,897,743,812,779,707,925,230,633,366,437,666,867,711,95,904,233,71,583,856,681,665,426,81,490,625,203,736,818,130,730,363,941,891,158,148,657,340,826,14,377,994,687,815,383,339,230,78,837,192,116,536,928,941,320,793,833,947,570,850,602,735,828,506,866,178,307,92,690,474,287,540,708,331,2,613,731,802,630,12,306,338,544,239,20,690,55,281,94,380,300,238,533,616,705,724,249,703,937,536,676,346,985,836,959,813,898,910,901,6,406,915,701,853,663,179,654,327,250,461,281,635,326,592,50,675,454,745,183,916,458,71,248,213,463,125,134,672,155,777,156,917,392,366,146,277,508,730,829,51,440,74,765,215,384,324,177,699,438,725,888,928,998,351,232,542,394,513,387,979,561,668,902,660,166,255,652,137,295,33,904,613,209
92,161,872,552,445,958,900,853,393,390,314,101,847,147,162,664,946,886,244,779,321,190,821,799,66,479,505,10,242,353,904,289,789,893,439,193,791,530,161,298,391,325,728,181,101,263,805,110,558,442,875,499,447,670,911,378,611,293,122,66,487,45,621,271,954,952,816,923,101,504,63,589,934,381,261,904,848,394,96,655,116,118,838,653,389,796,747,818,832,945,88,975,880,742,775,239,304,608,610,357,741,177,761,916,477,25,813,487,155,427,382,595,908,122,147,597,10,237,164,503,621,941,833,987,654,946,450,688,504,93,1000,794,264,829,362,361,363,310,259,124,461,299,793,643,940,189,865,572,853,517,909,503,975,635,262,460,434,927,226,35,588,187,779,230,237,67,318,518,85,195,851,717,497,815,949,8,944,873,228,421,773,887,198,81,140,567,323,609,670,170,134,602,476,888,347,955,132,736,703,950,608,632,957,119,423,266,626,290,44,254,400,328,531,563,410,98,14,989,242,40,410,93,978,129,356,740,832,470,56,473,214,190,141,119,923,572,502,177,983,969,340,792,514,772,578,131,219,708,524,902,281,481,535,202,212,857,162,988,803,990,128,557,264,591,655,41,899,731,559,551,661,876,785,668,995,197,226,707,199,428,590,580,80,669,23,994,51,613,920,868,241,815,556,676,418,221,717,612,469,506,647,489,343,925,230,681,893,841,831,320,46,630,32,693,984,717,92,764,825,888,238,732,881,922,939,77,757,692,375,79,836,253,638,396,745,597,723,862,797,751,486,89,344,679,674,17,912,935,612,943,769,961,778,712,789,83,216,48,918,733,239,657,595,529,70,428,893,575,920,39,951,96,136,267,82,741,650,671,211,293,812,434,424,73,132,419,588,838,748,70,586,790,86,374,721,209,598,137,726,935,143,300,468,286,326,247,514,947,931,833,318,778,262,981,154,6,900,748,554,272,151,959,354,308,472,837,892,280,357,449,834,956,673,813,864,837,56,645,901,217,39,186,541,575,837,47,569,811,611,307,96,348,712,855,304,425,790,707,277,736,423,663,589,40,604,983,65,28,499,726,261,241,3,903,435,914,794,351,168,759,406,286,765,133,44,847,26,314,751,260,559,248,133,26,616,512,420,358,989,718
905,349,453,89,417,229,481,365,700,51,665,354,506,570,976,68,50,800,684,520,82,339,599,581,911,5,564,944,16,682,178,233,695,866,367,105,396,965,757,444,866,188,995,8,8,126,590,776,993,112,117,92,101,85,89,982,914,907,707,463,812,964,221,975,948,150,0,305,988,986,793,827,724,856,383,381,575,396,560,964,306,18,563,880,888,231,982,491,34,974,577,255,752,113,79,59,522,372,687,140,739,552,17,493,475,949,173,465,744,852,985,254,273,741,653,264,503,261,380,154,841,197,326,117,901,882,960,680,454,3,977,31,716,314,730,682,84,603,48,74,29,319,145,990,907,398,627,71,964,763,527,75,249,97,543,420,516,439,112,836,433,310,672,608,94,884,585,241,775,102,616,882,531,417,887,977,87,928,181,349,604,4,271,355,344,854,475,52,432,237,744,8,433,74,756,885,736,369,225,123,200,297,680,479,436,726,152,89,100,687,216,80,546,197,944,68,668,266,478,153,451,103,882,921,101,367,435,344,803,494,63,774,982,23,145,576,400,642,675,688,664,806,523,913,897,982,686,609,285,519,282,825,503,930,517,568,362,458,617,762,232,458,24,314,575,144,818,978,558,866,784,526,307,386,380,218,312,343,596,473,78,297,828,197,893,904,125,240,257,560,963,673,905,312,599,504,17,530,199,796,204,769,931,284,102,609,40,807,807,889,904,8,213,547,220,106,940,224,693,452,716,452,667,242,165,336,368,635,949,495,28,110,434,971,584,881,83,149,498,577,855,581,863,74,778,427,134,25,988,833,666,467,22,327,899,849,862,749,539,726,20,20,584,735,330,853,650,860,650,299,696,651,327,830,50,409,820,19,494,502,633,791,494,182,204,805,652,359,915,135,259,204,173,935,939,972,356,612,740,130,515,166,406,508,582,687,778,670,68,606,944,507,880,538,179,935,847,405,116,755,319,283,559,395,918,738,575,355,576,201,588,379,524,906,107,689,572,638,769,240,926,820,443,888,160,319,361,644,112,145,945,908,170,514,968,892,415,710,347,559,288,393,937,617,691,400,514,260,829,356,590,34,866,375,609,27,862,640,441,824,469,202,222,481,594,441,826,369,497,856,817,866,81,189,867,246,421,561,253,987
676,596,253,874,969,466,581,114,708,852,557,427,951,438,845,362,741,197,795,198,523,798,178,766,884,803,59,768,246,43,997,214,612,469,610,943,605,107,164,102,198,433,325,350,36,859,736,559,533,919,183,505,484,379,834,927,418,183,897,772,907,610,603,606,633,590,367,103,581,27,841,115,110,70,169,343,877,647,323,920,780,336,92,200,530,11,303,3,496,661,800,537,324,514,584,51,897,161,258,360,943,950,325,495,432,78,878,725,152,732,284,41,956,4,848,925,862,174,335,27,137,640,594,582,623,643,492,319,922,151,559,568,506,492,176,550,303,597,562,1000,416,67,832,332,492,124,56,404,238,851,542,552,155,175,312,204,400,734,469,936,523,590,373,149,345,823,930,790,6,198,306,191,817,559,431,132,631,145,597,402,421,666,469,563,951,11,940,112,515,530,376,854,280,797,836,208,363,716,384,748,370,813,190,841,29,563,687,222,399,223,683,109,244,805,635,200,564,712,407,933,688,948,895,624,974,995,787,759,262,33,592,294,866,856,785,264,682,223,182,333,415,330,626,704,119,422,185,583,624,247,50,592,784,898,584,82,249,952,696,518,760,917,598,587,364,544,353,181,840,688,242,66,924,296,252,21,69,757,136,345,905,114,299,501,620,129,743,714,502,329,199,977,727,373,58,416,765,301,958,135,752,42,119,419,772,589,21,351,485,170,633,685,473,481,956,472,730,193,271,550,486,736,648,436,36,89,961,497,85,199,276,125,503,948,379,793,430,704,291,883,218,813,37,20,987,87,341,143,318,928,910,192,829,659,750,576,412,550,953,377,692,964,11,356,946,995,995,627,363,665,777,82,140,316,513,759,637,158,573,495,692,681,133,450,164,720,102,464,948,639,466,237,178,57,849,895,776,775,776,859,255,352,336,0,315,81,498,432,241,451,891,657,726,726,935,445,24,381,161,676,659,143,726,76,235,998,294,327,290,381,761,395,934,335,727,26,204,670,220,590,454,670,558,423,698,684,432,915,864,34,88,104,64,603,187,1,474,550,219,76,979,646,282,794,546,626,575,602,90,104,378,851,748,403,777,667,998,495,958,636,61,204,53,468,460,932,130,891,342,369,332,867,979,275,845,658,41,817,739,996
167,276,343,519,239,315,59,479,108,110,78,737,555,202,772,124,669,381,845,628,982,715,270,189,439,75,154,627,352,358,714,568,416,643,121,158,332,480,542,958,467,816,383,806,615,396,610,254,990,680,154,697,616,918,879,727,852,682,944,741,857,923,977,190,15,195,134,182,579,627,330,361,284,543,810,42,958,545,862,765,680,333,479,130,379,995,609,404,365,542,404,745,550,131,498,20,449,843,879,576,35,672,246,78,979,758,877,21,524,797,948,295,81,509,561,171,440,839,613,497,245,521,907,616,953,158,432,535,326,802,137,580,264,308,350,787,340,751,178,64,552,149,634,299,957,63,1,946,196,370,269,864,808,322,634,409,760,614,928,198,594,264,320,815,81,437,670,263,656,718,502,456,415,718,788,981,817,441,646,975,113,667,990,44,487,739,54,100,24,497,551,784,756,922,344,89,152,564,229,551,549,958,594,744,748,570,301,352,817,507,939,982,68,697,994,336,571,953,845,996,902,226,356,263,205,430,532,502,378,954,727,298,306,521,713,419,87,502,575,867,844,778,99,429,173,692,597,690,931,718,62,441,877,852,192,733,972,159,362,600,473,47,427,307,114,907,280,296,962,76,328,530,85,535,663,740,687,303,301,947,247,455,633,441,473,583,931,103,546,577,114,389,906,324,217,148,879,126,163,410,687,299,322,684,366,383,207,0,844,695,850,8,293,44,454,210,502,39,650,779,300,808,318,31,948,173,598,592,133,138,214,848,288,300,819,3,58,850,525,471,536,918,123,843,781,545,423,666,570,135,472,613,745,21,374,818,51,576,240,995,31,735,434,926,666,864,538,423,735,736,278,727,476,856,210,446,329,873,147,320,18,569,288,812,937,467,714,105,887,33,171,896,790,901,267,410,595,290,954,747,494,575,408,689,179,944,685,443,235,656,660,60,102,658,870,856,156,862,538,806,257,464,671,501,814,319,896,717,114,572,355,203,847,473,167,103,263,910,954,409,987,411,873,807,808,243,606,380,656,329,910,514,506,120,310,472,847,696,688,667,541,597,520,949,580,184,763,599,774,806,585,695,489,62,386,408,746,824,621,654,17,318,896,34,611,700,757,682,326,811,958,685,240,699,914,694,168,684,313,851
105,774,19,678,43,448,217,978,288,650,807,63,183,247,617,854,940,517,123,777,185,941,920,697,704,256,671,346,548,462,546,672,455,992,486,165,530,666,428,834,38,387,492,728,414,850,548,224,308,261,17,238,132,171,206,133,282,940,949,788,461,369,599,919,566,139,638,278,197,704,175,69,655,170,731,656,967,584,684,383,900,601,849,334,692,446,987,655,972,536,234,888,13,136,963,695,830,388,687,422,741,419,867,323,570,601,606,137,522,977,719,544,561,753,16,590,244,631,545,620,626,641,398,347,183,915,23,854,991,59,898,593,375,985,704,883,9,815,634,233,607,418,196,541,304,673,571,158,317,548,17,467,226,517,68,808,215,88,98,298,393,386,170,849,161,174,433,314,519,354,94,140,550,281,201,767,572,563,670,579,94,940,747,785,605,17,342,746,464,524,607,661,733,424,533,845,984,562,126,893,845,771,47,421,30,263,444,661,409,217,983,400,802,63,611,181,19,19,437,843,743,201,546,214,985,124,491,598,477,925,399,711,94,952,563,539,630,33,443,51,891,419,226,852,362,661,132,211,891,214,858,439,46,390,65,515,958,519,771,445,224,127,810,652,379,754,519,232,959,393,290,171,213,850,47,917,67,39,937,229,977,859,92,869,770,440,208,629,50,63,719,264,195,110,808,638,201,585,886,625,553,39,227,503,6,943,465,343,370,793,450,301,271,984,553,662,211,604,810,253,504,857,831,273,463,723,181,631,402,784,749,713,334,230,716,996,353,914,519,931,740,647,430,130,282,491,265,585,300,770,824,423,93,991,136,693,424,68,217,38,289,911,476,80,843,969,423,272,338,135,434,619,347,36,541,305,297,913,338,94,236,51,996,353,136,809,818,505,237,353,834,950,647,637,681,527,953,824,884,341,241,413,807,347,112,476,738,297,818,371,702,167,31,522,837,961,2,821,835,960,821,673,997,348,24,332,818,256,446,490,232,369,752,933,985,725,956,364,275,642,718,566,368,835,194,280,380,882,102,916,594,451,825,341,244,536,54,485,389,481,224,276,668,629,631,379,583,970,812,732,760,585,727,819,849,475,684,350,666,586,712,336,270,868,261,183,650,594,522,161,485,25,686,143,845,588,729,800,869,647
259,848,418,768,178,903,834,536,16,953,780,392,990,845,581,670,545,209,58,213,858,510,918,162,354,14,605,764,214,699,213,77,11,272,828,897,16,593,116,14,47,980,833,30,849,800,530,200,455,408,743,339,835,878,918,530,586,213,608,695,856,310,960,926,635,404,89,325,462,750,830,2,806,254,453,401,959,534,614,999,880,310,955,717,605,863,466,537,727,469,897,526,32,201,382,459,77,926,956,888,614,42,623,707,636,444,585,744,863,914,201,87,689,480,618,190,439,599,535,685,171,986,513,616,269,661,372,894,717,1000,441,16,545,496,20,83,255,362,457,930,875,85,493,139,460,604,146,911,393,234,223,916,175,781,882,648,322,586,97,441,176,34,199,184,923,50,11,814,829,695,380,246,955,836,122,719,210,565,430,987,395,187,442,995,954,772,328,537,409,685,594,551,491,227,992,891,886,57,286,858,106,306,216,926,810,376,900,3,646,288,183,116,139,436,581,384,468,7,543,457,192,272,345,309,64,109,720,320,750,180,433,592,188,949,493,106,830,795,313,655,292,722,997,742,806,534,502,254,636,92,192,286,647,895,933,832,593,455,754,201,471,255,177,811,47,689,312,902,13,636,139,290,972,705,930,415,552,820,244,670,626,121,92,584,300,46,514,793,225,580,839,820,865,779,579,386,366,356,222,563,893,483,436,392,691,92,550,219,929,389,690,152,709,181,142,532,159,235,855,668,719,821,409,994,24,262,870,39,19,5,827,291,604,951,490,607,37,828,233,132,316,208,234,551,48,400,832,989,582,402,625,406,316,888,857,76,952,267,865,331,122,171,62,236,630,602,710,506,979,265,637,857,63,391,571,13,611,896,359,345,138,786,370,839,300,453,752,949,290,286,800,763,40,997,56,160,225,259,833,677,766,114,320,626,656,272,80,469,507,631,544,389,365,676,637,125,910,857,440,86,208,881,899,453,890,17,376,231,930,652,14,134,953,295,878,87,264,478,312,887,133,863,228,465,391,663,237,100,768,760,289,843,687,352,812,954,448,549,656,731,217,468,47,656,440,415,248,581,724,830,151,291,581,638,206,236,896,313,41,302,275,477,242,553,284,372,857,798,955,264,1000,947,154,472,267,632,824,485,280,372
508,950,195,507,120,466,363,594,456,293,569,979,671,290,396,978,408,860,427,110,240,241,462,723,437,683,119,489,989,384,221,794,976,984,364,256,643,653,894,854,363,966,121,513,417,155,247,912,546,484,842,678,834,142,855,918,57,103,375,114,570,104,849,619,923,363,10,411,407,550,360,779,753,579,715,968,913,802,127,619,386,324,225,430,834,239,250,59,991,976,434,924,674,626,953,562,791,993,505,939,973,324,871,699,326,195,697,943,212,682,514,96,310,550,94,406,511,799,795,738,490,935,94,314,574,700,911,927,812,630,895,975,732,559,497,747,846,658,835,915,195,24,929,609,544,493,989,865,312,425,167,989,955,560,935,129,18,367,128,634,90,568,912,133,88,680,107,949,80,24,223,715,609,153,90,812,474,681,467,874,652,253,385,987,924,525,854,682,430,987,8,381,388,912,317,596,892,275,950,15,235,271,61,645,809,29,586,221,337,180,36,237,989,802,728,690,136,334,729,939,684,901,500,268,884,801,615,206,452,149,127,452,689,579,297,357,705,869,833,750,79,527,874,268,855,683,241,224,440,152,18,348,598,489,616,515,400,923,144,156,73,195,482,535,919,575,798,360,670,804,876,65,760,887,320,894,619,30,355,274,213,478,74,775,236,20,654,634,261,571,478,522,217,917,905,422,616,389,593,64,1000,491,241,96,578,894,960,404,956,819,929,691,274,530,289,749,729,436,709,169,125,589,239,643,672,731,12,956,391,97,535,717,152,186,326,586,598,372,751,538,797,830,421,120,49,263,75,342,661,223,874,488,772,767,288,583,167,53,732,842,193,542,744,52,832,474,624,177,388,931,349,56,589,11,489,40,940,137,276,600,283,849,78,203,376,288,757,544,181,384,161,940,475,928,765,773,954,180,873,508,423,599,486,820,478,439,431,830,162,155,994,21,359,732,640,965,795,714,471,126,886,385,927,79,338,127,281,224,423,104,147,377,231,125,557,653,214,733,332,860,305,706,715,920,660,994,398,471,908,922,898,204,749,10,900,545,642,769,464,766,69,200,775,326,571,583,942,847,1,483,382,148,25,241,521,109,401,252,881,807,363,561,624,828,950,349,329,645,50,721,430,773,701,722,885,983,704,769,255,692
938,14,272,60,1,901,946,13,671,980,788,134,104,424,16,503,978,520,211,839,80,73,894,326,585,173,576,810,778,611,583,696,938,970,561,675,354,846,961,798,526,857,654,53,526,706,405,987,462,761,194,167,69,951,883,342,523,717,29,992,522,871,639,171,690,37,757,360,979,959,640,151,555,631,486,321,734,319,821,696,170,996,522,580,930,984,803,128,91,414,820,903,405,361,961,227,722,512,480,189,217,1,900,682,796,988,900,384,716,254,318,622,333,139,407,416,908,578,286,886,787,368,238,332,646,378,500,444,694,174,664,946,170,390,147,8,308,538,163,944,628,325,607,564,984,7,754,471,224,250,217,728,837,681,368,481,802,920,139,516,500,359,92,437,394,186,641,101,985,989,534,991,285,474,655,904,216,427,766,628,810,644,341,333,471,355,854,336,979,159,274,204,421,993,320,815,802,841,380,365,960,197,960,312,250,462,354,726,775,759,62,342,280,207,286,754,670,218,184,391,92,309,962,145,548,500,573,336,844,373,785,193,778,130,346,629,433,461,611,944,896,442,42,105,16,373,343,20,534,231,556,993,816,389,9,993,622,296,777,886,594,204,250,551,980,873,636,189,889,716,406,796,589,173,158,28,5,8,409,639,618,812,314,397,533,658,836,659,150,292,321,50,994,751,25,742,269,210,495,383,518,644,157,228,589,213,981,739,394,162,198,138,191,523,834,799,553,54,772,46,719,878,429,441,300,740,251,53,474,23,845,92,74,874,846,563,624,152,274,378,387,41,180,73,699,56,794,108,227,235,813,513,827,776,512,923,95,5,643,360,498,918,192,349,530,589,846,333,248,670,871,314,163,338,824,730,54,291,853,23,684,881,194,782,317,121,374,110,994,250,206,856,381,341,503,840,178,857,472,16,691,536,846,62,336,82,343,678,813,126,534,459,789,874,317,971,615,851,699,741,78,30,856,714,714,547,494,315,930,205,271,855,467,309,766,622,447,159,389,94,713,587,246,124,454,362,921,710,394,54,213,556,652,884,58,54,525,716,930,781,987,78,980,309,741,332,62,951,840,886,636,168,2,417,46,281,938,413,107,378,776,846,419,221,881,429,606,352,215,919,962,414,846,832,409,402,697,375,39,469
518,752,455,234,221,267,700,494,232,152,630,45,934,803,685,510,396,392,612,797,292,224,611,603,71,286,245,309,319,797,464,215,71,788,513,357,126,313,185,143,353,400,75,541,468,551,245,112,319,648,14,4,247,15,308,737,619,644,168,641,930,628,94,568,384,246,186,901,894,57,35,321,610,797,491,447,385,678,920,680,619,56,640,608,534,719,940,634,270,87,795,693,572,6,365,201,52,149,37,482,565,627,164,448,188,192,859,578,340,309,722,570,310,327,48,143,278,668,89,369,175,19,380,722,39,590,438,296,833,107,775,199,27,567,155,894,581,413,815,693,743,463,185,477,152,149,9,211,430,142,701,55,451,977,870,318,717,360,824,104,661,312,814,480,558,514,215,504,51,649,709,5,27,998,902,830,147,945,234,358,897,116,416,801,782,745,58,842,324,212,754,797,125,189,139,466,433,983,341,76,280,375,701,257,981,486,321,288,330,664,946,673,468,492,644,342,699,698,833,320,39,228,356,56,478,272,175,510,868,713,234,325,781,616,960,75,522,410,211,465,756,755,900,849,499,984,944,302,657,869,506,238,56,333,532,847,585,61,999,329,451,974,178,457,796,178,122,967,388,632,817,37,316,400,446,36,289,805,924,154,334,397,358,26,117,475,549,852,455,625,511,838,373,207,266,73,609,480,798,903,458,913,307,754,84,98,374,324,569,379,694,999,827,901,410,305,713,538,462,625,618,804,816,323,324,363,574,393,569,369,926,306,489,200,151,925,241,450,22,189,325,593,195,618,921,370,514,140,652,284,654,9,846,782,123,309,987,305,82,739,670,345,941,398,243,439,680,78,29,597,791,625,944,582,172,896,465,334,474,849,247,946,451,687,435,111,652,368,50,762,289,242,847,789,188,285,626,925,116,853,137,922,380,195,941,917,764,939,751,603,285,184,628,150,259,388,771,779,112,300,985,459,23,877,190,812,372,530,374,141,940,820,660,987,943,536,336,647,843,81,838,102,573,19,628,716,907,428,846,7,644,431,895,733,267,602,502,886,696,712,319,314,696,712,159,302,65,885,436,526,261,683,809,976,69,398,151,576,882,824,459,415,496,255,684,537,375,709,638,467,220,102,933,115,967,261,270,903,64,257
254,988,421,453,668,148,901,296,347,762,24,642,308,81,7,116,458,136,817,388,715,464,485,631,119,570,825,787,713,247,633,799,445,84,452,250,939,687,41,177,346,961,48,344,162,17,719,797,909,757,265,221,554,248,607,200,192,214,645,61,129,811,155,935,899,1000,317,942,599,12,860,14,84,866,239,435,699,841,220,357,212,874,712,276,535,510,26,289,749,262,606,20,927,248,427,320,234,966,229,512,470,29,705,118,39,165,823,160,152,77,305,482,718,467,694,597,85,939,936,535,679,574,248,548,848,862,394,828,229,765,901,781,15,990,231,469,732,286,73,206,980,815,93,27,98,349,526,985,557,228,206,549,279,415,457,913,70,581,98,561,388,4,689,765,612,373,429,48,640,141,262,278,959,436,627,764,557,348,949,567,289,625,516,465,170,83,205,787,557,161,418,973,415,645,238,706,352,676,997,465,244,132,906,771,684,512,884,44,783,891,964,630,913,710,186,918,13,485,627,139,439,512,565,308,289,215,247,699,985,904,254,533,190,500,52,542,842,249,191,116,546,808,550,545,244,343,207,587,789,286,126,957,477,931,267,245,639,234,944,992,728,810,502,965,531,266,925,888,622,844,202,536,349,996,142,434,369,711,59,236,110,21,278,164,385,325,386,163,517,484,760,51,764,608,505,110,829,935,632,21,271,441,332,432,575,357,814,700,700,56,145,782,362,834,43,803,308,257,544,77,403,797,4,208,723,881,480,69,462,740,266,669,45,267,195,557,597,124,713,998,742,726,698,621,722,592,394,541,158,560,330,944,27,277,880,998,751,311,221,17,714,721,786,419,490,675,71,401,981,992,443,725,151,371,292,385,780,433,715,156,813,943,570,192,89,890,992,947,643,540,264,645,249,829,858,97,703,1000,873,463,382,946,708,258,517,820,796,11,158,789,850,730,42,611,613,396,695,895,660,435,671,194,650,164,988,228,590,864,496,483,691,281,411,464,35,963,841,17,945,629,898,125,70,994,537,920,703,398,25,766,162,237,748,599,496,828,677,241,763,921,706,987,67,295,860,353,665,900,71,370,413,674,36,914,108,772,652,272,610,91,440,576,60,331,274,138,903,657,48,620,293,570,779,191,638,94,809,695,241,186
216,63,719,967,127,795,674,492,629,65,39,631,115,140,280,33,973,941,205,815,814,241,498,590,378,468,708,104,217,879,612,507,982,205,493,758,139,187,120,22,752,575,943,468,626,681,74,54,886,405,372,523,360,241,793,199,898,379,500,298,137,775,25,667,37,920,912,551,59,483,199,955,710,542,993,386,893,36,21,599,822,168,600,465,678,91,706,808,472,236,902,460,1,747,823,259,553,983,257,980,177,112,209,278,473,282,606,748,32,985,430,96,367,485,406,546,748,771,818,759,486,842,624,420,582,13,84,426,131,533,441,170,791,558,629,977,16,373,554,798,933,276,698,516,986,850,207,932,880,724,931,426,361,84,389,664,608,617,118,668,838,378,658,89,867,875,337,148,439,309,723,688,769,813,404,560,37,978,823,610,737,98,682,307,840,997,297,789,245,501,41,201,889,579,63,261,615,385,542,567,819,529,763,357,742,970,592,273,948,215,637,478,833,990,975,338,227,991,640,409,110,297,474,465,620,394,659,152,626,464,953,628,666,125,760,158,904,353,623,0,991,957,768,403,638,60,826,569,20,379,29,94,6,91,525,781,316,911,794,145,539,827,866,921,466,992,591,167,511,976,714,893,229,279,748,662,865,152,18,681,386,876,25,472,125,994,807,328,894,587,701,675,657,816,725,122,278,901,363,222,360,992,374,405,313,514,899,513,24,110,699,685,107,136,195,141,824,164,218,908,522,527,656,331,877,438,914,95,47,880,209,989,711,555,406,300,582,581,118,311,477,540,92,25,255,867,364,291,61,931,200,885,996,217,932,5,862,857,749,154,164,695,600,338,513,847,209,370,716,484,578,522,146,773,862,70,253,603,855,616,267,28,896,717,576,649,714,51,448,689,694,481,962,902,505,533,165,89,208,115,827,690,801,946,592,405,262,51,994,967,587,811,795,383,654,329,329,653,512,852,213,633,412,316,717,114,878,256,932,347,566,142,545,100,542,243,498,460,59,700,41,511,556,97,602,823,996,540,0,131,428,580,792,439,534,830,871,205,78,723,905,242,606,837,266,506,255,524,361,178,428,754,544,467,766,18,226,187,772,604,221,326,315,784,861,725,230,955,128,943,908,438,252,150,73,441,111,590,583,263
738,314,801,622,603,14,52,667,557,903,593,80,252,308,407,94,690,665,438,522,675,747,887,871,626,684,131,917,432,981,663,99,105,608,715,59,989,66,821,709,474,734,703,348,129,968,852,805,791,920,850,509,791,781,554,399,154,25,15,299,633,346,91,53,916,198,332,280,381,798,702,71,158,381,544,807,220,311,484,322,701,822,375,263,863,289,444,133,122,557,408,893,99,997,769,878,199,429,474,513,653,183,659,228,697,988,5,27,627,993,850,566,922,354,700,993,32,972,750,634,672,857,565,2,959,561,593,934,84,190,479,768,959,580,250,80,454,256,925,942,588,31,211,457,0,588,266,475,896,278,837,355,592,787,118,427,528,347,520,111,937,978,54,737,99,9,388,860,348,782,837,670,915,590,64,281,735,604,569,188,188,440,665,863,163,776,337,639,698,653,780,779,340,281,38,38,310,170,950,53,331,262,981,389,888,527,189,784,746,554,505,980,227,719,593,586,911,85,618,893,97,309,84,984,748,255,645,516,743,826,135,332,734,952,91,111,580,950,785,330,85,416,63,61,372,299,821,668,135,374,210,447,472,863,826,564,837,253,562,835,680,308,11,7,375,566,203,965,718,763,775,376,165,195,269,143,960,235,611,924,896,224,808,896,400,665,82,781,754,207,387,522,947,895,343,654,89,404,922,131,671,337,676,245,787,239,932,749,343,756,322,282,627,774,270,298,94,447,979,829,542,528,840,942,825,497,228,69,39,945,542,304,791,212,453,357,607,857,216,223,751,690,420,770,580,637,335,804,682,991,128,529,4,749,719,663,79,833,698,291,796,327,763,982,821,197,10,190,38,521,925,317,861,969,577,186,143,398,628,798,551,113,207,793,727,506,217,894,468,461,611,455,743,96,555,995,283,993,691,412,568,554,363,577,823,533,100,653,19,145,954,590,373,378,234,592,345,18,704,914,55,359,667,998,533,700,658,913,573,158,652,143,105,848,730,312,999,198,514,407,715,355,732,594,633,32,719,666,756,372,695,62,192,991,134,320,221,338,456,719,521,779,390,219,570,595,103,36,3,132,118,411,745,514,360,997,380,254,151,52,392,949,792,33,420,341,910,653,563,221,195,133,699,311,204,967,289,120,573,478
43,124,453,59,877,530,775,916,727,318,461,573,532,435,133,846,220,589,665,537,93,563,547,709,396,273,882,414,35,118,475,411,71,106,996,754,763,37,370,645,578,378,165,736,327,231,612,917,228,9,901,837,300,0,514,393,107,908,768,667,370,356,568,86,443,704,765,151,450,960,202,345,516,539,673,534,76,103,46,791,330,656,122,458,55,978,987,439,174,361,646,823,727,611,341,675,976,765,613,204,234,32,134,875,867,593,69,293,523,52,253,489,245,531,866,289,684,687,121,556,956,43,952,397,91,707,237,897,637,163,589,81,35,120,683,2,85,546,319,665,812,444,642,64,334,2,340,743,741,843,792,473,983,935,929,218,789,326,128,157,28,848,411,905,470,626,95,483,913,153,64,668,354,765,658,844,622,340,59,907,952,312,335,23,88,985,928,385,873,91,236,749,700,455,959,797,938,602,426,959,56,891,960,813,746,396,29,506,955,932,804,694,736,377,696,817,745,469,214,751,100,39,364,341,583,907,259,517,410,37,639,43,744,874,861,461,899,427,779,573,285,714,691,655,364,252,645,741,857,107,929,113,937,952,890,728,897,495,299,917,377,684,286,814,174,782,487,299,648,105,212,516,172,988,427,298,522,548,687,99,487,221,343,259,97,60,954,120,306,511,724,752,427,259,885,413,232,572,786,837,561,776,168,441,970,392,49,516,16,86,661,108,12,875,465,198,897,160,137,513,35,895,539,336,426,237,427,993,411,223,591,203,439,238,710,239,669,20,154,91,570,351,802,936,48,329,715,199,45,77,675,724,128,335,459,620,171,604,856,621,668,1000,631,655,367,859,460,173,964,592,608,206,250,856,508,112,870,262,673,998,281,183,758,172,158,495,880,221,727,574,726,658,236,589,245,528,882,490,77,483,657,441,202,719,591,366,205,787,194,668,167,265,432,31,665,571,844,795,964,95,622,142,59,975,145,304,109,684,742,634,915,680,539,131,62,369,647,384,880,99,239,334,803,843,520,360,569,860,396,913,196,756,243,361,370,424,710,616,86,490,48,308,971,673,793,560,177,400,632,955,645,335,885,877,713,420,208,589,383,112,76,532,363,231,631,418,35,490,37,526,967,270,945,519,522,155,237,760,769,473
916,766,620,574,831,402,797,517,59,898,562,21,216,627,197,69,551,595,958,839,835,255,235,207,731,365,819,848,583,813,390,27,357,939,308,142,825,725,789,372,963,208,921,157,680,564,233,737,874,222,729,678,721,730,118,446,53,48,503,805,895,264,761,273,917,830,196,702,815,646,321,501,255,972,735,568,383,458,83,921,497,615,435,27,204,684,431,904,527,980,535,360,259,275,854,306,977,492,0,270,886,585,929,335,63,771,457,564,167,573,420,454,644,170,474,184,7,264,827,423,198,296,950,176,943,341,892,481,604,440,324,837,647,884,282,923,947,720,372,114,316,921,739,685,198,340,472,625,112,78,267,533,934,939,222,882,548,588,940,738,49,279,789,630,529,263,415,284,215,489,840,942,663,640,234,763,145,460,236,976,526,609,890,981,799,891,915,367,327,877,217,66,155,839,805,373,402,408,144,349,955,150,262,183,905,18,833,899,721,445,726,807,30,821,373,418,930,824,49,301,702,178,617,352,622,878,487,829,508,257,517,845,83,511,427,637,162,204,27,71,110,846,935,910,230,18,163,959,753,23,4,534,884,600,945,77,720,866,546,305,411,689,787,996,974,182,983,88,375,497,546,76,789,585,669,752,257,125,1,556,504,211,446,221,255,682,577,442,569,912,218,647,45,178,863,513,48,877,285,851,405,246,7,222,642,452,488,971,880,0,363,212,627,94,616,225,112,845,874,622,255,697,97,117,786,657,35,706,80,993,652,692,394,800,248,98,598,255,827,936,192,256,595,986,441,234,830,806,20,322,268,948,482,651,100,342,579,462,552,835,569,317,655,140,152,106,642,809,30,386,318,392,925,629,455,818,543,759,18,950,124,886,39,178,201,948,441,162,35,966,789,831,220,491,216,198,327,50,870,354,26,631,86,414,931,618,815,537,535,910,921,757,788,60,239,943,222,240,123,436,185,94,179,412,552,24,422,394,511,325,478,560,99,345,777,607,405,402,469,179,338,541,272,625,52,302,758,604,467,87,273,51,955,253,993,38,301,214,380,392,642,328,800,377,935,471,910,347,243,860,505,105,853,370,553,190,664,851,256,709,889,268,459,73,412,872,379,561,215,516,742,646,357,278,276,135,648,46,166,24
623,360,534,797,727,688,675,614,614,708,348,986,0,909,353,60,776,736,406,667,979,492,748,403,398,756,883,583,904,570,378,422,292,51,938,594,182,690,118,820,719,974,324,361,87,811,342,73,153,100,953,506,302,918,500,220,333,494,912,79,169,748,124,830,470,856,953,77,237,678,66,177,3,106,245,289,705,145,288,804,139,389,588,435,942,884,132,39,117,362,133,755,294,380,292,234,528,118,958,355,287,57,377,451,759,348,426,432,323,889,202,983,231,102,43,404,42,771,558,184,157,697,180,607,782,530,931,199,649,469,917,898,197,8,809,619,604,330,412,317,683,665,570,907,523,290,910,609,315,75,705,818,372,940,108,990,432,1000,394,541,683,626,242,858,254,68,21,299,51,251,832,746,988,677,785,66,502,681,6,877,779,761,952,629,978,977,539,13,743,176,269,990,585,395,492,268,682,382,164,488,973,398,709,971,218,314,923,551,179,342,225,221,766,318,612,20,4,116,466,252,626,234,593,935,898,583,98,633,556,343,293,290,871,363,800,639,724,797,775,942,518,91,740,30,600,819,423,31,206,766,441,814,433,295,600,655,801,670,96,320,488,585,821,935,48,868,587,795,299,588,536,312,712,824,765,633,91,611,236,530,935,693,806,273,241,274,913,430,974,167,515,113,751,0,408,95,437,389,178,696,185,349,243,663,574,406,739,677,266,178,368,918,667,710,623,53,620,502,723,551,474,244,318,982,870,326,902,176,78,185,43,842,855,359,444,763,340,586,1000,465,565,690,80,416,676,21,553,464,983,971,366,252,96,355,238,46,595,366,829,375,647,773,156,428,719,535,42,409,333,755,754,834,475,74,871,521,88,683,413,99,613,820,700,976,199,896,818,854,774,172,774,184,872,456,79,350,810,385,558,713,443,937,964,779,182,249,610,417,148,375,654,363,586,355,218,858,546,765,903,575,154,100,839,870,683,44,939,169,255,562,572,354,817,573,3,306,231,300,394,152,753,856,620,429,698,618,824,777,864,541,266,318,202,260,721,184,163,521,219,643,200,292,128,259,992,319,286,680,980,316,106,814,312,484,65,377,50,920,756,982,934,529,464,922,878,717,542,759,292,9,601,469,505,924,612,438,99,360,743,686
556,207,140,698,958,420,298,568,692,498,468,469,489,142,256,837,169,446,636,41,1,942,59,34,99,146,764,332,702,411,927,351,767,322,402,730,317,802,891,544,436,940,301,234,400,647,25,579,48,122,120,341,1,780,542,324,622,201,366,788,953,256,224,696,227,289,184,408,321,863,187,766,290,571,483,646,609,155,68,358,114,912,179,801,296,140,63,195,272,895,127,126,766,915,354,842,643,750,611,126,651,790,489,619,19,493,106,469,306,27,748,534,821,87,576,467,497,253,425,115,332,452,330,260,493,22,642,923,590,844,80,186,315,676,480,725,964,868,866,41,850,444,340,436,930,37,51,17,120,654,378,936,580,83,465,775,384,177,212,36,140,628,665,512,103,244,547,939,89,782,594,907,282,995,611,611,729,261,340,882,723,417,162,98,979,859,219,993,591,658,657,142,269,903,508,362,819,544,71,972,135,324,353,254,756,577,549,759,688,203,794,855,235,217,833,50,99,571,71,732,570,413,505,664,663,825,173,215,229,163,814,257,798,349,767,33,782,265,155,225,7,548,953,777,266,89,894,443,6,4,3,85,957,639,928,799,544,215,863,535,382,604,192,240,367,642,186,993,851,810,254,339,884,107,714,834,308,732,5,927,983,39,564,757,397,832,532,569,875,818,462,268,23,719,397,209,521,253,750,299,916,982,572,659,855,932,632,172,223,907,608,25,850,779,660,981,321,24,922,474,182,353,687,258,888,338,532,617,34,743,710,473,273,321,433,970,991,55,303,123,892,207,125,106,798,914,46,486,515,515,962,375,192,973,720,130,798,151,829,531,16,592,501,603,382,546,128,840,276,401,91,777,507,109,862,775,27,53,121,110,187,678,197,428,339,796,513,452,292,3,375,653,559,707,518,745,608,650,397,17,451,861,523,630,879,13,660,623,200,269,922,317,869,726,402,411,406,2,408,80,624,766,436,299,100,899,639,326,836,540,515,951,264,374,267,174,739,50,814,917,234,39,987,343,848,914,12,811,930,325,726,502,857,304,494,930,902,220,689,453,701,526,905,583,718,512,297,493,709,673,768,120,482,456,890,726,548,336,372,588,64,429,334,482,137,475,268,755,191,426,889,347,180,897,883,515,773,70,743,544
311,639,419,666,625,532,4,403,821,7,729,122,962,741,79,625,301,747,667,444,995,618,982,283,585,299,840,642,470,895,955,385,192,909,327,999,920,558,407,484,306,255,904,497,412,8,363,57,911,887,481,135,532,37,661,847,66,510,904,525,500,916,201,217,48,537,588,528,844,232,792,301,776,208,535,181,400,501,818,784,233,936,601,994,443,768,620,433,243,579,268,997,794,752,206,955,159,101,509,458,206,531,559,701,71,424,764,563,159,816,587,675,20,84,47,33,998,305,734,869,765,904,638,496,972,930,272,922,217,128,200,862,947,945,790,120,111,482,46,904,94,162,698,448,438,761,488,224,827,479,384,719,946,713,15,351,817,578,204,213,896,531,402,334,416,630,8,479,405,836,776,104,140,662,720,952,569,26,844,96,238,964,511,286,197,225,727,399,94,880,624,78,596,875,72,772,142,264,813,599,459,166,927,999,186,700,845,724,502,940,340,66,573,523,279,876,610,5,740,80,876,247,329,690,150,179,351,891,865,874,709,631,675,32,788,455,699,873,940,234,899,768,608,90,589,737,262,747,987,232,691,328,618,357,996,686,644,943,182,540,368,353,931,202,923,140,327,388,837,939,192,224,573,498,409,923,715,845,786,101,577,894,334,33,909,315,664,629,869,544,693,978,621,715,745,573,209,687,111,912,690,228,29,809,724,715,821,0,49,880,139,654,472,996,762,691,156,661,876,404,417,326,840,973,617,651,465,988,672,157,212,988,508,927,483,546,316,873,844,537,768,48,20,285,597,190,810,936,323,88,899,962,721,658,839,387,679,591,751,588,644,133,712,737,618,780,566,192,811,59,220,653,991,248,47,506,869,702,352,372,338,747,436,238,905,580,326,747,884,976,464,185,266,152,563,878,971,422,849,287,1,787,945,701,195,962,842,578,482,218,321,107,573,143,335,153,702,689,664,93,271,316,650,126,249,309,857,547,898,220,658,13,526,939,496,351,257,390,941,691,263,813,545,201,48,425,365,734,712,482,15,233,150,954,724,366,263,813,927,207,1000,662,840,995,866,31,827,594,340,769,510,352,216,657,328,425,72,962,224,7,217,881,629,996,995,2,583,109,661,993,17,279,302,323,226,97,287,721,851,787
197,67,83,909,369,545,805,143,281,735,967,985,335,601,187,885,34,503,94,200,635,398,298,890,596,386,353,615,358,64,675,383,932,669,509,877,73,790,792,564,580,339,637,217,640,631,836,315,618,255,387,27,533,292,509,240,53,327,432,243,668,760,308,169,905,12,870,447,59,690,706,764,235,762,738,120,182,235,630,600,910,90,604,288,137,692,604,631,709,182,901,106,265,15,337,184,92,832,917,650,984,596,747,730,728,918,308,507,662,299,185,744,277,813,601,493,494,79,223,383,19,240,396,891,433,526,847,607,688,16,721,723,333,407,908,424,485,612,776,599,559,488,305,162,543,600,893,436,583,603,562,548,762,861,202,84,0,790,866,85,502,479,791,362,19,561,990,650,883,454,108,31,986,768,583,515,30,478,266,297,635,962,635,538,144,912,160,380,593,18,25,47,87,83,867,611,605,668,499,755,134,440,555,635,644,215,681,554,945,457,764,428,88,910,422,960,208,404,953,576,186,72,207,140,457,905,559,792,292,607,526,106,570,519,120,484,985,925,579,335,58,631,879,16,11,571,494,123,789,50,576,967,566,136,993,913,41,645,566,639,565,921,275,797,561,240,965,174,134,50,105,657,404,111,528,253,599,217,539,900,802,706,459,697,823,616,393,876,810,993,212,767,315,6,523,748,265,880,592,889,975,737,580,91,205,973,211,215,452,479,532,829,176,51,57,503,720,198,116,281,20,322,215,992,425,806,744,196,375,525,295,931,884,635,926,421,561,914,744,5,132,680,274,398,474,799,511,27,211,65,774,948,465,217,314,639,770,679,919,23,716,845,940,66,378,741,876,464,774,147,133,24,388,657,971,806,115,385,815,577,78,505,268,821,387,120,619,810,710,766,819,859,406,953,46,997,838,942,266,145,442,287,626,608,271,358,118,93,409,89,892,503,364,602,490,109,462,898,840,440,875,294,70,86,332,323,656,518,540,18,375,850,721,303,162,383,468,759,878,377,317,361,774,136,771,857,231,501,225,155,523,906,389,959,648,814,933,462,545,161,502,928,288,818,440,980,959,920,913,55,830,843,735,554,45,100,153,800,998,70,380,248,93,312,773,699,850,113,541,788,778,730,783,51,352,340,91,922,266,628
697,607,837,905,641,555,925,739,440,208,687,571,679,69,925,320,222,567,296,105,478,827,540,926,506,60,662,476,879,318,508,367,197,181,68,696,929,396,550,108,323,437,614,78,119,771,898,41,624,830,868,486,72,790,379,593,994,25,777,727,642,978,11,67,416,73,592,395,911,343,675,275,500,751,902,546,514,779,268,484,212,131,751,234,662,783,902,256,37,326,884,210,524,538,330,715,638,569,819,762,650,375,793,549,569,693,723,184,616,21,955,979,866,312,641,518,220,147,18,530,274,931,530,548,154,204,880,727,902,926,664,995,837,875,909,748,632,328,183,22,639,955,616,69,256,997,650,293,645,350,270,720,777,479,667,394,747,853,249,845,681,917,937,305,636,383,74,151,36,274,278,45,353,176,67,421,463,8,815,582,437,372,192,429,987,903,714,621,367,909,300,259,618,329,782,532,730,660,564,214,417,495,685,234,92,353,967,693,964,631,761,776,679,76,988,166,12,41,358,367,967,843,194,302,887,187,139,69,940,402,676,517,870,200,806,93,512,188,260,17,724,426,606,464,774,173,647,805,998,109,477,884,772,871,664,9,24,35,276,569,858,760,134,345,177,94,821,476,1000,191,749,439,743,389,14,396,36,321,470,81,833,441,167,494,111,41,341,728,774,725,959,638,691,369,497,672,384,289,106,189,580,346,670,345,917,893,657,336,329,51,520,205,240,22,388,295,705,341,809,61,351,889,183,842,243,990,478,261,584,965,727,350,984,919,70,583,268,701,133,237,698,732,973,888,146,314,251,13,620,188,500,970,502,915,934,296,202,890,682,151,31,571,775,935,976,708,956,547,380,123,18,125,913,373,587,855,769,199,436,87,923,992,789,804,97,878,949,248,434,386,698,92,43,849,834,256,123,810,129,740,656,552,987,830,890,297,405,226,566,772,497,731,347,294,414,354,638,805,698,776,822,977,77,544,549,651,935,303,466,712,434,757,99,480,599,187,987,144,807,342,354,186,761,466,795,100,591,173,821,419,621,646,653,271,244,29,497,546,711,175,245,185,149,215,677,326,621,774,433,589,970,136,900,530,719,754,939,901,85,420,473,35,447,761,931,824,115,399,252,647,189,594,116,315,294,12,468,383,785,461
167,187,476,938,117,87,397,128,239,932,929,158,506,830,370,763,438,332,612,643,583,595,341,6,624,739,504,699,123,921,77,487,900,93,1,443,717,462,153,704,919,418,677,427,314,479,283,414,172,134,451,872,397,239,464,314,865,507,703,687,220,245,120,519,279,434,482,235,875,544,327,153,639,432,669,208,958,491,89,515,165,122,322,789,322,75,964,887,699,973,722,802,258,636,291,242,540,151,787,532,688,699,261,375,259,716,711,113,18,809,339,838,347,85,839,736,606,285,701,723,713,547,934,324,14,739,277,781,895,95,571,877,1,957,356,699,104,52,287,847,48,191,45,758,459,36,945,987,640,571,220,536,238,813,10,530,359,326,997,290,335,492,586,961,795,661,760,143,406,67,304,293,60,870,809,649,292,792,484,229,225,59,771,191,42,122,589,393,325,561,538,96,547,35,339,334,420,202,262,461,918,583,816,216,413,832,327,50,215,730,30,138,897,937,204,748,817,589,530,591,896,506,807,603,958,696,418,269,425,63,328,993,132,256,211,864,485,842,171,939,467,596,763,263,761,501,513,993,387,754,670,78,903,648,294,76,800,188,321,739,229,922,469,201,944,611,647,632,389,862,982,65,452,561,498,506,659,124,398,396,574,175,672,610,484,923,46,826,911,168,690,160,747,779,83,848,474,768,641,148,32,451,70,707,766,332,806,959,546,299,423,333,375,493,732,399,664,845,608,694,294,963,66,184,279,730,116,176,918,27,838,96,266,498,397,329,40,125,472,835,302,726,342,603,140,89,428,711,612,204,311,319,604,143,7,217,437,470,73,287,781,793,53,663,295,426,961,889,565,711,976,90,284,445,703,791,75,230,557,114,523,566,936,388,954,730,176,879,378,34,763,360,2,530,451,130,714,60,30,809,659,374,873,365,1000,396,816,439,371,556,878,188,586,970,651,155,190,29,216,266,722,430,906,720,333,289,850,69,637,356,836,904,436,705,438,797,547,660,858,872,96,324,983,784,242,242,870,174,73,126,51,328,438,434,213,596,288,293,790,225,739,884,917,935,112,154,856,525,475,982,812,458,926,198,301,906,367,383,815,873,397,371,806,964,938,908,905,280,854,211,651,295,911,302,962,767,485,470,110,528
656,804,26,220,539,335,407,45,171,503,312,605,588,625,986,327,36,681,422,591,614,919,807,159,483,184,497,184,904,527,586,821,934,936,680,827,96,85,380,797,274,557,884,776,679,106,199,471,656,767,593,260,425,890,813,6,189,368,799,710,221,662,82,549,205,319,873,580,517,61,386,542,864,593,318,545,14,950,815,404,397,415,933,682,841,282,584,181,635,402,380,668,678,494,258,700,919,856,845,142,162,755,736,635,493,296,799,949,900,802,993,328,776,604,659,718,842,758,48,341,473,535,689,576,620,704,551,40,187,979,93,915,979,259,58,208,186,501,8,827,810,31,738,746,782,925,641,548,402,690,751,182,400,558,520,770,577,486,595,614,772,568,720,829,833,417,949,7,575,907,513,811,890,805,789,785,84,584,517,417,715,271,177,643,355,299,341,269,56,235,92,471,792,824,877,175,705,534,576,976,870,812,664,406,105,265,272,470,460,282,166,921,917,605,219,349,213,402,408,921,871,939,287,333,586,211,717,914,415,787,403,118,706,405,394,80,20,482,845,373,587,306,146,26,997,647,689,469,43,357,332,186,601,363,691,181,135,40,855,994,359,259,377,837,174,666,484,231,474,948,685,130,359,567,673,453,869,636,573,111,55,467,321,279,174,992,118,489,126,976,794,967,211,722,718,301,677,812,423,247,479,270,443,317,799,931,592,230,230,188,154,803,238,20,906,889,273,838,84,189,307,274,221,164,763,93,706,312,238,719,291,537,41,44,743,860,102,623,881,67,746,713,300,922,366,187,681,360,941,563,446,334,48,331,148,904,669,61,369,400,236,304,96,170,80,136,401,828,261,825,952,357,348,604,378,509,543,257,382,167,490,672,586,217,666,20,327,475,978,340,786,378,608,566,857,285,401,544,580,932,550,372,274,464,638,684,454,231,524,862,870,773,828,936,266,130,946,209,62,744,916,601,907,361,365,656,544,987,34,860,484,189,998,762,1000,97,933,393,220,278,199,626,356,963,117,723,200,332,852,817,167,805,264,382,730,923,938,586,590,628,802,90,288,914,510,884,985,871,758,113,701,970,832,306,380,570,725,824,142,864,338,130,920,622,911,354,742,561,478,422,532,211,972,882,797,827,239,997,590,920
736,946,26,357,440,334,400,300,627,886,853,72,429,477,10,513,331,312,420,489,136,329,643,60,316,460,330,926,32,280,199,365,110,780,357,476,264,230,789,513,402,156,76,557,651,678,319,800,916,398,762,973,925,217,418,728,209,854,260,713,208,543,826,342,36,84,508,966,233,216,685,196,912,391,76,25,713,629,728,807,285,843,987,411,891,994,852,595,428,83,532,787,522,75,118,405,499,667,343,381,851,562,402,13,654,145,578,189,866,434,582,613,191,492,42,537,568,470,88,561,401,826,29,112,977,627,150,455,547,219,786,581,431,923,692,897,327,115,929,961,820,970,425,143,130,29,621,929,970,328,815,760,109,876,864,236,254,259,507,185,58,653,534,568,841,743,855,411,168,919,13,492,140,687,370,905,709,7,464,347,797,398,886,29,507,375,173,336,776,473,742,233,761,411,383,846,697,215,415,700,740,302,556,490,327,538,973,721,379,211,764,480,740,620,911,833,543,743,545,669,296,554,541,531,888,375,207,799,391,586,633,719,918,420,80,484,851,100,186,557,991,971,140,100,429,814,457,641,33,958,934,6,677,205,527,684,667,580,11,918,850,243,210,979,466,409,423,421,79,49,811,909,28,851,621,569,332,57,854,270,175,896,897,40,467,406,558,43,305,871,174,505,304,110,615,709,854,193,214,453,479,917,207,838,607,466,466,589,427,738,477,779,563,840,871,780,173,755,270,655,32,571,478,902,984,359,904,487,557,584,3,431,832,690,659,842,346,391,725,218,791,627,189,542,516,189,308,357,950,671,766,447,267,307,278,745,126,14,249,908,754,323,165,502,237,272,461,385,81,569,597,392,609,62,318,719,406,400,937,799,828,15,867,352,987,864,138,223,298,395,929,128,999,945,118,164,859,389,543,570,553,745,101,434,123,80,121,639,863,586,847,901,832,317,8,661,830,244,358,665,395,510,353,416,150,992,819,64,203,743,987,54,123,373,117,187,140,810,902,244,673,84,186,624,473,780,173,437,398,648,471,248,743,45,403,591,41,971,138,153,582,160,972,167,216,179,966,172,312,136,45,636,727,613,483,96,268,903,16,468,694,257,151,64,69,293,419,693,134,849,677,546,815,532,665,255,878,664,896,713
836,900,520,112,610,186,103,375,729,954,426,788,569,525,462,133,853,101,112,289,353,925,197,457,565,886,856,896,639,113,840,179,384,244,556,634,35,750,364,644,402,926,356,58,844,283,62,54,568,838,604,734,217,594,572,310,839,872,1,209,822,388,164,325,298,889,688,547,602,223,138,118,871,353,272,103,387,669,812,403,387,255,617,798,46,235,354,933,935,881,951,369,891,439,426,217,888,413,970,596,532,907,617,495,986,217,204,627,270,475,880,157,342,246,966,929,230,245,939,256,417,206,485,861,264,679,992,177,497,199,971,603,35,519,756,268,157,659,765,502,13,539,60,77,803,21,51,124,368,521,391,426,422,609,780,48,529,398,752,901,366,805,813,367,328,844,844,688,992,456,805,832,943,438,57,151,413,892,161,585,436,542,279,214,394,582,5,818,41,682,69,589,987,608,243,713,456,353,768,953,63,129,753,797,571,70,231,943,690,40,953,712,429,546,900,148,504,255,205,395,490,908,439,296,629,596,882,337,865,115,707,445,172,232,517,355,823,547,626,568,198,256,624,4,661,966,826,269,347,961,983,714,92,311,239,360,212,867,715,78,27,47,287,674,188,832,661,202,359,411,189,5,162,705,716,616,839,229,557,405,697,874,789,430,185,987,498,629,510,797,573,200,952,605,731,219,193,300,715,234,535,163,559,263,554,513,389,581,610,776,810,979,508,560,961,713,102,457,341,451,877,167,573,818,661,580,590,403,821,523,234,117,556,751,908,755,755,572,790,397,664,325,597,343,409,779,176,172,713,418,689,239,59,938,572,819,64,911,116,21,810,629,191,35,434,539,302,454,544,706,366,559,496,500,451,983,429,568,174,979,841,516,83,247,970,655,255,636,314,153,276,25,891,674,254,906,614,461,262,987,688,151,146,817,834,479,963,590,47,770,253,696,886,225,718,129,117,450,731,487,947,3,561,425,947,434,21,219,163,433,188,173,548,90,631,955,605,678,523,106,799,148,547,177,695,520,956,219,819,500,701,659,179,547,200,53,190,251,571,531,954,237,241,463,659,728,839,367,175,50,550,902,926,676,160,671,733,463,120,639,22,378,2,177,364,126,922,553,340,301,217,455,936,244,798,225,513,316,228,505
108,664,325,133,3,618,629,24,2,626,543,775,60,744,459,314,672,566,285,374,407,699,526,412,136,277,620,262,973,552,818,387,373,714,195,346,158,105,976,744,599,679,106,471,124,851,518,635,839,144,194,195,436,975,306,985,151,411,482,908,612,13,14,164,588,209,535,631,703,220,828,689,326,760,172,81,943,950,393,65,739,558,7,811,647,732,195,643,930,688,628,21,508,866,70,984,505,114,162,334,669,848,934,752,781,543,172,52,250,902,871,302,122,588,548,554,15,945,416,517,489,900,851,629,565,564,287,516,296,628,204,898,787,85,144,500,241,446,56,76,902,67,550,170,30,454,225,339,7,205,400,534,697,467,908,361,551,603,267,509,880,597,631,680,440,198,122,127,846,127,981,709,747,41,50,627,300,855,609,412,0,11,714,805,277,523,454,916,458,420,759,828,308,247,273,460,116,634,712,685,624,486,21,842,540,236,759,935,751,240,329,360,971,476,238,512,723,120,124,959,146,31,369,290,979,529,400,114,100,499,520,827,829,260,632,449,705,541,3,540,250,947,265,612,797,604,712,812,512,516,583,795,431,988,661,53,752,57,652,44,286,57,891,915,504,212,959,715,888,816,595,412,144,895,454,282,709,343,340,136,81,761,972,303,280,278,743,71,272,779,534,838,555,269,578,402,468,924,374,606,521,575,126,742,928,536,278,493,73,483,896,114,83,815,475,280,144,3,37,655,892,973,358,431,209,29,301,90,898,154,916,938,387,871,983,829,387,5,769,381,967,902,568,580,831,136,469,374,547,175,541,274,149,492,83,369,863,264,891,167,406,780,139,777,991,845,850,367,8,234,634,813,174,460,546,117,421,411,391,995,170,281,27,365,70,92,153,352,136,50,367,740,767,934,927,296,149,645,461,390,226,78,448,864,983,624,347,294,426,735,895,493,292,915,169,996,63,517,982,909,381,772,335,953,848,103,375,937,630,232,741,994,796,942,693,268,668,216,219,830,350,25,994,717,657,961,61,943,953,824,125,213,50,301,370,725,19,827,123,346,188,713,609,895,326,574,252,855,746,163,702,538,356,6,172,244,602,874,838,483,349,529,687,476,950,907,354,724,889,55,907,104,930,30,434,754,252,86,815,220
748,415,555,344,34,275,108,44,716,568,468,720,712,676,608,726,756,21,875,717,691,669,792,455,571,776,910,626,667,360,997,67,93,446,606,559,836,821,605,545,705,884,371,850,267,661,706,30,338,876,685,77,762,363,496,3,50,121,300,503,490,121,360,315,839,792,396,902,553,439,772,160,145,760,717,148,660,287,377,911,430,647,933,720,974,835,10,109,580,855,845,87,438,550,618,811,169,467,640,586,148,542,910,178,177,392,363,287,595,841,256,165,18,446,37,38,335,886,951,684,39,569,933,615,328,655,346,404,931,469,171,881,576,990,277,71,470,399,527,360,774,451,581,178,568,743,196,112,643,213,244,263,889,346,302,154,6,476,629,489,681,868,104,940,372,452,894,172,514,738,940,948,245,129,231,878,310,795,181,278,204,869,17,835,290,32,697,395,647,302,641,408,197,229,886,119,561,937,108,801,510,57,344,607,606,980,766,423,622,114,199,157,270,249,342,457,745,583,320,787,875,747,776,660,803,815,673,284,465,191,255,866,826,491,990,496,978,162,691,895,44,243,133,371,852,815,679,27,931,648,325,517,1,847,598,605,775,781,473,277,242,799,793,820,241,37,143,574,93,417,650,804,892,901,169,225,825,773,780,843,427,830,381,364,653,331,289,987,473,299,934,849,357,634,762,361,999,819,887,694,928,446,534,959,684,979,48,108,392,626,240,705,409,12,526,801,293,840,611,185,324,716,112,941,153,161,650,578,65,960,61,55,719,765,168,840,73,408,769,862,353,497,785,293,238,18,628,949,72,347,743,756,150,903,360,602,293,642,239,572,128,524,238,186,442,433,654,621,840,437,630,434,772,349,223,713,621,461,628,203,429,239,844,379,172,867,210,37,685,949,481,803,106,966,558,115,370,890,590,154,506,637,395,851,246,569,392,292,528,348,187,165,299,168,289,901,96,663,961,946,845,885,827,596,69,42,427,676,518,16,184,591,537,221,332,860,704,998,753,488,156,871,589,660,513,774,112,792,897,933,324,849,361,71,465,66,102,31,915,416,985,425,858,308,75,986,630,697,835,742,704,471,346,85,862,870,432,110,747,818,290,0,758,691,483,885,318,411,474,376,48,982,853,5,288,644,676,450,907,320
64,387,650,493,248,581,288,944,229,257,104,816,7,744,938,868,605,224,239,314,844,78,232,876,938,85,448,574,435,933,517,184,799,703,595,187,356,163,819,820,814,489,501,609,53,613,678,487,573,680,459,351,463,638,558,184,460,158,105,303,213,695,645,505,854,715,898,726,761,974,730,609,765,65,470,342,600,907,255,673,541,391,37,983,121,645,916,972,680,444,821,964,146,234,493,916,983,437,426,300,546,30,713,605,803,525,730,715,454,532,321,752,780,957,801,342,950,609,178,447,165,24,898,630,502,667,954,56,533,803,691,637,458,60,287,866,321,616,604,487,120,179,208,625,536,57,785,718,506,800,824,168,501,756,419,702,962,983,99,36,463,675,19,646,532,995,3,695,367,54,605,445,789,298,936,236,859,346,364,71,964,731,958,29,584,317,456,697,772,237,420,280,269,384,850,963,163,358,465,741,775,846,456,32,575,176,202,945,560,724,357,789,449,513,239,867,351,197,323,147,358,733,955,308,147,750,626,666,996,626,725,442,514,861,570,924,697,399,71,481,868,650,889,432,828,828,166,23,772,486,349,454,915,393,768,602,603,752,298,605,604,22,116,623,945,311,730,423,313,577,604,660,973,853,959,616,443,736,646,145,334,764,865,428,731,148,144,371,805,272,851,94,75,234,145,180,689,305,581,923,284,632,5,994,459,66,240,914,786,809,209,412,377,537,139,486,132,398,165,884,467,257,586,352,456,342,900,639,943,322,256,684,731,919,67,302,314,328,803,138,388,887,976,231,839,403,939,108,209,470,152,783,997,324,999,605,676,898,612,496,167,269,976,465,776,125,708,98,884,107,334,780,782,362,985,495,350,236,198,891,671,450,856,727,740,963,462,992,196,274,729,431,433,537,910,469,798,666,607,469,657,239,744,932,685,913,620,856,856,84,472,534,210,246,597,400,215,752,17,900,979,115,789,920,960,918,500,320,899,689,74,466,221,450,514,291,679,879,29,995,521,37,489,926,295,520,365,509,386,73,751,596,245,345,834,916,855,7,450,596,186,685,198,515,835,472,769,640,73,311,23,375,149,232,980,14,475,319,519,722,117,667,238,286,961,519,780,544,670,697,967,770,376,996,326,233,341,904,800,374
390,647,424,515,592,739,513,530,541,67,740,420,278,312,726,167,422,501,201,501,844,242,993,146,811,480,377,741,272,535,0,378,1,39,915,65,571,760,559,638,905,14,351,624,763,792,132,780,267,375,292,672,681,443,159,825,123,6,541,283,864,114,961,336,334,768,436,58,295,663,923,722,515,903,825,108,988,448,506,671,667,218,907,753,665,887,925,736,411,431,524,929,522,807,441,397,854,497,523,204,415,86,927,472,746,314,70,548,196,375,955,144,859,651,33,217,930,806,240,804,50,434,894,882,765,980,787,409,893,826,232,548,627,176,397,192,488,719,341,879,221,802,967,773,989,647,869,19,390,441,668,474,378,534,98,228,388,956,407,941,230,168,331,509,799,57,29,231,970,336,742,735,798,83,92,488,680,35,389,778,419,61,237,96,205,248,983,144,372,53,914,594,48,828,343,225,427,175,457,142,897,931,623,352,614,162,495,360,199,997,588,948,298,147,835,219,130,54,933,794,620,817,736,300,123,847,573,464,623,249,160,790,225,392,82,308,511,114,844,382,630,7,744,85,651,604,732,543,290,977,372,21,957,142,432,739,239,318,273,314,888,356,700,703,378,660,428,976,531,836,954,723,842,274,499,635,932,905,431,200,76,776,138,831,366,615,263,139,566,979,155,17,106,941,364,756,129,304,47,725,173,3,118,640,377,842,393,928,30,496,563,558,667,702,424,602,860,104,125,514,40,894,334,538,571,493,662,388,572,673,675,165,513,66,570,475,965,748,370,876,925,267,912,445,811,850,774,589,879,253,741,621,461,52,972,234,101,843,157,691,569,147,850,728,148,458,799,180,255,700,960,863,198,985,391,386,959,103,254,965,472,795,264,706,336,18,865,187,663,634,245,443,8,86,245,480,204,521,53,589,112,159,935,877,884,239,478,83,214,906,647,13,424,278,66,559,66,885,49,479,589,617,45,80,209,167,796,468,456,625,165,629,653,236,508,793,114,63,707,554,642,737,186,62,163,458,224,751,621,662,233,523,612,993,126,943,106,694,227,910,612,942,232,155,199,463,80,214,277,457,607,171,284,870,856,969,432,426,885,717,879,153,21,223,363,680,334,403,371,211,553,409,459,932,383,966,920,504,490,909
92,664,370,1000,339,43,648,726,245,822,398,283,654,26,341,688,98,795,399,645,890,859,666,776,839,877,885,660,572,106,381,568,813,50,827,371,504,833,288,41,656,446,542,107,127,610,420,639,513,14,514,833,540,804,852,428,630,971,273,800,757,703,618,108,56,304,983,760,767,636,949,735,237,884,55,836,83,345,344,699,765,435,355,910,511,162,497,184,388,787,338,505,388,183,137,835,600,819,428,800,394,649,825,231,620,887,502,384,751,574,486,506,5,631,749,327,16,316,342,604,60,911,440,69,812,921,618,407,812,338,379,100,24,204,89,736,705,339,433,502,993,429,770,809,894,773,674,631,123,386,299,364,539,236,249,95,857,26,427,123,442,946,603,286,870,330,753,978,566,311,153,938,13,800,653,579,990,838,532,455,639,37,611,789,625,413,489,307,194,739,845,126,617,298,948,213,750,431,616,664,698,229,940,169,297,678,619,752,542,19,708,776,336,267,433,155,191,761,425,829,274,505,256,305,190,412,424,878,212,979,551,14,877,808,760,354,982,470,682,112,246,685,48,802,21,492,728,123,845,966,828,875,368,711,146,853,178,826,797,670,38,472,239,187,748,385,246,541,504,855,34,713,471,787,981,390,977,898,847,400,44,549,291,94,878,159,222,762,863,571,544,228,781,359,869,566,300,242,687,717,723,274,943,601,216,199,775,328,150,728,137,353,182,474,913,509,847,437,150,310,5,196,186,227,434,606,832,30,35,85,663,128,502,846,951,230,183,994,845,279,931,788,947,852,850,451,358,686,535,821,99,306,257,370,349,234,683,758,666,617,279,213,310,738,406,771,54,798,735,484,699,323,430,959,720,367,697,684,639,827,302,917,724,533,384,419,296,534,342,269,729,908,848,526,952,293,115,675,112,276,65,506,108,700,69,733,614,944,258,33,369,523,172,717,844,881,154,447,574,862,434,381,587,293,622,743,286,642,582,493,70,689,602,697,892,163,69,90,593,374,862,442,323,532,161,214,188,261,746,440,988,580,477,63,34,842,671,764,877,66,321,854,763,345,162,876,997,638,251,904,230,432,128,31,539,567,340,446,760,72,286,460,801,234,86,424,925,427,285,394,303,488,139,22,699,470,371,558,275,382
93,125,421,225,453,864,791,677,692,631,44,785,733,885,277,691,758,874,288,712,58,579,825,208,990,526,720,552,563,39,242,789,274,980,398,687,547,471,8,845,241,871,805,685,767,918,414,710,875,316,587,991,346,633,43,889,86,383,358,107,950,674,20,147,626,316,472,461,353,113,941,44,415,955,841,453,595,741,595,577,666,283,301,304,121,669,71,281,296,76,798,876,592,532,101,293,295,284,74,332,742,578,286,675,823,682,776,832,364,317,330,568,475,477,276,60,609,472,27,416,844,57,71,699,956,254,108,708,987,366,209,966,235,631,485,230,883,584,729,986,244,635,66,145,848,722,677,247,476,177,326,788,809,973,976,823,393,445,573,615,540,748,266,748,152,120,697,570,381,241,16,911,39,40,602,520,131,773,340,24,568,497,173,676,826,898,931,211,206,242,530,101,297,314,565,389,253,809,699,177,58,733,273,764,686,231,799,783,433,260,290,728,412,975,635,926,711,596,567,55,412,324,343,635,920,428,53,549,308,511,140,352,81,614,279,630,276,227,366,823,337,208,810,12,778,834,689,961,306,406,53,810,32,480,728,398,418,902,316,721,851,385,847,693,394,475,78,882,612,695,292,49,143,332,511,681,851,599,684,234,177,91,651,222,944,166,845,292,821,538,70,17,464,349,101,313,660,324,583,847,118,698,20,530,420,635,662,711,961,214,384,736,532,620,150,305,659,285,165,194,780,992,122,682,688,190,41,139,681,194,572,301,802,750,424,758,379,41,391,797,202,620,607,260,412,642,394,970,183,37,263,492,324,955,213,719,595,399,578,361,75,29,586,385,504,536,771,226,38,1,383,812,189,114,513,667,241,478,531,838,540,535,706,510,801,614,754,169,645,408,683,262,200,25,834,185,372,403,60,101,876,38,70,371,718,967,234,993,256,885,291,557,503,367,524,938,870,300,949,246,935,823,944,699,185,61,704,512,722,333,907,477,565,639,476,908,739,303,395,833,382,934,999,189,14,955,859,546,170,947,413,4,761,141,212,322,209,660,680,280,923,264,496,538,471,979,302,701,249,439,267,977,674,926,694,783,295,52,886,964,393,192,906,56,230,60,142,723,741,390,852,896,29,781,778,363,360,777,330,230
10,849,553,985,569,419,278,471,905,953,283,162,697,949,152,191,287,495,683,169,896,772,2,903,346,313,523,231,897,87,906,405,963,849,967,691,78,306,194,969,963,583,511,77,724,669,383,2,703,101,245,335,909,975,250,463,18,126,943,251,810,562,675,36,612,200,199,275,885,673,763,877,178,909,552,40,700,19,216,459,927,112,745,545,56,266,457,775,551,335,524,858,929,462,395,823,664,666,511,165,894,676,237,731,383,783,274,34,519,307,491,470,492,660,755,322,251,888,609,665,333,686,879,93,179,90,218,531,188,445,627,386,848,707,394,858,479,455,104,280,871,69,337,184,605,74,721,848,347,992,659,212,961,178,168,14,823,248,40,853,999,916,942,663,335,441,787,206,575,448,575,605,552,759,137,803,927,957,932,951,471,151,388,968,113,673,766,23,165,502,46,805,26,29,187,926,585,557,63,487,706,51,696,317,798,18,301,908,613,114,77,758,755,685,330,27,789,0,860,88,724,597,987,65,171,591,209,432,613,521,148,317,881,214,115,543,953,146,574,339,32,525,683,796,29,940,40,641,547,228,785,671,204,870,643,992,969,606,559,772,594,406,634,929,110,359,989,511,233,788,529,298,169,979,8,722,222,694,192,613,944,958,544,471,981,507,169,347,771,333,606,306,229,590,840,921,914,797,478,923,858,67,247,720,728,860,531,721,896,368,33,216,469,578,865,352,794,237,575,996,264,92,376,739,448,435,245,3,318,261,518,646,597,893,975,179,254,425,749,31,977,136,365,340,570,736,770,265,543,418,412,353,676,686,307,583,439,63,895,776,868,400,660,224,522,955,66,730,926,562,363,835,721,599,783,40,770,578,536,582,160,267,972,177,653,707,956,793,205,733,389,313,316,784,373,678,0,602,669,595,806,782,689,569,731,100,722,369,234,627,685,167,541,83,155,156,300,295,227,284,321,29,146,722,655,304,327,585,59,440,727,575,574,843,305,352,71,173,416,772,483,827,257,350,69,236,676,560,156,905,238,625,454,796,775,415,436,466,186,755,284,917,181,522,655,840,410,319,379,702,954,98,839,280,551,441,616,165,305,133,960,962,668,206,742,125,614,440,915,591,659,534,596,155,958,978,97,228,266,521
23,992,3,612,595,861,513,123,600,575,275,697,337,421,488,713,340,508,20,806,555,621,433,416,525,5,807,840,195,269,577,62,651,166,789,630,570,81,772,751,794,679,142,962,156,787,798,556,875,599,657,354,290,834,698,106,689,336,383,869,234,47,835,960,406,261,446,221,304,14,415,17,474,455,438,112,589,359,792,735,503,514,366,348,320,297,239,602,680,2,772,273,77,411,996,704,302,849,388,737,273,1000,91,681,966,554,803,244,278,322,72,938,270,281,855,720,71,521,158,706,229,575,111,708,926,520,386,284,470,992,796,175,554,89,801,304,525,465,396,4,889,408,224,118,68,851,47,55,236,953,593,490,545,569,852,136,577,436,309,694,481,484,774,79,383,488,491,235,486,635,868,549,689,644,795,359,449,987,935,582,880,608,307,49,255,762,620,331,681,840,9,259,216,141,916,672,968,914,735,745,439,775,291,86,736,765,57,337,942,848,596,709,707,349,817,512,975,726,6,740,388,704,189,98,556,12,417,183,788,270,999,912,819,838,106,658,369,862,728,519,291,206,151,393,429,26,645,273,186,716,429,448,609,947,696,506,478,270,437,545,156,835,544,350,351,219,598,349,119,346,738,268,500,790,836,710,665,21,777,149,678,603,449,191,862,606,188,354,714,18,309,985,996,972,249,335,294,105,960,613,242,567,69,333,580,360,31,554,794,116,189,479,570,929,849,665,816,274,296,273,91,668,411,438,638,305,105,712,223,582,415,271,49,381,525,897,952,212,926,216,43,64,101,974,338,845,817,664,920,722,606,48,330,858,96,782,437,359,62,4,959,434,164,253,645,93,176,994,424,895,337,981,901,752,968,249,918,159,721,311,466,79,266,895,449,822,883,408,856,48,88,678,190,468,54,805,396,328,347,879,525,654,547,180,39,329,913,245,856,163,556,563,833,330,692,147,672,498,770,347,307,380,620,291,758,718,254,859,105,963,480,369,319,513,1,874,131,315,46,877,483,684,778,787,469,367,982,426,205,844,282,943,479,873,170,794,717,175,371,260,457,548,724,808,654,653,467,928,343,704,451,30,774,344,173,366,558,278,942,730,838,685,970,314,88,112,984,469,179,132,389,244,915,180,677,114,789,14,213,74
196,323,556,527,526,101,624,540,208,918,532,107,816,194,319,253,851,978,653,669,451,573,416,452,341,722,740,680,172,178,173,739,800,988,929,978,798,144,357,967,392,683,119,241,618,696,274,909,902,963,680,582,558,739,483,482,670,963,253,521,99,430,629,268,230,845,986,452,144,939,914,104,365,204,941,87,943,275,99,188,583,443,942,985,84,24,681,802,137,778,340,202,814,932,367,867,383,243,481,611,390,815,794,481,178,100,725,126,785,555,143,855,898,925,850,779,595,142,280,646,358,393,214,527,39,464,929,561,294,738,177,658,407,401,223,931,785,648,950,663,60,261,960,717,359,417,510,105,307,502,135,550,260,50,536,489,83,456,617,330,315,397,439,843,830,488,287,571,672,416,312,315,198,819,40,236,895,700,423,322,535,197,290,522,250,981,766,292,727,119,923,15,924,990,48,481,649,620,397,586,549,23,62,199,949,688,219,132,491,251,134,23,756,137,60,688,471,197,588,793,725,420,307,57,928,504,595,180,679,641,780,868,886,487,921,746,434,489,800,47,419,83,361,323,355,161,976,661,692,817,824,254,118,792,542,100,871,957,672,380,11,245,121,752,331,388,193,259,480,324,135,301,502,43,148,989,192,922,334,816,311,978,92,597,345,934,942,601,929,577,754,464,286,4,157,349,98,623,830,335,465,638,349,222,724,277,118,130,370,891,923,704,529,759,140,88,682,194,305,798,937,937,891,399,772,293,994,612,827,408,98,738,621,473,216,656,386,407,830,855,848,878,320,859,569,48,26,661,88,560,956,131,584,713,124,643,536,883,858,965,967,893,103,228,696,194,425,776,343,199,86,918,25,910,57,158,679,609,705,10,495,933,726,369,548,929,34,975,195,173,376,808,327,93,894,302,92,112,680,650,756,644,241,433,387,877,128,190,721,671,313,974,501,171,299,353,631,976,938,521,649,64,661,945,488,74,984,936,650,941,924,214,340,948,52,620,76,322,517,446,963,38,836,692,471,544,432,160,544,812,49,518,264,735,529,512,886,673,340,703,45,79,774,592,313,932,231,543,336,26,68,250,232,993,496,137,517,747,532,455,519,92,210,812,207,341,674,452,285,136,179,80,731,518,919,699,124,798,362,396
587,979,947,817,238,980,378,828,543,473,437,654,745,229,555,299,43,539,799,927,476,968,309,312,543,479,403,959,43,116,250,347,997,420,638,128,425,813,663,510,888,378,193,978,907,280,551,516,390,995,872,547,642,918,265,486,142,98,573,914,287,591,433,572,909,539,322,876,106,769,950,435,699,710,366,602,735,815,237,843,445,520,143,502,804,350,548,179,984,771,339,294,265,299,678,817,952,287,688,729,174,682,379,218,396,485,704,616,111,779,322,713,662,776,970,870,762,946,179,924,195,1000,195,859,2,870,935,260,803,109,528,578,132,241,858,767,830,885,901,480,772,964,255,668,905,565,214,322,695,326,296,6,191,556,490,127,337,11,312,758,177,497,254,372,815,965,540,769,626,763,779,853,190,820,103,699,233,680,832,555,321,588,928,455,17,696,245,846,296,953,529,56,279,503,121,813,149,982,170,334,244,583,39,991,303,518,421,627,206,162,12,657,50,14,575,417,364,80,82,946,218,484,868,216,788,599,306,274,39,773,73,505,998,771,16,280,235,30,176,828,335,955,450,335,561,536,551,42,634,362,350,789,966,47,193,430,577,244,766,887,693,273,104,437,674,21,158,526,482,137,396,810,726,292,101,813,994,261,886,150,183,168,716,818,949,316,335,865,471,342,797,393,341,687,209,189,89,577,148,357,857,173,180,580,485,427,429,686,608,953,800,668,309,335,565,825,583,929,816,664,743,518,1000,101,788,286,857,851,115,756,85,344,834,619,288,856,430,267,306,373,206,880,602,518,63,511,246,356,721,951,808,472,615,215,244,188,161,930,910,22,141,929,394,890,920,451,287,57,937,918,930,666,655,813,501,642,363,90,211,829,6,50,595,789,999,170,182,319,418,557,253,286,797,135,818,633,935,323,459,906,797,787,829,295,371,223,748,1000,558,674,159,473,731,992,339,232,235,412,227,663,595,979,944,502,23,56,226,428,603,678,317,895,759,125,305,527,746,27,199,227,530,550,198,532,797,71,344,263,98,854,237,19,633,682,819,868,323,473,821,838,924,381,88,260,594,472,689,305,414,295,912,298,387,412,656,131,816,736,194,907,29,51,570,183,836,231,357,842,174,580,961,797,969,564,832,541,208,206,907,111
458,197,847,881,108,944,927,360,2,1,445,344,84,856,183,950,622,325,308,153,264,999,527,778,874,299,623,192,472,500,809,204,985,266,36,768,678,89,957,940,994,979,682,986,207,852,917,322,889,473,685,640,683,983,466,216,31,300,518,158,282,503,47,841,773,331,687,632,686,900,152,608,813,973,741,575,487,867,561,60,773,261,622,486,800,843,81,875,902,779,660,408,671,717,185,465,41,125,969,281,281,438,458,663,475,197,976,175,28,735,117,170,544,460,772,69,22,827,484,373,876,419,764,680,342,839,694,381,722,176,910,909,643,362,575,951,221,94,959,586,269,219,691,733,514,480,473,674,786,894,258,530,756,302,424,199,556,763,846,713,218,928,180,732,884,29,783,948,280,633,480,118,728,666,153,600,995,926,445,242,808,432,439,840,23,453,665,553,299,679,368,745,930,961,551,445,980,109,230,230,368,206,928,39,392,696,672,736,625,822,564,708,81,923,295,347,627,922,424,7,470,702,926,934,433,345,886,764,454,262,214,52,823,386,219,638,567,905,698,503,909,823,748,662,420,502,32,729,834,189,651,440,743,993,823,482,357,45,238,986,112,274,911,227,104,18,403,942,79,449,664,2,578,80,492,671,716,677,620,937,920,208,759,975,143,445,575,335,374,692,267,241,57,650,675,863,166,567,799,736,576,906,611,166,957,840,576,238,661,542,269,787,411,953,167,733,597,817,144,590,597,36,56,136,740,511,607,299,501,149,639,275,247,557,412,309,201,536,537,712,404,575,876,395,239,710,754,79,376,417,749,670,463,627,257,323,146,638,817,767,941,375,24,635,706,485,962,119,500,361,682,125,79,209,764,191,938,27,42,513,479,969,556,853,72,85,628,162,241,176,998,968,487,741,269,859,675,431,936,553,470,399,65,207,313,305,239,528,355,706,514,254,120,887,310,5,814,914,651,596,369,169,219,510,727,862,458,873,442,289,665,777,560,215,777,67,887,788,627,316,639,133,506,263,256,28,265,119,886,481,376,268,58,883,219,28,263,849,346,881,444,663,46,699,29,193,935,259,333,782,86,226,790,761,275,311,837,313,195,370,105,859,34,938,449,596,251,686,75,409,779,937,333,95,829,363,924,13,169,172
229,753,5,611,606,883,258,466,176,912,981,878,489,571,137,18,765,116,670,57,735,558,437,897,620,248,28,916,199,481,172,149,64,996,754,296,736,191,142,9,85,272,242,840,974,526,91,746,759,608,726,69,309,702,849,668,39,14,621,51,725,341,336,193,15,213,243,411,765,476,99,648,110,291,691,87,696,59,177,374,730,557,726,432,961,756,598,308,639,728,784,455,783,452,466,51,43,849,676,253,521,986,70,636,475,848,691,159,996,679,674,79,795,231,824,794,842,106,908,876,257,694,543,863,315,292,669,716,615,875,865,857,992,649,357,706,577,391,982,322,702,355,844,900,576,706,81,553,862,918,56,220,243,498,126,136,861,696,55,874,93,485,284,417,397,796,73,33,309,490,16,429,939,196,958,19,642,343,380,180,697,3,749,905,812,294,521,769,371,950,888,538,109,867,306,713,206,730,77,354,633,184,635,437,562,340,581,960,956,712,299,51,52,750,610,411,45,377,964,741,444,631,460,926,994,18,81,310,704,626,751,328,849,115,62,825,571,368,876,255,577,673,306,909,371,943,478,321,427,254,829,659,986,89,41,820,113,451,89,125,709,589,421,945,951,575,29,226,616,281,918,433,521,637,477,783,359,660,867,934,7,704,696,63,196,858,602,624,819,710,881,466,544,233,997,5,27,528,673,644,691,439,308,969,954,378,931,807,897,974,156,708,260,363,809,86,590,918,331,886,789,820,60,489,906,644,614,404,927,352,492,244,667,801,882,956,368,644,541,907,245,238,74,52,651,685,329,827,305,40,682,545,527,439,917,878,2,407,734,520,916,174,320,378,313,365,839,561,198,546,893,209,512,134,455,421,852,925,130,639,217,261,658,859,599,531,414,908,809,485,902,724,830,749,782,120,769,978,594,70,623,968,13,867,57,193,736,462,638,164,967,82,939,664,365,29,538,988,332,328,148,198,593,140,242,408,6,474,305,713,738,387,271,286,539,940,380,742,107,129,193,607,898,90,319,467,774,998,510,484,941,41,740,319,856,466,864,353,766,506,644,983,686,979,570,586,950,330,818,10,165,762,536,748,735,769,374,627,255,163,259,648,394,139,631,892,930,536,1000,296,387,4,420,180,480,383,73,255,393,820
430,510,516,576,723,90,476,325,938,137,53,734,420,896,64,666,212,209,895,669,3,351,926,930,904,153,636,233,636,293,662,313,191,173,167,255,66,2,220,118,541,637,892,970,199,818,728,88,448,949,144,869,66,138,969,913,495,157,471,738,420,407,562,274,754,607,811,393,727,284,817,229,617,89,45,727,920,377,755,370,495,977,687,366,359,578,500,663,688,664,443,872,613,615,206,720,967,27,316,515,223,556,309,601,52,144,125,672,893,695,536,111,625,604,729,839,220,353,145,24,165,483,263,446,694,774,378,949,127,824,317,271,432,142,635,782,154,912,992,174,162,956,697,593,32,198,424,679,471,633,171,738,160,465,121,771,382,740,48,285,178,36,375,666,401,154,638,382,898,245,634,276,310,774,867,552,881,513,494,874,954,304,511,268,781,77,73,402,611,563,613,85,851,851,137,218,385,142,215,180,208,226,400,444,652,588,548,963,382,263,65,934,691,19,19,874,452,914,917,744,381,71,177,882,932,834,753,955,54,249,359,202,424,681,465,622,219,159,832,204,527,373,413,624,11,582,182,448,606,110,281,279,235,584,799,322,83,932,553,929,343,511,520,51,920,309,676,672,115,231,422,796,523,33,997,479,709,79,461,635,469,254,541,11,466,310,416,144,904,172,453,950,516,531,325,763,405,7,581,386,647,266,86,134,213,999,918,52,580,739,843,639,24,436,973,341,851,198,728,99,0,374,201,961,822,989,530,969,766,727,890,969,171,926,327,934,6,234,587,729,296,623,782,645,26,506,45,913,206,835,177,988,838,858,314,305,727,985,752,354,489,956,218,943,354,730,977,44,361,875,103,350,865,114,358,53,986,283,878,836,898,905,872,792,459,619,198,342,242,197,47,620,869,296,940,414,954,290,343,458,260,594,607,799,819,799,224,19,53,225,629,375,593,264,968,710,509,407,521,342,585,145,857,977,708,28,832,319,364,528,802,570,161,595,906,961,735,341,641,116,185,731,68,700,541,519,618,619,939,537,691,501,256,600,766,134,373,975,332,709,799,764,613,859,774,37,697,502,8,534,501,606,296,3,987,178,997,506,812,87,220,694,604,667,511,977,45,432,919,147,249,486,967,68,779,366,364,341,694,739
680,115,215,810,966,389,307,241,71,207,338,1000,658,978,219,202,751,616,308,251,676,329,187,734,578,336,461,80,401,303,620,971,820,733,273,3,170,536,775,399,503,133,941,658,737,546,12,417,346,455,124,966,492,799,729,174,128,145,860,975,36,308,849,448,115,757,211,778,914,84,809,530,256,72,885,213,828,537,964,313,872,742,257,332,927,18,529,990,829,504,233,906,897,509,427,344,93,244,718,549,188,527,870,662,494,367,888,140,759,682,180,587,621,174,497,373,696,833,968,216,655,954,972,687,24,903,302,747,871,459,39,905,143,316,273,910,505,386,488,434,151,731,536,834,219,117,949,347,807,760,963,91,994,338,670,597,287,165,260,223,124,857,567,255,992,930,331,673,883,758,509,960,43,527,828,116,387,188,695,374,185,183,881,838,61,940,872,21,313,51,780,396,202,40,899,346,914,279,795,146,571,737,681,475,466,562,160,331,356,169,810,589,79,667,992,169,44,191,413,468,20,83,464,193,805,777,293,749,64,681,192,257,313,131,455,972,765,184,237,113,365,320,264,791,58,386,399,662,645,836,642,964,380,796,190,47,792,100,319,448,596,922,75,358,157,531,682,543,415,251,316,771,803,922,34,742,682,829,242,640,200,758,60,358,318,461,205,985,809,723,637,533,804,740,479,98,207,97,727,927,853,884,800,653,959,663,343,555,90,544,166,280,447,53,246,467,955,27,981,800,78,19,714,515,834,509,977,881,567,102,909,259,210,42,734,812,796,933,373,55,202,925,475,130,532,556,145,966,949,956,753,371,704,677,948,769,660,522,362,882,184,885,936,451,770,751,389,673,15,398,420,934,804,836,201,369,269,971,49,385,81,57,250,464,326,217,651,44,588,685,693,649,555,142,206,663,899,755,834,680,262,931,876,132,333,113,216,428,217,626,787,923,379,26,357,428,476,850,353,938,580,158,190,819,985,922,35,754,128,123,646,845,873,744,699,246,342,348,462,969,454,648,173,153,927,107,894,446,950,899,536,162,505,271,432,401,528,587,433,970,400,455,807,176,539,663,395,212,727,209,182,898,538,18,553,452,824,508,228,749,859,2,606,358,801,579,403,309,778,20,571,86,527,332,272,82,631,923,207,702
851,157,490,7,312,468,514,449,651,440,933,761,306,371,738,513,708,676,271,967,959,686,434,990,94,16,944,849,972,182,204,532,659,181,1,607,588,749,378,564,449,141,633,681,26,934,544,198,907,318,41,742,842,601,249,112,302,548,891,788,453,158,86,899,225,250,870,459,537,911,39,526,55,829,859,497,502,918,563,754,690,896,714,611,324,708,930,242,822,489,977,885,652,970,312,68,894,660,75,606,300,600,769,147,971,764,927,754,149,180,673,58,480,895,900,311,443,325,357,679,48,341,105,458,433,58,634,719,60,120,708,910,294,7,384,407,414,474,979,85,206,670,719,571,311,965,339,847,113,834,603,129,26,37,419,257,67,492,615,277,481,158,310,496,468,971,165,356,130,479,177,631,223,783,275,535,42,790,908,117,230,52,521,926,61,467,43,988,895,48,829,777,82,203,76,205,681,415,507,900,245,694,436,454,25,871,976,397,981,862,989,794,738,374,118,46,279,899,816,252,694,358,513,502,664,514,78,746,897,840,961,740,190,171,168,699,84,292,512,782,519,284,538,784,50,237,591,237,836,629,51,514,279,0,979,414,671,321,170,805,97,768,247,2,791,187,827,598,436,257,848,389,698,229,445,661,555,826,68,997,458,425,421,334,305,708,376,340,514,530,229,462,552,630,326,274,345,205,696,394,784,483,581,712,265,254,399,961,939,701,984,654,534,903,352,200,856,109,965,848,986,828,988,831,364,371,58,840,687,757,610,339,22,190,903,641,200,277,626,199,587,195,307,39,923,579,244,639,78,587,450,731,552,285,713,117,139,225,602,871,38,105,764,333,70,124,752,766,852,50,347,457,452,352,470,923,906,652,150,376,653,499,67,941,266,831,838,467,469,802,678,145,924,272,936,135,525,13,657,203,916,593,130,361,884,884,232,518,966,276,446,749,742,153,46,981,901,425,211,1,995,16,792,326,541,873,955,505,347,247,634,608,996,787,632,795,104,493,532,848,295,941,893,943,612,930,554,944,713,176,449,535,499,392,948,293,185,78,374,819,510,602,137,30,768,712,992,804,127,164,345,398,513,299,668,963,121,196,671,92,999,113,24,91,529,862,292,519,419,994,760,530,857,58,533,505,271,845,41,501
12,250,10,504,100,87,755,707,220,597,562,310,18,188,818,447,402,989,390,229,680,480,18,528,566,558,289,255,574,406,640,81,736,372,431,397,342,61,587,631,928,660,170,93,935,117,782,545,666,489,788,82,598,144,518,302,187,594,480,322,651,109,95,408,653,491,560,683,408,568,448,818,661,899,95,440,28,125,807,598,349,315,337,602,746,984,523,20,901,43,116,39,88,658,339,759,778,973,411,881,215,309,457,302,230,187,429,750,869,304,594,73,109,755,21,20,138,461,675,664,247,161,796,403,372,275,104,923,482,709,834,341,591,480,754,201,777,359,880,122,529,548,581,888,354,273,472,35,66,153,226,509,388,983,294,411,435,331,524,394,42,515,306,128,161,829,920,9,900,6,66,473,240,56,862,386,172,180,991,744,795,586,197,170,418,805,207,122,400,375,341,675,510,321,198,109,972,88,805,770,256,233,406,898,115,378,567,92,834,10,853,735,171,464,601,459,995,182,178,926,617,328,259,955,32,277,581,621,693,699,973,806,618,470,264,500,686,931,946,261,725,693,400,350,793,356,170,765,292,854,841,916,213,618,29,141,698,96,57,759,414,771,87,144,143,264,535,787,114,724,706,533,821,138,719,553,495,291,806,410,843,557,127,20,797,391,528,993,935,275,701,426,757,237,637,566,899,711,265,979,373,582,743,853,603,579,104,416,245,453,712,291,922,17,348,343,540,215,63,156,828,878,105,481,421,622,888,883,567,617,514,317,668,851,611,907,597,956,833,32,412,340,324,278,20,233,503,969,618,535,818,975,347,389,132,299,328,785,534,220,540,871,9,701,609,737,287,340,645,629,906,878,350,1000,52,31,154,668,350,732,883,364,32,812,772,663,463,514,406,406,826,204,743,831,423,878,772,709,299,469,63,269,995,932,717,892,952,141,342,583,891,375,763,628,895,376,49,705,351,852,222,516,770,286,535,968,673,13,410,965,993,521,643,232,288,277,742,450,414,32,969,120,926,729,687,566,713,491,841,239,365,704,653,555,80,378,255,310,732,613,362,296,225,339,404,101,496,645,889,430,693,107,277,109,226,598,954,462,683,726,885,911,969,445,18,847,353,675,458,275,215,718,987,596,898,492,624,657,860,457
92,184,434,497,79,308,356,361,896,673,289,381,472,681,90,581,523,458,213,967,897,507,827,295,268,572,831,968,274,966,931,434,451,781,679,938,199,939,995,100,959,258,601,31,197,547,772,791,718,890,842,473,291,371,896,950,578,844,647,435,583,58,376,313,572,69,607,606,227,567,192,342,187,499,777,526,98,464,958,475,752,725,15,966,611,802,438,155,3,828,954,940,230,420,861,200,600,433,267,532,65,247,493,646,311,732,24,987,952,85,80,107,349,567,968,634,770,379,436,733,282,678,842,159,846,150,572,862,745,386,446,83,794,578,594,903,404,904,468,491,587,739,55,240,898,495,630,357,117,557,424,91,87,707,217,363,1000,333,882,891,165,336,125,933,693,945,377,71,401,569,565,853,120,717,67,899,481,839,274,190,183,629,697,938,858,283,777,625,849,831,496,117,444,416,80,45,189,874,759,501,222,162,29,107,400,277,609,257,182,923,506,412,345,349,242,161,697,498,201,7,315,715,356,562,857,162,939,477,762,721,528,340,348,406,525,639,34,800,486,183,51,444,928,611,467,693,112,996,452,371,589,501,611,917,590,548,403,662,612,857,6,487,970,153,941,946,260,692,76,995,109,140,665,373,443,647,221,645,113,685,874,979,294,140,245,996,623,864,542,360,825,537,679,957,519,447,343,771,70,540,8,829,926,990,49,37,230,698,319,684,276,992,183,696,356,337,367,891,565,508,113,895,929,895,136,63,760,475,215,367,805,350,14,375,581,737,238,901,177,155,745,554,409,917,631,118,73,451,599,820,644,100,476,364,532,387,631,393,773,306,656,914,523,811,929,963,920,145,934,671,707,669,390,818,859,525,383,563,116,268,398,934,91,682,140,280,516,731,500,77,665,55,622,909,172,681,933,124,214,763,642,108,658,442,213,883,295,12,167,513,550,216,148,848,806,749,647,893,652,527,814,760,968,401,71,471,126,205,513,444,793,608,56,353,304,563,618,881,832,43,774,550,478,17,444,997,856,411,823,599,490,125,24,237,646,15,426,170,495,244,279,461,484,545,131,191,807,39,948,336,872,677,863,107,641,875,816,600,109,377,287,257,615,427,666,155,20,784,786,494,13,92,50,222,990,324,61,491,497,746
542,613,833,61,623,111,28,518,817,913,789,814,742,366,954,657,734,989,404,599,277,429,773,156,92,117,620,491,93,369,743,730,316,490,758,228,94,434,269,782,628,921,239,134,177,409,950,246,618,895,214,592,511,914,416,241,112,731,664,797,344,561,852,212,673,375,883,417,690,181,575,649,902,658,713,867,784,700,825,201,382,789,250,762,694,759,284,802,697,584,896,811,478,289,335,700,510,649,60,303,920,980,276,365,521,529,768,600,46,797,335,581,842,506,797,26,987,677,509,938,273,814,658,992,282,405,35,149,299,772,298,488,808,153,758,812,53,352,574,961,459,138,57,232,700,758,862,116,688,425,841,357,104,667,667,743,236,49,567,583,347,423,783,12,269,0,811,106,918,648,145,101,150,616,189,369,709,380,544,79,937,924,193,788,538,624,778,910,40,412,500,322,967,839,806,657,689,334,936,75,133,281,509,234,920,330,584,315,510,680,457,406,530,229,945,79,858,718,183,803,2,526,179,595,216,752,208,56,138,828,183,310,28,545,239,552,472,833,805,126,491,208,391,311,815,411,738,0,449,763,614,555,577,465,632,909,722,234,463,569,991,71,780,152,408,301,458,621,238,297,991,511,945,373,922,963,539,644,541,92,748,279,596,194,411,551,820,410,113,448,335,268,921,352,374,433,365,775,452,242,767,866,60,552,396,589,892,139,950,153,705,310,249,550,732,257,722,705,2,324,521,350,714,846,913,462,699,231,806,699,705,841,624,243,837,863,733,45,761,601,671,535,642,220,709,465,373,17,290,389,801,367,759,574,170,675,927,544,993,513,683,225,517,996,694,654,490,255,596,118,465,552,791,762,382,212,890,258,504,187,869,596,827,984,456,541,32,505,612,540,149,173,616,554,742,98,883,787,866,445,632,505,503,988,837,194,308,15,792,821,974,746,762,168,797,781,852,463,819,365,293,163,928,204,306,975,340,168,816,416,707,283,229,653,755,332,390,511,534,907,288,607,972,494,484,114,701,315,959,985,913,753,40,222,634,842,873,653,452,81,467,4,619,20,802,795,747,761,319,949,859,640,424,86,21,886,402,229,103,899,238,605,74,100,894,569,873,783,145,952,736,2,737,451,7,619,712,441,940,204
461,78,356,211,603,878,484,875,848,605,542,100,186,527,60,701,688,42,476,797,424,493,143,415,311,429,403,149,873,145,821,164,670,88,691,878,665,988,858,71,470,711,645,331,706,399,395,312,533,464,388,161,201,254,88,829,309,726,614,895,809,491,409,369,903,242,925,212,160,146,873,51,899,327,613,926,184,918,260,620,555,313,161,754,303,710,84,721,939,934,517,87,429,902,497,844,838,514,6,949,811,193,362,160,220,297,756,65,478,148,249,387,472,237,645,38,141,526,819,115,704,269,60,319,297,775,20,120,73,327,59,39,788,350,195,692,505,182,981,478,239,147,291,716,578,406,656,855,241,521,890,983,682,571,657,832,512,230,433,111,310,947,3,693,795,398,769,947,886,713,747,425,298,793,143,893,861,715,95,806,857,249,188,131,748,299,751,166,545,479,379,946,633,585,964,676,5,185,758,325,620,107,854,518,164,483,419,153,573,747,728,800,610,362,841,514,864,888,150,651,343,986,374,655,133,667,732,914,318,13,206,862,718,77,151,555,568,747,454,211,909,368,953,615,119,544,87,134,684,342,550,300,670,238,947,232,517,157,81,549,301,743,338,489,174,482,61,588,542,886,420,685,840,851,175,554,951,174,141,28,411,658,533,40,884,273,552,57,159,345,557,774,679,678,734,47,981,880,818,948,317,808,265,616,708,103,117,544,860,313,567,129,182,681,847,460,226,495,871,536,806,944,605,892,197,945,696,247,202,551,372,58,986,651,872,922,306,122,457,768,15,724,981,355,846,926,901,154,578,142,751,710,143,7,491,997,275,153,550,121,563,788,137,237,430,133,801,531,359,517,682,207,102,400,186,422,577,541,859,602,724,169,925,831,691,789,284,871,793,650,649,612,433,622,669,565,864,376,61,102,290,516,237,829,986,744,897,57,851,153,877,431,319,685,739,28,763,467,523,233,294,48,607,516,924,358,126,139,449,381,581,634,150,532,724,528,661,131,246,365,101,853,61,972,662,466,161,739,109,864,848,206,241,303,46,663,548,149,450,956,845,444,373,669,231,978,618,445,569,729,941,506,806,496,40,970,72,701,81,721,997,32,593,90,90,164,145,873,46,161,197,335,804,737,844,41,67,727,318,379
113,807,666,540,887,440,880,43,566,444,895,898,355,792,342,662,615,922,156,469,397,99,954,653,549,264,568,363,356,705,196,561,704,571,564,553,249,647,144,231,283,951,197,387,480,696,620,980,993,248,627,725,103,335,210,418,769,471,489,852,313,463,631,683,643,247,59,254,346,953,213,836,843,210,62,857,112,52,975,387,135,61,971,710,155,929,909,199,295,959,551,645,239,396,405,693,120,73,303,369,158,198,960,743,551,477,142,202,363,116,90,683,289,941,483,26,870,327,881,395,489,288,156,763,967,479,306,653,390,763,498,165,595,660,582,365,847,198,901,191,616,123,457,96,704,997,149,684,249,232,722,269,534,640,702,536,931,260,841,857,884,843,874,393,235,602,7,847,995,383,934,635,22,789,571,380,28,793,859,650,484,667,718,278,583,484,617,726,825,500,391,317,989,696,764,731,645,1,73,129,601,834,333,944,937,511,980,736,310,833,994,96,183,843,898,533,959,370,365,256,97,77,656,598,411,696,825,473,627,142,727,51,472,991,186,272,23,887,959,136,501,533,480,597,980,754,691,46,290,642,758,862,449,493,193,970,128,696,557,995,485,43,380,601,975,825,689,536,141,681,453,856,598,278,458,346,777,998,765,947,951,154,199,195,28,734,451,441,149,695,996,56,495,525,43,305,954,290,563,404,385,23,884,57,20,986,107,173,726,413,951,215,796,176,744,325,202,899,167,876,824,875,449,804,360,270,162,773,830,237,97,561,86,840,702,433,197,573,568,733,436,7,453,400,649,231,979,22,80,215,588,12,939,491,716,577,767,627,422,962,699,536,917,997,988,251,242,834,645,375,362,771,72,106,124,154,718,361,647,432,100,206,818,10,201,54,740,847,23,50,258,44,825,521,984,822,22,798,802,607,210,323,191,104,838,159,973,995,814,175,991,558,489,133,972,155,161,837,883,600,20,648,599,364,229,220,889,970,708,637,955,186,645,84,941,384,944,172,559,949,992,159,918,372,995,107,363,896,547,313,316,114,627,743,564,200,232,745,502,952,736,617,245,249,211,787,999,622,993,76,223,848,518,525,414,84,727,609,722,191,777,667,442,15,601,835,247,531,748,841,619,156,961,96,402,2,877,32,723,593
118,299,615,579,464,537,551,827,957,436,439,963,205,408,461,359,16,237,257,708,650,76,570,819,763,516,532,245,596,792,526,403,154,203,662,228,641,726,702,640,684,255,199,170,427,662,911,839,709,879,676,957,91,415,980,896,978,964,388,111,872,568,300,960,470,155,370,599,260,430,980,892,335,799,856,35,942,653,807,848,681,878,466,806,888,899,349,792,281,991,222,14,540,996,445,170,169,44,304,148,196,789,133,356,668,284,412,885,629,362,16,504,172,670,796,749,775,920,383,337,73,138,47,94,736,795,308,110,606,848,958,345,966,764,440,901,19,97,749,649,332,457,517,842,903,662,348,114,845,7,534,70,901,573,53,124,306,125,844,64,6,288,995,286,921,841,83,522,971,64,530,659,650,524,780,258,493,158,871,244,626,34,701,246,234,764,633,33,610,32,221,50,405,672,341,133,484,574,727,851,589,47,216,272,986,755,667,822,660,797,925,433,469,367,283,594,188,447,210,31,140,116,213,457,558,664,183,767,646,839,118,553,783,438,80,899,266,917,171,781,225,335,878,558,997,893,746,48,505,427,50,256,831,713,445,379,515,370,387,580,553,581,886,1000,456,643,309,349,231,870,314,770,150,26,653,84,583,310,114,542,92,861,229,547,749,277,716,558,500,478,656,521,552,957,102,856,217,512,110,766,549,212,529,586,961,366,766,277,777,653,990,625,775,193,340,253,776,241,74,562,630,138,761,368,782,694,798,837,308,68,310,845,472,299,767,327,418,371,842,981,839,62,461,507,531,246,50,267,300,680,206,643,512,713,682,792,947,266,305,651,400,445,62,584,809,240,198,342,607,486,347,629,492,138,210,811,526,448,422,936,907,406,188,217,88,852,173,799,867,754,614,53,19,795,964,468,399,690,462,657,265,239,28,484,0,513,541,148,603,691,394,441,9,301,245,545,863,232,901,18,637,61,536,919,80,261,5,212,254,182,919,655,640,661,641,369,363,412,568,747,193,369,684,631,205,723,762,517,824,969,608,518,155,341,790,201,87,770,192,209,114,572,536,709,786,189,931,961,845,603,308,532,292,408,677,799,945,711,651,1,187,766,866,322,367,943,954,630,951,984,461,186,727,379,535,741,424,414,446,920
168,545,896,631,435,888,352,240,492,55,469,928,736,942,715,64,626,475,674,613,883,985,562,837,338,248,901,417,338,314,53,653,91,945,968,588,441,345,186,805,975,798,7,573,327,859,403,535,321,122,439,985,227,997,824,889,830,119,467,437,742,445,775,792,599,84,107,733,402,370,251,684,460,484,426,157,155,558,573,995,566,192,902,495,408,324,767,688,268,238,338,522,996,783,504,259,836,642,410,720,909,354,959,605,934,458,349,192,453,842,884,765,512,86,593,895,754,705,990,120,483,31,89,785,663,23,90,519,648,184,264,984,500,451,422,469,845,749,546,229,966,534,670,787,472,375,581,573,153,557,1000,881,161,447,192,801,644,551,525,313,634,462,468,433,1000,728,738,335,327,189,45,330,487,865,80,436,337,386,126,832,983,122,569,841,674,798,563,179,753,891,202,493,222,792,476,912,700,249,67,368,484,987,360,464,647,403,409,517,468,744,298,931,831,831,121,751,216,470,379,184,127,620,172,858,487,80,653,378,357,461,130,201,104,283,990,458,726,271,975,400,841,703,559,87,951,351,13,278,695,132,428,811,593,884,802,571,332,671,903,169,530,303,770,134,317,354,733,126,697,326,57,669,811,536,784,526,187,389,708,891,43,283,922,507,354,440,194,179,549,924,680,752,934,5,33,616,169,801,180,864,726,301,283,488,320,772,785,473,311,113,758,711,283,824,902,150,233,886,70,888,785,16,776,100,885,739,736,370,6,488,96,78,830,226,928,342,563,408,331,514,588,135,531,764,845,506,961,630,449,353,252,707,675,458,477,824,138,862,421,77,302,442,959,578,434,491,629,633,600,854,198,522,421,967,615,623,232,301,898,239,347,921,585,864,911,843,776,39,605,497,961,343,292,425,637,257,263,901,668,937,286,690,708,424,971,391,819,597,17,337,141,745,938,523,205,226,936,32,506,516,677,807,910,174,167,479,850,231,185,724,720,963,877,828,712,596,887,303,46,955,269,584,416,141,594,906,962,410,840,967,341,907,965,571,808,487,127,4,68,604,907,992,132,630,819,11,92,651,128,162,389,592,734,215,228,949,171,920,791,123,571,558,334,654,133,641,769,58,265,136,954,371,862,585,912,967,542,55,718,490
929,844,419,161,288,893,489,438,870,757,633,834,719,22,282,245,358,431,340,818,828,958,56,457,827,562,334,348,802,178,311,866,449,134,223,6,41,945,2,411,671,595,231,699,821,119,79,919,769,680,38,812,907,94,617,601,362,478,149,759,467,295,739,840,841,384,184,187,493,888,553,45,34,332,191,76,471,369,613,439,424,526,70,596,94,632,900,465,536,808,429,272,185,141,516,512,632,710,415,211,653,822,668,755,447,797,881,610,775,728,217,901,592,286,132,889,86,328,676,488,429,122,555,139,395,383,766,950,801,64,59,58,604,643,499,479,556,774,926,839,599,934,23,470,409,281,860,727,229,544,977,575,660,854,874,17,523,943,885,521,352,597,725,39,273,448,383,745,261,952,965,946,163,760,53,452,218,585,282,104,530,259,915,513,268,235,396,855,628,383,1000,339,155,160,634,748,500,432,213,452,848,62,703,127,649,435,544,104,595,171,361,922,748,985,475,83,684,894,244,524,281,540,915,480,477,438,480,861,65,475,556,892,548,875,852,946,701,834,15,886,621,789,333,905,457,153,613,4,8,407,664,595,441,932,820,40,906,462,920,429,799,56,968,590,358,537,854,131,390,573,934,450,916,870,351,843,815,814,775,450,177,788,654,683,375,749,675,45,959,76,377,620,201,281,934,743,294,249,813,349,442,65,722,393,197,290,576,432,379,690,427,394,724,557,68,132,459,235,283,837,283,982,397,285,438,570,995,539,677,834,743,125,489,499,380,863,60,544,410,126,255,836,109,211,966,885,164,662,166,594,669,387,327,548,967,402,707,719,917,475,301,249,779,433,322,815,807,878,425,891,946,216,129,888,414,272,747,502,424,88,482,991,189,978,520,465,828,276,147,944,362,79,691,867,528,862,83,91,385,852,260,744,244,454,769,340,222,957,220,699,929,177,119,64,717,959,959,242,171,607,347,186,210,623,279,486,462,390,969,58,191,83,426,602,346,188,322,973,464,215,184,136,779,768,891,889,37,727,495,373,216,117,453,113,785,432,645,61,639,67,555,892,756,706,217,117,576,815,982,850,653,318,662,918,304,802,911,547,464,593,919,307,442,431,951,311,442,118,82,914,828,511,256,794,657,748,682,619,382,248
370,170,682,802,538,781,975,530,617,491,261,756,665,857,31,256,310,308,783,206,424,392,321,925,72,205,91,591,570,266,29,627,911,31,159,618,979,405,807,710,900,46,951,899,938,971,97,872,151,340,976,846,771,430,473,888,907,139,40,701,755,914,824,546,858,53,924,803,521,613,999,938,8,120,655,783,335,271,734,771,254,492,469,350,662,879,296,936,296,591,709,615,568,959,178,460,2,773,767,637,394,385,535,894,345,790,498,726,93,381,517,620,661,390,728,482,908,680,916,163,620,395,46,213,974,920,608,995,889,759,83,921,213,903,995,206,589,907,47,880,70,343,402,37,643,424,277,649,608,197,975,998,41,246,634,94,429,810,241,126,649,377,819,897,420,991,401,563,362,579,338,14,86,231,417,593,828,247,640,576,953,151,149,612,518,618,501,784,996,967,372,181,835,135,320,784,325,451,631,261,82,572,931,222,484,240,714,844,631,179,173,107,326,975,200,782,971,467,591,800,492,266,355,628,223,421,595,446,430,316,941,494,30,208,62,563,893,312,634,59,321,88,811,32,5,983,932,650,632,880,295,745,636,99,655,779,983,472,453,553,932,590,4,232,428,185,110,188,47,453,511,27,321,708,333,206,15,141,893,54,533,173,95,17,60,361,947,121,685,361,910,999,450,177,951,166,813,570,685,407,615,330,620,727,312,134,451,590,271,248,628,232,944,381,937,535,657,478,605,23,750,809,684,300,302,480,242,578,61,386,595,630,444,834,507,273,127,800,15,867,569,880,704,992,916,995,6,355,808,870,792,1,893,349,732,34,30,73,12,159,840,975,767,225,826,270,949,79,907,553,247,840,470,858,856,263,270,58,500,352,955,474,121,591,600,709,917,888,211,501,92,515,880,399,710,526,49,390,190,360,515,496,647,527,234,556,259,89,246,591,785,719,483,151,342,250,109,933,642,864,646,116,295,442,867,31,431,166,1,71,501,490,310,979,383,85,38,703,992,923,696,179,974,56,140,955,512,318,435,352,497,798,622,3,399,609,478,415,393,503,596,444,186,860,598,584,446,98,398,810,900,832,223,673,173,759,523,450,137,705,815,505,449,220,846,870,882,379,843,678,107,351,775,471,595,92,219,948,994,825
52,288,950,97,610,899,383,495,106,729,651,749,342,677,140,441,903,581,851,382,397,259,719,29,423,836,755,321,314,104,813,529,862,972,765,347,279,707,880,849,963,66,6,696,782,197,999,401,438,603,433,140,223,525,525,584,884,543,781,731,614,62,105,133,294,292,981,139,761,743,50,376,658,73,981,3,792,441,15,563,978,532,471,809,590,609,166,301,391,107,79,918,661,128,54,19,265,245,436,281,479,900,76,912,93,166,313,267,983,92,468,264,130,121,174,434,493,135,46,857,377,118,339,425,137,286,290,824,967,413,519,578,576,594,86,230,702,773,1,182,404,379,405,25,14,151,694,400,899,347,94,446,599,987,625,624,576,604,545,227,543,619,479,385,849,78,689,716,679,526,757,445,157,711,409,676,689,991,745,603,574,148,395,995,372,722,363,940,306,104,849,592,583,752,50,720,683,829,370,985,668,445,609,258,956,807,354,314,973,208,46,845,456,994,646,81,316,881,354,607,663,589,875,451,49,730,335,883,689,294,754,925,644,215,473,965,117,288,960,835,382,462,175,31,608,366,890,714,918,284,138,781,517,186,821,566,904,0,770,829,680,565,256,390,449,848,870,540,589,832,394,455,308,772,565,213,123,370,936,696,347,539,286,587,663,17,766,813,164,772,111,158,77,213,315,339,107,929,88,80,965,14,20,965,609,591,978,5,623,99,432,811,853,278,437,544,847,809,808,315,913,563,285,247,451,956,509,325,48,555,543,384,643,205,826,497,643,612,933,730,2,225,114,531,372,270,192,936,523,118,91,261,651,900,213,215,132,604,283,712,409,894,165,578,457,239,200,658,905,625,655,654,682,987,477,753,973,981,222,743,824,556,59,372,921,986,579,354,825,48,449,24,145,298,177,175,678,575,211,108,905,209,296,656,925,46,191,191,71,436,918,983,250,702,264,604,113,678,570,841,52,195,593,161,371,809,913,959,500,645,59,59,861,454,552,838,816,636,546,551,553,426,739,623,675,464,148,150,589,905,758,58,666,351,696,218,526,332,480,732,886,618,878,445,111,779,363,789,230,941,536,798,465,346,187,454,423,511,21,348,959,581,153,754,409,88,999,871,905,783,546,882,899,447,115,748,342,260,38,45
845,117,781,832,634,751,116,782,153,142,110,922,680,320,50,555,606,694,455,540,382,116,451,200,516,884,781,39,121,51,338,921,369,761,816,860,797,260,293,729,288,90,892,722,799,269,47,305,460,772,608,647,977,280,531,895,787,730,491,332,312,60,272,316,974,465,520,235,751,690,923,65,766,228,994,861,32,123,587,899,436,819,273,815,774,803,444,750,120,156,69,329,329,637,211,238,618,609,915,149,124,671,340,833,858,341,39,166,765,897,343,328,89,579,971,187,695,405,448,538,412,476,427,768,156,58,307,91,132,653,585,309,218,448,289,171,407,492,466,171,351,780,308,825,722,374,76,409,939,427,954,258,898,337,758,417,668,435,938,625,784,697,363,397,93,619,817,244,868,628,600,108,216,427,499,797,281,500,101,203,244,778,2,398,336,745,659,621,956,260,67,357,892,758,219,555,98,744,367,733,336,488,861,173,623,635,999,247,929,217,632,928,239,485,86,916,353,52,862,244,722,591,621,437,204,8,937,520,463,717,654,866,357,172,739,211,937,53,166,984,840,217,227,50,374,374,760,906,235,961,453,143,904,387,15,714,849,638,953,249,230,716,796,378,604,875,873,576,286,752,512,466,653,637,295,886,381,592,373,93,770,904,712,707,926,314,801,543,54,474,279,198,978,189,63,506,884,616,882,184,765,734,266,555,906,606,140,183,216,205,809,888,240,808,682,193,391,520,663,875,218,352,140,571,773,755,36,6,529,281,315,176,226,473,150,101,349,773,411,500,572,285,229,328,492,219,32,262,188,336,895,48,879,920,491,847,624,38,757,516,822,474,534,984,770,197,832,414,914,962,433,899,765,756,870,738,349,790,427,743,118,799,992,969,193,393,786,615,502,490,340,822,151,557,228,620,381,81,290,723,371,212,347,961,731,573,654,861,597,516,214,266,760,26,367,535,660,637,46,711,991,553,218,223,469,937,413,206,111,70,66,757,165,902,567,236,280,964,189,627,113,444,700,798,356,675,201,525,173,544,943,784,265,756,919,165,452,874,246,348,746,119,858,482,997,750,446,666,997,97,816,815,280,348,124,492,254,327,55,269,965,789,850,272,403,485,143,689,602,532,460,177,645,976,816,733,866,593,939,649
901,297,591,746,603,681,60,328,135,725,519,693,273,211,935,927,716,848,560,706,43,422,698,953,597,220,318,326,435,874,117,794,180,968,973,489,437,40,654,380,536,578,647,475,772,482,13,950,520,593,136,432,315,645,758,269,284,843,231,664,274,840,887,623,523,247,218,544,309,365,235,722,325,78,540,413,422,495,926,928,309,590,698,280,804,523,857,658,158,170,427,634,350,745,26,970,696,591,141,458,815,418,966,735,798,264,82,566,181,105,776,325,196,946,86,185,829,210,107,682,906,301,579,798,829,859,825,634,522,227,802,210,693,700,858,63,688,34,275,297,46,830,644,750,137,31,653,532,706,234,541,367,662,547,794,91,500,476,172,831,136,78,193,586,439,953,757,645,387,539,654,399,649,21,294,43,507,223,583,565,134,374,716,93,709,560,1000,570,557,333,252,471,729,131,628,6,792,358,391,549,451,181,691,500,911,389,810,664,766,306,828,105,460,706,836,842,11,220,576,473,580,53,178,788,469,306,369,229,953,916,912,397,340,175,190,298,89,986,508,520,641,345,749,447,89,558,51,760,736,307,170,612,196,484,338,943,932,37,91,265,649,398,989,262,550,821,175,431,252,860,235,524,699,614,30,359,277,413,722,714,11,279,769,652,553,610,1,434,200,755,301,110,841,301,369,435,174,537,263,599,257,947,468,445,924,125,197,732,349,712,379,884,69,639,502,468,66,76,383,352,478,730,714,596,542,720,739,625,559,598,609,42,43,786,895,262,271,331,10,520,875,843,321,359,502,737,125,61,253,583,970,70,137,563,585,569,871,279,656,830,239,575,71,96,401,194,98,98,94,800,870,302,195,308,515,182,498,372,591,610,148,0,854,412,961,114,384,661,588,390,492,993,959,339,676,392,311,362,562,618,115,594,929,516,918,474,873,13,897,139,825,622,799,378,820,15,227,181,770,792,572,136,313,938,885,949,630,933,711,704,175,914,620,793,421,626,925,992,958,816,266,859,279,20,181,79,900,223,302,355,118,415,824,778,851,691,636,173,809,922,630,341,438,34,313,590,840,20,803,964,513,851,647,604,123,649,148,907,71,254,742,320,617,507,374,826,63,789,142,84,210,905,492,327,783,744,721,738,740,632
428,285,873,951,548,15,873,432,418,933,393,22,852,309,143,661,523,13,968,907,756,959,224,721,242,984,881,89,907,94,608,112,815,777,209,897,17,680,849,400,145,612,80,146,46,931,35,896,588,600,446,67,284,943,353,198,107,645,808,126,749,366,970,914,473,918,156,744,522,257,292,860,946,662,667,250,352,167,480,363,668,442,456,225,77,33,713,812,958,692,497,809,464,644,62,655,55,457,112,418,0,644,769,827,371,24,766,606,633,306,213,285,39,764,583,696,368,797,29,518,787,140,417,53,685,925,281,897,391,697,789,273,17,392,711,372,550,418,155,839,315,780,527,147,735,310,889,34,792,286,933,964,302,320,194,131,605,23,325,597,49,471,143,347,140,158,682,895,32,650,750,136,644,64,416,883,46,562,53,35,359,209,790,935,633,100,21,50,372,209,311,665,604,553,583,871,665,596,556,75,971,716,512,95,714,873,356,15,825,808,140,929,413,600,194,355,880,0,267,874,602,932,827,360,153,102,39,523,668,280,520,127,67,605,141,463,645,565,433,233,394,180,542,944,274,252,717,972,985,323,34,366,938,407,923,723,638,125,974,21,599,757,32,844,695,278,658,489,992,281,929,685,761,523,175,508,724,918,16,931,55,829,721,151,52,470,800,48,655,463,202,951,767,959,295,960,501,456,335,376,464,406,216,19,428,471,741,227,0,631,547,656,456,398,714,534,119,851,537,764,50,180,883,261,125,118,881,762,271,904,729,129,915,787,553,616,995,427,875,170,116,113,817,59,486,385,482,687,542,424,132,762,545,28,152,643,548,338,569,352,295,220,988,589,268,696,968,955,543,956,480,751,821,870,81,664,621,51,138,912,560,378,621,766,969,747,379,898,600,286,890,184,446,48,479,551,969,994,698,899,436,305,159,88,876,959,91,108,27,204,940,551,185,378,948,951,680,385,191,560,803,807,237,367,291,460,385,694,748,763,854,689,792,758,946,675,164,462,730,203,653,329,816,864,77,785,134,392,416,591,559,558,728,760,790,186,863,442,247,496,398,443,288,411,206,683,880,273,704,962,812,122,617,985,942,266,150,578,374,663,150,64,725,927,670,832,174,764,687,275,59,651,252,573,98,441,549,47,536,671
686,916,700,795,494,203,848,487,159,473,867,684,346,240,102,166,957,542,774,174,607,680,495,769,489,755,479,610,891,636,348,136,659,795,922,806,51,400,62,639,934,857,438,478,861,301,256,279,654,965,248,555,962,215,498,725,182,956,628,589,600,130,763,971,3,480,681,933,27,244,594,979,149,185,822,160,852,14,782,0,886,782,22,358,964,285,285,276,247,16,209,128,128,143,1000,745,67,155,39,406,256,533,836,739,683,111,76,492,507,850,233,265,509,106,534,700,456,403,122,944,577,629,224,72,410,270,310,72,513,651,82,692,468,505,837,292,536,527,426,333,879,38,71,83,451,207,399,644,575,468,398,265,424,386,171,331,119,705,793,430,901,600,712,870,74,736,874,536,331,365,705,580,896,632,337,433,971,792,567,237,702,616,465,366,96,445,9,154,999,27,543,336,452,695,126,262,484,576,991,220,879,289,699,956,206,27,836,521,194,757,733,408,480,630,745,956,858,812,907,600,117,79,853,468,120,743,205,268,934,593,204,32,583,345,251,390,458,67,475,364,176,155,910,126,155,198,6,113,163,872,333,934,452,823,239,587,677,565,806,906,683,209,971,421,760,580,581,596,686,440,143,681,330,432,111,414,753,885,591,886,97,707,724,143,822,13,916,638,492,915,26,359,581,244,75,359,869,835,346,422,818,514,422,341,783,362,59,743,806,313,611,570,220,569,191,779,566,9,176,89,129,686,90,481,934,673,903,934,868,143,355,564,283,621,952,725,80,516,436,652,658,415,376,658,361,851,101,249,531,133,270,198,892,38,390,34,771,434,246,79,94,565,282,774,856,313,440,969,896,641,959,603,335,437,351,465,76,660,933,964,469,247,942,11,927,46,374,948,948,341,321,672,945,756,565,476,453,523,653,862,180,94,899,994,647,134,509,716,892,955,318,39,352,571,638,343,313,913,25,880,118,22,96,43,548,312,445,357,514,639,64,946,256,483,1000,670,62,453,931,999,889,900,316,862,545,508,224,43,679,651,265,153,863,400,700,846,232,120,368,984,115,531,317,261,231,538,255,302,237,250,974,840,762,251,968,558,150,481,428,20,188,461,945,958,654,997,903,53,922,827,379,990,278,497,347,670,287,962,624,398
672,998,70,45,100,938,655,208,367,940,886,891,333,77,6,977,892,208,248,271,778,730,94,419,591,968,657,546,123,577,962,506,221,536,783,142,751,624,48,77,165,900,761,974,474,350,639,918,889,712,172,278,941,311,424,293,916,773,904,68,487,723,734,575,805,74,178,579,297,556,817,764,821,185,515,11,265,742,555,926,374,630,255,12,234,235,210,485,851,38,710,154,792,585,754,466,939,332,986,338,88,594,521,56,736,168,324,967,876,101,694,516,832,407,845,480,831,446,144,199,890,679,540,727,946,328,69,896,926,105,503,416,491,533,3,643,412,900,934,702,665,126,478,659,528,715,195,107,523,448,441,684,688,733,128,951,969,553,481,117,230,77,506,9,495,64,343,239,203,637,635,690,88,192,569,341,962,617,188,966,604,75,330,961,449,155,485,914,375,323,696,383,544,383,503,677,794,986,357,825,480,218,399,877,581,283,942,105,808,914,535,171,532,765,830,790,822,786,797,969,805,838,631,201,485,773,764,91,836,750,204,710,914,398,468,811,249,830,589,768,349,90,484,865,681,234,676,635,989,770,605,410,386,243,481,932,970,726,372,1000,733,250,327,98,413,684,735,663,849,265,99,494,544,871,214,603,419,56,97,122,337,404,610,44,900,877,912,21,536,974,134,776,354,860,797,404,976,184,475,39,297,300,709,422,94,245,857,380,722,645,792,651,845,636,891,242,531,311,273,32,746,855,483,827,179,261,368,409,47,441,499,564,722,562,182,292,759,50,522,258,591,371,124,536,941,217,61,879,956,754,415,897,867,521,109,115,800,767,553,614,756,967,766,490,265,713,573,25,733,753,57,442,57,977,622,456,130,858,584,797,666,617,500,585,44,509,885,762,0,34,725,83,197,329,545,3,463,579,526,855,893,242,299,85,447,913,701,510,435,386,244,924,475,919,595,784,680,828,652,276,32,416,314,294,690,293,619,897,911,525,889,273,31,85,329,923,487,712,657,378,163,266,591,434,933,130,413,212,185,2,287,311,968,102,886,719,330,824,637,44,505,660,646,637,987,616,391,486,591,557,869,766,204,499,932,245,635,178,392,560,403,201,497,433,270,800,710,318,621,182,629,933,641,185,877,249,273,850,118,264
23,468,647,618,932,532,494,831,197,875,135,831,952,165,395,99,1,618,392,521,644,637,699,468,849,761,908,703,37,656,871,600,903,370,626,743,687,583,675,100,265,984,159,599,880,16,172,586,2,881,978,822,649,611,764,412,649,190,94,111,470,143,257,695,725,848,27,531,38,245,923,299,556,385,717,427,895,714,83,74,99,258,1000,333,583,930,842,451,462,614,418,349,538,851,919,379,388,826,654,884,379,716,120,160,22,765,151,640,463,380,56,694,666,866,735,346,125,439,703,381,740,642,849,200,139,284,14,860,301,556,670,811,71,81,184,120,139,981,522,360,212,567,934,508,387,897,902,365,648,700,934,725,971,173,247,321,188,964,816,384,845,582,275,281,924,753,451,839,253,1,128,829,533,524,566,270,339,375,774,527,647,314,223,127,287,983,881,372,668,309,178,512,501,746,907,110,339,934,78,585,823,318,588,582,45,530,577,662,923,126,385,522,746,857,640,739,266,105,296,547,341,489,26,941,445,91,35,64,156,492,706,175,14,601,302,41,51,267,813,120,109,584,13,663,916,404,270,908,848,811,823,369,919,188,572,680,659,873,692,808,33,444,441,850,108,620,853,34,169,59,666,291,690,623,835,289,387,398,229,214,172,765,422,33,902,778,401,952,943,73,554,440,634,290,633,134,768,69,172,227,381,880,965,217,596,829,412,981,103,562,173,254,708,993,50,435,35,914,891,769,781,326,722,912,170,983,289,155,175,595,358,679,642,484,288,870,517,150,944,448,117,168,131,172,991,53,386,506,64,503,902,322,922,408,743,203,366,468,304,753,957,67,783,170,2,385,943,269,251,205,242,451,759,519,19,163,903,498,734,128,478,267,293,652,939,946,761,406,96,778,553,672,908,472,791,477,884,444,236,51,212,309,407,228,641,53,79,552,41,177,616,908,424,22,695,969,760,489,981,647,816,471,914,83,620,39,853,196,764,806,808,799,680,392,194,346,669,655,759,393,309,776,803,427,891,294,890,103,992,977,817,980,56,323,876,148,333,754,418,851,687,890,961,381,982,356,866,572,657,364,653,347,650,305,511,871,882,330,723,754,949,267,285,870,566,652,479,862,103,50,981,857,523,331,795,544,343,979,806,541
320,731,695,919,344,472,330,468,496,652,162,946,367,411,413,57,48,755,418,838,158,661,459,914,9,941,692,130,307,97,686,793,101,544,528,892,123,745,558,716,489,209,700,683,429,977,312,409,409,388,179,626,152,839,849,112,992,631,416,782,15,105,983,565,231,162,813,220,207,428,707,875,104,513,765,254,456,372,190,770,951,410,958,170,310,15,841,294,627,325,273,892,586,918,333,974,16,40,803,788,579,795,720,405,310,882,795,68,431,464,571,90,334,504,549,35,646,325,928,781,920,645,778,76,194,600,890,522,792,112,566,661,971,455,538,244,933,33,942,287,351,344,279,141,964,561,353,706,217,150,944,547,490,950,630,666,677,319,768,372,690,724,279,94,109,326,949,454,836,663,985,721,595,861,617,948,579,29,495,896,47,327,365,564,137,217,395,786,860,710,210,419,710,417,879,833,677,998,287,139,354,108,926,123,591,281,445,746,682,480,489,806,277,470,322,305,271,368,93,151,108,730,502,453,558,680,245,423,635,243,916,781,764,427,834,978,190,271,511,338,795,920,519,651,997,38,676,433,495,987,378,605,127,360,320,503,64,544,175,417,774,899,982,604,881,83,116,430,346,503,36,974,750,914,748,31,696,628,360,739,287,958,688,53,759,976,665,860,634,540,335,570,851,405,953,878,303,240,792,986,915,979,118,162,201,983,917,122,682,758,893,608,252,616,95,280,666,850,667,326,374,618,159,317,236,539,982,907,380,754,455,480,283,453,394,795,293,663,295,875,561,641,499,912,124,988,338,206,9,98,240,299,211,111,909,557,574,521,591,985,376,250,280,772,316,948,358,727,580,537,114,401,750,190,712,587,637,345,25,160,510,468,313,647,310,143,727,963,971,69,295,879,892,6,537,946,488,236,528,129,471,903,901,168,648,458,840,875,575,54,482,439,185,629,176,250,23,952,602,206,473,268,648,889,659,941,591,250,859,47,504,579,655,24,581,62,117,247,219,910,251,835,518,538,196,313,559,972,246,383,201,714,41,555,75,665,265,746,706,592,31,446,685,424,76,185,871,502,53,613,68,122,432,661,47,209,852,361,348,917,880,170,528,176,966,323,117,788,358,385,965,395,436,481,149,413,862,949,86,645
80,296,304,521,143,178,82,990,110,59,778,622,489,880,29,26,339,589,431,897,159,520,504,898,142,158,369,976,804,881,134,968,854,505,583,522,490,984,46,150,939,297,344,511,698,176,464,430,618,149,925,812,836,243,773,22,237,63,86,252,477,803,523,192,400,343,105,430,38,896,198,331,772,802,81,264,351,381,354,51,450,793,169,1000,838,830,69,935,811,50,632,707,109,342,318,713,625,332,999,600,749,172,186,132,823,370,431,906,899,464,195,402,202,98,675,670,932,915,638,408,393,432,902,922,754,463,76,466,404,248,77,932,773,959,102,527,232,146,541,59,638,451,712,288,462,114,384,246,439,138,955,78,957,374,140,591,847,280,617,716,480,941,360,63,988,705,826,815,653,15,186,3,637,25,832,472,383,735,463,187,303,118,891,622,374,183,317,52,493,417,380,269,948,959,254,693,759,94,188,572,877,974,800,269,784,459,427,960,340,153,612,847,1,783,758,209,280,403,279,358,243,607,549,424,977,96,622,41,35,477,461,236,354,443,768,375,513,769,982,712,521,362,492,957,859,870,92,242,518,976,555,262,133,664,30,891,681,47,624,766,129,347,996,54,494,235,812,470,750,193,966,325,811,804,26,237,531,394,924,776,65,668,523,257,317,773,110,172,883,526,123,426,524,527,883,525,761,41,830,409,592,5,988,813,810,277,229,255,945,503,686,695,70,542,471,828,855,387,970,642,778,725,731,738,945,280,457,362,714,394,115,207,717,857,694,7,113,122,104,496,609,673,964,153,964,51,161,919,800,954,788,840,820,9,9,205,311,438,355,782,559,613,15,715,758,48,992,221,255,793,326,655,879,81,1000,47,204,780,557,461,952,501,404,33,974,999,10,507,93,347,170,475,63,787,792,359,522,136,845,911,652,454,542,887,461,85,202,540,822,136,498,675,459,833,754,74,681,294,56,86,90,478,232,986,10,116,270,310,906,623,436,360,463,837,97,792,998,382,460,920,720,298,330,464,454,713,879,34,907,968,593,553,790,152,201,950,483,704,870,771,5,889,131,329,522,708,559,961,347,349,821,976,401,191,324,45,299,666,200,431,588,760,932,818,155,707,852,463,452,437,260,305,153,979,859,932,604,792,811,929
429,581,953,756,726,224,800,571,572,786,859,608,610,597,119,890,101,894,890,849,595,270,66,357,588,357,511,803,282,756,764,828,592,793,389,617,663,344,977,769,773,421,393,1,776,452,852,133,0,959,627,926,796,698,123,162,619,196,628,19,170,929,609,18,371,779,338,219,113,147,495,227,782,419,178,631,976,116,114,141,193,683,161,507,165,302,983,802,487,692,781,403,537,883,631,623,674,486,21,351,433,234,369,791,880,550,289,149,693,564,397,645,334,441,617,811,585,236,26,905,279,769,487,554,995,460,708,169,728,544,311,707,395,628,268,379,290,912,483,413,400,67,686,682,710,924,112,787,864,539,911,889,811,352,290,695,969,18,212,497,555,340,180,1000,461,637,779,220,867,784,341,433,843,253,1000,711,206,606,500,111,934,334,323,146,525,57,737,720,893,242,415,468,823,166,790,202,178,237,633,591,134,342,308,972,826,750,942,96,98,982,869,797,3,796,890,746,387,587,33,698,635,104,607,639,801,579,191,453,129,984,821,963,470,324,568,805,88,304,813,353,519,994,42,239,466,211,214,322,121,986,741,408,757,759,311,378,67,77,14,982,733,947,137,892,736,971,427,103,885,296,160,959,443,834,258,805,831,436,383,995,956,946,151,832,922,820,398,526,987,396,292,100,51,259,768,640,357,812,581,321,276,31,275,239,250,872,128,420,594,76,508,229,370,23,220,819,598,490,592,966,490,534,900,818,35,638,561,331,717,619,847,105,863,169,854,239,482,482,992,282,24,753,564,899,500,324,803,685,139,304,660,799,151,458,267,686,593,36,207,897,943,131,714,81,66,405,400,610,654,972,327,24,386,969,84,560,882,425,943,212,430,419,246,675,816,927,531,379,663,444,811,422,271,442,76,450,609,878,438,845,489,420,11,631,501,735,351,416,220,148,913,797,832,943,994,5,491,575,802,664,198,787,816,938,960,416,956,750,626,333,276,304,166,900,428,671,223,841,244,69,914,359,903,409,650,316,614,787,589,43,257,290,725,494,909,267,820,322,25,105,320,427,31,782,444,866,54,38,134,305,591,376,603,449,756,731,78,525,867,644,599,843,736,679,709,234,560,569,689,746,490,975,73,826,36,479,658,451,97,900
536,705,410,98,406,930,767,14,707,200,907,689,322,924,732,564,417,47,275,466,756,306,766,406,143,891,666,228,347,730,245,1000,205,55,870,221,860,117,884,863,424,363,366,863,847,433,687,791,259,766,988,282,719,841,413,173,686,951,720,162,659,167,100,77,610,772,47,390,919,239,878,263,967,911,295,891,662,576,865,244,873,578,33,740,242,469,35,470,207,336,949,887,60,694,847,877,61,243,980,379,515,642,958,524,614,754,817,961,402,724,158,416,991,803,292,640,298,145,656,866,930,885,409,200,99,402,773,943,42,909,324,531,583,154,450,361,893,702,925,935,80,30,540,831,26,167,682,986,913,811,427,915,421,570,220,137,537,375,271,891,292,673,522,744,100,612,407,977,900,887,894,683,954,100,258,870,574,922,561,653,221,384,221,794,86,647,135,138,22,564,430,598,483,912,1,824,321,274,452,798,449,125,454,645,800,952,716,742,834,560,337,112,539,668,906,506,336,508,934,61,877,317,557,724,253,720,112,415,816,226,567,927,521,351,106,147,387,550,223,482,569,467,212,932,141,758,897,830,281,388,740,849,613,129,69,949,859,594,704,364,711,510,526,973,814,282,713,672,578,1,153,378,968,131,640,493,677,457,941,656,776,755,799,667,188,31,686,285,88,797,260,607,353,654,284,177,38,657,505,353,218,128,355,105,457,796,722,710,443,925,268,350,368,126,875,296,164,272,726,508,630,541,554,449,196,35,847,202,685,818,641,371,449,786,72,351,588,646,507,865,197,168,445,980,834,756,109,6,277,266,853,837,258,721,214,688,161,37,565,1000,887,96,730,703,941,304,194,791,29,353,752,52,320,590,923,557,666,425,614,33,28,285,313,830,296,869,479,868,813,296,889,221,934,497,203,373,164,395,566,877,461,294,305,484,442,307,773,112,551,995,470,632,265,221,58,679,140,561,470,842,930,153,163,592,208,796,780,289,382,722,235,226,769,561,777,3,542,365,922,572,521,388,579,201,542,194,329,480,903,789,478,192,502,260,413,148,437,966,694,413,401,29,271,418,102,134,125,286,121,602,720,768,680,373,418,865,57,739,70,316,525,873,803,571,326,641,629,87,172,444,908,100,25,814,251,648,540,720,620,708
974,48,189,59,724,820,908,499,20,563,149,901,265,415,585,157,538,679,551,696,840,507,130,65,991,474,367,628,752,971,108,374,306,935,135,288,581,435,495,832,836,604,792,680,500,27,907,700,679,513,146,38,371,726,954,667,650,129,840,472,172,488,804,242,82,793,368,629,425,496,101,37,380,832,866,213,632,727,532,168,940,615,256,429,189,82,931,170,82,573,502,89,256,404,646,547,431,958,148,792,966,340,775,372,670,706,211,357,901,619,308,676,622,178,622,354,866,369,259,187,291,590,285,663,853,872,172,508,43,951,324,817,377,212,663,161,366,774,609,800,867,773,425,651,108,159,861,172,775,854,720,235,386,518,708,715,381,803,594,331,31,13,411,310,86,396,296,858,103,17,955,716,506,463,111,210,319,401,468,540,648,827,863,545,760,262,640,942,356,512,852,610,847,103,556,847,555,860,392,195,880,913,320,123,978,125,145,485,214,372,963,202,337,505,489,81,830,887,83,511,429,894,983,800,594,980,624,704,763,106,621,611,311,108,56,556,889,968,622,492,265,304,546,438,259,546,770,199,643,244,754,400,646,821,651,127,281,963,588,817,412,829,978,516,70,116,886,280,676,871,9,207,840,957,200,834,401,76,228,630,615,740,85,725,509,32,293,770,19,241,773,152,722,265,629,553,859,151,953,513,955,307,316,16,948,184,575,827,175,671,529,358,722,799,750,366,734,701,29,246,652,898,586,743,638,790,935,192,566,785,452,481,404,415,522,528,845,334,817,928,440,460,168,986,305,370,742,653,528,832,680,393,153,874,958,607,495,186,934,103,996,798,317,645,352,986,617,921,474,933,653,249,968,519,694,801,821,896,378,843,73,380,735,900,128,133,514,764,779,774,125,53,3,63,609,715,737,646,894,517,448,566,174,297,774,965,462,290,932,362,52,185,940,338,544,173,246,278,247,220,869,206,994,280,903,684,280,892,419,195,94,0,572,386,941,782,420,547,236,934,83,553,383,719,282,381,143,464,530,826,762,574,887,865,258,590,464,923,822,311,59,82,837,190,942,315,634,532,168,297,408,29,220,904,978,28,707,730,604,335,713,48,159,37,506,946,512,278,225,959,966,500,939,376,534,597,881,188,692,105
341,219,956,299,408,863,288,905,358,274,791,219,307,848,160,106,811,980,657,615,124,106,673,466,442,830,980,471,568,787,903,727,501,554,808,827,448,869,518,646,930,625,511,726,852,772,307,405,769,598,829,931,324,169,753,963,261,578,843,948,875,719,717,556,228,544,857,200,611,787,77,179,677,809,487,434,594,467,574,389,116,986,659,679,804,219,648,973,23,606,240,856,445,134,748,61,885,557,830,595,304,627,619,470,514,191,455,209,32,754,98,557,808,398,881,576,639,399,908,509,58,539,911,269,741,296,136,17,978,742,673,823,758,890,898,224,773,112,741,859,647,602,452,378,316,270,698,984,427,855,454,540,216,205,260,521,912,697,640,821,256,890,281,910,265,72,215,334,356,880,428,558,186,826,910,717,966,246,547,672,111,988,550,503,229,983,95,590,530,94,326,933,592,829,283,341,316,672,398,994,344,637,544,350,417,641,188,704,817,244,568,357,709,297,90,649,383,417,343,806,330,566,413,605,904,596,806,284,757,80,280,696,383,292,374,881,633,974,390,611,890,955,581,125,378,690,631,759,494,310,464,641,132,500,425,148,372,34,103,787,792,426,379,541,939,495,703,358,714,840,512,690,952,79,594,862,708,573,811,501,250,438,847,337,294,249,56,856,299,458,325,432,227,496,244,72,725,67,37,722,749,203,719,885,294,306,816,173,471,174,913,650,109,240,140,697,587,900,994,538,823,613,440,371,912,729,396,446,275,25,794,852,878,854,312,368,908,642,182,695,260,538,371,968,857,310,974,869,776,337,835,267,829,647,784,515,781,463,819,656,708,236,526,519,658,388,605,230,635,427,546,135,700,849,975,599,315,594,601,159,970,185,278,392,33,526,357,297,264,304,592,841,622,547,686,714,216,496,568,37,272,117,596,72,639,451,124,431,600,935,704,26,834,900,287,778,540,821,349,632,554,78,497,721,876,862,327,589,317,996,749,578,966,352,10,915,620,220,3,37,993,290,920,199,540,261,287,967,935,789,634,681,721,888,775,154,454,902,785,707,797,48,246,707,291,622,411,543,878,637,696,454,445,997,99,436,424,467,201,970,220,471,443,88,370,583,885,939,26,340,961,232,914,606,975,560,229,774,58,18
633,382,791,4,742,703,760,845,1000,743,551,689,427,541,740,439,760,586,469,966,212,21,47,272,899,702,255,249,727,70,726,607,741,46,625,241,549,375,335,820,453,141,878,653,435,234,755,794,19,963,932,655,370,425,767,171,956,868,365,239,824,391,591,393,2,103,930,890,468,183,70,56,392,950,124,545,889,371,890,595,859,727,973,619,307,407,57,64,374,464,559,829,390,179,80,782,56,323,542,778,948,317,516,469,1,932,850,744,734,58,402,399,779,884,361,259,11,58,901,423,15,823,905,497,716,925,935,561,821,566,212,802,643,995,583,312,427,704,796,822,600,433,452,828,981,288,386,25,319,673,284,16,489,321,159,132,929,10,770,505,804,273,662,130,146,449,461,947,83,598,350,43,858,801,386,76,363,533,28,552,494,562,494,887,183,981,743,254,910,802,557,845,962,824,998,23,56,502,554,740,495,567,191,66,685,363,323,83,39,896,18,787,46,927,409,908,545,820,673,507,657,559,70,300,209,519,726,631,368,195,572,359,677,762,474,764,800,833,896,563,844,813,458,986,553,495,767,69,80,176,235,299,801,890,924,391,542,386,683,518,729,914,537,444,500,853,311,872,585,371,301,564,21,369,371,834,683,756,118,653,773,687,66,623,205,259,76,991,569,494,220,690,843,67,701,764,634,326,997,281,722,872,400,1000,165,696,115,968,105,239,697,446,246,534,473,340,932,925,71,858,638,277,293,455,653,872,534,817,969,285,478,828,342,994,992,158,631,985,987,782,262,825,761,800,43,597,330,410,535,192,300,667,105,706,809,264,779,577,663,690,298,172,585,508,788,501,401,461,337,28,56,291,882,119,982,249,351,146,954,320,236,767,583,234,573,757,134,90,278,35,766,294,846,352,553,513,210,134,122,847,684,546,923,676,863,445,658,471,621,158,264,744,333,600,671,721,131,827,98,772,464,641,966,752,195,730,65,162,628,307,669,424,772,239,225,375,330,798,527,711,831,316,883,361,200,998,256,62,655,503,382,938,657,557,474,999,28,69,316,378,702,751,901,359,242,319,861,633,755,963,149,444,122,899,433,268,351,204,908,953,522,739,931,268,65,316,919,948,840,809,464,182,53,458,177,614,396,921,888,159
781,898,311,691,497,673,466,16,264,821,331,610,226,767,123,861,32,243,924,37,694,226,220,78,243,822,207,496,886,989,801,415,924,572,595,402,85,397,31,962,570,728,719,222,398,263,458,891,768,42,635,409,53,277,119,665,821,949,610,386,842,457,53,477,592,259,350,875,855,470,150,794,127,786,834,128,848,646,798,29,803,324,111,527,490,431,690,240,796,462,650,998,380,139,380,464,316,778,174,285,25,705,962,473,489,803,148,599,938,908,820,69,47,692,168,264,212,330,511,867,723,780,550,61,977,725,783,299,762,220,364,107,395,414,789,153,427,136,35,261,14,256,902,284,237,962,354,257,32,840,442,877,47,68,847,703,648,42,952,143,359,536,934,448,653,601,483,471,629,313,128,428,702,197,946,373,862,481,627,484,925,290,674,268,874,259,680,787,784,853,73,26,596,550,735,619,337,39,534,787,429,952,275,125,332,243,644,606,651,460,348,714,617,193,988,111,933,834,204,534,916,253,315,495,289,818,942,109,489,793,65,734,389,17,962,772,118,292,160,23,124,157,855,925,536,638,579,306,13,608,238,417,67,202,326,994,612,999,309,400,381,646,685,7,512,142,480,820,900,406,426,535,675,566,480,255,352,573,183,101,502,106,251,303,126,1,679,106,61,995,895,256,18,709,952,913,653,12,467,972,978,498,998,920,98,760,738,472,347,91,502,455,977,776,537,773,183,501,415,811,467,65,771,948,794,559,761,788,237,592,557,766,713,584,892,678,960,645,550,915,102,181,528,929,275,262,120,554,38,490,687,958,718,544,816,710,479,400,792,190,40,783,308,277,48,37,569,708,209,562,478,390,850,224,640,103,362,662,385,757,899,417,742,734,888,828,747,822,278,131,683,121,590,370,141,509,883,726,192,912,390,748,307,396,977,146,108,496,460,271,279,230,273,537,214,960,188,514,771,117,154,114,437,56,766,194,15,985,810,984,320,158,981,499,107,649,281,258,602,982,322,523,860,864,986,824,918,897,10,76,917,702,158,704,303,165,98,568,854,167,813,627,439,698,254,562,308,109,285,342,566,929,50,463,367,713,390,228,440,866,820,519,436,285,25,94,665,194,429,590,438,177,561,595,523,68,924,806,100,376
821,187,320,108,171,64,56,799,614,396,185,658,851,804,245,654,825,411,658,514,509,294,585,528,566,453,301,202,430,633,692,948,460,558,434,701,755,89,366,649,393,678,967,8,867,694,889,555,103,628,538,240,681,506,61,578,173,919,789,957,959,504,148,419,630,57,34,432,254,653,79,386,546,634,859,380,317,234,723,656,971,947,664,881,10,619,551,90,700,451,475,765,83,865,287,431,590,368,120,123,930,253,313,535,342,795,0,881,866,27,979,526,81,125,471,217,765,332,413,305,793,406,704,186,548,449,997,200,517,154,85,612,481,521,753,912,836,58,846,85,606,597,613,578,766,488,329,387,34,356,302,151,278,999,432,118,278,160,749,47,163,334,627,404,965,299,498,705,908,961,44,869,679,756,989,658,592,809,480,227,411,616,227,197,796,696,379,349,132,31,559,286,359,83,461,809,132,961,821,550,406,590,489,390,328,877,479,508,182,393,664,65,128,12,617,717,345,286,212,237,504,27,325,22,828,479,676,33,340,76,508,898,80,246,252,855,573,558,782,627,921,539,955,598,148,70,40,782,799,595,81,337,509,538,445,891,617,448,811,192,84,961,317,359,776,517,839,70,485,375,881,154,210,516,669,195,697,344,540,865,180,236,178,849,329,6,520,429,712,324,193,593,183,651,836,683,338,290,423,614,985,813,387,505,873,316,513,910,545,877,28,527,337,932,898,414,739,484,89,243,298,780,515,123,28,331,264,361,557,955,675,185,115,473,879,994,120,700,169,272,671,418,899,439,599,853,88,206,753,216,863,419,274,71,253,262,92,808,242,32,427,792,805,406,777,334,614,626,497,432,29,794,443,830,709,867,810,363,826,772,888,652,942,861,0,27,621,156,696,953,635,616,88,788,553,413,786,254,663,835,340,862,48,331,107,947,458,929,555,75,565,198,890,987,593,218,365,319,108,979,193,992,825,1,244,616,462,334,77,553,130,442,71,397,744,995,438,446,495,307,769,673,400,261,295,918,63,301,867,343,750,622,369,300,826,255,92,63,915,290,103,860,13,908,102,354,991,994,425,774,111,787,74,110,337,103,558,81,813,369,761,233,932,188,442,862,905,880,662,628,464,149,320,359,960,721,446,570,261,100
774,394,837,289,509,54,488,967,502,150,287,775,461,193,710,961,364,63,404,716,140,918,588,82,394,971,167,308,115,824,223,972,954,723,529,14,37,835,240,42,823,627,296,846,416,843,571,436,364,6,1000,360,284,805,686,755,729,886,871,903,323,399,383,852,959,868,297,744,312,886,817,409,843,298,273,131,740,131,92,106,44,681,694,853,594,966,894,498,319,96,305,355,84,913,694,647,63,393,797,42,281,449,15,384,74,520,988,638,209,585,784,485,549,966,604,267,543,805,112,704,73,26,52,495,952,231,325,494,343,980,408,487,50,741,58,413,709,748,290,174,435,840,559,465,352,472,224,893,82,636,459,582,422,39,385,400,74,678,119,417,190,112,610,74,842,158,925,601,191,515,493,624,154,539,411,340,730,756,926,335,948,283,932,668,626,270,111,34,189,639,81,670,647,497,551,423,181,830,341,778,656,152,34,261,347,941,412,271,583,759,804,766,327,850,313,126,569,264,635,947,529,296,335,361,672,8,702,879,386,573,302,371,207,332,580,749,124,325,268,311,123,235,85,832,137,583,139,764,885,109,981,104,580,143,345,390,480,157,948,962,506,946,794,545,792,933,413,750,445,589,753,903,995,318,78,862,615,827,960,525,287,169,967,861,571,498,256,28,765,51,580,613,681,358,495,970,873,371,769,135,739,336,123,375,903,180,994,925,832,384,997,870,575,66,701,777,962,157,643,301,818,53,834,551,452,431,985,648,292,49,943,699,238,211,184,991,133,562,147,376,690,732,737,254,809,733,8,308,955,484,895,274,386,187,786,585,73,570,227,504,122,569,275,285,80,858,301,627,44,902,809,774,383,937,625,558,316,42,610,51,176,504,917,73,227,230,158,25,100,373,217,694,795,337,641,196,872,259,359,228,167,91,2,157,914,330,708,575,775,654,4,339,66,453,196,552,943,290,825,294,111,760,244,940,696,886,617,496,498,50,970,663,63,478,988,197,259,883,816,164,665,149,163,454,174,715,893,817,699,991,503,404,898,575,664,949,298,232,237,94,241,54,372,386,801,959,898,769,889,937,664,613,21,572,321,947,309,966,703,553,809,198,712,692,831,326,75,199,353,782,240,672,315,212,330,541,555,575,359,580
253,26,19,50,51,804,904,574,431,988,647,838,642,823,900,492,638,479,213,806,435,869,679,548,578,320,432,427,683,279,98,767,324,696,773,564,223,722,757,264,6,145,410,349,76,214,889,105,928,886,463,515,696,34,925,162,486,453,418,61,428,80,74,62,214,796,773,32,132,749,298,640,721,751,738,53,434,292,333,353,945,474,570,240,601,744,942,470,385,220,516,123,420,265,842,611,669,206,22,978,18,634,843,83,613,897,862,202,399,573,780,874,333,65,807,612,661,907,846,128,415,203,770,197,124,493,306,914,895,444,919,272,406,128,116,893,595,141,102,213,668,720,445,468,70,341,544,904,493,324,706,871,598,419,424,854,207,326,769,618,908,601,897,489,103,217,274,807,600,366,868,259,55,139,196,500,420,111,440,759,326,851,668,482,166,843,87,601,493,294,625,735,576,871,455,813,154,941,186,112,152,205,928,416,865,457,25,645,35,971,418,341,410,636,616,139,861,365,219,473,120,934,387,937,611,909,1,789,795,286,183,75,789,865,260,443,838,840,744,426,987,80,601,937,738,831,122,408,700,816,742,441,132,257,29,997,993,582,78,895,831,589,536,634,597,641,210,995,297,24,84,842,919,981,291,398,720,787,985,713,840,902,291,475,784,65,571,40,368,207,898,5,901,206,34,688,162,295,296,158,149,379,809,982,648,61,740,96,743,280,885,442,937,814,164,885,948,457,817,473,662,127,464,293,463,714,278,515,432,975,790,701,533,718,877,808,138,760,373,927,461,404,176,890,234,776,14,947,652,420,79,773,714,79,497,785,129,167,327,294,874,685,624,731,694,348,924,810,32,132,660,380,331,748,963,819,493,729,65,972,511,508,864,657,916,409,720,558,819,605,893,905,441,512,82,619,674,381,104,359,223,953,667,34,301,478,804,905,787,862,778,337,349,81,806,62,46,779,964,381,312,785,848,864,685,641,544,945,27,713,738,722,22,297,419,674,558,909,807,661,585,903,919,727,671,89,852,23,285,267,852,584,133,178,536,741,381,470,156,346,387,859,290,145,729,328,998,414,241,904,937,867,199,170,971,435,94,926,538,490,813,714,590,158,400,48,627,13,428,465,329,592,361,19,129,838,441,181,650,886
347,860,10,31,150,938,370,234,513,155,393,675,453,780,704,744,784,319,772,211,979,97,866,155,323,715,55,242,516,72,61,917,863,760,906,455,671,655,407,973,887,514,682,611,733,945,433,311,163,883,337,756,852,889,508,667,225,703,275,214,658,68,40,491,752,946,414,253,785,563,107,566,192,171,582,436,481,290,446,143,977,407,855,520,931,448,131,267,809,861,181,951,470,881,483,823,319,377,538,440,922,664,516,403,989,199,553,295,292,369,651,283,809,610,391,191,155,672,61,486,197,854,391,710,195,857,980,799,262,458,379,452,844,626,469,587,301,800,654,739,842,561,465,272,27,990,313,177,89,306,723,168,688,189,37,802,473,174,621,605,663,613,446,164,994,95,50,143,504,877,571,673,787,610,830,599,7,914,273,560,983,979,632,430,862,969,10,289,183,481,730,186,270,918,961,34,477,132,625,331,474,797,976,120,448,27,256,497,19,621,520,520,571,666,299,828,293,249,740,91,537,662,522,626,243,757,152,224,381,658,391,891,773,258,557,723,935,342,638,127,163,708,317,177,212,149,217,258,8,535,928,934,704,799,330,258,149,547,63,941,952,963,94,659,883,627,281,426,547,336,333,799,726,753,417,940,332,376,797,707,138,987,822,12,60,879,718,295,348,282,38,604,85,966,195,284,981,132,134,5,258,372,602,966,317,643,777,575,37,899,649,950,607,921,186,367,607,711,627,148,321,828,461,711,808,917,239,259,930,600,431,219,706,742,697,268,432,988,962,756,997,269,970,500,700,605,939,881,120,746,445,281,16,855,244,46,749,281,99,298,192,579,452,522,682,343,1000,443,251,635,477,637,714,601,891,580,779,212,752,229,825,655,549,451,345,579,575,899,477,870,857,966,50,195,128,188,75,329,547,614,480,398,912,343,246,959,368,791,894,359,753,707,852,399,959,779,799,924,64,92,117,693,378,985,799,789,947,338,220,760,162,626,278,219,706,43,543,708,526,374,836,32,169,690,24,566,541,195,188,315,948,163,412,367,310,746,6,528,990,33,148,153,304,942,445,714,695,409,279,964,988,540,479,954,184,307,828,726,92,430,863,716,63,451,1,476,223,151,501,752,876,444,246,150,568,798,25,974,448,829
487,652,28,665,244,447,621,677,217,771,315,270,661,477,669,664,517,252,908,883,968,328,802,986,67,560,425,959,162,241,664,116,927,171,957,657,352,441,193,257,1000,174,669,113,321,244,533,481,536,361,101,505,19,545,565,565,516,913,457,76,668,110,963,536,546,160,328,725,257,252,851,237,255,397,891,637,602,8,109,347,998,304,962,861,668,786,313,150,366,330,725,148,35,614,459,978,453,983,665,948,268,803,360,212,634,110,173,514,66,166,233,578,95,750,976,736,968,420,291,902,470,614,635,408,610,861,114,40,320,783,849,757,246,784,524,837,281,191,984,214,691,795,140,296,375,427,5,979,152,630,706,294,537,939,202,223,26,1,426,563,271,751,359,935,884,402,699,353,638,824,454,282,556,557,111,537,872,405,139,499,125,650,217,158,453,632,629,665,144,235,696,376,94,937,772,744,440,607,710,517,954,734,636,133,618,69,889,177,549,755,217,485,620,934,872,483,716,859,235,797,821,366,774,630,499,236,124,179,398,362,727,891,298,866,845,669,56,955,237,624,170,599,441,765,427,126,317,87,658,300,542,870,228,981,609,47,261,557,221,726,428,315,32,975,922,824,689,990,25,169,480,648,492,112,628,492,641,175,707,330,910,572,537,86,407,312,91,765,251,247,836,169,705,729,453,867,368,154,976,404,25,685,540,914,847,64,505,200,202,444,348,491,407,110,638,951,688,665,279,362,215,771,259,57,729,829,225,999,233,571,257,485,470,234,807,756,559,92,583,979,539,348,72,27,710,703,896,868,621,574,1000,537,54,887,737,890,288,112,421,556,652,677,385,858,735,371,580,960,312,972,29,133,618,747,762,478,365,535,750,211,638,633,93,534,183,773,625,778,680,638,546,861,112,209,611,608,24,524,320,282,341,660,207,159,449,198,103,373,206,37,619,634,84,136,732,909,700,598,395,972,215,173,667,505,564,328,569,362,5,305,417,407,723,655,284,988,415,895,514,822,10,931,97,401,472,803,648,674,264,50,15,949,712,958,548,185,684,632,341,486,227,603,655,997,374,667,601,518,731,621,236,223,46,754,963,482,646,62,934,520,610,361,525,262,403,235,53,804,246,584,496,824,499,323,596,375,536,842,624,340
99,501,252,174,503,877,941,195,232,229,369,258,35,268,358,106,891,339,949,848,114,886,750,363,264,227,346,622,88,678,890,715,176,715,72,396,260,586,593,642,836,283,373,202,885,386,573,258,492,122,230,531,239,161,349,873,181,618,298,145,561,863,591,71,720,553,128,747,119,369,773,378,670,411,722,561,968,695,652,474,698,381,131,533,76,167,427,681,441,404,147,155,697,432,575,990,549,994,10,172,260,967,284,264,918,858,300,990,631,279,435,435,624,722,848,849,204,936,514,818,737,719,320,879,116,689,28,295,999,775,609,553,216,988,93,800,770,150,875,255,189,279,385,734,207,575,773,995,682,669,469,195,882,223,197,571,728,875,698,437,209,800,617,118,255,945,916,776,43,949,646,735,88,935,570,91,933,245,463,10,229,873,238,295,645,39,305,704,911,449,625,353,772,160,779,231,535,957,842,884,128,982,294,619,345,427,674,505,221,119,648,26,231,128,393,360,190,660,992,526,159,247,457,79,318,999,776,368,71,470,768,84,935,366,152,809,289,266,607,516,33,423,769,194,889,741,328,31,393,182,66,443,19,703,201,622,187,629,999,437,567,386,670,592,977,787,697,995,157,641,192,522,765,790,135,905,871,760,815,872,35,172,630,304,570,701,723,72,405,890,243,389,915,520,485,178,140,521,907,236,952,237,239,731,144,113,448,65,350,187,991,587,372,526,809,834,275,733,876,156,495,814,957,601,847,120,621,327,523,632,525,924,33,355,975,550,340,472,778,493,20,182,774,286,657,33,550,673,296,407,999,1,477,115,327,108,36,93,949,710,630,947,43,870,554,595,45,682,560,541,922,892,469,432,203,230,677,327,490,573,260,377,222,823,534,189,755,760,710,825,531,588,539,543,745,276,727,268,113,691,65,85,849,318,339,121,365,200,182,175,314,544,888,120,387,540,62,355,472,168,120,553,597,982,226,770,306,272,875,678,615,766,987,868,783,206,817,377,507,192,303,58,283,524,199,457,655,924,466,392,712,822,708,590,22,146,250,426,647,905,474,513,80,373,500,770,692,113,283,433,141,614,605,711,631,183,923,141,860,935,402,772,460,401,86,667,929,102,264,312,15,305,245,977,251,482,48,657,220,439
240,31,271,999,341,112,635,360,744,174,522,426,572,45,453,793,370,993,378,925,511,808,526,610,380,989,540,388,971,868,104,999,110,465,167,8,219,157,767,873,273,228,820,317,934,448,945,837,341,930,211,511,962,735,856,266,366,609,937,467,627,137,595,258,89,905,186,391,565,686,62,671,622,398,447,883,629,846,984,718,372,21,192,420,540,737,135,988,390,49,463,633,832,781,530,970,291,611,542,616,735,977,114,862,89,461,260,292,650,455,102,400,685,795,33,852,340,409,66,784,22,5,771,300,46,873,799,864,447,127,788,501,290,794,530,152,877,693,417,375,407,281,862,4,639,288,320,384,360,195,335,160,165,785,732,849,736,557,303,90,943,129,453,14,297,267,329,426,249,814,57,841,404,307,883,136,139,67,954,703,332,196,275,973,552,815,91,612,423,30,86,809,663,822,831,529,377,134,567,701,235,829,772,412,694,162,175,505,342,981,410,543,947,583,826,397,500,625,967,66,109,407,255,931,17,953,689,578,449,731,467,662,746,497,114,103,429,282,209,894,526,748,981,480,640,550,922,921,37,920,862,54,213,850,371,429,491,240,416,954,777,634,732,396,420,81,795,578,727,288,67,942,725,383,712,717,346,537,585,471,34,650,258,627,314,984,130,79,309,596,553,519,90,962,60,936,53,820,681,145,345,81,58,45,803,159,288,507,592,557,809,436,126,156,823,736,531,119,996,24,725,116,745,268,281,210,749,345,66,235,816,443,183,642,435,8,165,740,158,306,296,258,525,561,927,305,230,180,206,681,555,756,717,633,146,168,597,372,7,934,548,320,788,349,13,110,978,371,405,948,842,174,722,806,937,298,188,671,937,962,696,942,975,686,868,749,942,740,850,66,949,84,200,975,551,73,915,662,952,226,975,25,961,776,898,143,714,960,167,548,659,444,930,917,44,872,89,56,709,768,781,843,238,131,245,378,159,951,566,835,962,35,665,263,765,488,153,837,900,336,182,116,540,410,345,702,519,703,52,554,654,254,664,639,934,358,434,122,827,81,542,110,890,474,14,411,275,545,91,389,700,613,85,290,366,200,885,52,207,883,601,936,391,217,490,829,362,870,145,846,433,636,678,138,847,384,665,701,843,138
670,987,999,315,510,844,748,464,149,273,3,747,926,614,507,366,687,107,252,577,216,372,595,48,148,120,295,813,229,359,398,671,792,173,387,451,376,790,965,356,403,655,489,65,635,38,305,532,197,646,615,808,584,998,568,843,804,220,452,900,506,687,169,570,319,362,251,259,187,656,178,527,352,71,714,26,675,451,955,21,253,500,338,34,907,671,385,485,968,914,436,174,803,50,812,190,27,883,124,421,227,362,466,648,645,269,268,35,276,956,657,388,479,659,16,728,142,319,639,303,840,737,473,11,603,886,727,299,333,379,56,967,361,123,793,405,238,579,984,712,542,293,636,191,795,145,862,538,519,516,362,302,843,884,338,743,665,348,344,939,262,433,60,103,924,452,444,417,363,276,386,888,942,859,746,800,130,85,507,650,547,663,704,820,797,209,400,712,447,148,744,406,95,490,933,342,373,85,38,104,649,105,603,469,87,101,575,25,625,512,665,468,582,230,692,50,406,384,987,108,476,121,214,202,863,965,744,776,877,478,552,201,319,477,577,301,736,32,731,573,200,459,384,761,504,348,135,7,754,104,873,773,706,117,240,646,753,734,427,923,666,801,487,349,913,611,524,927,499,849,853,771,885,453,257,618,483,456,32,368,909,524,44,321,559,96,917,971,500,829,163,505,758,563,694,167,901,150,339,976,404,744,897,382,768,179,586,128,773,819,288,942,15,36,842,43,16,12,443,923,102,627,618,446,596,564,657,807,285,863,703,495,537,249,525,562,235,526,673,130,486,592,657,440,520,664,186,540,347,625,883,763,412,328,61,43,862,315,519,330,297,166,536,58,417,503,285,116,792,389,269,553,19,934,565,960,477,479,203,425,565,236,147,25,345,116,15,563,774,438,450,772,25,332,652,852,94,382,303,803,674,783,582,16,787,36,445,255,456,866,425,39,887,986,446,241,53,411,446,753,632,491,365,752,793,935,572,671,937,815,168,776,651,906,748,289,526,258,733,697,651,609,523,267,528,339,906,891,80,822,845,112,970,380,133,808,136,828,35,825,208,416,190,636,20,669,886,57,29,391,524,11,507,174,454,257,616,530,249,690,361,511,298,0,219,125,51,469,750,186,993,654,176,984,301,654,430,163,46,817
751,937,546,55,734,140,701,142,711,114,594,413,768,364,831,334,136,538,596,339,333,901,574,281,78,205,652,736,103,886,304,34,512,760,996,710,860,43,615,405,903,786,504,824,246,714,710,275,408,614,942,597,636,692,600,53,790,811,781,228,293,938,281,296,784,127,79,781,834,820,685,72,560,851,91,817,55,444,187,116,956,541,760,809,268,905,462,306,207,110,930,425,739,532,739,607,517,970,823,631,641,647,190,254,705,961,498,506,175,962,257,267,642,817,478,112,462,295,478,279,507,21,336,225,552,988,245,247,778,283,147,391,832,414,820,188,86,65,581,242,193,447,942,843,290,160,968,214,775,627,234,301,114,895,327,522,951,386,631,923,915,680,238,701,741,883,76,585,274,691,941,941,940,549,430,989,435,714,574,561,984,525,775,783,435,304,794,234,790,846,403,736,718,620,788,797,506,765,922,835,711,867,806,908,905,482,682,277,719,646,106,530,723,227,313,10,619,11,514,231,183,25,926,354,212,521,721,254,792,561,607,586,388,943,291,981,391,662,793,676,796,40,364,773,368,292,534,802,563,288,327,971,97,898,286,236,16,508,369,791,255,488,132,900,310,36,110,235,845,704,817,79,798,360,555,170,54,92,426,81,342,369,151,296,513,269,556,895,468,683,778,91,724,337,932,206,406,73,517,593,157,36,743,399,810,249,514,537,164,138,618,259,636,294,728,290,644,346,67,236,124,633,300,385,821,801,481,253,567,681,784,166,150,947,571,827,273,317,104,623,573,55,806,571,888,665,398,974,607,677,681,310,416,345,223,752,227,455,354,902,21,414,921,668,460,376,212,644,823,416,488,384,412,445,304,127,809,735,425,80,813,962,681,144,962,707,768,608,954,71,986,602,645,949,464,383,352,190,770,981,724,538,233,677,406,703,991,433,172,948,713,781,876,314,543,286,663,949,126,940,155,827,412,583,729,343,265,267,990,55,766,806,570,480,706,831,196,71,863,266,8,328,832,428,666,307,48,701,945,412,852,284,344,757,574,771,853,954,890,187,484,136,34,976,63,762,494,8,386,373,679,68,358,947,864,224,301,262,91,682,742,373,85,258,665,120,607,152,920,542,17,207,538,581,626,815,442,243,436,997
885,336,984,786,541,659,694,131,530,266,117,468,120,438,438,138,176,865,804,315,947,310,608,37,16,877,289,391,460,370,826,825,221,424,704,302,754,308,652,219,499,938,86,981,179,462,850,735,832,41,492,252,775,270,597,239,743,537,141,469,651,882,829,82,728,499,672,162,893,675,525,889,626,678,994,309,319,1,136,592,969,819,793,844,428,527,174,859,172,830,960,391,211,925,963,237,831,866,857,447,2,196,213,959,421,19,542,978,389,956,514,546,439,695,629,226,27,509,492,664,726,697,594,933,530,93,620,738,568,432,670,743,89,475,206,0,816,162,846,48,638,364,137,678,578,260,665,583,693,972,339,264,794,396,899,510,799,423,587,689,521,195,496,500,705,396,924,225,434,339,84,841,497,213,590,851,578,674,577,601,274,791,46,882,959,778,335,436,467,110,131,900,643,540,865,388,197,731,3,164,812,777,395,731,653,57,170,106,167,655,579,9,19,741,154,778,405,469,918,623,747,620,338,29,442,736,114,652,620,102,111,399,433,969,171,823,36,484,972,338,283,63,559,137,838,245,407,251,652,847,83,555,909,986,81,550,793,117,168,141,233,685,786,1000,924,596,854,433,625,181,889,221,79,40,288,965,733,718,33,784,349,71,712,359,355,195,500,908,304,95,637,194,741,285,689,549,730,772,628,476,523,245,538,566,696,741,512,768,647,451,408,256,888,233,228,59,778,377,808,791,317,450,575,24,592,108,914,637,823,570,712,914,224,760,435,96,754,273,470,148,27,257,414,411,682,178,890,704,625,883,175,286,252,248,986,290,342,18,779,931,469,673,881,833,117,1000,555,756,343,392,206,812,225,386,622,652,60,408,20,838,952,182,439,85,961,623,360,914,515,425,108,278,954,873,585,437,213,233,418,526,613,534,184,941,392,13,550,7,328,55,90,135,776,603,961,680,542,482,411,622,778,921,383,23,830,551,767,14,19,386,205,838,680,337,554,888,91,157,317,229,940,317,414,190,382,637,802,862,263,745,610,61,984,988,906,597,983,67,122,670,151,409,755,987,208,344,998,882,337,238,541,406,291,635,716,102,332,658,189,918,512,917,332,711,336,613,927,405,286,306,592,386,331,322,90,117,434,589,780,556
883,238,980,395,309,70,688,509,774,66,17,107,118,378,758,293,29,60,273,288,588,914,423,419,218,859,947,361,331,590,141,438,944,90,461,287,216,628,472,175,608,793,321,377,533,622,665,404,299,848,303,418,588,919,136,257,125,233,505,108,165,699,868,82,302,1000,98,377,326,624,818,569,191,26,510,851,900,357,999,798,881,130,862,141,297,221,882,691,444,411,256,222,84,196,113,450,905,554,982,611,295,123,781,123,81,955,630,950,195,510,977,734,562,469,897,970,479,417,928,335,464,667,296,999,817,981,558,941,919,377,324,548,860,777,212,693,914,746,577,936,327,523,477,894,483,193,678,198,185,614,304,134,50,475,562,240,912,972,487,979,648,728,724,758,359,353,991,543,572,600,754,241,924,12,263,520,609,858,99,944,745,167,720,688,467,38,104,189,708,843,973,773,726,910,25,77,461,802,4,825,255,90,373,938,931,364,192,571,997,474,188,236,61,514,643,720,88,194,186,169,439,371,119,2,423,280,703,259,624,210,768,880,363,948,260,153,455,46,250,907,330,608,453,349,749,309,861,635,910,873,343,457,137,86,103,764,713,294,242,643,471,420,36,38,510,128,408,929,991,820,530,492,311,722,207,599,448,106,275,455,641,371,980,432,213,638,598,14,431,482,452,857,777,961,344,838,235,419,985,909,961,787,184,399,809,261,881,442,964,458,30,362,53,318,978,773,989,721,831,662,16,847,418,94,414,206,420,6,426,657,980,837,12,287,491,134,264,110,9,357,239,82,856,400,1000,806,679,780,598,632,917,86,760,559,358,66,771,59,854,922,447,605,666,923,967,820,424,250,244,749,624,572,961,207,412,124,67,507,200,479,278,461,853,381,337,84,484,441,733,629,162,794,902,996,190,109,509,502,240,722,159,373,779,499,810,431,860,337,346,682,876,4,25,727,242,495,891,351,489,479,882,258,330,515,425,106,149,446,881,536,53,267,896,463,969,779,287,971,758,972,861,889,187,599,302,293,573,760,390,559,166,446,984,703,436,532,250,683,637,684,777,134,190,486,723,878,152,741,620,20,702,196,598,522,449,197,656,847,251,227,519,768,259,442,338,808,634,840,382,463,629,662,527,573,194,469,174,681,456,68
682,516,130,312,18,215,310,381,143,795,792,877,819,934,948,893,900,725,126,183,543,551,30,209,972,797,588,34,491,236,800,429,459,612,74,15,398,415,957,141,969,777,847,573,266,238,426,940,758,775,51,91,959,998,666,33,452,568,322,291,89,211,788,751,302,297,889,731,555,402,40,431,654,229,462,599,69,10,45,624,270,509,720,861,947,94,936,850,459,332,594,14,971,809,577,77,879,241,499,517,153,749,916,726,718,995,10,479,941,68,42,188,818,525,902,824,408,576,528,421,934,414,712,802,189,46,153,150,46,709,444,711,361,320,182,25,900,503,908,394,972,414,79,911,295,36,879,664,75,364,165,207,402,930,524,899,15,339,594,323,974,693,861,504,477,650,907,521,925,632,293,801,886,568,574,15,380,550,698,739,948,211,618,933,704,701,756,965,3,974,492,832,528,387,89,862,274,297,730,323,855,49,514,456,700,317,208,198,239,618,832,578,408,512,897,20,867,352,834,550,317,859,80,998,828,703,450,511,384,672,524,643,955,797,444,331,374,474,129,213,831,300,121,317,301,856,912,457,789,740,693,326,47,534,354,604,947,728,449,353,916,31,465,640,727,129,107,581,693,537,226,44,932,176,677,46,309,191,713,444,475,950,603,347,601,289,196,814,528,326,780,991,826,711,1,495,798,631,747,190,413,178,983,831,51,934,866,742,0,2,347,0,951,235,252,296,880,366,538,388,433,794,143,186,362,698,567,679,564,887,761,845,399,68,651,682,985,219,244,400,955,15,877,471,174,15,191,351,440,605,188,39,900,881,857,359,637,233,527,723,703,458,300,77,287,10,238,428,759,597,821,357,1000,494,403,251,839,642,51,168,267,156,613,848,822,964,700,72,315,931,947,308,26,486,196,821,129,801,717,659,55,856,964,616,47,42,397,780,796,207,660,412,127,842,946,162,508,42,791,263,594,41,682,851,11,402,304,595,573,557,619,452,531,749,529,261,842,447,488,290,558,517,756,527,244,444,375,188,685,511,881,929,295,763,453,84,117,733,547,628,866,168,975,706,961,462,187,46,925,529,89,619,331,420,765,871,830,826,421,999,108,874,472,179,504,662,18,741,586,684,49,931,193,160,285,916,556,416,362,250
888,219,612,975,115,681,100,403,191,912,609,741,198,646,138,477,850,559,91,366,525,874,854,709,608,770,768,391,792,486,224,683,124,134,298,251,394,461,70,236,69,335,322,420,561,30,252,121,956,465,673,851,858,557,821,89,49,251,651,544,819,714,805,199,308,272,203,845,582,513,332,194,54,379,642,890,295,251,915,620,864,382,664,658,485,755,715,655,926,510,164,464,585,189,473,132,42,295,761,852,156,697,817,569,252,830,957,254,676,10,974,948,522,327,651,881,297,90,172,984,108,675,436,239,296,891,604,610,646,175,276,432,81,953,255,805,324,957,696,901,551,770,156,771,608,553,378,613,542,993,544,837,423,449,974,678,499,270,194,355,159,773,840,393,645,976,272,790,539,389,498,898,136,255,389,314,855,570,721,757,409,275,589,644,866,378,86,207,696,820,181,991,20,564,404,63,635,772,423,436,605,542,731,80,705,788,298,234,129,960,67,938,812,568,677,970,881,550,324,166,398,170,461,72,469,747,370,97,266,620,738,995,947,959,603,979,874,992,397,461,819,972,849,444,215,722,625,197,500,117,61,659,874,986,956,410,645,356,571,57,367,960,78,121,221,61,542,623,398,967,562,113,779,431,523,166,762,134,558,225,671,18,761,635,31,754,306,822,747,70,256,854,88,299,414,946,266,585,794,227,728,207,678,621,987,58,108,708,257,453,250,317,141,173,140,635,706,358,494,825,234,833,141,294,870,923,871,633,278,121,82,21,963,840,284,0,723,210,183,929,529,760,242,702,81,349,219,687,745,519,0,392,188,893,754,49,936,133,695,263,691,178,265,381,741,732,427,856,748,985,355,724,268,30,448,110,467,291,844,180,739,132,24,366,293,613,823,85,769,298,119,623,792,864,501,458,54,9,515,542,150,543,548,958,981,895,940,60,327,357,492,524,371,826,460,639,6,293,920,557,137,790,501,304,796,275,750,172,321,136,431,169,71,345,295,646,17,417,941,982,886,26,174,851,927,662,66,914,699,418,518,397,349,973,839,785,365,244,202,661,911,678,752,438,811,716,244,718,63,295,157,92,751,154,844,753,63,976,570,876,407,723,718,825,997,724,130,134,554,266,85,717,336,222,522,158,563,195,676,888
763,564,88,856,465,678,707,679,113,830,512,317,482,851,493,672,693,106,537,733,475,856,899,213,311,227,355,237,384,191,133,541,513,387,152,477,263,144,256,783,391,271,734,381,13,519,21,557,637,586,773,848,794,632,131,633,453,586,71,80,523,119,707,959,575,399,592,116,404,762,745,938,880,843,942,951,892,98,537,423,336,334,828,378,814,714,694,497,67,943,825,28,283,261,121,406,943,185,173,723,771,412,360,248,750,541,892,406,938,1,117,299,437,175,791,798,408,273,380,873,772,50,684,299,796,179,23,97,109,720,385,431,366,465,833,480,430,529,774,586,245,981,828,673,370,468,631,953,775,525,128,710,190,936,295,680,43,857,946,585,69,939,690,470,948,147,527,895,964,825,920,463,995,107,605,262,107,732,673,863,56,780,533,484,309,727,792,690,705,178,803,543,396,607,851,645,751,376,454,326,537,34,692,495,963,678,635,429,368,285,413,899,767,473,594,166,358,986,821,130,651,212,476,950,480,982,532,661,858,912,282,195,476,891,399,211,991,736,469,280,671,645,239,597,620,561,609,394,28,613,48,86,798,930,550,679,393,154,19,233,991,553,207,162,150,488,69,805,113,97,134,540,319,816,425,936,933,682,666,403,426,531,208,170,347,401,996,60,660,264,431,123,217,342,280,319,914,844,694,443,779,110,379,667,81,60,832,124,273,382,389,426,320,121,25,713,182,853,827,960,925,645,769,829,616,315,128,115,598,737,653,791,812,850,758,801,992,179,18,11,396,431,879,246,441,980,974,145,103,684,608,273,45,488,189,824,624,788,788,657,611,836,756,12,118,31,210,949,675,543,598,359,555,667,616,502,527,243,118,53,475,620,190,463,930,178,489,102,372,53,406,254,632,846,592,294,772,117,193,989,554,272,83,525,660,174,467,503,992,258,781,700,560,955,428,590,777,909,810,80,955,28,63,116,955,340,947,691,919,499,759,819,232,172,412,251,973,75,223,307,187,190,361,337,244,603,837,538,472,383,426,729,760,790,682,463,435,290,968,415,665,690,373,880,232,625,146,439,849,703,465,805,592,215,504,774,721,673,270,578,618,43,982,456,507,255,685,807,84,620,581,640,925,599,411,452,41,991,491,399
371,354,643,467,151,842,132,684,555,622,811,550,829,36,476,500,306,188,382,1,847,167,757,331,894,649,199,996,943,97,297,461,394,921,454,150,228,467,87,348,962,868,323,440,773,270,442,187,373,230,131,749,654,219,479,356,823,440,971,920,1000,830,800,723,597,52,285,339,574,888,721,540,212,830,182,336,170,645,161,195,377,74,190,710,998,120,305,944,244,819,416,774,671,849,225,503,926,90,663,188,809,63,223,971,182,473,876,110,801,128,46,986,44,400,915,532,539,8,600,186,39,808,256,42,429,318,975,647,436,870,709,597,795,374,760,921,57,473,368,97,420,925,135,798,596,23,647,456,200,755,657,92,415,0,135,753,258,922,914,822,448,668,230,322,988,736,912,61,760,571,846,721,439,779,756,946,550,207,470,711,884,69,743,135,409,449,700,314,993,666,198,69,302,834,487,792,626,647,814,904,683,249,117,654,688,649,528,242,313,724,963,560,629,988,249,271,412,931,972,633,333,982,429,457,44,94,271,806,659,406,915,780,415,575,305,618,203,931,466,925,244,962,244,601,162,516,109,307,713,747,628,348,892,914,271,701,704,209,724,689,757,680,26,841,747,119,293,40,53,416,502,201,230,414,769,124,768,652,363,249,107,129,112,608,40,689,219,363,989,225,104,663,315,292,680,431,721,284,936,665,725,973,553,722,207,878,203,816,453,660,192,793,535,681,957,335,580,861,200,307,539,944,756,627,75,626,74,668,458,231,890,241,507,178,950,953,329,293,471,108,653,130,513,7,213,747,832,98,480,600,354,32,543,568,159,338,22,222,724,131,609,60,409,274,322,985,771,747,428,571,192,453,325,873,388,444,571,1,776,790,878,6,311,75,91,196,675,141,839,52,555,437,699,93,133,861,150,536,349,183,506,44,276,269,992,675,964,250,334,302,699,422,227,630,950,179,242,268,83,399,683,20,726,6,395,234,843,943,232,563,673,678,213,549,151,628,536,618,129,908,307,279,559,124,461,210,182,76,465,933,267,92,115,798,416,776,851,836,514,602,32,599,551,841,632,704,890,482,849,527,395,790,705,367,86,206,721,190,576,897,619,249,908,742,644,13,530,554,256,236,700,206,779,102,662,681,561,997,16,877
892,621,354,928,970,258,691,958,455,794,303,149,539,477,415,121,440,778,640,88,491,275,411,490,626,635,641,550,261,90,304,364,864,498,302,781,276,929,991,429,449,233,95,99,351,919,845,3,235,514,648,39,89,957,419,449,730,698,991,210,269,637,665,715,611,440,752,954,622,124,568,415,982,406,309,839,520,786,694,544,848,837,83,675,216,620,384,857,558,611,88,966,894,33,928,755,384,56,223,431,56,146,158,144,827,491,122,150,636,889,757,205,635,841,502,106,358,42,263,387,202,692,630,858,872,330,628,744,220,298,304,51,262,799,364,521,641,668,133,632,132,977,10,962,771,302,172,515,16,676,355,17,671,689,957,944,123,127,434,94,589,317,965,824,623,50,165,360,784,475,98,638,635,725,492,899,191,678,845,572,69,918,806,967,168,642,73,621,998,949,873,627,833,760,292,712,119,751,128,978,421,572,894,773,236,85,161,707,951,676,713,586,613,789,992,918,703,314,470,147,208,981,17,770,459,968,240,348,948,954,40,440,774,131,688,431,557,783,521,437,174,23,336,153,21,246,60,961,50,526,241,485,850,128,860,579,807,229,488,347,309,244,726,621,833,894,134,545,649,123,42,794,32,173,619,664,127,121,924,261,91,483,632,926,157,90,748,404,88,703,589,417,577,617,612,603,810,721,88,343,681,587,59,484,914,839,267,956,592,328,250,766,511,11,596,835,294,643,188,801,959,914,347,785,546,903,802,269,412,687,994,536,949,786,835,923,99,610,922,686,530,962,85,196,326,24,623,908,709,600,104,790,151,316,152,0,26,74,893,469,570,324,489,520,51,837,582,773,403,829,905,886,269,872,51,919,606,73,228,868,911,485,823,453,121,822,495,27,106,350,750,614,54,291,380,457,10,934,729,800,90,794,998,892,731,957,549,576,536,646,442,602,729,918,199,683,956,483,221,91,657,949,40,28,227,840,886,780,412,367,2,3,261,586,846,892,673,993,177,501,70,696,442,850,169,492,547,390,834,125,294,634,227,925,437,155,984,988,200,180,171,158,863,801,913,618,366,246,833,711,792,287,953,609,482,837,215,466,325,544,64,602,207,207,103,235,183,407,431,637,331,317,253,8,272,369,354,452,895,439
997,31,116,846,540,635,524,549,591,843,406,763,340,11,609,504,922,694,832,332,26,193,692,874,553,122,894,457,452,162,203,520,454,599,485,56,711,624,429,705,814,974,564,103,297,544,249,432,314,310,669,51,923,752,153,16,108,178,592,989,734,81,537,589,283,149,408,21,124,392,263,207,650,389,283,820,820,851,405,991,601,729,830,693,200,205,480,278,865,142,517,334,648,216,722,143,576,207,959,120,604,465,766,766,353,815,617,273,452,624,780,467,825,880,507,792,120,931,277,915,391,150,851,603,207,311,775,616,360,639,67,956,844,653,843,655,424,966,565,757,728,763,697,201,179,496,600,912,228,325,936,202,452,35,993,292,649,643,1000,127,339,211,735,544,719,448,515,503,99,549,380,271,944,942,145,870,520,566,707,450,216,21,416,653,813,987,801,242,850,223,123,783,822,388,548,333,182,273,61,137,436,845,617,956,770,466,250,800,770,474,681,977,119,473,709,638,898,114,39,541,268,856,237,315,179,651,908,154,695,386,325,335,555,704,11,49,367,927,669,782,509,667,790,291,15,91,93,422,963,895,184,269,275,482,342,40,292,588,760,796,934,390,506,902,363,754,399,101,812,198,939,342,512,58,599,690,700,624,861,378,603,35,562,507,791,981,605,162,275,564,742,314,886,295,973,869,911,227,99,46,694,194,860,954,256,846,925,767,372,310,781,194,361,455,104,460,698,976,523,216,568,115,981,79,231,821,736,654,922,734,504,122,988,675,233,272,67,173,788,141,446,834,77,304,320,695,749,443,781,126,844,975,409,263,583,710,368,768,190,5,857,437,845,719,505,191,393,130,115,839,214,863,584,908,837,633,159,407,247,350,58,601,629,461,837,983,662,145,22,602,812,784,949,346,230,286,142,320,706,868,10,495,352,582,674,934,675,412,198,873,478,210,826,832,583,793,40,636,332,467,617,822,705,721,42,632,138,244,509,179,930,242,564,973,963,396,883,300,361,942,950,454,103,747,539,205,634,176,84,270,726,168,616,709,508,254,368,961,918,752,425,488,939,698,989,400,378,960,27,621,671,998,55,220,81,259,170,600,963,963,25,868,184,208,398,471,766,877,477,761,247,720,282,979,722,123,932,554,173,143
470,511,363,414,115,342,865,923,513,50,724,883,843,778,73,907,159,886,784,22,725,659,39,31,773,546,300,792,343,209,531,724,361,64,256,175,917,85,219,10,299,138,161,431,377,84,103,287,219,366,729,822,947,639,499,971,241,149,46,149,391,630,921,418,308,443,56,823,595,349,302,721,862,205,795,393,637,461,651,285,133,378,535,921,712,585,262,140,711,772,188,112,409,937,350,843,39,609,165,172,127,703,447,259,832,564,679,64,250,797,124,587,107,358,445,602,161,246,576,242,612,272,60,921,527,744,975,63,56,899,597,406,977,559,758,508,341,754,855,154,654,52,746,833,542,702,655,362,75,914,589,495,631,674,452,681,904,828,352,436,363,911,392,768,446,234,760,30,253,228,434,207,964,213,934,542,486,196,963,396,683,355,880,138,167,851,718,137,504,851,834,794,586,907,180,901,300,996,144,977,844,861,355,87,502,52,915,110,604,74,193,858,340,793,912,546,444,587,906,465,104,491,419,113,318,824,130,491,482,44,513,425,302,715,876,638,725,414,10,924,849,855,435,906,344,948,588,237,715,838,221,735,118,531,124,609,82,837,84,802,725,753,408,407,712,447,352,926,93,624,949,402,978,548,344,702,395,755,341,1000,728,550,566,983,304,773,638,573,425,588,132,361,415,839,794,104,550,377,542,604,412,912,465,483,909,255,41,998,938,539,472,624,892,382,748,866,47,988,442,296,378,27,753,250,998,667,838,378,27,997,587,128,853,708,1000,606,30,413,582,965,255,441,580,7,731,669,668,578,109,320,283,157,194,795,846,559,493,929,178,681,822,89,333,735,522,121,139,769,508,426,550,419,645,969,603,682,565,932,260,399,719,642,348,177,871,469,967,759,190,883,266,991,440,937,363,590,414,481,753,415,967,480,700,701,322,12,519,358,332,260,297,194,427,890,150,656,911,161,633,141,752,168,966,477,634,81,124,873,482,14,486,671,562,350,917,0,131,792,511,266,339,512,770,616,410,971,394,180,965,496,881,366,882,164,802,524,68,889,304,754,311,825,757,859,639,284,850,971,185,582,469,166,24,54,163,662,506,261,721,828,353,114,226,23,852,9,525,962,121,407,932,439,32,332,709,66,777,922,507,845
887,290,477,3,379,385,529,244,431,482,957,945,407,865,840,272,608,17,906,288,890,597,630,973,686,78,425,595,83,918,825,621,909,823,972,867,712,178,105,263,770,94,433,90,813,660,504,274,34,722,376,154,321,263,997,590,883,514,722,353,456,92,364,196,976,915,721,107,322,427,609,852,937,320,41,664,120,828,171,611,900,74,693,677,121,550,849,61,153,500,223,271,159,834,355,550,91,699,176,814,738,218,1,591,626,708,466,735,473,146,737,357,17,240,909,186,543,477,391,737,929,124,195,266,552,249,698,340,6,287,420,450,496,209,379,344,738,815,22,418,475,385,280,730,332,79,126,596,866,617,341,581,207,11,972,129,242,233,42,361,702,918,972,965,261,704,499,514,507,849,282,835,236,112,921,552,259,997,886,625,250,137,105,645,187,429,82,722,753,717,472,259,697,215,565,921,529,852,621,878,572,462,279,648,258,734,447,784,382,392,55,445,271,540,771,972,298,867,273,890,961,924,401,796,271,202,757,945,315,224,179,478,630,952,837,989,69,155,643,392,376,89,291,184,125,816,338,639,963,465,802,630,27,992,720,65,124,725,961,792,256,839,852,228,246,634,335,631,634,221,275,134,208,488,288,740,776,560,354,928,754,625,811,813,963,400,182,527,953,418,195,823,410,438,289,879,378,855,721,386,529,88,723,999,665,932,198,717,659,386,478,15,161,884,450,402,487,792,678,357,661,440,920,752,954,67,610,977,418,733,625,664,320,684,749,119,521,936,371,968,530,200,472,140,307,1000,213,303,957,609,375,160,468,143,588,96,446,663,681,716,232,359,751,863,760,979,277,688,652,927,818,546,324,297,140,285,984,423,53,446,815,814,650,182,146,404,863,649,285,204,716,944,598,135,473,221,368,265,83,921,249,30,848,757,384,769,787,513,564,960,515,870,464,417,201,909,527,504,862,471,570,740,969,217,71,509,687,697,747,708,358,392,183,798,914,710,604,174,691,933,482,354,433,138,803,481,585,97,451,775,687,550,166,218,978,22,596,303,29,261,755,291,147,846,846,956,69,442,789,694,501,326,364,4,639,255,187,305,832,342,115,975,512,779,895,546,135,835,559,664,668,148,637,644,637,902,333,481,898,232
782,891,815,43,119,841,304,30,883,484,410,310,756,472,533,909,374,190,265,261,205,787,841,116,878,837,986,296,792,965,103,181,216,701,694,839,943,285,887,897,202,25,868,484,926,565,139,137,677,649,147,145,518,302,665,79,628,392,293,284,202,725,516,391,285,533,790,717,894,689,4,848,167,23,130,820,666,72,248,476,57,961,180,339,549,278,278,698,988,15,131,639,682,4,383,332,616,787,981,115,425,83,891,769,313,771,816,775,613,266,486,458,555,313,381,826,343,443,462,98,739,155,807,709,797,991,43,218,366,592,295,316,252,869,38,443,777,621,360,992,777,274,100,327,214,830,642,209,510,203,657,184,60,151,472,127,286,394,171,153,258,505,885,155,425,210,116,781,405,873,614,596,780,143,388,712,370,474,895,21,292,411,471,954,46,664,275,973,231,896,236,988,104,579,766,619,954,698,200,973,181,170,331,524,836,458,549,46,120,343,930,709,295,790,863,57,637,564,280,4,945,12,85,83,573,10,264,36,955,901,237,948,360,620,161,348,640,420,690,223,426,321,702,681,731,288,816,129,973,525,5,736,834,575,720,983,90,351,359,449,252,277,627,887,214,175,794,260,657,257,17,894,870,887,251,329,92,981,833,606,347,982,832,245,161,768,734,505,446,17,714,9,517,197,0,562,972,386,606,71,726,992,928,879,977,823,349,958,882,320,948,665,258,255,355,97,386,444,557,467,795,623,699,916,100,651,806,529,684,666,675,607,389,573,778,892,174,635,570,423,688,55,231,764,893,763,592,359,267,288,333,88,102,150,351,607,519,175,966,934,748,347,122,86,403,46,222,517,483,348,366,798,60,60,807,463,851,315,98,702,863,71,882,828,814,368,986,592,103,314,45,222,66,124,345,609,861,922,403,528,601,116,968,458,883,312,47,606,481,513,441,171,649,466,969,579,886,914,216,191,16,386,804,853,913,869,702,66,649,666,148,754,550,521,350,932,887,246,858,556,961,564,301,335,437,540,393,556,269,719,34,948,80,738,966,736,375,81,792,323,319,217,795,747,68,794,976,613,285,638,59,828,185,869,258,385,114,545,759,536,61,193,965,826,451,618,663,914,279,339,100,496,456,385,70,567,106,261,361,880
241,364,982,233,747,860,661,472,115,822,291,472,606,634,881,333,1000,82,468,831,593,396,25,92,238,391,480,24,88,541,560,615,53,473,730,223,299,307,198,515,689,270,904,971,769,665,746,231,673,742,739,171,793,838,724,402,610,403,821,970,99,81,273,461,143,955,900,385,610,755,321,523,684,479,649,387,614,397,489,416,942,578,251,133,951,677,488,576,90,325,802,758,18,123,714,299,949,306,729,505,282,38,359,106,167,899,829,192,839,712,704,857,586,880,10,648,510,265,449,826,680,73,721,154,674,410,282,678,120,117,636,558,445,937,183,255,957,283,601,635,451,441,120,5,934,539,191,977,438,260,714,780,76,85,584,110,686,184,36,523,816,658,129,900,189,497,192,941,333,397,572,469,283,45,742,13,896,784,883,188,778,367,405,184,868,783,765,61,135,164,824,671,86,559,789,431,393,163,88,378,582,435,838,36,859,399,256,753,744,455,49,954,908,207,0,992,708,643,484,506,640,357,34,594,92,967,186,874,11,915,886,490,110,186,828,241,75,826,611,332,469,154,525,762,522,632,992,739,997,816,455,657,414,616,668,468,63,821,256,407,768,911,87,27,24,655,311,795,210,606,219,542,432,371,1,680,864,158,944,472,533,276,414,116,877,619,841,287,318,173,248,797,556,528,147,696,310,640,890,547,866,686,801,362,568,267,569,487,96,111,929,496,849,545,604,487,681,450,226,236,15,676,509,799,332,924,63,740,248,80,537,512,985,748,218,388,125,953,457,290,880,279,796,169,508,132,700,104,292,595,106,989,60,143,113,708,299,669,741,963,450,534,271,153,944,126,697,866,752,291,19,880,460,288,161,84,507,807,267,679,988,486,906,65,285,988,851,839,758,332,504,133,52,693,824,805,13,563,192,520,202,955,975,119,471,681,6,634,365,607,171,923,123,10,409,20,33,951,792,893,135,395,956,151,894,788,279,399,603,883,469,16,664,30,868,515,861,17,832,845,235,733,494,633,868,464,210,5,445,377,649,120,120,815,896,180,374,328,823,447,546,790,743,49,116,925,11,608,775,207,535,356,11,377,306,79,674,583,606,656,577,896,479,36,130,481,670,903,181,787,678,994,14,688,50,974,237,989,750,600
945,881,881,66,33,735,289,350,898,43,748,918,476,682,558,404,479,266,253,481,69,472,845,507,438,695,886,722,228,886,431,176,641,121,931,32,390,758,551,607,493,862,838,57,237,996,211,43,927,526,596,76,175,714,632,260,384,834,669,838,923,676,343,93,481,285,198,163,646,523,383,14,199,738,183,456,232,564,364,345,850,775,127,266,831,852,989,245,251,105,923,488,699,304,874,440,691,695,860,161,691,237,420,717,147,519,367,893,723,472,45,706,737,641,725,828,196,796,200,169,269,539,568,388,102,451,507,191,528,828,260,362,340,68,952,422,389,751,456,677,310,592,255,426,857,953,327,261,685,684,941,779,458,297,88,940,222,210,442,101,413,438,468,854,233,984,831,666,326,176,458,895,879,511,660,289,237,292,249,214,889,589,792,968,691,860,955,909,892,369,221,875,779,921,9,641,582,417,818,393,457,113,434,399,370,568,484,627,451,759,983,643,391,26,53,919,557,786,374,875,14,356,716,599,996,808,898,412,351,32,288,803,469,527,141,186,909,631,264,404,661,787,354,577,339,499,51,137,797,281,437,177,729,953,754,655,89,855,940,120,759,725,673,672,862,744,959,113,300,574,360,714,120,389,841,117,759,796,402,827,513,196,51,969,534,877,422,626,82,924,967,185,63,695,387,568,690,458,873,427,211,824,210,825,954,101,226,80,272,322,876,883,92,202,953,218,473,993,397,914,954,428,582,458,991,83,840,138,131,227,687,230,58,14,316,357,129,922,487,222,579,427,359,355,867,912,748,810,230,806,423,854,872,194,644,576,125,536,936,539,255,979,712,356,7,387,214,804,169,139,792,852,395,419,507,214,103,592,491,572,367,996,483,559,584,748,660,971,198,765,919,904,42,56,288,64,730,423,152,195,795,429,61,592,719,301,790,751,452,177,335,930,584,176,796,996,231,378,410,204,559,699,675,362,124,446,594,206,392,173,538,403,423,924,822,893,636,19,94,38,647,215,394,773,951,253,769,446,255,43,581,12,782,48,947,323,576,676,551,852,383,761,593,225,658,290,41,575,73,994,77,671,541,431,681,321,563,672,126,889,550,78,26,595,33,181,392,349,374,170,183,489,23,343,464,597,828,786,854,456
618,124,906,555,173,694,967,846,390,171,580,82,593,725,341,162,934,343,569,495,346,534,861,613,879,896,109,877,386,872,769,852,757,401,674,766,462,406,436,719,424,156,328,744,237,507,668,474,311,582,354,322,193,204,535,693,230,927,542,251,626,689,537,288,266,762,342,957,256,506,529,21,652,418,531,560,217,263,443,338,67,613,441,383,51,577,790,62,595,288,415,555,339,87,427,82,687,6,35,0,641,539,67,522,9,199,949,585,444,431,495,854,590,74,225,515,966,223,520,376,459,117,3,533,967,367,566,821,434,852,478,34,311,997,606,42,721,294,219,242,80,54,766,73,866,261,84,834,255,108,43,221,389,892,84,229,745,1,457,150,83,666,586,458,466,975,832,233,895,203,468,630,498,606,49,622,834,354,20,853,24,476,894,133,341,966,820,52,633,263,166,220,813,809,457,888,525,334,633,740,705,574,368,640,354,459,795,436,268,983,515,704,157,145,470,705,895,661,811,415,430,933,97,428,213,651,598,41,610,83,488,59,597,89,862,369,367,97,75,67,653,206,485,367,540,173,402,213,863,972,847,610,232,210,749,472,103,891,159,491,460,716,592,177,327,873,874,786,926,477,413,472,239,535,6,302,581,325,212,175,946,688,190,275,431,489,509,331,899,791,443,776,993,375,110,235,179,814,123,281,888,643,281,901,444,554,701,760,113,938,440,381,338,151,616,879,108,898,571,996,927,702,100,414,989,748,900,267,151,930,421,289,755,863,165,883,464,972,345,501,116,871,894,808,853,242,619,456,145,302,265,773,352,175,513,150,109,986,113,70,841,351,888,954,613,402,123,327,759,537,735,148,5,525,102,933,793,969,950,60,65,786,315,163,393,960,902,806,25,727,291,881,202,302,457,133,651,137,552,153,772,194,146,17,109,711,515,955,598,223,466,627,902,533,0,200,104,366,536,768,28,440,313,431,690,997,630,397,386,908,723,806,375,104,805,33,75,571,559,114,765,264,633,588,43,859,4,427,54,215,152,373,363,216,218,818,516,554,781,302,73,354,647,926,643,218,624,353,950,550,843,227,746,719,483,857,1,676,449,109,124,54,452,80,291,375,263,272,159,266,720,691,678,739,501,781,270,423,492,873
907,977,852,206,747,158,496,218,727,77,188,454,831,19,120,148,152,670,991,891,477,114,830,926,390,695,946,696,543,227,469,215,950,428,170,41,737,225,196,348,895,548,235,545,956,78,806,830,104,284,687,311,451,864,839,954,855,280,929,510,263,93,269,574,143,500,189,475,478,568,552,675,325,688,853,336,476,465,745,726,914,0,545,388,297,453,454,803,84,640,315,524,335,374,120,932,795,992,586,665,661,327,573,616,890,516,9,472,132,761,886,848,780,985,869,454,487,428,175,851,894,84,151,266,340,601,258,998,502,901,526,659,970,780,732,726,334,357,519,283,51,890,485,592,351,446,871,122,474,784,452,463,459,39,770,223,514,43,656,233,681,167,228,842,725,565,283,325,529,525,746,357,64,993,383,150,866,318,8,779,533,269,115,680,797,301,437,533,560,156,796,774,450,559,129,256,62,756,210,220,247,372,8,516,511,512,564,903,947,407,290,505,804,127,717,586,53,353,573,730,185,800,979,515,359,513,217,822,467,691,266,128,757,250,405,423,114,212,240,798,294,51,540,348,625,768,333,101,645,118,620,467,249,117,857,827,300,403,693,453,369,231,425,434,349,532,917,93,522,786,465,638,510,835,584,737,403,545,231,112,757,875,147,327,207,296,360,183,857,956,74,720,811,844,706,340,829,17,548,312,584,428,119,841,961,502,753,69,428,496,966,449,269,280,348,203,452,667,230,607,405,178,719,911,494,116,140,748,73,412,695,992,937,48,207,732,129,464,542,621,699,145,920,924,21,128,136,40,955,71,840,481,389,792,601,781,474,920,403,762,33,784,338,949,398,13,880,589,215,196,523,264,350,920,25,273,796,434,944,900,478,355,211,344,786,566,977,581,738,817,678,430,728,655,678,611,396,886,646,969,438,385,842,947,38,363,447,847,52,49,890,145,733,249,451,461,674,872,600,776,578,374,208,837,354,4,559,478,402,757,446,289,267,689,544,360,928,899,896,325,476,15,26,521,199,710,724,7,332,828,407,713,680,7,498,827,518,474,821,463,270,244,672,331,493,912,242,234,953,801,27,835,246,352,520,718,673,37,586,864,789,903,365,437,925,646,914,509,930,414,93,544,908,435,416,509,956,118,941,562
442,703,472,904,829,550,830,332,133,456,24,674,32,757,576,173,188,858,108,236,417,518,294,640,570,237,748,42,797,595,878,166,787,361,138,848,62,213,203,235,975,69,653,492,648,775,443,137,835,34,119,482,331,357,614,645,802,718,951,268,638,974,33,944,441,532,481,70,501,364,246,222,62,479,700,192,239,172,172,421,375,726,25,452,601,565,592,555,436,35,164,746,279,777,927,159,276,694,655,793,203,885,133,874,838,195,279,483,325,779,831,15,307,23,272,872,347,611,330,445,831,451,895,282,922,238,230,295,655,201,112,623,706,636,146,44,0,942,716,841,309,913,925,464,755,963,605,819,482,394,321,836,490,455,869,721,632,732,687,869,954,890,512,881,953,822,922,380,892,145,818,210,819,54,569,704,631,167,658,825,771,960,260,500,756,371,785,649,182,287,983,818,793,386,695,55,82,436,823,899,437,757,272,990,855,899,381,378,117,609,839,660,270,411,279,681,349,353,53,383,1,935,550,583,783,265,131,932,506,161,144,396,805,379,629,743,521,574,912,759,884,79,566,673,844,740,905,119,529,881,373,201,718,962,477,96,481,0,885,558,720,945,578,502,467,525,345,774,834,803,187,961,207,410,673,332,784,310,20,592,646,383,405,951,85,253,788,268,341,379,318,287,79,954,630,426,766,524,560,966,983,914,937,291,726,938,406,326,231,598,177,569,511,182,778,376,641,527,46,304,838,764,104,905,992,876,373,853,857,195,683,5,778,189,503,136,421,178,823,195,174,764,858,663,141,567,863,885,849,804,329,18,535,35,934,285,467,732,426,812,626,863,701,377,793,853,160,378,559,326,587,254,624,548,281,858,98,520,96,900,137,148,432,178,321,80,177,878,794,809,594,432,295,43,334,258,733,215,103,33,361,802,929,88,139,635,468,752,17,442,288,208,78,902,620,156,521,510,597,839,262,63,698,193,144,949,849,756,744,971,412,247,1000,916,837,154,732,934,322,129,139,155,287,735,148,15,968,580,836,776,767,416,489,57,723,440,602,500,153,977,939,721,156,482,245,299,106,133,857,237,245,629,820,694,479,584,526,20,316,666,112,701,566,262,733,31,767,290,413,955,260,883,642,604,338,695,574,765,497,34
402,734,423,763,147,423,854,206,737,114,44,539,750,234,2,661,615,203,262,584,676,2,435,420,992,572,71,311,681,851,388,915,612,770,351,972,75,363,626,633,758,547,47,837,987,443,949,26,305,361,679,373,61,419,402,363,925,490,343,169,501,492,551,542,790,895,470,276,141,578,338,70,124,953,115,586,130,886,201,941,378,195,22,248,740,453,665,527,545,387,925,136,885,143,322,332,620,278,590,762,64,305,562,797,856,366,823,691,984,143,439,7,23,412,261,421,26,336,748,599,813,454,846,630,125,980,90,271,435,469,755,57,795,676,188,375,128,912,170,576,332,176,355,743,895,415,887,960,585,616,275,28,333,775,536,142,205,163,187,768,780,931,724,848,790,806,149,592,462,20,164,117,23,888,939,202,717,560,12,39,750,366,777,522,838,468,677,48,967,230,346,354,88,684,615,505,806,339,38,305,380,116,305,681,868,934,789,71,67,922,818,464,762,409,813,376,873,689,949,90,858,980,672,634,815,862,955,143,936,745,491,250,276,917,661,825,506,587,460,821,949,608,348,447,484,858,999,420,483,314,714,645,122,529,403,370,602,385,911,982,951,461,810,470,801,472,992,569,351,372,219,827,674,201,47,951,947,225,721,450,15,436,3,663,388,926,268,829,796,245,523,270,597,421,12,6,116,108,915,61,270,977,432,883,647,942,259,751,550,370,529,382,127,911,354,381,120,835,920,475,934,561,118,355,191,392,576,824,856,81,525,166,748,823,916,531,273,775,913,268,316,459,967,417,157,256,790,412,946,945,936,870,713,366,322,89,812,929,109,676,653,775,6,203,963,687,105,792,731,754,68,991,662,323,32,595,359,45,935,592,454,158,287,385,408,616,528,158,171,57,569,124,119,180,235,576,937,869,266,391,83,854,81,469,684,796,398,790,401,472,90,384,58,226,890,129,268,30,868,378,486,228,85,511,370,197,308,266,527,784,146,879,373,601,69,594,972,233,15,229,666,127,18,516,161,408,791,622,520,684,728,166,628,572,808,103,770,444,756,467,966,136,605,864,609,490,827,857,772,717,865,590,128,481,552,718,81,704,153,235,434,863,718,730,956,582,171,58,544,339,629,562,930,553,282,262,868,457,971,430
344,710,519,93,407,357,957,746,856,947,915,131,558,256,245,388,707,686,454,769,416,152,899,468,139,367,320,428,462,407,484,591,325,284,824,223,157,849,581,620,489,167,670,217,647,326,926,185,80,341,250,468,192,971,732,473,85,387,872,993,734,670,947,975,234,920,291,894,193,833,831,352,203,783,180,577,975,476,238,552,920,26,168,322,932,339,107,979,844,790,808,504,378,31,917,958,984,229,637,163,876,966,153,368,883,708,310,57,885,550,42,197,106,256,676,942,669,783,492,550,606,756,284,796,102,712,919,239,514,123,130,244,850,761,449,14,80,940,152,539,606,956,920,468,568,188,253,896,144,743,754,882,35,294,1,223,444,242,995,764,863,100,752,602,646,711,644,588,135,670,566,387,618,368,849,242,126,721,896,953,791,971,247,290,296,294,942,144,706,847,116,911,973,865,224,214,194,426,223,957,673,678,591,619,513,133,572,840,702,927,665,824,317,192,578,736,729,548,238,227,155,956,845,354,795,725,251,396,409,398,816,253,518,316,253,684,408,695,19,511,25,491,899,550,82,261,968,458,734,293,982,57,149,917,715,397,533,477,672,514,467,572,349,157,399,544,513,364,300,92,910,103,90,325,694,70,660,489,54,552,184,493,623,924,143,622,358,391,451,948,779,308,930,238,902,133,791,825,271,855,521,768,381,253,374,689,435,565,956,681,186,534,797,623,537,255,464,217,713,319,697,301,688,870,549,179,735,348,9,933,673,358,201,171,778,927,22,447,748,35,991,717,773,909,194,818,150,154,340,280,476,947,509,364,663,285,794,235,716,219,28,557,924,526,427,849,420,599,253,65,516,275,121,859,962,549,845,535,904,211,137,813,139,31,628,72,65,689,176,141,973,607,987,905,924,112,691,994,55,791,325,187,988,831,414,838,459,619,381,722,245,95,793,836,335,143,699,854,815,773,236,669,669,363,138,103,78,731,451,326,568,331,134,158,103,408,990,634,560,68,557,485,18,371,837,139,891,968,568,954,758,948,385,942,571,441,664,148,365,11,684,9,725,184,710,811,906,119,896,177,175,432,191,971,510,79,917,740,872,538,181,22,670,321,613,676,596,634,264,520,776,77,581,353,766,588,450,822,908,700
711,380,8,669,461,603,75,161,843,271,563,529,702,175,473,390,533,443,749,678,811,218,309,183,90,217,423,835,253,210,202,485,710,693,108,187,839,398,749,274,835,308,996,605,367,4,921,841,265,571,407,953,890,867,934,661,275,944,279,779,60,727,443,965,320,777,419,562,790,763,160,52,643,106,431,37,87,727,733,528,730,328,65,566,301,47,558,864,869,473,723,909,722,221,208,872,908,512,41,155,26,738,717,966,544,162,503,272,492,903,969,501,494,351,532,20,288,315,698,174,931,172,296,780,383,659,786,621,560,299,263,610,682,8,803,55,842,311,478,347,100,126,948,42,924,872,131,12,800,548,479,479,385,489,787,98,359,883,884,73,871,82,780,75,318,615,70,54,813,344,542,250,747,352,611,913,442,678,464,970,356,598,106,592,596,81,719,87,599,172,864,516,292,608,55,71,422,650,166,827,985,411,935,981,477,984,882,685,227,84,807,180,653,411,77,695,365,465,393,796,664,980,4,734,366,147,692,691,385,431,460,373,630,813,96,793,376,838,786,988,728,757,18,407,574,984,188,14,37,947,466,290,104,151,486,862,51,130,928,543,916,139,411,893,417,354,802,7,72,566,68,653,468,978,909,418,793,949,755,737,716,998,638,759,557,520,216,959,755,14,954,168,547,406,41,930,341,364,391,662,97,236,782,195,242,256,660,575,891,602,788,208,311,260,216,405,665,451,356,829,292,982,259,950,554,717,887,48,549,722,639,411,651,673,163,182,212,584,327,705,168,358,143,370,608,960,66,183,836,48,515,110,477,442,750,625,968,329,992,0,368,234,619,482,647,887,757,216,155,113,356,704,230,218,19,187,258,724,498,352,453,83,828,689,98,906,877,962,271,672,680,360,770,214,267,227,394,94,813,224,197,245,903,830,834,710,938,481,761,740,505,839,431,998,829,699,859,600,736,990,264,656,443,618,106,409,720,727,673,393,703,711,901,589,796,231,769,663,631,427,20,582,518,218,303,349,481,962,812,574,45,441,982,6,362,545,291,84,970,29,642,775,713,790,891,156,413,332,285,407,442,877,80,853,480,698,51,946,312,312,404,161,542,593,832,7,414,159,767,643,50,21,191,375,927,728,100,111,95,804
74,490,530,690,535,816,138,337,346,707,203,502,340,766,492,612,818,306,906,797,259,137,423,205,804,852,906,246,999,19,256,226,756,199,727,910,447,406,64,133,1000,421,719,91,174,446,902,635,258,176,385,122,240,504,7,239,8,940,16,556,508,972,645,933,5,590,783,672,585,257,908,78,304,782,335,240,568,274,545,368,74,248,407,601,988,748,626,100,175,107,876,161,639,254,768,660,327,997,910,970,677,211,297,607,219,54,221,371,385,651,930,568,297,358,628,969,725,809,921,658,747,762,784,954,676,61,418,518,315,510,281,894,282,897,815,360,267,693,901,739,268,662,442,348,521,53,874,481,674,360,358,603,605,529,433,523,955,862,281,889,563,33,593,913,423,556,912,154,700,351,595,425,580,568,531,6,868,157,308,981,160,972,844,207,698,534,250,966,235,122,530,449,85,149,913,505,387,927,662,449,822,187,937,722,478,828,301,746,529,41,392,801,930,829,662,531,632,985,454,638,610,770,776,867,395,858,625,824,839,96,942,244,76,917,395,503,733,65,678,929,62,411,17,624,127,967,475,948,576,699,66,640,992,318,689,537,320,68,236,148,770,49,468,930,111,993,819,231,925,382,693,591,353,90,226,419,838,198,541,361,922,684,780,199,171,728,47,548,491,507,756,514,123,366,749,579,254,595,181,633,692,34,305,878,380,947,567,484,399,922,531,294,235,276,539,529,296,533,679,183,807,50,306,489,720,55,65,838,24,667,884,415,475,625,135,457,334,991,55,42,886,606,190,300,102,591,249,981,204,937,434,998,267,371,41,453,183,854,521,39,367,434,524,467,717,473,900,811,799,654,524,736,306,952,595,576,226,612,850,526,318,832,871,271,360,946,312,648,660,230,21,945,109,440,184,375,574,956,450,781,2,930,79,33,641,785,87,316,942,471,779,439,819,410,317,284,947,671,436,777,284,741,323,399,157,823,926,361,468,926,431,435,787,995,308,830,100,122,367,30,676,442,95,257,438,306,190,548,215,387,11,242,571,753,709,931,622,172,812,446,995,294,60,638,364,111,804,236,314,955,217,846,205,514,947,224,655,90,374,57,75,762,108,119,853,573,443,388,209,200,242,163,512,905,389,137,513,303,314,179
119,800,563,732,817,432,647,29,196,257,186,708,136,673,70,210,390,576,113,556,732,748,638,323,825,933,605,251,601,603,32,304,612,597,164,354,967,130,25,728,296,243,458,939,273,437,313,883,402,887,703,76,730,800,831,495,796,558,95,488,980,118,234,795,271,244,414,52,147,673,599,50,253,334,551,406,605,110,863,671,143,951,360,111,771,362,114,274,974,677,115,147,975,688,739,697,160,598,846,465,217,883,937,694,973,402,817,147,847,339,879,779,981,357,847,594,780,958,436,649,43,127,554,442,116,607,511,401,876,4,277,820,769,996,5,466,504,656,250,198,901,396,838,151,43,614,856,453,301,247,648,190,89,520,342,559,328,309,105,331,577,657,316,320,542,101,387,716,258,793,767,243,575,482,626,862,302,581,733,944,842,314,455,352,924,391,735,270,492,704,179,170,533,387,358,634,586,21,72,675,908,187,753,591,162,662,600,171,472,212,519,588,61,950,30,951,405,151,746,413,382,227,417,262,856,296,830,618,891,862,889,414,779,598,384,327,281,21,640,839,605,820,16,100,352,303,83,722,2,259,268,530,179,21,868,144,574,204,226,895,251,938,649,119,533,431,154,248,149,559,881,452,259,185,545,583,184,946,515,997,97,55,181,584,976,272,65,309,518,209,132,459,50,599,435,426,857,220,276,476,998,480,687,707,414,420,15,967,753,272,265,13,40,710,182,517,790,410,848,143,139,812,48,641,782,965,0,780,474,178,990,645,277,630,898,495,259,319,669,410,625,972,651,158,300,902,629,85,157,210,291,857,661,0,538,666,85,441,962,981,98,509,53,231,525,471,41,666,360,279,140,943,14,614,479,564,817,850,302,299,850,916,611,949,512,785,426,379,916,915,562,883,336,974,294,508,659,239,377,151,610,975,926,711,866,580,870,524,315,466,761,729,127,502,865,702,816,554,394,156,609,895,289,397,86,945,97,384,22,694,994,544,938,71,581,227,113,706,729,149,698,819,420,927,374,4,625,932,27,235,824,185,334,159,452,826,465,339,914,980,969,773,890,352,825,136,79,318,770,391,356,214,12,269,760,150,317,35,271,883,936,580,827,886,380,597,175,149,770,635,519,51,119,400,799,25,430,81,772,877
206,123,12,362,778,599,317,472,335,405,299,285,694,858,172,271,602,642,470,401,661,54,443,914,273,748,890,540,779,237,666,233,941,161,5,407,43,800,976,187,590,145,834,946,412,939,94,470,222,21,624,985,419,406,792,381,28,626,80,411,122,438,396,667,302,345,539,712,311,828,296,36,35,847,599,345,525,438,553,798,64,479,106,191,285,402,94,798,432,707,510,671,792,371,173,622,176,403,598,378,941,481,925,60,682,535,536,542,387,605,309,593,756,465,958,646,412,78,105,317,300,891,462,121,946,538,203,765,346,717,800,397,80,739,427,416,899,189,266,600,742,417,192,381,524,607,497,998,726,199,956,521,50,647,793,303,211,773,131,959,455,810,994,373,322,783,91,695,88,75,908,442,277,402,912,381,196,313,644,863,326,741,272,72,637,151,400,705,404,288,11,512,535,663,852,455,723,223,947,854,394,286,280,177,601,990,967,889,961,903,59,915,451,128,208,681,817,405,544,210,244,656,274,113,917,378,858,174,111,449,230,542,89,689,382,65,783,487,549,745,56,297,154,457,777,127,400,921,198,41,217,983,229,792,975,870,496,174,772,735,527,831,702,544,188,200,773,793,268,565,268,166,134,633,669,677,268,620,466,426,789,765,780,470,113,236,393,593,129,669,208,471,177,716,785,938,828,82,580,876,740,951,401,459,438,885,760,630,804,970,431,35,184,502,431,175,76,63,734,614,291,852,506,908,923,540,738,858,838,773,661,413,363,501,664,878,613,250,278,316,601,485,837,258,955,156,352,820,257,26,243,959,758,805,180,951,679,804,793,998,842,156,639,311,176,775,373,300,419,818,628,39,261,503,315,656,322,819,938,897,296,333,848,70,630,785,105,628,925,614,87,757,12,792,262,750,264,663,992,703,91,165,697,162,484,45,313,715,903,780,749,658,456,638,177,510,844,6,235,157,721,179,1000,955,717,799,414,735,598,992,154,346,7,947,543,305,177,81,949,607,396,585,749,984,478,260,376,33,352,932,197,439,673,229,540,751,717,221,657,350,752,1000,155,76,697,759,76,78,108,872,544,679,432,967,525,319,118,600,63,593,420,581,589,921,669,936,277,178,242,989,312,9,345,876,148,698,347,122,573,93
10,196,671,821,979,886,390,951,318,458,1,530,336,168,34,755,156,170,669,162,288,363,910,229,526,177,790,859,212,223,916,115,750,83,185,161,840,109,48,650,996,745,844,978,221,786,782,157,350,61,234,29,207,747,846,118,1000,248,732,181,98,140,648,177,912,760,536,356,220,671,411,797,2,91,455,381,948,728,786,784,601,647,691,56,453,984,291,545,296,484,797,629,267,834,803,160,96,638,855,405,705,164,307,794,236,568,562,473,886,928,134,243,429,551,805,453,915,725,602,583,536,713,821,825,86,544,710,444,98,341,943,549,436,983,100,35,915,983,838,162,103,74,97,508,141,53,690,187,275,687,558,672,712,219,744,158,873,2,726,459,370,205,728,699,396,214,89,528,935,847,879,106,700,241,663,545,69,965,52,421,951,115,341,996,317,666,701,450,906,194,191,276,875,444,106,827,729,103,501,562,178,497,654,400,886,321,741,515,554,293,404,704,418,660,636,271,691,829,641,389,163,195,904,499,182,529,897,818,362,769,979,506,666,1000,206,800,617,322,93,686,799,800,134,527,347,210,604,718,958,629,686,986,601,715,356,131,204,56,708,239,491,1000,301,482,573,862,934,839,824,608,483,291,462,57,815,14,251,381,229,716,425,269,975,673,228,339,762,795,539,233,468,488,867,512,347,19,691,659,679,445,500,672,102,909,108,36,305,11,130,791,896,459,31,289,980,500,104,579,268,695,40,165,646,308,851,930,392,793,178,663,894,950,658,225,570,489,858,175,158,573,835,946,160,1,975,980,618,39,143,221,338,134,212,553,733,135,742,454,86,302,447,531,888,190,506,684,558,282,866,532,651,5,421,591,425,40,249,669,636,204,564,942,980,249,112,449,945,394,127,780,778,934,99,463,651,425,295,483,40,886,360,256,652,873,155,361,0,789,781,122,432,510,975,615,390,215,392,403,717,871,905,736,998,92,654,188,880,183,550,628,535,9,369,158,463,687,275,248,492,429,659,844,767,551,189,980,638,996,628,5,500,179,249,216,246,613,317,703,916,815,182,603,287,353,428,855,89,340,433,282,62,397,633,719,832,495,45,36,492,916,223,902,985,389,707,556,553,291,208,685,151,833,266,802,964,566,116,23,409,474
43,407,269,59,495,601,35,542,285,337,58,715,179,501,287,29,14,982,714,730,594,416,751,611,127,813,733,496,75,594,231,535,595,191,147,389,252,930,967,289,749,155,283,447,193,131,79,786,32,675,42,329,563,780,726,856,456,263,800,564,716,818,299,68,66,782,775,964,532,328,513,835,810,354,897,500,55,511,393,608,104,738,374,421,152,83,425,413,46,814,885,343,474,550,979,385,838,417,117,922,936,189,714,903,385,555,406,21,504,748,702,621,480,782,922,68,270,436,7,839,65,541,989,641,233,275,707,114,661,660,241,996,100,111,204,549,748,556,895,937,834,809,507,793,249,470,580,870,321,133,990,30,216,572,578,786,231,659,778,744,843,884,393,600,712,527,836,312,535,465,824,241,772,533,967,422,636,368,538,754,324,774,822,772,252,161,692,241,592,662,330,325,855,87,98,782,160,465,7,485,806,106,241,231,22,421,958,503,739,941,951,485,924,83,866,762,838,957,677,655,926,823,148,457,15,300,825,923,473,45,867,664,468,327,648,914,720,513,718,532,294,328,797,97,220,969,330,358,196,764,228,476,428,148,332,746,725,631,220,870,718,374,875,239,53,140,706,897,196,835,75,258,851,89,791,480,300,204,221,519,10,361,130,154,115,921,729,919,461,33,947,330,621,23,541,80,713,625,530,613,700,848,977,555,751,903,269,846,437,102,589,860,668,838,912,274,687,519,1,984,295,997,632,480,267,319,875,782,208,240,336,399,659,914,475,69,400,694,944,700,323,77,139,379,27,178,42,689,579,574,678,644,442,646,197,212,61,724,648,90,18,976,784,618,960,354,293,642,489,841,858,587,7,44,76,457,9,751,997,390,942,369,32,631,472,394,178,727,513,779,590,741,769,688,76,449,740,128,940,645,596,162,61,128,187,142,372,537,77,812,722,861,300,643,281,757,102,868,216,555,974,356,535,514,567,23,547,543,367,357,99,702,842,565,326,57,363,925,428,943,355,995,581,861,7,357,865,681,903,41,891,415,69,155,764,819,604,878,403,97,419,86,347,359,146,883,265,173,749,621,900,666,519,763,764,923,752,702,268,965,932,408,206,429,937,588,658,54,946,295,700,76,484,695,106,1000,283,399,217,596
346,36,195,670,182,813,869,383,529,657,574,392,276,703,963,848,882,997,567,819,556,778,209,669,873,211,169,707,92,843,697,99,438,584,405,85,171,91,879,511,415,620,591,84,895,990,686,148,908,52,164,467,388,117,103,176,939,595,582,33,939,946,435,298,974,52,454,332,29,7,272,773,260,256,739,751,643,254,313,631,891,269,934,83,295,530,650,962,707,431,864,17,981,702,311,598,984,659,583,429,196,167,472,87,311,347,697,707,600,917,482,360,915,571,689,121,756,477,780,374,445,331,535,344,507,87,498,685,230,781,87,89,108,686,112,95,210,210,446,530,729,356,403,507,9,205,380,868,506,803,360,146,105,175,927,909,741,510,424,662,554,583,275,692,221,815,668,818,959,321,161,693,378,265,581,738,291,818,455,513,259,313,790,20,113,171,381,620,553,386,501,264,799,147,761,595,882,254,294,357,784,633,183,989,411,286,286,547,218,138,219,978,460,703,400,471,643,125,920,815,9,920,892,234,298,434,410,644,772,135,387,191,133,475,470,592,243,782,131,423,519,390,380,347,925,987,162,143,347,593,300,747,516,904,559,134,871,213,537,76,942,674,893,9,709,648,102,959,543,11,912,819,418,190,224,123,249,420,333,806,30,670,327,472,292,673,857,350,52,538,485,599,936,527,289,517,147,46,882,866,926,682,173,779,150,136,877,30,790,501,830,956,796,506,474,79,484,979,369,574,733,414,314,528,882,705,338,732,911,83,808,273,997,559,982,522,976,522,487,160,599,734,689,818,548,45,65,398,484,629,975,745,571,433,572,854,768,2,397,314,974,443,221,372,925,384,500,3,845,139,802,281,976,596,491,552,836,536,924,36,322,373,791,287,338,584,755,759,118,781,433,905,479,464,646,750,717,741,967,14,410,974,561,838,273,760,935,836,750,246,380,163,400,77,746,896,668,19,618,312,454,573,138,55,812,714,772,201,851,475,120,558,483,345,937,571,172,941,542,990,875,381,24,80,626,169,508,958,679,815,369,813,616,746,679,743,674,42,471,122,743,2,706,639,754,541,357,451,736,329,208,347,571,362,813,13,812,245,692,857,537,159,119,91,839,962,917,518,529,538,394,136,233,215,983,704,139,176,246,875
869,557,400,550,153,594,392,979,400,361,81,208,593,100,127,456,443,798,687,771,121,20,881,350,460,598,132,233,141,104,955,195,965,149,490,507,285,56,753,550,859,244,182,7,915,408,83,660,270,759,987,534,436,322,23,38,423,291,964,989,25,232,944,347,206,249,419,397,317,468,265,402,28,679,34,374,54,672,373,133,226,530,94,957,182,201,514,504,573,664,896,915,227,18,383,857,202,212,724,551,266,92,595,306,901,152,888,986,52,482,546,88,826,216,303,915,796,892,406,620,791,428,211,35,726,937,711,554,392,595,588,825,435,536,432,975,970,670,803,199,381,259,474,65,599,80,935,215,686,627,641,914,377,15,187,191,48,346,387,992,325,600,394,689,380,929,242,498,757,520,848,754,776,69,610,44,428,394,943,736,199,148,713,918,610,237,512,142,18,838,169,279,882,62,401,27,727,326,804,171,695,331,795,754,158,312,103,797,341,857,633,140,547,647,777,779,958,796,234,41,790,258,296,814,368,401,38,889,914,195,161,222,497,923,564,433,619,793,986,797,355,891,881,712,186,982,74,425,708,127,688,599,691,717,123,603,44,119,327,170,822,873,995,52,842,595,666,188,424,219,139,567,488,695,738,212,831,754,236,392,960,508,846,125,7,414,913,123,342,402,356,2,184,395,506,162,439,642,259,378,864,470,323,356,919,104,565,197,117,221,61,951,338,115,707,795,900,766,866,329,917,20,966,52,290,174,215,291,924,792,157,894,593,766,492,433,423,725,91,564,547,367,649,263,337,237,263,771,434,46,947,131,954,36,871,323,210,1,477,181,19,190,441,300,777,430,161,710,488,479,977,857,273,34,9,234,78,533,903,897,808,227,164,290,621,800,417,451,769,169,626,66,685,256,316,870,134,51,606,713,412,311,962,465,362,587,9,936,492,890,265,975,267,488,345,304,196,335,901,893,410,939,870,461,965,619,5,697,581,248,330,411,569,333,370,779,906,501,125,791,614,853,225,120,733,324,87,882,476,387,45,576,894,805,450,290,149,846,949,656,705,569,132,823,669,907,544,763,969,572,31,894,32,1000,702,30,769,866,409,994,727,820,697,245,701,805,650,432,669,34,404,118,518,191,471,337,961,186,234,473
784,393,772,348,514,652,66,102,717,391,659,431,293,494,846,884,286,482,255,272,331,956,732,27,951,985,774,763,808,532,258,336,380,491,185,503,329,468,63,416,380,677,966,609,229,895,849,989,888,452,654,727,301,78,599,748,475,480,121,53,780,220,211,101,935,941,214,306,560,628,225,971,959,33,901,603,43,293,562,143,826,781,482,33,376,34,612,847,15,542,189,319,539,994,514,361,729,91,135,364,43,473,524,467,667,632,20,514,844,429,351,635,728,13,884,28,369,626,657,809,63,455,326,138,16,779,562,919,458,285,752,611,900,803,117,583,421,650,611,415,843,603,350,330,26,882,259,284,645,76,626,502,752,597,229,397,805,676,837,619,621,891,921,667,316,76,937,346,592,374,685,465,894,873,252,396,76,995,744,130,238,819,402,9,638,365,324,875,241,41,61,742,117,308,88,523,943,868,680,154,575,275,911,99,187,149,794,296,710,795,324,213,861,510,936,70,242,413,801,689,903,139,140,346,214,704,606,461,361,769,147,347,814,748,195,331,492,755,674,993,735,878,674,676,335,232,518,444,848,309,777,66,909,977,744,708,355,702,304,312,369,320,147,845,207,472,174,286,484,283,944,500,263,250,657,51,789,1,63,262,358,105,423,53,969,827,789,66,969,968,550,288,608,87,504,274,821,553,71,124,150,52,409,783,815,192,945,635,119,671,192,348,947,784,515,12,546,322,458,73,198,754,120,441,784,674,727,498,763,262,815,34,791,864,698,117,426,511,82,205,45,896,676,860,113,644,391,812,904,554,540,628,619,343,469,493,264,330,156,888,917,410,213,659,867,576,679,220,730,157,653,676,32,713,863,269,273,206,74,840,843,80,673,134,356,497,132,917,132,970,451,909,438,947,53,121,931,225,251,380,677,74,107,259,146,469,319,912,532,919,544,613,734,183,198,182,167,506,743,551,363,445,301,739,961,34,184,725,11,391,10,376,847,751,872,40,80,492,145,248,414,651,849,924,259,620,731,106,815,66,465,644,287,371,332,639,501,434,756,312,165,684,210,799,663,667,900,792,514,698,577,660,656,46,537,621,832,280,857,575,430,869,22,617,564,369,647,632,593,458,205,868,907,310,291,332,248,785,574,499
338,334,16,717,739,312,680,292,976,837,692,427,515,145,564,75,458,909,326,936,45,907,692,684,81,662,139,497,275,480,614,374,278,48,134,235,968,652,36,192,879,139,407,354,824,337,786,968,388,30,620,5,863,351,842,484,568,743,844,564,894,40,72,558,5,638,732,879,946,921,431,981,960,821,636,460,242,468,122,32,740,939,792,839,183,930,438,720,130,907,308,322,937,101,449,990,525,592,552,744,383,624,650,883,488,725,314,683,738,760,625,254,589,715,152,711,430,584,533,364,64,583,555,415,0,213,793,741,678,815,358,452,411,56,122,720,704,352,914,894,875,445,737,677,216,928,3,159,53,938,145,834,527,831,289,120,203,295,804,226,836,311,764,647,311,120,564,890,320,456,668,691,18,864,940,51,253,416,918,931,704,57,268,923,540,61,804,519,53,208,907,227,55,92,484,492,677,70,232,700,890,859,396,29,297,948,97,607,441,493,946,904,57,858,481,766,22,145,48,979,572,295,583,784,619,59,700,400,608,275,221,554,968,702,417,431,975,48,396,431,66,956,371,203,985,98,366,154,53,779,308,84,811,543,715,864,72,76,562,576,838,179,919,139,88,67,426,447,215,194,211,245,302,114,282,188,509,779,242,557,793,477,190,889,514,733,251,582,743,839,887,266,36,657,543,79,166,477,945,918,618,852,194,395,650,770,126,863,977,904,375,666,645,262,306,375,712,45,99,14,684,599,341,930,606,973,262,309,312,458,559,943,774,644,116,202,815,132,904,173,621,224,300,458,695,454,649,739,332,229,393,960,14,13,569,763,709,663,668,761,238,541,514,185,524,765,640,818,269,894,401,583,656,670,730,81,747,509,184,855,498,229,333,784,777,878,559,58,663,920,778,937,945,278,35,996,918,144,917,455,747,711,793,771,754,366,248,51,714,110,368,834,333,710,528,207,856,995,335,447,310,126,225,944,997,669,561,229,778,947,742,794,465,760,977,80,251,875,447,696,717,658,339,704,275,124,546,996,744,601,183,712,774,789,131,240,602,76,802,396,547,467,667,728,66,100,771,432,604,708,35,552,873,620,312,297,355,972,204,111,930,188,259,566,794,482,438,809,108,771,219,864,175,772,918,300,354,515,224,969
160,864,978,392,625,110,19,659,457,11,41,845,830,770,955,967,249,734,9,821,832,879,994,430,427,101,687,344,567,240,763,635,859,756,72,787,196,538,162,307,463,882,544,858,511,115,820,71,567,171,442,53,537,918,762,838,913,428,267,32,179,724,442,289,825,707,674,966,342,645,797,99,139,872,37,688,687,85,590,307,744,952,534,738,838,168,621,549,281,296,86,329,920,957,204,469,970,620,336,866,352,866,196,596,568,593,672,422,247,187,979,708,283,138,959,458,615,95,286,155,115,946,71,491,678,245,48,882,382,161,840,915,281,507,991,895,286,840,694,58,672,509,360,702,757,204,701,768,297,803,754,276,745,242,807,470,40,966,219,541,558,799,271,511,911,673,805,800,783,35,588,221,541,8,670,830,606,68,516,11,655,898,862,959,256,648,27,301,115,501,159,259,816,604,224,758,98,470,333,928,805,964,229,846,921,907,58,754,290,886,479,180,834,466,889,992,532,764,969,781,668,695,255,660,151,161,247,459,375,340,572,878,117,889,319,884,630,716,967,463,713,610,251,511,624,797,814,135,892,942,42,805,474,330,320,587,604,422,913,812,474,933,978,127,75,462,366,699,653,743,512,769,927,578,121,935,792,240,350,93,662,997,802,949,184,636,45,660,999,791,701,284,568,128,201,813,112,96,715,247,148,640,667,10,369,838,623,240,110,720,663,475,338,880,677,310,939,833,192,78,2,81,496,642,526,206,338,210,107,355,143,83,166,850,346,539,257,823,530,49,166,102,906,38,390,408,568,516,968,211,721,211,139,214,961,719,896,451,93,572,950,17,115,953,112,709,642,208,176,553,708,611,361,776,23,565,448,444,200,220,982,809,191,701,553,903,532,191,807,705,550,513,643,621,791,58,983,973,469,326,538,226,104,504,328,903,216,312,505,166,368,162,274,200,919,80,115,972,598,669,754,739,660,355,111,99,340,880,488,566,885,344,568,389,43,747,916,617,221,329,137,744,346,497,793,138,19,837,348,603,885,835,633,317,378,760,144,908,117,588,400,819,222,213,683,271,64,247,153,647,746,388,685,473,728,455,366,859,397,915,825,92,38,483,654,61,776,446,977,678,883,655,8,433,188,281,752,982,334,650
246,953,383,132,998,82,449,908,865,716,68,743,535,821,879,133,511,125,540,994,920,973,225,137,232,737,890,11,630,638,878,987,464,952,840,661,237,844,89,103,500,702,427,930,315,270,503,511,223,676,105,44,629,961,715,234,217,3,457,483,701,564,224,916,995,57,874,338,964,838,65,86,829,382,226,899,828,969,49,157,868,432,996,607,8,846,943,431,246,267,404,297,657,454,56,228,289,123,353,804,97,287,274,316,233,733,428,239,101,27,246,864,163,938,704,486,738,609,175,324,41,813,588,603,509,541,652,643,719,324,429,59,736,412,424,277,526,755,37,359,320,725,453,325,981,611,519,152,897,9,135,564,771,202,630,816,914,880,580,549,727,7,151,495,153,605,539,821,858,355,895,388,464,702,198,38,773,605,789,840,153,187,4,520,556,549,235,25,298,62,227,334,24,604,610,471,582,868,648,669,505,316,256,226,795,806,206,427,68,482,326,958,559,186,495,976,949,599,597,247,219,980,291,26,271,716,524,282,145,601,180,998,845,347,704,816,905,626,872,308,698,763,850,561,979,329,445,432,354,415,71,553,413,166,362,347,89,812,402,669,811,921,659,771,664,690,719,870,998,422,532,118,87,322,316,548,963,677,932,768,609,130,75,878,198,913,809,767,992,151,726,159,984,218,837,522,9,204,939,387,13,236,183,460,390,912,965,447,769,759,626,415,786,175,702,534,232,885,541,458,213,664,467,209,60,66,679,606,436,454,125,476,929,5,80,486,808,9,232,770,644,165,2,157,856,306,81,367,388,364,729,917,379,781,178,527,362,485,63,868,736,891,752,399,385,834,513,940,260,951,264,510,893,171,481,812,815,54,85,0,631,110,996,493,861,408,373,278,943,116,832,435,903,502,460,954,947,671,953,728,718,14,341,977,362,574,857,291,321,333,431,524,291,99,924,544,185,544,961,180,590,562,178,279,485,669,31,267,220,836,481,724,641,380,242,413,427,238,925,342,593,226,402,619,727,151,520,476,89,530,135,540,435,704,227,962,897,874,661,249,332,866,475,922,796,75,371,827,649,572,489,496,906,804,707,171,750,973,127,782,363,872,897,49,743,879,211,388,45,428,716,782,410,959,719,369,377,266,627,100
719,626,954,485,24,244,366,410,538,329,358,595,683,956,456,182,240,915,238,117,79,882,360,157,40,679,808,212,163,642,679,192,765,655,427,528,705,823,539,1000,801,79,45,171,25,444,62,182,34,993,186,937,86,426,914,854,573,4,372,450,931,844,7,403,652,775,302,838,858,61,280,107,86,850,178,53,343,933,664,637,434,180,577,465,136,941,290,495,643,55,802,938,970,189,491,388,607,327,645,916,399,328,330,919,654,629,896,732,658,851,186,542,930,349,240,707,57,193,421,908,264,727,673,548,68,707,362,342,160,92,626,989,858,732,177,912,96,284,21,867,737,882,109,525,803,608,701,337,456,7,306,674,788,978,115,427,328,613,708,999,387,607,103,431,103,799,556,301,579,661,231,768,839,454,474,603,451,599,629,644,290,282,483,892,992,811,366,391,872,885,559,817,142,122,177,387,378,804,791,214,741,105,778,238,727,753,425,715,538,176,31,84,155,438,816,767,948,309,187,714,955,503,790,621,275,253,788,886,873,965,842,355,193,743,171,717,589,497,983,824,394,10,436,223,514,882,540,210,981,586,93,970,195,861,73,782,80,65,820,13,950,518,167,116,633,583,200,21,12,783,506,502,679,253,775,79,884,750,245,153,261,971,524,281,797,43,752,837,557,124,225,196,999,379,611,709,561,366,948,562,392,13,868,243,222,502,780,674,905,476,439,102,719,946,926,487,137,584,519,483,791,24,36,254,281,344,789,623,981,530,187,438,220,898,67,679,407,14,514,804,869,217,21,925,218,271,670,982,224,39,313,308,28,396,333,244,70,996,479,532,13,584,759,568,319,869,747,114,523,459,347,188,794,46,482,620,748,973,177,412,570,51,884,230,835,622,532,142,869,179,822,544,965,693,604,231,121,930,177,815,296,270,35,511,401,165,943,307,36,946,197,755,251,725,83,867,957,923,7,378,777,778,482,166,389,189,499,435,84,601,726,258,552,637,181,904,318,511,818,539,529,631,149,697,180,373,962,921,514,748,49,302,383,134,614,206,333,554,806,516,334,816,179,222,95,44,19,242,642,152,220,753,692,741,664,356,582,706,343,204,8,904,446,385,304,690,897,125,671,586,542,489,489,910,903,51,444,590,898,742
694,23,636,527,685,770,358,398,663,406,919,757,509,905,195,998,525,996,871,861,598,473,845,220,364,292,181,152,132,357,269,417,637,484,605,591,44,642,850,572,274,809,505,615,764,584,90,45,134,285,294,117,299,597,747,857,716,38,267,978,384,316,96,960,524,309,885,717,690,508,294,522,639,984,261,309,965,679,379,763,913,520,696,90,64,826,843,127,277,809,315,679,629,305,171,266,84,879,18,484,955,275,560,897,636,295,537,965,653,325,413,914,696,266,923,921,564,104,771,923,836,171,198,513,391,40,662,70,313,318,106,645,328,251,485,659,135,881,3,89,721,593,910,16,437,48,546,742,529,438,688,85,196,408,947,661,167,23,521,339,76,691,866,871,924,638,926,283,322,621,285,638,883,94,254,374,196,985,496,902,243,549,651,754,144,944,615,255,11,381,123,223,274,612,770,125,884,389,117,701,455,869,380,959,654,78,810,192,513,775,173,787,494,69,172,977,719,157,251,231,504,382,395,321,939,850,870,778,503,203,799,254,1,449,923,762,30,476,820,873,243,617,712,941,15,368,902,997,653,857,841,796,582,644,701,963,699,836,946,903,501,361,312,254,262,322,65,383,677,521,814,206,683,50,494,581,817,146,650,983,704,404,618,194,12,24,915,895,391,753,666,525,530,803,78,890,202,731,647,158,337,819,428,59,519,689,101,290,108,464,160,202,818,788,680,432,700,925,216,508,60,183,416,929,562,759,896,379,15,115,994,30,860,699,242,8,906,228,126,350,600,254,283,40,522,192,674,406,464,418,606,430,480,37,892,98,648,648,785,599,53,164,507,144,312,59,898,728,109,709,468,245,764,598,88,240,266,122,692,349,284,210,776,348,76,989,795,574,180,681,241,854,458,924,820,722,111,474,869,93,926,43,42,693,323,506,771,139,472,771,175,221,879,739,614,44,268,27,101,781,158,161,13,777,827,679,880,645,890,79,529,276,134,429,452,145,334,881,461,914,509,401,147,794,416,214,539,531,106,35,252,359,130,30,894,32,530,597,336,828,816,762,328,177,391,93,878,755,703,534,369,613,366,117,391,141,722,499,898,800,578,99,646,945,819,684,320,484,279,801,460,617,300,93,771,892,508,159,494,101
12,713,753,157,77,311,879,325,909,151,457,646,306,984,399,243,624,927,95,302,383,975,339,666,183,955,85,80,625,54,67,64,759,20,558,77,797,378,302,888,383,318,777,578,865,275,514,648,431,286,599,135,213,962,386,736,733,618,371,729,186,135,548,300,666,689,454,463,459,928,695,716,813,515,952,280,165,223,400,305,397,653,627,523,526,228,155,500,965,895,901,526,995,926,122,999,582,614,426,358,158,197,47,539,204,334,44,862,617,888,100,488,676,998,228,508,746,567,521,396,453,565,172,972,660,222,577,734,345,145,385,42,284,966,277,191,652,488,705,19,690,927,270,574,933,344,72,623,365,962,993,908,463,504,959,348,21,504,180,679,15,800,3,662,475,952,221,497,205,969,375,425,121,398,557,622,837,343,16,628,278,732,255,43,294,477,883,275,781,793,323,406,544,843,864,7,141,880,637,309,682,940,599,765,471,83,382,259,134,225,760,540,887,936,193,97,798,236,663,966,597,217,847,472,918,705,65,490,318,883,822,648,558,868,182,375,321,530,883,384,814,393,502,114,568,493,617,317,347,291,110,957,792,755,933,520,840,631,51,335,203,980,918,479,13,52,408,743,844,10,935,414,611,301,397,468,458,662,967,658,350,200,989,24,322,657,341,209,225,412,714,71,761,493,670,455,264,915,361,780,483,828,377,525,446,395,727,756,64,42,758,910,308,899,756,999,713,158,568,316,118,167,724,114,400,123,506,210,550,821,952,363,964,245,39,209,226,239,195,479,864,307,805,960,474,206,155,453,461,477,687,295,938,411,821,124,960,538,117,963,573,419,127,118,296,255,208,300,643,384,482,427,938,809,604,763,828,956,852,792,270,317,616,43,654,322,785,531,362,146,359,502,178,196,621,58,743,830,711,888,55,588,92,643,910,319,647,856,850,774,216,545,910,865,862,545,407,887,973,941,836,204,794,62,892,252,775,127,30,408,392,81,98,142,779,494,264,899,902,255,465,169,549,759,531,640,275,734,698,709,698,303,506,782,682,877,494,456,843,60,500,722,866,136,388,608,926,36,380,585,170,832,308,670,568,474,354,51,758,968,414,388,786,580,128,791,870,560,678,94,375,43,897,459,340,900,937,928,990,220
366,781,991,511,930,905,289,880,116,921,779,813,265,519,8,224,21,969,379,474,910,379,865,425,183,239,550,665,707,269,542,73,745,399,971,705,197,127,567,781,426,313,579,853,268,891,884,6,267,249,171,581,588,363,947,391,370,945,811,298,877,72,859,740,370,581,990,586,734,604,82,171,906,249,200,790,579,605,763,539,349,509,153,270,14,758,462,941,593,978,592,277,190,209,629,891,18,315,897,755,82,553,833,784,151,140,610,338,833,46,58,505,222,629,699,353,791,577,783,997,579,723,120,142,414,109,614,9,646,356,905,590,800,956,474,556,314,526,635,191,695,562,242,825,97,481,284,200,100,270,239,771,221,913,499,940,495,598,800,163,786,549,792,194,352,197,801,856,590,470,603,561,919,371,586,26,857,867,302,107,478,301,213,358,737,198,725,444,918,657,360,1,997,672,991,22,720,3,848,627,199,839,140,14,767,754,158,279,451,410,683,412,5,366,295,501,41,420,77,698,812,441,396,374,23,786,450,185,798,833,526,819,107,992,998,751,273,427,580,461,431,404,401,913,577,844,411,378,159,874,581,965,189,889,926,483,369,260,298,653,503,36,532,780,477,903,787,67,566,285,240,171,728,376,933,258,969,712,674,850,717,694,807,237,764,299,93,869,631,860,387,938,603,134,227,232,398,87,520,504,122,85,314,604,93,357,899,416,88,657,572,431,110,439,700,522,422,450,726,434,498,668,309,527,634,570,910,886,444,64,552,296,790,448,212,313,79,316,182,7,975,170,567,458,120,885,242,59,939,718,620,171,86,82,916,404,51,481,172,232,73,846,729,131,92,846,95,72,51,852,897,10,759,477,56,655,765,104,538,89,231,151,372,806,361,585,465,818,896,992,95,480,843,759,270,144,105,230,421,724,576,95,35,968,135,920,718,536,820,575,44,129,707,105,858,183,914,294,661,300,137,249,568,713,273,363,612,280,288,497,158,133,334,869,913,175,492,718,557,317,158,713,327,573,511,853,161,569,443,186,364,197,562,656,253,815,631,112,883,606,44,433,299,334,639,607,68,927,167,149,184,232,402,592,506,767,767,507,792,477,714,270,803,281,77,182,396,328,747,276,266,763,730,754,621,661,184,319,383,281
530,111,96,460,497,764,386,952,314,383,650,682,772,62,190,312,622,92,631,977,638,186,967,96,88,428,258,1,114,498,520,557,806,40,420,812,707,81,938,654,131,732,65,855,721,248,192,317,22,949,47,727,761,713,986,958,319,225,549,671,952,661,697,5,286,35,402,923,178,26,106,409,867,459,47,985,858,365,992,253,739,267,505,997,21,839,249,904,135,813,270,336,189,364,878,732,607,208,166,439,184,855,189,383,298,550,681,548,509,694,851,533,987,537,122,789,350,215,846,382,558,953,903,838,491,130,840,48,598,733,30,550,690,742,56,675,532,222,740,857,157,996,291,514,38,66,164,747,648,518,451,738,923,400,634,141,898,337,290,31,773,908,350,646,105,828,990,824,194,953,126,940,47,463,281,508,837,930,755,949,499,782,476,546,866,907,879,842,955,56,727,34,204,501,710,849,255,179,284,624,165,907,920,871,687,165,314,159,787,869,225,279,313,742,301,282,721,13,802,977,884,354,592,996,524,374,725,304,357,124,78,447,98,722,202,89,484,46,868,614,494,34,425,437,961,184,843,630,581,500,757,872,507,362,265,62,641,76,992,797,144,278,539,385,210,583,525,514,99,648,314,685,765,345,150,857,631,267,195,905,585,752,982,30,583,546,840,342,786,988,653,431,47,360,623,779,786,715,509,677,519,668,445,170,218,833,460,599,718,695,997,443,349,346,111,90,785,681,139,613,753,493,218,604,732,604,301,331,798,24,396,512,896,242,599,10,779,280,382,7,411,469,118,247,976,366,906,410,613,169,394,542,92,912,869,137,44,578,253,737,828,320,939,92,165,146,605,529,456,198,214,267,352,771,17,957,945,428,858,527,340,44,409,459,644,83,979,777,373,764,254,799,498,63,925,360,330,872,738,177,95,247,65,780,111,85,264,896,428,370,417,812,785,43,256,185,695,3,756,551,862,776,278,955,78,806,475,734,492,437,266,221,294,188,910,950,759,936,253,391,466,390,592,790,72,560,191,209,492,21,336,97,836,721,527,379,971,597,696,390,557,664,209,258,421,847,599,117,315,57,459,794,3,932,394,774,107,829,459,220,899,6,432,821,168,354,570,202,598,848,344,261,701,287,293,793,966,864,931,550
4,315,598,838,620,938,83,86,203,776,425,41,467,265,999,174,755,115,684,676,468,762,855,689,477,814,428,864,805,863,774,769,567,126,475,152,256,886,29,782,639,79,459,68,483,354,202,318,193,161,962,868,681,546,839,892,262,920,649,245,13,12,413,236,565,788,117,599,499,289,846,7,415,872,178,215,323,411,858,544,666,779,967,269,20,440,287,80,362,711,186,898,476,5,866,893,842,954,70,177,394,336,568,241,276,399,425,138,2,258,652,73,324,598,386,192,443,486,121,566,641,688,557,509,205,690,17,514,63,818,865,258,372,610,984,259,398,241,173,433,248,422,389,727,170,702,114,41,479,398,155,269,435,539,980,504,252,465,607,344,111,836,812,6,548,468,61,77,312,395,145,125,807,748,67,416,222,752,492,261,736,178,873,94,215,977,573,176,244,557,371,356,780,565,817,12,831,557,918,924,526,703,928,473,693,66,39,93,30,520,490,919,501,47,859,435,767,524,441,301,304,883,112,437,154,923,873,499,7,392,796,695,68,345,784,855,669,249,600,576,233,912,232,441,487,402,675,568,840,817,719,299,624,264,87,800,857,406,333,376,129,222,411,744,470,682,992,655,16,107,735,752,666,3,739,834,111,485,48,289,591,328,597,516,968,810,657,599,229,476,514,780,783,681,342,796,562,959,959,390,185,893,629,976,428,871,611,665,59,394,98,897,675,303,897,244,896,597,492,910,236,862,175,280,177,964,179,754,173,17,474,171,616,148,352,574,612,402,761,135,613,735,5,347,570,869,994,213,156,828,731,834,846,0,100,635,21,850,469,130,278,170,692,526,633,704,459,432,170,10,819,866,56,204,618,208,465,896,968,732,483,784,679,365,462,870,511,529,109,621,929,723,563,924,389,237,274,611,532,656,59,791,217,476,575,976,984,343,806,666,819,340,995,59,490,290,288,142,496,454,298,827,30,298,857,844,62,636,159,925,450,48,629,38,974,509,730,527,292,692,548,903,781,488,102,503,589,431,488,594,298,750,536,582,160,112,373,240,72,787,142,161,461,193,912,922,389,880,702,486,129,568,822,533,159,327,858,126,331,185,174,92,875,186,918,193,522,597,355,480,867,899,230,261,534,639,411,1,853,667
938,505,936,930,472,809,367,26,454,725,149,957,694,185,994,681,51,265,545,159,995,302,43,576,509,280,58,851,91,191,867,191,132,591,799,958,469,905,307,471,149,888,455,388,644,154,365,367,248,261,421,281,32,637,184,73,644,483,581,348,926,760,112,208,808,242,598,314,707,286,885,362,810,930,876,556,709,588,730,138,937,781,709,531,626,338,687,582,728,774,942,492,24,889,449,741,880,756,139,748,645,457,487,967,161,223,813,472,824,640,643,147,778,606,911,671,846,355,708,396,484,353,226,722,29,650,811,667,236,623,251,814,826,240,517,726,989,1000,529,279,658,503,666,155,820,151,151,890,352,969,881,183,616,939,134,633,893,49,260,275,659,266,285,882,952,527,602,225,17,477,692,274,324,949,661,375,398,781,826,964,782,575,894,857,236,467,313,260,691,417,501,141,439,248,165,21,361,336,447,524,42,444,757,137,87,214,618,128,674,448,833,538,638,803,79,184,352,121,337,267,453,458,374,243,825,77,249,429,102,944,980,593,347,449,267,322,960,272,941,979,987,920,418,948,255,185,850,401,259,151,825,989,889,376,260,26,559,882,257,637,105,994,712,342,432,289,488,504,592,778,647,931,119,833,504,14,33,171,468,266,321,895,267,60,874,714,219,888,230,6,855,907,479,567,374,45,446,218,804,271,688,314,458,820,866,564,131,244,497,386,202,235,979,301,404,638,812,95,728,195,370,717,382,502,499,186,322,143,26,877,605,170,381,797,852,250,844,610,853,799,745,912,701,614,438,40,190,343,612,136,164,839,973,596,432,524,426,558,809,68,190,698,790,545,557,790,302,22,351,133,424,424,51,252,714,530,718,550,330,656,67,366,143,327,557,339,657,394,574,462,76,87,544,930,313,156,77,622,379,531,278,152,344,24,449,474,910,204,635,287,199,586,562,912,856,906,519,476,871,379,828,773,865,312,25,519,42,949,918,126,657,806,314,511,512,169,592,274,877,961,460,369,314,479,666,825,357,800,865,979,629,935,901,685,12,921,522,716,89,224,411,673,226,351,667,475,239,236,652,615,886,915,230,188,23,64,42,660,654,772,665,822,541,217,680,582,383,448,995,498,204,776,801,441,764,76,666,100,991,302
134,634,680,953,828,603,899,537,538,430,987,782,850,299,581,156,191,706,469,725,34,778,924,601,920,83,53,206,510,529,294,171,388,145,155,289,163,365,249,338,480,941,807,114,541,431,316,510,494,402,947,201,988,293,384,332,614,338,139,701,887,998,359,16,828,299,354,713,646,234,430,797,366,195,183,226,516,304,339,270,964,900,957,460,926,929,572,731,24,594,591,119,231,74,49,607,574,842,630,819,630,63,570,885,313,635,133,210,854,500,872,970,939,266,773,737,962,166,814,496,904,587,503,639,743,252,563,381,875,788,818,836,703,467,290,589,272,321,816,301,485,0,600,847,893,672,136,182,586,508,123,76,884,210,81,762,352,477,662,79,297,670,198,923,944,607,188,176,656,79,431,878,681,825,272,58,397,608,309,761,873,513,992,913,10,726,47,248,986,247,795,984,523,649,309,959,634,458,373,536,473,473,654,687,5,761,359,74,99,715,28,668,226,942,796,375,358,367,965,286,153,880,214,86,406,690,117,459,81,40,746,701,747,735,371,376,90,886,793,227,781,473,775,55,613,788,665,107,676,251,439,904,512,656,962,322,918,383,436,157,882,50,569,121,820,710,702,381,276,84,126,821,778,87,538,227,125,659,888,689,773,574,812,614,212,398,666,654,651,808,165,800,19,358,263,825,976,187,399,614,968,467,864,157,291,388,909,190,296,106,121,269,618,781,600,920,356,246,402,41,17,316,128,659,543,871,692,788,623,955,977,233,570,74,62,498,817,844,331,968,886,642,170,978,915,552,704,243,853,113,35,92,121,696,536,939,252,764,739,353,886,523,817,25,283,260,723,961,992,283,518,379,82,347,492,392,814,26,300,593,244,881,717,841,704,470,942,962,931,699,294,639,538,459,58,706,142,929,465,339,855,399,92,892,834,951,646,26,344,995,77,138,285,871,185,256,352,55,380,357,379,886,627,631,530,848,20,935,208,680,599,331,480,637,90,765,709,11,806,457,642,981,119,168,539,348,353,370,950,899,357,233,348,839,545,130,169,908,264,64,290,291,972,69,335,766,188,46,170,416,529,181,945,849,530,363,349,332,692,471,771,288,276,113,108,423,41,84,301,158,364,22,330,416,370,804,650,22,638,444
407,32,990,354,21,232,152,980,925,824,70,749,942,697,226,651,628,822,174,966,795,371,990,271,988,190,584,351,684,588,126,29,212,729,836,208,326,279,592,415,12,405,617,84,723,939,410,490,419,824,428,670,784,930,910,620,647,627,192,523,109,570,319,935,151,466,548,442,82,257,8,530,758,679,8,117,18,332,651,450,667,880,671,601,329,456,586,330,844,193,886,870,746,273,14,99,946,86,217,548,596,625,363,805,112,85,889,853,40,680,840,957,906,938,971,120,302,667,797,648,270,23,850,891,304,548,546,87,731,867,692,455,212,194,80,727,785,282,309,395,699,58,153,537,761,237,230,464,721,85,86,507,746,542,256,835,629,225,937,634,832,61,295,103,557,8,491,173,977,192,252,141,249,786,421,555,55,18,447,887,818,415,732,899,611,932,311,102,224,549,812,286,668,859,64,505,646,6,528,387,904,968,831,993,726,892,594,278,742,764,535,600,139,293,717,389,885,161,938,134,801,787,345,958,569,871,382,174,924,880,724,745,66,42,747,700,385,937,166,991,645,427,613,298,889,931,465,499,596,620,944,678,640,984,71,222,707,233,619,673,855,171,2,112,578,530,471,360,761,439,833,736,135,516,549,22,631,607,445,384,514,74,598,351,194,563,30,856,180,664,458,203,63,456,316,606,478,686,146,523,16,377,893,43,567,619,959,227,870,476,491,587,969,738,994,344,4,938,845,600,482,937,516,2,348,406,369,897,170,523,642,255,751,467,793,164,815,509,499,40,628,204,8,441,440,113,34,374,354,17,902,371,191,242,404,401,417,572,362,750,969,897,891,833,516,907,551,397,959,645,272,207,905,757,569,732,98,898,941,861,541,187,922,824,51,574,77,445,541,111,437,779,997,495,76,608,240,929,453,231,890,128,973,648,542,107,968,789,960,200,188,376,851,290,609,943,269,744,612,657,393,733,377,712,632,674,835,376,871,576,647,584,463,85,14,489,298,219,360,282,943,580,79,432,772,885,528,958,616,404,702,943,536,315,485,443,928,387,623,294,244,207,409,214,79,984,777,394,550,188,528,135,834,100,632,118,903,449,335,696,661,801,336,393,1000,897,463,763,349,407,852,820,310,675,590,480,566,489,368,665
188,702,394,830,56,533,478,923,488,540,487,72,924,343,704,507,455,468,124,250,405,11,131,224,921,932,420,53,408,618,648,415,245,279,654,250,359,886,808,836,950,184,771,107,657,784,613,409,308,585,712,466,25,875,984,788,585,86,217,566,717,819,914,298,379,465,569,180,266,76,594,923,317,225,436,349,321,830,192,808,766,235,167,517,813,943,231,672,694,883,526,629,798,418,317,352,454,608,895,459,154,40,969,878,863,166,461,714,654,206,150,552,266,727,976,873,598,164,103,493,345,534,181,849,744,539,448,441,810,633,217,555,717,529,826,804,392,850,331,818,135,656,866,240,304,251,64,819,333,252,897,884,878,152,652,854,365,429,66,774,444,319,940,2,522,642,687,576,896,706,601,379,351,637,488,936,956,418,546,564,665,753,124,466,399,839,545,119,751,301,348,684,979,682,408,13,496,793,628,495,460,9,750,90,386,897,928,607,913,803,756,316,426,496,932,81,243,112,962,587,737,995,200,439,323,131,26,286,442,751,805,768,803,89,746,628,368,241,884,375,795,458,438,834,791,14,510,60,837,487,957,228,481,863,943,933,870,328,914,907,636,530,844,783,766,786,205,695,826,772,312,122,817,80,814,440,446,490,976,993,506,654,621,981,457,605,844,935,208,555,177,403,165,696,499,553,989,431,403,378,122,156,650,958,320,400,461,528,80,192,210,848,413,456,650,950,885,155,966,582,894,59,331,113,730,250,70,479,20,237,921,170,823,8,826,315,922,621,881,470,618,345,960,993,619,812,413,678,706,784,779,512,313,688,802,49,369,688,229,842,108,996,660,488,281,341,528,999,610,341,123,7,342,657,474,930,71,775,298,522,606,864,70,59,315,402,864,960,966,97,847,430,255,697,525,749,421,116,327,514,241,206,421,433,377,883,959,892,89,317,765,345,26,892,371,768,449,921,89,340,856,686,931,898,134,396,716,350,371,842,204,30,107,410,403,753,87,654,720,314,540,578,961,607,5,168,890,169,61,275,891,545,425,392,105,965,922,214,884,941,237,704,155,377,24,811,488,326,230,949,285,154,749,260,236,617,560,805,565,384,604,554,518,870,995,508,309,217,283,512,204,199,906,235,618,508,552,424,812,246
918,379,662,168,110,339,342,44,209,168,183,768,944,755,87,642,961,936,519,863,318,454,930,275,856,469,999,228,212,99,91,98,277,185,205,171,886,928,812,279,857,205,122,305,426,419,573,935,501,184,877,6,405,680,425,707,89,527,553,623,360,230,912,83,103,833,1,50,365,640,364,8,4,615,467,389,155,956,766,619,981,156,747,926,405,848,664,384,926,983,887,542,181,968,582,228,988,620,390,752,614,498,570,13,904,307,466,808,822,603,951,253,993,15,454,150,509,756,274,825,870,617,628,75,954,240,881,493,600,880,25,268,817,213,820,528,366,740,781,702,551,60,340,524,563,765,604,866,359,502,222,903,49,842,326,122,852,127,963,760,381,702,912,723,98,431,535,47,511,285,680,767,542,449,799,530,59,752,574,100,781,405,859,893,341,36,657,327,886,535,914,432,741,749,867,258,217,260,804,231,560,807,961,512,794,228,25,758,139,925,881,759,738,128,607,677,724,171,481,116,655,560,678,503,995,611,596,226,983,173,176,3,738,212,807,184,139,9,793,393,512,552,955,807,96,347,121,917,491,418,310,35,613,774,965,310,809,405,38,879,159,806,899,153,717,482,410,482,650,243,15,805,383,70,320,276,980,375,809,213,549,646,620,380,327,477,117,628,445,482,791,310,98,265,81,162,993,3,97,195,825,104,799,684,734,949,664,247,354,571,216,627,538,416,447,609,464,876,934,578,620,831,936,233,622,932,780,129,124,8,722,911,528,936,281,948,741,305,97,403,192,311,68,697,230,278,738,48,303,967,190,759,197,217,507,541,72,845,996,686,533,864,646,419,555,742,291,907,698,533,529,677,136,16,246,656,916,94,34,501,546,833,229,723,910,529,263,423,593,890,723,532,500,237,279,87,8,771,920,151,100,983,170,988,561,902,263,545,340,105,524,150,496,317,639,779,523,63,983,726,55,874,830,216,368,439,993,605,850,25,840,575,425,138,252,437,465,860,575,618,752,726,307,678,121,540,884,617,530,169,773,851,280,950,851,261,635,467,311,881,582,833,838,866,307,568,446,814,867,98,348,326,772,258,842,470,750,744,573,233,907,154,81,88,591,699,438,276,254,977,532,812,523,990,544,412,761,917,235,613
251,162,382,780,485,317,823,410,604,431,738,378,87,962,353,52,722,68,695,827,364,842,278,406,351,107,325,775,40,497,269,744,871,323,667,27,41,983,516,659,349,937,783,228,975,752,459,779,434,778,538,402,909,916,695,514,271,769,211,438,487,807,859,697,660,74,800,726,181,781,342,11,870,189,693,120,349,578,125,798,637,763,121,4,671,960,842,496,924,381,201,77,539,786,762,937,805,348,9,985,540,562,760,825,385,407,757,6,761,282,58,14,731,139,641,463,201,942,245,167,789,859,325,475,947,980,335,721,540,894,721,245,905,817,34,84,807,865,324,897,595,910,852,911,273,153,695,819,204,465,205,81,479,534,640,593,39,159,528,826,506,308,528,61,30,467,33,5,441,542,900,48,650,292,120,298,287,358,466,264,731,728,742,770,400,634,603,461,693,813,63,961,981,986,471,998,8,813,787,735,909,108,484,295,526,563,377,882,296,451,472,645,637,718,134,319,744,490,534,169,548,404,384,961,678,716,549,515,569,599,296,217,747,410,463,861,323,6,557,454,374,119,502,673,507,397,261,636,410,904,997,788,71,628,367,978,540,342,906,804,927,170,837,663,812,964,523,723,813,408,213,419,970,124,237,807,204,456,698,933,805,188,402,480,278,935,297,626,550,766,337,738,428,677,721,354,287,264,549,430,211,906,293,42,232,993,747,805,333,290,471,81,624,943,47,338,945,814,201,394,172,623,644,224,215,299,549,253,569,865,278,138,315,78,27,596,829,961,702,876,479,301,145,183,63,873,561,423,772,578,973,154,791,469,373,722,219,925,985,820,322,964,258,496,974,815,395,191,974,439,219,727,440,514,435,287,861,684,1,428,900,733,457,392,693,609,899,768,972,312,966,588,23,610,435,642,15,202,412,80,730,451,337,613,915,877,77,823,826,116,154,219,593,535,346,287,898,665,674,914,862,71,642,127,371,440,394,351,93,825,69,944,660,380,336,966,927,14,262,213,724,442,334,989,692,812,614,934,681,678,312,775,217,617,835,124,965,710,999,247,105,410,439,103,558,630,873,405,89,223,33,884,681,311,35,60,955,533,362,474,748,513,436,778,840,89,976,900,436,82,786,651,224,565,476,543,769,659,290,578
576,374,491,489,821,945,997,887,486,561,32,230,75,452,187,386,489,260,545,1,170,87,359,592,729,998,105,78,292,106,713,306,460,233,336,541,943,680,634,336,685,562,580,361,872,778,400,629,650,957,347,715,135,114,847,736,174,494,777,112,568,264,578,74,860,220,251,163,472,395,918,431,978,381,855,744,869,788,947,779,199,721,304,489,273,230,346,114,744,975,874,278,602,478,391,709,864,354,227,185,652,465,777,470,492,71,355,659,847,494,212,346,850,880,416,956,978,126,985,303,689,561,382,21,297,53,192,37,482,104,959,101,63,403,878,713,842,169,23,240,918,256,196,304,49,368,648,264,117,627,465,310,386,624,604,378,805,477,640,818,451,513,635,696,495,91,574,456,574,856,26,473,555,493,926,683,266,987,581,130,867,302,342,180,371,68,324,335,401,863,754,156,778,968,737,632,64,175,739,381,484,756,637,420,6,803,622,78,304,800,807,784,172,974,354,108,719,494,201,881,144,651,716,834,329,664,881,979,928,626,487,166,350,783,761,125,231,985,740,792,981,444,591,919,356,458,799,706,343,325,870,715,890,380,544,406,92,350,456,248,63,539,873,111,537,771,241,483,848,592,620,421,724,695,46,597,580,774,407,116,539,448,259,800,889,420,559,200,67,378,911,764,689,885,163,905,627,22,667,740,420,900,371,830,980,480,768,72,330,770,345,289,745,404,73,808,280,222,849,74,341,997,52,896,130,150,233,291,11,26,612,851,916,500,59,689,201,59,802,29,242,456,439,447,541,250,735,922,57,210,123,792,910,613,631,586,435,288,430,20,123,103,587,926,115,789,695,594,212,202,544,847,705,928,826,898,760,453,362,83,234,721,600,714,217,182,634,743,521,260,916,812,126,274,87,709,928,336,21,64,286,887,538,182,149,802,810,643,180,744,91,936,318,460,972,835,322,656,56,995,789,157,597,829,509,693,725,369,31,260,934,351,883,353,445,157,330,412,420,370,179,489,979,707,556,111,758,780,68,342,109,495,503,427,34,240,810,816,630,585,726,116,546,513,859,73,10,438,284,704,982,212,649,865,751,108,991,653,517,81,32,761,570,20,986,574,127,250,128,451,476,421,755,741,844,601,614,609,719,182
653,799,291,248,950,291,82,643,334,134,994,833,584,933,70,378,877,92,357,668,171,530,919,60,852,863,481,547,120,979,516,550,318,229,346,294,350,596,690,861,884,708,303,891,441,264,233,205,302,972,760,689,924,763,988,647,855,242,450,900,793,130,832,250,897,942,943,312,826,309,179,383,971,444,741,748,379,606,509,528,663,870,285,684,753,877,420,583,995,846,998,315,500,227,861,859,823,274,573,276,303,587,668,56,460,476,17,538,305,813,606,396,986,295,77,338,274,29,555,854,85,935,259,18,709,61,368,249,317,293,185,56,960,85,475,438,206,459,14,592,395,72,638,929,317,458,215,284,190,986,575,805,956,234,586,426,891,327,36,703,271,651,259,536,764,329,56,1,210,360,575,314,11,864,694,603,603,274,389,892,999,843,847,751,296,267,107,830,147,216,453,662,831,267,728,44,76,578,934,373,425,57,485,877,613,145,239,715,397,979,565,468,16,345,237,825,155,902,583,614,645,670,718,112,43,401,768,482,665,614,650,736,863,964,497,53,577,301,199,825,521,478,23,359,707,899,788,251,186,876,531,511,82,146,988,686,7,278,190,848,128,410,204,394,595,620,686,811,373,342,156,142,582,456,948,527,177,215,339,727,783,322,731,513,393,322,269,722,55,483,393,644,17,942,515,414,893,278,71,682,973,601,143,316,602,714,106,50,821,353,870,649,112,268,266,965,151,882,732,192,818,526,59,740,941,582,543,375,623,182,217,904,615,570,845,224,206,134,568,641,168,379,603,690,278,584,768,325,39,702,641,740,861,199,459,615,22,303,328,488,198,708,714,927,431,527,826,201,532,318,317,380,137,695,802,75,526,53,498,405,466,656,546,291,758,193,950,970,311,992,619,434,201,369,476,272,877,166,747,117,82,476,61,916,138,107,592,479,31,875,665,687,584,646,925,943,722,464,657,161,526,59,580,772,223,348,124,1000,417,363,726,16,266,427,394,735,926,737,409,702,905,717,606,487,169,221,514,544,432,452,183,178,9,929,124,933,94,546,106,94,577,337,727,294,306,211,929,203,408,0,233,328,933,743,256,194,29,660,848,555,601,519,889,747,245,760,911,896,247,125,876,148,625,12,366,649,334,151,472,288
603,180,350,113,548,739,86,137,217,332,490,83,253,981,233,375,797,531,346,627,295,672,196,602,656,532,290,755,797,654,423,797,595,867,326,156,789,459,390,362,742,42,372,453,145,816,311,135,448,574,697,86,859,588,356,200,699,840,679,519,513,766,308,503,207,657,845,161,192,547,114,968,491,81,227,302,132,96,899,406,410,342,613,884,442,357,800,756,539,985,309,316,35,416,693,479,74,176,676,467,615,582,537,244,251,180,657,521,688,832,563,783,508,101,398,147,566,685,416,523,365,607,741,347,366,777,293,759,605,753,740,639,97,500,287,672,800,190,991,303,933,179,851,819,442,205,494,189,687,171,152,858,821,755,956,11,944,727,498,142,64,540,996,87,161,990,246,206,264,588,611,747,90,823,660,838,758,151,699,546,659,731,507,879,965,639,622,705,294,931,862,276,357,462,802,356,858,342,137,600,688,603,80,431,378,0,114,575,962,321,51,839,417,994,549,527,762,658,449,523,812,760,524,129,315,944,885,689,8,875,434,101,175,36,231,470,11,468,470,238,276,401,507,328,790,77,873,462,10,945,756,775,106,910,532,969,388,35,960,590,979,405,430,797,90,164,714,80,202,923,162,418,313,777,898,394,434,251,411,747,963,418,642,505,771,683,421,283,968,187,135,640,549,337,766,921,843,252,591,955,212,693,771,887,373,269,420,813,475,182,53,571,560,231,189,783,81,213,464,925,95,25,940,488,22,413,515,193,205,481,400,111,518,504,984,313,834,80,787,27,548,785,681,676,162,955,507,274,921,501,636,178,153,978,692,211,130,349,472,919,565,587,729,61,617,957,655,316,301,765,629,899,487,379,99,433,396,14,862,193,970,340,793,944,863,14,222,889,604,550,502,97,265,219,690,964,857,570,404,374,877,39,784,473,693,163,925,690,150,72,18,478,334,787,290,331,165,230,83,31,761,64,205,210,674,319,439,325,234,396,835,663,655,808,0,915,188,453,554,7,181,446,802,317,501,181,921,932,150,912,6,810,353,881,816,32,845,894,207,884,246,451,197,127,248,162,593,842,690,789,473,653,970,941,264,973,797,434,258,983,450,122,841,925,492,307,157,171,886,389,411,551,304,657,404,398,966,229,806,259
430,223,683,705,547,443,514,869,417,244,365,1,451,611,856,775,225,863,440,73,386,858,253,638,544,0,386,614,2,419,669,127,178,397,972,442,616,764,842,422,252,518,801,239,4,820,734,172,466,81,145,388,411,40,502,543,507,342,571,283,528,133,375,382,299,5,104,637,882,404,416,38,716,119,252,386,22,658,73,152,954,788,524,682,679,693,836,794,9,383,765,537,952,25,950,97,87,180,113,52,252,921,385,38,961,98,63,547,344,288,813,135,325,209,161,793,892,315,263,240,1000,666,200,596,613,682,536,856,640,433,971,450,484,917,921,591,608,616,267,672,459,323,689,666,941,819,249,791,13,949,298,35,587,60,837,92,154,616,756,616,189,611,485,591,206,830,765,814,600,703,189,506,65,348,826,90,75,489,263,24,494,513,122,146,345,484,286,684,10,211,214,272,709,350,854,414,923,584,858,432,476,783,718,991,335,954,666,580,449,3,922,661,651,309,314,396,285,837,725,858,688,215,883,94,26,221,795,869,437,293,164,728,974,261,308,383,404,987,966,539,466,85,37,809,72,22,534,647,228,848,928,408,798,337,805,174,212,450,393,103,318,443,415,477,874,447,763,413,113,209,20,603,408,868,809,163,823,352,947,788,620,527,133,11,813,340,781,64,992,4,411,562,120,734,636,232,131,880,779,280,938,601,345,827,591,353,627,224,422,305,823,235,638,972,510,365,840,95,206,677,838,947,195,50,947,460,710,4,36,268,932,915,516,59,872,108,806,119,649,58,263,282,791,362,346,389,503,298,934,336,443,66,482,925,784,92,799,46,518,624,339,301,978,993,284,793,816,776,333,55,972,912,799,906,543,812,120,181,383,290,421,796,567,890,665,992,660,214,424,13,273,723,73,807,377,942,617,231,437,202,196,242,147,105,697,456,976,282,673,958,158,958,680,548,730,310,283,278,891,991,17,202,448,755,601,806,124,505,618,178,178,918,249,668,693,22,843,728,338,297,565,727,848,306,879,168,209,405,163,713,990,510,240,847,677,317,14,239,93,502,83,49,543,372,236,868,341,903,266,479,776,642,18,617,496,877,602,463,816,484,862,263,298,891,99,180,157,242,180,588,605,544,221,586,173,922,754,792,612,912
885,183,256,898,292,144,36,442,427,438,291,634,916,180,215,134,431,684,786,672,198,837,277,913,644,489,893,810,54,181,542,86,573,798,812,84,231,855,602,169,564,73,134,207,775,725,579,17,682,409,855,95,683,97,757,738,528,462,512,845,611,865,572,946,398,887,448,931,44,709,750,602,519,248,834,683,195,731,466,761,677,105,801,727,701,13,545,181,503,703,134,857,661,696,478,251,759,695,765,924,608,142,416,79,716,763,740,415,77,401,407,240,146,13,598,975,4,954,160,844,979,12,256,60,536,832,41,852,220,515,911,556,939,810,76,554,438,97,59,48,985,383,192,760,630,633,133,863,106,13,9,840,68,83,80,668,265,165,46,231,539,838,397,593,438,107,291,613,648,994,259,317,363,288,779,923,436,183,640,202,957,638,597,717,557,154,500,339,50,100,507,587,756,875,615,130,176,90,241,772,605,118,12,107,882,218,48,319,540,462,570,983,33,125,906,23,404,920,382,99,95,317,117,519,929,940,214,985,183,155,295,133,353,883,720,922,414,534,606,287,249,602,89,88,56,844,146,306,345,459,719,660,719,107,382,298,238,528,879,198,338,121,204,536,841,948,682,169,677,665,715,588,496,467,684,168,518,279,571,164,841,739,138,650,245,952,860,305,598,388,633,645,601,858,404,861,850,527,533,558,844,550,583,847,492,369,594,852,974,531,743,927,683,935,968,151,619,4,18,503,628,877,553,178,636,491,10,988,864,443,884,569,897,262,5,351,993,639,97,615,191,946,430,823,830,752,649,38,426,795,432,274,655,638,555,922,673,512,580,936,803,864,517,36,611,209,302,45,721,866,529,160,522,118,777,255,129,553,525,386,308,493,24,729,363,995,220,207,294,401,108,682,813,807,67,87,994,959,649,103,613,403,936,179,55,331,599,431,871,569,490,379,25,374,102,639,817,300,356,720,891,691,54,274,556,967,645,279,792,180,348,505,69,1,858,53,151,635,397,154,709,95,377,621,289,969,221,580,828,176,382,652,906,10,705,287,581,277,747,79,398,21,635,593,935,198,865,241,691,460,884,882,516,38,769,972,299,827,746,706,743,677,881,521,878,707,242,963,806,70,971,102,392,519,402,684,899,704,725,132
836,929,693,731,97,495,640,567,515,936,892,983,759,855,361,791,14,323,965,382,977,42,820,356,524,699,642,620,874,425,566,377,580,406,640,957,107,961,590,713,161,750,370,437,149,781,645,867,872,614,943,349,267,839,373,931,195,683,72,249,890,405,177,756,508,921,43,267,198,303,246,148,346,278,730,657,453,46,444,401,285,517,899,647,647,448,326,413,248,481,987,840,354,713,327,355,751,112,391,97,234,847,3,556,596,336,978,63,149,637,745,480,743,988,174,85,711,271,371,377,122,266,253,553,354,374,268,808,996,25,160,871,936,637,926,190,173,517,104,53,586,224,836,107,766,699,981,233,518,2,552,73,955,545,135,322,869,458,427,783,486,277,944,921,386,307,248,224,331,973,298,924,660,684,644,399,781,194,973,557,544,30,557,432,846,292,331,397,178,680,913,931,253,993,617,360,235,183,105,618,711,36,383,461,881,807,181,771,210,878,582,793,81,478,870,478,7,476,41,303,252,41,175,599,900,119,171,654,60,446,612,510,74,573,642,137,429,894,305,943,39,217,858,324,557,580,428,368,309,148,386,954,157,797,433,630,264,335,223,444,416,259,490,240,656,899,45,289,196,180,778,217,217,326,157,379,561,489,862,296,410,749,664,417,610,559,112,606,637,114,254,552,737,233,368,345,718,795,455,944,56,190,755,94,54,326,234,49,573,369,816,327,176,215,948,935,864,396,479,534,62,733,926,93,316,125,377,427,871,802,635,132,188,9,538,96,315,267,265,817,436,805,398,30,238,595,832,906,241,794,772,777,814,107,549,870,58,714,30,938,96,902,872,774,189,669,834,183,518,496,862,690,603,764,339,397,328,567,775,276,360,877,609,820,749,688,239,560,535,614,109,69,368,38,345,795,88,73,257,468,884,686,444,95,339,855,815,911,472,51,300,744,298,54,250,452,201,658,848,505,349,481,348,357,937,907,167,530,559,603,938,633,153,79,366,544,384,113,440,795,873,77,804,410,688,299,301,881,254,218,501,17,210,789,717,21,818,899,29,555,412,686,277,80,18,772,21,113,20,382,944,835,981,473,761,170,512,63,250,501,242,760,513,731,335,810,648,796,354,505,855,981,25,342,69,964,976,155,99,972
765,681,412,768,659,100,321,474,937,176,673,648,431,903,251,598,172,625,361,443,325,729,232,144,60,394,338,845,526,96,774,6,335,913,208,293,156,600,737,897,729,762,632,151,45,975,924,549,970,596,220,758,803,520,684,78,287,623,985,137,651,741,824,868,474,515,459,879,930,50,304,312,704,316,893,389,588,232,562,86,571,597,588,432,51,409,343,494,295,485,605,165,239,818,157,652,252,95,501,770,825,537,407,67,299,649,248,783,354,435,571,552,860,8,285,837,951,813,132,325,38,780,170,627,393,422,258,556,121,394,548,463,715,161,759,864,789,164,542,971,224,638,835,944,324,977,117,220,288,111,409,474,189,164,566,562,138,781,344,175,411,264,969,248,955,740,258,988,461,829,602,698,257,122,99,58,959,81,770,875,395,778,642,578,66,376,678,489,534,727,283,228,830,835,327,165,893,443,953,833,269,970,356,179,562,63,296,485,66,282,184,800,608,148,970,77,137,773,7,234,641,78,731,168,256,893,133,541,496,727,572,363,603,629,567,118,563,189,940,687,497,407,649,924,858,40,211,751,55,798,115,1,780,968,228,707,361,224,851,629,29,442,962,189,988,54,919,232,886,441,74,598,589,607,55,727,966,271,636,801,832,778,45,959,787,395,721,993,271,59,816,766,873,178,154,58,731,630,628,686,817,602,307,997,734,303,466,944,535,537,806,967,698,103,879,165,206,513,830,169,322,679,206,542,565,899,42,691,331,639,580,331,476,541,368,303,234,882,445,724,519,61,929,346,551,200,77,973,454,633,153,901,267,912,184,456,296,636,580,678,442,764,469,630,407,587,869,765,288,270,754,928,211,737,769,804,185,637,38,241,845,548,875,338,289,868,901,765,179,905,647,288,30,791,741,619,442,269,510,820,489,442,175,864,756,856,284,431,852,753,379,437,619,867,695,399,454,755,335,950,399,887,997,762,16,957,993,196,505,550,15,364,180,308,474,104,961,895,949,574,820,408,336,9,720,263,865,238,161,963,908,597,385,812,904,536,227,892,420,49,776,637,319,430,522,373,289,189,395,11,860,674,258,457,691,116,509,671,553,592,132,68,12,345,430,671,860,144,812,24,812,207,304,499,545,725,482,49,71,252
23,923,854,87,678,695,602,99,690,519,172,803,825,596,155,193,354,455,366,150,901,797,316,358,174,80,663,442,831,23,288,78,788,842,758,992,793,156,958,317,486,226,483,38,653,38,179,60,616,800,22,231,126,340,485,894,285,267,411,857,115,294,264,272,577,982,870,750,74,409,300,809,658,793,589,867,177,744,504,163,33,782,415,408,639,527,408,441,573,657,413,616,270,741,581,181,600,461,318,987,298,226,190,0,60,525,295,563,652,460,63,640,115,58,334,339,330,178,649,142,442,824,983,682,511,885,944,31,772,239,661,397,674,401,195,5,823,903,388,452,782,815,911,764,889,675,49,197,89,165,48,891,609,789,988,547,331,741,806,417,322,491,724,414,913,876,234,959,695,22,229,188,798,214,786,376,345,494,11,414,758,471,490,226,394,526,75,943,686,826,193,921,620,618,597,948,395,771,349,394,64,998,931,185,163,308,405,524,122,241,668,53,579,874,428,45,372,382,727,916,454,384,244,747,632,677,441,926,714,858,354,116,275,371,811,769,428,760,357,92,70,781,568,855,599,221,811,194,509,90,333,988,600,421,518,569,524,986,906,240,46,718,615,923,193,209,173,289,47,895,703,256,137,683,684,515,804,581,566,273,194,575,966,329,856,75,638,564,705,242,185,601,238,614,709,754,594,891,629,293,146,386,833,764,288,490,586,896,212,952,854,908,141,285,153,653,792,953,108,259,173,128,506,282,19,391,128,751,395,717,572,376,448,817,960,595,664,365,893,167,772,953,332,115,474,129,443,330,457,589,510,265,499,948,246,844,958,518,5,206,81,859,325,39,939,108,166,863,327,836,119,54,229,765,554,544,233,45,988,800,141,300,492,391,870,742,946,267,104,787,358,772,10,761,986,533,886,202,631,956,611,969,826,570,790,634,198,562,29,430,702,460,743,312,116,306,362,467,963,110,623,453,74,758,168,558,333,179,372,592,131,62,647,812,594,339,551,169,68,713,225,914,467,283,430,452,383,973,548,918,655,933,475,101,552,989,515,955,845,810,391,291,677,36,738,640,510,41,192,511,831,444,880,178,275,754,111,710,628,534,326,993,65,282,821,504,819,831,140,595,574,983,639,417,254,616,937,600,764,249
381,706,597,591,487,989,749,898,648,679,338,117,445,437,912,569,36,897,451,343,766,673,666,564,961,686,637,373,515,29,182,689,736,504,183,51,379,943,673,505,835,347,528,471,103,616,860,819,589,143,955,166,34,893,547,265,756,628,154,39,140,235,211,218,97,538,880,338,316,321,581,262,479,206,632,675,183,327,656,586,817,548,775,744,26,641,279,492,484,272,724,990,608,632,556,173,141,211,30,356,741,98,530,264,519,562,3,522,994,553,104,458,976,373,638,7,519,960,902,669,510,34,606,1,732,440,506,620,716,903,454,18,103,16,734,969,686,316,62,309,708,137,491,418,318,233,685,438,866,601,846,34,947,477,750,495,403,430,172,818,139,159,166,592,541,879,743,71,32,192,291,505,886,711,650,226,1,972,821,110,808,816,193,377,812,170,373,122,962,247,257,325,133,409,718,792,313,269,398,297,382,748,237,453,324,757,532,49,61,770,282,447,597,969,66,899,355,402,560,102,912,829,591,707,907,707,69,54,416,786,145,264,26,622,985,897,355,564,548,862,43,551,872,235,917,46,172,814,619,50,436,905,967,204,362,342,120,606,907,805,746,842,706,61,517,422,10,667,18,4,568,371,186,527,944,66,152,6,814,219,193,0,831,886,621,209,648,582,793,953,336,637,934,942,177,820,152,144,999,327,1,809,823,455,192,456,473,150,892,829,493,414,735,830,281,171,630,905,820,108,491,952,419,709,575,943,403,999,628,379,64,560,871,336,365,46,963,644,666,543,972,953,798,462,774,490,829,564,6,797,212,413,331,72,528,791,705,49,97,276,235,803,148,347,959,829,162,179,456,819,785,500,84,911,114,8,388,852,605,842,975,351,192,922,618,869,792,773,911,649,199,536,679,423,354,228,635,559,430,6,982,411,694,190,775,332,805,418,958,631,176,530,274,801,14,774,78,554,920,141,809,375,515,209,458,142,146,560,646,478,26,367,277,489,585,704,978,869,452,846,696,3,697,624,745,842,537,11,898,144,590,453,788,241,309,862,745,403,163,769,924,953,800,0,151,829,723,334,675,662,0,896,365,768,623,422,220,34,629,534,229,409,533,906,600,927,980,430,759,989,696,750,298,173,938,706,154,115,592,703
549,37,655,867,964,79,858,98,213,316,131,298,835,135,496,458,256,644,811,977,155,545,401,202,881,186,675,572,903,611,26,411,189,713,726,706,895,284,230,333,929,543,987,483,122,390,328,977,416,243,406,578,643,329,174,901,88,314,102,868,388,334,232,18,162,706,421,625,598,797,933,784,295,427,392,584,69,607,229,256,603,15,939,708,161,69,169,871,877,415,539,956,103,367,774,602,691,810,937,12,513,59,401,482,272,535,404,209,925,660,648,760,417,681,744,133,629,11,90,264,647,199,661,709,510,962,754,248,769,840,48,358,697,513,202,732,41,837,882,150,628,999,100,792,793,110,517,419,143,652,558,257,941,188,320,817,24,699,344,39,788,143,94,470,73,181,410,973,347,40,797,355,197,421,519,9,873,944,789,591,788,256,713,923,293,359,717,777,448,149,768,880,341,907,567,900,30,411,668,18,750,180,339,437,615,21,692,20,975,106,576,314,573,171,894,299,623,224,160,567,83,160,985,570,434,596,850,275,114,173,754,467,459,895,370,505,294,498,824,135,585,511,768,286,841,167,101,975,54,324,708,462,137,256,806,870,478,862,593,513,799,356,78,479,73,184,295,373,3,831,658,423,437,987,211,560,338,222,786,734,2,471,464,366,370,819,174,462,898,165,277,767,490,68,771,716,355,689,392,182,176,15,487,131,738,588,874,835,809,104,562,743,565,755,195,352,313,90,315,204,720,71,765,684,886,401,620,800,965,605,240,947,700,686,977,132,796,667,233,986,949,822,888,394,890,150,75,727,520,786,155,988,325,802,702,86,466,896,321,812,419,959,849,778,961,194,379,376,960,480,448,869,445,269,448,158,803,828,760,950,677,867,254,302,427,402,376,908,997,892,468,261,336,489,968,184,236,378,526,204,707,547,122,89,645,836,318,251,631,795,667,102,392,391,825,154,873,94,771,930,816,375,450,275,70,706,733,656,312,78,90,836,454,212,969,350,465,832,119,183,717,599,545,950,517,125,919,244,386,465,963,489,48,714,45,349,383,973,249,412,598,923,231,289,471,502,913,742,637,750,294,447,566,842,826,48,551,292,159,881,780,704,147,236,620,891,959,19,123,398,892,430,7,423,967,543,525,440,139,168
445,665,280,388,192,883,789,395,965,125,145,140,709,62,19,559,680,513,480,689,616,251,850,980,800,887,80,808,893,793,293,574,581,52,752,8,451,99,859,980,129,985,629,75,473,291,812,51,713,897,388,580,543,11,895,995,72,907,731,788,715,342,484,746,934,861,254,727,117,168,991,370,957,78,13,357,673,731,198,496,50,117,128,422,575,260,628,960,936,328,769,835,459,602,439,16,286,364,354,589,924,746,836,996,466,365,528,806,474,428,275,609,463,395,790,730,976,865,325,145,469,810,796,549,262,966,297,71,240,146,19,722,491,924,510,59,932,221,512,198,685,80,565,32,945,345,646,248,293,561,374,567,965,68,787,0,232,873,730,667,186,868,177,382,441,779,82,122,861,393,638,615,879,953,681,443,76,632,283,954,606,757,885,80,242,920,895,497,161,495,388,960,602,92,292,656,32,957,167,107,95,599,645,943,164,51,992,808,801,941,83,648,361,587,345,824,180,861,575,628,62,35,309,392,411,644,69,593,675,429,393,542,749,975,334,477,968,228,419,268,834,773,554,740,93,239,971,63,528,530,727,467,928,911,839,547,742,618,977,968,975,840,135,60,199,824,739,870,421,23,294,147,717,575,819,395,296,498,898,393,639,639,628,735,830,402,801,934,494,930,157,182,579,29,762,760,604,4,470,856,361,333,754,591,277,174,202,426,636,504,956,83,466,629,314,920,97,590,60,952,13,470,808,609,363,348,540,626,141,872,2,133,878,703,50,622,228,238,547,983,527,784,660,441,51,449,949,60,335,293,469,447,87,142,338,634,421,233,903,569,504,687,118,973,119,909,849,982,848,335,929,851,984,46,376,730,515,310,613,660,74,553,210,657,259,841,423,878,842,17,635,348,885,496,867,689,257,771,964,231,386,360,798,57,87,851,788,240,436,158,136,952,458,370,177,739,615,821,600,118,495,589,665,990,213,567,573,773,465,913,657,909,518,885,245,380,490,111,835,588,18,640,501,960,130,827,261,783,616,150,595,864,858,287,317,666,693,214,731,57,24,681,116,59,665,654,667,306,390,592,230,755,844,52,863,596,717,710,348,461,229,658,611,516,29,548,609,801,842,770,37,840,895,829,510,962,48,46,173,71
983,72,377,394,275,442,551,260,277,731,333,879,27,75,98,218,568,901,869,358,901,993,581,489,511,127,145,918,416,493,606,898,133,395,898,30,489,838,943,723,802,122,99,668,775,371,238,534,807,730,380,824,685,147,878,787,439,656,330,299,886,348,72,305,898,483,594,369,984,946,491,809,857,75,602,841,144,297,3,50,941,162,734,369,176,534,451,797,115,367,547,949,763,536,387,757,764,488,215,43,281,302,554,53,769,887,79,721,56,867,803,468,33,942,778,697,188,478,422,973,796,487,117,960,609,276,814,798,894,555,59,241,694,974,385,446,316,734,329,423,299,214,169,55,839,482,152,531,990,958,805,593,229,870,870,166,576,939,248,985,471,270,517,884,977,183,12,222,623,180,85,960,363,909,797,158,153,715,196,646,37,732,653,213,199,682,794,518,110,594,194,351,228,514,917,915,913,632,680,667,348,0,94,907,618,630,797,437,703,52,332,227,583,217,28,582,149,225,230,366,271,389,722,511,385,805,893,808,548,714,542,46,181,681,816,578,342,243,559,826,424,237,920,583,483,906,885,90,422,110,792,571,60,749,688,546,563,552,470,501,422,467,733,188,833,630,937,643,398,403,581,450,740,783,419,586,92,93,500,867,285,643,848,466,92,366,439,853,412,958,98,817,209,744,305,654,19,849,567,410,40,791,605,289,565,594,176,616,411,831,64,454,930,813,673,900,692,164,52,468,369,800,686,260,82,551,536,784,888,497,529,271,422,384,756,220,5,38,375,573,262,998,178,212,474,988,654,865,452,531,707,415,789,611,979,38,688,470,688,805,279,227,962,141,327,746,116,341,810,859,884,222,427,358,630,194,98,766,332,642,403,5,968,428,452,235,497,982,526,965,614,46,715,275,962,834,344,86,436,502,85,261,54,649,864,614,87,984,821,790,422,983,271,573,362,436,659,393,402,741,366,393,423,840,824,144,116,842,41,149,646,864,444,85,725,518,888,552,511,493,543,773,740,181,358,286,608,900,245,174,409,250,134,885,506,948,505,603,758,467,655,672,275,334,962,514,137,815,571,542,905,845,22,615,347,820,908,569,190,558,410,717,935,323,992,735,692,839,149,523,817,117,908,657,735,642,712,828,673,594
535,250,530,756,21,13,502,397,430,155,161,440,827,933,842,83,969,789,9,426,599,397,250,813,161,873,61,935,454,800,218,387,526,181,863,642,883,274,16,728,836,987,823,175,400,964,942,247,708,326,547,844,917,902,540,207,459,458,915,699,857,603,846,473,859,19,130,565,872,661,237,825,679,90,986,859,743,751,296,578,478,574,734,218,512,987,872,677,154,814,112,169,258,161,661,609,252,181,609,255,836,703,366,650,87,897,454,578,642,845,739,985,338,225,365,341,1,333,46,816,811,965,809,682,590,562,173,857,975,381,492,858,358,519,555,228,244,361,733,327,520,623,529,726,348,521,581,493,264,81,869,1,168,210,201,779,710,923,706,76,460,488,899,151,761,273,839,89,535,813,798,826,823,47,147,8,106,267,810,244,45,67,225,865,201,771,842,295,193,610,508,103,869,104,750,987,787,739,397,689,521,46,516,867,906,999,721,74,120,130,18,806,534,305,94,866,469,697,546,147,492,518,876,195,787,0,939,697,162,745,474,93,476,884,579,950,611,319,863,265,398,154,414,136,982,153,32,198,533,690,668,214,782,633,123,742,401,104,12,715,586,554,79,992,140,782,413,554,346,307,537,713,91,477,121,761,296,830,769,216,60,744,201,15,606,279,377,403,530,440,888,969,247,174,660,71,403,529,712,760,494,286,352,24,490,362,322,296,879,138,295,223,297,655,689,653,621,842,751,588,899,727,656,375,978,665,272,793,333,979,515,885,71,55,69,323,585,587,905,181,798,915,982,803,219,221,969,892,354,32,599,731,302,838,543,901,3,648,375,574,822,81,324,559,997,204,945,157,908,569,934,75,692,990,677,531,558,106,495,51,167,566,7,835,464,259,51,528,652,703,184,305,795,742,922,456,740,525,384,662,487,671,599,733,102,753,65,809,904,261,956,551,631,803,939,89,845,119,150,548,119,559,134,282,614,956,254,463,145,725,88,248,800,586,682,506,838,894,564,286,463,92,17,698,506,396,647,761,965,430,829,806,772,742,160,793,998,566,20,435,68,83,943,884,446,963,715,871,926,124,124,16,894,504,371,216,180,437,924,926,4,941,297,302,888,381,990,758,285,999,2,67,707,513,81,270,726,227,249,810
784,6,286,950,944,808,622,637,467,86,320,952,877,449,98,398,435,399,195,386,155,258,180,483,381,970,915,368,150,742,811,954,93,624,395,14,417,992,153,81,482,749,948,809,209,665,629,533,675,688,514,380,357,43,459,646,537,40,437,160,803,437,444,528,363,91,319,780,529,953,553,32,323,318,780,283,675,102,784,823,710,855,363,41,624,19,175,613,805,864,484,151,993,91,348,639,619,356,938,191,603,375,54,785,348,901,733,118,427,841,465,928,583,716,38,425,824,479,416,114,904,184,969,870,214,12,818,971,832,202,376,475,92,307,741,3,77,410,339,198,824,969,507,422,363,14,671,949,393,959,423,133,961,699,889,998,521,582,658,298,818,672,430,113,4,850,105,317,251,838,812,857,573,178,517,564,151,373,956,256,789,626,412,20,674,58,254,658,331,244,852,902,671,792,976,242,722,368,378,99,652,7,688,689,41,926,783,403,176,609,107,100,100,52,665,562,363,605,206,973,721,139,866,284,772,991,652,220,376,212,634,664,582,17,389,383,823,528,913,639,719,400,635,83,266,772,326,247,134,106,92,866,817,97,247,294,3,201,952,316,906,915,926,472,340,402,69,732,690,848,983,362,670,103,928,831,210,244,355,675,831,916,442,223,791,185,903,701,808,129,153,583,715,258,754,106,336,743,282,882,770,254,785,350,259,81,719,837,866,953,979,477,535,498,567,549,869,148,726,5,570,19,772,471,260,293,300,535,915,542,137,761,946,621,863,773,827,490,870,156,226,999,46,881,721,517,228,465,847,394,595,391,178,293,742,332,593,427,626,1,665,136,61,692,970,450,302,945,699,334,384,366,233,875,642,651,66,50,777,942,947,663,343,442,104,746,197,468,903,11,641,977,839,417,851,187,312,880,966,597,106,447,420,361,192,960,229,536,635,148,200,249,339,186,889,863,874,924,214,75,996,339,366,680,738,909,824,153,722,239,446,764,46,616,892,305,605,11,750,662,312,614,913,127,502,761,245,76,426,298,527,427,654,786,78,524,19,365,908,235,923,439,788,240,645,773,467,475,401,663,556,803,285,454,569,318,509,250,562,603,926,775,757,138,651,4,13,943,320,387,7,129,115,235,140,154,330,136,447,941
739,733,920,545,173,75,765,806,690,283,389,392,898,857,109,303,558,863,705,138,941,877,944,530,490,568,392,720,464,514,615,875,551,73,867,153,439,235,306,734,52,823,79,870,516,189,397,795,510,1,616,503,158,997,58,138,65,356,913,497,265,727,255,85,673,205,380,300,239,243,901,767,839,616,267,208,723,393,649,258,520,105,183,110,716,827,950,961,158,707,303,95,564,509,821,641,586,671,128,282,212,636,159,139,369,248,601,9,131,426,505,118,509,189,879,681,490,135,673,320,98,455,770,298,783,489,251,534,276,203,44,179,373,388,890,69,441,207,685,297,88,85,90,447,164,855,597,19,131,708,90,199,501,209,988,635,268,92,163,750,370,665,23,667,401,57,537,308,868,132,89,322,702,515,730,351,226,591,345,204,221,831,870,603,106,977,28,293,134,878,80,113,508,347,840,281,639,629,459,354,127,636,743,980,116,266,400,832,22,133,325,873,139,304,200,959,223,62,582,897,628,904,920,333,179,862,146,208,891,143,904,905,654,282,544,745,336,693,390,70,659,649,55,424,926,462,524,313,486,229,208,101,72,922,215,311,540,360,194,685,819,83,536,411,571,912,401,887,208,991,223,374,225,159,83,118,477,138,31,573,512,285,726,610,812,222,989,668,149,63,198,63,284,452,104,862,513,471,907,382,957,428,490,796,475,166,603,280,707,829,495,873,142,948,971,770,813,914,777,969,875,676,456,243,231,804,323,322,711,828,751,553,8,22,256,153,751,677,123,461,891,124,116,853,982,247,965,546,533,335,513,453,556,760,729,88,131,704,251,650,951,655,660,685,439,914,290,225,447,636,654,150,204,234,511,831,524,105,71,737,617,493,110,547,571,905,179,675,708,584,767,688,103,32,564,183,730,275,257,686,731,605,608,242,0,539,75,366,273,257,560,155,806,156,954,329,62,994,117,258,991,872,633,878,15,138,126,286,333,128,802,436,220,888,87,518,845,628,790,304,898,388,568,710,139,169,119,861,836,425,752,881,548,375,713,604,532,570,836,623,747,922,513,749,210,628,993,73,43,129,872,788,542,746,71,881,272,323,438,980,603,928,925,64,661,442,889,378,120,812,812,976,889,110,794,427,486,379,692,702
345,111,55,516,875,579,154,475,381,458,424,674,314,204,519,421,748,948,838,665,186,148,384,953,287,562,165,244,154,902,721,154,353,483,72,426,205,666,531,29,432,561,244,992,212,48,219,284,847,362,893,156,283,229,507,528,925,715,100,312,8,629,476,223,810,21,319,541,410,645,174,910,459,646,142,73,245,940,116,236,788,395,441,222,18,496,529,656,578,702,894,794,867,228,425,140,863,891,395,701,873,283,881,135,48,800,116,319,743,692,352,688,391,384,284,118,960,412,928,699,156,15,533,896,455,39,227,575,232,616,720,58,336,819,394,546,514,211,858,679,719,947,952,924,308,542,888,816,598,780,132,821,615,441,327,264,890,976,711,271,390,104,930,264,702,318,241,955,421,691,84,208,475,122,128,160,462,51,672,203,196,297,760,662,958,499,373,545,876,89,113,499,103,442,832,994,252,628,339,683,942,749,971,973,777,731,227,967,587,113,238,870,890,661,22,693,821,290,889,680,967,744,766,968,141,294,415,157,525,807,691,515,701,347,591,746,626,928,937,729,605,549,461,427,777,494,984,979,976,390,695,298,727,845,218,949,448,278,676,560,919,646,158,541,973,602,75,188,867,518,781,116,653,853,211,686,631,672,333,61,457,87,786,677,767,313,908,155,686,371,32,404,616,426,35,317,193,384,654,633,288,717,801,385,683,854,773,986,556,617,252,99,293,359,116,956,883,823,857,885,658,268,258,54,141,290,556,175,734,331,838,511,468,446,230,910,633,932,333,108,856,710,317,55,838,603,694,306,504,707,748,854,743,423,824,730,774,139,583,34,117,507,986,166,617,973,923,320,635,135,330,32,307,230,713,146,754,145,473,971,239,553,216,438,630,764,265,756,110,223,10,933,912,324,735,817,383,267,239,364,290,982,527,760,935,393,513,583,109,571,102,92,222,461,374,189,648,841,671,597,612,599,189,102,446,473,782,466,75,125,820,32,277,879,761,961,354,309,845,429,683,87,32,516,1,77,912,40,591,98,107,206,963,735,988,38,232,896,192,98,237,740,770,286,851,980,636,349,680,766,239,201,790,173,769,935,968,951,470,596,761,946,969,840,612,574,871,462,779,496,737,618,82,587,261,324,110,710,882,990
188,29,366,190,212,357,149,738,250,129,774,51,212,513,486,99,765,918,195,707,295,536,687,543,58,526,628,577,168,730,846,377,553,657,223,923,422,615,633,669,879,637,180,39,631,419,404,905,813,497,96,86,207,888,35,858,941,401,616,404,418,636,655,939,718,344,679,601,663,745,503,937,941,844,453,973,814,479,87,53,79,347,367,986,601,629,341,847,47,664,929,527,560,132,502,758,467,899,177,51,745,432,448,866,50,572,912,906,498,361,117,76,156,804,737,567,182,639,387,606,311,293,62,735,211,483,671,293,515,439,12,147,699,553,798,349,767,518,679,264,407,763,160,711,349,651,674,261,917,149,332,56,529,911,183,325,241,629,228,5,426,863,467,825,702,797,303,897,539,414,772,52,514,795,514,903,395,207,652,402,985,830,282,495,220,158,560,995,161,844,135,1000,844,448,299,905,892,493,739,86,826,131,941,61,710,949,427,294,656,251,293,189,628,136,597,193,423,220,180,505,995,563,647,221,76,971,131,502,752,320,226,893,995,651,399,441,248,644,987,797,411,749,328,574,212,724,97,279,741,914,740,931,698,679,45,722,456,268,56,201,898,446,649,119,203,21,206,98,242,264,420,700,823,176,391,653,696,806,568,288,405,897,978,106,781,969,914,380,164,119,973,300,817,457,479,12,277,280,302,912,949,62,939,115,910,472,65,755,900,740,386,857,225,566,601,785,267,794,539,319,139,653,177,904,761,766,690,307,959,709,66,617,527,389,356,223,597,676,970,272,321,198,586,320,105,534,325,783,525,289,83,260,535,45,590,202,755,389,572,414,403,926,960,569,413,84,882,734,930,429,316,557,84,981,369,624,472,436,722,523,197,39,507,206,306,596,413,676,711,325,133,71,146,154,793,788,525,933,623,604,54,956,160,682,441,384,721,298,458,432,712,678,756,975,514,118,173,783,305,861,879,208,182,242,2,716,668,470,447,718,486,174,292,24,961,751,635,817,849,218,980,189,89,174,948,91,951,40,145,222,873,812,951,196,0,920,583,542,832,886,568,246,815,581,56,545,898,718,803,200,890,131,668,395,77,234,962,223,699,497,398,592,310,938,177,312,188,807,536,898,33,934,561,283,592,104,388,353,779,594
352,21,677,770,56,646,870,722,165,333,441,613,707,350,547,276,109,1,995,411,874,24,858,363,499,182,508,79,302,27,612,274,204,291,152,995,311,621,751,955,128,462,407,348,296,920,138,179,28,378,256,608,396,508,76,8,655,760,796,383,537,316,670,506,518,356,467,939,554,134,268,196,357,870,694,633,230,938,442,314,100,626,741,334,20,885,892,312,396,957,840,62,221,735,424,20,366,665,545,698,516,989,456,820,600,603,761,115,378,939,790,560,204,709,868,8,187,251,458,57,993,401,968,819,565,277,520,118,754,584,744,345,579,999,641,768,982,249,457,729,884,161,546,611,259,885,714,99,209,470,818,598,977,861,541,449,572,869,298,939,779,464,485,736,776,512,866,239,564,32,439,243,245,556,223,741,706,473,40,695,77,877,751,444,346,740,952,69,969,184,743,608,840,226,930,992,792,790,405,999,900,806,992,271,128,160,409,17,184,190,159,72,925,777,906,223,757,480,334,489,979,640,731,475,798,600,309,95,16,368,277,746,61,688,580,857,874,225,273,206,664,687,380,45,782,399,129,964,917,960,895,538,152,486,394,53,102,376,492,213,452,240,69,477,763,309,658,814,772,583,151,904,322,154,303,681,672,255,221,421,710,868,627,625,891,847,176,69,371,262,160,220,482,759,801,156,446,340,451,138,560,437,804,135,369,175,370,918,316,980,91,110,421,654,25,731,924,879,767,780,73,64,538,201,201,383,729,347,493,662,438,710,985,674,89,873,650,941,626,193,523,36,993,561,422,250,331,824,393,456,68,266,625,797,394,260,532,361,124,648,313,805,637,910,844,796,271,279,843,820,652,467,683,905,987,762,483,880,332,743,841,77,835,340,516,564,596,10,397,212,796,296,245,378,279,399,933,702,944,248,249,929,775,124,465,492,194,472,451,811,603,787,233,522,326,326,550,538,889,561,692,647,62,667,730,30,541,17,353,74,734,833,875,571,1000,946,887,979,410,616,522,576,763,641,244,522,669,45,806,31,583,684,249,698,612,0,415,250,58,769,951,4,954,305,745,734,583,366,260,641,978,139,703,587,907,628,618,601,244,696,115,846,284,456,128,342,52,702,507,662,351,784,224,45,227,954,85,463,568,174
560,844,622,105,128,973,115,795,149,320,668,339,580,65,818,486,349,363,733,937,234,139,793,439,455,540,284,62,850,447,879,947,115,928,817,415,690,629,65,948,320,984,164,187,807,436,794,211,690,689,365,913,723,192,484,87,278,467,857,657,497,960,17,577,702,582,717,848,350,398,825,61,619,249,852,714,498,806,162,412,751,38,382,946,111,553,582,918,33,84,801,723,253,182,970,593,76,839,753,559,96,546,264,811,156,577,83,324,654,432,889,746,441,300,248,512,576,228,471,675,211,729,358,861,225,178,563,786,672,242,470,754,664,916,630,199,41,729,599,148,986,494,552,800,93,54,241,946,215,386,21,473,528,578,963,889,493,988,494,548,842,683,866,356,1,58,238,191,920,405,841,45,718,292,914,98,371,392,490,349,103,825,775,168,18,885,90,41,367,520,180,698,112,927,691,687,924,279,241,699,228,490,632,992,22,848,636,52,847,494,692,742,694,934,348,845,883,443,565,704,707,723,310,511,874,46,622,802,25,841,785,959,811,738,825,14,653,390,559,236,474,959,70,764,759,469,695,829,863,540,668,687,307,444,294,458,800,119,842,409,710,129,265,328,60,734,259,97,346,545,306,902,852,24,988,312,915,201,631,17,50,718,422,712,867,443,140,991,144,238,479,624,537,233,952,204,503,412,84,731,257,405,100,624,704,424,383,128,567,690,111,61,864,223,795,942,648,467,561,79,200,20,281,19,354,258,476,282,31,323,20,825,419,897,894,711,636,831,146,749,995,112,22,821,183,953,175,305,675,683,516,257,924,328,465,700,218,593,878,278,1000,631,746,977,824,665,590,526,613,444,336,20,97,115,201,295,49,448,741,744,399,924,662,597,373,234,337,357,856,806,859,185,284,713,948,439,25,319,592,174,463,920,351,272,324,119,782,233,494,973,825,895,96,926,614,358,12,373,986,9,518,781,437,925,57,882,786,92,790,754,273,172,729,382,960,686,218,46,303,769,90,621,581,831,484,245,623,767,955,66,358,128,664,859,610,599,669,342,392,888,566,433,256,570,674,213,966,335,763,975,244,702,563,612,436,107,690,764,351,222,743,151,930,452,971,154,491,860,135,359,621,493,358,310,100,166,724,396,199,939
650,22,259,312,298,725,296,990,350,406,45,753,234,228,955,48,339,309,583,376,527,674,301,854,718,867,562,549,679,715,814,701,344,654,928,809,453,322,966,150,623,506,69,547,299,627,223,197,685,704,408,25,194,831,25,274,877,887,529,127,77,568,380,691,290,473,333,383,997,57,677,521,963,488,962,176,402,389,263,860,816,57,765,959,710,803,879,322,634,576,632,322,17,25,198,282,284,904,410,726,793,146,592,185,200,838,950,177,353,900,430,83,104,280,94,629,520,40,325,270,143,519,89,856,18,973,424,36,108,707,323,782,168,843,824,57,40,291,833,293,498,212,583,597,22,372,78,536,921,393,722,130,541,524,667,334,878,1000,546,641,370,71,875,255,19,166,954,461,999,508,61,436,455,955,894,766,167,649,192,648,543,755,729,896,222,67,360,527,237,411,689,401,150,116,270,793,414,784,474,585,723,337,8,414,640,846,326,517,705,967,660,138,180,758,314,545,219,536,522,793,375,341,624,560,424,549,67,14,848,609,795,775,350,58,61,106,829,902,590,169,838,42,956,12,239,144,197,259,337,424,449,147,266,103,691,653,625,172,346,742,245,876,149,52,6,83,784,985,882,712,617,368,475,145,369,21,277,40,179,566,778,602,632,994,543,784,225,177,132,336,90,347,5,726,448,135,272,158,173,752,852,868,625,598,69,242,162,964,112,753,631,181,805,415,150,433,691,347,892,388,471,434,670,607,430,72,168,140,853,378,655,939,931,807,239,847,765,952,23,97,873,89,798,856,691,394,527,675,852,57,931,495,597,569,382,543,915,357,934,770,355,383,256,775,265,369,125,119,143,484,408,948,738,975,649,17,232,369,811,200,257,483,452,302,783,418,51,960,741,167,254,546,120,132,48,784,22,739,646,178,368,410,31,790,246,943,89,131,550,506,714,134,966,227,268,863,235,552,349,197,298,177,375,385,853,731,179,413,66,990,428,626,947,671,494,945,47,123,543,17,698,834,494,236,140,630,115,129,11,719,258,844,774,768,953,307,515,423,62,383,333,980,319,628,897,711,533,109,850,478,279,222,512,847,169,265,933,20,618,435,506,785,77,970,789,640,255,149,507,105,607,176,802,913,476,507,558,751,12,157
154,198,198,547,30,395,766,301,288,830,613,358,911,631,762,885,281,646,36,293,783,196,666,258,640,1000,510,804,341,7,770,493,401,429,464,676,913,992,238,822,942,230,142,765,217,937,916,894,191,379,661,644,353,81,955,283,257,143,281,230,940,687,246,513,507,144,736,955,906,728,994,909,254,283,695,543,818,215,579,288,313,549,142,370,957,482,494,867,799,699,617,709,399,687,149,298,554,988,801,624,462,64,8,404,981,95,984,339,895,240,980,161,881,294,475,880,307,250,838,799,942,967,545,508,234,753,393,392,66,828,974,589,824,968,834,662,435,892,201,518,491,424,21,2,569,870,597,889,179,34,762,266,858,420,548,956,424,354,443,657,414,932,376,253,657,924,3,573,449,385,816,214,377,101,271,551,143,457,107,795,933,921,554,936,341,86,489,150,466,631,885,63,946,555,566,739,135,757,562,533,328,401,429,97,767,58,251,836,475,240,523,89,441,344,244,338,865,485,107,324,623,460,578,182,880,575,346,501,439,424,673,68,907,919,719,819,116,369,767,898,705,762,919,43,705,477,736,716,292,194,620,695,746,180,685,748,776,461,573,969,37,223,7,974,9,49,694,618,834,51,236,760,920,361,415,16,818,678,686,728,564,31,539,561,849,867,267,710,64,126,981,6,860,436,698,766,891,880,860,312,238,804,64,212,466,149,605,804,225,522,387,356,432,499,157,743,104,541,656,214,492,563,713,473,163,595,902,684,885,205,242,726,331,256,15,318,694,640,900,599,865,441,481,506,507,263,954,40,2,21,345,896,107,701,567,614,516,277,463,595,593,87,432,858,585,211,700,155,268,593,83,346,427,438,167,810,375,546,714,247,85,218,425,277,274,280,840,369,156,798,71,959,680,690,588,159,646,993,620,312,64,596,169,140,342,404,75,715,939,358,892,376,574,821,571,767,330,555,390,816,302,792,894,611,152,900,249,413,241,722,811,545,602,583,868,72,912,468,184,766,824,734,184,279,902,963,422,963,847,116,273,153,368,928,337,609,34,327,716,996,320,229,713,767,759,821,246,26,333,800,215,44,522,44,498,374,579,39,654,52,651,548,857,268,486,327,831,212,763,16,121,943,63,991,25,88,759,222,22,385
649,586,414,425,58,456,955,864,506,630,555,745,268,467,709,433,358,502,73,919,385,163,381,326,184,5,993,795,551,636,548,805,152,226,648,566,350,889,855,180,846,308,350,897,453,809,828,893,861,555,847,233,935,317,693,204,78,26,151,223,141,515,693,303,725,198,353,893,860,817,930,460,887,953,257,46,934,59,615,226,830,394,308,608,613,307,800,767,760,942,971,876,269,281,819,664,796,55,251,481,965,718,458,973,64,697,4,720,575,837,425,805,956,485,168,688,688,39,209,43,742,156,146,195,638,427,475,557,432,700,413,15,669,651,351,470,552,837,314,109,381,867,35,934,556,754,464,221,69,116,236,575,870,44,142,680,999,757,506,254,71,955,648,563,986,807,729,980,272,293,789,374,985,222,423,897,639,490,655,185,237,515,887,8,660,942,603,2,879,95,224,284,287,509,254,820,480,359,768,359,123,892,819,97,318,898,508,14,279,966,497,212,891,71,452,677,267,673,806,447,838,806,991,694,115,664,64,799,69,948,768,264,733,745,450,604,702,831,965,895,607,343,232,997,467,956,720,845,722,819,605,871,530,343,441,156,737,356,242,729,422,442,261,394,927,878,568,341,881,60,939,630,765,423,148,758,110,384,354,645,99,595,626,848,828,903,306,493,191,764,702,878,794,859,65,285,637,774,211,786,451,46,373,276,268,426,335,585,785,475,980,716,723,109,859,181,258,767,204,863,333,550,349,35,917,277,390,733,802,661,749,610,69,128,427,245,804,758,603,225,1000,595,419,883,458,521,496,737,355,500,596,882,658,242,8,440,618,494,973,814,932,924,996,802,788,242,268,385,441,889,895,117,605,698,813,434,218,212,613,468,343,494,796,261,166,846,381,155,790,55,738,516,450,919,319,804,35,122,46,729,557,335,985,164,163,270,897,267,253,173,484,69,567,894,314,964,667,635,3,850,546,291,940,244,494,950,981,158,590,629,851,751,384,460,175,312,59,780,102,957,218,474,756,872,807,41,181,516,270,959,280,775,121,39,120,124,880,935,295,524,943,282,759,585,313,771,303,308,117,593,750,690,163,496,222,297,369,329,850,917,439,739,886,923,732,582,26,755,564,141,107,270,237,226,792,983,740,280,152,705
53,746,543,395,86,582,280,225,73,873,104,130,188,388,97,472,247,11,748,680,18,617,501,837,128,277,195,80,508,309,209,892,937,429,657,361,849,414,216,811,617,618,222,159,121,485,586,25,468,662,710,679,336,927,251,141,850,392,154,11,963,264,594,169,345,146,648,415,460,777,675,731,240,2,130,679,705,469,558,834,98,180,357,431,668,723,961,427,990,891,559,519,648,52,205,223,65,59,540,599,683,459,235,424,585,274,932,675,263,902,26,460,753,632,930,464,27,118,459,530,900,40,882,227,305,960,28,703,416,4,290,241,227,415,196,922,506,981,92,617,120,662,916,726,868,231,739,930,5,927,750,250,221,745,492,173,724,450,900,123,154,757,502,18,900,141,662,777,58,896,27,979,228,76,116,292,2,499,912,258,722,97,126,684,17,678,713,485,828,261,731,739,443,48,891,525,620,802,567,356,690,870,920,779,576,791,425,467,332,292,905,535,767,304,177,67,619,691,955,895,577,574,775,614,856,113,96,473,934,183,279,630,747,639,974,913,69,683,636,518,994,538,950,471,462,133,369,578,762,369,120,718,394,268,181,126,4,568,266,424,578,73,474,866,210,405,93,891,664,411,486,981,582,481,600,50,511,603,194,851,655,244,633,296,103,525,133,890,488,315,288,805,975,657,183,68,239,101,679,776,764,819,638,351,525,240,604,733,178,426,167,300,620,591,723,487,826,904,95,632,810,13,569,161,964,774,596,953,514,808,960,547,406,351,264,243,914,769,712,888,134,555,104,279,26,763,326,437,129,724,959,409,820,723,6,403,616,961,384,917,848,542,357,220,491,133,196,219,101,472,277,63,526,537,652,484,106,225,449,894,98,518,509,102,802,367,165,42,172,717,442,450,616,29,580,428,908,140,247,165,798,838,669,109,471,800,973,134,512,714,215,369,970,976,435,816,0,721,623,316,208,679,36,746,176,426,17,636,149,780,854,800,287,375,576,441,421,864,903,912,782,508,678,994,998,901,273,358,546,245,574,255,812,311,243,336,765,362,866,938,10,278,250,510,782,798,865,695,171,106,228,68,680,915,42,918,856,880,985,81,477,569,927,943,246,583,610,674,599,278,639,63,439,599,620,950,786,728,82,898
548,891,496,780,617,850,193,193,23,744,70,207,476,681,645,151,717,603,414,86,88,558,274,460,395,650,668,899,2,444,974,86,368,198,128,550,569,12,333,176,729,521,196,391,630,809,193,828,298,21,992,950,803,586,260,421,732,88,818,534,525,8,313,603,938,277,999,679,894,636,640,9,550,737,382,168,924,421,132,388,429,623,486,905,39,386,812,619,14,58,280,282,407,548,127,777,746,245,941,786,413,51,719,241,856,89,79,259,419,541,879,994,506,372,632,190,653,1,450,272,194,296,735,948,869,728,695,951,70,674,825,450,397,300,646,739,148,599,922,353,312,63,825,356,445,11,661,576,846,519,889,632,118,721,635,356,17,618,907,252,835,819,441,813,453,535,494,853,8,902,927,637,403,926,825,557,36,118,890,663,657,663,955,162,744,335,392,109,980,977,467,672,658,497,445,189,677,840,690,277,555,126,136,641,55,152,118,643,577,543,138,803,61,502,991,661,645,127,553,887,769,582,210,173,476,124,492,468,945,966,636,829,445,704,216,594,238,791,119,803,233,893,779,416,678,343,961,706,895,186,669,266,532,286,385,438,251,413,775,50,745,5,705,697,102,870,885,258,295,803,366,585,937,994,814,761,271,657,449,998,141,637,855,384,289,398,80,252,692,173,785,279,49,81,513,701,129,684,273,423,891,320,253,14,163,631,200,861,514,455,668,736,201,712,803,160,991,556,601,384,656,474,723,839,513,533,631,787,726,808,430,735,495,989,953,604,667,985,989,636,305,28,113,636,912,886,158,231,991,120,342,747,858,278,827,979,607,250,73,34,339,356,618,829,983,589,567,955,47,723,86,380,822,807,224,373,190,573,485,101,345,580,645,979,909,311,961,607,527,553,73,963,666,849,102,753,781,890,902,721,666,507,119,422,704,795,314,913,39,561,304,860,96,852,77,733,581,869,403,969,475,91,787,228,480,116,56,918,110,0,489,373,196,85,460,586,984,363,227,446,55,821,104,798,84,94,445,776,544,633,579,477,61,618,901,385,433,915,877,15,357,393,664,576,726,292,7,655,471,419,750,424,7,786,842,741,987,918,553,328,438,133,337,585,42,234,627,540,298,815,556,484,665,692,833,128,295,394,742,50
417,754,67,454,46,798,817,833,857,653,747,442,872,887,556,622,819,75,461,499,938,836,646,458,913,940,582,811,273,624,850,385,575,876,702,318,231,632,556,751,923,390,480,24,533,863,889,664,243,895,732,126,573,981,947,379,596,935,812,247,584,11,923,961,901,205,703,858,963,183,397,961,429,512,858,454,69,262,476,238,315,749,144,198,208,79,354,445,436,607,159,958,184,147,610,344,433,713,200,948,241,692,255,585,342,925,671,419,578,399,898,657,203,279,461,99,123,34,155,789,135,930,863,710,906,518,766,791,724,682,235,693,843,319,189,957,656,71,228,609,356,991,225,167,83,539,496,252,391,809,362,670,403,296,576,463,686,814,391,706,893,985,510,218,764,284,371,509,620,10,795,666,207,949,299,737,264,284,836,340,323,373,359,56,92,532,585,59,878,72,180,435,685,183,721,676,681,450,225,581,691,358,822,932,435,779,329,129,499,385,709,589,216,332,374,876,998,862,863,213,447,311,193,883,323,27,518,660,576,381,586,189,513,844,10,692,362,17,954,976,173,994,815,551,603,564,160,227,314,47,788,264,728,325,724,864,316,372,805,671,974,825,627,607,898,913,405,942,661,430,256,897,393,395,147,600,145,93,721,650,258,815,841,331,939,5,268,663,117,422,63,490,185,696,61,916,776,820,603,245,48,644,217,982,183,683,354,846,652,581,615,468,215,994,750,207,798,739,578,305,494,67,766,685,224,118,505,140,545,136,116,702,75,283,242,351,959,13,989,672,566,204,469,615,153,755,600,171,290,708,301,817,769,136,925,856,698,833,17,57,498,962,212,267,11,358,957,619,466,691,981,356,974,832,146,411,219,42,589,62,820,826,977,886,766,893,545,4,862,914,822,378,824,828,919,959,700,285,138,709,199,358,468,789,885,766,773,22,119,359,927,76,688,644,893,638,353,254,269,176,68,110,958,37,177,670,774,121,479,594,9,122,559,949,854,120,298,988,553,615,431,626,870,118,164,42,1000,357,183,192,932,689,472,770,100,400,399,150,216,118,103,866,526,4,352,254,122,966,917,245,360,366,964,419,723,260,105,956,201,550,295,610,114,781,481,547,27,534,184,671,11,964,37,52,285,502,884,729,807,43
456,203,921,865,104,117,586,911,262,341,626,28,250,164,747,799,276,596,528,646,705,232,765,431,778,624,162,178,63,398,316,336,281,541,599,460,427,963,820,554,569,952,68,126,296,553,503,161,446,415,422,653,4,440,332,138,422,815,87,329,903,190,662,23,218,947,932,987,727,482,524,427,962,924,627,141,452,175,853,432,452,359,614,52,525,873,567,664,489,747,316,58,588,854,224,519,226,234,789,850,947,183,599,874,504,859,478,187,794,863,512,202,219,864,237,879,267,586,298,69,971,388,921,88,81,849,48,946,905,783,398,341,7,524,116,818,584,338,987,807,347,122,98,676,602,583,154,266,37,315,26,267,780,395,458,846,565,903,685,532,293,454,66,313,29,846,185,210,290,646,568,996,320,363,911,605,781,174,642,587,261,464,950,467,835,732,58,68,396,899,772,37,228,414,703,806,629,700,973,599,953,813,915,744,723,993,38,9,398,368,872,29,476,835,956,623,274,320,675,334,235,420,615,397,230,165,955,497,263,368,334,470,238,39,365,96,522,966,380,801,519,887,981,964,742,297,842,445,186,998,691,380,86,804,914,936,711,782,522,751,241,810,975,523,853,258,915,514,946,873,446,86,213,44,231,743,973,664,720,882,421,727,927,930,134,163,354,118,174,416,982,386,797,403,49,840,990,366,697,466,739,284,203,146,224,81,452,752,263,904,831,504,641,78,28,745,903,633,565,728,706,648,290,137,408,608,993,257,474,469,363,994,929,351,413,61,54,711,842,60,492,460,939,406,610,368,310,405,113,916,860,454,705,986,180,544,581,62,601,795,436,4,485,196,555,108,323,372,64,366,543,704,639,692,805,740,46,253,184,581,213,697,305,321,673,502,85,982,822,86,998,586,467,674,43,684,327,395,962,217,317,153,300,239,26,35,752,418,608,632,684,101,564,864,471,646,401,515,965,103,682,242,135,125,729,718,554,647,477,462,43,932,817,618,689,204,863,443,859,58,343,968,226,573,919,551,800,377,598,632,227,509,505,946,820,937,747,368,55,127,347,656,77,692,658,270,990,88,872,250,953,666,659,554,37,189,327,961,902,428,989,445,404,779,182,369,362,278,943,117,149,386,295,335,28,236,53,649,652,42
534,241,338,144,958,748,221,80,565,636,977,189,86,25,724,435,680,939,423,96,676,246,385,575,710,120,371,395,557,508,925,175,346,163,729,511,893,722,607,55,316,75,363,257,305,738,497,228,969,369,912,521,391,380,749,103,935,481,131,169,934,163,926,733,540,425,694,657,40,580,485,352,420,439,604,577,489,36,199,74,297,710,918,465,772,824,582,513,397,380,597,163,748,628,97,454,715,283,338,645,206,362,650,704,817,398,510,661,628,20,815,214,249,977,93,208,877,673,350,551,446,827,515,389,288,903,937,101,483,224,735,141,676,303,999,339,303,900,790,598,499,785,541,575,178,458,855,464,27,127,698,972,516,167,768,741,240,624,968,516,177,175,204,661,479,245,458,983,961,670,890,366,700,928,384,31,633,624,728,850,89,625,422,58,887,490,24,568,128,615,794,74,258,356,559,250,991,593,348,44,78,599,243,677,951,915,290,778,873,747,507,460,113,46,769,926,849,221,769,938,962,4,565,538,708,440,772,638,95,979,341,383,933,313,781,546,783,834,545,666,753,415,618,422,76,594,686,457,483,817,557,272,44,307,440,571,268,380,771,775,739,973,840,799,47,253,326,884,216,900,440,43,794,24,788,409,333,123,641,311,798,48,578,411,470,569,139,937,483,458,846,274,761,20,100,693,517,601,495,803,99,188,313,786,435,380,86,74,109,161,819,560,279,213,465,502,140,262,15,683,668,483,257,376,366,499,811,617,401,977,613,298,439,988,866,788,1,492,457,671,636,953,107,671,510,422,998,2,642,642,603,856,223,92,142,840,314,606,759,315,543,126,486,282,0,792,723,686,938,950,926,740,671,582,934,826,119,164,892,452,705,221,537,875,944,210,512,402,423,299,195,190,917,781,881,157,471,353,723,663,435,582,954,782,667,350,877,127,419,971,897,568,545,931,71,597,787,505,548,557,752,118,985,793,733,832,63,131,694,758,204,146,970,378,84,922,923,873,504,634,562,751,798,650,831,505,216,649,327,811,596,562,441,528,426,379,658,167,867,74,127,146,180,730,396,413,174,491,450,820,639,525,20,503,142,629,297,115,777,459,284,362,259,78,64,910,343,570,550,964,622,798,355,632,733,776,997,200,845,644
634,76,769,824,392,908,780,874,939,328,764,410,887,861,818,434,227,889,826,233,821,83,302,144,403,787,547,267,957,606,689,640,216,584,562,890,418,911,872,686,980,273,163,712,964,418,521,999,234,901,206,596,980,839,65,639,398,205,592,103,515,826,749,617,602,231,720,133,744,890,572,525,131,168,512,883,905,572,278,837,475,465,397,580,510,217,169,512,951,708,382,316,711,916,261,599,797,597,46,411,76,426,493,823,535,508,473,992,773,629,421,795,717,505,253,933,104,453,17,551,298,97,894,212,215,832,974,439,908,908,395,98,503,757,131,696,127,254,481,549,239,531,426,542,943,368,284,61,509,306,993,506,907,702,696,319,96,162,660,14,948,840,392,137,693,999,654,971,52,539,471,442,649,970,664,399,401,436,858,832,77,595,659,1,203,119,345,573,527,150,228,859,57,286,927,105,613,298,16,153,290,457,389,730,739,591,100,571,234,724,6,395,621,631,805,363,358,904,249,816,431,165,63,12,296,455,691,520,632,510,787,351,265,103,163,936,561,29,401,706,314,26,397,329,263,974,994,932,707,836,831,107,856,459,884,318,652,361,157,943,655,821,279,56,20,630,142,531,972,849,348,630,490,185,568,270,776,591,416,132,117,282,971,280,973,667,748,497,415,329,773,143,683,514,457,715,124,513,21,912,134,521,632,282,747,12,866,477,558,434,502,685,75,905,587,677,333,32,720,956,283,734,655,120,568,935,943,190,113,696,551,498,107,19,81,650,616,146,416,917,62,193,837,926,432,562,856,406,905,717,2,658,719,98,979,360,160,493,961,592,514,839,70,100,939,639,34,65,308,788,920,761,337,92,448,561,240,174,795,310,233,756,221,225,680,407,924,313,967,881,672,212,215,947,457,144,85,602,904,92,500,510,811,220,648,805,942,683,196,780,449,178,700,104,152,353,988,321,874,99,804,40,348,712,599,849,374,443,201,547,708,606,674,372,724,37,907,420,111,899,972,80,129,976,351,497,10,157,494,471,566,777,126,891,771,906,982,951,830,90,255,580,885,476,552,423,13,421,19,604,845,297,381,689,730,444,441,487,686,536,401,354,171,767,721,934,60,41,612,153,403,457,909,738,889,490,882,353,30,201
777,306,472,811,152,867,791,614,956,173,973,544,997,732,571,354,931,5,700,355,490,257,422,198,423,19,516,439,577,504,989,659,806,206,294,950,146,724,810,576,738,497,129,885,466,856,160,628,158,21,298,599,721,756,443,382,600,900,750,67,332,186,786,777,167,337,215,380,638,593,286,513,966,172,423,792,777,491,19,910,703,557,390,287,65,261,780,141,795,981,697,63,331,645,418,632,906,577,884,337,378,984,161,479,216,733,569,465,126,901,920,472,813,226,30,402,822,741,314,288,496,183,434,690,474,846,605,96,336,76,84,227,516,316,193,441,504,542,22,546,202,36,638,980,272,809,186,719,593,505,870,241,919,949,317,976,354,337,856,460,72,590,509,788,990,806,835,707,994,205,586,565,8,337,309,887,874,816,422,113,436,542,436,998,486,559,77,915,828,771,151,734,988,511,819,909,198,481,69,372,347,736,489,165,656,771,243,435,372,902,473,5,837,841,440,545,733,120,958,723,958,348,620,565,763,6,358,962,441,782,114,574,99,978,530,755,469,318,191,669,920,112,963,336,687,678,97,703,748,346,550,10,490,561,165,9,241,399,245,688,231,316,920,651,743,366,366,625,911,316,862,576,164,453,859,611,633,920,133,159,381,28,937,853,400,342,293,759,628,946,66,29,866,602,68,79,435,871,51,665,216,482,219,767,24,189,539,16,848,642,30,220,90,494,126,101,346,432,650,859,957,205,521,199,486,283,747,108,595,474,364,372,632,511,378,985,101,64,773,710,561,31,722,107,107,839,618,206,697,721,789,960,677,91,801,527,358,149,248,470,681,613,824,868,613,433,368,856,592,611,899,779,447,422,149,873,602,306,337,12,742,612,752,793,779,431,587,864,78,586,621,216,92,180,135,76,200,245,558,39,344,722,683,801,703,814,333,233,577,463,403,805,293,602,417,941,536,227,761,651,13,388,626,88,623,970,520,699,644,134,772,121,300,432,795,68,661,847,742,384,748,901,964,456,339,134,728,258,559,722,768,50,412,951,333,143,804,373,17,112,407,576,663,791,492,751,793,141,962,710,444,117,768,649,639,836,431,143,738,613,952,194,259,945,394,168,114,958,520,609,835,245,561,652,699,288,409,941,762,615
124,338,894,685,1,870,917,975,191,246,49,480,123,166,733,477,483,365,269,355,82,309,66,397,529,962,453,221,541,899,469,251,744,852,218,855,778,578,294,375,975,678,760,144,14,695,891,259,600,642,337,481,501,73,133,916,339,453,509,680,538,21,504,195,789,170,470,506,665,762,99,802,756,435,70,926,655,828,2,213,168,332,591,30,391,32,279,178,832,679,712,954,682,896,538,643,277,289,181,203,711,571,533,378,129,91,324,832,12,880,804,972,836,559,696,695,121,334,162,773,596,851,377,452,482,936,572,588,712,901,195,707,824,339,214,168,946,75,415,866,265,277,417,515,576,502,675,234,297,341,948,911,732,766,612,904,929,70,266,14,308,111,413,293,754,353,865,45,214,133,701,970,925,205,582,824,853,229,627,674,256,881,344,213,366,585,486,800,86,680,9,84,656,948,457,581,467,314,208,777,205,567,127,750,285,433,552,87,263,243,135,263,896,732,148,703,306,89,519,681,599,65,785,730,8,734,490,144,808,609,241,822,436,848,830,758,529,49,466,425,370,952,842,441,327,227,400,658,125,549,544,983,387,495,365,5,796,508,829,107,84,429,831,75,379,964,308,846,492,846,706,224,207,338,830,477,764,851,766,108,626,934,310,351,229,970,367,916,817,369,836,724,639,562,98,24,554,198,193,613,875,855,636,326,150,811,926,395,917,996,328,102,78,699,755,675,985,287,397,448,725,704,884,203,499,820,991,123,470,552,607,41,949,256,281,33,206,112,366,470,802,382,988,614,126,383,517,887,492,258,150,877,368,773,673,384,378,179,88,539,652,783,27,565,673,107,452,775,202,269,20,159,843,756,331,935,444,434,844,932,76,862,605,952,90,123,86,283,545,532,68,599,361,977,625,596,333,201,668,674,693,725,930,967,999,985,581,324,807,679,700,418,984,380,892,587,741,78,90,135,314,280,234,744,515,694,837,260,145,791,205,958,845,166,672,858,291,882,419,912,492,219,323,418,738,289,910,751,421,19,442,154,311,647,318,797,142,985,663,719,491,811,861,906,933,224,417,377,386,135,577,457,40,944,365,132,534,347,602,208,372,577,794,988,818,305,785,649,840,181,257,480,231,809,935,567,984,503,210,688
149,764,548,558,435,343,343,751,175,835,759,41,892,401,191,800,970,611,818,480,125,470,760,402,127,105,711,986,20,221,764,533,436,706,755,434,575,481,995,712,601,338,529,348,365,165,575,637,28,574,41,940,835,405,885,213,192,537,664,737,116,378,869,535,648,591,44,308,329,677,91,933,967,23,151,94,87,991,570,832,69,691,924,220,930,739,397,47,38,782,576,824,347,334,0,395,500,398,604,482,630,187,971,863,877,36,770,132,35,70,641,470,916,936,375,309,889,975,609,75,613,156,171,375,831,779,177,708,121,116,310,137,982,670,210,81,336,496,397,870,196,171,89,824,285,713,162,907,758,323,734,825,207,893,571,806,281,935,923,518,528,309,352,28,475,285,530,140,278,620,85,1000,275,233,306,233,986,778,735,193,625,561,925,756,968,466,869,835,356,949,133,0,894,756,518,621,684,393,975,823,115,842,457,269,43,99,341,163,317,807,543,748,94,576,910,444,5,465,965,299,509,32,795,892,574,917,400,78,919,697,182,339,636,206,678,895,728,155,96,670,99,1,92,586,240,748,503,827,596,83,505,682,724,648,642,484,982,253,444,724,604,282,779,806,482,967,364,545,759,15,648,808,920,896,522,115,438,817,828,880,586,731,78,148,785,388,888,353,5,184,398,44,921,525,888,359,840,309,762,713,970,861,7,733,535,584,847,443,782,499,826,970,459,971,8,872,335,297,816,709,999,527,732,991,986,875,773,948,420,30,811,467,40,239,592,947,806,150,651,948,748,163,230,337,374,566,595,231,257,95,852,13,180,131,178,483,398,268,563,929,601,261,128,848,60,951,736,460,884,844,28,471,259,531,945,61,486,754,594,654,144,46,471,725,207,885,177,136,917,792,589,729,620,925,809,21,764,727,610,236,238,136,350,424,157,668,24,571,197,810,690,651,720,243,608,737,189,59,175,995,875,640,423,48,963,112,612,461,626,986,878,604,0,447,289,941,257,14,425,419,140,216,138,945,449,543,672,882,340,676,88,381,970,624,711,162,22,87,452,87,283,891,764,853,241,719,800,927,859,553,40,468,782,326,602,857,903,506,925,866,239,876,598,979,654,710,139,659,765,913,806,734,761,753,662,519,213,309,293,439
904,758,122,688,940,777,542,628,135,224,530,416,855,224,815,422,360,193,283,803,702,309,315,530,27,522,302,547,203,723,866,902,669,953,113,92,690,474,678,41,242,436,987,390,107,464,507,581,800,416,427,288,253,422,684,816,594,653,810,310,417,691,198,355,679,694,580,117,495,585,222,512,377,357,523,435,197,226,729,110,14,631,914,100,68,693,681,285,218,552,57,1,266,931,823,639,455,149,908,32,271,660,713,433,805,334,691,33,984,142,130,333,575,35,377,90,747,42,945,6,332,268,969,724,75,51,94,497,550,366,30,977,518,552,463,446,291,689,432,653,656,376,987,101,432,526,637,322,7,832,734,606,183,107,98,600,915,482,431,239,280,233,357,927,180,215,377,825,672,58,415,353,618,184,95,228,754,758,577,577,217,889,819,64,972,970,54,562,287,2,364,898,334,338,777,941,666,404,905,379,271,266,409,555,714,329,293,721,405,543,496,365,563,988,526,179,135,686,49,43,112,38,646,623,33,904,760,667,542,383,694,554,54,50,967,749,901,265,112,931,741,955,312,526,894,443,820,531,554,727,769,772,181,3,598,366,337,968,976,476,255,204,474,363,447,972,540,873,109,877,633,245,292,952,268,86,836,930,676,978,886,117,112,320,208,898,706,162,859,605,390,894,562,659,758,42,591,787,448,2,133,466,494,908,57,54,894,680,126,795,897,941,479,436,321,11,319,407,252,770,685,762,439,361,212,997,220,77,61,836,189,886,390,557,236,808,43,998,868,246,339,826,552,713,340,376,32,580,664,575,51,840,324,736,964,24,731,563,425,59,840,46,638,172,38,64,685,172,941,428,166,188,373,722,541,450,667,487,673,197,939,792,779,496,880,923,473,802,611,851,524,952,997,294,866,599,851,155,296,520,667,818,254,830,784,576,733,957,461,609,771,657,83,583,364,872,639,740,736,292,503,956,693,73,458,961,328,666,688,646,746,405,520,945,704,311,486,92,698,54,74,834,832,422,304,650,151,747,931,54,541,490,832,781,42,289,861,991,32,949,778,568,547,916,560,558,642,825,478,320,739,19,776,410,73,863,957,495,924,885,890,302,813,890,945,540,608,430,6,702,242,723,13,415,381,327,955,189,147,518
562,795,552,149,784,338,483,379,60,822,964,759,305,70,75,291,661,889,380,732,767,13,49,241,188,606,568,540,171,357,685,679,876,697,913,823,459,310,212,939,20,424,558,865,929,172,386,803,138,478,92,483,147,567,176,121,322,287,876,685,534,543,741,448,371,214,443,293,82,891,538,12,481,658,512,449,322,31,158,961,406,850,731,957,321,142,999,809,485,997,514,669,304,524,640,806,72,197,26,838,717,424,183,796,959,955,556,85,918,377,385,878,550,423,392,76,921,695,43,724,20,588,39,623,147,745,825,339,503,1000,224,845,472,976,274,859,859,914,401,590,499,33,791,102,798,292,522,939,167,469,399,702,239,568,963,444,16,372,905,600,285,982,802,204,480,373,264,959,190,286,38,806,568,235,410,137,587,482,374,518,933,253,943,711,319,588,885,99,359,893,465,400,926,18,922,859,921,956,582,724,122,621,610,600,240,932,929,655,329,395,284,940,688,223,655,100,95,31,227,583,233,724,468,506,337,803,375,634,121,242,467,785,186,355,804,625,767,885,718,510,537,70,673,621,732,338,696,3,601,30,288,426,691,304,33,656,400,705,241,299,244,625,646,98,679,386,899,316,227,758,954,794,886,120,668,862,994,913,724,59,128,95,619,263,998,593,652,603,649,216,856,644,89,224,666,591,763,64,632,858,246,57,25,932,49,839,959,296,344,473,848,65,398,177,729,69,343,509,987,709,905,583,15,334,931,854,249,980,854,16,323,697,251,553,497,615,789,169,505,710,801,264,462,710,660,167,503,527,255,429,353,885,573,758,138,483,948,681,718,757,61,239,704,242,603,163,258,374,46,873,44,449,749,326,342,642,541,471,282,709,301,714,5,990,32,166,762,74,115,681,204,655,639,825,293,657,79,636,618,725,724,993,621,975,231,881,712,3,782,561,541,24,848,52,667,74,678,513,137,54,84,240,537,293,139,727,331,619,171,196,251,537,308,533,791,766,512,69,822,255,643,354,681,931,566,895,99,545,203,506,659,226,509,750,655,500,550,321,194,428,885,708,662,894,345,300,918,137,22,770,49,301,662,948,808,287,398,547,240,258,507,930,451,961,854,986,129,949,165,588,891,321,3,605,521,565,119,0,539,124
534,115,78,713,438,806,529,47,664,732,48,114,806,251,950,573,134,947,606,955,900,863,651,20,1,509,121,606,631,206,415,801,149,77,654,148,292,644,99,78,844,263,138,80,415,769,723,581,100,238,974,301,145,336,943,563,317,101,730,84,319,931,380,373,124,595,593,640,322,547,294,853,514,302,244,201,256,206,683,878,537,852,552,194,89,256,49,894,950,63,262,431,26,589,736,354,753,65,187,390,499,295,181,757,659,185,470,53,959,954,607,589,7,904,662,223,704,965,563,203,946,864,643,838,727,917,282,703,463,18,764,992,352,169,830,436,851,283,32,917,743,192,220,415,659,488,869,849,408,665,970,365,614,523,430,173,279,562,495,426,447,46,519,288,310,572,316,868,510,396,407,49,757,862,37,159,186,264,827,556,985,283,627,106,252,794,921,307,7,571,362,949,38,1000,348,627,553,662,568,963,972,202,986,220,28,753,801,664,714,598,344,643,86,125,827,497,184,40,114,138,83,333,996,421,325,543,876,64,959,764,487,200,124,948,583,267,929,191,51,85,288,836,130,80,393,721,350,370,176,933,281,570,364,559,652,939,627,241,460,401,143,492,881,890,228,217,859,57,316,907,938,700,337,207,155,577,79,568,511,8,65,458,545,918,990,436,646,649,925,407,413,386,995,377,648,873,663,668,892,101,996,787,20,934,855,614,961,604,142,607,818,315,142,874,644,501,872,714,341,151,688,25,961,884,262,808,415,514,3,257,499,272,934,640,138,216,247,419,664,150,607,439,454,205,704,285,350,186,461,741,922,181,629,72,15,78,540,88,877,811,566,719,710,675,701,176,240,36,26,327,606,96,921,436,572,705,95,950,290,930,862,494,284,472,945,920,149,995,825,739,113,384,84,512,958,704,237,812,337,291,510,807,172,850,692,846,67,406,977,320,712,795,177,256,618,978,60,171,331,347,551,233,287,452,893,950,794,395,869,6,31,319,910,718,495,574,244,859,444,589,927,827,724,89,909,848,7,344,1000,254,719,114,804,262,713,108,447,141,195,561,491,599,356,357,927,484,898,281,912,988,661,470,641,116,601,462,873,82,604,465,762,621,190,953,321,488,146,589,17,12,829,892,626,321,727,54,57,110,823,799
79,538,719,26,420,362,549,599,502,112,447,432,931,82,773,792,893,283,252,700,585,959,691,836,919,102,642,703,568,283,150,591,725,916,769,797,870,98,898,744,10,757,413,143,429,473,605,184,47,164,163,964,438,635,124,611,106,167,90,248,71,565,252,250,417,302,383,938,26,349,982,736,761,563,351,468,336,449,17,516,316,484,726,941,566,93,689,48,224,260,264,984,741,377,693,4,667,751,282,164,781,270,309,714,555,553,996,844,123,524,534,24,397,439,334,588,424,138,979,558,778,108,414,122,96,273,639,261,712,415,720,508,56,827,413,299,981,423,607,697,796,599,623,871,897,570,406,889,663,362,461,542,885,98,246,662,632,967,265,769,508,362,610,754,472,353,479,450,616,261,742,628,490,746,203,897,106,535,846,900,414,577,581,39,257,186,110,974,488,520,70,120,436,175,395,280,160,685,159,583,78,471,40,356,316,669,344,523,43,913,572,153,473,975,77,543,344,620,457,430,271,200,742,35,329,63,27,470,791,856,855,648,565,909,138,851,901,447,706,791,869,370,782,232,780,243,529,371,188,517,336,589,427,550,791,897,144,602,129,209,839,422,748,3,556,543,437,441,979,534,677,719,71,438,92,851,26,676,541,51,10,372,199,342,188,525,61,651,766,894,794,898,256,35,749,682,796,375,943,498,674,31,541,721,616,317,209,564,294,463,748,469,646,633,791,523,239,737,536,385,975,895,66,297,874,46,794,255,471,654,672,438,334,897,317,811,931,750,208,941,244,592,585,183,840,980,315,528,966,642,991,91,362,968,329,605,86,255,660,396,398,738,7,918,481,644,857,673,164,789,403,396,633,83,681,352,240,924,329,400,173,354,383,336,69,705,215,64,180,548,796,175,828,763,919,806,290,148,893,762,897,220,58,345,93,203,854,328,301,785,266,107,329,255,273,626,958,526,787,551,871,223,837,242,18,897,37,536,333,94,816,234,679,431,901,311,451,423,42,935,944,115,436,909,0,688,437,828,322,826,794,232,145,314,335,264,645,808,445,795,327,966,396,219,181,187,393,780,315,377,724,518,118,466,824,443,688,217,664,796,159,953,79,370,515,474,55,379,966,120,264,903,499,356,57,626,951,352,483,710
617,695,366,736,767,432,718,967,691,863,112,672,175,179,768,576,292,748,242,347,166,196,127,627,908,55,212,368,778,434,528,176,653,441,610,550,668,230,695,932,786,483,808,340,22,644,858,573,642,576,634,910,573,332,181,754,728,107,633,689,631,493,677,650,489,703,407,345,68,122,706,218,106,696,957,663,485,329,165,764,88,63,457,482,394,100,832,651,375,431,102,365,513,907,498,195,685,20,52,957,293,336,241,929,92,84,592,345,563,798,175,953,984,881,404,466,23,506,921,345,415,405,797,345,428,421,761,955,841,881,62,174,531,838,151,16,140,42,533,609,864,920,355,457,156,252,413,254,610,353,610,516,437,978,830,535,970,51,637,137,525,498,785,641,628,151,371,717,273,562,915,518,445,300,298,205,453,947,44,417,255,663,858,632,945,744,122,661,496,749,701,967,372,335,938,461,788,932,433,931,52,993,346,770,752,256,182,382,527,426,959,512,370,692,760,603,90,680,863,100,8,162,256,500,379,347,366,164,163,496,903,46,240,69,839,125,702,506,415,917,813,569,293,420,698,352,796,589,688,411,375,228,257,95,378,773,115,989,989,276,134,80,735,993,785,18,784,210,61,483,674,350,323,11,314,528,792,717,644,878,943,423,874,838,470,189,107,785,733,486,468,742,419,279,752,416,859,193,254,569,165,548,711,960,132,488,970,247,801,359,485,903,106,89,106,588,547,693,845,355,19,826,997,777,230,147,862,926,396,95,768,531,217,898,476,904,627,790,411,128,806,381,433,718,80,490,622,474,954,571,205,794,115,908,491,82,951,594,851,644,675,186,161,288,514,830,806,389,377,1000,845,647,419,943,558,261,226,303,769,235,192,542,163,123,640,986,598,547,2,353,330,925,685,770,139,327,991,100,413,919,90,763,316,524,222,335,944,344,606,6,57,469,225,785,762,66,59,599,743,357,947,236,842,633,83,577,603,712,7,696,103,502,106,130,943,175,32,543,874,660,491,704,288,746,916,468,375,128,330,199,992,976,634,360,457,527,834,727,566,396,575,159,20,178,460,805,579,516,978,222,979,193,954,562,828,990,328,963,807,668,380,253,408,368,934,457,43,246,904,908,109,414,785,545,842,798,859,818,718,785
575,975,959,531,543,171,497,50,600,241,168,729,632,506,350,410,114,798,595,300,245,224,95,770,221,674,844,511,958,415,64,55,216,891,39,731,184,140,960,367,308,50,774,452,472,117,380,342,66,491,185,36,408,156,927,40,223,76,240,800,826,681,860,287,642,778,957,933,162,81,994,91,668,431,874,198,404,851,473,43,27,697,790,836,940,579,324,248,881,74,653,168,101,618,533,798,291,739,455,756,661,514,176,934,377,584,745,439,768,354,381,613,523,420,89,966,170,694,810,553,597,844,738,815,572,234,777,348,357,236,782,716,413,241,515,291,281,224,41,705,147,763,115,729,631,450,54,150,688,358,162,915,460,608,234,160,352,460,833,258,683,822,337,636,814,568,835,803,285,882,183,801,12,639,118,770,921,605,6,351,597,460,797,468,730,553,380,866,368,543,206,590,211,669,175,501,319,448,796,765,84,234,558,700,32,144,745,515,943,805,498,678,812,944,703,720,424,113,162,206,393,35,565,238,379,965,701,998,63,637,391,101,79,559,482,408,687,277,654,456,38,786,9,899,923,27,662,824,841,149,693,510,786,894,902,518,394,323,83,736,804,865,624,198,158,140,902,404,450,775,299,204,795,986,483,290,963,640,296,68,2,861,683,24,54,879,496,634,436,38,741,415,527,842,464,482,807,729,148,986,52,556,336,771,50,312,678,148,140,404,579,560,450,578,459,631,86,620,286,341,422,638,23,963,134,511,843,707,478,436,551,274,514,672,557,46,572,506,720,913,931,103,170,707,275,980,941,105,634,903,963,423,110,230,677,742,294,538,539,897,734,801,937,649,842,799,944,659,75,44,90,377,567,589,838,184,250,338,212,868,205,435,214,961,658,36,14,629,92,686,816,136,887,81,824,443,522,371,433,331,651,436,798,83,24,724,954,861,701,42,772,724,928,991,549,222,100,706,484,980,262,908,555,595,626,823,429,437,64,573,594,117,763,559,989,231,653,42,488,981,491,559,187,231,859,397,583,147,769,560,151,344,746,542,661,935,766,114,948,813,971,180,670,713,652,299,523,945,311,529,770,963,379,303,860,545,866,419,964,287,107,832,326,582,645,369,614,751,258,74,127,430,803,106,403,938,64,726,209,53
909,173,737,211,726,730,679,787,9,786,470,815,643,279,1000,552,19,788,555,587,877,83,641,258,349,337,788,303,238,608,464,874,943,757,39,469,455,972,940,416,545,935,894,783,57,8,117,211,648,367,173,627,440,27,552,774,442,320,469,474,87,553,664,575,288,434,545,672,578,905,59,384,826,910,395,296,17,964,172,191,901,569,837,556,679,476,555,134,625,577,638,332,939,142,97,635,985,770,915,38,23,610,473,621,357,474,609,823,793,248,49,791,566,517,224,537,686,823,854,439,392,408,103,87,977,849,981,844,349,163,842,703,495,125,330,780,145,686,398,947,992,919,563,539,258,413,638,612,410,466,862,327,954,217,153,720,949,140,263,243,745,297,728,608,871,304,362,610,1,254,817,165,608,748,164,405,498,40,422,57,247,733,316,508,12,256,409,963,373,956,533,73,764,650,268,632,586,71,506,925,35,530,121,876,51,664,258,119,906,455,808,330,584,472,499,386,709,93,563,426,848,64,591,727,826,357,73,711,576,81,65,681,956,203,229,19,607,906,11,351,398,537,893,1000,311,627,559,40,841,380,61,90,8,512,987,309,885,569,391,580,703,192,652,441,209,129,730,697,377,713,675,713,197,871,996,874,848,816,148,978,725,331,937,936,19,12,583,661,862,984,34,662,892,703,36,736,943,48,485,909,50,541,730,6,463,315,103,323,782,429,983,455,160,711,977,119,493,270,157,263,776,559,954,353,638,384,64,912,848,923,980,518,205,51,346,874,613,248,689,29,717,109,654,839,493,996,178,896,225,943,223,432,454,709,630,271,800,913,217,808,953,877,596,211,921,617,655,295,534,10,249,806,219,177,433,205,324,392,897,538,166,814,154,835,455,265,621,260,483,135,806,299,171,531,333,702,313,303,422,142,465,44,228,707,35,435,709,30,713,893,945,813,284,237,394,918,62,813,968,195,443,80,656,739,572,468,470,87,405,671,801,699,613,953,370,584,260,151,347,642,528,931,450,297,434,637,441,373,969,483,208,883,726,248,108,419,518,98,693,309,561,634,908,626,468,62,579,527,878,158,213,431,335,695,439,271,450,957,555,671,980,82,114,307,619,186,641,400,725,19,204,922,404,554,880,833,550,741,324,648
778,215,117,98,864,770,464,116,797,229,153,547,688,633,671,768,68,761,588,23,842,853,46,303,239,737,449,289,383,643,568,953,451,468,950,437,885,647,942,402,899,938,323,299,739,300,335,617,589,1000,810,366,803,829,404,448,930,147,546,751,423,68,635,510,603,155,628,975,573,581,171,90,856,207,211,341,250,59,250,54,135,179,867,56,587,282,543,464,887,637,604,395,621,762,399,638,274,324,831,170,141,664,590,579,280,658,64,514,605,284,173,168,544,455,958,906,687,741,525,495,117,846,89,605,151,197,210,256,318,720,320,24,500,625,785,258,438,60,151,886,24,492,575,34,288,806,633,899,852,451,310,895,437,690,972,766,225,426,702,521,492,189,488,153,74,638,599,125,101,38,952,156,946,237,996,168,764,648,764,637,414,716,60,644,719,781,745,358,939,412,730,646,75,31,2,279,5,891,329,900,130,607,613,894,851,876,321,15,37,942,83,468,60,584,499,923,284,252,40,256,972,981,713,426,278,554,273,435,757,241,331,41,503,412,501,694,93,589,390,910,352,849,959,650,389,962,315,785,456,819,549,470,192,592,923,698,631,983,975,430,508,989,703,230,33,266,685,877,572,455,781,475,73,455,661,228,61,20,176,935,144,266,507,402,427,801,934,647,956,124,443,142,201,956,692,259,129,986,543,404,691,209,296,991,535,997,708,294,282,958,884,972,896,84,446,917,419,829,19,288,441,209,0,230,353,377,948,806,920,579,7,897,195,964,902,557,722,790,284,974,482,75,14,170,420,936,786,392,941,710,561,679,468,320,899,327,813,161,275,533,973,914,507,414,649,668,636,409,22,262,35,257,459,771,165,495,381,666,620,989,951,911,973,445,775,0,477,128,734,157,161,937,159,563,68,684,969,46,763,465,1,367,510,183,861,663,433,642,976,240,350,817,865,581,769,696,587,489,197,472,222,684,37,618,121,757,839,778,854,445,83,773,576,204,72,226,254,444,80,877,885,526,491,75,970,15,134,909,337,925,671,326,19,523,792,296,82,262,956,899,973,928,712,183,641,557,251,221,236,228,52,148,730,468,281,309,703,257,235,378,757,911,503,779,944,595,412,41,415,848,894,882,36,811,52,108,691,687,41,787
3,959,367,713,34,534,65,184,374,850,51,412,603,577,997,283,357,352,754,678,884,305,419,344,797,341,47,714,686,864,225,47,298,972,160,964,215,916,14,129,295,701,614,933,598,32,286,567,156,775,312,394,880,963,756,18,523,899,276,673,123,911,573,622,475,133,467,753,272,973,880,811,797,613,271,407,14,448,842,332,262,576,16,16,692,99,293,832,221,215,81,745,367,576,368,944,993,510,638,858,891,839,559,42,100,658,271,192,607,124,669,658,222,786,55,325,826,295,758,867,604,82,204,32,489,767,46,672,145,113,945,784,338,771,396,879,546,447,335,161,605,721,182,265,113,443,75,58,907,214,105,338,584,515,338,417,796,335,898,812,233,350,629,713,760,801,523,730,763,160,950,725,845,778,558,507,36,994,855,396,741,631,798,577,939,766,687,700,475,698,681,537,663,249,914,147,167,328,665,898,185,126,832,895,451,407,616,968,882,851,544,741,144,314,10,600,189,83,375,412,752,717,328,933,715,117,404,188,910,624,262,691,491,498,134,930,119,167,640,824,476,669,789,66,48,357,191,706,980,718,32,189,142,738,666,503,581,944,513,753,14,475,593,5,724,695,936,970,740,280,510,842,385,145,338,634,357,924,857,233,90,146,347,69,71,676,839,44,548,30,82,919,650,486,941,986,44,950,506,462,34,659,808,1000,748,383,692,641,103,436,776,792,180,909,974,500,370,862,151,991,755,894,315,813,230,977,210,813,364,738,505,893,746,765,321,68,769,739,685,744,856,151,539,853,814,480,489,564,171,843,63,618,885,135,527,650,759,12,582,414,164,79,549,286,453,688,21,621,563,329,459,489,102,844,479,874,81,826,86,132,426,923,403,59,911,284,233,295,625,348,132,670,917,142,526,141,854,957,344,336,91,375,134,667,566,626,636,973,92,235,30,515,724,740,854,888,294,896,354,446,363,876,232,542,286,378,653,623,783,222,278,770,238,796,685,446,144,182,448,216,709,160,469,289,478,472,885,223,494,39,973,108,3,643,558,802,560,189,162,897,995,919,539,826,695,70,79,298,119,493,467,80,644,100,764,52,250,645,110,1,218,888,758,747,668,583,66,731,957,875,215,131,200,249,717,156,807,141,688,401
22,253,869,109,132,843,996,305,107,982,229,592,462,473,961,953,586,486,969,362,75,93,775,469,379,310,902,83,232,568,694,968,242,299,688,138,233,48,973,454,388,603,546,421,791,648,413,643,983,28,450,362,527,90,903,626,660,307,576,759,593,622,84,854,350,928,622,597,761,770,99,819,995,95,117,0,33,873,965,139,593,191,163,40,179,931,22,534,26,88,543,840,457,608,638,46,427,22,380,902,522,814,710,452,747,309,439,428,887,824,346,422,322,252,165,325,9,483,524,488,141,428,71,788,559,612,838,619,404,237,668,484,214,652,848,190,266,806,152,484,497,520,83,5,83,148,985,453,265,837,479,594,188,889,160,120,943,593,233,519,842,971,603,812,155,611,874,254,298,330,764,180,159,773,415,278,881,961,321,702,152,194,615,905,534,448,856,263,767,746,776,643,576,470,86,954,341,771,484,366,759,983,723,931,624,277,443,295,348,411,315,922,520,742,842,821,383,774,833,191,125,967,25,26,935,811,237,215,445,67,547,225,718,871,32,637,856,322,849,113,819,48,940,385,558,195,587,247,233,341,829,749,392,59,153,637,174,980,5,211,34,9,250,185,758,936,340,45,691,670,747,568,61,141,122,594,243,755,347,803,892,837,901,379,251,836,588,246,695,926,372,8,0,872,465,0,179,38,44,171,198,23,353,598,413,146,270,775,93,508,104,616,210,675,264,728,279,799,229,301,239,404,10,847,564,451,11,723,45,906,325,872,118,995,498,98,282,357,474,288,933,611,139,47,634,450,691,429,210,950,836,921,698,232,809,47,980,75,26,915,279,765,150,578,99,346,353,731,743,44,689,85,652,497,960,963,85,891,654,393,360,39,74,886,816,709,239,327,153,259,209,204,994,151,535,37,429,38,250,273,673,151,53,958,710,438,153,23,382,166,739,186,442,535,211,24,184,275,98,142,785,709,36,661,717,505,977,467,931,41,769,568,772,807,17,205,893,327,316,828,626,111,294,683,408,56,994,309,798,883,870,893,953,943,523,387,893,21,463,449,681,396,46,894,506,288,804,757,409,100,538,858,456,930,208,862,490,648,401,587,246,318,67,865,305,900,890,255,720,389,502,742,380,64,584,812,301,763,783,559
671,258,192,244,215,19,498,364,715,279,26,155,153,222,864,781,252,190,424,683,781,594,235,156,286,291,523,175,807,566,127,59,889,753,777,142,132,69,75,723,847,491,527,896,992,798,918,562,292,496,55,354,661,419,61,633,867,788,267,406,390,141,550,170,849,752,677,354,774,275,879,580,620,485,361,706,879,818,615,777,386,884,304,974,356,959,665,199,719,343,31,713,558,692,588,268,824,442,402,622,571,864,952,762,632,811,351,454,16,129,228,258,138,25,257,226,187,581,74,762,541,709,210,356,484,416,644,368,230,59,403,702,590,966,713,884,118,924,827,10,847,336,56,108,495,594,681,891,941,876,291,275,37,489,254,154,705,874,302,142,194,624,675,653,380,128,227,172,455,244,631,382,663,170,332,888,81,998,808,299,54,667,808,302,802,682,456,605,620,279,126,500,823,568,701,943,37,680,69,5,68,357,316,883,515,49,36,446,646,823,765,348,472,380,120,846,845,172,214,67,669,462,854,798,295,473,427,925,742,831,19,944,295,906,666,718,2,975,170,213,95,79,196,580,742,903,616,165,348,432,480,848,946,740,571,396,860,211,904,811,280,22,315,239,641,997,549,500,728,191,616,647,182,381,794,255,12,24,132,920,348,383,166,986,893,337,435,983,81,112,64,78,58,162,984,722,498,124,873,409,887,21,117,637,800,318,538,601,623,982,159,388,295,995,852,209,708,492,221,271,545,819,246,373,1,584,765,384,633,626,840,855,746,819,939,678,139,443,56,239,834,512,378,740,65,976,924,598,145,604,749,702,546,856,627,810,452,895,449,87,919,888,677,639,316,631,684,249,568,327,745,927,855,178,1000,247,467,524,851,964,917,969,814,104,759,162,708,87,513,405,993,885,376,897,922,680,828,352,116,431,738,113,520,877,654,178,837,41,546,134,314,806,22,307,827,109,56,440,791,539,258,431,86,687,530,59,430,216,922,70,515,601,257,744,784,427,436,253,615,728,335,232,554,805,93,912,877,224,901,976,971,194,748,33,502,155,393,585,65,641,44,775,660,176,307,576,947,656,474,763,654,23,97,940,630,250,357,6,12,311,202,82,867,850,912,741,759,792,111,712,991,913,653,711,898,952,910,99,662,523
22,336,785,940,260,980,308,705,406,413,6,499,646,472,886,225,601,376,541,280,129,103,467,634,141,889,969,877,112,282,571,589,318,66,467,63,556,823,780,9,723,939,13,673,845,544,584,386,802,219,117,867,476,702,127,834,115,340,844,797,48,288,507,333,585,560,725,643,496,354,487,91,849,835,113,78,424,960,169,937,78,273,440,9,201,303,669,79,397,585,240,108,478,363,353,442,656,965,525,803,40,173,79,828,158,297,394,941,501,466,60,234,21,227,625,100,188,168,350,325,347,939,76,452,379,860,721,251,954,208,992,730,776,964,605,900,953,372,707,161,708,387,889,702,863,674,700,584,244,731,467,201,725,529,280,143,843,72,275,278,844,648,474,480,992,96,117,755,684,51,814,80,998,216,569,706,825,595,241,106,928,306,160,428,639,842,992,5,323,588,856,412,795,165,634,412,234,781,713,993,616,197,822,992,711,949,517,798,766,350,521,683,272,223,833,93,942,745,34,215,540,149,169,294,190,231,651,502,189,561,351,995,265,306,828,28,669,999,863,132,649,235,876,656,109,982,516,215,715,832,900,906,201,748,49,468,213,981,854,262,139,611,176,120,977,902,683,442,208,39,933,851,441,513,452,419,787,193,116,128,124,959,965,495,882,743,590,398,118,758,18,424,394,173,320,710,733,55,515,923,318,523,332,114,80,647,431,4,467,814,389,546,761,160,939,22,639,199,482,33,728,589,694,109,539,64,138,902,698,53,196,444,368,352,752,604,147,24,956,999,958,356,186,861,327,756,640,121,844,848,277,678,260,412,531,784,88,855,312,540,892,943,735,233,995,221,734,828,843,962,209,961,682,296,231,628,98,948,170,951,775,177,248,944,778,178,636,247,738,206,460,925,680,78,15,276,925,786,29,355,256,320,874,942,709,982,669,636,680,631,0,988,753,636,62,933,729,18,960,117,499,459,26,752,444,861,411,390,342,22,143,422,549,116,747,498,454,839,98,514,164,930,253,851,369,997,233,871,826,508,373,190,34,999,626,971,885,927,131,525,130,212,664,386,305,910,461,415,637,774,580,3,837,870,169,238,573,695,215,953,251,692,260,170,212,460,606,384,650,865,660,38,80,304,533,412,736,479,480,877
893,737,216,893,633,486,335,725,34,29,936,781,348,75,458,693,926,211,752,257,848,90,578,838,618,926,601,491,806,546,163,227,328,70,807,775,707,345,614,731,804,75,153,498,642,788,670,537,696,851,738,612,868,548,113,113,247,961,230,694,588,639,969,85,923,350,689,665,489,790,233,863,37,923,809,778,844,585,21,146,697,342,140,312,577,324,870,543,936,264,64,830,716,399,765,623,91,494,729,203,666,345,555,32,349,950,755,638,49,321,21,943,881,438,96,606,553,28,433,796,926,758,407,256,435,162,880,786,237,212,766,239,829,84,460,774,771,809,557,827,623,304,315,711,959,630,30,512,473,904,691,4,642,34,221,230,3,134,412,186,299,786,247,182,478,629,834,571,230,684,155,386,638,142,933,103,941,320,163,627,52,983,456,416,232,458,61,290,374,680,112,36,760,949,720,923,572,304,88,492,882,46,626,809,977,130,853,603,438,748,586,481,93,100,212,569,441,986,659,318,762,630,415,599,386,475,839,163,558,833,426,222,149,593,348,501,525,380,891,877,517,905,196,804,769,869,398,271,407,382,115,849,856,766,180,811,3,839,702,678,687,653,338,670,790,759,525,122,746,624,354,4,768,752,500,877,891,730,829,138,378,620,617,960,817,142,685,147,606,674,58,649,163,403,606,768,612,116,9,148,766,81,839,166,8,627,574,22,892,754,8,157,933,771,675,247,132,610,614,726,633,639,702,509,840,542,773,798,748,308,494,502,363,105,116,778,697,851,91,945,873,713,683,802,106,744,981,808,489,648,367,669,73,387,548,239,190,592,321,640,992,860,156,484,147,488,244,0,719,835,848,368,807,804,998,618,443,461,789,928,984,291,410,846,280,749,844,164,388,413,965,864,391,441,640,395,784,932,168,524,802,363,835,654,940,411,465,47,433,948,489,198,748,80,144,983,320,466,643,922,670,698,340,305,724,324,949,26,229,68,170,45,913,688,879,110,906,505,605,235,314,170,534,499,22,901,703,450,290,339,547,344,234,950,958,398,99,580,988,973,527,98,437,807,629,9,682,690,326,426,768,711,907,121,272,510,340,918,48,937,294,712,405,774,417,132,717,911,363,249,31,522,401,470,576,93,299,739,530,502
61,590,651,658,906,84,371,174,345,360,125,244,744,300,596,647,890,738,508,513,909,861,646,788,275,113,929,839,928,405,43,521,971,963,864,11,615,244,747,521,771,606,419,422,588,254,57,442,362,51,368,778,906,722,515,378,754,653,212,580,920,588,925,224,4,443,528,649,609,541,599,249,766,194,127,46,754,5,571,542,984,484,934,922,313,591,126,147,816,931,954,722,348,133,969,510,171,681,679,47,683,593,61,482,464,572,181,171,449,292,933,998,698,679,218,728,720,217,821,387,404,546,121,758,477,107,787,184,12,802,421,343,262,846,672,541,460,986,788,21,833,826,492,696,847,258,805,116,131,739,318,854,471,433,708,664,605,186,118,697,902,485,169,143,508,375,607,202,143,33,54,829,919,316,254,109,224,506,401,546,679,309,191,851,542,260,872,164,227,576,945,863,826,169,463,596,196,868,968,299,696,533,193,916,996,285,136,123,900,527,469,119,121,908,836,970,827,568,126,158,525,203,564,176,746,931,790,222,430,10,788,383,505,253,663,408,310,777,514,875,53,116,286,418,707,8,877,198,984,70,460,763,223,862,945,772,203,3,890,962,841,546,676,17,272,936,545,793,249,304,522,697,942,480,494,915,348,463,71,50,715,707,710,163,209,698,99,413,331,420,658,758,809,297,468,697,621,685,806,190,286,750,169,555,517,616,766,90,729,903,424,497,168,595,215,990,265,408,955,303,250,246,70,260,60,549,892,355,466,758,463,632,289,415,778,575,568,16,638,590,111,737,710,626,586,248,125,811,871,653,136,617,266,64,241,302,708,775,286,416,658,158,573,866,218,864,105,697,158,82,352,650,869,864,189,786,566,905,16,34,706,366,506,596,885,379,434,243,296,427,378,596,46,970,305,375,833,902,275,575,628,86,205,65,305,308,139,828,786,177,736,918,234,323,599,578,536,442,382,1,7,678,278,409,185,641,558,267,22,541,26,97,107,505,859,402,216,915,209,975,871,563,806,196,759,365,73,635,866,965,658,671,605,345,426,806,699,166,413,380,270,512,154,635,180,770,445,902,753,654,224,543,629,186,627,452,810,22,342,7,330,96,152,42,635,101,102,160,872,667,645,218,455,3,549,659,148,834,845,91
644,806,469,571,264,683,373,737,174,478,781,617,565,551,545,210,797,879,559,425,566,909,627,848,684,91,180,678,892,752,634,168,241,327,674,8,73,548,732,46,452,6,862,611,545,663,195,16,359,669,553,725,12,596,753,286,691,892,206,682,140,261,925,695,989,32,3,956,933,120,460,90,978,762,874,82,991,427,176,372,276,914,843,215,57,939,415,153,625,652,744,779,615,721,136,990,706,551,409,226,428,590,870,72,798,765,2,84,43,498,231,504,659,647,27,393,318,914,644,766,693,354,455,603,91,692,578,305,674,974,896,711,633,441,720,319,459,465,641,934,724,581,361,940,764,531,127,270,26,487,124,617,727,601,415,587,434,483,613,322,94,148,153,746,874,153,804,267,450,626,36,773,340,460,489,328,485,95,123,680,61,29,484,251,871,631,27,582,909,938,988,219,843,157,592,870,681,619,249,975,498,474,687,840,729,496,23,734,313,559,955,679,221,170,965,714,360,306,552,916,813,777,564,726,81,729,242,443,603,117,321,790,568,66,482,140,186,832,36,438,503,328,728,789,592,432,629,845,270,577,638,462,730,970,485,755,119,109,900,49,660,290,259,560,172,920,353,997,859,149,586,708,390,307,953,443,446,67,288,908,759,150,678,781,456,300,215,169,467,601,777,65,988,429,97,781,268,730,92,934,789,932,60,834,873,550,602,59,828,51,345,525,577,750,974,683,89,59,450,437,559,857,956,681,336,86,277,947,848,954,449,772,333,729,283,214,375,280,971,578,584,346,894,365,99,169,194,793,302,201,208,91,215,551,766,139,949,869,2,564,767,1,733,617,790,625,447,438,536,75,85,715,859,865,227,260,306,725,765,176,955,331,199,980,476,951,3,798,214,634,780,543,855,694,984,806,968,791,508,297,175,542,725,367,401,86,790,668,109,469,944,918,647,221,939,13,896,171,826,14,98,812,543,927,638,758,71,185,14,782,884,63,315,127,491,581,426,657,288,822,283,907,224,393,878,512,122,749,788,460,544,336,326,955,778,846,157,750,66,513,747,339,129,687,305,898,943,288,862,78,737,1,4,969,117,567,753,877,680,20,945,974,577,760,44,543,241,686,444,973,371,205,860,154,142,92,50,900,544,752
334,435,640,296,946,713,8,596,75,365,490,559,491,719,824,477,135,239,890,591,161,263,863,253,989,52,706,541,867,565,993,96,537,326,868,19,193,107,56,1,446,572,735,341,828,106,645,626,640,82,476,224,727,113,902,33,961,232,156,521,663,618,96,244,385,933,96,224,743,136,94,234,860,713,811,7,191,164,695,878,957,241,714,886,389,154,378,985,92,564,224,813,228,914,743,750,464,63,78,819,796,756,156,74,680,672,595,433,298,416,191,810,570,548,964,849,737,158,816,918,152,82,228,47,549,89,604,420,723,378,934,851,914,462,493,300,48,338,345,186,881,573,435,920,681,190,921,487,177,989,940,616,159,24,546,514,16,974,642,310,971,338,145,487,166,768,412,872,953,455,833,702,783,702,98,129,91,768,80,92,629,825,290,999,780,460,362,407,130,576,281,819,41,366,683,324,544,984,716,384,15,41,69,766,208,125,552,304,106,677,449,849,535,234,656,1000,822,815,779,898,713,117,83,762,993,542,451,667,126,996,120,157,239,114,994,409,84,293,567,246,600,948,340,522,696,993,14,697,631,45,735,175,821,423,410,561,933,133,824,400,419,90,961,374,209,932,849,952,882,937,907,717,620,554,125,742,597,372,971,957,580,599,271,578,125,226,191,380,30,374,632,567,778,507,996,386,588,898,522,399,112,264,296,849,740,361,434,893,405,784,588,689,148,354,160,484,251,387,654,33,524,220,458,987,451,300,400,848,378,140,654,432,393,460,509,16,545,800,532,247,928,228,741,978,538,736,670,738,197,621,876,890,757,518,970,661,598,695,691,27,898,938,762,915,869,437,247,276,359,659,32,9,210,760,792,36,815,417,343,804,162,743,172,504,723,165,907,48,386,15,599,943,587,680,996,368,224,961,136,757,369,788,303,375,682,566,186,911,115,500,124,997,612,247,586,94,598,850,15,644,125,554,509,130,570,408,609,25,135,822,652,763,111,465,174,194,555,46,635,271,414,176,893,101,326,984,447,978,914,518,521,837,763,280,129,680,844,527,289,560,50,800,916,696,284,448,389,852,518,716,850,415,114,543,454,247,186,52,217,760,673,447,274,153,997,776,878,623,416,661,62,660,816,457,876,999,662,361,904,282
518,163,297,358,908,921,643,14,717,986,832,397,445,214,294,480,550,860,104,347,732,246,39,663,416,477,800,323,825,669,811,651,646,646,413,207,323,420,418,219,458,429,517,717,124,487,523,1,100,148,657,712,436,87,833,121,422,101,990,571,452,817,652,341,322,589,237,106,174,47,639,211,27,656,532,183,10,804,988,537,493,482,207,177,702,840,73,438,373,273,389,718,177,940,172,261,758,650,572,963,248,829,677,476,219,117,171,163,300,776,299,195,557,975,514,973,513,122,241,244,850,415,743,506,737,316,594,101,896,156,971,166,341,622,811,395,547,197,698,956,777,431,701,349,141,129,857,742,941,598,489,126,649,527,701,763,152,144,219,202,620,76,268,472,848,534,112,179,974,182,899,512,116,830,58,854,358,363,145,239,818,882,757,479,677,411,253,195,995,456,77,474,868,375,786,168,3,416,616,498,34,241,718,39,348,20,164,932,293,384,374,466,110,876,226,955,385,213,624,505,897,371,294,714,593,762,971,143,540,357,149,261,267,166,276,796,219,704,630,209,234,977,395,937,624,15,879,517,561,428,276,537,457,425,687,455,852,731,916,119,87,968,76,364,758,329,663,438,207,586,832,294,470,520,675,788,182,12,117,286,501,65,181,156,673,422,225,312,438,490,741,582,207,904,825,41,83,245,477,125,855,114,592,323,88,434,663,525,18,163,380,294,49,99,607,484,10,703,73,570,817,388,712,814,303,646,188,932,597,334,175,106,663,449,886,672,83,803,9,487,76,805,586,223,748,217,753,443,873,340,924,649,144,177,843,129,111,759,835,6,966,878,952,466,922,216,560,820,451,612,925,508,752,543,621,774,151,577,277,826,169,323,816,234,674,321,337,250,101,88,539,931,568,696,718,457,184,882,289,873,892,28,915,164,754,528,211,681,959,73,1,423,605,720,88,220,375,873,971,822,658,71,931,496,606,810,106,649,258,759,26,739,624,554,905,875,653,539,909,43,134,488,82,307,126,10,173,560,588,844,978,26,70,466,972,927,740,364,599,24,99,592,403,430,425,941,10,683,533,361,917,962,876,425,225,74,722,147,274,954,663,312,210,278,529,391,504,485,599,723,286,661,660,376,901,978,996,818,668,825
585,381,188,725,945,677,665,185,114,9,254,107,30,949,187,852,944,47,664,859,79,271,300,142,688,190,504,233,653,692,502,913,60,487,849,547,213,780,387,981,885,681,155,20,258,215,859,346,934,895,823,260,869,563,214,688,300,723,298,668,145,888,623,908,408,739,432,157,950,97,292,280,621,283,953,71,786,711,633,681,632,486,814,675,998,102,522,881,620,756,992,370,513,415,193,197,459,332,163,633,940,495,940,985,950,230,415,687,193,501,885,795,30,794,692,3,975,310,849,513,653,131,685,939,612,555,996,945,734,760,908,204,451,843,450,585,546,934,936,893,10,881,75,137,273,967,546,52,304,819,551,750,984,676,698,227,124,838,43,995,763,763,324,198,577,192,316,347,228,116,648,838,591,492,560,300,661,915,109,854,550,188,645,816,617,482,53,438,595,424,243,486,40,173,301,182,594,271,982,812,447,192,446,544,840,327,422,215,895,418,766,509,486,911,776,353,736,286,548,962,703,966,441,353,638,519,48,425,475,388,705,310,85,525,328,527,147,609,923,920,879,323,89,421,323,470,788,130,197,229,922,152,485,134,839,564,735,688,238,489,224,116,558,728,563,720,706,273,90,348,604,418,996,836,540,2,271,389,138,879,582,296,273,929,391,570,69,889,152,632,856,990,533,889,734,447,724,974,979,10,659,554,432,523,526,908,478,182,761,224,653,229,596,37,207,954,430,945,255,690,331,794,785,406,344,75,651,240,628,922,305,313,660,474,470,787,583,853,489,512,665,774,102,248,789,82,723,249,611,515,919,283,682,705,254,799,79,231,173,943,898,531,51,875,786,511,923,992,124,286,113,121,198,708,255,576,696,878,255,202,260,497,970,914,579,240,548,414,416,157,782,653,703,616,299,375,685,592,895,703,290,257,853,139,992,449,313,607,897,615,970,234,532,680,464,507,568,389,400,496,676,348,984,735,273,313,137,947,116,781,80,361,612,965,565,253,775,467,68,882,730,10,792,809,405,189,970,234,221,327,835,79,250,673,450,151,778,33,933,21,842,603,712,211,498,675,857,499,984,636,983,342,601,740,584,184,222,809,149,811,999,450,311,241,650,899,745,868,828,561,101,595,696,819,652,50,718,82,828,137
880,182,840,952,561,161,726,287,105,487,576,405,567,878,704,523,507,136,533,766,333,359,972,953,747,415,70,344,732,15,117,131,551,994,172,18,849,151,847,431,609,793,184,523,137,786,96,668,302,354,363,876,855,916,333,334,482,113,405,468,173,927,834,679,861,913,305,875,367,877,885,885,401,523,282,242,60,374,124,289,327,589,348,260,3,868,228,704,0,133,706,762,606,283,427,418,768,141,354,672,85,416,990,582,570,452,177,469,952,514,971,896,74,982,720,151,1,109,257,613,217,478,306,18,412,236,442,536,220,529,211,41,697,876,495,594,638,574,711,438,76,243,835,327,870,673,866,622,797,107,131,557,706,487,76,790,125,96,686,226,779,788,574,563,976,741,899,612,760,686,444,610,158,174,300,239,708,180,522,879,172,14,11,873,3,947,623,573,128,155,923,660,901,859,915,509,890,954,699,644,879,568,168,657,999,776,95,532,328,572,747,306,704,547,18,710,797,815,724,118,112,296,163,916,218,275,869,233,372,333,204,374,366,723,449,646,487,354,458,672,706,119,255,182,237,314,59,141,681,846,458,761,252,731,805,12,657,453,84,489,743,41,651,498,619,542,823,518,965,556,815,918,800,236,475,392,283,581,592,478,394,680,481,224,248,752,724,818,732,690,263,972,954,566,752,221,74,338,729,916,22,646,196,294,940,460,447,135,245,36,403,729,359,33,934,422,569,525,369,810,433,629,870,603,969,867,873,564,829,728,557,320,184,405,127,553,329,360,16,735,759,335,975,116,822,37,241,582,392,708,208,503,732,71,372,666,603,568,785,383,709,375,422,641,2,467,852,995,492,798,935,29,701,71,632,190,30,544,493,466,192,391,545,422,204,265,29,139,49,939,532,161,491,100,467,273,799,295,12,205,768,761,105,592,990,341,37,597,548,992,433,183,329,738,622,843,778,736,78,324,813,314,627,254,845,57,954,593,195,757,65,275,108,733,814,525,472,104,148,487,601,515,607,449,665,187,412,252,617,721,46,4,60,644,647,743,626,898,292,777,667,796,870,144,720,248,88,999,515,537,186,348,6,44,25,491,970,912,92,75,515,142,949,337,358,938,1000,127,606,467,171,594,60,706,419,29,244,574,823,161
926,174,458,923,712,225,221,607,847,546,70,246,798,701,900,120,931,411,420,436,562,950,712,285,853,870,35,867,832,819,567,173,697,846,382,499,40,882,372,886,339,102,75,742,59,87,372,262,751,284,117,550,824,593,616,318,147,189,619,624,188,683,867,963,603,329,9,925,732,502,915,841,245,902,182,622,329,903,138,867,680,939,454,370,676,141,11,587,534,112,890,44,494,362,632,432,570,187,441,796,843,518,653,409,48,423,905,101,839,588,299,575,545,20,947,660,556,571,891,390,645,292,683,662,739,151,983,351,253,902,25,502,252,49,212,641,64,724,245,566,68,318,268,224,140,537,275,141,512,157,313,854,613,195,835,10,272,129,981,983,6,147,955,629,325,171,709,528,65,130,786,322,962,718,825,661,371,211,458,645,890,218,980,520,956,780,749,691,19,5,89,697,78,680,29,116,543,5,785,641,708,584,889,580,951,171,769,715,195,127,525,18,957,537,986,210,290,47,679,470,366,892,426,291,817,790,673,540,291,346,155,359,221,240,499,814,597,425,57,61,402,259,413,841,908,478,952,767,4,389,493,816,294,370,258,803,128,811,448,480,859,959,728,233,505,972,639,151,33,752,245,44,445,59,213,72,111,709,383,863,175,30,119,834,604,848,90,828,344,487,835,394,83,867,321,431,385,648,171,549,412,592,706,172,673,63,56,278,334,928,430,748,262,752,438,317,77,74,320,576,446,894,516,78,779,297,830,230,771,592,180,443,118,203,821,705,175,912,186,711,912,140,898,74,237,816,390,184,523,985,613,274,469,71,175,365,982,850,553,101,313,284,783,61,195,303,782,139,975,176,588,888,425,646,318,349,434,33,420,175,231,318,755,547,67,177,218,560,359,964,135,622,983,205,307,359,880,532,499,279,200,248,437,573,175,137,945,198,591,48,829,48,220,987,624,448,290,66,406,875,179,52,913,263,237,317,328,713,392,959,851,28,53,9,978,602,656,579,212,615,4,273,566,124,82,274,626,435,18,396,320,50,830,696,549,614,455,98,312,746,101,835,265,783,678,289,274,990,931,221,423,24,49,991,583,101,461,138,524,36,867,392,166,925,493,254,277,21,590,133,668,483,165,343,30,650,18,493,908,255
612,136,707,815,214,410,31,705,40,719,809,878,940,51,879,932,728,538,539,1000,867,700,616,586,755,813,416,928,591,566,287,866,485,820,239,465,401,365,26,314,53,20,221,399,117,537,517,52,483,451,567,851,114,776,29,115,907,496,127,92,702,122,578,326,786,24,408,862,118,352,976,54,651,266,626,363,478,810,313,366,952,326,456,503,632,369,999,159,390,989,154,573,773,618,698,3,136,99,314,805,316,368,141,334,478,761,488,642,679,0,461,572,656,503,401,208,652,133,96,818,710,631,879,5,794,665,199,748,429,911,719,204,157,712,900,48,799,725,411,501,9,198,412,113,919,672,946,798,72,619,163,1000,565,97,553,638,514,408,367,559,961,188,439,372,429,321,54,624,20,161,221,320,318,84,129,8,448,423,798,403,222,618,906,629,329,306,386,678,388,803,695,745,477,314,989,27,12,50,625,751,410,356,987,342,653,899,359,277,821,196,27,776,750,93,336,560,685,156,341,613,385,816,318,607,407,137,407,777,66,843,864,18,504,748,174,158,95,380,964,725,519,266,797,937,942,581,782,23,406,373,112,211,788,819,777,660,661,472,682,453,827,427,888,144,80,706,123,704,608,254,75,573,7,163,245,207,828,621,898,213,393,740,40,431,259,163,534,3,875,903,616,273,547,99,229,923,37,279,681,918,334,997,756,192,547,494,245,278,31,585,915,165,682,47,680,824,102,102,451,435,390,506,998,960,586,528,256,619,886,51,889,289,304,237,89,147,916,582,661,595,294,32,920,956,775,994,40,717,710,79,523,662,469,25,80,901,947,279,856,390,751,765,63,343,701,963,196,99,734,994,995,656,998,510,799,443,853,180,31,109,199,486,252,482,386,420,314,190,288,465,957,74,213,704,169,895,234,275,360,289,82,809,935,773,234,911,493,682,574,927,149,81,343,496,628,350,632,920,738,629,62,871,356,220,967,629,576,484,152,868,151,732,741,319,191,713,968,493,508,250,853,993,823,123,761,914,176,925,968,835,959,580,434,174,342,238,310,587,58,122,249,913,266,460,405,560,386,69,341,202,422,847,335,177,244,491,691,432,405,398,465,123,935,842,907,148,690,160,240,609,350,396,642,661,79,898,922,609,472,433
87,134,857,603,746,12,901,78,907,864,730,370,371,292,879,20,584,984,250,918,965,894,923,486,515,849,526,913,216,286,428,478,485,209,930,152,829,332,205,698,92,494,991,471,954,390,659,348,860,657,518,557,935,827,214,250,124,844,718,149,994,442,580,456,470,104,540,140,156,997,929,645,167,775,499,270,45,984,468,191,406,90,520,179,473,109,830,685,259,321,691,68,686,111,904,514,444,437,582,899,677,778,66,5,867,710,222,756,231,688,924,441,545,697,691,761,597,923,177,22,700,421,585,741,144,820,961,40,451,137,305,842,493,680,408,376,835,963,493,271,983,126,732,520,863,379,835,150,699,337,121,938,659,427,904,738,901,19,884,898,411,91,417,408,380,319,87,439,458,307,390,332,236,66,528,414,938,991,111,84,952,618,607,743,787,801,979,961,93,12,256,41,934,720,782,362,328,418,167,216,422,820,346,567,700,137,319,603,948,497,865,518,351,642,419,93,716,262,52,364,48,809,2,657,705,479,905,100,174,1000,91,674,868,373,508,218,579,743,429,994,460,466,881,854,968,3,990,987,92,977,825,75,60,887,576,963,363,82,59,441,955,971,114,627,341,913,735,968,758,48,4,726,880,823,338,407,449,980,432,178,586,593,1000,633,942,227,192,863,517,756,91,786,222,655,432,734,106,475,418,503,385,694,906,44,660,240,364,757,656,307,840,617,811,175,726,842,610,572,273,953,650,633,261,767,228,360,595,986,465,112,289,710,884,826,572,287,826,958,381,159,76,639,168,647,797,63,430,213,491,359,367,3,269,716,476,596,861,479,477,888,141,907,278,128,825,794,695,280,280,261,577,1,138,894,314,135,890,26,455,506,280,758,73,370,33,523,247,828,200,53,942,697,295,910,19,904,426,653,338,623,136,371,608,15,144,556,989,266,201,768,335,638,256,534,309,444,962,646,143,67,635,481,120,582,163,251,469,938,190,511,786,554,617,655,347,809,985,599,331,465,213,77,153,90,169,911,190,471,212,746,524,503,548,200,73,934,813,664,824,208,566,760,834,502,636,438,963,617,348,688,706,550,919,428,9,119,302,87,426,574,71,891,277,93,1000,0,954,364,942,667,382,654,36,68,547,481,232,979,632,915
50,292,343,780,550,259,553,647,28,396,964,957,984,108,476,958,12,527,775,683,457,475,52,521,131,842,29,572,91,252,375,723,598,416,67,887,572,959,299,46,398,319,832,973,864,232,408,322,447,849,377,576,855,803,110,253,691,543,183,268,545,956,931,851,606,55,584,29,903,723,453,907,855,407,840,35,481,163,752,192,349,54,171,883,15,87,864,495,765,606,258,804,127,157,524,275,749,91,344,169,564,782,558,556,948,637,924,863,249,474,185,293,366,247,14,562,723,817,72,285,279,490,208,155,881,717,804,210,502,339,429,497,102,150,441,831,1,432,318,893,656,633,60,449,792,943,830,348,42,432,745,382,415,54,563,45,571,422,832,598,802,345,914,292,389,519,890,350,505,884,689,829,115,27,902,1,271,29,900,48,34,210,339,500,938,120,74,922,423,481,390,138,555,186,992,561,12,985,411,775,972,754,800,710,780,343,592,401,611,151,116,931,230,506,960,397,503,429,566,177,734,874,729,298,811,637,419,474,621,257,902,361,425,107,812,200,394,171,221,508,419,246,286,596,514,591,703,92,142,785,544,964,620,578,315,711,900,192,581,602,426,777,833,689,410,840,651,325,525,919,106,330,512,834,306,40,338,92,120,924,870,965,119,483,352,316,836,69,883,317,691,228,685,518,104,929,708,937,54,774,685,111,451,782,252,382,607,75,514,473,357,890,9,932,310,850,190,487,217,294,250,21,391,870,58,40,976,994,506,629,805,86,53,699,566,814,91,407,720,500,429,678,966,653,933,166,70,199,750,316,502,321,665,568,111,401,182,642,598,122,342,990,818,140,896,400,717,165,552,355,401,548,658,728,214,969,489,499,29,766,888,721,757,73,676,56,76,98,572,985,512,547,657,972,990,608,385,109,162,909,368,616,46,141,883,610,202,204,280,985,114,518,686,526,118,328,879,159,384,148,554,328,35,794,712,943,634,202,312,638,398,536,335,517,855,579,141,586,970,437,470,304,532,105,301,916,119,177,551,944,708,982,96,612,324,772,867,236,770,517,123,393,624,848,213,730,122,263,342,630,605,774,624,715,809,941,632,646,255,914,10,338,691,568,926,919,45,815,71,279,639,853,536,119,190,726,859,619,174,298
206,583,945,680,742,677,665,488,897,302,513,63,242,335,653,305,752,35,6,762,94,943,285,547,379,851,195,886,680,26,303,711,237,581,210,257,909,459,570,194,230,108,148,896,706,402,873,260,380,965,50,546,863,379,426,727,485,116,406,353,925,27,595,710,160,371,397,961,311,390,890,502,115,769,752,603,148,759,877,802,960,978,161,720,816,105,760,724,976,452,991,34,675,164,820,279,76,477,985,930,255,705,829,325,729,439,433,829,115,594,973,394,945,146,170,440,841,11,135,281,985,543,657,655,855,276,210,936,347,37,288,168,518,45,897,629,416,289,492,135,588,327,949,289,219,689,573,634,632,427,338,725,104,762,159,941,805,75,420,891,982,208,820,880,480,98,281,598,206,829,819,261,94,846,959,68,559,859,593,838,375,928,213,893,71,134,347,331,34,774,828,337,414,29,135,189,594,712,359,801,263,742,340,993,201,500,383,5,749,649,271,726,542,363,236,714,177,743,384,694,737,103,358,581,636,300,841,887,4,650,334,912,465,843,720,462,655,327,133,106,319,784,253,451,107,521,349,859,871,679,556,469,594,624,463,375,862,568,707,351,187,699,36,223,540,938,219,897,561,807,882,733,408,166,705,537,531,363,88,655,224,163,587,148,436,619,384,387,456,401,659,90,250,739,930,299,713,826,809,255,449,556,251,218,801,725,679,436,195,728,608,375,255,18,54,607,920,243,245,722,260,334,505,695,198,655,142,549,73,655,477,892,848,511,296,132,492,821,413,483,967,388,809,934,305,431,192,78,804,703,354,822,612,648,759,192,295,322,513,264,448,871,798,759,187,672,763,81,233,687,363,759,521,983,549,40,156,158,278,543,975,38,34,379,60,551,540,863,605,260,114,321,524,581,660,841,264,28,112,180,538,236,169,23,346,362,70,333,534,46,284,648,82,507,409,70,161,590,130,894,769,393,10,978,341,548,978,39,206,979,48,946,671,728,619,447,792,931,840,699,361,83,110,536,384,64,309,718,543,74,626,432,876,77,36,416,374,71,666,385,364,460,411,76,632,393,222,268,662,954,813,985,297,688,262,331,868,614,557,715,769,868,623,432,929,450,486,991,341,458,305,651,407,342,953,486,533,967,144,963
546,936,243,292,792,172,897,872,73,339,314,553,221,351,496,0,733,941,615,645,950,973,627,422,592,988,923,340,687,267,60,384,869,923,830,337,335,830,101,781,514,705,998,21,299,399,60,886,290,807,733,391,637,512,505,400,947,168,467,127,902,103,967,189,746,185,921,66,187,77,717,475,827,996,691,70,732,592,24,818,498,836,331,279,401,258,937,506,461,883,999,933,41,223,537,861,72,575,570,70,545,217,870,812,104,917,922,741,515,322,17,801,863,327,859,296,868,747,961,373,986,153,148,136,648,650,352,143,245,851,672,973,298,556,427,318,676,407,994,872,486,729,827,445,782,149,29,552,358,981,523,508,902,70,694,487,633,761,938,373,819,486,12,988,130,573,381,91,74,548,23,923,462,975,819,946,873,945,91,972,148,351,939,881,454,699,785,900,193,406,431,938,156,675,671,805,444,238,354,487,645,189,921,665,982,890,4,480,448,788,132,843,416,381,491,727,76,149,60,745,709,991,850,998,343,812,288,7,363,915,226,896,409,796,184,164,418,546,258,357,465,844,830,888,70,340,692,199,907,492,9,710,478,222,33,281,943,65,575,874,70,587,803,404,638,582,744,776,971,956,579,1000,911,349,736,56,793,77,483,974,568,66,827,774,635,93,983,707,242,932,194,634,66,265,546,607,675,55,502,809,466,529,5,810,309,205,55,446,33,656,370,472,230,653,836,23,915,620,823,444,995,75,819,447,275,351,909,74,933,119,630,317,219,188,393,286,381,869,148,76,483,787,696,71,696,618,826,280,796,485,628,297,403,52,359,221,596,71,904,581,124,313,205,98,84,257,867,854,902,538,402,223,697,719,384,901,448,864,116,602,923,674,429,738,569,362,398,662,305,134,926,615,854,542,603,504,147,451,63,323,281,335,593,821,166,941,753,288,349,565,801,636,437,69,382,723,46,332,658,770,594,498,811,168,530,442,180,143,441,556,444,129,819,659,384,982,29,559,644,651,999,864,109,672,964,123,124,892,374,726,906,305,22,726,290,769,301,43,292,876,637,412,943,687,680,8,468,527,627,490,106,695,770,855,804,498,71,241,878,915,48,986,285,992,884,637,56,234,380,506,114,756,614,476,856,579,199,450,892,745
