961,584,814,126,342,61,61,344,729,480,624,372,11,349,55,650,402,638,433,340,821,118,746,906,637,292,295,652,466,317,433,35,436,86,452,787,959,790,354,100,355,864,806,279,903,709,620,91,533,416,638,364,539,725,937,469,587,537,60,432,360,146,918,360,759,179,736,300,518,126,348,637,649,713,163,721,523,859,624,203,725,122,408,555,991,795,458,971,25,152,770,925,525,721,405,639,231,972,444,185,632,188,904,312,231,641,251,827,330,974,1000,535,368,898,5,140,922,109,582,267,834,992,820,353,728,247,556,413,666,217,875,504,149,995,389,426,385,478,373,117,771,820,725,924,627,757,139,328,539,252,650,989,41,824,455,312,908,985,853,383,3,869,713,47,972,128,662,45,496,895,603,800,274,598,997,770,53,407,838,388,552,58,376,42,902,519,155,591,627,933,982,197,320,725,887,734,4,427,954,779
412,149,739,246,216,183,166,158,557,329,794,920,646,869,909,384,116,606,791,103,395,757,592,15,255,228,581,740,418,668,934,244,330,260,757,391,438,352,475,495,532,281,859,458,957,602,119,119,50,807,984,668,206,943,446,513,729,181,697,164,19,235,562,816,38,188,955,735,580,29,123,388,571,724,628,271,174,401,697,817,546,368,794,691,217,767,782,814,336,460,237,188,584,955,597,284,513,585,737,869,467,171,556,971,611,60,319,535,978,389,501,481,676,887,67,793,718,490,286,682,426,647,48,331,626,232,818,744,943,115,832,628,148,529,580,948,381,733,374,510,621,864,120,546,436,461,640,471,990,380,981,125,415,983,454,827,168,965,795,169,276,776,774,651,578,423,732,625,241,368,886,255,836,476,608,286,591,723,264,693,461,520,758,641,431,157,718,684,388,762,285,161,483,215,863,963,660,819,63,429
396,82,974,984,559,272,586,729,141,473,859,737,832,585,625,757,642,7,646,280,796,501,569,403,767,671,907,258,177,130,909,121,367,288,476,269,289,712,413,817,495,783,664,962,289,929,626,408,649,565,276,769,836,607,425,446,539,480,340,165,104,558,581,240,809,585,734,773,562,54,935,736,307,613,20,578,229,976,337,621,820,788,433,394,533,16,35,318,836,821,882,773,110,455,295,395,987,992,127,12,55,951,443,160,842,263,117,475,539,797,132,896,190,471,18,691,498,874,149,899,394,623,594,239,29,595,459,702,30,639,358,46,422,205,398,990,249,896,36,897,790,190,922,557,325,710,475,420,940,525,944,635,476,104,549,699,111,98,77,134,34,22,531,676,78,407,678,255,195,755,813,78,673,920,560,947,778,819,211,653,279,489,383,378,137,593,579,339,982,276,615,978,604,580,507,607,374,573,280,860
85,231,35,215,142,563,175,539,987,182,733,357,560,105,778,681,615,457,479,59,965,138,573,270,713,87,611,585,402,433,247,642,538,769,128,911,29,537,613,408,646,148,567,544,470,379,70,399,769,591,190,280,658,62,468,876,702,510,316,437,780,89,68,479,576,602,521,60,710,785,98,366,404,189,796,590,534,795,374,370,387,407,296,783,627,839,299,20,773,761,323,241,722,272,933,957,844,96,884,729,67,708,116,440,620,357,298,125,808,157,525,341,949,493,782,210,742,887,376,336,822,163,923,71,359,699,23,680,229,206,603,562,74,543,874,811,963,206,156,189,159,451,955,804,57,922,673,519,912,412,811,808,213,545,284,32,818,698,977,637,472,152,634,783,573,261,588,415,677,396,318,763,888,32,10,527,663,564,940,32,327,979,294,119,648,715,391,102,796,47,530,954,968,608,613,133,19,804,332,366
944,145,482,385,73,445,522,435,247,322,491,936,397,406,587,175,24,0,715,518,256,178,170,433,31,863,391,797,14,304,321,984,730,629,692,366,334,332,733,764,448,920,128,862,55,818,914,196,540,821,739,512,44,930,96,942,386,55,274,477,606,108,23,25,523,60,81,105,51,197,735,340,718,821,457,660,22,711,506,158,586,915,145,260,618,378,316,145,399,317,59,865,402,658,962,232,735,338,478,275,401,918,367,374,514,411,626,759,490,290,374,673,961,105,247,70,307,231,75,235,655,776,294,211,915,722,195,131,383,378,651,961,108,228,246,488,256,510,545,746,879,718,489,277,342,509,987,517,199,457,776,538,838,437,674,137,847,175,342,481,746,719,383,930,332,911,925,527,111,620,719,780,270,220,345,931,157,180,109,434,365,59,723,929,281,566,384,248,401,702,497,573,792,595,718,478,370,370,993,865
368,331,774,260,549,693,6,960,62,435,437,225,426,111,962,396,62,143,456,556,640,333,987,96,404,85,611,405,838,967,93,738,804,311,58,47,401,824,809,886,865,441,519,358,348,639,958,22,485,327,578,993,580,784,375,809,45,566,985,162,741,604,763,148,486,700,333,671,234,183,254,970,322,136,427,836,652,308,443,539,59,787,988,643,653,611,553,833,19,40,728,520,891,337,589,607,488,997,946,39,446,284,487,840,361,45,869,837,34,363,538,386,252,456,373,675,277,488,655,397,438,891,366,260,637,131,925,302,688,932,439,624,453,961,924,619,649,540,890,169,915,75,111,232,444,442,342,602,222,96,807,24,561,307,322,625,490,723,850,472,344,682,664,892,762,773,176,648,760,44,43,829,939,651,227,960,949,8,83,686,491,278,729,931,712,249,933,206,407,460,55,247,965,204,702,404,824,559,476,490
25,807,983,199,785,272,94,344,23,558,54,185,319,59,676,308,445,806,21,129,742,176,58,535,105,222,740,519,591,733,865,694,669,729,434,978,661,438,496,358,335,712,372,947,563,462,9,853,147,156,357,670,886,241,774,310,225,627,324,610,548,776,30,36,281,368,224,324,761,363,199,792,166,827,663,493,285,508,957,223,134,220,784,162,889,452,536,468,850,742,145,788,306,784,50,375,875,272,712,133,977,704,982,516,133,704,219,470,25,446,390,551,343,487,931,890,140,756,99,292,186,809,712,181,951,932,298,921,886,366,235,534,627,897,968,230,216,120,155,382,20,835,732,499,389,126,921,978,305,952,151,434,590,622,910,586,17,173,313,109,6,208,325,782,934,514,508,43,707,800,347,553,864,371,842,149,876,783,631,977,337,421,66,539,165,755,286,378,269,333,40,524,46,34,514,347,532,404,892,267
499,453,558,407,814,64,969,253,157,91,786,901,82,870,132,150,871,546,290,740,420,943,199,425,650,579,955,926,518,762,994,894,100,633,771,43,116,548,500,154,374,157,276,946,429,82,702,671,735,781,976,305,823,20,45,44,440,768,223,265,153,494,493,113,948,41,813,947,554,843,913,138,343,210,470,198,180,364,889,904,417,169,69,806,128,296,67,303,870,813,787,947,13,9,764,478,173,61,674,662,944,281,150,341,781,524,942,962,514,707,699,118,819,175,772,258,127,889,265,726,245,143,447,631,851,489,627,3,575,963,351,500,920,1,995,621,479,683,336,212,701,694,362,908,417,404,783,603,998,86,191,918,746,503,165,586,687,125,305,688,249,526,274,681,161,929,897,463,243,961,568,141,943,609,93,863,373,116,508,265,721,833,114,34,446,401,197,52,435,223,286,84,153,11,887,774,55,620,1,800
276,601,786,819,927,50,837,328,985,168,822,199,247,113,7,486,515,73,308,337,879,827,869,410,267,648,505,276,48,495,220,320,708,998,383,804,980,936,946,324,190,378,734,622,684,192,467,793,342,163,353,635,314,387,712,424,348,323,255,522,955,172,402,792,140,800,25,694,94,350,661,677,404,950,313,268,301,367,166,341,578,189,343,78,785,585,622,141,105,335,150,27,726,246,149,207,574,897,296,127,716,152,895,826,628,905,899,777,441,474,577,971,716,211,333,39,637,766,480,36,352,673,65,142,584,379,991,668,374,166,91,117,634,913,901,649,727,699,690,57,368,962,350,737,381,22,428,898,783,197,368,325,850,432,19,278,205,426,622,880,425,840,302,761,805,369,832,512,632,936,91,598,372,606,722,727,956,294,635,658,328,752,700,328,399,453,468,824,419,99,551,559,165,167,750,720,391,983,964,305
841,208,745,618,44,713,960,677,28,297,428,833,951,411,861,839,522,544,323,868,354,702,986,397,72,267,796,958,539,818,712,799,765,89,153,393,4,192,756,729,917,987,566,451,68,330,174,200,930,399,868,177,607,929,981,390,857,708,92,905,418,925,242,869,804,308,362,672,234,257,600,288,326,996,59,696,471,541,614,916,718,996,658,724,899,318,556,847,311,339,157,657,476,303,18,449,258,692,656,396,9,684,345,190,412,940,620,849,358,153,289,945,735,92,967,624,410,140,110,539,833,803,257,660,867,573,83,824,636,909,881,632,717,326,263,724,655,598,286,354,415,603,68,147,540,572,629,232,868,22,613,598,601,655,570,2,614,76,51,425,239,267,986,774,969,593,998,402,96,723,819,768,975,12,892,112,189,770,249,798,676,848,202,272,471,180,657,512,81,701,85,198,228,59,245,635,825,278,46,940
202,517,709,568,490,635,4,927,90,329,492,580,59,20,564,121,711,955,742,651,448,910,587,912,573,23,1000,715,868,113,244,405,373,775,508,230,652,1,155,726,658,336,712,166,804,521,995,488,793,666,65,156,778,989,150,468,991,694,825,896,81,952,264,563,759,124,944,468,369,146,456,512,702,825,259,783,283,461,898,900,39,281,798,280,473,718,280,837,900,957,768,785,668,260,637,216,863,662,981,364,203,913,67,63,856,691,102,545,801,922,134,413,562,47,888,180,220,934,70,158,30,898,808,256,629,387,140,674,793,913,825,684,17,680,659,288,489,800,921,552,100,828,695,509,12,170,781,576,254,937,331,545,123,634,820,478,362,916,225,434,11,425,723,614,872,791,18,93,889,327,546,838,845,680,880,296,463,375,160,554,439,854,221,790,391,579,109,466,345,917,375,789,713,112,992,490,281,115,809,549
305,587,705,266,677,461,440,462,152,160,16,961,891,690,108,310,428,244,265,522,248,68,370,565,220,53,942,841,873,102,444,722,614,998,806,972,71,904,107,249,496,569,550,168,806,934,447,878,270,118,435,389,863,230,581,716,353,135,443,421,676,18,12,860,875,942,681,447,407,673,105,568,135,406,139,575,119,885,778,265,67,134,465,340,30,296,424,674,462,409,224,762,906,231,425,304,671,899,347,928,683,402,698,739,985,768,573,635,279,566,49,826,392,637,430,337,646,646,380,624,57,105,690,4,289,823,220,564,879,770,537,192,939,7,487,53,201,10,661,115,327,769,258,524,393,783,362,684,495,441,444,276,464,113,746,134,26,741,224,307,614,574,974,889,256,482,888,989,288,493,998,385,288,420,376,37,40,617,454,706,320,62,522,945,452,83,880,154,265,331,506,228,569,508,24,453,409,876,194,812
197,174,16,501,307,137,864,8,514,568,971,827,363,704,859,685,133,180,759,641,40,332,855,376,249,719,87,692,733,219,565,769,973,709,590,181,141,474,502,409,630,24,236,8,660,557,168,596,58,957,457,568,36,659,590,124,273,219,378,695,562,715,707,364,663,947,127,65,467,155,231,949,131,775,918,52,491,50,586,983,534,939,321,557,397,99,377,479,466,772,51,973,479,980,842,965,880,492,70,696,791,106,946,915,103,132,150,20,840,447,512,465,752,690,359,332,875,854,272,18,160,710,413,608,835,78,193,367,977,536,674,257,6,795,899,66,916,120,827,701,906,431,490,673,565,103,713,145,553,109,853,360,757,470,371,428,778,511,448,71,8,730,723,443,304,291,663,113,338,912,79,582,209,201,797,606,674,493,481,53,824,270,774,912,250,677,147,985,254,353,482,657,626,866,801,885,171,357,729,740
627,897,884,197,828,325,668,818,491,212,234,137,168,405,509,707,19,773,174,428,979,683,125,563,656,303,409,878,506,530,762,643,774,308,362,646,164,272,909,625,594,219,374,964,732,539,382,959,791,241,660,519,369,112,608,594,249,439,142,867,789,121,537,97,699,442,653,566,70,829,571,969,545,160,560,240,638,235,548,443,516,781,311,765,422,626,391,269,264,182,385,300,663,425,591,113,377,877,77,502,125,628,171,618,100,551,504,660,202,376,681,169,772,815,203,45,899,166,184,56,244,727,375,27,391,796,975,823,932,715,194,950,375,133,601,936,901,44,873,396,336,322,456,82,509,231,165,338,449,677,15,400,213,138,10,292,433,813,36,764,626,343,842,706,183,129,38,418,979,283,980,411,426,651,395,85,525,899,994,113,580,753,148,715,607,221,606,102,349,498,885,455,34,449,262,810,829,554,507,586
636,551,775,734,418,198,721,944,346,90,979,636,83,487,187,465,839,843,70,45,520,681,270,116,74,416,479,172,906,117,422,717,579,383,952,324,773,971,349,667,978,240,386,715,460,865,953,401,219,388,574,526,889,659,406,565,911,661,782,520,612,904,227,378,822,618,679,347,687,772,510,411,880,825,253,86,582,353,54,572,236,261,58,204,864,166,578,767,29,790,474,309,28,977,890,329,139,489,542,457,882,150,801,44,380,198,321,457,294,771,962,683,497,340,111,660,458,610,849,916,768,271,257,808,760,975,901,822,241,234,88,814,739,180,767,322,334,667,60,458,955,872,574,107,743,47,443,357,295,408,289,84,770,773,969,864,238,172,367,832,886,461,216,191,510,810,492,562,271,804,402,381,616,179,169,257,279,125,714,3,621,515,911,610,178,139,685,270,551,864,507,382,854,282,667,797,842,68,238,162
446,323,853,727,805,879,684,225,121,65,199,24,580,798,745,692,163,984,358,840,129,348,94,316,361,246,914,653,223,987,418,815,668,503,366,923,143,275,533,286,983,815,579,636,893,709,317,644,122,229,226,210,1,252,646,889,787,50,352,811,979,41,753,206,621,790,294,359,921,446,578,718,752,478,224,239,298,855,490,793,799,211,388,208,800,266,716,350,417,189,558,342,341,256,983,773,697,817,22,125,922,866,194,183,666,575,461,985,691,553,722,721,356,672,993,583,771,804,376,387,766,1,323,554,849,824,485,111,499,147,553,269,755,317,998,925,781,106,122,539,727,417,229,53,67,827,934,200,455,613,489,746,429,462,931,359,366,426,563,702,346,236,923,141,173,412,741,222,515,118,630,56,439,42,138,376,499,994,987,731,929,701,290,499,930,906,84,517,307,992,964,110,884,685,832,719,134,465,441,214
400,521,47,32,735,188,312,253,151,782,413,936,648,615,871,788,198,632,437,495,564,230,881,224,534,300,362,537,898,286,541,880,704,766,604,353,228,924,398,202,763,434,336,580,287,84,798,120,421,556,137,157,892,171,144,285,784,477,745,580,204,252,294,103,292,201,292,549,896,183,301,107,225,177,894,445,602,627,24,296,638,617,68,129,770,795,861,281,400,314,40,517,994,926,207,285,433,468,782,317,947,38,13,296,76,461,839,556,514,448,934,738,996,152,403,961,463,645,770,228,920,508,71,829,508,573,742,63,507,45,96,453,576,387,686,849,56,52,807,282,356,617,652,250,760,243,333,951,181,933,357,299,307,400,136,886,713,421,918,609,299,6,78,233,871,178,346,711,81,718,943,48,5,303,30,549,923,35,17,705,508,891,695,528,176,839,88,310,244,636,683,426,260,416,577,791,775,200,854,495
101,813,199,25,409,475,462,70,575,927,554,654,492,981,418,958,515,988,541,516,6,332,485,776,130,24,608,412,672,664,349,49,715,485,725,329,635,952,205,118,483,334,656,994,511,274,903,85,179,184,403,32,418,443,635,332,761,859,480,713,228,201,433,174,530,527,352,421,910,572,415,557,392,878,909,340,284,710,640,197,515,222,154,731,308,447,591,827,377,659,366,31,773,760,721,338,682,959,430,946,691,307,733,340,893,15,56,309,392,264,276,309,499,64,216,15,924,578,531,389,862,933,39,350,907,644,119,131,941,692,497,552,329,170,349,239,616,987,725,175,615,366,264,308,317,543,259,383,787,492,579,851,745,215,474,246,263,749,955,878,523,451,77,934,433,336,806,305,205,438,525,205,145,65,939,481,473,565,301,265,570,640,362,754,245,967,24,369,60,330,820,178,588,691,869,522,465,735,381,148
105,323,852,132,550,960,752,882,393,154,837,650,180,128,499,981,511,77,143,349,682,956,312,978,893,305,573,100,689,648,436,509,653,429,258,278,559,162,22,595,810,522,583,62,956,457,672,832,70,564,923,973,262,126,372,285,957,760,649,525,17,819,791,866,996,404,256,792,432,365,72,806,593,900,710,325,876,83,741,841,136,90,30,714,45,436,1,251,24,354,401,56,368,304,964,344,731,311,334,255,855,388,808,398,766,69,414,438,369,89,640,634,651,926,892,552,798,423,685,965,958,584,693,288,682,396,243,677,168,61,161,159,602,733,591,369,379,344,470,766,873,777,367,229,884,183,885,270,348,589,170,298,909,103,44,561,685,129,642,355,533,290,827,938,325,544,992,352,586,500,193,94,694,887,446,956,678,125,722,542,19,993,573,29,972,935,50,781,132,948,296,992,345,584,747,233,425,118,442,826
248,983,302,637,404,866,963,189,3,375,1,392,665,746,860,8,188,336,134,102,683,837,724,941,597,913,112,888,889,280,47,780,987,151,869,543,870,170,446,360,829,917,295,679,915,790,239,451,132,837,5,128,349,838,530,22,281,848,538,247,14,175,129,426,792,835,726,742,646,547,276,225,932,875,270,997,921,324,180,516,830,533,402,472,499,410,714,248,920,885,773,513,110,291,584,304,208,0,799,195,725,189,267,820,302,998,675,753,878,335,775,928,714,314,644,444,716,147,927,820,685,28,393,625,716,955,669,128,64,992,312,129,882,418,141,119,353,243,16,348,320,729,21,358,480,193,481,609,477,885,218,765,152,456,264,873,865,880,699,989,696,539,413,652,100,225,195,224,113,782,254,174,993,472,815,332,485,33,849,259,712,278,139,63,423,116,557,643,688,574,740,448,720,878,519,173,270,17,193,865
870,973,165,178,285,334,461,150,402,968,343,726,62,811,203,107,488,244,791,969,530,467,194,529,611,129,728,518,848,906,88,248,192,89,305,585,640,266,505,2,484,770,324,816,392,389,589,734,178,109,844,184,659,637,327,959,299,490,480,29,407,617,895,505,957,907,634,873,940,89,46,943,989,890,630,162,446,234,269,19,198,960,552,491,214,419,312,379,997,222,411,197,454,300,942,442,736,891,251,510,794,93,692,415,982,771,366,681,929,11,428,824,843,924,298,897,463,449,532,156,482,626,715,531,564,515,861,787,256,646,41,851,19,869,922,728,497,863,760,17,471,90,328,611,702,300,816,909,467,727,210,79,327,970,786,660,905,941,557,502,496,589,579,72,142,966,46,99,719,16,475,828,463,745,351,544,220,448,933,730,502,939,401,547,250,693,461,100,330,205,435,880,598,146,662,287,543,511,862,648
633,954,606,423,492,523,548,668,438,947,616,853,746,848,67,471,9,377,358,326,475,207,469,561,953,924,190,918,223,955,981,823,263,274,275,430,324,162,525,659,885,676,921,740,810,553,230,253,826,247,3,140,87,282,189,113,49,161,500,352,291,237,282,946,548,134,673,969,373,463,630,352,916,343,136,661,60,568,780,398,890,330,341,440,48,319,945,95,985,419,529,622,920,388,95,997,859,465,850,184,294,624,976,540,240,46,156,293,610,40,307,238,312,426,720,393,99,927,382,378,431,15,413,546,188,411,578,804,569,41,928,364,941,325,674,641,731,81,268,389,16,566,458,937,673,683,252,522,256,394,644,46,366,914,87,81,398,544,476,675,349,711,113,574,142,371,426,546,361,92,246,321,672,694,609,48,365,247,362,651,72,623,895,134,473,523,65,126,122,519,790,61,242,301,806,32,66,238,672,45
641,837,592,856,402,743,587,459,303,431,882,737,892,691,187,543,636,824,257,220,754,875,399,413,777,485,834,325,103,990,412,181,259,427,93,999,889,632,814,191,353,214,56,35,878,960,395,758,456,635,655,104,777,981,767,204,288,1000,69,878,587,428,242,244,115,452,515,251,86,811,783,818,250,412,217,137,346,222,327,902,622,319,90,718,521,434,877,526,608,66,576,108,194,32,743,970,868,773,949,656,573,199,80,9,325,933,76,863,261,229,912,718,262,938,879,174,685,566,322,474,455,189,96,775,479,139,779,757,671,620,233,851,62,456,311,517,787,31,422,584,137,528,578,392,831,483,972,351,453,166,592,899,238,516,502,846,360,584,221,206,634,689,584,330,897,591,219,244,58,52,202,705,859,259,638,737,180,350,165,759,182,795,769,202,333,122,524,196,729,962,999,641,546,957,367,434,914,951,256,450
210,355,372,393,148,722,562,862,161,87,773,179,710,763,54,715,903,422,974,185,208,393,904,235,771,673,570,668,987,63,402,436,385,580,737,761,940,585,392,927,906,564,810,940,501,496,151,737,534,25,388,675,828,240,791,332,551,521,690,217,721,278,314,269,388,505,31,670,143,349,279,278,989,414,111,473,392,380,816,903,215,693,281,211,409,115,989,58,446,505,277,627,544,61,94,60,462,568,902,653,167,323,893,725,631,720,355,642,132,785,981,206,5,817,712,803,977,421,14,210,376,520,793,489,828,774,673,578,829,411,879,659,565,835,527,181,432,692,786,418,365,125,389,276,402,165,216,451,427,230,345,317,990,663,536,103,699,597,559,266,176,216,238,372,845,489,813,181,447,166,576,151,793,213,937,425,232,299,743,261,626,621,437,428,303,761,864,500,956,887,59,486,905,60,560,981,848,536,168,883
839,468,463,667,936,732,404,644,789,480,537,955,43,909,55,98,409,142,715,358,212,458,314,914,350,20,758,692,728,657,93,84,976,10,500,981,832,360,131,509,542,321,56,250,538,987,851,103,974,260,487,950,37,843,704,832,3,563,581,34,700,679,916,271,98,18,727,73,105,260,478,847,143,753,901,349,9,72,873,800,703,947,25,429,923,848,694,711,501,26,556,129,663,748,117,233,409,242,380,758,352,430,837,635,676,455,855,175,279,764,829,430,398,170,794,878,214,766,769,950,656,350,652,916,227,898,713,423,264,806,171,784,577,505,619,696,179,611,813,398,171,84,549,391,309,855,270,771,727,576,244,582,863,94,443,339,609,987,948,463,733,939,390,84,320,478,841,188,574,46,285,267,904,939,501,19,649,227,482,532,818,214,812,440,548,715,204,483,915,672,993,850,596,719,707,53,735,616,552,615
708,718,660,49,233,157,930,297,47,521,827,396,661,723,230,505,981,960,604,160,300,430,198,31,788,429,982,586,105,976,612,325,89,925,828,901,203,808,107,77,212,166,534,698,514,250,480,159,479,277,88,911,526,663,814,263,794,90,398,409,611,255,633,265,107,473,713,332,886,147,765,732,783,643,144,185,168,248,940,537,706,932,129,691,858,278,207,509,207,990,442,14,841,100,839,385,303,156,772,298,53,759,523,769,956,377,427,509,980,499,156,391,341,807,350,742,678,597,983,852,474,646,435,162,430,599,625,230,701,242,3,730,765,389,2,388,981,147,126,682,40,549,701,823,375,274,840,461,140,879,434,525,153,253,456,355,740,956,62,607,671,979,518,393,125,853,160,733,146,21,589,75,537,836,159,987,647,50,185,196,564,961,982,375,435,315,420,777,741,13,1000,990,761,6,99,687,542,911,118,598
326,425,401,878,525,458,344,639,237,409,904,121,476,374,349,639,540,589,921,97,420,506,213,521,318,30,702,177,917,955,7,821,727,182,343,813,588,594,975,960,989,271,44,746,524,3,623,75,660,673,923,230,484,985,1,293,412,77,569,416,361,626,330,469,131,800,197,579,390,679,991,193,430,930,775,38,301,516,326,809,67,109,320,733,346,80,865,650,27,331,735,228,426,730,91,741,995,134,601,955,257,940,507,98,778,313,755,392,547,641,914,536,339,288,890,635,569,849,743,550,925,551,950,278,950,512,506,296,485,265,930,849,889,338,428,190,903,627,543,874,74,436,205,631,61,499,388,85,686,605,319,741,985,199,411,921,960,803,134,819,370,20,380,277,15,262,517,413,276,574,856,95,801,929,424,982,98,598,483,38,593,556,142,648,205,458,542,470,509,688,430,404,1000,209,358,979,965,655,769,485
896,982,119,218,450,928,329,73,535,962,718,51,936,676,388,312,656,354,243,360,687,149,155,296,809,870,272,518,706,432,125,596,438,295,410,703,723,418,296,292,483,379,375,29,120,571,742,513,866,885,536,697,238,469,124,156,993,677,356,597,51,383,108,900,119,944,944,713,608,791,863,679,516,211,719,403,330,296,766,114,200,502,599,18,348,155,726,116,996,457,476,798,833,355,367,594,498,54,956,968,954,358,24,14,691,552,879,300,480,239,752,176,403,444,18,889,639,860,792,316,1,12,53,191,381,836,337,893,122,367,870,383,626,997,534,883,273,421,998,151,310,757,967,176,477,415,99,739,13,197,690,192,54,531,406,157,136,712,740,482,199,160,430,625,442,339,234,694,774,616,136,264,687,410,824,688,789,860,178,918,686,800,626,573,850,229,526,80,609,203,718,348,581,217,432,271,281,879,133,947
788,820,801,75,793,209,921,826,216,950,841,926,518,839,495,849,34,905,714,168,953,625,514,213,513,645,722,47,963,182,554,710,32,76,75,321,874,284,648,203,998,889,799,599,4,362,141,281,839,417,642,965,242,338,842,74,416,617,91,71,19,78,622,330,443,270,903,562,994,251,656,442,350,780,805,372,95,813,27,631,355,862,144,538,374,754,650,901,521,518,397,395,26,402,521,164,918,825,855,288,829,53,92,226,844,161,865,121,918,242,561,36,863,653,466,920,699,485,634,963,894,107,620,908,101,434,169,315,403,765,586,629,684,528,42,728,171,690,852,963,415,719,5,664,103,348,121,152,917,587,860,343,307,573,939,678,302,572,880,103,237,642,367,31,672,457,542,343,345,85,610,201,864,242,909,906,798,975,518,774,258,62,777,996,620,234,475,155,639,322,773,894,174,861,624,706,59,607,121,37
488,712,621,611,65,305,663,779,384,902,390,546,174,175,537,610,488,769,182,803,445,896,744,3,509,667,166,504,402,305,868,61,336,711,437,372,347,929,414,804,428,7,799,721,909,11,974,73,450,886,129,971,949,725,270,204,913,987,118,865,419,170,622,33,338,744,275,372,73,222,479,620,422,555,361,565,790,639,611,494,216,29,115,947,867,121,791,364,230,791,464,833,302,164,350,827,207,574,256,86,623,600,39,761,540,849,711,371,108,642,623,696,174,582,147,680,599,454,282,699,933,776,883,4,932,582,768,948,97,461,427,739,326,577,598,749,659,297,763,543,35,460,516,330,5,895,635,200,266,761,298,552,46,49,988,874,23,106,612,689,449,522,359,242,545,206,347,776,611,332,231,238,818,532,308,911,8,950,274,143,331,98,171,13,754,87,479,61,176,344,819,59,202,225,366,272,117,972,648,833
72,43,800,858,137,62,264,755,982,782,528,979,91,944,600,773,553,623,129,753,219,776,327,962,955,532,674,795,304,125,755,120,353,251,182,226,919,318,969,119,839,504,299,88,815,621,623,596,361,899,198,984,705,954,800,978,302,635,822,44,703,942,395,372,786,884,4,990,813,450,88,635,404,640,741,644,250,899,983,52,14,627,191,931,906,794,767,897,992,129,607,981,229,662,504,610,161,70,603,347,422,978,66,281,481,747,165,79,442,217,604,640,199,709,747,422,93,921,395,357,991,499,469,792,649,910,147,599,497,232,887,106,216,540,478,546,497,672,267,495,133,393,6,417,119,306,376,838,182,892,570,183,118,447,939,570,293,72,742,112,188,43,887,425,368,641,92,690,750,778,362,784,562,59,418,471,599,428,988,664,810,195,699,964,998,42,376,931,351,774,667,821,954,906,468,984,347,381,957,229
3,270,707,3,975,275,750,167,393,55,317,926,132,349,763,166,816,369,465,455,602,177,569,67,988,151,171,479,726,670,567,643,682,264,690,547,976,848,524,535,303,111,644,377,650,286,533,635,731,677,586,359,799,741,183,20,828,943,688,456,622,401,318,273,112,727,370,526,67,108,452,122,353,808,84,382,811,238,368,981,138,292,911,439,529,485,308,55,804,564,8,141,147,31,512,212,529,339,965,764,888,330,188,29,837,289,327,658,617,127,507,796,311,786,344,662,383,567,7,349,404,843,141,800,549,73,505,509,339,19,210,528,294,840,154,255,236,344,349,656,835,174,866,196,718,895,996,583,9,75,439,424,700,863,330,420,681,889,930,497,765,530,839,760,387,156,854,682,473,339,909,521,189,201,950,188,547,149,904,141,306,680,638,386,968,382,126,976,339,703,958,329,85,676,601,510,969,956,951,153
661,224,289,873,553,552,550,350,663,272,479,825,951,243,20,487,952,245,419,771,149,705,536,817,487,37,8,742,641,336,322,512,312,291,570,143,31,188,890,989,173,799,787,295,499,95,284,198,964,648,306,566,808,913,92,284,220,994,41,941,181,218,31,793,201,614,811,712,911,794,417,616,958,464,171,762,834,541,624,826,513,763,894,446,889,192,262,333,884,427,701,39,850,621,284,547,446,987,372,365,424,702,384,803,133,146,820,567,365,480,869,125,984,247,979,522,793,351,140,968,279,710,165,675,418,235,275,779,952,15,882,819,597,966,11,803,760,914,811,270,474,676,208,939,369,106,702,501,467,818,213,37,436,24,965,291,944,713,34,339,286,527,216,987,913,698,384,18,467,289,183,992,152,734,343,838,444,958,491,944,533,602,943,513,175,746,763,850,608,27,966,102,930,645,599,352,984,419,587,751
908,29,469,121,191,776,168,955,822,895,3,583,582,329,304,442,521,625,620,533,990,172,980,891,858,691,640,357,138,788,555,393,662,354,829,635,225,933,740,449,502,851,65,966,629,215,369,294,961,741,682,242,118,732,203,859,758,533,72,212,95,254,938,402,371,394,535,716,474,1,306,72,206,831,975,302,252,268,533,846,35,199,120,375,860,939,598,65,626,52,654,438,578,269,492,971,652,562,309,543,281,113,113,914,890,799,132,838,261,985,284,513,570,626,787,951,146,446,306,253,592,516,157,702,899,57,696,624,884,345,70,328,947,236,121,901,946,977,238,65,172,23,371,46,490,386,748,745,519,984,818,737,139,949,698,719,751,648,477,804,919,622,990,820,327,396,462,841,220,140,860,628,373,989,91,303,416,88,262,128,178,999,734,907,260,884,75,449,406,674,7,856,985,393,121,596,999,269,456,306
825,174,365,664,841,670,828,238,665,198,161,931,314,282,342,305,48,800,808,33,501,434,743,176,185,875,981,557,388,725,503,495,905,133,17,319,836,688,810,160,282,300,458,367,857,530,80,458,553,260,882,584,854,323,567,827,477,494,246,310,687,789,516,1000,571,344,505,947,147,810,981,281,499,321,241,628,669,946,104,56,429,910,908,24,739,82,606,639,759,670,677,635,78,124,378,147,117,801,920,566,758,339,180,732,727,109,359,920,578,895,475,610,123,36,637,322,43,567,998,24,42,220,105,477,952,560,674,218,1,978,906,852,775,800,99,296,619,703,489,418,277,723,592,590,190,174,848,745,942,614,945,6,667,633,790,153,928,340,115,714,346,94,758,662,556,586,194,70,375,995,47,690,78,819,193,695,59,474,454,878,119,854,362,65,452,385,381,189,522,50,22,759,274,319,848,967,667,184,697,429
603,100,326,687,992,678,972,316,681,245,847,39,888,190,299,959,344,285,575,132,661,801,412,615,883,737,42,649,190,249,870,210,643,942,864,145,580,571,905,386,775,802,960,826,180,239,784,77,889,434,163,609,822,781,894,733,610,738,662,187,288,357,68,907,394,97,892,933,149,414,370,90,317,600,746,820,863,566,787,22,485,576,452,892,262,148,48,108,348,727,297,47,733,588,853,473,264,630,13,334,793,405,932,387,345,886,768,922,559,328,750,46,313,271,832,744,543,728,355,23,810,124,553,628,778,305,537,29,115,788,465,80,518,108,742,615,341,536,877,707,832,8,188,842,846,931,364,870,155,1,832,955,488,320,672,778,544,197,182,857,78,851,463,454,369,613,669,76,827,114,143,1,864,492,848,334,212,718,89,119,161,502,521,380,637,23,819,785,20,862,224,762,177,429,809,630,757,853,499,166
246,58,316,694,34,229,50,446,24,397,626,369,605,237,192,468,918,639,72,828,615,919,305,142,403,495,250,467,379,522,618,205,912,519,778,439,857,103,475,95,406,427,186,980,787,124,234,577,723,15,696,217,714,152,551,937,100,322,434,571,663,31,469,808,837,428,747,537,692,524,327,502,186,755,797,320,460,678,861,819,815,80,483,55,631,602,217,346,826,175,12,714,76,214,934,773,249,602,202,405,57,952,781,402,384,866,818,915,725,916,131,525,638,517,668,618,84,305,584,661,255,927,655,517,802,479,502,561,537,936,976,463,672,195,9,376,96,455,549,983,930,13,933,423,899,14,345,552,170,120,322,884,647,730,986,515,939,746,98,793,916,883,628,711,156,637,316,170,933,776,798,37,971,221,890,547,887,683,956,856,955,754,896,302,455,505,672,687,164,424,48,212,918,39,120,936,372,707,855,105
165,920,482,391,949,276,201,167,794,536,796,508,712,349,358,528,737,439,321,693,789,861,158,416,269,409,984,396,791,148,652,94,85,61,184,134,259,390,202,889,613,637,402,767,623,832,266,952,501,269,239,564,364,285,638,688,430,104,661,890,570,245,52,301,459,718,921,188,602,529,729,914,315,237,648,890,232,231,746,501,956,693,365,142,456,383,68,709,176,9,399,239,231,105,514,10,974,786,812,590,483,212,977,771,768,1,373,766,410,76,337,786,296,737,911,680,865,171,246,385,680,48,967,343,369,856,315,779,152,671,189,347,251,992,960,461,22,941,827,693,61,123,725,29,764,107,494,640,444,18,985,945,441,582,980,643,989,663,897,554,770,373,788,205,150,990,462,145,285,853,795,487,845,620,258,24,706,857,218,17,606,499,575,634,776,53,51,544,348,412,569,601,698,790,189,77,576,257,794,773
359,184,551,892,811,263,775,24,428,696,595,131,460,526,474,931,63,238,562,632,376,508,636,477,601,696,456,620,834,539,544,276,11,86,917,283,885,20,495,562,267,408,606,81,988,820,232,453,440,325,444,330,58,884,895,727,931,882,519,43,287,252,602,429,323,708,439,444,886,979,250,223,159,804,18,917,857,893,57,183,253,666,77,993,858,511,259,699,623,968,76,201,921,491,601,519,218,690,428,727,51,621,899,385,141,728,445,188,975,434,454,274,330,504,326,582,725,232,800,133,413,635,316,859,828,572,178,432,499,105,820,154,515,340,714,848,162,564,37,583,840,926,539,568,671,218,61,102,482,407,375,574,147,363,566,50,958,158,999,689,111,32,185,174,783,985,79,767,383,279,713,114,583,689,291,460,461,347,241,965,651,230,191,771,729,259,212,53,191,562,95,221,916,739,789,826,351,5,159,187
770,786,903,20,502,166,792,987,328,575,65,451,361,354,787,982,794,361,97,748,169,912,737,142,468,686,731,247,722,422,223,459,281,372,90,773,902,169,627,14,221,708,770,397,660,707,593,350,83,680,359,411,692,113,604,614,809,306,488,243,686,540,259,988,951,983,980,686,513,842,308,668,202,343,995,750,368,504,409,857,995,188,488,282,457,530,342,213,360,442,498,190,720,408,66,223,686,185,370,648,10,691,901,299,318,704,361,259,360,536,936,542,830,61,353,4,370,227,55,547,190,41,70,439,854,98,962,584,598,766,681,99,201,898,524,780,954,516,16,163,160,671,225,755,934,331,543,476,99,620,621,957,986,571,66,228,198,58,161,859,103,374,787,196,701,840,323,186,856,121,276,607,501,634,55,513,773,454,608,988,109,661,438,278,443,347,720,6,18,405,675,79,646,888,258,625,10,660,70,995
347,824,996,330,808,821,446,588,524,105,65,82,580,369,215,558,368,157,624,510,963,596,35,493,414,344,211,307,706,439,687,869,492,974,514,837,582,953,532,445,917,162,727,568,136,775,633,714,264,123,502,231,287,548,498,217,632,886,621,781,645,757,498,22,893,47,544,580,344,885,251,228,46,37,736,516,944,278,4,884,777,175,542,516,761,853,111,81,263,580,471,914,758,751,424,656,347,902,563,703,627,102,542,289,941,576,198,390,680,707,151,700,637,28,889,121,308,126,107,811,326,860,855,524,31,502,394,150,673,308,332,472,314,691,141,909,19,850,490,330,278,616,179,679,610,331,36,274,367,533,795,743,505,366,562,311,562,135,247,672,982,218,652,773,595,868,106,96,678,839,328,891,922,599,783,656,538,933,415,635,746,991,470,932,88,78,613,5,391,386,805,83,998,665,611,84,437,738,10,349
314,644,929,155,844,540,502,941,487,263,251,763,771,779,138,714,545,960,973,257,232,546,462,277,423,336,517,705,168,268,716,615,428,567,765,338,411,1000,817,665,671,349,112,573,522,921,889,932,445,830,863,178,357,350,71,97,775,281,360,210,566,89,240,753,217,76,597,581,195,204,650,450,99,793,528,493,445,657,583,550,868,520,445,624,374,211,64,254,107,743,580,711,33,459,604,301,430,172,507,425,860,542,830,625,439,621,6,905,204,933,890,91,350,290,499,833,372,52,423,247,566,637,429,521,348,988,616,346,889,376,982,216,860,322,694,703,897,929,978,607,80,773,746,94,612,823,335,21,135,217,436,567,783,76,277,85,982,853,338,960,653,274,397,499,194,193,92,182,681,830,263,295,439,98,16,454,479,812,618,727,378,45,868,482,129,563,150,931,126,869,24,880,596,155,935,808,635,264,645,39
472,32,920,968,54,597,264,990,90,119,534,713,76,220,575,54,322,612,635,976,858,966,383,863,221,990,790,52,379,832,594,199,427,453,966,480,274,666,972,545,218,142,519,746,630,197,229,629,16,139,446,139,473,770,541,402,368,977,299,209,514,166,360,325,752,222,780,257,328,647,221,130,951,309,452,364,389,173,853,574,797,335,733,89,924,89,860,354,854,299,986,215,922,29,351,203,694,681,194,1,883,107,80,309,844,653,222,217,907,572,767,406,579,954,923,817,371,204,936,458,451,922,219,111,363,713,338,518,6,624,592,546,300,554,944,112,762,760,743,68,225,970,753,466,490,92,73,612,600,591,782,484,757,667,685,409,262,328,551,242,360,119,177,984,331,192,792,506,612,919,287,254,507,858,296,522,437,15,871,386,989,511,650,521,681,433,370,681,378,790,40,2,932,827,826,137,343,972,963,212
197,978,465,493,103,109,345,276,867,899,4,600,979,261,901,742,835,102,79,928,97,556,850,284,211,812,836,48,409,828,91,152,297,324,123,957,394,797,371,508,692,288,258,171,442,686,529,476,117,475,414,316,523,951,402,507,20,193,697,769,488,820,785,887,225,190,528,829,642,802,763,848,828,853,453,121,211,197,939,997,92,632,584,802,986,416,641,781,815,666,229,249,55,738,679,462,995,977,363,800,35,848,68,846,443,380,688,734,738,924,592,97,881,563,5,718,236,767,349,272,638,639,721,376,603,516,103,718,376,111,780,808,188,504,53,716,951,928,349,991,180,611,379,65,582,162,681,978,138,303,847,845,757,478,469,870,373,207,767,79,957,828,804,90,295,17,247,965,290,69,300,177,628,38,650,556,268,378,649,262,12,836,726,923,459,681,25,48,957,492,998,477,360,519,62,901,743,221,848,160
154,154,21,801,498,393,927,875,366,11,841,416,226,145,84,328,46,633,778,844,818,405,3,852,23,119,200,82,670,39,432,655,110,954,535,302,822,264,67,404,151,60,156,739,633,334,250,614,532,529,427,824,434,790,60,180,609,985,536,457,438,707,734,964,616,78,570,91,576,549,634,516,672,769,635,149,2,343,600,959,173,751,238,667,927,873,80,111,358,192,142,30,773,242,870,244,73,288,327,486,619,642,377,319,545,804,986,196,958,636,390,635,863,492,502,603,288,868,72,795,873,954,53,112,32,520,545,528,836,732,485,667,47,525,753,817,426,682,442,270,273,133,918,183,820,960,857,750,356,760,491,588,981,363,473,411,630,11,224,921,851,439,563,438,628,47,28,219,174,687,6,955,824,218,723,496,805,233,891,395,952,85,806,425,406,867,456,982,182,651,39,881,735,245,725,177,900,107,863,563
304,594,741,536,138,465,122,635,840,69,7,682,422,990,435,55,625,809,197,710,241,631,886,946,375,766,547,138,793,396,494,505,962,905,629,452,216,679,880,484,511,675,348,304,842,574,532,889,222,263,886,773,350,596,816,203,4,20,287,265,860,894,514,739,827,867,696,866,60,664,670,559,256,846,293,691,17,37,291,310,912,213,187,2,87,387,345,537,578,866,947,186,221,623,543,443,179,806,159,430,572,867,796,492,898,58,672,491,978,80,880,751,106,764,789,515,640,87,296,771,505,23,380,53,978,560,304,237,119,973,494,755,265,842,252,692,72,603,731,323,312,53,657,275,568,124,597,304,847,885,492,642,935,45,615,993,748,119,926,593,226,221,257,709,71,661,816,722,807,775,109,948,871,788,447,944,363,382,270,289,849,484,959,229,200,469,279,213,32,954,731,399,822,639,783,372,242,370,985,571
806,305,633,643,253,951,311,512,997,727,687,667,149,246,834,849,724,481,146,867,105,62,216,358,644,306,876,221,548,538,799,360,901,438,92,861,656,145,826,190,753,592,475,301,921,858,8,51,816,563,517,741,775,937,232,197,546,338,938,752,768,236,94,952,229,40,739,621,79,452,132,346,442,464,23,116,478,513,876,221,473,240,323,499,370,243,810,58,589,355,743,326,161,80,138,329,4,875,554,57,721,770,655,123,88,80,11,815,390,663,131,455,768,845,666,615,139,947,426,80,296,96,556,97,869,900,393,757,571,435,882,253,245,972,99,719,149,839,447,63,2,156,351,726,311,499,518,30,248,809,506,829,1000,607,452,764,995,666,354,409,31,430,825,949,394,895,682,196,240,998,421,360,851,361,627,343,627,351,961,294,875,44,867,489,200,978,441,303,20,399,974,576,289,351,120,425,402,118,306,481
404,700,75,348,350,180,870,474,931,556,866,251,747,455,626,893,132,370,846,63,170,128,548,778,956,229,345,413,128,93,396,767,38,310,791,289,581,140,279,226,644,126,900,152,466,903,507,76,92,412,621,954,237,260,951,371,320,570,122,793,563,346,140,265,361,705,633,535,411,126,355,121,747,375,471,10,950,613,978,632,893,152,709,448,943,519,715,241,453,221,781,744,623,405,549,645,645,80,875,414,904,854,678,670,672,851,719,334,715,757,878,594,381,675,847,868,309,10,466,176,439,829,723,306,178,52,870,479,393,62,866,166,895,474,619,605,895,526,455,256,754,316,381,679,194,3,322,193,2,5,255,663,523,606,753,46,890,68,208,213,920,255,462,459,681,597,378,201,732,875,446,768,91,534,909,628,720,795,113,261,582,658,175,265,590,959,119,814,794,191,780,714,115,885,992,235,647,690,516,316
411,343,865,701,952,268,805,809,435,495,205,380,662,619,721,818,813,841,579,400,35,894,160,475,994,620,98,991,569,515,599,37,894,554,484,273,876,724,879,331,752,42,321,701,896,627,612,966,431,419,634,889,301,309,669,72,862,419,112,463,68,325,549,133,659,250,613,464,138,248,368,689,359,40,50,118,557,407,861,233,654,142,234,324,154,764,470,696,292,751,522,149,331,892,23,690,518,489,615,922,831,450,445,595,775,95,201,444,247,171,408,938,399,169,240,647,107,491,681,681,48,672,687,599,348,835,214,549,562,339,443,767,208,336,561,177,878,810,140,289,185,715,480,107,909,695,976,301,134,820,78,348,969,743,479,932,882,243,520,989,779,62,410,340,71,985,895,199,786,559,500,99,975,902,776,476,806,105,980,374,261,261,353,793,872,660,410,118,193,160,645,227,599,228,71,778,683,992,716,273
144,827,664,893,406,86,793,1000,606,400,646,920,415,840,860,376,995,357,424,576,880,586,181,32,40,132,952,252,827,352,773,835,154,791,427,466,353,425,678,640,600,267,873,539,742,905,619,945,996,992,573,914,281,936,334,909,859,298,517,459,543,883,542,578,627,990,582,386,478,462,854,646,410,291,21,830,373,221,178,557,573,313,469,130,688,170,637,865,717,716,162,569,68,572,195,718,400,257,277,304,14,779,851,862,859,788,747,197,13,397,155,428,580,776,939,224,161,131,179,455,146,365,89,79,392,689,114,820,281,181,988,30,207,974,558,103,802,682,477,284,161,405,667,806,953,249,348,146,502,560,829,621,226,83,177,974,587,708,522,255,108,609,72,596,466,302,477,402,339,849,637,304,398,873,302,576,371,366,923,373,15,48,688,505,872,916,864,519,15,10,211,207,487,600,1,886,426,135,281,352
837,676,778,761,271,902,762,369,895,823,864,182,539,520,22,597,534,599,446,85,536,51,988,584,530,686,431,375,105,702,205,986,171,777,967,194,384,212,725,487,288,406,994,552,432,585,24,590,388,6,723,729,612,846,772,496,47,987,471,790,306,229,584,893,685,28,282,149,860,917,711,912,757,21,868,397,377,968,926,339,660,663,406,793,107,525,815,706,731,80,53,411,824,120,109,105,654,317,913,855,549,763,613,56,863,993,466,15,804,845,483,454,313,407,422,964,238,603,453,276,951,97,585,448,14,306,115,904,19,552,319,354,199,149,681,780,442,384,985,809,80,855,755,829,811,889,101,496,509,489,749,220,556,507,492,720,790,852,712,425,269,976,387,437,850,993,105,306,516,39,826,649,992,554,750,980,10,161,252,946,156,270,745,622,221,5,735,903,375,767,659,622,997,655,335,597,767,760,244,15
223,57,657,491,856,289,312,259,792,850,792,419,67,746,579,794,489,224,720,58,73,82,168,624,592,928,535,833,714,35,6,25,234,550,790,265,236,548,877,971,570,906,549,605,91,13,102,880,473,699,181,294,118,844,335,964,381,446,812,128,578,672,144,694,926,635,939,511,571,933,919,338,816,807,673,803,44,362,729,69,38,843,174,227,747,298,48,163,63,160,799,64,774,372,717,324,384,11,811,679,631,952,1,128,162,826,90,603,10,550,159,232,981,33,915,572,153,645,953,43,926,519,204,666,220,537,188,145,930,708,632,549,481,679,234,190,600,663,276,822,480,675,337,445,668,114,415,220,240,909,497,648,314,820,439,708,789,18,146,846,214,414,638,690,446,314,514,45,705,290,782,981,740,282,827,683,613,395,260,769,323,209,324,709,69,879,676,906,553,975,683,109,329,77,587,790,170,80,914,990
888,303,143,372,204,743,855,379,171,904,762,255,406,768,271,857,309,367,218,467,957,135,717,725,655,816,538,774,302,322,543,292,913,520,2,683,130,470,200,558,723,63,633,265,164,494,813,316,588,479,995,82,770,841,234,130,89,19,273,274,231,389,914,471,804,725,313,208,840,594,481,862,243,683,477,895,943,374,429,827,407,944,727,881,663,779,337,371,424,762,669,800,529,222,106,407,854,273,360,102,982,548,736,764,264,177,5,948,56,300,489,63,621,192,272,973,531,873,303,547,222,939,813,231,555,341,568,252,160,501,67,520,762,852,978,448,846,456,973,885,185,381,800,311,195,720,84,436,524,908,89,870,714,307,130,552,728,597,201,31,634,961,925,323,454,35,929,88,106,886,616,205,821,512,412,967,311,929,129,49,279,245,50,151,72,560,697,849,636,241,635,534,209,708,226,59,62,7,928,974
194,553,595,831,507,630,226,54,205,152,512,631,873,26,749,516,821,399,747,682,662,564,450,862,978,288,547,112,900,350,431,78,752,625,757,607,947,551,758,692,243,663,387,802,787,229,847,768,411,360,180,579,837,181,111,478,732,993,185,933,395,827,619,757,90,568,877,415,323,588,727,875,124,565,480,489,621,580,682,926,543,949,929,613,431,595,85,574,263,851,652,458,357,422,914,821,895,186,919,682,839,341,253,415,373,401,710,448,979,0,185,9,890,157,96,285,301,715,484,860,588,439,987,519,934,588,711,104,871,771,371,942,368,529,598,887,717,874,234,480,293,846,600,536,640,628,500,177,614,671,769,594,859,873,731,982,545,547,227,994,493,124,482,300,252,118,359,230,149,44,931,398,516,901,549,386,832,431,425,211,783,65,700,291,765,977,654,811,872,369,986,942,736,363,690,1,692,341,111,780
692,333,545,261,916,161,621,541,467,464,569,904,661,19,297,603,952,938,579,458,241,794,137,857,625,8,584,861,929,129,645,313,493,308,851,680,826,960,816,89,162,359,39,89,733,908,695,795,501,200,222,53,416,443,228,884,258,415,780,819,618,140,970,974,426,450,490,16,961,733,456,390,363,149,998,586,628,922,579,860,73,653,729,960,282,276,716,308,329,67,342,947,998,210,326,71,652,472,980,976,926,619,706,193,763,895,516,755,154,299,73,152,480,382,937,909,42,300,943,399,992,29,268,51,925,449,675,292,60,555,461,183,834,190,899,379,226,994,427,478,580,350,727,17,162,863,362,149,99,699,198,805,498,440,607,106,463,940,815,501,156,674,708,600,812,738,739,69,366,570,829,539,817,778,597,418,53,491,397,520,412,327,797,67,506,290,490,602,739,86,622,165,549,280,603,651,603,535,46,219
102,9,714,154,805,831,984,372,973,652,320,255,440,849,148,429,273,396,704,371,311,280,161,949,526,208,38,622,234,496,370,656,31,563,218,295,590,412,320,2,306,337,456,450,485,233,84,151,238,867,816,633,756,515,836,677,292,170,256,11,865,888,251,756,376,376,152,27,450,389,602,387,742,914,78,994,207,828,655,919,774,246,788,651,889,87,81,121,264,699,802,928,879,118,805,53,899,735,69,362,30,725,643,81,322,143,54,20,845,890,535,337,910,967,150,546,569,917,586,811,720,533,352,34,404,548,839,540,54,611,974,711,748,518,550,734,677,198,17,199,763,703,983,273,618,189,207,532,822,795,939,210,785,797,623,757,10,342,84,92,665,36,136,632,456,513,596,708,392,925,625,902,222,417,651,968,562,474,771,146,27,724,654,14,619,483,830,662,224,800,429,251,299,217,915,137,603,15,1000,978
649,851,909,255,87,941,632,620,891,571,820,4,58,199,435,490,654,136,791,554,261,675,23,829,95,446,815,558,268,677,315,230,848,655,695,632,428,948,215,274,228,157,490,133,581,413,934,776,333,7,29,970,757,639,164,516,848,381,133,106,402,71,344,53,947,931,81,993,95,866,885,333,226,859,429,807,554,605,453,325,817,506,883,804,208,14,869,176,322,901,579,910,516,993,788,151,251,416,959,749,639,909,573,5,117,942,39,75,770,97,758,668,685,341,19,248,919,179,56,400,48,163,635,355,921,309,613,33,122,705,247,727,363,712,426,897,234,817,3,767,734,811,467,843,807,720,796,183,902,863,991,134,852,763,606,906,551,993,605,467,951,998,916,487,717,868,941,21,911,288,35,696,328,456,717,873,215,995,868,593,246,28,488,821,93,755,800,998,285,400,111,322,110,480,549,41,474,111,921,577
994,508,666,812,75,230,761,600,339,567,975,618,869,452,753,686,973,27,739,593,85,575,201,721,668,414,775,745,692,937,237,604,103,199,727,381,675,708,347,193,928,311,243,714,300,797,128,574,782,193,737,348,609,318,773,421,654,823,611,886,660,96,931,165,14,670,919,368,814,927,384,18,236,68,114,614,657,280,882,233,118,469,303,431,858,822,739,594,892,808,340,927,665,737,106,728,186,190,999,866,59,527,779,645,340,909,512,184,764,253,477,716,843,495,540,557,856,829,328,320,318,825,696,842,487,493,946,724,694,679,9,97,52,641,206,235,871,172,47,433,17,704,939,786,261,859,820,61,244,147,275,56,886,897,90,347,224,506,650,655,479,898,585,842,165,447,556,66,624,618,837,764,18,467,923,654,50,727,523,475,555,263,426,505,128,4,913,156,302,159,440,306,751,250,6,202,51,4,946,963
971,474,469,668,647,621,557,820,469,51,336,532,245,367,652,274,819,849,230,419,607,549,143,543,353,224,414,519,73,45,576,575,265,747,302,790,550,433,53,498,627,389,824,851,401,93,233,25,923,201,433,943,488,847,336,214,217,486,997,707,472,139,450,428,833,455,442,191,361,77,574,463,462,254,452,655,644,938,609,644,105,994,245,535,392,230,444,409,96,123,308,620,194,948,211,488,187,601,986,896,374,553,832,476,93,612,510,999,847,319,907,211,978,76,276,549,829,323,7,967,344,401,378,329,451,782,939,873,894,890,105,675,995,90,55,362,126,495,965,985,862,775,555,774,294,879,789,41,506,894,364,974,644,797,410,800,677,141,334,605,993,165,447,679,447,693,733,931,328,253,652,457,125,213,789,65,404,555,194,883,445,260,489,844,306,328,948,124,307,708,202,616,900,69,109,760,459,670,833,543
135,66,37,252,159,187,657,830,560,451,490,992,463,446,187,275,146,129,242,418,999,60,986,162,766,480,203,423,109,353,70,382,276,131,205,787,679,12,488,632,420,189,600,112,177,769,861,800,370,367,712,987,536,916,766,864,844,37,459,296,956,958,855,351,121,70,941,420,683,363,763,564,824,505,65,221,321,916,91,612,431,714,5,474,765,809,845,423,92,82,334,756,969,534,440,932,592,770,258,477,395,297,627,878,335,136,888,310,3,600,487,855,775,435,822,410,903,142,778,342,701,814,20,739,61,704,222,845,685,872,18,556,615,330,73,292,131,359,131,943,957,68,599,392,642,41,157,148,914,406,206,158,252,942,972,347,90,443,329,408,151,80,870,762,926,955,627,1000,27,430,558,252,608,521,686,947,708,517,583,600,259,397,636,886,997,696,127,835,927,475,571,796,285,488,572,71,996,841,195,470
373,617,637,843,791,471,794,213,256,198,822,13,333,620,304,899,852,354,735,39,130,233,470,577,918,211,543,567,596,304,644,838,894,265,484,504,146,904,318,864,907,165,80,344,566,401,493,616,548,553,747,155,451,810,546,57,62,834,724,797,598,129,42,747,678,675,618,717,685,581,821,133,193,20,806,837,131,932,875,154,10,682,701,617,842,774,459,938,865,318,943,475,853,686,423,431,87,238,725,583,951,653,930,434,523,471,324,470,698,5,244,361,184,111,248,923,801,125,146,500,253,803,3,447,90,13,218,557,752,509,447,178,995,271,85,879,683,22,45,713,421,406,514,95,377,889,262,934,595,730,614,990,169,6,816,550,880,354,559,784,289,826,737,526,983,18,1000,116,275,102,141,534,910,718,494,367,294,841,776,9,742,205,307,571,886,654,187,569,653,633,983,65,899,615,541,107,423,313,902,848
360,771,96,406,76,688,542,728,495,556,831,663,315,534,383,290,908,553,792,256,209,906,735,901,134,510,762,147,127,691,668,326,343,452,421,805,289,140,350,329,213,600,165,769,109,6,526,52,364,604,852,817,523,340,918,908,877,979,18,820,703,953,217,527,948,53,907,183,789,430,825,759,636,26,326,129,594,391,244,623,964,731,736,519,29,123,383,290,35,185,290,116,358,2,111,304,565,335,824,227,398,381,95,702,750,338,27,46,116,971,613,761,722,793,745,494,63,133,907,510,120,413,372,940,281,92,811,853,248,843,140,224,52,386,204,517,351,220,254,420,564,652,514,544,882,977,490,689,131,745,618,320,649,339,48,405,137,930,972,345,228,385,166,394,746,575,622,490,37,303,828,822,973,780,67,629,870,896,795,580,302,519,131,609,256,467,966,161,440,69,852,380,199,392,628,731,861,607,535,90
82,11,387,546,650,308,181,55,37,323,806,825,473,940,504,968,336,558,463,405,709,774,758,11,978,370,338,596,697,915,603,979,631,706,115,727,165,729,602,896,316,426,276,133,327,4,125,874,138,506,6,748,262,950,239,370,711,836,129,507,537,211,636,323,784,978,385,626,497,178,192,701,732,106,862,211,976,855,33,950,721,819,899,666,343,795,306,26,171,323,347,357,237,525,417,141,124,318,133,917,1,192,294,930,593,119,656,372,637,19,841,926,945,431,121,586,980,877,727,143,245,978,79,843,461,386,234,482,337,628,511,948,631,905,800,866,2,165,491,769,39,181,839,861,297,633,138,179,577,403,834,828,795,194,286,767,138,969,101,11,280,999,409,199,299,306,211,980,315,417,700,693,835,222,170,180,919,992,663,414,732,756,554,384,443,446,377,921,853,276,946,50,933,708,561,883,925,187,639,250
212,658,385,238,164,66,706,721,653,925,788,500,442,803,273,958,631,156,587,744,344,14,56,586,547,906,606,189,79,645,672,82,318,615,131,358,843,452,796,769,518,440,462,968,669,622,968,782,926,222,850,765,699,283,716,505,996,228,901,304,837,31,304,583,951,802,570,699,532,843,67,559,841,140,929,0,545,721,77,85,721,667,507,624,890,225,846,221,736,159,560,917,691,402,921,986,347,435,800,495,47,182,145,405,132,764,941,982,647,362,512,195,212,252,662,59,730,821,882,797,876,432,743,378,559,399,114,296,896,77,952,349,260,331,284,555,526,736,293,779,291,340,430,915,679,525,988,413,235,937,117,780,161,76,10,414,322,766,301,88,657,436,355,290,285,334,394,339,269,274,37,200,125,397,942,165,247,238,840,203,986,458,452,129,626,691,287,964,913,925,938,758,989,593,604,720,465,267,549,573
336,492,940,613,935,840,472,840,703,65,283,353,195,829,747,256,50,88,370,95,832,130,728,135,979,984,495,502,69,175,440,782,957,923,678,315,965,643,8,396,42,881,919,724,645,617,911,824,672,767,906,434,320,271,676,377,327,627,882,367,359,874,33,179,543,882,282,734,647,912,797,490,194,91,696,941,320,597,983,25,68,401,416,817,447,929,241,72,620,535,825,678,5,152,824,681,500,112,808,660,346,618,183,740,365,12,466,819,760,77,352,939,667,640,465,469,331,575,429,278,786,30,907,76,322,343,327,308,619,211,362,794,420,191,620,652,458,538,994,572,406,330,269,745,867,337,222,770,783,741,860,555,985,109,999,216,275,205,555,307,54,399,571,435,72,104,151,759,935,55,946,119,98,77,406,850,925,213,232,288,631,299,685,157,361,544,157,652,144,859,760,182,463,695,497,479,986,421,793,708
235,562,555,250,227,94,28,896,754,900,194,102,910,397,111,718,146,628,721,974,982,930,342,915,72,634,864,868,723,229,719,411,672,698,994,35,8,149,868,183,977,157,63,263,356,89,719,413,134,844,545,599,326,482,137,298,749,125,483,963,874,701,229,881,374,185,367,688,785,735,800,948,909,324,185,389,559,153,261,933,746,142,200,648,153,820,600,789,492,397,438,619,147,959,728,147,255,121,220,541,407,336,856,119,651,74,17,908,13,823,993,219,599,983,973,877,695,566,642,927,747,841,526,707,713,589,438,308,647,808,519,546,559,915,958,128,599,687,511,58,407,317,929,592,919,496,297,361,791,807,674,10,411,508,234,230,690,613,141,264,535,750,777,680,447,234,680,313,972,212,950,264,363,621,693,298,199,46,291,595,421,272,150,359,161,541,603,935,85,878,756,413,467,313,57,926,441,390,901,802
694,150,786,818,241,29,447,983,219,837,1,617,179,895,669,878,940,786,700,666,533,474,197,462,189,852,622,786,200,110,561,62,360,900,246,745,755,839,488,388,82,550,329,331,303,357,131,782,869,709,668,184,591,766,63,961,791,446,572,32,91,477,614,289,955,33,970,605,301,54,495,391,549,234,172,50,772,591,56,11,415,993,21,435,32,772,998,286,980,129,796,405,773,687,171,219,253,512,983,279,335,21,89,149,158,613,764,453,669,753,307,482,62,867,705,255,773,75,156,301,203,728,621,748,670,8,376,780,913,498,92,930,585,363,857,371,945,953,177,118,453,982,27,253,23,861,517,605,287,526,907,788,857,990,893,113,312,709,336,934,789,534,374,71,464,24,846,960,983,416,934,77,601,357,785,390,962,282,493,955,603,212,308,236,454,267,655,271,190,345,6,95,817,435,269,525,334,513,4,342
252,998,486,54,156,372,518,932,413,444,982,567,717,208,210,452,901,42,885,333,396,314,565,743,700,638,508,44,939,72,261,831,363,80,376,58,310,772,12,796,342,370,991,985,771,414,982,43,701,971,1000,667,371,463,633,535,524,841,249,803,334,921,640,831,948,15,103,219,575,850,136,667,407,414,109,356,132,743,741,45,102,808,736,765,47,530,271,934,16,703,28,429,935,366,712,341,64,545,759,835,815,289,875,347,285,174,312,98,64,864,866,748,102,305,284,945,251,729,833,196,646,569,830,287,770,978,355,355,192,166,490,624,29,212,505,301,296,181,948,109,44,976,471,553,514,378,458,367,313,587,941,755,556,420,462,810,925,672,414,782,212,691,278,720,212,63,174,127,386,998,810,315,288,61,617,62,971,723,215,466,67,139,791,999,234,623,818,636,745,651,541,938,568,44,209,633,637,34,132,425
393,791,471,165,142,247,598,802,985,646,108,351,579,360,957,353,380,933,273,561,744,625,30,748,629,709,383,652,55,751,421,649,396,382,88,895,958,250,961,902,734,187,979,259,142,47,897,755,439,512,850,836,242,690,377,620,192,542,749,423,557,650,740,448,294,313,874,492,403,377,466,141,643,188,831,900,866,929,910,241,784,40,287,517,5,245,589,501,286,297,163,833,123,617,436,434,831,43,93,897,609,781,863,428,185,519,473,267,260,29,721,616,805,559,79,672,198,678,720,161,233,991,47,434,521,215,300,614,26,250,403,790,482,250,221,564,496,679,55,478,204,82,302,113,792,912,585,409,115,500,905,185,495,674,378,454,645,60,794,334,349,181,591,458,759,913,369,610,599,664,786,766,306,145,152,641,229,717,597,136,162,110,67,134,134,40,510,375,312,584,343,357,700,707,187,180,136,711,838,260
295,319,986,219,988,130,106,659,561,176,964,434,488,998,483,264,510,605,86,642,43,97,537,436,644,314,984,303,619,543,738,879,506,186,374,211,280,29,555,998,45,746,733,977,869,528,180,716,575,290,496,421,543,470,174,448,498,574,769,723,143,317,103,253,359,506,451,255,979,133,15,692,456,419,79,430,132,579,994,727,35,122,956,480,441,428,743,223,886,528,419,861,548,480,165,484,242,0,188,984,695,893,732,395,61,102,450,972,12,349,998,232,134,196,517,803,273,587,407,537,894,285,534,661,135,939,172,808,18,903,101,861,982,153,329,492,998,38,295,104,57,125,541,482,704,507,696,596,557,322,942,456,229,281,23,565,797,76,941,546,231,278,543,565,965,762,218,253,892,809,514,906,314,586,377,349,836,592,487,414,871,99,29,252,478,614,648,489,15,789,571,923,924,926,680,697,592,361,635,258
392,660,252,398,702,794,112,491,104,208,295,756,302,653,465,696,872,687,356,812,93,152,883,541,287,345,343,258,450,638,16,425,807,177,518,848,374,230,409,234,572,254,959,544,853,974,936,977,412,884,138,237,397,120,918,777,332,587,187,412,539,63,385,369,878,944,588,166,138,189,785,227,906,850,162,769,485,86,24,609,943,598,767,373,430,674,537,543,750,849,776,878,117,782,179,186,51,528,63,124,378,833,353,191,128,523,802,145,969,931,887,920,321,270,599,526,668,390,765,785,865,471,338,357,985,51,691,999,771,755,965,217,71,768,754,873,435,938,532,550,487,490,915,466,180,26,915,284,107,542,622,653,926,199,932,659,976,154,125,328,627,99,242,553,188,804,364,753,719,182,320,819,23,653,577,818,10,798,839,960,459,952,364,441,930,869,311,813,577,294,237,626,578,16,98,63,306,782,265,610
114,738,718,82,934,389,715,286,995,28,307,195,493,73,221,985,723,71,84,873,342,476,962,50,989,775,904,722,461,211,407,904,933,261,41,272,300,54,392,729,403,985,294,381,614,313,886,905,314,720,463,482,492,161,228,476,864,857,89,710,835,745,119,118,512,739,980,853,201,865,917,388,979,652,349,935,212,510,504,312,783,660,254,326,294,336,866,805,431,682,417,120,79,431,510,175,704,154,495,292,359,241,163,290,258,748,795,68,5,777,133,677,761,32,974,656,182,518,84,746,348,972,452,772,933,216,409,875,697,441,908,438,70,302,329,839,138,915,258,347,580,669,19,290,187,191,674,692,311,653,675,545,94,647,654,195,81,921,583,746,104,509,204,427,969,164,183,990,248,224,443,454,527,208,82,793,760,494,832,30,302,825,28,121,538,73,722,298,748,171,554,33,772,70,864,764,827,623,145,815
161,795,356,885,206,970,40,1000,639,553,638,951,308,966,60,878,118,578,262,217,47,341,787,856,888,9,951,686,413,130,455,471,789,226,738,678,398,645,302,119,624,725,530,973,90,830,274,405,35,898,740,398,789,669,323,894,745,981,347,579,867,347,937,448,407,818,244,946,932,589,332,884,292,208,508,647,137,414,896,519,320,908,968,285,373,452,282,30,975,480,746,95,796,639,884,86,459,963,110,117,993,911,72,773,324,132,400,818,156,349,275,546,932,503,846,825,469,983,136,307,327,606,811,40,830,359,57,117,655,231,164,138,766,370,524,437,475,944,214,553,436,643,163,651,362,127,212,170,811,500,828,592,231,120,151,471,528,634,87,758,607,182,765,34,751,371,197,116,601,363,291,700,136,795,330,347,783,871,761,296,699,551,966,707,153,311,893,354,583,118,525,745,860,617,597,393,632,442,197,909
393,445,267,983,793,858,522,659,650,694,958,436,916,180,869,450,819,119,99,522,213,915,958,224,735,727,316,527,211,771,451,77,554,522,612,513,94,846,227,852,716,189,410,236,823,809,73,5,533,578,392,917,937,630,892,254,287,640,554,73,982,930,255,865,651,286,854,130,801,217,394,616,589,36,20,210,897,172,921,861,249,123,955,808,217,108,978,185,573,393,197,776,168,17,342,863,364,588,447,19,36,272,495,224,967,849,761,24,709,500,541,794,266,858,334,64,49,17,282,962,360,773,409,665,449,632,304,5,562,73,928,792,970,574,101,411,958,898,902,520,262,854,658,707,116,312,811,672,926,627,554,591,768,33,646,753,841,250,191,39,65,182,536,820,976,581,487,682,74,818,570,375,457,332,299,604,198,332,39,953,753,334,843,191,819,700,34,883,996,43,504,408,326,859,688,940,777,391,542,809
533,34,588,780,941,340,962,198,610,139,589,242,578,820,95,755,781,947,72,505,609,684,4,843,253,933,827,379,921,255,578,408,365,666,503,648,767,336,81,860,439,36,881,474,525,486,236,4,348,905,461,867,296,390,904,639,973,674,822,525,762,26,107,550,690,141,526,285,2,955,479,78,929,134,941,885,206,192,576,310,356,123,416,342,164,937,68,425,925,856,524,882,857,4,72,479,90,832,17,890,856,840,983,195,611,680,20,2,254,579,555,257,441,97,355,667,388,849,735,626,178,601,781,330,755,1000,511,16,27,825,949,165,767,10,307,872,53,586,778,128,393,975,562,18,738,558,180,282,529,231,178,511,420,121,882,940,843,29,335,30,503,980,93,811,62,634,380,488,181,801,487,355,134,318,495,599,828,771,853,280,89,103,5,556,822,314,319,252,460,506,893,711,516,387,37,84,322,829,532,468
973,221,601,954,218,385,565,843,521,160,844,840,442,746,137,756,134,846,553,500,382,403,472,926,137,316,589,913,382,77,999,245,969,376,245,12,705,709,851,86,166,802,292,896,326,729,931,904,929,427,734,321,407,7,643,417,595,686,245,844,216,820,15,501,117,70,723,65,993,30,186,827,228,325,256,786,899,0,436,527,948,594,209,321,838,282,571,785,52,536,404,315,614,11,940,7,283,698,81,596,607,422,864,613,493,283,916,730,460,67,32,562,968,582,891,102,755,169,190,304,268,809,278,843,793,113,49,134,16,988,254,492,952,28,456,378,544,707,932,186,860,982,433,242,125,401,189,893,962,491,733,469,585,259,435,54,75,999,371,493,14,123,199,554,698,413,97,560,913,976,442,655,84,921,505,562,343,538,217,207,253,258,327,31,852,795,363,590,849,339,445,13,579,126,334,586,486,952,765,404
644,109,874,292,236,599,554,439,667,877,275,504,807,410,251,619,232,232,903,736,324,10,553,238,195,880,451,712,542,85,622,882,219,171,748,956,909,901,635,719,943,559,654,602,995,576,784,188,248,246,971,785,636,889,600,44,83,771,365,108,361,923,341,673,436,448,488,440,202,577,146,212,607,539,883,798,890,828,410,381,832,907,678,277,921,973,752,784,824,363,850,518,400,729,909,317,635,539,965,611,103,853,621,295,262,982,114,938,292,655,106,41,507,528,613,582,811,333,834,680,333,28,548,414,697,721,730,859,410,141,830,728,657,489,981,487,681,456,672,971,460,536,778,253,266,347,420,878,933,881,525,415,454,369,398,476,871,41,124,833,340,876,672,681,22,172,665,137,197,329,473,921,430,966,698,374,428,983,999,551,987,367,244,174,841,919,589,169,766,547,404,739,539,476,405,139,119,210,432,420
468,696,391,808,332,124,253,141,742,721,473,811,46,461,414,674,894,631,619,556,842,820,542,630,895,404,683,804,459,790,355,659,448,835,227,418,515,943,6,312,332,890,138,137,786,875,17,114,633,477,650,85,178,224,188,955,190,76,535,834,735,77,578,532,307,175,979,374,26,792,272,48,231,644,89,635,546,295,498,509,675,218,799,841,736,772,766,203,65,524,156,648,997,611,247,746,163,178,138,478,808,212,487,408,668,944,164,251,825,111,687,134,266,356,474,7,189,33,841,608,861,424,455,383,916,421,409,794,59,665,755,37,679,484,871,535,769,259,223,702,188,337,619,399,105,856,877,629,889,923,781,994,540,593,875,336,967,513,592,272,376,170,711,129,931,176,60,108,481,561,929,775,901,748,212,781,645,788,832,580,621,674,918,297,461,458,933,885,225,699,296,742,136,76,981,835,287,918,169,274
116,364,439,539,991,209,124,505,18,567,230,436,52,322,944,355,318,948,393,451,919,242,489,548,322,449,26,477,3,657,942,188,219,428,217,545,536,647,615,56,699,720,385,415,664,880,223,409,445,509,429,315,482,423,551,101,230,555,543,18,744,632,614,977,102,921,252,358,806,849,792,991,103,833,106,987,155,264,443,26,257,323,210,308,722,994,728,948,584,92,95,566,315,72,405,634,683,298,123,888,41,191,180,789,639,23,941,573,358,216,86,158,790,565,684,855,929,364,541,738,819,411,329,278,196,239,776,160,15,737,279,683,839,415,328,649,203,946,717,690,796,904,299,246,582,336,239,29,636,830,877,476,700,23,984,168,117,516,855,219,157,399,982,661,268,608,255,55,164,104,147,279,618,620,630,64,59,114,246,510,754,174,729,308,806,233,813,337,859,658,403,27,439,863,416,519,505,104,501,695
505,719,970,141,874,3,293,753,46,359,118,420,834,365,10,413,802,584,181,482,848,71,567,792,85,545,534,1,193,6,564,97,744,81,987,607,412,891,453,275,576,974,124,294,768,105,157,835,19,281,977,763,243,132,218,565,443,883,80,721,492,146,93,270,168,415,527,989,904,461,532,313,946,356,863,438,227,935,776,378,392,11,434,489,757,424,760,725,177,256,416,423,670,428,796,697,130,120,49,734,36,640,678,36,145,879,982,381,790,706,774,290,130,249,717,643,89,31,577,571,590,710,236,285,71,584,101,45,993,585,819,830,339,559,856,467,268,826,355,869,860,291,968,701,948,324,8,235,60,693,208,246,437,213,810,922,439,162,919,464,341,681,392,903,737,722,957,770,497,825,429,747,163,458,914,244,239,941,463,99,149,665,788,747,814,139,482,381,967,319,601,292,747,71,946,393,62,983,810,886
424,210,89,577,6,94,745,584,411,506,872,119,150,719,656,900,778,88,80,793,857,988,727,55,799,682,867,394,942,533,658,22,341,786,248,655,513,984,766,538,325,368,178,759,198,717,118,157,63,405,330,696,249,497,190,877,578,31,738,461,35,836,274,469,373,782,401,317,139,974,681,191,180,787,825,391,439,549,462,716,431,356,510,799,834,727,428,568,803,369,494,23,6,162,74,435,226,691,356,62,116,357,352,115,930,103,101,349,962,842,312,63,554,871,801,118,51,555,40,719,209,397,130,548,704,820,864,348,603,766,35,15,68,355,327,599,624,265,676,850,672,233,4,227,30,483,429,721,955,311,357,706,307,890,148,221,581,115,582,484,214,175,682,123,423,596,751,825,688,937,453,491,645,684,535,945,55,316,374,716,684,902,331,444,873,430,942,126,175,869,857,579,122,534,593,925,658,21,484,216
789,11,178,701,547,634,877,999,865,781,892,498,910,19,868,20,191,192,88,929,418,705,112,452,601,776,353,692,92,433,452,832,254,184,856,26,991,551,685,538,908,765,606,905,541,666,589,112,906,855,745,374,725,239,282,626,567,287,222,961,756,970,883,411,182,133,942,881,27,651,360,318,858,624,497,258,231,433,977,140,499,597,226,569,944,166,937,33,701,60,521,167,124,107,299,101,279,962,155,592,685,848,350,592,786,191,425,975,509,191,374,556,291,873,299,158,753,463,852,852,534,521,814,349,448,491,669,861,144,73,680,655,5,571,503,377,302,654,132,355,256,144,87,348,718,657,85,714,758,966,169,255,262,175,903,516,816,208,459,93,524,948,672,857,170,597,391,892,175,779,812,15,565,27,748,651,502,685,791,886,958,368,338,96,372,129,191,786,583,265,691,614,584,735,782,205,282,295,867,561
395,35,505,481,468,574,889,452,630,433,445,537,331,908,962,506,697,27,574,494,288,461,934,860,935,630,747,36,143,159,267,128,413,400,912,102,78,347,357,403,134,545,406,967,983,857,919,223,217,42,747,132,424,428,384,658,561,225,310,406,50,81,254,329,553,820,414,84,165,800,431,512,521,268,682,224,627,435,611,92,814,875,425,409,884,622,20,478,335,617,644,164,259,521,6,708,340,683,998,636,419,832,43,80,727,687,846,572,87,279,988,384,154,368,371,132,386,429,74,5,477,334,217,943,67,690,390,232,586,546,190,923,716,46,942,70,373,68,226,190,832,715,938,71,397,444,6,390,449,140,541,261,12,616,376,311,100,512,210,665,629,827,620,679,204,129,163,219,924,595,728,647,878,73,967,565,290,836,396,375,598,351,66,551,278,287,133,246,518,441,250,286,412,789,631,745,566,16,887,538
804,40,498,629,698,60,914,153,248,33,479,889,648,790,504,573,399,29,424,607,709,225,248,33,293,475,704,520,265,861,974,144,463,872,959,506,771,174,251,380,503,703,321,650,993,191,995,48,84,586,603,819,111,419,890,344,919,635,888,525,663,360,431,392,886,144,289,135,549,333,78,490,691,323,184,282,866,831,807,771,80,371,393,370,400,86,986,795,437,587,377,568,927,880,232,835,352,698,488,819,69,148,197,946,848,736,154,934,463,678,671,85,838,795,861,945,589,295,117,347,330,194,806,373,293,727,443,605,784,330,907,451,475,674,391,854,825,993,415,681,86,688,213,944,901,719,229,447,211,985,329,326,493,639,251,345,652,345,370,395,417,14,398,653,7,547,367,122,395,926,120,234,83,33,33,469,336,269,616,396,708,724,237,247,62,61,352,825,610,69,50,415,837,800,519,828,183,48,176,640
545,142,412,883,511,533,884,733,733,731,40,106,405,836,544,458,633,88,310,618,478,214,958,427,720,215,311,117,271,961,580,647,149,390,722,48,768,383,701,987,110,640,824,877,35,894,969,636,573,272,360,953,411,171,940,665,672,56,135,696,645,418,640,872,107,592,414,369,433,21,865,480,549,161,871,309,903,250,217,602,197,282,198,431,72,918,953,937,344,409,964,931,311,90,271,624,572,601,286,710,546,439,107,974,314,199,292,230,309,802,869,243,147,339,789,9,868,21,383,301,577,777,734,406,3,416,389,897,160,623,872,904,908,995,763,330,436,159,876,862,152,544,937,137,133,379,313,391,345,779,636,594,606,211,7,744,942,567,84,352,20,9,852,931,320,623,843,802,684,989,401,260,237,47,166,707,166,778,579,894,857,259,931,560,63,292,990,865,788,134,97,746,540,187,733,115,382,53,230,673
69,334,795,530,788,696,116,942,546,464,538,845,838,43,220,138,303,372,623,672,209,858,907,943,589,840,639,835,502,461,652,954,877,626,245,812,685,390,92,189,15,809,131,204,380,608,584,929,804,840,774,808,274,531,71,939,766,657,91,808,851,781,898,536,491,209,998,983,9,215,425,828,360,997,852,64,824,509,234,62,233,927,571,108,68,966,918,221,3,178,433,127,217,350,639,747,182,425,416,427,244,688,617,46,672,159,393,389,894,914,271,896,741,18,946,142,921,701,807,665,155,112,391,437,188,98,963,415,517,595,935,269,428,210,445,762,475,773,517,564,699,742,626,924,145,304,221,578,519,460,688,250,130,849,664,501,575,739,889,139,837,383,748,89,917,507,364,950,199,138,58,172,690,146,732,446,404,521,746,273,933,233,415,526,442,875,835,773,69,64,789,381,355,805,663,383,604,275,93,199
639,230,250,760,849,502,318,822,101,153,967,176,460,850,17,647,561,507,485,321,757,913,546,989,183,686,760,840,42,730,326,470,91,875,126,59,52,327,87,266,39,279,130,596,946,374,860,577,340,693,270,871,251,522,813,636,695,426,259,55,485,105,765,25,108,675,847,515,27,376,941,478,398,26,729,458,163,23,875,224,906,316,677,391,197,960,549,414,495,331,773,971,285,31,78,589,642,860,374,868,71,734,35,660,879,596,275,744,451,33,793,826,107,761,632,559,244,380,599,505,160,613,584,500,230,879,590,473,196,896,19,121,136,452,15,221,640,508,703,513,417,969,272,440,216,596,140,506,98,550,941,247,932,14,126,890,184,661,91,932,594,881,109,431,7,960,949,488,714,342,375,27,942,20,895,850,72,262,771,607,313,724,153,2,354,409,770,15,253,863,574,443,80,302,913,217,965,983,781,764
494,247,163,48,338,867,541,893,691,173,402,249,94,648,410,834,492,773,867,913,170,18,668,953,40,540,556,412,813,742,831,124,910,139,963,307,897,12,242,211,97,747,787,714,6,293,948,138,214,643,48,577,313,737,772,192,193,93,183,514,78,24,119,617,6,525,612,719,197,376,816,641,963,962,368,614,548,602,2,110,804,551,252,626,206,400,978,968,879,818,85,783,890,921,923,4,228,753,881,735,336,176,78,996,398,40,846,943,474,188,565,520,518,363,744,857,461,844,507,826,0,327,829,308,953,999,641,507,920,193,121,2,890,969,904,899,924,703,753,73,648,325,570,654,155,814,272,183,52,507,954,60,248,324,538,954,152,892,683,824,700,179,296,122,690,764,551,2,120,958,738,809,183,318,707,665,755,509,821,499,133,267,725,858,175,745,549,502,138,493,690,112,770,860,891,175,875,981,993,740
229,491,374,285,322,580,727,913,557,818,960,318,32,535,907,508,85,978,978,525,929,789,826,613,787,179,288,933,152,539,539,464,34,710,220,362,427,868,72,452,905,800,910,794,483,288,114,812,594,893,361,144,841,252,933,247,110,350,743,848,441,653,952,686,555,909,731,24,849,828,371,740,404,618,705,714,757,98,420,999,682,146,455,572,734,372,731,397,573,316,146,872,955,212,699,107,167,926,581,525,275,943,414,340,624,44,318,865,818,440,955,831,484,220,324,529,846,319,702,522,97,996,505,48,845,600,144,989,454,267,126,970,563,604,160,89,803,831,16,950,76,437,812,614,602,140,12,949,327,417,407,601,867,407,39,193,580,700,570,855,238,856,740,414,644,776,517,163,133,820,608,64,491,975,717,615,183,439,500,896,454,225,961,841,490,570,871,155,453,775,361,884,968,58,892,520,903,998,380,552
702,749,47,946,963,885,787,437,794,243,885,366,671,767,349,23,220,569,0,22,408,505,708,203,937,415,746,300,210,484,32,322,711,87,400,762,421,583,667,93,363,336,572,112,851,300,721,359,337,546,770,945,503,120,611,656,343,752,846,281,858,683,376,508,956,91,12,809,839,15,308,865,603,620,168,958,766,447,82,329,810,498,840,775,308,886,417,919,770,918,981,928,816,753,833,480,58,228,653,167,740,5,920,789,404,169,96,884,236,198,230,177,666,17,940,785,262,618,779,652,33,655,761,47,170,651,699,446,213,338,795,160,353,782,805,268,935,277,740,899,952,887,97,259,916,925,449,157,249,487,502,575,185,578,489,666,589,871,295,829,660,958,357,866,801,477,71,658,229,137,791,375,126,842,549,862,638,35,132,22,780,308,283,87,27,503,511,773,865,700,585,528,647,210,819,274,976,829,797,383
111,739,427,326,337,945,860,630,298,698,644,873,979,462,424,235,807,285,442,568,802,392,806,448,791,352,590,446,241,817,779,291,651,385,239,536,981,909,848,998,937,475,284,43,364,86,217,41,143,533,314,537,446,504,870,954,662,509,540,844,783,289,527,991,278,886,347,373,981,789,413,18,713,45,648,563,533,549,215,38,905,282,86,248,942,988,21,44,10,432,588,16,785,657,622,425,39,475,490,561,157,109,825,603,183,990,937,813,38,631,263,941,469,15,423,418,476,135,44,65,395,63,530,715,511,925,39,738,283,170,762,933,624,219,173,550,748,71,786,83,790,873,509,550,486,795,85,985,85,373,335,33,35,600,635,840,201,144,589,423,767,146,782,516,669,85,960,503,996,21,20,893,608,535,926,627,737,913,172,518,218,160,25,671,184,219,535,136,593,632,100,997,517,950,549,683,666,118,482,993
765,399,619,613,406,788,402,695,900,436,652,287,4,505,204,538,969,1,250,499,485,667,413,180,753,949,250,787,985,944,249,428,477,930,11,970,170,168,7,278,847,843,599,436,444,250,53,781,63,106,362,527,902,582,449,856,465,498,857,274,791,417,340,416,358,282,120,53,415,399,641,156,472,102,35,969,234,38,438,899,682,687,571,417,271,261,807,235,607,456,321,402,805,704,883,659,995,342,401,431,703,563,834,182,326,870,230,404,183,435,932,309,776,935,133,390,279,332,791,832,817,13,713,327,482,144,199,530,396,599,813,59,716,471,554,385,122,631,683,103,232,883,753,621,313,279,813,270,710,928,696,509,27,756,490,740,873,176,140,73,168,682,966,756,499,675,88,521,942,21,682,117,466,972,254,575,51,386,795,292,568,751,298,739,20,678,889,158,328,247,25,26,457,331,7,564,514,920,922,467
300,199,10,122,84,739,803,629,977,414,284,332,692,772,842,948,841,551,65,757,297,171,544,950,45,184,455,833,250,257,880,68,503,327,773,465,412,606,64,334,911,585,687,345,83,300,966,205,992,94,220,818,460,599,245,272,214,285,198,491,979,266,235,171,37,717,747,741,702,819,889,666,203,24,864,819,371,437,425,982,850,676,415,823,747,652,961,714,106,459,221,328,287,676,255,899,109,280,136,554,212,274,586,744,221,467,37,953,673,426,302,502,927,493,998,230,697,442,893,663,415,626,338,893,386,455,879,404,230,366,729,760,258,985,56,811,268,808,312,537,329,254,470,112,119,927,657,113,193,278,659,290,87,871,112,352,799,556,183,981,767,351,782,544,397,552,235,115,362,322,328,912,801,410,425,189,261,51,81,139,59,201,187,908,335,815,26,899,123,801,298,200,843,756,99,242,276,827,138,761
84,398,437,425,262,537,451,266,887,305,116,749,622,188,209,599,589,289,1000,724,303,937,716,350,576,744,858,675,173,184,206,911,453,245,224,715,607,1,177,765,90,827,788,500,792,748,779,795,440,576,757,86,74,907,258,280,438,838,534,635,471,213,246,246,672,668,747,53,456,331,841,501,317,109,946,921,108,583,582,482,586,461,39,884,339,260,354,524,493,855,408,298,448,467,692,989,538,641,735,958,66,944,117,966,865,62,56,718,287,303,638,531,221,345,72,497,594,995,149,681,918,49,999,957,951,60,510,536,700,896,528,888,597,825,611,722,61,343,185,94,981,964,685,847,794,967,156,796,193,834,294,183,794,33,338,519,6,255,270,977,337,96,980,458,531,543,227,484,564,771,65,767,451,925,835,235,34,508,196,205,857,964,209,78,694,234,717,813,439,412,190,1,423,840,17,444,194,741,507,834
902,430,103,267,953,606,527,956,425,543,507,495,389,957,836,329,585,696,796,757,231,411,408,82,475,758,477,114,860,855,54,817,763,279,932,296,878,870,675,11,573,736,623,138,95,147,115,24,657,663,806,186,155,960,776,613,384,346,540,413,879,514,855,803,437,753,446,595,804,146,522,794,695,343,351,712,239,179,892,323,823,136,174,367,207,244,909,759,365,39,57,660,866,180,850,630,818,996,370,849,714,53,686,528,234,707,822,510,6,619,691,366,763,106,387,396,206,725,844,782,308,252,78,917,175,425,514,706,276,634,558,735,826,557,850,843,190,48,541,773,632,385,272,876,130,177,907,70,94,167,93,762,53,821,100,924,373,888,451,79,140,372,362,632,116,858,657,731,400,550,476,767,870,859,756,337,887,406,907,413,964,631,630,916,395,172,659,678,594,360,795,498,794,930,762,134,961,520,697,490
661,79,219,469,332,954,852,368,241,652,833,246,493,615,531,580,270,15,22,22,973,185,63,364,101,615,485,488,872,743,469,769,651,220,538,361,579,360,279,92,577,363,61,643,650,83,294,768,579,711,170,138,923,673,827,648,952,122,32,834,250,342,929,212,694,388,441,886,298,569,156,937,579,510,463,2,454,553,267,584,35,661,714,202,760,666,346,939,281,466,773,596,89,839,486,315,885,814,11,170,906,414,592,401,253,399,446,834,763,682,229,220,334,925,154,628,933,968,861,906,0,232,361,736,424,936,801,91,584,59,664,481,237,715,184,119,904,401,806,719,220,808,817,9,707,11,801,806,217,9,912,793,353,638,57,926,756,414,878,678,606,822,749,972,108,382,101,696,151,364,885,412,941,310,267,539,433,210,493,782,393,662,736,119,758,167,384,268,496,672,692,58,203,981,262,533,772,557,21,872
500,693,473,117,924,178,564,993,330,191,367,756,835,213,626,161,725,204,726,653,370,906,882,338,226,101,624,78,498,714,948,863,441,107,929,825,71,537,344,317,242,426,226,972,969,934,901,631,803,341,492,668,130,574,884,931,373,684,632,48,872,332,291,659,125,291,791,382,38,409,410,880,714,371,464,401,24,555,48,962,200,220,382,1000,810,134,359,793,341,388,769,167,842,954,113,374,834,73,129,431,813,650,888,870,571,879,226,545,932,103,779,771,937,463,742,361,251,168,108,499,593,754,195,437,488,688,376,386,609,379,761,981,293,823,690,127,756,960,870,495,31,19,318,820,542,866,197,162,451,455,70,315,390,494,849,990,229,433,631,143,155,674,693,620,118,746,102,127,688,693,217,443,190,281,817,492,148,872,280,423,730,461,270,977,318,813,245,938,302,983,362,471,872,347,2,582,726,989,660,364
128,651,419,421,202,99,612,427,210,862,124,44,841,442,790,362,990,448,677,723,172,570,850,525,177,105,290,154,505,166,946,730,953,551,101,10,369,180,416,1000,664,317,424,912,942,831,690,112,557,343,654,784,344,44,431,463,321,42,385,976,94,497,114,283,782,264,186,303,394,153,741,845,900,801,30,841,366,705,444,562,29,591,10,726,312,738,417,678,951,838,13,427,105,809,855,819,635,726,474,81,835,822,784,782,788,919,873,839,108,305,808,185,508,453,19,751,276,150,801,263,565,296,334,46,143,473,959,26,801,587,805,408,939,357,294,254,774,813,144,759,712,420,642,505,97,832,936,474,411,675,189,135,807,389,364,593,646,781,106,200,259,392,469,831,628,421,688,456,975,242,5,206,965,942,160,899,442,529,641,707,387,751,818,634,841,284,283,255,445,200,509,234,467,66,669,756,255,630,774,350
556,209,616,82,662,619,690,357,225,339,89,32,565,171,270,732,447,445,780,108,847,915,875,892,717,144,81,273,719,408,380,261,648,343,717,955,105,798,342,547,624,86,930,146,546,726,743,4,625,890,137,835,19,334,778,239,279,786,337,21,89,291,812,814,728,679,832,770,299,10,189,659,816,879,676,750,120,793,29,499,623,852,961,510,130,827,199,795,190,278,237,620,491,1000,150,337,878,801,316,473,40,989,169,636,333,688,801,171,783,851,845,822,588,234,309,410,93,372,373,201,60,241,532,968,268,827,924,166,955,845,952,116,13,467,309,960,991,771,45,333,989,21,680,488,304,549,499,676,544,609,497,226,848,521,161,575,160,603,399,97,446,662,772,24,667,58,963,334,930,279,441,278,836,355,997,394,715,82,920,649,457,586,861,281,159,183,190,580,580,658,442,722,796,495,205,953,535,776,136,823
37,315,411,635,965,81,347,163,338,585,697,732,277,808,941,533,858,968,224,76,647,378,173,414,1,542,724,925,339,421,90,961,315,461,691,150,79,200,866,331,56,513,658,426,657,402,564,736,163,114,967,137,737,42,447,532,975,119,427,477,569,17,862,941,719,131,751,652,521,668,147,398,196,696,523,95,871,819,605,912,399,726,238,851,40,141,794,649,40,311,524,607,747,548,836,106,266,74,260,980,810,860,122,321,216,700,332,126,151,409,773,165,835,673,108,209,462,302,248,347,854,842,715,172,429,698,395,894,775,349,363,513,634,842,488,274,992,88,886,232,650,952,733,77,494,487,283,957,778,491,151,721,542,643,203,863,17,395,534,377,886,680,92,634,617,762,103,694,391,222,451,601,691,636,623,497,421,565,11,12,170,691,413,676,267,885,359,839,191,707,583,392,749,733,394,268,938,930,492,96
246,895,836,817,560,812,385,520,394,964,747,59,380,115,966,493,106,540,581,319,856,301,128,310,406,412,548,707,754,509,240,101,14,74,564,589,932,94,845,778,886,909,681,201,574,60,680,395,690,710,308,950,515,188,557,608,904,316,759,928,534,321,885,816,341,715,576,234,224,74,475,653,283,299,681,150,340,42,670,679,776,221,697,210,521,364,528,212,873,99,51,35,536,938,287,545,281,778,487,73,61,257,938,533,982,316,532,859,322,417,894,943,438,529,936,825,69,94,597,416,610,665,219,747,111,842,730,981,854,747,198,205,810,867,120,428,229,408,668,172,895,119,694,183,434,934,695,918,926,343,102,720,684,9,614,576,501,980,938,263,129,924,949,116,864,267,24,355,158,391,805,947,531,936,962,707,832,835,386,104,183,95,534,788,532,114,752,907,744,967,847,189,280,587,883,344,927,510,673,759
523,453,883,771,684,90,873,774,963,702,429,644,109,361,257,637,139,982,894,313,880,774,120,461,875,1000,428,753,405,44,239,768,230,365,162,198,703,235,952,78,297,808,132,387,972,894,420,982,273,441,129,798,624,280,125,747,675,316,675,493,551,175,919,765,944,697,514,629,670,943,202,160,539,191,148,434,183,868,759,168,779,276,955,879,827,422,781,785,277,154,895,460,525,292,445,574,466,737,618,480,361,901,949,514,775,409,309,433,152,358,181,200,411,443,950,624,745,605,114,535,834,22,505,642,518,554,269,859,234,454,271,841,966,408,869,971,52,200,315,292,159,630,529,392,996,409,218,264,898,626,116,245,460,438,497,725,113,62,630,201,492,118,288,130,734,77,127,431,698,829,85,204,740,570,400,787,825,571,284,474,57,334,932,170,541,156,836,595,821,585,552,77,660,585,55,348,308,934,436,733
212,118,655,935,710,937,653,883,827,735,178,405,479,945,558,463,91,974,420,619,471,757,97,890,359,602,936,778,100,106,782,642,673,484,569,588,190,306,754,826,448,81,580,997,0,880,739,212,924,144,235,233,809,406,67,366,530,717,122,488,900,936,191,755,851,550,288,731,311,134,176,605,219,700,731,991,26,456,689,193,998,709,115,630,791,726,449,237,346,656,472,67,730,62,789,888,421,561,330,418,412,749,542,122,324,423,730,310,478,436,234,818,596,616,770,401,577,597,844,215,5,897,623,290,287,425,828,744,755,502,642,983,135,708,520,106,155,221,481,391,841,552,469,14,511,94,680,352,989,927,980,173,625,808,133,171,248,629,179,712,308,957,98,905,201,470,337,619,331,33,275,648,51,570,999,896,605,901,105,931,345,516,774,28,277,343,3,479,123,699,63,481,595,539,679,725,369,171,302,966
368,295,813,642,457,32,910,895,745,329,263,149,498,374,149,743,538,576,966,50,717,164,49,197,692,891,620,521,607,192,323,221,971,145,204,591,834,609,157,863,432,942,388,324,643,68,947,250,702,11,799,290,298,214,60,814,128,742,220,679,318,902,540,990,999,965,480,598,523,841,879,96,467,669,566,837,472,822,258,773,20,762,355,354,141,187,847,384,358,576,487,112,50,608,950,200,209,509,247,512,861,989,671,512,260,904,179,943,204,115,508,615,265,934,330,9,437,580,889,404,8,715,129,75,126,926,445,73,712,514,4,448,340,252,469,309,784,783,682,693,822,673,118,570,944,213,528,341,744,275,744,534,902,48,478,654,406,603,38,69,440,417,295,629,725,76,234,764,93,789,712,868,612,510,81,593,805,350,123,344,606,214,125,318,998,429,908,936,156,226,991,136,485,68,943,720,878,325,680,153
467,757,714,172,679,844,226,117,139,579,334,809,102,92,598,599,158,521,639,433,78,935,904,167,168,415,425,83,139,106,550,559,774,873,439,283,184,793,139,173,476,434,233,659,890,110,41,787,242,667,442,428,603,614,884,916,140,417,582,459,738,63,754,659,694,364,917,494,647,577,56,303,575,352,164,321,252,897,969,761,874,463,23,171,829,113,939,576,204,145,897,299,431,58,746,957,63,262,47,354,602,358,500,273,932,768,489,523,762,800,284,714,455,543,766,773,551,564,794,391,490,52,149,853,984,458,385,87,718,538,598,16,616,553,882,688,148,331,316,868,252,672,236,867,108,272,891,781,985,786,334,135,326,845,241,896,767,229,733,803,400,596,713,637,44,806,211,809,795,844,992,183,18,515,290,958,429,817,189,549,199,898,312,726,619,354,649,308,500,643,179,171,143,602,271,918,84,874,916,661
616,698,699,590,848,989,648,449,626,470,113,645,452,763,955,35,879,803,180,981,991,370,13,434,492,807,125,862,749,324,630,616,463,269,857,501,726,377,58,744,159,49,827,997,455,541,170,59,314,642,926,4,823,966,698,367,972,284,48,123,913,94,179,164,575,729,656,902,863,612,479,38,465,451,989,528,665,223,858,223,342,927,213,90,180,406,869,444,810,645,963,138,71,153,862,349,354,281,869,569,287,329,88,143,138,185,416,917,141,157,414,365,132,363,365,981,665,947,663,969,179,409,167,729,546,381,56,3,202,130,777,583,664,239,222,559,856,273,669,112,483,953,131,951,825,408,76,773,485,43,460,862,609,523,202,817,511,281,657,51,915,5,866,628,488,821,765,213,102,459,876,147,924,183,456,373,931,507,229,768,733,755,364,715,492,850,614,641,292,847,31,976,924,234,312,864,526,823,765,261
683,559,852,417,291,929,664,942,687,222,848,102,139,619,223,320,761,762,991,607,845,464,512,849,315,889,212,450,714,593,302,965,498,324,395,899,218,569,639,750,626,183,492,307,240,631,20,79,588,82,441,585,802,562,244,35,694,90,496,256,184,698,606,567,709,150,134,953,358,655,117,382,712,527,346,354,606,412,350,97,604,965,191,333,495,50,840,887,110,126,946,666,555,679,289,435,209,593,525,872,490,610,572,525,422,74,730,860,541,328,15,899,603,803,749,829,39,446,245,830,947,250,552,767,59,909,673,800,333,430,321,477,19,656,516,271,476,838,208,74,475,748,507,977,156,889,405,758,360,28,459,739,704,78,425,110,189,843,859,904,89,344,442,488,971,545,197,907,84,84,25,226,458,681,639,49,712,946,963,864,224,484,128,821,386,536,713,83,532,482,842,305,666,815,769,756,800,470,641,640
720,367,580,721,264,108,127,580,770,700,860,980,475,456,145,993,206,370,905,151,271,549,22,615,881,834,342,916,347,377,60,99,156,30,480,0,1000,447,529,279,439,530,660,101,669,801,817,351,867,161,534,924,276,798,914,783,975,829,525,505,144,616,84,529,296,857,874,488,582,509,756,121,647,869,631,397,654,328,732,224,79,518,166,64,570,553,953,601,63,371,774,14,224,866,849,496,567,517,311,391,989,947,844,659,515,60,345,279,170,492,542,718,764,987,504,788,404,778,314,62,305,198,506,390,377,521,560,981,353,768,465,657,129,420,70,288,806,489,488,703,152,758,730,609,763,836,794,27,324,953,232,796,30,308,861,767,397,334,387,284,988,477,846,8,650,26,396,806,474,7,88,710,941,562,341,686,749,319,324,362,427,867,885,734,584,748,782,504,6,583,198,552,682,126,96,802,267,606,936,822
277,160,703,625,409,279,264,157,206,838,610,778,490,165,301,127,197,297,138,443,738,880,734,785,764,116,267,31,79,878,603,974,552,625,60,272,144,626,345,170,13,790,169,152,654,752,121,403,241,470,490,771,346,71,899,833,249,602,931,967,942,471,467,275,925,218,386,178,381,445,611,657,353,26,469,599,958,513,455,215,370,921,786,315,16,30,1,443,371,87,205,120,479,72,301,459,804,29,759,183,186,738,599,433,140,783,35,409,527,27,456,38,269,437,832,138,457,124,769,383,884,202,481,580,691,677,695,182,135,640,133,564,889,637,371,721,596,852,926,100,246,971,921,828,440,312,139,293,217,253,185,796,945,33,922,507,132,402,801,763,99,786,839,220,214,300,91,711,90,191,158,531,10,889,582,729,489,422,945,163,631,969,496,665,228,86,461,999,359,821,737,668,664,829,320,420,784,520,399,965
726,251,758,28,5,803,335,955,344,386,31,160,907,549,911,637,67,804,518,276,759,289,903,495,833,88,78,642,640,643,33,828,949,833,44,613,583,675,839,253,383,622,108,185,490,118,468,27,835,628,687,380,249,170,289,990,430,184,750,832,684,30,469,610,965,20,653,727,665,157,138,687,75,300,565,926,1000,899,254,886,86,868,715,253,660,236,753,493,350,595,572,356,187,32,759,542,839,750,682,994,988,794,322,562,362,596,219,935,906,13,375,175,328,776,797,581,729,362,920,608,604,773,170,890,529,628,272,760,513,873,175,735,659,9,309,169,421,827,357,579,951,235,881,924,608,56,983,823,431,653,489,397,866,76,6,14,248,483,889,102,823,97,115,457,202,223,335,967,722,362,554,302,381,239,396,341,243,18,363,166,33,869,217,736,568,986,470,897,158,566,616,283,848,3,742,402,285,229,48,189
253,271,203,511,972,409,63,252,462,640,313,915,92,625,596,430,843,892,683,822,949,782,215,125,174,237,367,888,729,196,834,985,628,917,800,255,674,847,210,902,302,811,98,427,288,351,255,751,729,666,303,856,949,768,799,572,344,672,415,172,521,851,430,60,355,708,144,656,486,57,179,20,120,62,477,846,180,80,560,767,774,260,376,966,922,803,479,800,36,196,98,995,178,444,257,217,190,182,616,281,269,765,16,164,118,660,656,375,389,481,858,707,164,274,625,304,441,314,270,327,764,438,168,79,777,279,969,775,667,658,26,484,647,270,201,383,491,725,388,628,103,186,744,67,673,773,256,8,491,978,296,332,395,795,10,803,33,436,405,906,547,616,479,762,533,751,142,567,896,231,118,950,367,589,782,567,793,428,246,178,102,465,756,371,298,909,506,544,146,270,319,216,799,87,73,102,341,785,224,457
190,689,875,909,79,290,84,833,536,893,925,663,910,956,570,632,579,581,815,298,86,933,223,660,618,583,343,887,292,956,566,834,180,504,716,195,891,942,382,409,709,998,108,224,105,33,890,135,983,907,651,157,969,323,887,387,372,602,416,724,171,818,864,702,581,532,641,488,950,825,620,338,572,64,380,155,185,329,664,446,19,324,146,340,111,735,132,593,113,632,517,114,835,264,32,579,87,397,986,984,608,594,301,613,111,962,837,141,413,416,936,14,405,609,328,831,970,7,249,316,511,657,187,670,393,744,977,247,163,480,468,521,454,170,14,320,773,667,564,383,347,814,810,469,924,222,712,251,186,968,573,596,895,511,408,859,856,826,461,180,571,470,655,901,294,899,319,265,411,303,981,843,527,280,503,618,505,484,273,693,307,142,342,326,854,247,353,376,722,315,13,109,904,464,581,151,684,986,504,674
88,871,54,578,455,328,226,624,71,811,786,940,40,951,487,753,725,97,593,121,438,166,331,952,964,991,897,629,366,207,498,424,784,372,262,509,597,847,688,353,837,633,814,354,354,645,838,103,346,456,162,287,249,208,656,157,678,4,997,252,834,258,378,950,286,38,755,622,928,775,458,164,50,183,993,371,929,653,840,161,535,21,124,116,569,495,47,238,514,321,597,758,758,649,139,452,101,35,630,738,252,633,51,50,683,498,39,123,446,808,932,627,52,944,846,796,308,805,137,494,730,256,847,431,199,739,513,751,459,359,308,723,233,444,745,905,129,74,683,893,686,878,620,497,592,95,174,50,753,573,457,497,478,773,514,479,99,528,572,88,587,228,454,691,101,645,5,66,363,872,779,824,31,260,314,873,799,564,582,516,144,477,778,329,223,947,514,863,205,426,720,333,114,12,351,591,247,702,337,651
414,963,371,947,341,961,980,930,802,847,419,72,734,996,263,11,570,650,470,888,976,106,115,468,108,610,305,322,351,8,741,364,73,128,628,633,209,400,936,308,835,918,719,822,619,344,724,767,485,891,897,577,498,777,343,627,722,100,121,818,361,558,901,766,823,449,590,79,819,608,554,331,178,450,941,141,156,281,386,644,258,592,273,268,854,356,500,777,593,153,141,125,969,72,194,85,248,803,965,767,941,988,947,260,465,252,861,422,797,691,135,80,289,995,945,700,900,781,668,625,199,930,256,453,473,377,548,460,4,610,973,254,802,2,941,865,501,360,156,795,989,942,57,654,344,594,385,967,276,864,135,635,995,400,199,825,68,323,356,466,86,968,299,318,645,82,568,161,451,97,653,729,312,40,871,308,820,316,439,974,246,126,311,76,887,694,900,453,625,544,77,382,80,867,653,797,67,394,567,951
151,566,661,807,879,439,78,58,407,547,444,704,634,713,826,344,231,656,795,375,170,267,251,134,976,206,766,892,335,100,239,670,717,729,137,470,63,328,984,566,690,304,551,654,282,733,847,108,175,189,466,785,50,884,691,845,774,802,391,961,264,714,228,148,830,628,863,179,325,734,183,417,206,287,941,696,333,694,432,649,856,668,294,677,45,421,394,686,36,287,442,784,142,675,968,74,417,522,355,193,221,706,351,330,278,775,693,619,580,432,450,495,896,916,854,43,321,470,985,370,790,290,572,821,896,870,235,982,840,936,575,706,724,344,55,420,740,960,379,402,791,549,212,132,234,919,679,623,493,616,857,672,111,116,239,850,9,994,643,362,15,63,644,982,151,159,440,533,982,112,838,657,645,913,889,534,768,786,848,324,381,310,230,269,48,130,474,629,991,803,983,206,222,638,923,836,171,698,236,97
231,365,691,756,170,214,415,503,796,953,725,814,422,342,138,398,916,148,36,361,72,193,222,607,386,439,339,514,759,580,168,943,345,30,932,734,816,193,575,681,736,964,887,91,967,437,822,89,952,860,208,649,157,455,477,577,178,374,145,33,125,343,967,722,151,509,929,989,718,289,360,836,408,369,427,965,151,168,140,706,840,666,222,694,189,777,906,256,806,669,475,550,928,398,523,14,243,520,598,849,665,1,446,775,628,961,589,444,354,708,779,240,289,926,23,357,168,819,655,632,573,624,389,657,312,988,856,476,499,528,771,832,685,731,672,685,230,532,933,935,843,985,867,320,607,910,981,428,374,876,528,382,673,811,582,748,209,967,110,551,889,769,369,110,184,557,182,670,703,422,777,311,215,838,457,708,291,979,676,934,415,517,994,175,340,102,385,58,856,540,995,715,131,888,700,381,1000,21,681,753
937,643,962,491,511,284,530,279,220,888,524,766,928,920,860,170,722,308,357,613,326,968,973,801,186,232,413,856,520,868,320,17,673,333,907,950,595,688,190,595,93,473,134,815,431,101,209,766,323,822,448,803,568,933,284,316,725,600,193,250,333,800,469,270,708,623,297,445,545,24,663,122,896,970,228,970,474,141,5,488,331,910,562,503,413,982,0,707,758,277,173,483,690,106,108,193,297,416,66,922,749,618,919,319,493,548,839,742,178,720,308,497,785,451,80,66,935,588,62,363,606,618,587,100,809,820,760,138,153,792,158,625,293,550,375,323,518,294,410,467,929,359,130,238,610,607,274,79,236,46,923,947,531,778,847,952,100,458,883,959,703,797,341,741,683,966,497,673,458,915,794,854,199,972,588,412,136,117,436,50,420,438,557,480,362,455,156,978,943,389,716,390,911,361,529,917,210,429,716,629
991,115,56,862,638,65,627,132,791,961,60,578,312,670,374,469,267,67,45,480,421,290,799,34,494,507,371,351,571,487,850,307,573,905,806,104,173,554,428,980,971,727,977,73,900,851,292,996,610,275,538,450,262,690,859,682,564,792,862,942,884,516,366,191,944,821,799,355,680,539,215,83,861,715,437,647,476,129,397,573,287,690,45,688,868,221,383,154,32,439,605,958,778,789,796,744,643,582,436,454,999,767,416,863,557,800,490,227,732,99,7,173,880,251,811,499,33,550,414,563,303,694,89,491,442,529,430,629,473,954,788,606,344,147,672,670,570,425,249,234,896,256,575,354,275,366,236,341,801,856,933,642,93,906,396,933,240,625,246,59,886,283,148,575,181,614,340,92,865,546,252,942,656,961,613,836,403,962,420,912,268,525,67,430,165,243,463,215,373,565,966,410,241,765,449,545,488,9,19,334
114,985,447,478,190,47,59,167,481,946,841,171,599,452,768,552,699,473,306,609,351,19,468,241,548,940,223,355,953,41,890,170,353,616,914,675,988,33,707,222,324,619,417,988,583,219,760,666,394,755,709,505,300,125,837,641,428,83,418,815,922,364,930,325,130,406,919,765,314,549,332,602,629,714,55,532,525,865,916,945,214,153,347,139,749,844,339,441,281,707,665,671,840,334,387,409,664,508,639,370,779,108,739,791,738,231,992,796,293,184,116,863,826,198,653,263,35,321,741,818,482,672,947,388,792,697,23,30,288,477,598,809,344,48,527,600,353,763,996,331,10,267,612,777,733,665,848,660,72,350,433,373,523,520,217,560,538,184,596,261,312,366,588,734,831,442,167,229,925,959,461,846,1000,935,170,200,250,566,686,111,72,728,269,851,739,226,504,486,956,310,228,496,604,785,71,127,359,974,412,348
249,895,273,913,930,706,263,973,216,73,860,784,983,462,240,471,412,716,136,693,549,335,129,974,664,559,811,79,237,115,238,302,537,81,270,597,163,737,75,378,106,149,138,98,260,226,405,222,351,1000,171,504,261,558,851,230,694,244,127,386,281,761,331,708,873,229,774,546,995,660,898,62,673,774,70,746,413,247,460,718,244,393,292,521,255,157,978,648,112,676,931,142,29,634,635,845,690,906,178,415,603,712,837,940,358,251,246,834,45,174,212,123,570,468,299,594,286,344,846,650,295,225,65,501,599,763,37,284,853,964,512,451,267,373,626,973,696,807,631,669,992,92,815,106,740,513,46,845,425,619,297,265,561,830,707,959,922,227,43,265,998,812,34,729,456,911,983,541,143,417,804,577,271,689,268,578,4,429,59,856,323,806,253,796,328,909,862,451,205,722,887,105,421,115,907,242,900,70,787,711
924,664,348,187,495,94,429,474,391,20,593,941,579,125,450,506,518,671,447,551,814,474,230,283,118,797,266,657,725,360,461,303,637,188,883,2,489,207,532,278,869,983,861,364,185,119,906,130,498,328,190,20,296,65,353,694,379,813,179,745,289,709,92,321,478,419,318,794,336,182,362,994,831,889,767,249,910,327,650,839,985,603,809,20,855,667,605,512,663,166,692,953,729,469,144,989,201,943,38,461,919,845,789,844,356,559,751,625,718,991,836,677,859,99,137,677,712,711,883,415,363,472,811,943,701,668,301,494,156,140,681,656,928,783,212,247,700,168,715,764,345,295,221,705,247,37,331,796,261,388,353,997,742,395,847,507,457,846,619,22,353,759,703,678,156,773,108,599,417,875,487,375,959,230,446,176,304,947,9,244,702,347,721,678,774,67,581,326,53,154,166,51,98,821,84,693,570,33,841,543
133,880,235,955,607,326,466,328,313,729,880,201,96,416,198,643,139,729,852,211,296,861,455,545,279,664,857,635,373,561,829,793,924,283,26,601,341,247,469,24,133,540,910,220,223,243,855,584,96,192,85,682,175,22,763,447,946,432,262,302,368,551,139,264,308,660,851,781,19,350,960,775,30,564,949,579,984,574,815,924,857,345,276,231,939,877,112,414,188,761,925,796,161,691,74,617,489,488,678,56,541,810,483,157,379,280,508,168,638,698,308,307,992,780,543,90,283,326,807,260,451,941,585,175,771,197,487,548,879,449,35,816,529,610,846,390,151,290,892,563,301,974,146,380,834,7,703,180,422,916,714,496,205,600,113,669,920,355,955,32,648,70,67,264,917,22,291,325,624,474,522,270,206,832,68,714,796,651,200,263,174,616,69,171,56,503,649,26,82,798,275,69,5,302,642,554,469,947,853,182
748,804,805,205,628,775,420,859,639,882,826,566,90,539,211,665,62,667,720,745,67,960,908,109,434,783,228,762,474,629,555,373,86,412,820,234,769,210,309,859,182,339,512,384,831,899,37,169,281,797,876,191,592,778,422,602,302,671,911,829,348,581,248,350,654,814,538,834,192,510,350,67,5,139,124,979,72,427,58,647,696,348,647,81,226,536,442,106,100,849,995,564,77,122,464,308,0,65,350,210,197,142,701,34,692,497,939,884,551,50,126,388,740,505,924,384,618,297,133,247,523,491,858,493,473,369,764,816,865,837,187,715,739,766,61,726,664,78,904,783,191,910,959,177,12,990,190,130,783,62,704,847,406,532,43,834,885,902,210,987,531,862,197,435,824,434,774,589,888,35,667,704,851,580,182,366,93,621,115,333,879,881,785,905,277,21,128,616,796,681,832,462,35,688,284,872,880,772,981,380
890,113,504,358,402,319,250,752,862,156,433,248,584,18,278,180,775,338,616,546,318,726,270,988,38,123,681,999,298,314,801,460,235,715,294,180,425,714,546,604,378,716,100,626,660,325,186,957,327,483,766,180,599,667,445,84,426,278,22,471,433,546,297,974,10,619,432,852,179,868,582,433,542,508,923,747,876,514,849,177,6,414,390,586,44,867,608,829,544,947,139,464,398,468,476,627,45,307,264,349,128,159,128,921,407,973,893,439,649,213,33,195,355,573,33,196,404,599,846,993,589,932,995,268,994,274,927,185,401,942,276,134,852,927,135,319,487,301,625,478,327,994,343,742,793,946,358,535,359,102,639,1,151,725,441,414,732,450,797,852,989,793,89,456,348,296,460,960,188,446,417,620,384,424,902,643,207,177,302,42,356,726,878,404,185,21,783,295,37,378,540,78,392,362,877,503,559,740,155,216
594,797,724,817,810,918,319,83,839,887,550,390,480,715,419,357,488,35,704,100,3,501,426,638,746,543,405,634,928,678,535,333,117,577,875,646,629,99,408,422,14,505,842,771,151,297,657,506,705,921,869,758,928,316,256,134,981,606,985,604,411,423,821,336,405,338,966,50,19,897,298,182,179,558,666,829,553,896,864,830,487,312,702,172,255,573,512,572,179,609,227,133,985,671,120,623,326,449,963,821,687,395,413,785,814,813,17,60,968,583,603,949,426,996,873,640,284,844,34,523,20,43,200,578,308,192,345,405,434,768,342,999,650,23,532,747,578,184,11,498,671,952,597,197,543,142,393,33,934,699,490,432,745,174,919,596,282,678,725,557,323,472,246,449,539,527,49,589,357,892,477,930,169,524,531,569,281,466,738,488,565,805,136,689,587,666,168,424,945,325,472,563,178,317,18,430,592,841,859,213
835,583,61,499,122,547,657,359,772,37,511,591,318,493,938,644,370,917,134,423,544,449,572,423,573,327,184,779,218,642,255,769,588,683,941,989,977,257,802,898,275,338,365,878,338,750,164,14,130,231,679,766,909,618,890,200,173,253,342,340,581,207,244,480,473,427,465,906,452,293,347,669,214,654,27,641,973,826,792,911,14,80,165,389,368,911,785,534,326,425,35,280,230,253,668,497,36,518,198,609,803,236,195,810,412,978,379,374,137,333,377,116,290,609,674,953,105,20,475,536,881,716,906,362,268,389,997,525,424,621,543,726,841,113,616,475,773,645,35,390,119,743,819,280,602,527,215,315,372,637,934,686,567,675,638,209,224,719,559,524,733,642,498,433,465,427,166,862,139,219,589,488,951,469,785,742,719,250,151,538,330,559,318,2,784,631,769,721,729,796,649,421,474,897,226,730,686,306,81,624
461,971,244,365,769,958,849,469,882,698,471,441,537,141,320,201,602,208,753,214,853,110,35,356,172,236,736,863,13,202,605,13,276,855,782,761,658,602,197,422,16,766,388,27,993,660,504,737,757,788,355,184,342,893,656,509,234,657,832,466,227,428,305,166,494,471,916,17,616,28,83,48,820,13,154,655,458,206,78,277,791,443,166,740,576,906,5,453,448,602,268,724,353,659,187,612,70,664,549,977,386,177,664,854,459,188,442,864,479,227,725,997,754,831,798,821,43,217,486,469,859,549,880,350,435,288,566,632,418,746,148,63,613,350,820,75,249,630,239,602,950,172,120,736,172,159,495,9,240,828,855,21,745,722,771,824,544,672,494,109,24,557,705,904,854,498,977,780,254,426,969,740,404,882,692,725,613,180,33,694,379,529,104,958,256,142,915,904,79,886,841,154,397,926,429,60,974,741,806,525
397,286,520,391,703,846,314,346,290,316,706,962,128,5,365,532,853,434,357,549,821,274,221,800,495,885,956,674,713,363,278,516,449,310,627,443,92,692,355,133,56,76,810,506,744,656,559,353,284,856,605,736,816,726,725,324,179,413,96,152,753,277,841,150,324,297,334,953,571,457,277,811,551,851,885,407,538,397,2,861,722,170,605,267,237,908,32,9,880,924,270,800,69,149,14,382,2,352,705,411,762,944,317,112,759,858,325,294,670,484,755,713,76,633,459,68,702,355,942,178,779,393,167,415,718,513,5,506,319,781,599,799,671,185,813,554,245,476,578,501,575,367,900,866,419,904,10,93,335,711,478,618,521,585,340,102,150,198,968,147,651,901,399,871,843,251,666,955,155,748,989,465,812,791,577,864,392,645,810,952,788,814,232,165,562,100,945,677,706,793,108,234,274,38,884,353,836,912,760,902
257,563,433,878,785,18,268,989,338,758,565,593,271,911,278,64,324,117,19,422,960,839,851,485,62,150,920,747,377,96,207,829,127,891,867,714,123,346,574,448,263,404,405,462,85,925,971,456,617,145,146,185,172,786,499,778,199,524,400,750,981,558,959,94,116,148,695,114,711,613,489,928,518,221,314,654,442,47,415,689,469,78,119,355,259,746,957,166,571,244,826,515,62,638,721,47,833,29,671,612,958,653,505,430,896,956,232,522,49,743,280,749,123,42,587,438,163,383,778,520,353,47,621,110,285,56,837,121,157,429,546,214,866,913,191,620,84,324,224,547,309,422,709,515,511,382,54,699,716,619,474,538,151,145,92,27,950,222,843,818,756,548,183,880,684,958,611,306,568,301,584,381,866,654,949,919,184,923,90,227,316,460,664,501,909,377,572,191,336,52,433,794,84,985,614,806,267,92,754,802
834,850,894,351,937,207,344,896,900,141,80,912,614,94,29,34,457,181,67,251,634,774,389,687,998,1,480,370,393,648,565,229,265,874,644,773,462,606,117,935,621,1000,737,808,581,547,170,151,264,262,810,187,107,107,635,869,728,23,480,341,189,822,494,444,374,645,730,627,74,170,263,341,889,659,899,642,675,202,157,388,723,91,717,362,347,687,22,554,225,873,449,663,792,929,520,710,11,132,786,354,145,686,238,448,950,793,892,306,116,226,404,798,936,850,551,385,484,154,717,447,23,769,228,702,157,442,484,321,184,573,79,190,10,263,965,142,204,647,826,314,5,949,595,922,744,983,767,505,472,949,855,931,329,424,545,425,723,437,242,323,925,227,161,551,680,602,608,314,112,40,422,658,749,272,643,985,357,519,893,447,173,678,280,577,534,180,106,824,912,609,336,96,481,361,975,232,968,955,71,647
440,768,302,659,833,720,178,655,941,184,1,976,604,331,517,133,747,27,931,325,982,174,940,903,499,108,934,732,696,582,885,991,364,218,633,951,463,660,440,155,867,137,517,376,27,694,173,530,302,122,90,531,913,508,968,99,728,489,741,404,338,476,518,17,226,83,35,647,822,299,518,298,710,798,422,435,737,273,592,724,127,439,698,863,929,902,301,964,230,36,622,293,830,952,381,259,17,546,855,944,961,816,223,19,457,330,392,997,485,265,164,425,159,499,675,930,68,778,280,51,752,785,440,707,295,803,180,100,888,872,491,242,133,206,232,870,370,940,887,706,873,232,111,227,670,902,666,203,705,525,302,960,513,580,305,201,21,214,94,488,915,209,385,902,964,956,878,271,234,752,358,466,654,622,425,538,361,707,5,716,253,932,692,390,262,501,839,724,238,18,574,584,61,845,526,68,898,104,4,90
163,917,424,315,878,225,69,512,635,457,619,67,315,370,695,230,421,242,875,176,324,758,987,481,932,240,707,910,222,269,206,635,431,182,306,202,675,467,673,919,137,75,264,9,930,965,444,769,210,148,773,916,468,709,376,44,89,640,134,122,401,535,111,727,913,384,259,836,902,67,850,543,604,864,181,756,880,886,184,350,305,302,833,430,716,269,234,469,741,345,162,848,14,118,598,552,625,66,294,723,373,8,540,532,104,253,188,28,530,229,14,634,991,711,872,357,747,256,541,495,261,304,790,529,556,742,266,230,82,883,840,579,251,580,621,790,91,410,343,350,108,752,468,588,804,422,887,807,254,957,109,684,496,672,945,53,104,462,256,268,857,610,415,143,53,681,856,649,424,176,78,747,554,196,548,565,568,765,205,701,136,617,941,75,230,4,720,948,954,479,684,852,467,976,84,332,499,192,464,202
415,874,68,58,879,224,433,829,453,72,874,866,679,646,800,766,259,40,877,226,472,325,366,183,235,137,131,450,510,726,594,93,257,648,943,733,229,297,557,919,744,884,177,891,345,10,954,40,889,259,77,718,56,809,399,110,995,161,939,193,458,695,303,263,54,747,578,327,848,374,667,262,423,253,147,761,239,189,538,34,718,45,610,407,766,531,94,652,798,200,584,228,766,19,13,260,285,132,278,529,141,388,54,409,191,234,55,318,653,676,487,325,64,138,178,478,299,919,29,936,928,565,437,458,728,254,215,951,345,219,622,348,905,844,101,657,859,227,210,368,934,86,922,955,510,830,848,192,353,302,104,563,314,815,78,401,816,383,664,400,512,984,721,553,24,695,553,986,409,271,878,987,112,963,441,395,768,890,503,453,341,264,67,551,232,73,883,822,609,962,601,909,941,925,991,71,563,801,515,293
132,651,767,265,92,890,267,815,804,227,295,110,790,166,289,993,526,314,385,167,43,429,396,575,903,167,377,390,750,928,488,942,616,376,41,440,39,3,837,770,572,103,903,593,738,729,641,109,744,35,248,277,408,807,875,528,849,849,873,117,514,323,947,378,768,750,186,315,480,149,573,544,348,930,84,667,757,574,662,972,241,246,70,168,690,435,101,814,761,600,913,619,61,214,630,429,430,102,941,873,215,959,329,325,726,215,451,180,308,795,445,894,24,986,125,651,484,256,274,122,427,184,330,799,332,423,78,891,859,193,177,998,790,492,321,734,467,298,402,274,31,159,947,348,218,231,812,410,147,970,499,809,15,254,378,722,881,672,2,717,615,169,629,690,701,138,434,942,640,189,239,301,2,547,527,664,659,724,318,603,409,387,10,908,829,447,939,520,375,441,678,403,637,649,749,466,600,45,72,139
303,29,443,618,828,681,485,935,803,116,695,594,301,522,778,860,709,813,24,912,342,380,133,615,759,400,643,549,374,855,495,341,327,834,503,382,71,549,13,123,835,597,54,561,135,835,906,705,888,548,269,419,391,669,688,91,361,893,88,532,616,810,550,671,147,489,166,283,284,780,617,252,751,968,196,298,470,612,280,299,211,62,578,568,723,498,292,36,700,853,825,203,342,627,564,275,578,88,698,11,962,388,760,525,178,412,848,624,317,618,310,143,261,430,758,907,679,638,607,285,94,721,371,190,940,54,757,404,700,607,108,204,262,932,723,349,61,113,403,89,995,169,439,450,169,869,360,440,998,250,245,752,46,565,489,156,588,938,292,143,938,766,832,19,530,599,401,167,535,872,909,492,433,416,816,463,406,118,2,192,310,461,648,155,371,390,119,755,322,746,653,23,376,255,714,373,780,283,702,419
586,119,383,766,95,244,357,674,895,692,680,863,596,542,1,346,996,622,244,53,219,151,492,4,809,479,54,631,447,320,557,218,957,785,421,405,791,385,129,110,340,342,252,672,662,96,645,521,177,695,512,213,183,519,753,182,934,847,837,684,649,994,102,443,827,799,371,211,320,608,464,52,898,736,732,407,284,410,143,605,757,62,701,674,321,215,818,970,606,881,847,827,282,869,848,492,196,418,818,566,461,357,621,843,439,430,304,159,850,863,725,361,327,850,225,704,593,320,517,753,19,345,586,670,45,151,19,722,845,478,611,266,107,838,730,574,622,147,565,650,351,520,208,535,48,638,62,709,687,384,183,983,305,261,990,805,8,75,859,650,141,41,43,38,179,880,203,734,595,440,364,774,266,415,763,335,760,373,328,804,648,636,199,964,298,233,699,446,915,453,529,916,342,587,48,305,681,758,500,748
395,701,949,699,608,406,858,900,547,807,412,591,960,35,887,627,686,752,406,834,480,793,132,25,796,251,671,942,833,242,180,373,202,382,686,3,554,912,168,456,735,541,754,376,716,961,227,855,949,852,856,92,808,712,86,893,885,326,551,686,661,888,861,413,667,205,712,947,502,561,25,752,843,548,92,357,936,1,863,953,46,412,413,183,719,762,310,989,711,128,903,781,818,686,4,561,591,350,444,56,359,433,443,314,293,445,747,78,182,577,397,884,404,771,51,12,756,568,217,272,424,528,712,100,776,184,874,46,478,764,960,259,677,186,485,779,0,709,52,300,383,311,455,768,766,660,982,499,994,979,292,599,527,818,969,800,748,644,872,215,787,253,441,537,308,876,573,843,32,21,715,968,734,366,16,800,227,257,912,65,974,654,332,431,959,254,384,306,474,17,236,574,490,642,772,411,119,160,815,750
551,353,944,559,748,401,42,490,297,96,823,680,8,495,563,850,199,813,856,246,776,597,129,382,253,794,602,229,353,417,384,646,873,47,720,155,755,577,629,781,241,507,704,20,514,653,166,908,473,127,963,44,508,124,621,607,346,134,573,372,253,223,482,440,954,95,244,478,630,368,643,95,406,63,871,140,650,378,841,694,933,878,304,106,389,602,702,321,465,884,364,981,580,531,469,781,175,871,445,374,753,212,872,313,858,181,752,653,713,963,504,747,232,298,362,76,338,1,11,835,649,860,429,814,236,715,800,236,111,291,133,203,719,612,191,825,51,598,184,891,718,106,126,284,656,945,646,899,140,822,899,23,193,832,575,844,810,982,180,748,557,291,479,795,306,57,788,429,215,713,544,963,440,481,221,235,344,709,656,270,608,882,435,236,115,588,845,76,159,397,812,74,959,789,336,215,672,752,549,295
71,922,174,474,471,982,572,802,816,116,138,558,503,531,577,248,701,158,442,447,217,987,501,97,453,769,515,6,888,311,486,301,882,565,27,698,492,808,400,775,161,996,753,840,178,498,513,882,54,866,793,102,699,499,597,400,792,708,525,433,335,946,549,505,858,471,626,823,99,9,374,336,224,30,745,256,420,631,941,41,180,496,591,391,253,185,893,906,977,232,298,856,578,722,699,397,566,657,420,952,158,312,128,641,827,244,757,482,615,841,786,935,865,908,322,133,302,809,652,881,41,405,243,477,793,223,594,850,716,976,332,285,732,100,389,769,758,432,957,358,397,517,508,414,341,410,738,144,252,140,615,267,307,93,334,982,819,867,798,518,185,702,718,380,270,134,761,542,17,142,383,993,431,287,208,655,272,25,110,839,565,299,483,806,437,778,728,732,366,451,474,374,40,559,246,196,480,232,484,865
955,135,768,475,746,697,5,283,288,362,631,407,179,123,838,546,244,334,568,799,902,380,983,80,375,155,703,156,900,598,978,993,60,972,486,882,819,896,372,929,286,614,807,782,690,606,684,414,642,881,297,537,978,949,394,283,646,228,40,837,677,10,686,239,630,725,102,59,483,106,94,727,600,174,508,905,763,974,208,443,340,362,21,205,379,392,159,676,934,818,776,817,351,443,975,473,508,487,812,888,463,752,345,835,776,792,259,550,194,958,829,243,294,217,237,313,222,259,58,416,868,910,971,926,19,892,688,724,804,590,979,730,580,567,500,888,264,891,628,488,360,27,333,934,74,232,276,435,364,354,985,773,520,688,615,245,665,815,770,956,639,242,904,544,460,381,317,827,193,350,907,564,873,731,536,643,789,657,5,528,739,246,460,900,838,815,790,688,570,18,393,233,528,997,535,239,613,552,405,886
751,702,741,779,246,778,725,604,782,207,472,728,470,791,956,42,763,530,62,708,903,548,632,112,818,875,561,264,278,536,733,879,505,606,431,315,922,662,84,638,228,807,182,880,865,785,833,476,933,36,407,838,485,231,729,709,791,337,693,734,26,411,482,486,761,513,172,403,427,616,991,178,226,111,498,236,732,632,294,123,843,684,700,529,336,566,187,804,139,760,192,511,826,720,239,514,344,428,268,233,267,466,85,890,957,164,559,708,718,106,331,461,803,580,477,416,184,781,994,333,244,440,890,629,251,453,510,797,966,979,365,924,251,381,750,394,622,15,183,913,922,289,867,816,411,799,995,456,566,850,818,146,189,610,541,135,505,553,380,991,598,554,305,828,312,525,947,346,445,833,177,486,691,311,312,554,945,604,785,199,215,487,640,999,464,358,274,374,347,572,890,490,358,479,385,529,616,101,430,65
534,799,832,59,940,811,334,564,828,964,760,955,708,830,151,744,339,470,391,251,821,198,93,29,95,129,250,870,792,344,306,790,477,157,169,279,194,188,441,326,27,485,958,69,880,214,541,915,615,674,221,231,559,264,817,805,715,732,411,454,179,883,383,962,344,793,134,576,325,914,887,869,285,587,474,869,151,138,326,244,831,404,101,416,347,950,633,655,418,670,370,36,674,919,760,236,720,521,229,243,453,118,427,387,763,693,620,392,176,118,297,573,511,780,370,892,826,63,929,692,272,200,831,166,730,945,151,810,150,574,96,512,382,32,61,189,578,449,663,800,143,306,440,517,167,171,74,313,301,886,982,708,496,489,476,744,560,854,219,406,704,915,466,29,514,674,768,861,932,638,712,232,759,944,387,46,256,752,20,554,33,652,472,246,587,105,405,131,896,972,786,843,766,61,912,952,841,567,822,133
244,59,324,883,873,409,444,732,327,340,686,310,764,962,933,971,308,395,492,746,491,384,219,301,782,685,675,342,948,322,995,872,261,436,254,693,785,357,398,130,219,859,553,965,444,175,331,13,682,297,409,252,355,783,908,19,972,665,150,721,283,874,621,76,820,454,533,929,816,524,326,93,872,249,156,559,477,72,766,939,601,758,149,316,279,839,231,534,315,765,965,871,660,288,405,990,392,839,158,700,344,812,349,710,644,958,192,602,26,286,323,792,652,271,482,317,989,771,392,950,1000,396,294,739,589,248,662,945,436,713,261,242,945,662,588,92,137,284,861,65,627,747,721,406,975,703,699,332,382,177,657,535,807,799,339,143,334,402,43,949,927,383,705,81,60,356,485,575,422,127,519,361,765,80,435,836,385,11,231,994,692,979,600,830,668,245,328,336,454,491,975,820,245,371,255,56,411,892,410,729
264,734,771,533,110,909,40,876,310,441,294,936,572,188,180,17,79,966,785,518,100,238,758,817,43,791,381,392,289,700,459,644,347,809,107,328,352,667,342,837,838,964,909,281,359,446,35,553,100,466,786,283,795,395,289,505,554,929,349,183,664,290,811,22,492,879,840,479,319,936,43,204,634,161,196,877,17,759,33,31,801,31,946,488,692,306,370,559,168,534,719,434,165,905,158,405,748,10,955,899,574,506,649,988,956,447,476,287,386,667,487,240,272,93,447,708,246,482,569,700,683,268,117,22,104,332,0,397,978,539,877,79,247,678,872,967,164,860,572,480,435,778,569,462,967,797,140,12,956,494,781,727,719,994,849,857,142,316,529,174,577,176,414,843,200,687,712,110,173,854,518,102,919,455,285,683,183,876,327,824,609,299,108,282,100,405,674,542,466,513,119,884,817,494,566,718,458,753,758,650
144,71,971,295,284,192,101,977,970,907,971,136,719,691,744,674,250,666,81,975,302,623,201,785,626,1,413,804,840,624,433,413,609,160,452,271,766,619,137,954,309,337,497,750,107,114,317,969,401,311,228,426,123,667,110,232,849,10,325,102,235,593,379,391,798,461,596,738,534,434,675,476,930,201,493,694,618,721,15,980,46,688,763,840,54,690,293,205,686,918,499,770,501,513,692,382,663,222,531,844,629,655,821,685,469,344,2,675,369,336,931,683,220,985,121,725,487,223,49,477,426,725,822,703,747,922,435,134,966,528,22,468,415,771,197,190,880,40,414,780,400,556,820,99,571,319,820,997,995,577,966,150,983,736,368,814,51,542,475,419,854,635,672,31,752,253,358,906,693,346,46,284,106,966,395,547,35,609,30,983,666,661,125,20,124,112,348,706,572,493,542,438,433,838,958,50,266,256,560,691
14,164,625,593,920,853,729,422,225,842,733,191,473,182,485,907,865,709,518,93,516,618,690,348,862,981,424,949,637,518,508,27,395,126,363,491,429,287,3,308,867,79,735,60,573,854,245,625,767,132,757,46,34,618,947,191,202,545,689,339,699,867,754,979,414,706,156,134,940,846,288,391,735,530,777,615,716,226,216,80,922,581,832,723,813,52,151,86,727,177,543,850,602,839,525,178,218,838,895,778,416,618,593,557,242,30,203,50,679,406,133,255,865,669,29,470,456,500,862,304,924,673,967,503,354,779,517,767,97,93,374,318,992,393,458,911,363,730,186,132,940,463,516,610,920,802,583,999,48,219,872,711,522,211,431,885,469,14,425,304,262,839,933,531,890,165,756,934,811,30,397,900,974,709,964,431,383,902,627,633,336,413,361,629,188,633,219,27,479,990,927,92,914,280,800,974,505,150,214,318
795,246,368,663,618,137,996,168,456,31,662,426,343,329,75,921,719,815,299,311,580,971,129,999,175,468,149,140,158,276,185,774,590,196,504,348,354,98,520,158,398,121,760,525,54,53,713,908,6,933,353,557,469,472,491,750,789,436,881,589,971,432,418,681,268,290,939,515,766,881,814,388,12,474,263,658,403,670,211,179,825,742,900,586,277,512,343,109,237,955,954,844,763,820,694,899,353,269,718,67,476,79,22,494,46,100,403,620,728,319,970,383,120,246,444,673,372,939,643,211,474,923,73,333,923,897,323,971,258,175,433,829,82,922,82,843,137,155,751,254,975,541,84,486,166,121,829,186,290,129,838,794,996,322,146,134,78,59,878,832,334,493,518,5,732,210,549,823,419,905,68,312,567,814,289,589,343,517,372,919,167,579,211,230,761,764,664,20,796,390,740,373,114,424,401,802,343,774,68,613
478,64,207,125,671,387,534,834,388,78,320,341,131,348,89,753,715,65,399,927,271,532,283,287,990,509,519,143,980,868,182,804,451,373,711,431,486,173,277,979,268,238,151,796,568,861,614,310,432,625,181,12,136,82,932,685,455,760,627,853,943,541,900,875,960,963,534,105,235,913,221,98,912,67,268,237,615,716,774,411,169,462,823,625,932,976,381,475,319,785,445,269,731,159,12,742,422,992,285,543,431,647,742,107,35,967,799,657,916,898,298,4,964,490,970,845,685,818,931,671,925,544,525,338,538,744,3,847,874,477,325,929,101,524,119,412,617,601,962,855,251,903,600,597,380,372,937,72,62,214,846,110,884,34,229,96,447,363,43,759,39,421,400,57,403,37,40,179,356,427,339,934,160,901,332,155,620,79,514,628,331,255,433,927,78,479,21,815,409,950,297,693,563,56,638,621,829,838,321,871
250,397,52,352,999,119,99,366,778,16,146,66,57,547,802,600,512,781,420,243,72,590,903,984,396,907,204,710,206,406,787,105,468,47,29,992,30,208,156,650,58,162,792,404,579,982,903,61,393,345,245,877,299,749,908,864,435,610,842,379,77,805,668,252,231,724,429,680,795,79,524,444,516,62,91,140,731,866,565,798,148,508,958,553,709,486,17,843,157,292,19,132,938,349,472,535,77,761,721,878,737,455,216,166,786,399,979,829,830,931,639,921,100,51,111,279,43,659,807,140,169,343,892,147,284,827,625,279,685,401,942,344,378,901,748,889,470,833,181,19,759,633,440,164,527,773,577,308,848,629,349,541,355,100,369,481,818,132,389,82,478,896,143,479,544,162,533,522,815,108,891,993,132,338,505,211,391,891,734,175,960,729,795,264,857,890,422,65,795,436,240,515,391,371,335,557,102,747,568,977
763,274,216,956,756,94,579,536,749,279,517,950,759,469,23,688,344,483,248,584,71,811,163,78,266,648,483,635,859,370,870,926,826,82,895,300,491,702,909,278,243,786,359,372,216,381,48,818,438,229,471,886,943,382,66,79,716,951,155,457,562,573,504,990,420,661,728,807,645,417,596,154,985,156,507,443,463,715,39,534,749,123,489,611,71,646,717,26,864,965,481,617,69,30,896,444,317,203,467,425,150,426,487,927,51,237,57,376,465,118,561,882,358,900,216,249,444,703,443,622,368,169,511,229,771,410,708,446,642,378,942,849,228,924,605,199,329,953,933,299,404,46,974,936,278,425,414,82,742,770,349,572,183,857,528,551,623,622,79,81,7,508,667,454,479,556,473,632,912,40,247,663,622,749,245,949,104,682,207,134,278,934,56,985,933,598,828,390,813,434,832,814,316,367,811,427,534,848,65,87
783,363,504,369,880,549,658,583,684,36,891,665,915,434,180,64,223,69,346,492,581,349,735,540,125,34,833,423,580,802,485,427,710,597,949,820,80,148,795,169,831,148,26,525,659,294,388,450,691,195,778,25,148,335,852,34,761,666,97,453,345,367,118,279,454,962,172,966,730,767,324,0,840,835,6,140,817,765,765,409,738,793,947,485,661,228,130,409,514,534,461,883,955,661,190,89,673,117,255,706,831,493,420,459,639,854,887,932,268,996,126,678,914,60,191,557,73,113,690,631,28,226,33,667,315,572,796,56,269,293,778,273,997,513,420,856,613,546,377,641,674,36,284,797,309,929,865,169,675,525,339,966,958,194,469,98,549,994,464,104,126,801,328,154,192,590,889,812,358,379,613,708,26,700,877,272,11,299,912,264,480,291,556,452,348,486,563,725,771,442,379,132,872,540,588,806,427,135,832,83
843,836,871,638,621,748,508,807,568,820,796,114,766,665,955,465,385,283,213,563,775,841,313,136,127,926,278,231,417,412,581,672,851,12,714,849,392,4,783,211,998,406,912,449,976,585,975,916,668,165,746,325,716,175,302,523,642,185,934,743,38,448,821,900,618,482,952,555,318,583,119,583,830,88,789,230,131,576,433,491,489,85,313,611,165,320,492,669,206,27,93,389,992,771,596,172,945,652,573,702,737,875,164,791,816,621,506,858,744,731,260,953,162,855,408,167,233,614,979,146,637,95,578,790,892,911,120,43,430,535,107,978,364,799,215,290,577,902,743,248,591,855,584,771,1,665,384,575,138,791,611,369,610,5,348,166,806,605,959,773,921,973,576,375,260,478,642,913,809,19,309,897,831,67,858,25,977,504,288,478,919,191,587,838,566,754,890,459,42,997,134,198,93,228,322,740,607,778,492,230
724,395,531,577,919,176,60,987,95,231,777,360,836,510,134,73,377,95,864,668,432,279,878,815,279,511,786,494,660,879,207,145,930,678,527,319,278,554,85,460,121,485,561,273,614,124,781,644,133,465,889,346,765,924,931,628,346,852,140,134,702,812,713,57,220,737,728,253,776,826,767,589,352,631,925,710,299,70,427,837,963,411,395,341,670,109,836,344,661,475,842,817,782,321,153,443,267,840,317,350,647,602,411,931,385,59,144,85,282,630,982,293,723,429,255,58,493,406,17,554,170,683,894,209,972,769,934,808,58,327,730,39,541,395,142,336,907,415,477,279,778,903,547,68,700,414,481,703,563,742,366,253,510,737,276,107,535,720,833,58,620,926,303,561,832,534,4,395,144,652,85,805,49,404,145,422,788,994,494,581,914,582,628,465,112,640,326,695,259,656,922,52,824,569,625,103,216,861,848,837
923,472,196,590,930,113,699,854,982,191,582,965,793,296,244,878,495,787,966,418,76,120,410,794,915,810,52,288,542,563,32,759,228,888,201,526,507,495,487,304,875,268,759,583,781,164,994,384,542,580,874,146,679,695,498,828,626,783,67,180,782,31,64,880,539,291,190,713,554,108,784,352,997,369,374,681,16,187,899,671,482,817,216,811,480,803,493,232,461,422,449,399,620,803,66,244,183,879,357,173,344,517,615,10,748,17,252,363,849,40,616,145,482,349,509,331,187,51,43,274,776,935,240,464,226,691,311,174,41,79,413,591,56,456,516,875,254,425,964,950,211,16,562,176,28,360,249,992,546,976,854,576,391,938,709,4,279,295,518,763,25,523,550,681,830,136,977,867,553,41,205,708,514,737,534,722,754,557,544,500,426,168,682,490,163,382,975,708,792,114,44,22,388,878,414,898,123,125,959,324
848,664,353,248,733,576,109,15,932,530,914,301,196,656,875,922,428,183,435,229,676,767,130,320,695,683,986,357,735,954,1000,545,798,36,269,669,161,480,873,962,209,742,246,354,809,471,602,879,533,467,287,295,539,887,498,549,172,439,953,59,38,746,528,793,747,584,607,8,644,57,480,297,402,154,84,269,310,617,841,948,766,888,386,828,576,736,923,627,781,256,94,536,712,898,861,126,611,972,645,349,142,302,289,750,178,971,700,923,611,737,777,65,815,510,919,28,433,713,594,142,982,973,359,920,503,759,730,345,305,498,827,16,308,124,544,165,589,69,510,273,509,107,596,35,564,573,783,568,451,735,439,730,926,589,874,145,507,252,931,821,328,828,489,139,325,391,835,790,24,756,395,331,253,851,491,519,802,476,168,707,774,219,53,61,163,572,856,922,220,869,355,455,852,37,180,159,87,263,342,823
853,460,828,916,627,56,341,157,690,604,346,77,694,343,431,616,684,440,203,250,526,353,688,532,172,91,442,880,764,638,225,738,988,752,713,321,425,856,514,487,524,823,960,140,853,446,920,132,659,111,699,143,916,549,865,296,669,81,707,737,937,893,468,774,311,191,599,453,620,755,128,646,201,620,317,220,527,975,997,201,691,24,427,832,53,787,798,744,907,622,690,220,906,110,225,60,545,238,858,606,811,513,106,638,458,963,735,493,504,790,933,788,958,828,282,506,296,62,491,626,849,837,328,837,146,118,891,71,516,865,777,853,78,73,926,235,991,842,290,743,306,747,158,802,172,362,81,212,916,464,274,460,593,82,636,9,536,815,176,164,252,84,858,988,389,865,27,84,96,110,323,835,337,55,129,555,485,613,368,105,107,294,972,511,309,616,16,663,765,905,396,952,791,978,28,428,82,432,968,981
213,764,406,679,808,725,317,938,97,770,436,838,446,247,803,165,663,488,700,780,898,188,983,993,506,926,684,627,445,37,468,154,337,343,985,172,837,512,82,591,429,596,122,383,622,472,850,831,987,838,398,807,235,289,714,857,876,662,532,202,542,273,278,146,515,92,701,615,776,671,245,606,302,916,2,394,115,691,31,965,853,928,855,889,868,128,453,661,833,799,806,611,809,612,929,749,872,404,82,800,866,595,297,940,428,862,722,199,142,117,930,0,713,482,521,890,666,363,71,839,8,162,409,974,542,959,331,882,913,586,812,945,118,507,390,747,170,109,899,302,262,459,932,101,755,107,433,908,158,115,868,689,330,865,904,558,443,313,466,861,428,302,835,291,818,560,572,747,815,512,902,770,471,687,811,62,659,132,250,410,879,88,347,666,632,12,89,841,56,433,818,551,995,697,565,834,819,788,516,724
706,769,139,186,986,511,233,744,238,577,345,240,911,81,409,84,820,187,964,639,651,107,64,233,650,697,255,413,867,202,359,745,520,547,920,117,276,845,783,180,528,445,18,284,22,659,60,672,605,601,420,527,216,997,689,269,855,858,94,662,490,549,306,690,2,157,995,507,700,680,261,417,17,676,783,219,450,280,580,470,740,230,690,162,805,6,812,35,706,278,650,688,814,966,766,267,688,824,724,877,979,104,313,708,288,194,792,957,587,551,379,222,157,955,265,301,624,109,90,528,143,136,461,773,947,87,6,347,20,95,206,925,481,102,267,594,804,811,208,929,355,511,632,620,803,736,654,440,987,641,561,190,729,527,34,816,130,727,93,740,313,503,306,938,225,46,299,931,192,93,616,501,526,108,954,857,663,637,124,674,233,781,190,5,946,479,38,505,78,512,497,301,473,490,943,167,607,932,172,930
291,750,818,981,115,349,11,520,234,875,772,724,785,95,487,711,747,427,445,408,878,933,958,190,740,638,580,795,874,79,851,919,808,208,157,677,815,793,420,310,564,87,249,712,996,254,238,612,402,697,761,0,226,878,646,708,1,533,259,864,353,374,809,822,650,164,608,915,934,2,828,149,422,382,747,566,493,370,417,715,304,620,893,606,242,578,342,178,577,137,6,920,423,900,242,825,638,874,415,685,720,989,645,591,201,939,952,160,939,607,996,278,54,16,567,413,589,322,655,433,873,947,140,776,275,714,452,765,644,983,499,824,341,431,626,19,272,625,232,121,317,307,863,686,878,379,64,256,465,972,183,379,672,279,255,403,346,389,695,868,890,173,605,501,956,383,104,807,35,710,949,906,388,840,276,116,753,949,690,802,620,951,445,210,461,560,550,977,725,42,721,931,506,644,932,328,665,953,769,226
237,836,304,168,816,874,162,784,408,15,309,501,669,342,66,586,925,239,638,89,128,79,781,911,410,753,611,58,919,93,88,985,857,630,197,667,961,168,362,797,115,448,597,340,395,367,171,626,884,661,895,116,38,997,333,577,626,779,460,483,119,516,535,427,46,451,777,715,852,558,719,88,989,303,573,406,284,21,658,564,684,169,161,103,265,658,137,519,358,952,72,503,123,617,4,161,110,341,635,608,182,197,688,504,419,61,273,305,932,454,749,391,586,146,651,224,333,192,932,305,140,635,577,840,227,602,195,953,974,320,973,909,767,681,65,305,129,2,826,300,466,979,926,901,841,862,252,39,905,871,878,8,254,728,278,362,641,981,289,581,659,776,972,107,455,964,161,618,739,862,697,492,707,293,892,866,616,104,145,495,105,940,395,318,569,155,69,259,528,257,242,510,368,779,792,693,260,650,419,591
525,510,201,32,465,611,940,572,246,616,603,740,235,999,779,135,195,177,357,76,377,507,555,955,609,732,539,77,171,839,505,74,822,983,123,691,822,925,475,486,581,390,333,179,388,378,401,158,275,684,717,362,578,598,466,360,23,885,558,640,845,960,947,782,558,886,386,313,874,212,451,12,778,763,499,190,294,882,587,717,684,343,282,706,148,840,145,342,52,502,738,69,751,247,697,226,722,249,62,990,583,85,838,264,569,353,310,279,598,228,406,752,538,344,219,745,443,67,982,23,891,613,397,325,732,147,612,95,279,105,645,657,412,899,385,910,227,304,520,167,947,354,615,139,125,953,878,182,928,416,528,587,113,638,562,371,338,944,346,855,221,941,630,22,361,537,490,702,899,227,805,370,5,956,394,642,589,338,434,329,71,527,932,575,325,352,296,314,55,606,349,700,365,825,6,571,401,511,276,254
144,777,417,120,984,929,973,736,150,912,648,253,29,837,209,420,580,203,749,272,168,157,710,906,32,13,640,672,445,65,724,990,78,133,872,388,397,853,430,122,740,473,576,461,877,952,468,307,176,821,511,732,533,276,3,864,61,764,672,42,436,973,172,735,994,924,93,510,905,241,989,915,817,855,494,847,718,608,798,731,134,969,279,838,158,870,189,370,884,281,4,319,219,177,2,299,351,843,605,196,103,553,390,257,548,12,682,201,164,334,187,798,304,23,481,97,764,170,924,892,725,340,399,937,989,4,2,728,712,642,799,902,566,479,887,549,708,683,449,82,872,91,123,597,90,72,283,805,775,761,663,474,539,746,212,541,265,27,446,163,581,328,956,360,904,516,78,309,973,819,895,631,235,892,210,838,158,928,424,201,592,895,7,18,647,461,145,561,281,285,852,510,523,335,523,245,197,740,467,151
200,89,128,485,287,247,472,421,986,219,424,327,678,813,607,197,638,336,468,826,878,825,864,440,40,125,661,434,634,854,752,667,436,480,325,496,641,226,286,767,262,198,849,80,717,118,225,768,754,545,904,2,668,229,601,256,593,915,272,927,551,805,482,157,182,466,795,996,921,742,503,918,800,779,249,359,582,107,140,734,360,855,940,747,863,553,648,20,702,955,499,214,275,342,495,709,914,645,97,133,939,701,980,480,78,409,859,60,295,296,524,790,886,842,686,982,294,745,664,333,202,989,712,290,27,530,458,62,606,615,4,808,208,650,949,734,514,165,740,232,208,131,339,745,315,188,497,923,770,939,948,125,364,920,328,851,326,748,767,357,358,634,620,538,862,761,4,437,920,414,725,680,149,337,30,135,599,209,71,540,229,34,350,322,198,106,828,481,375,98,581,753,976,335,166,102,516,714,78,582
443,107,872,794,930,809,245,812,325,538,329,204,415,127,860,296,568,567,598,45,761,31,177,877,370,495,321,151,334,212,559,170,756,734,724,61,997,95,682,219,754,277,752,688,444,649,649,987,240,230,923,9,109,828,624,966,215,100,96,801,776,508,207,990,925,708,630,929,854,657,83,284,520,120,303,280,755,603,87,107,456,700,369,993,149,359,147,194,350,308,588,956,688,198,24,206,151,122,110,604,740,16,273,846,730,811,544,971,931,720,727,394,865,709,325,876,44,629,470,574,158,167,784,928,283,350,245,817,169,948,975,838,895,551,924,569,471,988,350,207,299,483,542,288,943,319,751,317,473,419,354,889,175,103,465,657,570,852,94,20,27,661,73,749,515,283,750,355,711,43,239,544,451,65,675,501,573,122,222,364,608,972,172,485,527,811,182,135,820,89,482,999,723,220,427,711,433,459,795,120
608,788,387,151,453,167,687,206,428,850,480,191,945,310,661,561,965,53,644,668,940,52,783,3,188,812,297,613,62,507,183,712,438,824,301,862,375,739,772,700,778,714,443,587,906,561,46,453,358,885,705,53,616,337,642,140,274,335,239,709,627,512,135,662,696,617,567,788,715,194,963,783,810,179,720,191,509,341,187,652,7,943,578,252,439,115,112,604,778,833,215,62,225,122,480,538,269,923,311,29,937,101,982,871,577,523,947,101,542,551,21,158,990,4,774,747,139,659,509,483,589,841,463,212,181,626,763,328,63,455,317,818,923,473,546,255,462,518,733,312,101,400,477,610,836,302,303,97,331,206,456,21,95,733,866,641,433,772,952,514,209,764,277,546,15,403,844,204,477,304,233,913,59,361,853,691,372,543,742,332,819,932,383,503,370,400,21,692,160,35,545,829,428,584,644,25,767,52,705,943
830,778,708,985,247,83,175,643,236,670,629,260,67,189,146,737,958,323,307,400,200,647,356,531,982,374,660,992,448,526,40,109,76,970,998,527,208,446,802,33,780,205,960,722,853,407,474,29,711,851,55,9,957,589,33,286,149,128,936,755,778,244,483,676,149,439,812,95,575,761,470,168,962,842,253,298,93,21,474,470,401,837,438,266,315,59,158,492,88,867,256,917,758,562,163,177,124,974,914,453,139,745,579,312,461,507,174,606,863,267,906,172,369,606,754,522,328,53,17,900,394,479,635,487,616,890,485,298,37,911,564,943,687,470,598,658,192,341,29,647,821,501,41,80,740,416,951,886,950,944,691,934,89,201,10,266,707,771,282,32,191,737,924,798,557,234,41,768,596,27,74,184,225,505,407,560,180,816,659,177,346,207,424,886,296,307,425,669,735,992,993,760,294,890,49,86,141,930,284,71
640,37,487,650,337,733,285,271,9,952,832,741,823,554,287,588,212,603,930,935,46,147,116,543,843,993,299,769,714,521,497,162,834,926,935,934,679,813,251,266,886,19,810,605,416,846,901,2,450,197,951,830,667,871,315,491,236,698,993,316,284,878,609,567,633,15,850,209,792,538,253,984,99,102,497,16,80,924,590,794,608,11,589,179,960,342,136,412,621,454,365,120,564,31,645,506,114,866,674,701,385,725,350,349,446,887,769,755,566,256,829,702,466,55,291,577,216,132,770,377,98,758,946,557,607,297,474,616,596,639,121,650,625,649,525,183,407,596,486,172,634,519,811,459,447,438,629,747,698,411,837,183,946,56,527,686,24,903,333,642,581,500,892,417,855,125,234,127,460,454,746,95,657,554,887,817,859,831,195,615,476,458,149,269,965,888,302,50,827,261,794,488,177,807,271,484,936,104,90,106
534,992,167,548,211,969,452,918,172,975,986,440,993,519,461,169,125,794,690,817,197,820,721,627,354,156,672,602,528,192,549,300,746,717,364,751,916,445,169,323,598,312,353,534,167,24,522,610,420,607,856,287,139,292,224,325,695,207,337,632,224,55,291,180,196,397,260,416,819,807,949,34,547,340,470,334,721,218,904,598,55,322,402,905,830,749,539,449,915,554,338,955,557,930,650,527,504,792,456,695,525,751,789,97,854,508,231,622,948,490,160,112,467,845,4,768,757,265,916,277,949,537,927,928,363,867,917,242,716,396,97,859,140,415,34,370,723,60,954,290,603,314,933,702,67,938,972,604,569,117,472,851,446,942,727,166,315,885,255,942,847,640,494,167,223,10,215,617,53,857,293,967,746,256,964,693,517,884,616,168,507,74,728,920,921,677,915,843,98,663,396,437,486,219,65,791,910,871,306,277
123,603,488,996,446,760,93,931,465,580,764,718,499,688,827,411,600,449,181,40,365,691,594,664,25,453,538,361,295,815,832,790,818,835,992,788,457,510,5,61,489,197,258,812,837,680,522,367,336,307,610,68,606,31,957,546,203,438,284,930,696,770,935,657,318,908,496,521,695,552,37,289,19,314,195,828,260,730,181,7,942,66,728,719,724,854,58,986,655,363,131,736,694,545,497,141,513,418,313,194,741,671,499,682,147,189,6,780,177,622,15,903,775,247,223,103,350,413,693,247,730,85,140,7,805,112,844,970,496,77,577,453,67,503,133,759,637,820,516,777,309,310,79,559,184,396,615,635,991,299,348,657,840,888,189,17,976,515,591,676,913,943,561,499,294,599,570,314,458,615,21,301,861,621,352,840,24,192,802,827,878,498,189,219,503,211,77,848,101,404,872,275,728,651,980,516,896,353,951,209
388,847,917,769,568,212,541,359,4,350,544,63,290,695,86,76,30,365,910,65,621,968,604,939,460,696,667,706,705,839,320,953,785,633,578,717,636,690,887,577,93,413,551,802,525,369,430,54,274,352,621,180,227,984,515,499,675,771,757,107,366,81,184,380,985,871,484,839,867,841,716,491,407,393,261,16,21,28,167,483,390,61,958,741,13,699,217,120,788,353,89,469,521,42,145,423,20,982,235,544,557,821,159,67,36,834,952,384,719,425,5,323,905,948,432,353,894,981,290,725,136,20,882,547,779,3,133,966,653,762,545,241,386,259,107,952,785,685,632,710,663,372,256,665,992,90,899,802,672,630,310,338,526,954,192,519,199,495,405,914,445,452,49,405,361,345,636,797,118,860,775,703,843,126,942,217,761,611,849,946,107,179,774,638,761,3,134,289,775,859,86,88,679,682,377,245,685,781,435,729
477,92,871,562,702,52,799,867,436,963,387,837,813,756,922,591,242,243,588,788,351,474,159,649,77,259,929,565,261,180,696,20,661,423,933,551,790,693,264,169,315,128,101,559,408,209,168,421,943,773,609,197,737,455,51,590,269,798,328,581,145,226,323,841,33,73,513,371,935,816,731,866,511,527,943,177,619,253,803,119,702,805,453,623,692,995,30,576,404,456,265,936,879,960,359,993,309,998,861,615,432,434,737,40,729,484,437,963,516,283,608,303,117,948,229,557,617,254,380,3,709,258,546,396,756,46,760,98,482,947,721,115,607,894,456,665,305,265,361,142,57,901,239,915,815,772,734,199,751,9,440,891,16,636,174,970,833,958,857,690,14,356,155,98,712,211,617,587,232,92,116,771,250,415,681,9,299,726,679,626,953,26,493,557,152,948,228,886,461,183,847,709,390,323,250,143,946,315,390,621
223,729,82,100,203,449,312,935,914,463,788,565,53,298,180,197,56,27,202,954,460,80,136,556,969,586,598,786,286,221,629,521,763,494,474,933,351,564,727,377,661,888,806,763,835,498,539,400,627,480,920,836,249,35,131,402,751,522,156,436,39,446,676,754,608,772,849,792,834,565,711,593,674,944,328,267,214,793,494,888,944,649,968,604,404,985,899,72,749,598,395,50,451,655,593,103,353,88,302,887,110,181,801,157,808,771,80,758,540,387,299,899,611,353,133,369,37,698,803,489,148,792,219,296,769,509,479,88,918,466,173,990,289,238,985,163,145,614,301,680,465,531,383,348,891,922,343,56,372,877,469,245,57,47,218,600,597,68,208,548,751,723,773,77,986,216,446,819,138,11,988,351,698,438,142,167,527,741,433,717,575,621,548,998,661,583,496,801,389,771,811,393,972,708,988,767,208,740,412,511
598,441,612,476,512,584,421,834,70,7,732,21,527,490,758,354,655,14,804,320,944,410,587,422,210,759,926,802,724,802,81,415,464,626,874,199,598,379,985,38,303,802,517,311,584,962,72,703,589,516,46,936,569,705,938,177,823,344,692,344,362,244,916,902,579,67,638,932,777,785,593,802,230,340,274,997,841,656,202,224,482,209,25,153,353,614,857,674,995,719,793,667,821,237,474,970,494,529,675,344,336,217,958,124,255,93,404,97,420,195,360,808,807,399,114,714,188,770,183,677,571,358,384,331,651,931,940,105,894,924,70,144,102,65,627,66,67,165,26,1,236,980,7,280,209,647,623,375,252,11,853,280,566,600,849,208,443,318,848,501,65,251,551,91,946,293,410,577,955,156,641,546,152,113,578,301,368,396,261,918,573,422,132,160,814,874,124,692,77,412,514,64,466,543,764,128,333,255,595,788
973,559,47,687,55,200,98,669,634,972,959,752,436,502,934,625,386,405,156,484,134,306,508,683,6,560,516,342,835,994,185,287,518,892,224,123,328,66,426,629,121,157,754,817,381,465,604,257,165,617,176,419,671,999,995,223,65,281,123,107,326,417,786,287,299,910,545,998,681,143,697,585,389,31,710,234,756,82,755,232,518,823,986,920,848,922,491,410,943,128,875,47,857,413,993,794,414,26,754,338,449,470,181,144,248,345,86,254,952,968,348,194,109,973,896,605,962,252,289,488,409,950,272,76,619,471,985,975,276,831,947,220,127,76,248,693,756,51,622,442,886,199,742,658,265,999,116,426,960,177,835,429,481,803,125,545,188,133,703,559,665,863,916,257,986,591,556,744,5,206,202,197,48,878,344,768,746,851,770,722,703,507,51,190,507,898,447,66,63,871,318,968,689,958,274,459,34,644,663,698
217,894,485,243,602,779,251,84,877,67,77,637,770,205,148,577,99,857,805,99,943,968,142,309,188,0,801,710,873,464,26,10,743,527,141,626,154,574,945,478,754,845,245,651,819,4,678,246,806,620,888,15,75,441,942,753,943,225,923,667,294,621,831,671,943,24,225,460,289,450,39,791,515,660,386,177,182,609,737,495,67,995,671,676,817,929,225,806,414,728,604,541,251,372,244,737,983,482,366,184,577,271,181,157,49,404,709,554,901,470,403,223,634,819,968,538,325,507,840,167,457,464,280,940,357,977,344,309,33,862,57,784,960,952,249,239,206,925,947,525,11,515,896,987,673,32,952,417,369,973,630,41,395,613,414,853,220,910,967,971,807,48,413,119,427,970,228,310,628,853,375,162,79,269,276,538,931,596,433,852,649,167,217,945,253,261,259,921,409,347,460,479,414,737,959,716,187,116,78,332
72,536,309,538,827,992,12,27,598,469,613,871,982,630,384,657,815,836,61,606,779,821,461,980,891,4,792,461,638,875,554,204,281,154,549,252,806,462,417,669,573,524,562,967,21,519,587,100,373,196,62,847,563,125,360,384,514,915,799,747,193,209,538,641,45,21,961,326,882,366,298,702,646,985,888,602,12,463,593,453,752,982,385,129,484,420,387,658,264,887,519,963,80,504,558,185,698,479,965,484,118,2,593,583,514,855,778,955,840,499,556,726,584,798,329,848,436,293,663,432,735,256,830,308,568,361,895,955,362,100,517,87,114,199,756,582,616,503,852,704,539,181,466,411,857,861,687,170,290,475,289,489,360,279,640,493,624,577,851,114,937,922,82,323,71,311,553,672,482,280,446,121,14,401,158,338,684,808,166,699,532,242,206,378,149,128,227,605,98,867,785,809,239,311,49,99,413,411,219,424
212,60,624,207,105,520,651,341,424,777,654,468,331,390,93,835,765,808,770,932,408,779,242,414,511,807,862,3,749,879,974,276,996,465,662,362,506,873,172,623,550,450,3,454,329,765,120,959,406,593,498,970,504,496,1000,290,79,596,127,361,250,14,962,623,978,638,413,806,43,307,520,659,453,676,585,462,707,265,374,946,70,312,70,676,634,493,579,667,445,311,780,97,794,41,350,642,723,93,943,918,322,821,155,726,831,686,202,340,80,240,696,351,931,927,809,524,312,315,580,951,505,919,369,244,46,16,72,730,864,73,703,30,434,669,616,811,455,313,884,28,696,949,541,421,717,244,694,623,158,802,915,595,764,695,85,577,773,230,666,255,873,947,447,418,896,477,343,632,753,759,346,728,5,413,942,966,311,307,217,703,439,202,97,238,606,588,84,624,930,807,242,195,360,996,212,791,127,950,521,112
647,423,174,211,184,122,45,751,601,796,146,742,204,190,916,66,339,219,219,182,938,914,529,689,206,58,775,161,232,734,503,577,31,954,13,870,43,40,401,153,674,457,549,357,247,804,694,498,212,691,55,457,259,828,793,388,216,471,656,767,252,54,185,750,709,828,622,842,213,666,450,130,198,666,833,107,524,794,716,83,558,970,693,606,609,637,203,155,648,138,802,972,702,751,343,909,993,448,513,871,458,541,954,941,460,664,752,895,444,692,629,587,734,130,286,109,663,73,323,689,703,48,629,854,686,54,803,192,985,450,540,167,491,954,492,86,368,878,968,260,61,668,832,354,908,104,27,183,219,31,472,404,242,324,949,272,847,69,495,975,527,611,478,287,237,587,428,976,269,701,443,502,714,278,104,148,150,437,932,395,151,785,161,122,978,493,787,702,463,436,194,309,770,490,202,662,216,905,284,333
510,191,393,217,394,535,589,454,754,750,489,62,995,117,423,33,782,227,649,724,235,704,579,990,770,661,134,116,216,567,971,738,934,745,448,151,80,179,84,112,382,348,733,359,645,528,72,413,480,303,546,120,599,61,33,890,953,307,0,946,880,314,214,835,133,521,77,712,549,413,649,491,551,418,85,426,703,324,905,932,377,715,93,192,583,592,867,868,749,575,605,876,349,378,500,140,387,675,329,729,25,228,578,478,351,839,881,580,620,828,576,692,163,338,811,297,551,652,83,335,163,584,225,152,829,59,1,363,591,483,922,809,619,56,132,763,568,356,538,610,435,221,342,497,443,231,74,987,278,123,163,341,563,754,466,791,29,686,598,679,197,838,573,986,819,542,213,241,2,277,713,504,943,982,519,84,440,426,57,418,912,606,190,14,30,750,157,428,78,515,400,674,337,413,52,802,450,265,119,601
797,685,382,256,879,994,919,372,342,814,185,839,472,25,514,976,383,481,0,389,358,84,552,864,523,952,722,965,22,162,123,828,892,859,928,815,23,657,318,820,932,68,988,921,957,471,467,782,570,808,740,988,975,759,379,231,858,465,187,240,524,398,919,537,925,829,170,37,521,811,838,335,792,327,423,13,68,668,253,577,525,680,96,547,525,531,614,735,27,878,64,108,646,727,489,597,482,576,901,729,478,324,151,776,273,701,122,811,346,629,68,888,506,542,329,640,613,205,560,258,36,132,616,56,274,556,346,686,221,605,804,478,311,87,443,94,425,600,937,728,999,958,137,176,209,478,620,363,14,464,844,887,904,840,393,553,271,233,593,695,420,814,470,414,714,283,38,421,601,393,881,526,123,495,904,868,514,302,878,946,571,646,548,356,768,606,952,559,147,416,383,985,414,497,283,161,384,521,635,398
16,161,601,300,131,910,991,459,846,283,658,978,898,211,469,863,819,859,301,81,76,145,533,368,271,869,35,70,565,957,653,162,927,357,303,78,546,456,41,319,477,311,480,664,90,781,528,626,124,671,403,673,352,968,661,114,689,60,882,894,740,426,183,755,476,448,757,324,635,857,317,198,804,877,647,569,832,138,866,970,32,846,664,461,305,1000,188,448,267,365,586,502,384,738,350,330,47,930,802,556,758,994,231,166,692,551,35,991,641,948,457,187,29,13,628,476,273,738,526,832,403,861,325,706,639,299,713,314,140,731,344,793,756,522,36,85,725,552,830,342,676,434,792,626,834,207,151,946,1000,913,425,702,685,956,571,555,104,87,399,576,632,416,89,826,962,403,407,820,727,972,692,202,696,181,386,179,382,778,538,482,190,523,22,804,978,359,143,105,189,665,342,185,21,60,98,363,708,893,941,79
447,412,320,437,431,946,463,402,559,56,31,35,46,974,768,811,363,421,253,809,879,631,613,369,891,202,278,573,464,458,428,699,384,434,492,514,754,620,833,31,267,456,394,222,674,936,658,463,636,478,212,52,127,726,421,920,285,896,730,786,370,547,142,650,646,924,91,51,77,114,452,86,382,295,388,852,253,361,777,49,663,216,169,314,17,439,911,36,537,468,104,448,193,998,831,636,522,902,560,684,28,812,622,673,317,82,59,588,4,163,869,13,606,870,429,491,387,137,124,488,342,874,307,947,552,501,291,228,218,549,15,228,174,677,464,32,638,249,125,773,57,657,362,674,743,787,608,24,645,666,688,798,289,920,349,259,427,27,220,34,764,825,18,220,872,393,606,341,510,848,99,6,137,384,266,235,902,976,840,85,724,217,16,302,117,933,16,422,182,245,887,713,253,712,604,372,340,997,361,719
578,935,0,933,53,88,832,289,76,9,358,50,540,223,986,342,234,907,871,788,327,188,130,895,247,695,410,279,76,270,589,730,792,559,37,833,296,901,480,159,338,715,498,542,696,819,842,171,642,153,7,868,979,886,817,793,311,2,481,910,934,80,108,67,141,505,219,741,489,68,169,454,800,268,75,160,726,803,41,901,201,539,607,103,809,324,487,289,437,695,684,621,515,514,483,350,34,648,909,366,41,26,554,964,858,12,106,414,669,547,323,97,667,274,681,674,62,789,266,273,195,744,543,335,574,233,292,614,223,689,667,917,818,980,753,276,352,405,199,495,196,967,320,381,516,361,170,665,593,52,169,911,322,642,151,949,97,41,729,431,619,656,391,217,18,125,29,675,527,491,34,395,498,604,386,422,585,962,250,827,57,311,667,541,707,741,129,798,701,879,475,264,220,567,968,59,670,410,619,675
164,210,340,254,26,960,978,534,733,176,187,196,218,10,625,739,405,529,195,635,2,885,619,307,924,370,926,118,215,793,946,120,348,397,268,609,58,255,282,741,420,800,860,787,271,760,951,586,324,961,94,541,94,475,665,43,6,685,865,202,207,813,694,995,951,729,625,673,198,322,473,674,355,874,502,532,912,585,564,774,552,783,627,576,763,808,696,356,622,123,510,875,4,315,940,6,775,21,376,98,936,113,929,692,479,476,152,79,175,173,337,274,516,781,258,849,128,674,384,655,352,989,466,611,399,610,797,530,765,306,199,966,146,611,647,43,428,800,362,977,607,629,874,398,205,841,642,577,225,411,503,729,749,347,240,962,330,775,430,521,155,953,548,633,256,142,18,153,876,275,353,370,251,695,1,150,876,638,952,873,874,283,298,69,293,700,729,575,210,250,856,702,773,285,77,930,973,988,38,268
442,351,765,33,950,50,542,251,491,562,188,60,136,594,433,780,193,889,635,234,201,748,112,845,795,945,882,70,879,811,85,536,384,752,779,494,283,725,744,0,742,121,135,742,892,604,634,299,739,274,986,818,480,817,34,141,142,544,762,105,206,865,268,184,779,210,482,940,113,633,226,651,329,745,65,545,768,71,299,987,497,664,563,179,412,581,67,215,937,312,823,617,7,999,115,181,61,809,919,373,828,901,447,918,262,790,285,456,64,442,673,575,687,852,315,212,759,87,515,261,682,567,799,667,612,824,348,172,361,903,325,288,596,241,290,264,512,627,802,888,750,105,353,493,458,544,570,299,900,209,8,676,720,30,38,799,750,647,344,606,30,363,18,837,767,383,115,507,241,244,570,31,176,353,829,474,106,794,522,209,748,419,870,8,540,489,813,757,679,175,634,131,187,193,386,143,799,968,760,384
601,809,732,640,310,869,23,20,362,764,92,796,557,778,519,996,174,593,562,432,436,323,513,425,937,946,167,415,461,987,798,53,597,178,225,392,444,931,68,883,16,783,756,511,345,90,528,522,547,581,784,891,532,221,867,755,317,119,596,686,222,729,518,524,955,898,119,907,90,329,841,16,268,65,152,266,193,90,860,524,292,207,873,494,607,667,57,617,158,246,694,228,540,731,549,846,363,534,131,981,764,17,79,561,441,583,287,329,479,752,328,916,557,310,239,758,923,272,367,677,540,962,618,539,875,411,634,557,839,966,644,400,30,22,107,492,281,835,263,606,114,487,503,806,994,765,703,777,180,54,133,74,687,265,259,467,480,577,703,226,455,234,542,867,588,877,844,722,52,237,439,90,556,966,1000,772,618,891,44,342,690,867,352,679,366,121,113,212,896,427,477,921,163,891,957,486,574,308,960,886
718,196,516,351,392,658,329,84,727,193,773,663,332,63,907,14,133,785,441,960,679,208,300,389,829,674,245,288,931,972,327,545,561,340,492,698,572,148,878,924,55,363,63,0,315,188,666,740,828,680,583,517,971,101,584,674,133,851,754,397,639,331,966,564,560,359,98,652,400,862,289,393,851,903,0,890,925,188,111,62,659,814,283,639,677,613,250,813,987,248,862,110,594,543,229,881,459,952,22,977,858,747,442,886,18,649,553,877,475,386,357,330,671,401,542,1000,150,182,588,898,735,846,469,110,91,803,561,124,229,20,386,726,366,687,679,985,703,999,643,378,867,788,396,766,218,206,60,34,882,163,582,286,905,759,863,16,133,507,830,903,829,541,1000,331,874,889,741,131,575,955,309,713,406,274,956,601,410,273,429,43,710,784,719,542,78,814,406,545,541,118,335,679,444,627,564,723,327,272,23,911
282,942,153,97,633,622,92,987,762,544,810,468,689,488,721,154,708,824,663,212,61,887,624,901,116,849,7,862,381,800,902,926,848,471,305,677,28,461,854,842,9,775,560,378,24,845,863,41,74,148,911,335,815,764,529,67,435,567,1000,522,227,909,852,529,534,313,556,719,313,243,757,262,672,138,471,622,917,30,488,185,949,594,572,586,365,499,173,220,114,587,595,76,125,662,552,665,88,568,988,371,901,434,10,834,968,752,418,564,830,270,208,553,666,814,266,899,15,128,365,546,262,146,673,18,277,845,63,126,12,15,225,936,508,956,310,109,957,945,740,842,946,490,232,817,827,113,664,907,820,714,870,747,525,400,459,368,840,811,727,794,59,516,278,900,480,599,217,127,148,115,830,19,699,885,278,788,536,976,281,648,635,290,620,284,49,575,210,971,509,883,605,448,776,259,23,821,914,611,754,656
908,924,4,333,970,282,927,95,733,948,477,866,70,103,399,554,376,729,230,462,397,839,123,747,504,721,966,53,762,322,1,922,138,164,389,621,475,98,683,433,900,614,527,914,972,103,219,383,846,838,688,604,68,92,295,303,735,577,970,509,81,469,502,617,436,272,193,122,315,989,194,570,574,251,297,869,230,294,629,524,147,124,985,304,870,37,480,353,312,899,191,172,541,435,557,718,853,838,192,674,810,475,277,748,625,276,446,86,370,558,18,785,295,422,479,18,736,52,996,211,706,302,445,546,574,389,610,876,169,766,706,852,457,538,845,917,755,549,173,256,563,966,845,510,900,524,923,673,771,695,584,119,603,867,502,675,385,527,705,82,946,459,228,424,130,638,139,539,761,318,997,145,756,19,527,303,640,475,683,26,431,164,417,2,249,623,560,116,636,536,51,533,886,370,766,431,525,119,720,120
44,159,188,818,931,123,423,989,958,89,295,549,459,727,728,528,945,226,949,615,57,807,891,506,523,649,287,401,804,861,995,697,57,35,692,728,601,424,537,883,276,178,498,109,972,801,686,400,942,99,981,1000,123,697,647,832,847,57,571,204,646,951,620,701,96,847,77,965,956,819,195,783,258,220,328,784,980,828,594,919,439,305,91,134,453,510,288,525,28,662,956,618,405,55,592,833,581,616,315,722,10,284,384,379,20,139,229,92,584,35,986,61,546,254,245,872,72,522,301,144,818,209,455,915,409,751,383,176,110,286,21,563,827,455,355,665,254,104,928,218,490,217,822,691,535,300,736,913,384,252,505,671,43,506,917,235,599,445,897,679,93,966,732,111,264,643,44,942,200,745,127,864,997,146,133,682,907,878,898,90,420,792,237,937,875,422,105,982,735,945,74,270,199,191,27,511,292,273,578,561
57,673,912,114,138,56,508,57,549,958,781,566,31,763,915,500,112,57,967,817,773,538,505,15,882,517,870,758,168,341,760,332,316,576,860,118,877,613,284,287,145,992,614,187,571,186,404,920,590,803,697,418,600,809,633,582,569,444,477,737,258,853,235,34,921,675,89,17,87,773,802,70,190,128,140,423,537,134,570,912,46,302,154,939,974,270,625,612,923,28,944,684,351,980,997,410,851,705,68,669,24,205,861,780,647,569,903,146,828,113,704,460,767,934,250,429,890,338,604,366,644,887,125,796,547,882,247,973,758,215,151,248,756,538,61,781,82,333,267,33,55,819,147,563,14,342,549,953,297,397,250,344,126,521,710,267,731,764,953,62,745,267,574,492,138,169,233,903,634,741,222,959,860,4,533,245,317,623,212,965,17,727,129,685,384,678,448,976,335,559,570,867,587,647,602,850,207,970,566,275
409,407,234,522,178,90,129,255,573,469,285,388,912,9,161,202,458,18,221,340,951,616,215,139,320,699,3,273,503,701,929,139,579,405,767,130,584,545,416,150,374,798,241,593,953,303,948,685,443,511,152,915,605,833,133,296,279,535,782,542,893,902,289,863,831,553,299,443,569,176,878,235,683,73,33,689,813,131,114,96,74,615,595,675,89,299,45,936,733,294,287,218,60,801,774,283,59,53,149,802,134,300,380,769,899,885,556,501,515,774,174,48,773,918,766,278,459,194,716,729,151,953,271,131,812,30,454,420,451,475,280,696,442,177,822,785,618,707,913,568,169,954,501,277,146,787,191,632,499,355,936,892,356,620,559,596,862,41,311,53,903,820,927,28,663,70,19,173,602,375,234,5,436,530,831,519,350,466,37,756,611,546,845,650,179,581,37,320,995,920,445,28,971,450,439,143,848,793,620,439
654,226,500,592,272,873,113,510,978,225,427,455,878,928,639,689,511,109,583,859,412,362,119,552,789,529,778,607,493,235,365,782,198,655,468,27,322,460,108,495,452,665,158,372,234,921,100,183,310,83,295,200,307,924,914,55,864,894,864,597,413,70,558,162,221,759,753,690,393,509,766,687,832,233,381,678,131,469,127,286,893,682,174,501,224,325,60,514,161,155,162,5,197,514,702,674,197,845,754,677,631,34,695,259,565,630,225,668,799,727,912,53,562,681,842,695,225,825,333,796,59,175,864,238,76,610,841,778,729,267,781,383,670,508,786,162,786,518,187,481,620,918,403,30,188,314,678,673,345,591,848,994,101,309,881,844,335,358,213,641,844,10,581,911,370,313,165,946,563,976,557,232,989,179,198,431,782,821,21,588,122,152,901,637,915,210,408,938,179,978,51,28,830,597,592,452,918,596,935,190
580,903,468,114,968,340,573,567,301,65,447,897,153,948,929,493,471,439,464,715,877,481,1000,506,136,50,886,194,61,547,995,867,507,640,404,391,304,814,518,193,769,388,177,495,693,3,922,286,734,138,629,498,249,137,977,830,611,976,945,452,997,657,341,925,951,845,100,167,3,176,918,166,855,88,633,282,412,590,92,72,881,798,437,803,0,91,930,602,882,713,744,232,93,491,323,273,187,367,538,371,31,889,447,653,784,933,699,684,880,897,685,238,778,542,698,48,845,180,210,42,23,63,980,686,280,406,156,80,385,496,441,645,615,311,138,106,925,787,380,82,754,284,777,785,577,915,656,521,644,733,419,833,112,737,88,683,793,88,497,744,237,3,759,143,469,510,374,423,974,666,716,516,251,624,972,611,545,306,103,747,928,17,933,837,375,250,77,99,349,596,84,199,306,456,19,453,506,476,827,875
121,237,220,381,967,909,663,535,828,50,6,886,747,257,776,204,432,651,86,43,282,404,719,289,40,725,505,282,446,935,421,808,988,148,423,169,927,926,926,86,257,673,652,68,113,956,838,920,576,829,950,527,598,769,635,118,278,139,127,458,265,852,538,901,245,753,55,548,681,240,666,449,676,510,582,939,977,235,796,735,912,761,855,489,793,182,398,665,525,370,14,709,345,616,6,84,692,183,433,399,734,980,687,557,237,537,286,981,525,965,898,31,883,129,906,153,843,157,377,675,926,189,550,160,842,681,248,219,951,213,716,248,116,661,595,987,501,445,360,779,99,821,597,518,785,102,89,594,523,576,735,560,466,967,188,310,660,687,401,49,542,296,423,509,370,619,200,216,370,273,727,115,5,981,462,656,392,111,837,631,427,946,851,100,630,341,580,69,90,767,991,496,606,539,70,588,923,27,276,169
805,154,154,0,980,664,550,581,387,453,10,882,448,726,631,241,889,357,499,553,545,291,664,835,350,258,813,674,750,259,846,234,374,111,328,621,773,632,36,119,447,751,206,80,395,973,234,452,806,523,741,317,744,811,418,137,68,364,353,689,400,150,167,130,576,788,189,556,736,678,349,28,732,151,639,573,681,58,352,248,508,881,603,995,376,44,534,625,335,144,663,593,137,170,319,53,760,173,500,772,94,690,979,65,458,255,77,217,178,922,248,608,983,846,28,351,507,53,750,652,682,63,383,390,390,247,795,306,929,71,844,584,550,881,451,835,276,875,462,622,549,8,608,804,821,710,258,650,381,342,444,481,974,151,581,478,829,360,199,650,149,466,819,36,907,153,243,258,972,660,862,441,896,302,764,824,500,72,26,962,170,485,167,387,450,698,266,877,410,140,220,435,538,122,393,361,843,15,745,791
92,366,131,391,220,217,493,736,602,777,235,763,82,559,876,79,632,465,807,559,230,821,140,544,949,408,884,291,959,30,338,799,402,245,536,428,317,887,910,222,6,687,639,47,927,955,204,1000,29,12,81,242,987,469,157,971,325,91,548,988,432,556,452,141,694,727,895,64,12,568,859,983,224,668,304,842,268,53,946,351,981,694,176,82,520,546,772,48,730,10,601,230,563,318,599,70,551,611,771,528,478,714,273,223,927,329,642,987,74,229,72,355,991,272,275,345,941,779,409,580,371,627,776,462,926,123,710,547,859,369,230,785,476,400,336,203,542,804,474,103,889,628,573,285,507,566,843,4,921,945,475,840,17,585,301,673,964,58,273,834,317,582,980,521,734,795,987,87,285,746,332,364,425,846,813,343,412,612,259,281,769,172,67,298,87,590,314,209,417,458,485,766,528,22,410,343,769,737,166,956
96,493,306,154,88,593,538,643,733,992,840,620,959,487,336,162,599,104,198,811,220,856,589,618,378,199,345,590,436,340,768,605,119,279,846,662,719,185,949,124,672,576,980,114,934,806,696,415,660,180,358,444,920,366,838,698,872,890,791,961,768,395,327,457,726,162,268,643,903,362,820,950,575,244,997,481,860,876,550,642,327,936,604,849,832,22,425,386,835,415,526,600,890,172,164,395,956,836,780,790,481,122,131,770,822,486,527,866,4,330,484,809,807,19,424,529,821,652,859,597,433,500,339,149,280,461,607,868,496,150,549,913,737,161,951,194,317,154,650,170,788,467,463,684,442,820,245,770,139,145,452,141,385,800,582,556,499,770,647,632,317,7,318,230,946,569,361,93,938,695,423,163,374,249,99,987,741,654,303,404,452,945,377,627,959,122,101,145,252,457,822,870,852,513,655,560,682,877,604,145
262,659,537,154,577,135,5,885,897,248,332,456,680,837,218,748,699,321,637,693,511,254,786,138,311,662,332,832,292,492,631,287,460,721,448,846,426,551,734,309,840,27,929,354,871,702,663,573,890,168,459,747,38,850,837,733,210,859,161,15,334,796,253,774,616,896,484,238,769,757,200,323,767,268,885,263,726,366,790,795,532,164,795,554,786,478,806,838,231,139,937,937,126,870,369,884,222,608,296,352,737,841,980,890,966,516,662,16,260,186,185,216,767,812,82,849,907,663,94,883,963,674,15,793,905,763,660,174,216,793,374,21,527,821,979,731,566,183,514,853,191,561,436,432,512,73,935,291,53,643,965,722,943,761,538,516,543,817,356,202,727,193,777,471,133,866,270,887,362,759,783,994,803,529,850,585,911,715,426,509,226,651,684,115,656,628,3,721,474,570,908,796,290,271,314,301,370,800,679,409
394,26,42,185,375,824,488,858,578,511,109,799,332,26,243,95,865,857,76,937,705,805,627,879,776,881,58,264,786,122,540,428,230,180,181,110,103,579,519,978,37,304,122,96,963,199,403,907,316,497,61,483,900,328,481,739,854,371,10,124,74,76,7,766,94,753,323,676,878,961,395,855,981,965,936,176,876,633,215,333,852,528,790,196,909,916,0,753,184,339,877,1000,197,202,783,488,554,886,136,308,82,514,699,212,445,47,836,125,553,278,696,163,674,880,869,495,366,873,762,25,840,670,270,920,634,176,413,57,371,640,789,888,226,449,296,700,92,954,695,608,221,69,731,723,296,266,382,736,494,904,160,206,677,561,773,469,90,622,540,533,290,821,109,903,890,800,950,741,824,754,185,402,858,4,668,83,473,326,868,525,439,320,371,991,601,98,824,221,430,130,4,686,773,398,71,635,143,450,932,313
