74080046,73089082,74357541,70542321,77277556,75497664,73204092,71151538,74759378,77107676,73300756,73046816,73493651,69785268,68726596,70618926,72453892,75168347,80598770,72411363,76959641,76615888,75359397,70851406,75487349,76632265,83044670,76778496,73107229,69809306,75940231,72359842,76662372,72671592,72472452,73812407,71739178,70174467,73369976,68965362,74077169,69859471,74441119,71414271,73635675,72225223,77500438,71016273,73755560,75828953,75487387,72328202,73637983,73514432,72316302,75212502,76676944,73810038,73107484,72837101,74998936,76642835,73959344,71557285,77694315,75407802,71844998,78059325,68245176,74661682,73628197,75632498,75788335,68056732,73890990,72909872,78066386,74318876,67095491,68768980,76623781,68895332,71990599,75335612,76452508,75409228,80417198,77894092,76106634,73970188,80270683,73298160,76524056,78404698,70256951,74277262,71112829,77373899,72445292,77211550,76339266,75769998,74039105,71061986,73404779,73523986,74414141,73621803,71812030,76997723,77518649,73857564,76952755,74952435,72562748,74109526,74906968,69757923,78262927,77041360,74534741,71125082,74382735,73381387,69110189,72387067,75565675,74433451,70568622,69777186,68149951,70146597,77470029,72651815,71063431,72216725,72748796,80894756,76958559,80562763,71353444,71259268,74881760,74680760,74181660,71946132,77009974,69843703,73147064,72873410,78091405,79565662,72562714,72714806,76451173,76279994,72194154,73873847,71066403,71361925,74614323,78225070,76807576,68648198,75751099,76375986,81783880,74174903,76544244,70631599,71746810,75289316,68618428,78169131,76060012,71572903,71130425,73325444,75765938,72407975,73317467,77561713,68475317,75248180,75837957,71880230,75684284,66997793,77786151,74853908,76528043,74053762,73985920,74375405,75817122,73499754,74203403,75555256,74770775,72251631,72824192,66563729,75416837,71949718,73888509,75280990,75527439,73089127,76349787,70726194,74566886,73787136,73970443,73680973,71253228,77984054,69530894,76367362,75307980,75275395,74466475,83605841,78272847,71521823,73960123,69586186,72251651,72264577,71314189,80697678,75770979,76318005,74031324,72635181,73407450,73697410,75762994,77373914,73489808,71829838,73203978,72840943,75222477,73617573,69912564,71566099,74689729,72156266,72636529,73861105,71167143,70994538,77024993,75393451,72097379,71685677,73023718,74941831,74522427,71230762,69603573,73234447,74554637,71983568,72913405,77295256,72524750,76891640,76753443,72887723,73513729,73975270,72407175,75698252,71195672,75599406,71755888,73033572,74763291,70262841,73846433,75538657,74263314,76658128,74406101,78582788,74811154,71918950,75106730,68107569,70764157,70429208,76100629,74540809,75788493,77307290,75970632,76884616,79535240,72244399
71486886,74536178,77298399,70605182,77546985,76797398,72876380,75720428,78871397,77447917,73198597,71434477,75683304,71630196,70385723,70578703,70147430,76527896,79371269,71840118,74272550,75563518,74640234,71462431,74073245,77415934,82586646,73995256,70611862,69998008,75015603,73688824,74765429,70894218,75371313,76361653,69392109,75524389,72928488,72391879,74772583,69653057,77673988,71401572,74675538,69763681,77476775,69681196,73849332,73931611,73395652,72028910,77114480,73871796,70877512,72316086,75609315,70683885,75502311,74550444,73851825,78459788,73958720,71589154,77955197,74988915,69540612,78487246,67085390,75107372,71649622,73551423,74164311,70904802,72302120,73709368,75301608,77640241,63643469,69558185,77002524,69056334,72109259,75611831,73989279,72552657,79884640,79141566,74620899,73049278,81541881,76555560,75144838,77528072,67846770,76234958,72377460,80884497,74998478,78496222,79017799,78019833,76458126,70892610,72749893,73977500,74982038,74405055,71752030,77136250,77112895,75043945,76741890,75992102,71996883,71879891,77776674,68413833,75038210,76860304,74693869,69794719,71715127,74066726,70573943,72471576,74702783,75871804,70508662,71193918,68448738,68384675,74198599,73879475,70520207,74922635,73717280,76953367,74888874,80577425,72592381,72117078,68127771,73081237,74009979,73657520,73520540,72333069,72353989,74616096,76616340,76630065,75834247,68483748,74205817,74602163,71313478,72833735,69521193,72013613,75786829,75901693,76303286,72889888,78842546,77587148,78412105,77034086,76485654,72052700,74981564,72938766,72927611,75932087,76134724,71136447,72143515,70262461,76989467,72541460,75831328,74890443,71294142,72282029,74508053,71167695,75204429,68687936,75931914,75636061,73880470,76002956,72079182,77066656,75647515,75316125,74572349,75556094,75862877,72261863,71895047,66793397,76109423,77437389,75546663,74792589,77587548,71841715,73446338,71979606,71266790,75483695,71907589,75457246,75690166,79330426,69536496,73685227,74623525,74262750,75611522,78882484,77204365,68203832,72314416,71901137,72493790,74412626,68768959,81325544,75080013,75685644,72520522,72456295,72526397,76766275,79801319,75383814,74976961,69138025,74124848,75331047,73665354,71783777,70069624,72561240,72231099,73412453,72241105,72304063,72569817,72171749,77462248,75007103,74470693,71076986,73769849,76434688,76522156,73308284,72335987,77551523,76965672,72376074,71560681,74874166,72581479,76078273,73587926,73508177,72859321,75294792,76598241,76382852,71132224,77091529,67631224,73092527,74228674,70912451,75690975,75171777,76764080,77422756,74325935,77547018,76087869,70584775,77162260,67894910,75196228,74308553,77049202,77218988,77282304,75861058,77065469,77756030,81768092,71304543
79609185,83703473,80387029,78979360,85341515,79254408,80791059,78188860,80966703,86450751,78618034,79302944,79457841,75105658,74751257,73471985,77212571,79962236,82273793,80437359,82067476,82464007,81113447,80269733,82443768,80517114,90172482,81874049,77753612,80705511,84937148,79083033,83594775,80425158,76254856,80888121,77820783,75784057,78187719,74974968,80828174,76045298,82152197,77250937,78181705,78379517,78943624,76112938,79249882,82204236,78262241,77708225,86713388,77265039,79119213,82829947,83456463,78194474,83193355,77425095,83382931,82698728,78133752,79147099,82950649,81865808,79798539,84923006,75768592,79666745,79100833,79315977,80641818,78508914,80387720,78565905,83651912,82362612,73119851,73356810,84651479,73643233,77937212,78341446,81132298,81302756,83949248,84296811,78809955,78343175,91573496,84469771,81284182,84387188,77960900,80849115,79685059,84706118,83114973,83297972,85585529,85473126,83692576,78735400,76963334,80096638,80478224,81826231,78020965,83282007,81356684,80036801,81604128,82134632,79893593,78300014,81463877,74824564,83162291,83868752,81197444,76482029,77520051,81206509,78912844,77610069,78724356,78801404,75734694,77103110,72738440,76666672,79874751,76665088,77357411,77515856,78884566,85470847,85014491,86418958,80768136,77279168,73598285,75405528,79261815,80093088,82126233,77276210,75410290,77959547,83890753,82224502,78398929,76450967,80514269,82988925,76607862,76176753,76355782,76901355,82060883,81682229,83987148,76082757,86762648,84547988,85310826,81581655,79375296,80044474,79783806,79568361,75070563,81352510,81729141,77147818,78993997,77079973,78539346,76799723,82719992,82247710,75377583,76934066,81111102,79420773,80658027,75561482,84391148,79156029,81425471,81141686,76352286,81609117,82417539,80091250,81568196,82549557,79379010,81820812,78883633,76017766,81363844,81372940,82505508,79396057,80994195,82352592,79182824,79772092,82375150,80377594,80447166,83227006,79553160,84893958,73282684,79599413,80015215,80181711,82049337,88763439,83439692,77355095,79005944,74517632,79807195,80423398,77124104,89656699,84448905,79210196,80826530,76583675,79713712,80304496,84058934,80261326,84454097,77313743,80084188,80795082,80072047,79999459,76843164,79350720,78631864,76788672,76850969,82090021,76134548,77630192,83234030,81210956,78741058,75694861,78511448,80857228,81842544,77228721,75612072,80130555,84810177,80917184,78708269,81680335,80280962,85849810,79437209,78220011,76818601,77933055,84886411,82151094,76663222,80645511,77734405,80879817,79819144,78557282,83721144,80223515,78753623,85901715,80727376,84044036,80264693,75766700,82203764,72007108,82003987,75470367,83464741,81418896,83568293,84345100,83649006,82797519,85275050,77550975
73910080,77200153,80797262,75147766,79336107,79933792,74662918,79020491,80282532,81320630,76747037,75163620,80056058,72466635,71861729,73539604,76308752,78323318,80980827,77795987,81908175,82149858,77322456,76971821,77969312,79508353,87846763,78652232,75893294,74121937,79038689,75526825,80448775,76082537,78133076,77361912,75963704,79293521,76148851,75413477,79817308,74810743,78651412,72707449,77194584,76099587,79816714,73090459,74796339,79513312,75887039,76704968,79929327,75128963,77476909,81466796,80131344,76187182,82577257,76003427,76511443,80164177,77129687,74710965,76472652,81057912,74503050,80769800,69753956,77832476,77679264,79987137,78564992,71935349,76591825,77311674,78781139,80604056,73782218,72082186,79856861,75115318,79506372,79303806,77973592,78257956,82833015,81463285,79424541,76617291,87930495,80841702,79706769,85186487,75130300,80030838,76711799,82575236,78735754,81825449,81452730,80315947,77500748,73420131,76695374,77089761,76818481,78818995,72014304,81392948,78861211,80586048,78562394,80035679,76433020,74578972,80728439,70844884,79691544,80044280,79837692,73828414,73413465,78714334,71750085,78383273,79110859,79878984,76072435,75643370,75448622,75398916,78433657,76233303,71950569,77686498,81653378,84028785,81158785,83977543,78870373,75266181,75389725,76588929,80209923,75369439,79651157,78807310,74335804,75538468,82237582,81448702,75433043,78071850,77420211,78683409,73229908,77334164,72578066,74410401,80053862,80231394,77306923,76546308,80497667,79073765,81706570,77792277,77614627,73120245,77605622,78534323,76338061,76748682,81388547,75661020,75847018,76220540,77874548,76139701,80400190,80662163,70398498,78137257,78427420,76450268,80097346,73606784,81710621,75057062,78974044,79635612,78231181,79205232,83436894,78805752,76925993,80688672,77919453,72919771,80140215,72882254,79192329,78673990,79029451,76814727,81361692,79146517,78236275,77131183,76069488,77844739,77612530,80279456,79509978,81866298,73412907,78256964,79706555,77082319,81115983,84999696,84872165,73681082,76541318,73804486,75083847,78326862,74499681,81971069,83494909,80914628,76902794,77584589,75758658,82293704,83355126,80437404,81071515,75220858,81254261,82478405,79627431,76847771,74214681,76778411,77839197,77112272,73351889,79698115,75385385,76523096,81447187,78155284,75775730,74865997,79593606,79437922,79094160,74524205,75171725,77021833,81114841,78624477,77370662,78294324,79854342,80424713,78055545,78566085,75600871,76456653,79817931,81641463,72635218,78974155,73780480,76625177,77753217,75355837,77192920,82657732,78197113,79084797,78325917,82977671,81392205,75886978,79287068,73674530,79248770,76381602,83280604,80780797,78998425,78995208,80551751,80399413,84858653,76171405
72099662,75539882,72465969,72803906,78257877,77410173,69984142,75641132,76295783,77462973,73767139,71208483,76890776,70338974,70123420,70579558,69471623,75170391,77535832,73160009,78165750,76457547,73406377,72256801,74896417,76636492,85238191,74876255,73111822,70155339,77378793,74906024,73395397,72341595,72083462,73992277,73749738,73542092,72449867,72473426,76264269,71479436,76032476,71237342,72725905,74299603,77147368,73990586,71310299,78260297,73186553,75075918,76930894,73207219,72543982,76001636,76801278,70299411,74071471,73458189,76643292,78650070,75785740,72283487,75844387,78070144,74542789,77857244,69082263,74732634,74512206,76419518,76692542,69191152,76595533,73234647,77535064,76469550,67816699,70491745,77254180,71145509,72177508,75661611,74077487,75568609,81221290,75158313,73923956,75448984,81340646,76515479,74893040,78576477,72057365,74507003,73341337,77720214,74948549,75924825,78359809,75500875,74188595,71597312,72508365,75719681,76480228,75037630,71521744,76238041,74686513,75971653,76273684,78138334,71679846,74193394,75873083,70499096,78074554,75961508,74624060,72767024,73758379,75597204,69463724,74828575,76432173,70782531,71350487,70925797,71373586,72168409,74945847,73669671,71128203,73614280,74810190,77606103,76003189,82020308,75563372,75831335,70431301,73873886,74538263,74243586,75413909,74645897,71954195,71017865,78891279,76356963,74722375,70488047,74785923,75764093,72016760,72273944,69922033,73058746,73309183,76300932,77902868,73182421,78491340,75581827,78424336,77638029,75393554,70297159,76899474,73508693,70073129,75955182,76062322,69744415,71350725,72988122,75419353,70867408,76097426,77972015,72075043,71840578,74673359,73932091,76454730,70461233,74957200,75184254,71726067,75230181,71445549,76627644,74740252,75785353,76062113,74618099,76807017,74334277,73626262,70217065,78080543,77499580,75035870,76744138,76679732,71944107,75341257,73758874,74717407,74833313,75591298,76519158,74021949,80079043,68306647,73304702,76856557,74841998,75657004,81118703,78938933,72535473,75198439,69598705,72975742,74287459,70140481,81306525,79737642,78030280,72525671,75150152,75644862,77442019,78321175,74766037,73456314,71172887,73814148,76045129,73770172,77222533,72398435,74275002,70566985,73911396,71221358,74897577,71187732,72795956,78899546,74739159,72396167,74945775,74692048,70986879,76133710,69751757,69565250,75738020,76071701,74119558,70288128,77792772,73954942,76074032,76155264,73821165,72439096,75559897,76489476,77902362,71105433,74427275,70755910,75698997,74714771,71335242,76060955,76597785,74209395,77205554,71681980,77181188,73399682,70952617,76443371,68627853,75238805,73020040,77469015,76540774,74657296,78317409,77511081,76714044,80363795,71859386
81828767,81540154,81494171,77254042,83465058,80191989,82297182,81046399,84087255,86006272,76631434,79560811,83226400,77191951,78093990,77503889,77631373,81600671,82626267,76347472,84909947,83709753,79521080,77992919,82915934,83124643,89774640,83156857,77060640,78555054,80887196,79837760,82100813,82069171,79077369,81117708,77518747,81123052,82610507,76414880,82523208,75179272,80937938,77846553,79731108,78515244,82841202,75275924,79543439,82930077,80344952,78394513,82466774,81114122,78856407,83266054,81062877,77798383,81861333,77310100,82063071,85355031,77935731,77238157,84961186,81857514,77843791,83995943,75599354,83541393,77273344,82063639,83375263,75609921,79006691,80071438,82921965,85470417,74425983,77273188,83038129,76446771,81279567,80856186,83014465,81073655,86611366,85204466,81327305,82466365,90231267,84511284,79911569,86476517,78062052,81475934,79645575,86027719,81891992,87304075,87164352,87147236,82520524,77235201,80239688,80377591,82183789,83318834,79509904,85845624,85042840,81494460,84169871,81001696,76563041,80454406,84803915,73529271,82929885,81629296,80446542,79822557,80863389,80445642,76501920,79945857,79748982,81564338,80241370,80498599,76161985,74752855,85316392,78718673,76682000,80539695,83179913,87678714,84764382,85994374,81268613,78669325,77288739,79314065,80054077,78899117,82152785,77310243,77074929,78660871,83330296,84222480,81337451,78786352,81509580,82068264,80287354,79127856,78907558,80279446,82965878,82121552,81781949,81945187,83833108,86927035,84702633,80806139,82136758,81942855,82997025,79738640,78685532,82718803,86134720,75959066,80983928,79533197,80215220,79060921,85990717,84717308,76939388,77546441,82353957,83021299,81070224,77151347,84316804,80698231,82939650,81875997,80502950,82357963,83781015,80350399,80325884,83242087,82089808,80745117,80802571,75957362,84927790,81496912,82730386,82689205,82648485,82060093,81053933,78586728,80971055,78480136,80811394,80164246,82687633,85709782,77434944,80350300,81293774,82543179,83425515,90693758,87492619,77944231,80039903,76701828,79177064,79148612,78573055,89428941,88187419,84895948,80888491,79409609,78370381,85111351,87141303,83012277,84085187,79094507,82426695,81277277,80894342,82177461,76201289,81665891,78089839,80473724,77197797,80950422,80917346,80999749,83691865,82735863,81874801,78345148,80130379,80522961,81853144,78384822,74427350,82427028,86517572,77804571,80188000,81784943,81273961,83427973,80026860,78264033,77417097,82409225,82679072,84859291,76523060,80034116,75441733,77657268,83569394,79677081,81805721,80961261,80703945,86569820,81297426,86034326,83022817,77813104,80967867,75998297,81445803,75728062,82315742,80696060,82654013,82617452,83227892,83341173,88563301,74171093
76544524,72452137,74955140,73952681,77978477,74040413,71573592,73997932,73744560,79056884,74148046,73747221,75627758,68547117,70260174,69683938,72112045,77978900,82464313,72525273,78490959,78296522,72622805,73418426,72648276,80422797,83380206,76593929,73093996,71629276,77020322,74151506,73848123,73458011,77260329,75576744,74756296,73110138,72783626,69550385,76907420,72671306,77897832,71556547,73200058,74747930,75506289,70328451,71315381,77835634,77578418,72046972,78962721,72506752,73921282,77356015,77731456,70982321,76193983,73373289,73649020,79246594,73807942,73955407,78177080,76848919,75590152,80066691,71236747,77094030,72341991,76512336,76652907,68516052,74540327,73954559,77132392,77433941,66412719,69123258,77224374,71199647,76076674,75948414,73244136,79538283,82398523,76027344,76113727,73403559,82302763,73330539,76934949,80283251,71016241,75770403,69875890,80091983,75608316,76380285,77563407,79225909,72621753,69864337,73036342,74880591,76870130,76646555,73472666,77549344,76795681,75667711,77522769,76281619,74433299,74803537,76594362,69967863,80142917,78371228,76574507,73253139,71828549,76150517,70903961,77403718,74274487,74899609,70077072,71713478,68317043,73402552,75741052,73636834,73302602,74032479,73320022,81838243,79956288,82786367,76104452,72932871,73819552,74806483,75079340,73875384,72796202,73425182,73272124,71377893,78501148,78886615,73504361,71053697,75322083,76254926,71808361,74669918,72458597,72134625,74796620,75655256,77642645,71937596,76635707,79789539,80106609,76630926,77016667,75791696,75004967,75777863,71169735,73011823,77771400,70194553,74942394,74728468,72292325,73462484,74455249,75359793,69998673,72560067,76694146,76083501,75309027,69313220,78150303,75433265,76295930,76152842,72478739,75356884,75667254,77994479,77232134,79008644,76535367,75057382,75165710,70740893,77978066,76111092,75440598,75915337,76369055,72385014,75778447,75541330,73292467,71540448,74810204,78037518,74946918,80341640,72293056,73212063,77610976,74953401,75131781,85733467,79719629,72361829,73019521,70142063,71935552,72649056,73205504,83131195,78578742,78159983,73928018,74832969,77170540,76870336,79881938,79659271,77771756,72892091,77802831,75739685,75885448,74879309,72858354,74606900,75107925,74332089,72298969,76916972,72435999,73456291,79264588,78246246,72222122,71187205,77514382,75919280,77758936,73430940,71164246,74308015,79404974,76388978,71171671,75759917,77735115,76591064,74868333,76395468,74845482,76260434,76337674,79257012,68405462,79663838,72562496,73238288,76504652,73708322,77189028,75117872,75675584,77754284,75627666,78811961,77194701,74548984,77379483,70047588,76033625,73759733,79042536,76498687,78179080,76884437,77268520,77926902,80617944,71492603
76650325,76136325,73827890,71596142,79557959,76864569,74403006,73927590,76055374,82027527,73148822,72778788,78592774,72094386,70495257,72197316,76082592,75177781,76147972,73122823,77409197,75671947,73068527,73561264,73710902,77568805,84216248,74753103,70330254,71326540,77805974,74980817,74869943,75821988,74929029,75078634,75094690,75162886,74777506,72527712,76855485,72198422,74061762,71838333,77361308,73925767,77184801,71186810,72619216,78426014,73302000,71167532,78142327,72484838,74566254,74846056,76945770,73758531,74517922,69290876,73859327,77592930,70247121,73992313,79666433,77123139,71956492,77883507,72167210,75119400,72606894,77583877,75090200,68696363,75540403,74712872,78433600,78972672,68906878,69174726,78135143,66603419,72775096,74254214,73987219,77846700,80678112,82703363,73558890,75815538,83022886,74791892,74846124,79961941,72149163,75508383,72575320,81039577,73833801,78079138,81145386,78921272,73450439,71783418,74876795,71465940,75681033,75307656,74466409,75699849,78198776,75318926,77143206,76552019,71611045,76328714,79522989,68563327,79275434,77653208,75437775,70439134,75476225,73994771,72170259,74158189,77086402,74856550,71008703,71477021,70940131,73728318,76895580,74922040,73531982,74240492,78320220,79025003,77942810,82855207,74755759,73393429,71598118,74634372,75404701,75283358,76710352,72339030,76493416,69863338,81544362,80061938,73207173,73979836,75489399,79439879,73619779,72562448,75539125,73949030,76449287,78115284,79962076,74061596,76656612,80464110,84136639,77077194,78266991,73700776,75995324,76550085,71582098,79203267,76073600,70880191,74082466,74490967,76535686,71502079,76807514,74895781,63998856,72259241,76811134,75684323,77633448,71172903,80605191,78485024,78676898,75935026,74691800,76611881,78819676,75917000,73928204,76704281,76715863,75912469,75412784,71295950,79305140,74627357,74258566,75147286,75820448,74288345,74697413,75412641,72467688,75565112,74692321,74448666,74841093,80529815,69358316,72633424,74726937,76272876,73098512,82853076,77904441,71497824,74105460,70274632,75175656,71012677,69627470,82180616,77983918,79344382,76536090,72781427,73804125,79756210,77178319,74457637,78066172,72371821,77671202,74848533,73885189,76572623,72986981,74244871,75409534,73505315,75913457,75968227,70607297,69564375,76743545,77624521,74308424,75144440,75865961,76763096,78729089,73052331,70285977,75125924,77777066,75199841,72227895,77225877,76505820,79008268,79015332,72111353,74631845,75691914,77476592,79088851,71043379,77759842,74160811,73722236,74889990,73242763,78467631,76361221,74379011,77618172,73264082,78493415,76391262,71859456,72616839,70086080,73715701,73163889,79621334,74843213,78349479,77815346,76897943,78844696,80782502,68671975
75269922,74449944,74685204,75420553,79882228,78336650,77112164,72834911,77793895,79125593,73919935,72588458,79327040,73216592,70973303,70657976,72927895,75533881,82523624,73180114,80575326,78203295,76005232,75792941,78718443,78661577,88173657,76221416,73211043,73596167,79301730,72725623,78355494,74241515,76821125,77101953,76081516,77282988,73730498,71434739,78205329,72657792,81030247,73335642,76591284,72664145,79631780,73098610,72965722,79613175,77062816,74964461,75933840,74820822,74868010,76351221,77606953,74224257,78354186,78043903,75351747,81170325,75883060,75178713,78837612,78558513,74863806,81855426,69193555,78164929,74931481,78438763,76914510,69437476,74646754,76671768,77358220,77904513,68927955,70826716,77084119,72309068,74745719,74953551,79007508,79278651,81792674,81448221,77462327,73172735,82830814,76167288,76660447,81199789,70893297,79241264,74688716,80973636,78780293,81247865,79830516,79868720,79694974,74939442,76157148,75958672,79891211,79291633,73906003,81211136,76365806,76903010,77866793,79970411,74420987,76884717,79185349,71769205,80632376,79095303,79547179,76000686,74905871,78854739,73147181,74852887,78571119,76961907,73837072,75164923,70875068,72772298,80989846,78626995,74272790,75766591,75056857,83543963,80320258,81179906,75212533,73504429,73368157,75277314,77316454,75602483,77443199,73001148,73050468,75225900,79720751,79912861,78715543,72154185,78096829,76927186,74565896,76512324,71756477,73684744,79247841,77660298,79417940,76161969,77998120,79087533,79218325,77200540,75965040,76222472,75794279,74896340,73546753,77713283,80693646,72485278,76775786,71230369,75341157,72728011,77297295,79715901,72556193,73036327,75864847,75764749,77559154,70608373,79186967,75354414,77588569,78030374,74348335,75919396,79147290,79465680,76295890,77104369,76739108,75534694,75030912,71216805,80875796,77315454,76625468,76249264,78523447,75787285,75955502,77218534,76800511,73552383,73431612,75266269,77925168,82839642,74310797,76378914,77124818,78407716,78854485,85546502,81255888,73985673,75671437,72223604,71270658,73892104,72036979,83678552,78828830,80005768,71249802,77537189,77638830,78462878,81377534,77759280,77394502,73424106,77044509,77662487,78575377,79469388,71440690,76572198,73259269,77149636,76181425,77538623,71252570,73547785,82054256,79214011,72772915,75481057,75241953,77271079,77708078,74935836,71875282,77112279,80615077,75627153,74819059,76537492,74206742,78274064,78457114,74119087,71232727,77034141,78771444,79381050,72282598,79103587,72342067,73518975,78197032,76071925,78010345,77715044,75295879,80273586,79927806,80940057,81426815,72779174,76258476,69395231,76473602,73835634,80839961,75488997,78729775,78444039,80021793,78770222,82932946,70795514
76082188,77276014,73909326,74152272,79721621,79366179,75176761,77896500,79612342,82955619,76599605,73378168,78230741,71326159,72793923,74679123,73356003,74070483,79633980,77007568,80623720,79099663,76082326,74547581,75856466,77412641,87184707,78464609,75883274,71641134,80091705,74644285,77005013,75150239,77817367,77530719,78735332,76062881,73867454,72047389,79014880,74111287,79061379,74512083,73472460,74709965,77707513,75774119,71174619,75929534,74046157,73535464,77147412,74228645,76307781,78165658,79723272,75797095,76246671,75697983,78100696,80588634,75312269,72938103,79116504,77538880,74481582,81848605,71502966,77701576,73936942,76529823,77830026,71875885,73544090,75683297,79578603,78810725,67783695,72864574,81476780,69589384,75847301,76183198,74549231,79505551,80112587,80162982,76808774,75893310,82353109,77967080,78300233,79780072,74765835,77436253,75959255,81778478,78499727,79143063,83471057,78158775,76711688,74288759,76017973,78407505,75338404,77874988,74780812,80048961,78239045,77053190,78218633,78877157,76433177,75867676,76740215,69573166,79850786,78813098,76495134,72779098,76162176,78065044,73807553,75607786,76944827,75971133,74214893,73110482,71560404,73226376,79907371,73561808,74403945,75692324,75944955,83269819,80442884,82889060,77818141,75096908,74973085,74910784,76994150,75911532,75974996,75487245,78352438,74924254,79363685,80666859,75308687,74646398,78874805,79581969,72606521,74000250,73545458,71818945,79563369,80760968,78615306,73203774,80285409,82285701,83243059,75418254,78260931,75864168,76625294,78647418,71543919,77224614,79451156,73099276,77326643,77964937,76410693,73099749,78238182,78727773,70587001,72633270,77070091,75167778,77915221,71021102,81702942,73307637,78559364,77417516,76772279,75574255,80261261,75825968,77678895,78695042,79339362,76960115,73156990,73959483,78456336,76928029,78371413,75387049,78150199,76433240,78107658,75642581,75654815,75966135,76364330,78692909,77722570,81920654,70242438,78827956,78545010,75412554,78513193,86861690,81366484,72149945,76548637,73870498,74133797,75393426,71752122,84952085,77575946,78704542,75478652,74648455,77229465,77826508,82118317,79612370,80178745,75537020,78585657,78423318,77961567,76086201,74329463,77662158,74440754,76401837,72695830,76826840,71957605,71741294,82072571,74924197,72134898,76795848,75454380,77218520,77136834,74712773,73560044,75355590,79822407,74209409,71790338,77656515,78601943,78579729,77515545,75271845,76453610,75810929,77163606,82403601,73427494,78173970,75073491,74653446,72353530,74027320,80586753,80706647,77928388,80673003,77738162,79752263,77105091,74395189,76621158,73653595,76127596,74738046,80027341,75634516,77406718,80428337,76047521,79727611,82389092,74274456
71330299,71504106,69276356,68273503,74254838,74352580,69585697,70705263,71584374,74702587,70574826,67521313,72531705,65400726,68887466,65965529,69729133,70914823,76933167,72011467,73344730,72462360,71159629,71312123,70139478,72562010,78621334,71071176,68276770,69727182,73127031,71434709,72389285,70270586,70891779,70340058,66050676,68364063,71951443,65984991,72235885,70393542,72781409,66826344,70204291,69903383,72433969,69062291,70487410,71289917,71135863,70525818,74722525,70572808,68113805,74512816,71971720,70353780,72231859,70284435,74667376,73604826,72000518,69634793,71524674,73292050,68706727,72385126,67276621,72653629,69513687,74658158,73997862,68693781,70072700,71357772,74759970,73868902,63055080,65050603,75323517,67976853,72175762,71707523,72554747,72755514,77222391,75524057,72232346,71775739,78694181,71366022,71755066,77630652,67683335,71690880,70371848,76156353,71228599,73860980,74534233,74205545,73816942,68928131,69478078,70176168,73741575,74020594,70661978,74133618,70491600,72815396,72270754,70410932,67405157,69571829,73698228,67544993,72671821,72519550,72666823,65252402,65790794,70981273,66250636,69798438,70421142,70554069,68343817,68749729,68517957,70442701,70306426,67651335,69562388,67885386,71156106,76272424,74104875,77241105,70537480,69069877,69003046,70220743,70584779,68974361,68200597,68984911,67726947,67440302,76121144,73573078,71110342,68601697,71969214,73287889,67057002,68880320,69866690,67493031,72452346,74368724,73415059,70281068,72511635,73782388,75736077,72078967,71006199,69389248,71387139,69026416,65555470,70860984,75127375,69408241,68992194,70866464,70079364,67257017,74965526,75140022,66583868,65809030,69732716,70576419,73991391,68455184,72492580,71998362,72673298,70966528,70182449,74276512,71812473,72595415,70833818,72064017,71817990,72222484,69320277,66430455,74133979,71165781,73039290,70968163,73547033,71177588,70544088,70795940,70117307,72396009,70284253,71704919,71125847,73724290,68519559,71222591,72667766,70490536,72194082,78181822,75937578,69010139,67957804,67094309,69336802,70509452,69550644,78140113,73632261,71787340,69109572,69018046,70084734,74530790,75946888,72773391,73987385,69623525,69741361,69984330,70963861,68794369,71086824,69377508,72911560,71952211,70013712,72905988,67026357,70275229,75129799,72671630,69162528,67359764,70955605,71978703,71398709,68233382,65722669,70135366,73371747,71279328,69633781,71551616,70350401,74369912,74749152,69465750,66960503,69538499,72615052,73842539,66045874,71731990,65797370,68892883,72418735,68768580,73480890,71067706,68406818,74526216,71098583,76563151,74225490,67385358,71074612,66212934,71689846,67277127,71400139,73072864,73281864,72888576,73216680,71725709,77250705,69960824
71083394,69477124,70442191,69174707,73700608,73888295,69379830,69703456,71021507,72525026,71378390,71221023,70582115,69132687,67569297,67160151,67594123,73521673,75477795,68556520,74615062,74805901,71344056,72059584,70884840,72843080,80528309,72276063,70522475,67942277,73189659,72597659,73221275,70955058,72626756,72693067,68235043,69999182,70898651,67552782,72937903,65578742,71475880,68603784,68003030,71611033,74271488,68415618,69043416,71332819,69154444,71559536,73786398,70484430,69643618,75347093,73381242,66844114,71778676,70971347,71093201,72559469,71105478,71101984,74640952,71544514,69632062,75710809,66656349,72213810,69111809,73599087,73746625,67116844,69313886,70392562,72794561,74139557,65732726,64550034,77872232,65516667,69929907,72383498,71198675,70850047,74938442,75902733,69643235,71204854,77389335,72403953,71652485,72593203,65707411,73378554,69128805,75677536,70067096,75138912,73253309,69856646,72926675,69114770,69137683,70685427,70114058,71415215,70739849,69709331,71909551,71115973,71128924,73675412,69198201,67135208,71960046,67813644,73194627,71968149,69750809,69816401,69046314,72095726,65586705,70015711,71189061,73475559,69168053,67440148,68219188,65471031,71500292,66987261,67608975,68282381,68817392,75749315,76758136,77037669,72491295,69018299,67436115,71949562,72196942,71056060,70329927,66877345,69452950,68423222,75565590,77269399,70716245,69359113,72267764,73344793,68142392,71131545,68101170,67567393,70358074,75088482,70615724,71249293,72322895,73087972,76896373,70872479,72564662,70408274,69780311,71545844,67417804,69358550,69334345,67321197,68136234,70077268,69575244,68510839,73410632,73313185,67047037,69603276,74237836,69887599,72278063,67247753,76801557,69541865,73707587,71818759,69449393,70189556,73791567,71740575,71767673,72992368,72808823,72340515,72191880,68308054,70695922,72685772,71467053,72391423,70940825,69566888,70491804,68049693,70903938,71141492,72128291,73446662,70777783,74402441,66675169,71431767,74262435,70701866,72015037,78421331,74014786,66261530,69544627,68591679,69449660,69816492,68648832,78954636,75594114,73281679,71622667,69323260,69310507,74355336,75421700,75037535,74141167,67719217,69825456,72362515,71741516,74518048,68609064,72067257,71117358,70536957,67389150,69278720,70205769,67716379,76931035,71533325,66191029,70988557,71421558,68747534,73143417,70840104,67890037,71132694,71975803,67909043,69382167,71723788,72140737,72373149,69554022,70907927,73385715,70407415,73580913,75464747,66503451,72400040,69519578,70293559,72475247,69023381,70692890,71153092,74220224,74427425,71517445,76588182,69116354,71006330,69970241,65472753,72297106,68625627,70604916,71252638,74162445,74970894,73751725,73986335,78266298,70388842
72269343,74371992,72882859,72311128,73918958,76290767,68774234,71441818,75405236,74122611,69634792,70986641,73458543,69098547,70642781,68593947,67999394,74289963,75810697,71486625,78052153,74494693,72516491,72154779,73447483,73216247,82927731,72953598,70666430,70961284,74075886,70949608,74385722,69907650,70493132,72073903,70564336,73710706,71252992,68365148,75507754,66296634,74490070,68960954,73813818,72093698,75972648,69634952,68077447,74508177,71859752,71092972,72709043,73025867,71450546,73632802,73844892,71562432,73802586,75327885,71993037,76626443,71282341,69280133,75538894,73166964,69854413,77549438,66412515,72956505,71229250,73421244,76327983,65406420,73307616,70211809,72881869,75441442,66440933,66161559,74793361,69014664,70137219,73061220,73147640,74336291,77672831,76276066,74346061,71643748,78644244,73807274,76101313,79752620,69315955,75894371,69799733,78502260,72677502,74844024,75644922,78353723,71345451,69983441,71961718,73241366,72426625,72384507,67212008,75606070,74716931,72198934,74361690,73217547,68836577,71435789,74413652,65449144,70950770,73416024,73599365,70316796,73415123,71696524,66818408,71476012,71821492,70908427,68924690,70694344,68807350,67818434,74824789,72742413,67613086,71032782,72541856,78045085,72957185,78949084,75523369,70672974,71135682,71134929,75298455,70342384,73011575,72049996,69045491,71190883,78680063,74799633,71733939,69254085,72527060,74325463,70532863,70899697,68924138,71846688,73264977,73775555,74800106,73017427,75427782,75582099,77957831,72822345,73319168,70966856,72471258,71041010,68238237,73477096,75477250,68837071,71598274,71207088,74534245,68632958,73709613,72286007,66750162,71842071,70835399,70247675,75525122,68428666,77753285,70901292,71841184,74567746,70385197,72849157,74213015,73441069,69803842,74100126,71288112,71642541,72312191,67291481,75306794,73552313,73651415,73622083,73480436,71928934,72394547,69793296,71515595,71959988,72489495,73798519,71429665,76321622,68494402,70295616,73830735,73633563,74439212,79571633,76512135,65102566,71208265,68303281,71471182,70947568,66837931,78452810,74908451,75085565,72359256,71165210,71464954,76784777,75852347,73060437,73829211,67276963,72204633,74124984,72932733,71712768,70736270,70191221,71773235,72371406,69760885,72766962,68803200,68969115,74256554,74896596,69354728,70740078,73805380,72527796,73251572,71706852,68593987,72876112,76536827,70650686,71061973,73881601,74821206,76084374,73909352,69506492,68268991,71287396,73209990,74322828,68685660,71341433,69739355,70187012,74504754,71551003,73334482,76640495,72758030,76997871,71969323,75324011,75279905,71373159,71111604,66539697,71575627,67952708,76975535,74038763,74976383,74957327,74038152,75779749,77874740,66466689
73825786,75307798,74144829,72530301,73493698,73313279,72493142,73123958,74244119,78863652,73214648,72334071,77280827,71148566,69511551,71076580,71755655,74434274,80140262,73993857,76637986,74075206,72032450,71988022,73352010,75172055,80681534,76683897,70632595,69595066,77463094,75346114,75345689,73383382,73470177,74873352,72769268,73166572,71997976,69453053,77838086,72271791,74413424,71258286,73221244,72793930,76636933,72715159,71277337,73301075,74275720,71315087,74178917,71088728,70923100,74907906,77620129,74508299,75087981,70469632,74882607,77798293,70113734,71194898,76667061,76276130,70680636,75176311,68775247,75346224,71443480,73659138,74146184,68659815,72540598,72529543,75963118,76934884,69529546,66758786,72955505,70594060,73683331,73926773,76506215,77143093,78683710,80122462,74339445,73141018,81850794,76836740,74017510,77714195,69458170,75671952,72943329,79023995,72379139,79303910,76837324,79185148,76939368,68782325,73992941,75432116,75005635,73705060,71735768,77140434,75261231,69627904,78325128,78244664,69840948,71238001,77099499,66066861,77202547,78502167,75304807,69520078,71354694,75388607,69580310,73224310,76596087,77807044,73046898,71014656,68920691,71429036,75473789,71246555,71382988,71779989,73627229,80470410,77960095,75724742,72665075,70919041,74276718,73602468,75848199,72536154,73676664,71788444,73711389,72062405,78143745,78300690,74939365,75597993,75398405,75925128,70449018,74825156,71733365,71169232,73686568,74901523,76334664,74185136,74752307,78151547,78693370,76130890,76895740,72587403,70224794,74713471,72305647,75071981,74662242,68348637,74013293,74684483,72112061,69635050,74451300,76614015,68807248,68971208,73730649,74862420,77640975,70958340,75990951,71514042,76099944,71910775,72068647,72266920,78406120,72729554,75517497,75037465,74696573,73184300,72717760,70862104,74688200,73966543,77313085,71857866,75697983,71032253,74124971,74039402,71971685,73974615,73797605,75195905,74439688,79959576,68821825,70363427,76262403,77129675,73050734,83394835,76526064,72813614,72805224,71180431,73335278,73223215,69948658,80981240,76392734,76212739,74303813,70294618,74823614,77200953,75018032,74632796,75217594,70666564,76427445,74467684,73500272,72153504,70364811,73640790,74415812,72739983,71171647,73794906,71134710,71828048,77720115,74574384,74303673,71837532,73272607,76396418,76430097,72822068,67588194,75029129,76534380,69723674,72980048,75460414,73909556,77324908,73266445,72399901,72608131,74354000,74082112,78700229,72637029,75001180,71181640,72115086,75700882,74015465,77453925,78517427,74403549,77523339,74203781,77456858,74692848,72631933,73560053,69235137,73551022,71222729,80083253,76508894,76540155,76770167,75083374,76955833,80558780,71407327
72243490,72144719,75644406,74408848,77692612,76868501,74248180,74350069,73918445,74456298,73950866,71562972,73555650,69694783,67865112,69783271,72857024,75099804,80334881,73512812,76444709,76103313,71932240,71048694,72080876,77738146,79425337,73187814,68919100,69505587,74465305,74517593,73058033,73098504,74834763,72035418,70909237,70899715,74540954,72116860,77445696,69366440,73015017,73071830,71156008,72314335,76225385,70453353,70319775,78605606,73296836,72820019,78206678,73384828,73134161,76321206,75478457,71777156,76221429,71300356,75486460,75535070,69944150,71229656,73669982,73165596,69670827,78097202,68947830,74296010,71893837,73964763,75571550,69147932,73687383,70155155,72818839,74407166,66965173,68221974,75542499,68308674,73188658,72965005,72674922,76794205,80976489,78240509,72588577,71219852,80341579,74765890,73451551,76882511,71133604,75683752,71792755,77989704,72753255,76564035,79475630,77857079,77752043,68889583,73945994,74607452,75613359,72401164,72701089,76256340,74498360,74690689,75659627,74568519,71792170,71583599,78072256,69443320,77039362,75644408,75770715,73266423,74760428,74485618,68034616,73563612,74428611,74608436,69129189,70118480,70353951,68879940,73089804,71146131,72847675,70780867,75317678,77393065,80169939,80847043,74674413,70992253,72777078,73544038,73408394,74817495,74185759,70809963,69820494,70016742,77680337,76257784,71935153,72596163,75174826,74811901,72896917,68518343,72068417,71298143,72737298,75083204,75782408,74924164,76249092,75769072,77662329,74475531,74650113,71407680,73561032,72782559,71927008,72596319,74236021,70155322,72731761,71178178,69946475,74325898,73151510,77331786,70323773,67498824,73292060,75905713,74908516,69306027,75736086,70696289,73301457,74751073,72317403,73065800,77090397,73298803,75767682,75192496,75152452,74280626,73243900,71281780,75609189,72904131,74098747,74462962,74029495,73633688,72849745,76320322,72617805,73249712,73995577,75511072,71640649,77425751,71334706,73049306,74718656,74065871,74780905,82594957,76675883,70356254,73725744,67824598,69505761,72520653,70184095,81378799,75825837,74934371,74301436,74149002,76953914,73394675,80002549,73866793,76802169,68953315,71243058,76453857,74083964,73893486,70268630,71176063,73604288,70652530,70619304,75127542,72142525,72377691,79815701,76598805,70914821,70878407,72333971,70570655,75058901,71617875,68963518,72649722,75322389,72590907,69382197,74718017,73132673,78791770,74320887,71256532,73633240,72455507,75391822,76440440,70444051,76540965,71357386,73716476,75911719,69970649,73367296,77315589,73131543,77026762,75870346,76720208,75052453,71214326,74714344,65907104,73542563,70702540,73832520,75190281,73570696,74833874,76246736,77355522,80154877,72857222
72498027,71799662,72567902,71393860,75764662,75302366,68034947,70004634,72277939,76045704,71705548,73735929,73582315,67187606,70318813,69992286,70060443,73852704,75045218,71364545,75675248,75910030,72771559,74132978,72620706,73926731,83482044,74217530,73631901,70680348,73596181,72322087,74024092,71867528,72654569,72014769,72060700,70071231,71314346,69494446,75222293,69620332,75005575,68214053,71039585,71277635,76313632,72338294,68369142,73027935,70223178,70047119,72457771,71067308,69960888,73602185,75364973,70496814,73579309,72381434,71253597,76664416,70264354,71905852,76070040,73109312,70470660,75188249,68448468,73412485,68924317,76058705,75187880,65998425,73288919,70371111,74852335,77326229,66456766,67188597,76768060,67974637,70824689,73049207,69222810,74228725,73785666,76183730,69602087,70649856,79294958,74335022,74870350,78475215,68703853,73901168,69776185,78526182,71830419,76885168,74929982,76617885,72021327,68741311,69417170,73051506,72227040,74321599,70227327,73485337,75296553,73542041,73160157,74584683,71179407,70619368,75158180,67693796,74065078,75273453,71749063,69362685,71428034,72055257,68012977,73375648,74251380,71543649,68769553,68010335,66902553,69160684,73092986,71586064,68576932,70348263,72763902,74855844,73895543,78356742,74449848,72762107,67534852,71290839,71510873,70942368,71944326,71307241,69796433,69322884,75903430,75192867,70116245,70611891,74555942,73965561,72435639,71090075,69566617,70147031,74193535,75701973,74541322,70205154,72977744,75762608,77751710,74129205,72965671,72064716,73797263,71975284,66691295,73856433,75179805,68908135,69343939,70101966,74444776,68658024,76576386,76526636,67310232,69121820,71424015,72775540,74362658,71005032,76164478,71978806,72843823,74861622,70792813,71886195,76762179,72177177,72062510,72994533,70907365,73821407,70287836,70146578,73730665,74165441,73314359,74459547,73857652,73356831,72755712,71297008,68540788,72218740,72428378,72999727,71369922,76525855,68819184,70027414,76684573,73168621,74561930,80213540,72881419,67301173,70125548,66498387,69244796,70779686,68470724,81157594,74728920,75687857,70970624,70685379,73404277,77405932,73886497,73397571,73174175,67384046,73240196,74123651,75988944,72741107,70289320,69364179,70390647,71537683,70731901,71157597,68564956,68073558,73831026,75917239,70555625,70637813,69525580,72614744,75214958,71180611,69584654,72989165,75287595,72196559,67917784,73171491,74242709,77340441,75771401,69559707,70537591,70540896,75320004,75410360,68390509,74024050,69643902,74420826,73664197,68946450,74784183,73669030,73254937,77046703,72989431,75739841,75005928,70334657,74194701,66493433,73301568,71083817,76227224,73635821,75298874,74903315,72551354,73829494,76389456,68191857
75049248,75116155,76724509,76079961,77521917,79931575,74468920,74757210,77332660,81943223,74813500,76767600,76165672,73053220,74395819,73613063,71165292,75177106,81643007,76367845,80096857,79470187,74581357,75313131,75621743,76393577,84981759,77492900,74434259,74797282,76890282,77714323,75775369,74143982,78419857,76737760,71485887,74217694,75250710,70771538,80132741,71693712,77843023,72380153,76156249,76968751,79828021,75682849,72602022,76800127,78242514,76143304,75973635,74044977,71710952,75127207,81681742,74763697,77469117,76614218,78375016,80128583,75230494,74064100,77059304,76979415,72799927,79889649,73074594,74442862,73215984,77627452,79535449,71899717,75069214,72786031,77788884,78401199,69588139,71203982,76821879,68768295,75182853,77007878,72725017,77421590,80870762,79669073,75195809,73471593,81340411,76928926,77188189,80212773,73740056,76324840,76179731,81059453,72926249,78190619,79738699,81497638,74865501,74750883,75338023,72262481,77792471,79059376,72397423,77692899,79816413,76741892,77045876,77936168,74559220,73202270,77604523,70383451,79577150,75902009,77794019,73012856,72761881,77544242,70013727,76685063,74803236,78654212,70768488,73650919,70822004,72009567,76267704,76059589,73637522,72370215,77385288,79806237,80666869,81674732,75947774,72518571,70848910,75660159,76779967,76437914,72080966,74739838,73849103,72252002,79915812,77684923,73550917,75749788,77137033,79099387,73390421,73831416,73522774,71609092,78343977,77412516,77975231,76541091,77086296,78675230,79536961,77674900,77194933,74519140,74268541,71838155,74164589,74816471,77637208,71788576,74641217,73821145,75663985,71428901,75019787,76144553,71426121,73686847,75357263,75940130,77392973,71923335,79455487,76037435,75406469,76303832,76509458,75050635,75376747,77096368,78327268,75509411,76299145,76217475,73612483,71967140,75501425,76219366,76520508,74332361,76718019,72725400,74633883,75009364,78021821,74077216,73186529,78010464,75062365,81176700,69075748,75125372,77624699,78188884,77883732,84372523,77159845,73511181,75706151,73179308,75814476,73236722,71127453,84044060,78305143,77131448,73657121,70904258,74525700,78373589,79108011,75882627,76417018,74093255,75925507,76098313,75590667,75057141,73822599,75174994,74973348,74327044,70937774,77652574,71419057,72728394,79978328,78946083,73251325,76490570,75761104,73408579,75411946,74900612,70505183,74472398,79105070,73622663,73131106,73740637,77458265,77578653,76848229,74435277,74297718,75186011,76417135,79934842,71888287,75535268,71435210,75190147,78713767,71088644,78477139,78408226,74558299,77550831,74588609,78772233,75026839,72886596,76423745,68614606,76790883,73378198,79239519,75742540,77160580,75392553,77464756,81093516,83702344,75562634
73160434,72629214,74060416,70930441,76652860,75886215,68862897,72845184,75557188,77255848,71214598,68994795,73104540,71157030,68715657,70379400,68395558,72037197,77562002,70200403,78063612,73438358,71588307,71400780,73455823,74720149,85363270,73840020,71033997,68945174,77015131,71687844,75070271,71804067,73772421,75133762,72214432,71115653,71591082,72354085,74207416,69962189,73338727,71613833,73201700,72674363,74540248,69484603,71389159,73245527,73404782,73467358,75420405,70033812,73151511,74619608,74257864,73182281,72937307,70225736,73676986,76834455,71344830,69245198,76612554,74900990,70053965,76780509,69987727,74254403,72402285,74716985,72024781,70449690,76882806,75829630,75661060,76875533,66607647,68592287,75610907,69185458,71684482,73108372,74771491,74086863,80901806,76771027,74921716,72991817,82800188,75124991,76511981,78904568,68768108,74882620,69584798,81170292,71969345,76127502,74298079,77495619,72207697,70123697,71663821,74986396,74743621,75558004,70272873,74929985,75735119,73231667,74870548,77956114,68375566,73951878,74370289,65657815,78798308,74807831,73662761,71864974,70847741,71346268,71844239,70759072,74999563,71057211,69126261,68994759,67555445,69477533,72887717,73472219,68520297,73364133,74581305,75648476,76343403,80391321,75755872,71913004,69660573,72749291,76909949,72985550,74280434,71821200,74028133,71768413,75105400,77716150,72145070,70659021,72210521,76280694,71886057,72830267,72255988,71029062,74028864,76139761,76726797,73187159,75850852,75154473,79089770,75432217,76339757,68515874,73559031,72367724,71054923,72565431,77423368,68387507,72023339,72848601,71945020,69659828,76026500,75951287,67323406,70971937,73117357,72588548,75127591,68032674,75284939,72560111,74327662,71819388,74051938,73888336,74878526,74798970,72724463,77625388,74555962,75211519,72873523,69546687,74245054,74709017,76198761,72647722,77691468,73732352,71282475,74200058,72416887,73727306,72198500,74557028,73467780,77500777,68214773,75466613,76173634,73280224,77053493,82797275,79985348,69441113,73320793,67527738,69839661,73322236,69660410,81348243,75819588,73866455,72649986,73649249,73417410,75553242,77073479,72996732,74579439,69584557,74100588,75502463,74514689,74304117,69893933,71557995,71473087,68953511,73462088,77156443,73205741,69251074,77266309,73735485,71054337,71363121,72770534,71984580,75684818,69720381,69201267,75332100,76768368,73011253,72974730,75604941,73395729,75235731,73170336,73359260,69450747,71364884,73397364,73807277,70342025,75436694,68432751,73068977,73551285,68656668,73618682,75559235,73199716,76150090,73605898,74280359,74962516,70007759,74455417,69035372,74064516,71691660,77299532,75523499,75081851,77909134,76094932,74517529,78222674,70428423
76209339,77267549,77065064,76035944,79334461,76181933,78482094,76153412,79725291,82812819,75175553,74183240,80052554,73691143,70825743,73007020,73022140,78379846,78800304,74961953,80912808,80923485,76405071,76878184,75458317,77701714,86352615,74085045,77147259,72996033,78427125,75037205,78544578,76556229,76115340,78004072,75166240,77198428,76863518,74209390,77833007,74012226,77635415,77127113,77535617,75611447,80849051,78083182,75094493,78461994,76800429,74133725,76966726,78248901,74871249,77942409,78906354,74493503,77393966,76199129,78238315,83937168,72997010,76392566,81460436,78240522,73786616,82699501,72027726,81489998,75328588,78671965,76875070,73452005,76591412,75687072,81402009,82945198,70119547,71485190,81834777,74867458,75377782,76809185,79772123,80118579,81590271,78420043,78239871,78069520,89612291,78765377,77497127,81941486,73734344,81444028,74613737,83298861,78008296,82624041,81605348,79707047,77817178,74513968,79465100,76509140,77789513,76650148,74236157,80415696,80734744,76183238,78684702,79818365,73224002,75273351,82593072,70929656,80889414,79684347,80119477,76384968,74187150,81101699,73762448,75534999,79388703,78276026,73146362,73131350,73286329,73899729,78802382,76218806,73459465,78599053,78341587,81431534,79906093,83822585,78683065,77080358,74690488,77318123,78690279,75949998,75933148,76944777,71515199,75979610,77301577,79916959,77459448,73447850,75524754,80853539,74751173,75445032,73826760,74573156,78162967,77716395,80915546,74756745,77032091,81146355,81031155,80289890,79021256,75120684,76297289,75681077,76265261,76500244,81192366,73698530,75359892,76722057,78803731,73479038,78339122,82001661,71256908,73007606,73560549,76670183,77514198,71922185,80936978,77753081,77422726,77976736,76143830,80538595,77222385,75472121,77537194,77449276,75753109,78422080,74726768,70796823,77955215,77893480,79131666,78373051,78381177,76420574,76281554,78852664,78173572,78269675,77818971,78114238,78487798,83940069,73124538,75997834,78953390,79756899,81209268,86010418,81410172,74410140,76685250,74450932,77300445,75681095,72703670,86784330,78959297,77120493,79287980,74334395,76558625,78719327,80758963,77958063,80655077,73410099,76631119,78443729,78700370,78886205,73744138,78087711,76132474,77498977,76739829,77142770,75067385,74881911,81447326,79565318,75076048,76490363,76254821,77671044,77423638,75199296,72830449,79452918,81661555,77168278,74805738,77097983,77291222,80526787,75671810,74171324,73402804,76215734,78397251,79654659,72839136,77229615,73616467,75137857,78368228,74881275,79444234,79785234,77001362,81051755,79929575,78906631,79025454,77339704,80573094,72520888,77149505,76551777,80079553,77901361,79100789,81329238,80933845,80426096,84697067,75765122
72232188,76114272,75545540,70597345,75911356,77754950,71902122,72805354,77434424,79662898,73451654,73568056,75283050,71101874,71055106,72057551,70882711,76938425,78209601,73300940,75323412,77016949,73245294,72945867,73414591,75424095,84881671,78675003,72000410,71179990,76853387,74788295,76388144,72696209,72357536,75173878,72103020,72866559,73742691,71376388,76345898,70959212,74792879,70534623,73558331,73102037,74655455,71638619,72551986,73026732,74330695,74375564,74945350,73499722,71276804,77501628,78129317,72302066,78092620,76022523,77190166,78670738,73871496,70901917,79056476,74980947,71571137,76256662,69357441,74508452,73003843,74484912,78183912,69490621,75630682,72291167,76963944,76954971,70783437,70940646,79020080,72214081,75703984,79753373,73319777,75115302,79477707,80827487,73656253,73873224,82109860,76629800,75929250,78594860,71893332,75302660,74614564,78481241,76701921,79718651,75651431,78837576,76077990,74433718,75908326,70894547,74661668,76367595,74053806,76069836,78153986,75809282,78855595,77040527,74109968,73489408,79753261,70880024,77092613,76974179,75053499,72338519,70133704,75105048,71854378,73108833,73607248,75865561,70493149,74282763,70957509,72163688,75686582,75486030,71562973,71642924,75971403,79703959,77221901,79807406,72967431,73311724,72026387,73933458,74132022,75538606,75786168,73623339,70180424,73454324,79128606,78644029,72674672,72373717,74339919,77340827,73027832,72256131,71151286,74254091,76814516,76414075,77636548,73530648,80229218,78223832,78300983,73513308,75468921,76278366,75250156,75840216,67832774,76106052,77639763,72105366,72904809,75062010,76180145,73454968,75778132,80028007,70382169,73867722,72677939,74075670,76985372,71339360,78939508,74986069,77671402,76629978,71355814,77014804,78370339,74099430,75907740,76006480,72865068,72021900,74814205,71964547,75568026,74999716,79180563,73236146,76314185,75236144,74904208,73427701,73971746,75213848,74411917,74089179,74577243,75743125,72275421,77793448,77248942,74703246,74417327,82397657,80010151,71671383,74221278,69086137,73029485,71588047,70963665,83493627,79674563,77302107,75505668,73542966,72174774,78685103,80695288,75873711,78115532,72969126,75923461,74298880,77306219,72260832,72424757,73135614,72186201,75964739,73268972,76381250,74683344,71210902,79137405,75330714,74857820,71458577,74949308,75515171,73629506,74885393,71339155,74210768,78036507,72403671,71851105,77008684,76132815,78579369,73803640,74030734,73057067,75472688,76811809,74824711,69077314,75424326,70404286,73104603,72881211,73062374,75857781,75813470,76346463,78608748,77016488,76768488,80063213,70767525,78399566,70319006,75484796,74896635,78331664,76378964,75265938,77734421,74963721,75759214,80369896,72194402
73612922,70970625,72199000,68014896,74046080,73120307,71335922,71301158,75204858,76113794,71407344,71684805,71527211,69051656,66945428,65901186,68078432,72833086,75875629,71166199,73841470,75135985,70753820,73411480,71534692,72354762,80779097,72856270,70349336,68141776,74704382,71951132,75083544,71432696,71051680,72600772,68849142,69742817,70609454,69689990,70824991,68721595,72577899,66652599,70805914,70135764,76585290,70523825,72658798,71913084,72522954,71732755,74566230,70317369,69307120,75664968,71471822,71282698,74006556,70630352,71625360,75632600,72341325,73888855,79812203,74725493,69981255,74133377,66341216,73063507,70545767,73092053,75176169,67847443,71683172,73069499,75280383,75786966,66195573,66643277,74030166,69765848,72386636,73168684,73219261,74444495,76900929,76116983,72555169,72894461,78956787,73560075,72923557,76375454,69512282,72603800,71179544,77389780,72585365,78327239,76959145,74883948,75162798,72543295,69922193,72590698,71442372,76113946,70365796,72318372,74505353,73471049,78104583,75138279,68911545,72407328,75680178,68341019,72768159,74840292,74774817,70682513,69667975,72037519,67646027,72081780,73285906,70958163,71715296,72412400,67329636,70094726,74186301,69364635,66884126,72557168,75844239,73571135,75260390,79792769,71474851,73716929,71179760,71464379,71447397,71044230,70560702,71851261,71704044,69120268,73400689,72053763,73175629,70934926,71918892,76043643,70273884,73314740,70805762,72312327,75302500,73579291,73698977,70302343,73721985,73423869,73897749,72077639,76161893,71020786,72547879,69226336,69147242,73771015,77064908,69061429,70423032,72049654,72967095,70639828,73124325,75811021,67982284,66954856,71010829,74765351,74030787,69374073,77817828,72047655,74683977,68623389,72116566,74428937,72206597,71778503,72790065,74653924,75808501,74357860,71416339,68842395,75203726,71973080,73430838,72529679,72387556,72024801,73498047,70834092,72921891,76603633,74527873,70457029,75136559,77704110,70248322,71692522,76050583,74671610,73801773,79481697,76466769,68879187,70921856,67047959,66746013,71246325,70099906,79425166,74530813,76138852,69205414,69800131,71019407,77781051,76501717,73825628,73718044,70189887,72459508,72808782,76094840,70556204,69171441,71786423,74080763,71524099,73101026,72072409,72683635,72068710,74795449,75949343,71857765,67156178,73318961,72207658,73776731,72264550,67791395,71189723,73647186,72267870,69716008,75171360,72370923,74212610,72801873,69571994,69406032,70322462,75652913,76569232,68226049,70723541,68832074,71960854,73250105,68257698,75191749,72343663,71596930,75399856,70580806,76171679,75622426,69223000,72338580,65792570,74172407,68475137,75613152,73254336,74236112,75157549,70829224,73436336,81238668,69546769
71620958,72208575,72340134,70014958,76568701,70739397,72077798,71504157,71899706,75891692,69003340,71312226,71623054,69949962,71098594,69377352,70363967,72165704,77937420,72153748,76991118,74406623,76083753,73263393,73738630,72963501,82659689,73972528,69194164,68305201,75069144,72662858,75225415,70288252,71417812,73718475,70040301,74927915,71379192,72844384,71304585,67737322,75182698,69239827,72200970,75563367,73901680,69468451,69840138,75000667,72242756,71783294,72187906,72162461,70501168,71727395,72149043,73052771,72652861,71524041,70902057,77460514,73201876,70547237,73453485,72195259,71652493,73409333,66818899,73241368,69724304,76219766,70053058,64192357,71800700,73840907,72193357,74163457,64937025,68384733,75627006,68826584,70038783,71473626,75153916,71797025,78201518,75123978,72667079,73740135,82866081,73778116,72740395,79231392,70008770,76036832,69606265,78056347,71060734,79127544,78304902,74561618,71150140,70477241,72848811,71959679,73891851,74769826,69627773,75259489,75685231,70093088,76548168,74369696,69176094,72710335,75894541,68214025,74816814,73293749,75729718,70571655,71888528,68926064,68295535,71339829,72856762,75678822,71335747,72812670,69328532,70780663,74771873,72674134,68821159,70424374,72800445,77724976,72955580,77624412,72154888,70045602,72259581,71834024,75293853,71123328,71590091,67831880,69575188,70546690,74860908,76915557,74984331,70600366,73788620,74390428,71308664,73669586,70835507,71186722,74032396,75293704,73401127,72321891,75582248,78330454,76590716,72454711,73525582,71147521,71729080,67940741,72803165,76247931,75236131,68560237,71433671,71935538,73299841,69868476,75086311,74089767,69156299,69660219,74007253,69657479,73389620,66689563,80763873,73463328,75589811,73112011,71840218,73969650,72224833,73832456,73073649,74579808,73187286,71492172,71378560,68529567,72513274,73272726,75673194,71715758,75640516,69605576,70473088,71388679,71422956,72735311,74019094,75243711,74262969,74537847,68337881,74470309,73828391,71363884,75301946,80582024,76468745,67906713,73247422,70721051,72127225,69024951,68006146,80716007,76584694,74815282,73406997,72272707,75252647,76515172,77441728,74540140,76518963,70340763,70684441,73072712,74083856,75833810,68364515,70573428,70785459,70975760,73203465,74276994,68035003,68469659,77411888,74370958,72940528,71962593,75758653,74448013,73391207,71022385,69858488,74262481,79660375,70091783,71261737,74900893,73747082,73383625,71880032,72096179,68046384,75215392,73278826,78677161,68846427,73361780,68159859,71185692,72958912,72157050,75605415,74952245,72080212,78627654,73600312,74468849,75244065,70428916,73497501,66904235,75370114,68335335,78620080,75924505,76648877,75033022,75017189,73849808,80190628,70572202
70972597,72724616,72436866,71707149,75536921,73164240,71243733,71724202,73103883,74917175,69938325,71654589,76097988,66608139,70518144,69055817,66547519,73803475,76552995,71822489,74668268,74513330,70784462,70980682,71734991,74611750,80702369,72047861,71195233,71681850,71731081,72359249,74044601,70325472,71738096,74145787,69280434,72713162,73540883,67039450,74085596,70904247,75295039,70501175,71200143,69374563,76452872,69126884,70653386,73805873,71062582,69591782,74188660,72016393,72000188,74227408,73311170,70553997,72795253,73866652,71600344,75475167,70214262,68957106,75411789,73372641,73507996,78848367,66722427,77413657,73517696,70689254,73917916,67161786,71704817,71438247,72934305,74543380,65884411,68055166,75069203,67829501,70827266,71617123,69047216,73570125,74957654,77070114,72721242,71685211,78476615,73422692,73090769,79100576,71188267,72395928,72653215,77548537,69666465,74566231,75848414,75363696,71607458,70735691,72592473,72051574,71385860,77465424,70036023,75727276,74646151,71190307,71130095,72566861,69979303,71644135,74747020,67245893,76461027,72433032,74333017,69599529,70740628,73310597,68265986,68971307,74645686,71873001,70207192,66813985,67325175,68106418,72711868,71652368,68493982,73463264,71463783,76520013,74216281,77914909,73635139,72261505,66899263,70495001,73193388,70013452,73650730,71331995,68077714,70106878,73820411,73952869,71475480,71234154,72575212,69954100,70350041,71224243,68434890,68273266,72820515,76180227,73245505,72233244,74149796,78148172,76721890,72777889,73218801,72617661,70173036,71975158,70057176,73563022,76211725,70262226,73921016,73762074,72118627,72876146,74154063,72809837,66991734,69919372,72896278,74814353,73872959,69487621,76421503,71800550,71010072,71497023,70854045,73989827,74943861,72396297,74291794,73334569,73093588,72744678,70032114,68685934,72445393,73074374,75921832,71801847,73412780,71426929,74719264,72865706,70256972,72583947,70105759,76353851,71831309,76530570,71473791,69313500,74614208,73726740,73459538,79797073,76238295,65258416,71475506,70619398,69154039,73524330,66659684,84145981,75141406,74692322,72297096,71979302,74317292,72763903,74656511,72614883,74184251,68084762,72281362,75607802,74048587,74430306,70411624,72099763,71301290,71293799,71370670,73859824,69424718,68759071,77610132,75360607,70661336,71369275,69234003,70122994,72196589,71035305,68337928,72795478,74085886,70261005,70830111,72011776,72049731,73595046,73350255,71588005,70496919,70902752,74546125,73857661,69394354,74129258,67369140,70702426,72030194,71770204,75489990,74721792,75173100,78921156,74876663,74413195,72256047,69198248,74804224,67949566,70830593,70004172,74858487,71803667,75269238,78253968,73742829,76073793,77233824,69345739
75928358,71800821,74200556,73649507,78379110,77189086,74731343,76849454,77339293,78709534,74732183,72353431,75079501,70345278,70192061,69473483,66259992,75122832,78928680,71276970,79070599,77259053,71965772,74558057,72095061,77597781,83306645,76791232,73075805,70861285,77447534,73119773,75829066,72369066,74627269,75897295,74260420,76115465,71041796,72145268,77088225,70511160,75248662,74935732,73827892,73958594,77293975,71554689,75509449,76417559,75046408,74097383,78112454,73040280,74401367,78535178,76675793,75559221,74494907,75589496,74925575,78958890,68401479,70261138,79434154,76854891,72730473,77626032,68688869,75646491,73989560,74493839,75367644,72202023,72488836,73382869,75863303,80333484,66446447,67436746,76206103,68216822,75723951,73318526,73129539,76995295,80463747,78251715,76417271,73859257,84147789,75526231,75694961,83516569,71371736,75324576,73596885,81456482,72254803,78213680,79199651,80062330,76733695,72379866,75473263,74759890,74227003,75908109,72566672,76916642,77191126,76047750,76058564,77993334,72386568,75669731,77005833,67841958,78270289,76854316,76150515,71160628,74494217,72671108,71108291,76053473,76124492,75218541,73010406,72676369,66863094,74182064,78507156,73391672,70221792,75971809,74242602,80594534,78546167,79323599,75630384,71105071,70345664,71708901,74848992,73726485,73728182,70612960,74739831,75345976,78295394,75483895,77378459,71432014,73981744,76359801,69723129,72758828,72143001,72686539,76957398,77672140,77316120,74112995,76342513,76235437,81087003,76344957,76177685,71713680,74976910,72243180,72097954,72625593,76503520,70142474,75905865,72360906,74450750,71456233,77561766,76641232,69447879,71135474,76351340,74909224,77505353,68247749,79076077,75102820,73522026,75102639,72997967,75141808,77689456,75437057,76938611,78770581,77224494,72550084,75003056,68739593,78224593,73794509,76030791,76646019,74010583,71603559,76699537,74059176,72663871,75605401,72323920,78632865,74504834,79538562,69616065,72191415,77499598,76482095,76706152,80914199,76576047,71981798,73502683,72279792,72259008,73460029,71566314,82839323,78065420,76590679,71727380,74855553,71949317,77519276,80600598,77057074,76713437,73526228,76921246,76180271,73588834,73670933,72114228,71209438,71230782,72535517,73742376,73213242,71968024,71661179,78166856,76939523,75331867,70401938,76213555,75487863,75949421,71956105,71380625,76381845,78581732,73213146,71303011,74883823,74042694,78785310,74561588,73936420,74912058,75324828,77135951,77209597,69635953,76156196,72455978,72093733,75149507,70544312,78480968,73970249,72812951,78811967,75704387,78898590,78707248,73988379,75772836,68792571,77211539,71759345,76981753,75148919,78988028,79805458,79709638,77834992,79623437,71169452
77043803,74440795,75070166,73163327,77657870,77276462,72437867,75575708,78406942,78816358,74328883,73000932,78758102,71089403,71474878,70130994,70191615,76639363,78312821,71734495,79210278,75101394,75297314,75214733,76374942,77850069,85097409,74446270,73375509,71779416,78108517,74351813,77308032,73582841,73019757,74552476,73808226,73762638,74641733,69772548,75486575,69240823,76543103,73294983,73792758,74508165,78128525,72221833,71858974,77376056,74667764,73148703,76458678,72567020,73075450,76279611,76087782,72758859,74221769,75795101,76299377,81936023,75868477,73916674,78999215,75772163,75777072,75174640,70269831,76712200,74413323,76567993,77919086,69648137,75579701,75132422,77119777,80331465,70124705,67597914,76498152,71405786,73128561,75551516,77670433,74699216,81065686,78020943,76124650,75119341,82271432,76327647,74488381,80296611,70314354,76138171,72748825,79817721,77338325,78318818,78379804,81364162,78369048,74248392,73891209,76317747,76155227,75891762,71987748,78958425,77043451,77687040,76662583,78982402,68563743,74049594,79339548,69464197,75776304,74440576,75249900,75695447,73601453,76900796,72468309,76543468,75695613,75143647,71481176,72081639,71776387,70834685,76551457,76075893,71880138,75405833,73828416,80642279,78869684,79800769,77047934,76431560,70630524,73937068,77020031,75224748,76987348,72237213,72361437,72133672,77664192,77271781,74398744,72342191,75911135,73392121,72816220,70246630,71180929,74640291,77444329,73140908,75215193,74784092,78626656,76858723,78864410,75004864,74859172,72465333,74531439,74791309,71675523,74970561,79912540,71257104,73103451,73027176,74954579,71250616,77163428,77805612,70869170,72867059,74358374,75792092,75876649,73811883,79520037,73266827,77529706,77385700,73898400,75032970,79363046,75351044,73725396,78460329,79582895,76503029,76107507,69124944,76814197,75687585,74713050,76767852,74411741,74927899,75412651,74921559,75514193,75952501,75074017,77230288,74793073,79904668,70716596,76665742,76542954,75755812,77237328,82449038,79813821,73078934,74149875,72320275,70601210,73303976,69769615,82917884,78706878,77854314,75701747,76141203,74736895,79189215,78108455,76151841,75959053,71539596,77443337,75597787,78222176,73433968,69327015,74560960,71789513,74830081,72284000,74636239,73025677,73447733,79726436,76176084,72730235,74829203,73278270,73332823,75300318,74329207,70578732,77961877,79141134,73829317,70756667,77215965,79012600,75945967,76823702,74556001,70103536,74594631,80232493,77416760,71926050,75586316,71531230,75250089,76914583,73667817,77248332,76305202,74701375,79320486,73937445,81374741,75022277,72525934,74569881,69429995,76573702,72166678,78321774,76772939,78620500,76991574,76120175,82315266,83496890,72588940
69184388,70171688,71961744,70520680,73676766,72674831,70867178,69415074,72965040,74537688,68940856,70999727,72708827,67596640,68817291,67023269,68353752,72746412,76659659,69461736,75670961,75887174,69829419,70702885,75953545,72781865,80956677,74677263,68769504,69085730,71994006,74337050,71390866,67393475,70650334,74442110,69814380,68529310,68898788,67708653,73066327,66022480,69817514,68228492,69983307,70769113,76158435,68265719,68986192,75194204,70593561,68892941,74043145,68859899,68849548,75665292,71929612,70681095,71160820,68447836,71462490,73379589,71956415,68420880,75184896,71091063,69982940,74299033,68328918,70275281,72408203,70597021,72530039,66225034,70796844,70534809,73178562,72087663,65197819,65369321,73822678,67344639,65219207,71687043,70006325,71031349,76455617,78052665,72671783,69404778,76048427,72866103,71976307,75899371,68801811,74742513,68445534,75923683,69713556,78658937,77413662,74794134,74121655,68432523,68349032,71595570,71815055,68911419,68177577,73298259,74119971,69514101,75344403,74147088,71607212,69888222,73239024,64935609,75807062,72892700,70669372,68721535,71549208,72107843,67904896,70922057,72019969,70953966,67269820,68695539,68133228,67418048,73492469,70570722,69983872,70298549,73239256,75716224,72710704,76325998,67806367,69110245,69393558,70940204,70485739,70177195,73568876,70001203,68108991,71002841,74183927,73838618,71810582,68006805,69727558,72278859,68122960,67641427,68808572,71242081,70537730,72637427,73740354,67496915,75280721,74653471,77950662,70166194,71840296,69310815,71064947,70980459,66821525,75218309,73770623,69246548,69932728,71844533,73013172,67221066,70858387,75065152,65564546,69462525,71075659,69585140,72245817,66644897,73470922,70113675,73949870,70148733,67212292,71211347,74968882,71069574,70048842,74942890,71690446,71480898,70272232,67598870,72460710,73015673,71912263,76796878,73194990,71937311,72956658,70254606,72210960,72187789,70982188,72921973,71556359,73422929,68889857,72107671,73602093,73443049,72767761,78561383,74907418,66427427,72556474,64912592,68924374,71771697,67926410,79343535,75476746,74081696,71871030,70654426,72268607,73552579,74079824,71547956,71080403,68222025,67830927,71105798,71567418,70345615,68514501,70491474,67852735,70857809,69161302,72115408,70417087,68305325,73832748,72982771,72050375,67369901,70089014,69828748,71880907,69027027,65416450,71153256,72634877,68327169,70089300,73834188,70544977,74057297,73251374,66768528,69415585,72513151,74474190,72894723,68136640,72593140,66172569,72280688,69299292,71754985,73075659,75219512,71170873,74859717,73624587,74892171,75908851,68876454,72841085,67577056,69128549,66650761,73564896,71790503,69871405,73930069,74374206,73894745,75927805,68216976
72862486,74528651,74038518,72746586,79490701,76758525,73684488,72546707,74465132,77259712,70922572,72476055,75771594,67652166,70155667,68233823,69916763,73460924,76179600,73362526,75711861,74628058,74914742,72608617,73927825,73905809,80745757,76148535,72774159,71475254,75124593,73603167,74642842,74659016,75913948,74363776,73099868,72901980,73817540,70853909,73543552,71015676,75671472,69501782,74215031,69346488,76642100,75418978,71746099,73983189,74702491,71038906,76466918,72351230,70978213,75847397,74801288,71532347,76787071,72923799,74661431,79185888,73867967,72401837,76793112,77895706,72068220,77687938,67266739,74790010,73062472,75436972,75036648,66655291,73079600,72462123,76406484,76208536,67307962,67489168,80101411,69962734,75818759,73335831,74039853,73821125,77096957,78608573,72090461,76644723,82027397,73654974,74932646,77896375,72729800,74661462,72118104,76908538,73133839,76908322,79304275,80281466,74512643,71957673,72674874,72619324,75544568,73492055,73833925,76482218,74017423,75660832,76153062,75355109,71786522,70450533,76042262,69542819,76168002,74346972,73959496,71080482,73561605,74432115,66982650,73759827,71339273,72838096,70713172,71949389,70558108,70917615,76735896,70094185,71208353,73884780,75293751,78305046,76148999,78547838,76192315,75329320,68382017,72366196,74780804,74808817,73367543,73795684,69367800,70941191,78277953,77720251,76429546,71743842,75236091,72176522,70333099,74624304,73694950,74250017,75746091,77100272,75307794,73624269,74292397,76102174,77067913,74304309,73041101,73684732,74466785,69091558,70205331,72889108,75927708,69659526,72754166,74152675,74603868,71810201,76054473,77419249,69413535,70918383,74526073,75197083,74505777,69169405,78791122,69735655,71329591,72407044,70140500,75816807,73685790,71052699,75520489,73941934,76448736,74953540,70613349,69274561,76247820,75905515,76121980,75399039,74818781,74108773,72880352,73988549,75182493,73976577,75347607,75416823,72969577,77525719,69159823,73747613,72497170,74739334,77491702,82197932,77979835,71541588,74376795,71311203,73507611,69920124,70376431,80691379,77998783,77509865,75895167,72056305,72700874,77321320,76199418,75309970,75332146,72723891,74802003,75764382,75638030,74002802,73844845,72792041,73870959,72270127,73010819,76383969,74462765,72889828,77559259,76819342,71302153,70665778,75261186,73814506,71783750,73338215,70370167,73185822,76680545,71456435,71775361,75041680,75862261,75560160,75272054,74591101,72222514,71183582,77491150,76379531,71214793,74460659,69086622,70393237,73376154,70472692,76262455,75470885,73060421,77487842,73451173,80602884,74337772,73185832,72789498,69294313,74055580,73603593,76553366,74025919,75947693,75742070,75767977,77241475,78373432,70484686
79703247,79284574,80600627,77762090,81434466,84370171,76252911,80843720,80864909,86155653,80216425,75186310,83242573,76195411,75904610,77364027,80534678,78949545,86489210,80847402,85504586,80665815,78478364,80208603,79786218,78779903,89717508,79020334,76279875,77439376,83920230,80035600,82256238,80600750,78262661,78106386,80343953,80982299,82257183,77311860,82634986,77293215,82535862,74672219,80613139,79933892,83071999,79214443,73684352,81087707,77348209,78900009,84282492,77480826,77474227,81923494,81759954,78685525,79408761,78783662,80222208,83049540,76590997,75899018,81503937,80297372,77627394,84560864,77566362,81884111,79398605,80519264,83185258,76819794,83153873,77034299,87025238,80101522,73286298,71877594,84725379,73748503,77724395,80419242,80228714,79426724,85476652,86872958,78082491,75772691,90592179,79140875,79358065,85354861,77221681,80247041,78399286,85625635,78222474,83207820,81471169,82640109,81429877,76748774,81153830,78202390,79566635,83794966,77733997,81638826,83050382,79374409,81096691,81180058,78119191,80291207,81518924,73034689,83967859,82763077,80388874,75921866,78179133,77625082,75623789,77546417,78482290,79631697,76598157,76193019,75727197,77923609,84215548,79307695,75658648,77899834,79565622,86566181,83757611,86365121,84222346,80025276,73721351,80410147,79333716,78477933,79214238,80526617,76790620,79898433,82696899,83912721,77770951,78667117,80796272,79565916,74818150,78501661,79378821,78029489,80910813,80749927,81994416,79668506,83283934,82610760,83663045,80046274,79796428,77705066,77323322,79646911,75803389,79343345,78803313,74103777,78438266,78984549,79494756,75222072,84465873,83871725,75365426,77997179,81283057,80200596,80098059,76188259,84618195,81388754,81785914,81399754,80493923,79158828,83474962,80292864,78254456,80272624,80884702,78937507,77267585,74651086,81479210,80019509,81484152,79374534,82287854,78053302,81453840,79043866,78796731,80835440,79802594,83491485,78651092,83297779,77100015,79515962,82814914,81729562,80533422,89753454,82172157,74154428,79179042,73764254,79058787,77998174,75962818,90128776,83701047,84113576,80927810,76872032,80162143,81630319,81938025,81259695,81141059,76989491,80038301,79389956,82402387,79782296,79198438,79506447,78578971,80190097,79179929,82353956,77654878,77700533,82116385,81625814,76993567,80056437,79018434,79261315,80359349,78580669,75237284,79595282,84596251,80223413,77916680,81695341,80037843,84319914,80674792,77101607,77500069,78848424,78977918,83144028,74141218,79853578,74327806,80553050,77829262,77677040,83080683,85226697,78224576,84081838,80172728,81598124,82273435,74623244,78673467,75613687,83787638,76461394,83168616,79125255,81348639,82604067,79264095,83227118,85915737,78007890
83634030,85040115,85352777,81385829,88668890,86094337,82563080,81501002,85934123,87755901,80691945,83296459,88277055,80944994,80167332,78149864,79870901,81871547,88261804,83610720,88349502,86029892,82080987,85588382,84470427,85071736,94713144,82332240,80555892,81938234,85681916,83146281,83684110,83338162,79786120,85648898,82815435,82415219,81212688,78179979,85060517,77606414,85738492,80649475,83308652,84074910,83043390,79467363,81289557,88671841,79735266,82711990,84072723,84614272,85293600,85178231,85197375,80223654,86222127,81457954,82099913,87789017,81874995,81246231,86529698,86504554,82969872,89077046,76063697,84316629,82325298,83927222,85062824,81729633,82820091,82445804,87694252,87373740,76371656,79596804,85482182,78498292,82503528,82032165,83709010,86107692,88761067,88683655,82620990,83619010,91475831,85518093,84209867,89105959,79665418,85371983,81642003,87690238,86051372,86620704,90275234,89214801,84971071,79872451,78564506,82162733,85891817,86596047,82556916,89605972,86077715,84364987,86690126,86162715,80738101,82820997,83885422,78841782,85747463,85590917,84877942,82066030,81669936,82895622,79462632,83027057,84603998,83039738,81630382,78715734,78386230,77723642,85851700,82583263,79514054,80829717,83418282,87545437,88426504,88135204,84155040,84631567,80186936,79083238,81914766,84562825,85628367,81040936,81096893,78966579,84937635,84680058,83673033,80037982,84219147,87314944,80425536,81921073,79769959,80333163,84975582,84894663,85827051,83475282,88651758,86473719,84736366,82480071,85285902,81261083,84151681,82474478,81128648,85794856,86433548,80874912,83660776,80525479,81047305,78877384,84486163,87059627,77827984,81565938,81665225,84432169,84088145,81028222,86449300,80272686,83590885,85266862,84138902,85543621,85914352,83311471,84838364,84077550,81660394,84026729,82729557,78356736,86127746,84799290,84113196,84258435,81054799,82211243,83605115,79791341,83225917,82059318,85823847,83941682,82638067,87798692,80800750,84581130,86937366,88192316,83421212,91942561,88328102,78655316,82335519,78552170,80923403,81908593,76786313,94658965,86237492,86031158,84671921,81940284,84498884,84762503,85572402,84073615,86705823,78890884,80839848,85360000,82965970,83844108,79516472,84257924,81884430,82275530,80068989,84634902,81892571,82819116,86542978,83271146,79213759,80903171,81505387,85522459,83997200,82551724,78151520,82158028,86712351,80262883,80621778,84352623,84971358,83964105,84085471,82088309,82257848,83139012,84287762,87749210,80697550,81501459,79193720,86179013,84189330,82236799,83689762,85739857,84696290,87353588,82362097,87990999,84266776,80611475,84501360,73781469,85774551,78052615,88258039,84624839,84468247,86661187,86785510,88865461,92405681,81646266
76914845,78214185,76717944,77695351,80381264,82126262,77137174,77513926,79878053,81873846,78308618,77644587,80355811,73936582,73380747,73947563,72400520,76936505,82517606,76705985,79506534,80525734,79375445,78064171,76934394,77065525,86204021,77884474,77378162,74925647,81086183,79671561,76565839,77120994,76881647,76737877,76875675,77618985,77853450,73841467,76170601,75868912,79838902,74925988,77140324,76371464,84619249,77154051,77728217,80428943,79881278,76104960,80156895,76282895,76339211,79784931,78083437,77057872,76898711,77624091,78988038,81751357,78055257,75808573,79724284,76684180,76128967,82549754,72953953,78179216,76661894,76828235,77006958,73199146,76068429,78202696,80805556,79466700,70937214,72235403,78107068,76491820,78658489,79149895,77714429,78819173,82016124,83221379,77376205,79250049,86430327,79570830,79899735,81943867,72588719,79679523,76947375,81086427,76371456,80490688,83871378,80647913,82823277,76392291,79823191,76436877,78338469,80786673,76825896,81832898,80908914,78190144,79772190,79612220,74151133,81793765,79524138,73106475,82498614,79278941,79302063,76052896,75912270,77062019,72851837,77752077,77966490,76747715,74238064,75405013,71947723,75026423,78871036,78620227,73299814,76523807,76546167,82686323,79369781,83469427,77590696,74879235,74763773,78365201,78212449,74909520,77155950,75690404,72809589,75477763,78950108,80740872,80143378,77201774,78559182,79496005,77469188,74276760,76836214,76844567,80522526,81529156,82584476,77278585,81367707,81566120,82235823,79423142,78377887,75414269,78787837,76287108,74188421,78857653,81341810,73023717,73699112,75641794,78452482,74354260,79514059,82900196,74385934,72714483,76357293,76352099,77063879,75093374,81560581,75303374,78973798,75993163,74883640,79765584,79081678,75342444,81321641,78544545,78302743,78812371,75495416,73743616,80408924,75622690,80944345,79092935,77555759,77976050,77677777,79070168,80604165,80231935,78497908,81037454,80788456,82021278,73030412,78175532,78959805,76777289,82231451,84266535,79622176,76471164,76383742,73813196,75858291,76269070,74034515,86499969,79417529,79903768,77493378,77145926,77206034,81317559,82226455,80671096,80136421,74962283,77013834,80064633,79013039,77041988,74514115,75831648,75796184,75890080,77274143,75720380,73463634,74295624,81884513,79145143,76900991,73970230,77249818,76597055,79379838,77063107,74907802,78290396,81033489,75752783,75644542,78388668,77463780,81202910,79452701,75251415,74868497,79526715,79415494,81727279,73569053,80281533,73235112,78659640,78875899,75699681,78055644,75721291,78360265,81964049,75942475,81337020,77279915,73129198,79803089,69485976,79205112,75228133,77963844,76699629,80571947,81606460,80133014,79196770,83612677,73838353
72075709,71312009,69870247,70599438,74529326,73710913,68776968,70876193,72317403,76684422,69053327,71904134,73780735,70947717,70212165,68441184,69703592,71300379,77756908,70741027,76793131,73093581,69379172,74761110,73100062,71275526,78897057,72093927,70511344,69001586,73586053,74108551,72283495,67290062,69883085,73960797,69559154,70010299,69407464,69442497,72150939,67552083,74156379,66295964,71265411,70402547,73733618,69667655,69205972,74579631,71560868,71573921,71083643,70589586,71360956,73222970,70272799,71914621,71138088,70365624,70498360,74502000,70798971,68946456,72497167,73748110,69811841,73062768,67034817,70470629,66379743,72516311,73872641,65240629,69201598,69908815,73368010,72365870,67427500,66739381,73044038,68828509,68069948,70530847,73358426,72693187,77317624,74517158,72181115,71364662,76627416,72891326,71463241,77310224,69017010,72839152,70643509,76153290,69065709,76723478,75774397,76501373,73003251,68951163,69990389,69615103,72841553,72163249,68995695,74582148,75740604,71814075,72461000,72114224,66582682,72082335,73382561,64314126,74045294,72285771,73318379,71228499,70364791,69926751,67558215,72500921,69507412,72508711,68440364,69764221,68638121,69511268,74556883,71409912,66468707,70383592,71641327,76366275,72514123,78038637,74387667,67048409,69756915,70097848,72497606,69267635,71846079,69694541,68655830,66092492,74452089,72043428,70191075,72248782,73236475,76388568,71213924,70396918,69151461,70545117,72618376,69392458,73882257,69521647,75627063,75220890,73245921,72526116,72673467,71568478,70741347,70014571,68980013,71749957,73646029,68269199,73643800,73253897,70769166,69683855,71847146,75899926,65373913,69118230,70400737,71228934,71873981,66119618,74734795,71803297,75081753,71096676,68550535,73182301,73644351,70696128,70445049,71665616,72830524,70926016,68923663,65162504,72301187,71174859,73597960,72431597,70338471,71154041,70250436,67675931,71445806,73619557,73168262,72297066,70708201,73969804,71309420,68577468,71660111,74048815,73342180,79568547,74636712,65639160,70739894,69209619,73033261,67777410,67701526,79788321,74880417,72390150,69147290,68156021,71415110,73602570,74195889,71125759,72929532,70051261,69164596,74088506,72596456,71526643,68700798,67786144,71892867,72643242,71348505,71303730,70478325,71437760,72151888,71152017,70559858,70941518,71495525,72369898,73857535,69112828,65488828,70307828,75613025,70655240,72486463,71715717,71217790,75168264,73309317,67768066,67401169,70617924,71403017,74504564,69913061,71457076,67271933,72071223,73357641,69153801,72029043,75340932,70597759,75746675,71537024,76216813,75618324,68081407,72498715,66200258,70776008,70422290,75838470,72025652,73415300,74041554,73181780,73714236,79454417,67981928
74342976,73890247,75320914,71652579,77655399,74373914,72451027,74512944,75706176,76167321,74536645,73075849,75199308,68991367,68166018,71243241,71092126,75997049,75101881,72789367,78410845,75169612,71871187,70911389,76137617,71954949,82367490,77049595,70450083,72351956,77296554,73946356,75496826,71131120,72068131,75286401,72543346,72742867,71229268,69595324,72684973,69339126,74247173,70605650,73402873,72724369,75515380,73254874,70397408,77255368,72096921,74228289,75892108,73896942,73299426,74165914,75450649,73266636,74025469,73047320,71855625,76870976,69871930,71152585,76139527,75433896,71466828,78102375,68414792,71945408,71882225,74348469,73953860,68888059,71995152,73269836,73998274,74502211,67045734,66764058,76855406,68140023,70319784,75554095,74591802,72707511,79952427,78929084,72188339,76591419,79207471,73661770,72772175,78021355,70641238,75431370,72261785,76767840,71268258,77553698,78185060,76924532,77423188,72796889,73031510,72894894,76101216,73254204,71922623,75110300,74725065,71109648,75468383,73628608,72459582,73888301,73646926,68719967,76965702,72452745,71730328,71243279,72931678,73707425,70334185,72449828,72684063,74264923,68260808,72046676,69576322,68181850,75923339,74046782,70600582,74156617,75456967,77853568,74891594,79488353,71446331,71672455,68229863,71808974,72837504,74019210,74428883,70662534,70157905,71366119,74981253,76469110,73487245,73738069,73620010,74055176,71591408,71287763,68392515,72733260,74678799,77412954,78493487,69960880,75743009,78749277,75759103,73139536,73139198,69166391,73287166,72427734,71162518,75133079,75978425,69905375,71930697,72213715,72238930,71524810,74698204,75956791,68109282,70685590,75549445,75558009,72586319,68945012,75725673,71296567,73302815,73553123,70594902,75516540,74723089,73430246,75331998,73249026,75174585,73735242,70397163,70240117,75543804,70889216,75144816,75742277,73817821,73708344,73310098,72713548,71942825,72879286,75260193,75404785,74687512,77071854,68416527,71353308,75427889,72912014,72951838,81365026,75866762,70710005,76519057,69403106,73673292,72081913,71916488,80863888,77684601,75686840,70409956,70620705,72607955,73331230,77063072,73952626,74517146,70820994,71678943,76207524,75522461,74936335,71416775,73592676,70776967,74594415,71865150,74816764,68197231,69464966,76695399,74344027,72064457,69589853,75083277,72930690,73130623,72125210,68779914,70996008,75157590,71627002,68809801,73925498,70528743,75383525,74306595,69177339,70701374,74487656,74341717,76924037,70526520,73750806,68314395,76984958,72262764,70787869,77167193,75169961,74368927,77815772,72612362,76933643,75196328,70742299,73379958,64704373,73942880,71844076,78026851,74190412,74943401,77111239,74475262,74386383,79988902,68909528
73222531,72903066,76164841,71346472,77511700,73209254,71274100,71326588,74751044,75399727,69423288,75746295,78490306,70037185,71756546,69928226,70435995,73023114,77137807,71708994,77359489,76656089,72332331,72373478,74981990,73682580,82642034,73187235,75317929,69135409,75467591,73866945,76892140,73822258,71272180,76710173,72781537,75542223,70152598,71848218,72540309,68166589,73531932,71745246,71078871,70092891,75825913,69424380,70721672,76193642,71613718,73586243,73205091,71075362,75060562,72223113,72339631,73386699,76770458,74150914,78358193,78205106,72941661,70168158,77992546,74982625,72649214,76196153,68258428,75753798,72425381,78111984,76279994,66348116,71396119,73941704,77524828,77441646,67146525,69236081,76208892,72281527,70176520,74030819,73339992,73468273,77701256,78762096,72128988,75224565,82324677,76627784,73581557,79606967,72816997,74109089,74064194,78359357,73325451,81989973,79344370,77698530,74812386,72279091,74447524,70540477,74398559,74366120,69613615,78820475,74305435,73982955,76161940,74130968,69906348,71598877,78755654,70159348,73717616,74299933,73249514,72281215,72938515,72493589,69365854,72703434,74417232,72931514,72134894,73133800,70601047,71079617,76476289,74190024,67030298,73808453,74899118,82416119,73124026,79949791,72861246,71465305,70677032,71788878,73255381,71358841,75437562,72336371,69551402,72226086,74924000,78020537,75663379,71589688,71921219,74611651,70905197,72685363,70741155,75716201,77631463,73651506,74170091,74070076,78532485,77940295,78129797,72518937,75609661,70794443,76110855,71612421,71569415,75703469,76027807,68365914,71833279,73640239,75121605,69944823,74857594,76717693,68919480,70244334,73623054,73858715,78065300,70612045,80093945,73987901,77316269,76844151,71498119,74517751,73891916,73402003,72678878,73457647,73950717,73871705,74644085,69307635,76424367,75022153,76813035,73802344,75276026,73288776,72833138,72700267,70707880,75367849,74589864,72261313,73010348,77715487,69201204,74837773,74991191,71858550,77041384,82341213,77464270,70282921,74715802,70884950,74488251,72443923,70563830,77847873,79612430,78377201,72496163,75165985,72254096,78624469,79092355,75532084,75953694,74861371,73607555,75466258,76528993,76634654,70622006,73723911,71094514,74798633,73368608,74999358,73073822,69576857,76694911,73421998,72806795,72122842,78900411,72768429,74764536,74291325,70646141,72446860,76946740,73072622,72816879,74261631,72505752,74317169,71638471,72122049,68888813,73313016,77999091,77487985,68893772,75730686,70748441,72803468,74315956,70895597,73564371,73469926,73596281,75558977,71967456,78509703,77826493,72142812,72814098,70005786,75684340,72034121,79593508,71419010,77521132,73694766,73884950,77356289,78594869,71177676
75118994,77593284,78820460,74093833,82001331,78005544,77434819,75880949,79227257,83505883,74155352,75301664,80120464,75017071,74307569,73444405,77351051,77659733,81674104,76129956,80635583,77973795,76724497,77011867,76800429,75808471,86128925,76842358,76848900,76175715,78660073,77771852,77237158,76696934,77491066,78569812,76676882,78194585,75864599,73468761,78523691,72594752,80372875,75849790,77466720,76010972,81594464,74298161,75903434,77847844,77662316,77748101,78165249,77910536,75652373,80768194,81196341,77466240,77130665,77130637,78524126,82322436,75046062,73067477,80803870,78547942,76822209,81572347,72346097,78229477,76818047,80587064,76467021,72626735,75930025,76466475,78315085,79405740,72390292,74232815,78830192,73632624,73890894,79735169,78508684,79918142,80587970,79246547,78469638,77740728,84790295,80039010,76975530,80916518,71405392,79303147,76316647,82972867,77223229,82636513,82659652,81566232,77564829,74273154,75926008,76711814,77471429,79117686,75059346,81774777,80173407,75426197,80945196,78423266,75642800,77522948,81024377,67911369,81234534,79040281,76295469,75855826,76242001,76062373,72578897,76736692,79693217,78541545,72864153,76570402,71282087,74195603,79985371,75984772,74053795,76311094,77649990,83956442,79983940,82335714,79368238,74829158,76680375,76183795,77541372,75253660,75506756,78906322,75144589,74469714,80113021,79308315,78976062,75783738,80004410,79558136,73488352,75880229,72218066,72863362,80004565,80316373,77950579,76218164,79946159,81009655,81355613,79410996,77247922,74846866,76847414,76328410,75078528,80197735,81171244,73489046,76261461,77139418,78000534,74631841,78029556,81415741,70963405,78257553,74312191,77769237,81084151,72602863,81274031,77595078,78983274,76565327,76842309,78366347,78923336,76738617,78024362,79354306,78314231,77240290,76674884,71708426,78921075,80084730,79946644,77248257,79156304,76256975,80201111,78350276,78311692,76344004,76530497,78817242,76296820,79973902,74005102,76791110,81142293,77766277,82013068,86263357,79143008,75075993,77476826,74961679,76472116,77328504,72018324,86086009,81705973,80950230,73785642,76317473,79300458,82005940,79644170,77858274,80463720,74513370,77980118,76632936,81104670,78408033,75406759,75694407,76974306,78640666,74782145,77910153,76393358,75174889,80654443,79480309,75516808,76311789,79523674,80329827,78630978,76958831,72555687,80247681,79789874,77485983,74599877,78297527,77744739,81917334,77625868,73199860,74752722,76688844,79390473,79047381,74210305,77005905,72351755,74211852,81339798,74401684,77388180,79905358,75918882,80261815,76568494,81948836,78472217,76026466,77212306,69514418,77567626,75931479,81020897,76040990,81572406,80429313,79032329,79834086,81603475,75260466
76697401,74636067,74573999,73005882,77358962,76907539,73754778,74048285,75201549,81530034,71954066,72777199,76183576,70218941,72158039,72657422,73157980,76400488,78015534,76384459,77063578,77059258,73482205,73110507,74283931,77421194,81897610,75594890,71130983,70226212,80518337,75487876,75754539,74020682,75504019,76928329,75608114,73188963,75424103,70333919,75475935,71580396,74551830,72931234,73138816,74480475,78102341,72414390,70424095,76849140,71977014,73586741,75886177,73438880,70639566,75690954,76786835,74131366,74192323,74281783,75333387,77044730,74321740,73066541,74322857,75598774,73147002,75947068,69918139,74021930,72021156,76912948,75625221,67782789,74666984,73133322,77211376,78116623,67539631,70812674,77438767,71382296,71995804,76087371,76596837,75040886,79225542,78035340,73738047,75761248,80910833,75527522,74699327,80499442,72446506,75523539,73186311,78077205,74046359,81781684,80501301,80293067,77474910,70831921,73384721,74309946,75066909,78532944,74338279,76597925,74529976,75651689,76127001,75313217,73806702,74358648,79240431,70318318,77513140,76492359,76701994,74724513,76015458,72548308,70829892,75119426,72964016,76296050,71868076,70757490,68371031,74569360,76264015,73602881,71331549,72193349,75525671,77818359,77550873,79162636,73984523,71094227,74495587,75544600,75287305,73243802,75396131,72034109,70770060,72924129,75364842,78899543,72453096,74558728,74386736,77210209,70345070,72459424,71724804,70501839,78196120,77763093,75557532,73279213,77270923,78692699,77642636,75114385,77011348,73980436,75444605,73896768,70101672,77396757,76386741,72208127,73544829,71902275,76205153,73436975,76576520,77397830,68470596,71244122,76604537,75203947,75837815,69919440,80039051,76596983,75226999,75172397,72452195,75221109,79080657,76793125,75651065,77196746,76942554,75662677,74626862,71771076,74742356,77452379,72282158,73494276,77003165,74456757,75426850,75081634,73142239,76216902,76686733,78744546,77231291,78772972,72169633,73249816,76454667,73869826,78105314,81596520,78492844,73128475,75727516,71395606,74377083,72055562,70932497,82652611,75742006,76027958,74330610,73275182,75164265,77897017,79134096,76319227,76239894,72217872,74632025,74874527,75478920,76118944,71795310,73035003,77180853,72546011,76038105,76905377,72643242,70790585,79770645,78463119,73787587,72716813,74772786,75846775,77667315,73340001,70239194,74576480,77675310,72841703,71931619,78235365,74773772,78179446,78019590,71803247,70153566,74782554,78564294,79642849,69386209,73078163,71044552,73914466,75411418,74629224,77114924,77041460,75059058,79441419,74052137,78661161,75175793,72325970,74632462,71365053,75315328,74277946,80552085,75827528,78495709,75340481,75875487,75806449,82499908,70761118
74855155,73322166,71839469,73239030,76523165,79040559,72396919,77345636,75778154,77871415,70336783,73376922,77161353,70441014,71209866,71428803,70324226,72028578,80979322,72939619,77403977,75709096,72034118,72509092,76323077,73514614,80544590,74294336,70845080,70524856,74857545,75664838,73542998,72356154,73291721,76760184,72908932,74140569,74367578,70331046,75856419,69227627,75553172,71532168,73304633,74937150,76690136,72575882,70626855,74982428,73026768,74185214,76397406,72430658,73305389,74929482,75845268,71310966,73714728,72142591,75282649,76505499,72683304,71517839,76347375,75235269,71832955,76967279,68903851,74968094,70551267,74878383,75241501,68975477,73175006,72510136,75440511,78960372,68754764,66652883,74710578,69814097,70283274,74280553,71859761,76078293,80128297,79574020,72578894,74878034,82299335,75172484,74267242,76544834,72005173,76785306,74215241,77688272,71752725,80157997,76958071,81956396,77989496,71011264,75044847,73084712,73922002,75014251,71857568,77841365,76218017,75329912,76191266,75188336,71938400,73184627,74955333,68956205,78231485,75033713,74862522,70903042,71789446,73304847,70458968,76187243,75230453,76536921,70581361,71005288,67818345,70350195,75070202,72177931,69017430,72788751,72745887,76183255,75021116,81314820,75382070,72058810,69780447,73493487,75937230,72819681,72895340,70995383,70111018,73091480,74188268,77324438,68546177,73768914,76235136,77614733,72772942,71327959,71849472,70459758,73232975,74287941,76811109,73432838,78782259,77448122,80182404,74353188,74386802,70825158,73877435,70731553,67527864,75363170,74977220,68443237,75215273,73748973,73641004,71203485,74327124,77567726,69363562,71266659,72505708,72674786,75110595,68675552,79077595,73777588,74542238,78581010,72433395,73841561,76993251,75644952,74251801,75278921,72883019,75303104,72845927,71509974,75812027,72584141,71667805,74169229,72529760,73407426,72657437,71746724,71581849,76559346,72758153,76721983,75444202,77387982,70582596,72916160,77951473,73711622,78066689,83428583,76450092,70001506,72428508,71580376,74365291,74541709,70726837,81346153,77269128,76334367,75383886,71643932,75604141,77692392,74231128,73269934,75721886,73294963,73792259,75052473,74961054,74620512,72517440,73116294,73532975,73362212,72131788,74458713,73696099,70200549,77642708,73393198,74394432,74105294,75165054,76271070,75485348,72571068,69297487,73736829,77899043,71269082,70294531,73895416,75251080,75994140,77028693,71245802,73290017,75556848,75994492,77014685,69550313,74947361,69519612,74966835,73560443,71688654,75099282,78236705,75276187,76703718,76781571,77363955,74497106,69770139,76174370,68913943,74319825,71538113,76749980,74382326,76275471,75211063,75780492,78387084,80678277,71827531
76465749,78359883,79149838,76409996,79792097,78517434,76821453,76204966,79499300,83253419,77606753,76451969,80025341,75350505,72697930,69650083,74106615,79183220,82005714,77537718,83920417,78405872,77326097,80117835,75702444,82112940,87303952,78237311,76191279,75337771,81635362,77591220,75742762,75267692,75361742,78302645,77041142,76168697,75828856,71333259,81349963,73567088,79036569,76954421,77185815,74983006,81800841,76046384,74348285,79801409,80560474,75137137,77867235,75299232,78654913,80209829,78880143,74140977,80318752,76249034,80375949,81165908,74172527,73234699,81646241,79874770,76795953,82803617,69228569,81550056,76070450,76449218,79431380,74495556,78061618,77154617,82582290,79794896,71399212,75309141,77760828,74648138,76281151,78965775,75295957,78989383,82524787,80944965,80385613,80136391,86518026,79842116,79579906,81588767,73510046,77501075,74886940,83879751,78684247,81591474,81850334,83391160,80272028,76796529,77082887,78197759,77760938,79120756,75013830,83090456,78593104,75012381,77903143,78095703,73321659,76401283,78842408,74633724,82285906,78386221,78321253,74128983,75468009,78334978,73763524,77123213,77264201,77446704,74570264,74999990,75272565,73520126,79446546,75016708,74563146,76448047,79412261,82915181,79727132,82145444,79250473,74883814,77050413,76032153,79294504,76507271,78484767,74031575,74171112,76026772,80552534,80715311,77658445,76736026,78143195,79141322,75525091,75503946,75035594,75163924,78624912,79081202,82388875,77673710,78146830,82729904,80613366,78754431,77977979,74801903,76515736,73026529,74897137,79073915,80987633,75969669,75731319,75326010,76927243,74932631,77791920,82205275,71663910,75553064,74229523,75132417,81000689,73937983,83193491,76318926,76438221,80635617,76911441,76584541,80316621,79248156,76117358,80068632,76107913,77122328,75536866,70043214,78164138,78064995,79362481,79914044,80729864,76335946,78708766,75035013,77392634,79439494,78271765,79675192,75901011,83952139,72629952,75196122,80378493,79061740,78477690,88897312,80497098,73394312,76636117,73197990,76487124,79308007,73402820,85102594,83527504,80838780,77055540,74369397,79493737,80126794,80738684,78294443,80171140,76494004,77637795,79199902,79122171,75329125,74668966,75837125,77203197,77512671,78158769,78708971,75269659,74242573,82025504,77022253,77271420,73556361,74715432,78150127,75146670,76026951,74535993,79008597,82651767,77455057,76589284,79673859,78874625,78869844,79607782,76460288,76116814,76458065,79069606,80850229,76384209,78624177,73464693,75997232,81112729,74827776,78784743,78543348,75697896,81562748,76532690,81977061,78391684,74177124,80985880,71762618,79115702,72557176,81086804,80116789,82527024,80950424,80809051,82720072,82715681,76056112
76361491,73658869,75926797,75414093,78060679,80028184,73678587,75875421,75077469,79590431,74589212,75643098,76806407,72971112,73136361,71236236,73469845,77948862,79424011,75738459,78088265,79144009,74069987,74552452,73865726,78393507,84838522,76335670,73850417,73128988,76886645,73975603,76347278,73449891,76088403,75658343,73860479,76474569,74611469,71567524,75431043,69147892,74102070,72102155,76006423,74224390,76450534,72681394,71752567,78848471,75796520,72993510,77012894,76810646,73743933,75889003,76837914,72239398,75000395,73701572,75229528,82353844,68134326,72046184,82133267,77005834,74992219,78112385,67827901,78415663,74904606,79167852,75768112,68463879,75974138,74738853,77554414,81071204,66394025,69305470,78269449,71365138,75743875,74981982,75680237,78973775,81111919,81951829,74819514,76269053,81881555,76946876,75155882,82982231,71730444,74929913,74141369,83435830,76447477,79276816,78611290,77001109,73090821,73234534,72485404,74997912,78565617,76459970,74982355,78722839,79217986,74425090,78669253,77128429,73529435,75351154,79165576,71037865,76635268,74166979,75601982,72468786,75899591,76380376,71945746,75652743,75470402,75666898,68414431,71709528,72801495,72914334,76417078,74572994,71836860,73427001,74807444,80249640,76718468,84013453,77077102,73952934,72746883,75482015,75171337,75831465,75047049,74111998,71647884,71377870,77583400,78995903,74609160,74994167,75632373,76666415,73490370,76909855,73213325,74017000,76048935,77974346,75178064,75419827,76602388,81085599,77062420,78224069,78324716,75106182,75510232,74579823,73456749,76643253,79219334,71269642,73208684,75750794,73570352,71698696,78136090,77432187,72040046,73377706,76024599,76748230,77480697,73837658,78766896,76223346,77719983,77990240,73457584,76234069,78043810,76966782,75429711,76067582,75390374,77362640,74353699,71520956,77518802,76693346,75859353,78296235,75731799,75237978,77378011,74612152,75436898,76027522,74194372,78482143,73019164,81383404,70507486,74277185,79227098,77279285,76514473,84245404,78212979,70574335,72610275,71748066,77606609,73994018,72682976,83738771,80512727,77501448,75288766,74798422,77201127,78617349,81289521,79119085,79706059,71568953,75442514,78688372,78271389,79914491,73130690,76360311,73586787,77565394,71957334,75038467,71805208,73646694,78406511,76550023,72873470,73050653,75476017,74902560,77911114,73316137,72020721,76875652,78568108,74388314,72207973,77875439,76988218,78920814,74276722,74567218,72233829,77068157,78414019,81078721,70660746,76108477,74301376,76818824,75271568,73919622,76437969,78008396,77512789,79203503,74354319,78407609,75608526,71663285,72929892,67085314,76433117,72599498,77900774,75363915,79758856,79227506,77225689,78132039,79462013,71344166
74232354,72321918,73910165,71506266,77616251,75563529,72783184,72032314,75067437,77433991,70862492,70711307,76591348,69900893,71376846,68853181,70105086,73416516,79223219,72988326,74598823,75075644,74048575,73608698,74279220,72999784,81569226,75517817,73064789,71523804,75807893,77414955,73792696,73709564,74113700,74177018,72684846,71182639,70566427,69741360,73236901,71478821,73125962,69007959,73749617,73882786,74073710,69276078,70768632,74946883,73797811,71681138,77661615,71002345,71003165,74763393,73171554,73731871,75325213,73737201,72787800,77638936,74290511,71032450,73993304,78452637,70387629,78261152,68754210,75991008,74516838,71940805,73917487,67510598,75056260,72885348,75976903,75737787,67745999,68744134,73594699,70739932,72645643,74796019,76124533,74199809,75180157,78323785,74296532,74249816,82102427,74490222,75030145,78557020,70606646,74684777,71350912,76562337,72318489,78525963,78970046,77429699,75354830,69698068,71106506,74527332,74426623,74238552,71748507,75773424,77502942,73439344,74754378,76690930,70498391,74952727,77970833,68261391,80158258,79022657,73945248,70875313,73411670,75711954,71431161,76781847,76998433,73683812,72497229,72764855,68458656,70612856,73831906,70579632,70094857,72955219,74649525,75797165,75861457,77988317,74992555,70667514,69993001,73894331,75955333,71303204,75909316,74939060,71736563,69713249,75687561,75348740,71846509,71912802,74674890,74619980,71903582,70572247,72464487,71811196,74767890,75682670,74600045,72454551,75540246,79122651,76405993,72839435,73234184,72795165,72696045,73000492,72869205,74775934,77502222,69822695,73939581,74495709,70404306,70687922,75137102,75511693,67939366,71892495,76683003,72753362,74465172,72454053,75131491,73179970,73301507,77577678,70883717,74661751,74495254,74771573,72530453,75063365,75408334,77253045,72327650,69849625,76418696,76568670,75732233,75583555,75456809,74698391,72950847,74747382,72407761,71730554,76950228,77039229,73296760,73989738,69445244,73699805,73190915,73642680,75715885,80567030,79336693,69762445,75070200,69036652,72489497,72828395,71562080,82753543,76019613,77197928,72478573,71640602,73811976,77642189,75498277,75464058,74486856,72604101,73899601,77578321,74486948,75204632,70820481,72415040,73608669,71955226,69047137,75878960,72201241,73210962,75390158,75448312,71008616,71225103,71701291,73368178,74555977,72441454,69096501,75275310,77670744,72991619,71361797,77100600,74269507,76113247,75250832,70407655,72569482,72131237,73318766,77009180,71623697,72885523,68313462,71958807,71877698,71610982,76576350,76018121,75254262,78599723,73586821,78229204,71691120,69550252,74902035,68604060,74019886,71047671,78298290,78203644,74493630,75486713,75892258,76945184,81801236,70944068
73690340,74125799,74184250,72853929,76483866,77087095,76151008,71805454,73295453,82070931,71891761,74149021,76035298,70309794,71031003,69143389,71814386,74788565,76055355,71768918,79031688,76768040,71000659,77470670,72661823,74965160,82324533,75647968,73084722,72531580,76289434,74764016,73194513,72288079,73694906,73459750,72007246,72246176,70774985,69979124,76243203,70966933,73269508,71919147,73620591,73107656,75779598,75385159,70964086,76288940,74216130,73932834,72141619,75309194,72226775,74972123,73842724,74021010,74035014,72317310,73381271,77850596,71557268,71313185,78434745,77593970,71064644,78054021,70967553,76169302,72268299,72840730,74261091,69712468,73696615,73646194,77237426,76145175,68392600,71460802,72441722,69951807,71858632,73749110,72672829,74327221,75084286,75498884,73234566,75710768,81412036,74653957,74345442,80305958,71079291,74617026,72851012,79591725,72202754,78487510,80579426,78335083,74519508,69810408,69826604,75295942,73178168,76112456,73442994,77310518,76262624,73144267,74174402,77293496,69473540,73983740,75773131,68123870,75176570,75740532,74123861,73139754,73834191,75364222,68340831,74848195,72897038,73101384,72273401,69334360,67849110,71686735,75071555,75369686,70468493,73073133,76725998,76374753,75338838,79261221,73625476,71154211,72299120,74458367,72002062,72026299,74816941,74898592,71697374,71236723,76208107,75238375,75049622,71537240,74329134,73667739,71891500,74137257,71366772,70124060,76619463,76654044,77665647,71993749,73949893,78315157,77415224,74880392,76556769,70865375,73530190,71540459,72492533,77463084,76377741,70380274,71360928,72889955,74363515,73094194,75437254,77530275,68981979,70950151,73584099,73032376,76126969,69502596,75888778,73643257,72990564,71904268,73448952,75624928,73779023,73394500,74679312,71335156,74969319,74074038,71035164,69354316,75380259,76324870,77062022,75206383,74506608,73140988,75337633,74657804,74277346,74783558,74244405,75848200,72758724,79762407,72630135,73918977,72875598,76320315,73523868,83161954,77422502,72518398,73190887,70155924,72593261,73010506,72143996,82479041,76332389,76376850,72265908,71455200,74577541,76049533,78522202,76126811,72281185,71228347,72463676,75629422,72935090,77005430,71778329,69573287,75202510,71745573,72544320,75459067,72514497,73143110,76064627,74641119,71823484,70555779,73887544,72988883,74211112,72640577,69192583,75072960,77886680,70415065,71731564,73079692,73665939,76682169,75882245,71342534,72006961,74456192,75577480,78249010,69161415,76676032,67991418,73252099,77128926,72763428,74385570,77958995,74521020,76273111,73921907,78766228,76684694,71105976,75599040,69779470,76675185,71889876,78901127,73709841,77108043,78630027,79437442,79178453,77659909,71496091
76321012,77936846,77452652,76601157,81450762,78567907,74765279,76286203,80151015,81618879,79247475,77560318,83103060,70135610,76197297,75398910,76406713,79385175,81857275,74755448,80888976,79943525,77022018,76630084,77544308,81841794,89114852,80309234,76497325,75046794,80664731,78037134,79701262,78423844,78559523,77363337,77871152,78246269,76929125,72984201,81871494,74058086,78000494,73918432,75577330,75527564,77897079,78684484,74320760,77362386,76679111,78163078,79563235,77300178,78235485,76434437,78636024,78201273,76516167,79212368,81346227,82861795,77307878,75191125,78477622,78658908,76573874,81225662,74091630,79894130,76289246,80059042,81435357,74783370,75840569,76788211,79793149,81233866,70193877,69495164,82800754,73618302,77808087,81044235,81584231,77789686,82522959,80703843,76914844,80445728,87976877,77569398,78111260,82067381,77331671,80415865,76939664,82187328,75738552,80576472,86366892,81651069,81635117,78930206,76417706,78200566,78945165,76927420,73591667,81732021,79736231,79240017,81779423,79850754,76058946,76029804,78686726,71117474,78732691,81190797,80596667,76460752,75740696,79346162,73460172,81252224,76210893,81037576,76679648,75858141,74663275,77255791,80686800,75885225,73722173,76340570,79109137,83975970,81952580,84019590,82689233,76906608,76645566,74998556,80409344,77730514,78152830,75792968,76376222,75265301,80439944,81484609,76928691,77544981,79120526,82153037,74669487,74674664,78645525,77110544,80778208,81562762,79629440,77946763,79630253,79170536,80746520,79804783,76436179,75957921,77557453,78031899,75388028,78219433,81889950,72870016,78331108,79527895,79075400,73510761,80302262,80373350,74004811,75105831,77036021,78953456,80285938,74320231,81800302,75474482,80303194,79008110,75914231,80194289,79764925,80216546,79198163,79555534,81104529,75662194,76639961,77289116,80997994,77247241,77449931,79432824,78690743,75779229,78439183,80396586,76623061,80203500,79736135,81104894,76867918,83108970,73104708,76403030,81127587,78420886,82810236,88053887,85501981,75920170,79870994,75152098,77569070,75104497,75739002,87537025,83990911,80708146,78358364,75936417,77136667,79635373,81859575,80156822,80372626,75327394,79600328,79802866,78870779,79506431,76266246,79244378,77149200,77978100,76458109,82230080,75423002,75643179,82740006,80669762,75474786,74931841,82810276,79030357,79489247,76476980,73960703,76281745,82069014,77331606,72801893,81093474,78337089,82167857,80281097,76279872,75898686,77009352,78932561,83294276,75561749,78657729,75610090,74707172,79564798,76308328,81435429,81139348,78605636,82985650,79392754,81757053,77828982,76127598,77558068,73339415,76460828,75632364,81574229,77801685,79988663,81770162,79016714,81345921,83733430,77612879
78198768,78717528,76312785,76629738,82503487,81668230,74994081,76653822,77120869,83358970,75319603,78171344,78565278,75013695,75002620,74983002,75150235,76486903,82207496,75631962,84260605,79206117,75037981,77486968,74378304,77245885,88402884,78670823,76912681,76556290,78036581,74069448,77258431,77809911,76025728,78179254,74939890,76093442,76108570,74881347,80541324,73575478,80163587,77383799,77867858,74944410,80187929,77114608,75700066,78897158,79256930,75779465,78762942,76488261,74631468,78365118,79488766,75779008,78149662,79838533,81401107,81728768,75064187,73517286,82083312,79723982,74944011,82654001,72965269,78186958,73574033,79991643,80150941,70269447,80329326,77429873,80908890,82062136,70918986,73193162,80343147,73590189,75708550,75718331,77219006,80301198,82047135,81487531,78039990,74720764,83507683,77067574,78273464,81763353,76113744,79402938,77323013,82881848,78031174,83177380,78938592,83658983,75906213,73765014,77958617,78670686,77727333,80875814,75419522,76551520,82312827,77872433,78623373,79746790,77390161,77886756,80582776,72001374,81064599,79553508,78164944,74897449,76715145,77732242,73674737,73865709,74228877,79962825,71076659,75755255,71934721,75884097,78347083,77199908,74592889,77137914,77547538,83167099,78772766,85584198,79634623,76345179,72682738,75726520,79999362,77857004,75296259,74921681,76414700,73929408,78538471,80095218,76976476,71795162,80621281,79522841,75577302,77198705,75045989,75598019,80410486,79233732,82119614,74776505,80152549,82851657,81334303,80574242,79441820,76219479,78003325,76925743,73885008,76532310,80249213,72856280,76700157,77107162,75482945,77280114,78005050,78151728,72505911,76792433,75590540,79526799,79150916,73511105,81327530,77246683,79408886,80991840,77381939,77834818,75831425,76681492,78138266,78636326,77521322,81063017,75324579,72339868,80876270,76964531,77104789,79492904,80125583,79165782,74312300,77849596,79004183,75768646,76210689,79625021,78901965,82679794,75809228,78935995,77732791,78711580,78619692,85599753,84279897,73243496,76468099,73468185,74492449,74545599,73790305,90208830,79778700,81049630,75831280,74663589,76713902,80806649,83152638,77871677,81432980,73360015,78702022,78745383,78449647,80774934,77667731,76152537,78617766,76167749,78408560,82624102,76428996,77849243,82292249,80847930,77458364,76891448,77998332,79702701,76776553,76748395,73816582,76570127,82047374,77056104,76169531,78495694,80786612,80405138,77382804,76448400,76201057,79192408,77557502,78596805,72623397,76984434,76868054,76894732,79436030,72416455,80562988,79386290,76725581,81216553,77978209,83946388,82182776,73340675,79314652,72884718,81085834,76445919,81990912,78169116,78722512,81051261,76115441,79515812,84442592,74353273
71756384,73286216,71992126,71981791,74647257,74237082,71142564,70449754,73387746,75893240,70961288,68011968,74415084,69881484,68566620,67599603,70488257,71724753,73912463,73013299,74538223,73268244,71064019,71629155,71237609,73529006,80833159,75561534,68638585,69573932,74675785,73262871,75180447,73835962,73254938,75904858,68729978,69880514,71711032,69109102,73596071,68557847,71844971,70219953,71505608,68676246,72664118,67197385,69830710,75902551,71582455,68620770,76927833,68535149,69028945,71416650,74045303,71620157,71128549,71020376,75726115,75841537,72170130,71614764,76222698,73951541,69868280,73436666,69452591,73224210,71356945,76472693,74889436,68414548,70856654,71201010,73800647,78340580,68882880,64379453,77049510,69264948,75689590,72846606,73852068,71979699,78129408,78065204,72958832,69867940,81114202,73035818,71264595,77868364,66660201,74586844,69615773,78179971,72671968,78174440,77258411,77020670,74323294,69095853,71845404,68067446,71777830,73816114,68765626,77069915,74339323,72458943,74801437,73778583,70327528,72776561,75100811,66076521,76341271,76189564,72695340,68522226,70124258,72824927,69775543,71634428,73815137,72558410,69842002,70551555,69536414,70059752,73219873,71041347,68959835,70693197,71704160,78142856,73621730,77345470,69730903,71483548,70270467,69602805,71373610,72292304,72776760,68724217,69865336,72228556,77367489,73419816,71823428,69226871,72484953,74466894,69246738,68198849,71387106,69159215,76621125,73583167,73330778,70970571,72798323,74764269,74915303,73508395,73211217,68942027,72079380,73467897,69462869,73912625,75397076,68819285,72562611,71809797,70304169,70803893,74518449,75830821,66279484,67073596,70388908,72855861,73173711,69564377,75732066,74058889,74394233,73960977,70190683,74114569,75595638,74150615,73585105,73850752,72397150,73733368,70857447,70726335,73228836,74143269,74296559,72165628,73961392,73676593,70904139,73852060,71229610,73091130,70659606,71733709,71996941,74687625,69482282,71649361,74017104,70096525,73585846,79232274,75975898,70268820,70138233,68364818,69811675,71255123,68090868,77689631,74408896,77346895,71875408,70687041,70736276,75557922,77113959,72543383,74668682,69264619,70136019,73950326,74282876,70402723,73332873,71088547,73849645,72396317,69141903,72402844,71367726,70091076,75814829,74531948,71807846,73544729,72088490,70733013,72932374,73843785,66579012,71469868,74302137,71233152,71698164,72759254,73931931,76345909,73173618,69614829,71489269,70593131,75537553,76148333,69711005,73611973,71499712,71285008,73390671,71877728,75020458,75557635,72617326,75341720,73032987,77049722,71848058,72140307,72772932,64817035,71436043,70551158,76045069,74723481,74825684,74808991,72923490,76065565,77910140,69392567
73530803,72051099,72742427,69462794,76040872,73927977,72373033,69258466,71452578,75932939,68141263,71449470,74247153,69635387,66473869,65926013,71729892,72121533,76054451,70071857,72626988,71100912,71885063,68349813,73224769,73993502,80931491,71644580,70551328,69138500,75447702,71131933,72871640,72154210,72022130,72797698,70237526,71038446,72887708,68944447,72753698,67180317,74311989,69774732,70491998,70583197,76189321,68258018,70809330,73374353,68990151,71602526,72728414,69730720,70567300,72077290,72622547,71172993,73589088,69487744,74187360,75216810,71327140,70165355,78326362,74095459,70329421,74108188,66626432,71948845,71458892,73484210,71978758,65484961,70907181,71076148,72933242,72656132,64393307,65089876,73511806,67219194,71817325,72457077,73905789,72955425,75994998,76143052,71066162,71044311,80876633,75369498,71851932,74042514,69527809,74710899,69789988,79275518,72424357,76596961,75957527,76468884,74868695,70665010,71443934,68855385,73194071,72733651,70086845,76337858,72425135,71281349,74637370,74723647,69976035,71468178,73597811,64982453,73649092,75224098,74552630,70896731,71040721,71232190,66408431,74581220,71285216,74869465,71097578,69590134,65597062,67976641,72838893,70711832,68251724,70258229,72268549,78966381,73848038,77480397,71853775,69423822,69737147,70566186,74558556,70462795,70947743,69576158,69065249,71329977,75645720,73703772,70966799,68369186,72880852,74700134,70433871,71134407,71145537,73164117,69583825,73888658,73431329,73147963,75131719,76022460,76653376,72270066,72978108,70636074,70389437,73265668,71065227,74651510,72061877,69288813,72906457,73118972,73432026,70573430,72170997,73499611,66533197,68767347,71294305,69868322,73549865,68089629,73258297,68136430,73426830,72616095,68471845,70417446,74803433,69768455,73386776,73722948,72598823,74010759,71585762,65873844,73541934,72416164,74464809,74553023,72280797,70099056,73461837,69675065,72485972,72428856,75162482,70748773,70633916,75969670,69324456,70838313,71643337,71986932,73763509,79741891,72707275,68261621,72595905,71439085,70095631,71918445,65294923,77605153,75995921,72949359,71665436,70090467,73040375,75604898,75969067,75423280,73929174,71097660,73818152,73959709,71348360,72543465,69503910,69550577,72887769,70025532,72024042,72073122,69702389,70021050,71715917,73897376,68940182,69747593,74412716,71444466,74327179,70617153,66629881,73768954,75503704,70167617,69181359,72499809,70849747,75442392,73837711,70070953,69775266,72839579,73570156,76374763,68967568,74604306,68825032,70304113,75712575,72080763,74054577,77326581,71554882,75778415,72210172,74372504,73060958,70203421,74080111,68672493,73042354,68606561,78400354,72898732,74629198,76324597,75228626,75906191,78793001,67419343
74278957,73461345,72083451,70449055,76310919,74994154,71480333,72638674,76979784,77954558,71867216,70567722,72283458,68903820,67509283,69959746,70112757,73773204,76813318,74540295,77226546,74485550,71659351,73199423,73002843,74113457,81171465,73629127,70573295,70168855,75705178,75352123,75789370,73031388,75157902,72614768,70944334,70703632,72007563,69628031,76178473,69849126,75632853,72020151,73158999,72359733,76477648,70768267,69736382,76498704,75813385,71901153,74142624,69910680,71252048,76386752,74675271,71399765,74166997,71302193,72657542,76107275,69900301,71443124,77582594,75472591,69115417,78008626,66459853,74446242,71747335,73889594,75224119,66239417,73056292,73624454,74953952,73705157,65673708,66383299,74715158,69458001,73066035,72846013,74224831,76853896,79880673,75919755,69402723,70265699,79535303,74655894,74245701,78228439,68579074,74663603,73058026,76207290,74417196,72926962,78048952,77687127,75727569,72104681,71828748,72461714,71686535,78048028,71532873,76481294,77596601,75590030,74236590,76034373,69798626,73419984,74145583,68096766,78859591,74629930,73870894,70161517,71848048,71323609,71594122,69857612,73024221,72130720,69884226,71770794,68185501,70362477,73999531,72727497,67958878,71145348,72532494,80307431,77260098,78774042,72338825,69222701,67758026,71560307,73262978,73043795,73182200,72271066,68802927,72036152,75578378,73232022,72498123,73209691,73088824,73099093,70848355,71130774,69522747,71326944,74754345,76504849,73761081,71454482,75511413,76651854,75475247,76719106,72251986,72233445,76086872,72719453,69165381,74561751,77513414,67648159,70256565,70698097,69968295,69710196,76048545,76060794,68418710,68141758,75359783,71973119,74870015,70932193,76260600,72395831,72567152,73097911,73632841,73817885,74483462,75017796,77162950,75764913,75651673,76354515,71998489,69651620,75954414,73589601,75986091,72009592,73316844,73635025,72391876,73377551,71601446,72509123,72763940,73909439,75765962,77676882,69397850,71036538,74595285,73586663,73597652,81885449,76665949,71281757,72059764,68228711,70651508,72925387,72462640,80830291,75018443,73815394,70615503,71026012,73683918,72500390,79066004,72624132,74408219,69734988,73559928,75977282,73859469,71287200,69974745,73648609,72863705,71374537,72772093,73320151,72229103,69953270,77979101,73135525,71226018,72304596,74006200,69955981,75492936,71174538,67406912,73584002,77725709,72075834,70557212,74677457,72217194,77762762,73999127,70640285,68491700,73030434,74768836,76716280,67403845,73755358,69476368,73392477,75869361,69343476,73554352,73183306,74298370,74996385,71525242,74452883,72742207,70001028,73698700,68503048,73455187,73840455,74081820,75315931,78235412,76816619,72340140,73466209,78680629,68806057
74994635,77575581,75045465,74352683,77885514,79977103,72994529,74080752,76302432,79718282,71828906,74608342,77045428,75111065,71286549,69811447,70670530,76069618,77253795,73363961,78748084,77795292,76061616,76476166,78739854,78510975,85084268,76919612,76071684,75810223,78196023,77959404,79673058,72577427,75731596,77265937,71437769,77083465,75972273,73398355,79866303,69633773,77162766,72287606,74396376,74631139,76353624,74335349,74633123,77262696,74692415,75780922,78563701,73807831,72483235,79777773,76697611,74223991,77421765,76203242,76432622,81300293,76002444,73848765,80899710,77998750,74112006,79513006,69701101,75915029,74559840,75467198,78026187,70660647,76835046,72878795,77615988,79669072,68542170,69123354,79286565,71318258,74306181,75420421,76173671,76167372,81799861,81170145,74337137,74184620,83532228,79487531,76156361,81301608,70695497,76475768,74003282,82261517,77979528,76992185,81163428,83065709,77757427,73433187,73882386,75445931,75730262,78833182,76026600,80957375,78929628,76340066,78841536,77503584,73021614,73779948,76080492,70412016,79001538,77784649,76691664,71160092,72163551,76135683,72458323,76215247,73542687,73947325,71221920,74539636,70497584,70515767,76729003,74478581,71792170,73378319,77705793,79545608,77697826,78756426,77113277,76707495,71565403,73164606,79186096,76080645,75314893,74880354,73634704,71912016,80519726,77495264,75856954,74556173,77596274,75642898,75105881,74414769,74507469,71925096,76296358,76903785,78123041,78487033,78216548,78693685,80052765,76500811,75020839,75313518,73328725,72651526,71417952,76207221,79772165,71232991,75343031,76684626,73706544,74274535,75174687,78364041,71264122,71778479,72463907,77096115,79121918,71501605,79956955,77295619,77510381,75651203,74937987,78523374,78314213,76501546,77486072,78270444,76062350,79340495,74001774,71123702,75813973,76126332,76756228,74741600,77518004,71937466,78589684,76528319,75854539,75974723,73823236,80896641,75950576,78196057,70270255,74397714,79553115,78601405,79737659,86483519,79404998,72606051,75361705,75005859,74041672,76924314,73190277,83006274,75326253,78058748,74777105,75396228,73353432,76209415,81016354,75463660,78274272,72982735,75038116,76335441,76222629,74850608,73487251,74374613,77743173,71428508,72377284,76361934,75918936,70827554,79942848,77363881,76352943,72845221,78421901,77671750,76239977,74852658,70874699,74871799,77998886,71098913,71948767,77383439,77400383,79295380,77723193,75166019,72111303,76658954,78801376,78059851,71917879,74974994,73590696,75127524,79784991,72049883,74659104,78139277,75058929,77624171,76998535,78202270,76868093,71820004,75803874,68451258,76664308,75007320,79183327,75980491,78745800,79296680,77996963,80560680,81155001,74408258
71379365,74593297,71585038,71246343,75415788,71222566,69447332,72585380,72664364,75693548,69350610,70391390,72713531,67251216,65826136,66874806,68852240,70569577,72524890,72628637,75184289,71581278,69731645,71197896,70027182,73724990,83315220,71843858,70995856,67575195,74707293,72685995,73090130,68900523,70761040,73381700,73417296,73095493,69528401,67035011,72470589,69916149,75881646,68829722,70303824,70534261,72528122,69281006,69383321,71618731,70010506,71818071,73730477,70590952,69938914,72396389,73866939,68128283,72148687,72192198,73771368,75788440,72474841,70927829,76239890,72613422,68794090,72694746,66543955,72123548,71600628,74199822,71784573,69045194,71111093,71780062,75633410,72035413,65391625,64825357,75516502,66170637,71357308,71460911,72452637,73513052,78438038,74852840,71464350,70291798,78360741,72853099,75410492,77624839,70366908,72987534,68045832,78388707,71786264,76176726,75763784,77239185,70879005,67766497,72212581,75406444,72442966,73483714,69389996,75592805,74258663,71589258,73416559,75504682,69890264,70723935,73203402,66584958,75648924,74955456,71539567,70000273,69355666,69440848,67377914,70402377,70887599,71448924,71269637,70862792,65834014,69128360,76717856,70041204,65450325,72166494,69802329,76641423,73977491,77238313,73522441,71242846,68417036,70058869,71666899,71741433,71461968,71246143,69472554,69968462,76144954,73586026,70874665,70125610,72263105,72453078,67966097,72396921,67738395,67543882,75455690,73830209,75703839,70283995,73634487,75321008,75741421,72655633,70715632,70193442,71706012,70225548,68552171,74571174,74716211,67733735,71802568,70136816,71086026,68356507,74789563,73870741,64678328,68340899,74451105,70737502,72001220,65479217,77476928,73565741,71675374,71778093,70222608,72792591,73327649,70241183,71691222,74835815,76140283,73125821,71584575,66207538,76374313,71336182,72453348,73450243,74958176,69667702,70437300,69197002,72979357,72027798,71462641,71994070,72188287,78475769,68304047,70227249,74683527,74164496,74051696,80463825,75966129,68587591,70154846,69232869,72789882,69955359,69305029,79707953,75864292,72568853,69384727,69511996,71242940,71563513,74849378,73862262,73780547,68539294,71334371,72675487,72961063,74918482,67727760,68838161,72243156,70104771,69044794,72177038,68856437,70339959,74502316,72292861,69991690,69067081,69853614,74450481,72086991,71713365,68913814,72475577,75606991,70388348,70684904,73452100,71967119,73432824,73950298,72729046,71490474,70901105,74874197,73268858,65999307,68544045,68346297,72378544,72360516,71245286,76411766,75778232,70048356,75502760,71683372,74168860,71997362,70833382,72194715,64042060,71701645,70829392,75161553,73802040,73811880,76682824,73065570,72254236,79955598,69078108
77484421,78675517,78974168,75612645,82478328,82039390,75596494,78713131,82707111,82801856,76895503,77673597,79724697,76610728,74375179,73489689,74777461,79514941,82629183,75188447,81967117,80404559,74173741,76542905,75849092,79892728,86585748,78479749,74947769,74315378,80645669,77380592,80230446,77329380,74669645,78941140,74863570,78482855,78463156,73898546,78610366,73179699,79887030,75637960,76618968,75347545,77925927,76942104,76252078,78510774,75795162,77278938,81149584,75568266,75755870,82729338,79495770,74667167,80491625,79415116,79219876,84635642,76440915,76530387,78639449,78165388,75280756,82417351,73143579,80517705,76509073,79844096,79590714,72225956,78815840,76605574,82776881,83156881,70954036,73016559,77514403,74990560,77518862,78794435,79888347,78798991,80696133,83579068,79825625,77545227,85363107,79960086,76138145,84008895,74212058,79899464,77216325,83548529,77531318,82827349,79695039,87552546,78310452,74892320,78363942,80065455,77052339,80869312,74753476,80294353,82952248,80259086,80269171,79612769,76853995,80139244,81523324,72288946,79962308,79243826,79622209,75976570,74754020,78567822,75661088,78284486,80258065,81360009,73211490,74595092,74790633,76777247,80711286,77065598,74649173,76969147,79060709,83955089,83451212,83768488,80859160,76581708,74666221,77106134,79778520,76308339,77143575,77141299,77743529,75499080,81706730,80574622,76336049,73549171,81289367,78547972,77278715,73996660,76792339,78020046,81085515,77569199,78871710,80610136,79746676,79848085,83157814,77151262,80343044,76551193,79216983,78695485,76524763,80304050,81926679,73090112,76630085,79404278,78103380,74394569,80284848,79873922,74558484,75820559,76346340,76915924,80347840,73176979,82442875,76612258,79119408,80379659,80715262,79266613,81149397,82919418,78423252,78753960,79295782,80389257,78246686,77278845,81549253,79886216,77381196,78344806,77404365,78905244,78186412,80305280,78580425,77735026,77596235,78447103,78183279,80612049,75073290,79437048,82636946,82731604,79775498,86216882,81996531,76361399,78204192,75775278,78115751,76836882,73452538,85310870,80476451,84122052,76925954,75654820,77358120,82816921,80480560,77838397,79183192,73316069,81520048,78567788,79028907,79156233,74014240,76985977,77039736,77604341,77962183,78242896,75241469,73994462,82407614,80084506,77988959,75113419,78090190,78456333,80186858,77535623,72621417,81921109,81511935,77611264,75097195,79254496,79879719,81586336,79676165,75164731,76131072,78704222,80094316,81516801,74075059,77583916,74354380,76553846,78955536,74293170,81069324,76372752,79367362,81351419,78928956,83958177,80253412,72713472,79538311,69236297,80277801,75230405,83621454,75541957,80822813,81993249,80103212,84413954,87533567,74010051
76096207,75258464,75302641,74131936,80124369,77468035,74636999,76258398,77582199,79513196,76601694,75294416,79756850,71631291,73088519,74056420,73173974,79613663,82870524,74657580,80372390,80457782,73891352,76302074,79970346,78187948,86595843,78875991,74442665,73749991,79926105,76849718,77616863,76900172,75201141,80390819,78557680,77334422,76582785,73989976,77245200,73052614,78781816,71341777,77032994,72756055,77364319,74997615,75267300,77936360,76400171,73545815,77892005,73525161,74452050,78034484,77345632,75734454,77299302,75414588,75792689,80522495,73898721,75219359,80882655,78373199,76651311,79144356,73255899,76577730,74897211,77114231,78641414,70066453,77080202,76614108,77320135,78959774,71286319,69520384,79155231,72558141,75496528,74383374,77890796,78561824,79822436,83531190,75458330,74370637,84090144,77857635,79154551,80074061,74076129,78544360,73803199,83515919,79274925,80302236,81751455,82149251,80135743,74260786,76072587,76471325,78672950,76397224,73370650,80603737,80007217,78011389,79864585,80737885,74625475,75034738,77159798,71536901,80929143,79001583,77331029,74363241,77632360,75330173,72699123,76068384,78601148,77084999,70795251,73493751,72045368,73612205,80435693,74123539,74697121,75021589,77167646,82677605,81151570,82556450,76236240,76172826,75193027,77049841,77199300,74086112,76554218,74247190,75490741,76111277,80407130,77885478,72765671,72307225,78170349,80764880,76105887,72590651,73463806,76649364,78052891,78404714,78147912,78682094,78311861,81212117,81593272,77375339,78977847,76708554,74777325,74960200,73560222,77575181,80634274,72998877,78111709,77744806,76723594,74906984,78460000,75485452,70924341,71891130,76588064,76720656,79066857,72067511,81058020,74336357,77699138,76460794,75165543,75861419,79281233,75296534,78575915,79347479,79817710,78063032,74373096,72528666,78840591,75690930,76879608,78761426,75698175,75650668,77252601,77612412,75662575,77581531,77570320,78164724,76082974,77998531,75123366,75179693,79504540,78440399,80305375,84402339,81680921,71972648,77689967,73744633,70540011,75285219,71918978,87268348,80375626,79244570,76684723,73229154,75078518,80783324,78714365,77902036,77453434,75034893,76655967,76503326,77553790,75805840,75028368,78011350,74283714,80759152,77163635,75524219,76165971,76517605,80629275,77731404,75469763,73288122,78611745,76187499,77849519,74633651,72719039,76719521,78684757,74313902,73180411,79062817,75198743,81133820,75996947,73198723,73341406,75011957,77792967,79814582,74341960,75451239,73707286,76615857,75810142,73561858,79797035,81964976,74497953,81075199,78212391,79388984,78810163,74815694,77421074,71454717,76837101,73757571,78547981,76166381,79170941,82077669,77158222,79668060,84357448,73391474
73059403,68552216,71445595,69927911,75023697,72223563,68405602,72800119,71383811,74541639,68886538,72001913,71122161,65753734,69703731,68383907,67564311,71470918,76947711,70640448,76997115,72572621,70009453,69294847,71919278,72751273,79868131,71644589,67547705,67129441,71506227,70811159,70014167,70643206,69411390,70822685,70597318,71979809,68720161,66691181,71307223,67825971,73045472,70092053,68894860,71315442,73871703,67648233,67181966,73605442,71014898,69215648,73299950,68395605,65868861,72242980,74353242,71396634,71155424,72490295,72454445,72610692,71051556,70201579,74320600,73832752,69056999,75922932,65546878,71515429,68448391,75261252,71565168,64101210,69144926,72677427,71520163,74820658,67221727,65204667,72172034,68009894,68076263,72189190,71352554,70533823,77295748,75316678,72112162,70633435,77804224,72403153,71260018,77238763,67279847,72445595,71517653,74299691,69873785,75722166,73296916,77972612,73880551,69313130,70640811,71770834,72715744,72415394,68613530,74389343,72714641,71671981,72545660,72166535,67429027,69097832,74624987,65648809,74690647,72024930,73258082,67314536,73171569,72290813,66224038,70734488,71276095,71169173,69696189,71185040,65310619,68037532,72390668,70037870,70265502,69642573,69392949,75478080,75348478,74340432,72873454,69347418,69636519,70951351,72772993,69930407,71718016,66002610,67777054,66377649,74891294,72946518,69723147,69258670,72956806,70507006,68030469,67234281,69158281,68161087,72858752,71976632,72805744,70305702,72305328,74588795,75707040,74358404,71589368,67669786,67596692,70459702,66076524,71466025,71430947,69128291,72637442,69642426,70439163,68561921,71609165,71558960,63938532,70949262,71793134,70804921,72738594,67328933,78717140,71055976,71019469,74400398,68395947,72571036,73901300,71765922,72930450,76089811,73573189,70592595,72178824,67798919,72820159,69566449,71574092,69420842,73984792,70706783,70447455,71004807,70586171,70178174,70279420,73194960,72118260,72588849,69112505,71566771,71592396,70866900,72676376,79881032,74675943,68365872,71737738,66354469,68071159,69982635,69742871,76399471,75188696,73527636,67904452,70909495,71651260,74545087,75687542,73329665,73455031,67665094,73091350,70299185,72971037,72038916,68502982,70488024,70690134,70228011,73267428,70167490,66149667,70702613,73077867,72039789,69540995,67279141,70932077,68459128,71212234,67703776,67468606,72065762,74277907,72105729,69337476,72610384,72516125,74089104,73095222,69981423,69234332,71789321,71989716,71523669,66373432,74113799,66453821,69429299,71816113,69847594,74514309,74436405,68720040,73612145,72150361,74970045,74134486,68652834,73367512,66217248,71033617,69255096,75390566,71991966,73622051,72983347,74125145,72876194,76390203,65720551
77029253,76964377,78191257,74626373,80708522,81543062,74936420,76307034,80133864,81962905,72656875,78033410,80829580,73530371,72721867,74134598,78736839,78630434,80251114,77907674,83232477,78852919,75157259,75442198,80136905,76880728,87411040,78598671,77303306,74331302,77199437,74332035,79902191,76606972,77448283,79343461,75932522,77681501,75932005,74180561,76587706,73146450,78793255,72719542,74608027,79663388,81304139,76863098,74018678,81090593,75308979,75211956,78772541,76650699,75899101,80750091,79923156,75817864,79528317,73443718,76615849,82808564,77046061,77006106,78178637,79990523,75834315,81584182,72922744,78030301,75300436,79219292,80496853,67957886,80847620,76362550,80519389,80011749,69115049,70047874,79872172,73564160,74663555,77428672,80076343,76572619,77368219,80542638,76048241,77206315,85073588,74902686,76159591,85135099,73389649,81684254,78710027,85205750,78105965,82007075,84736208,79714778,79145893,74363066,77548363,76264768,79134219,80512007,75627556,80563494,81269128,76261356,76838849,78973073,75930081,77624055,80878645,71332938,83138858,77984269,77693313,74813343,72275732,77022243,74442614,77937506,75438880,77663760,77328456,75489549,73399931,76399713,81199135,77234412,74230612,76311922,77751837,80786356,81434300,80533988,79328125,76813728,72648243,76286351,79895912,77043182,76526291,77201789,73691991,71859705,80924602,80244712,78987151,75683546,76798172,79858816,75670302,77176322,78570231,75780169,81283137,82484002,80645915,77161606,76757499,81782450,83885461,77472385,76548075,77624977,76773054,73462782,73060050,78734330,79355872,71741676,76148844,77131447,77666132,76278919,79976195,79973479,73503459,73151783,79271607,76700362,77258594,75135517,79887981,75971913,78565001,77891428,74968618,78464908,78887497,75941673,76844298,78506858,77881523,77612847,77017139,72375908,79999580,78923572,76963580,77085187,78949951,78209203,77963752,78019702,75290880,78232376,77122571,78872781,78031921,79938009,75147948,77166803,79389886,79705972,79364856,84427076,80893412,71918447,80171221,71885848,74517468,76703160,73279303,81691878,80431003,78443091,77859632,74147283,81278726,80961820,81973137,79426151,76070273,74279492,76682250,78372594,79640007,79932199,76650356,73422565,75934762,76574687,77739865,78730977,75018392,72504089,81513100,77698172,77266304,75168072,76287854,76923500,77390417,74852901,74719446,76929167,81817608,73663786,77062391,80918465,75745552,77966691,79424125,75333733,73643187,81159696,77375393,81622576,73623707,79673536,72536986,78438034,76267135,74446712,79057613,80394176,75873145,81298181,77751975,81576690,79414721,75287372,76769634,72217380,79557839,74312122,81355140,76959854,81182958,78468154,79867920,80746749,85293633,74257878
75878172,79357179,77423082,76121780,81373437,78064051,74835624,76337898,76697664,79879487,74953761,73712132,79645901,72057716,73610193,70299946,75536043,77859264,80541858,74935982,81227931,80254485,78323864,76988740,78149701,81654823,85922264,77058120,76066369,74461652,79261203,76331211,77023573,78023194,77279303,76501307,73227653,76667967,75309171,72984831,79412707,75973430,77455463,71916310,76175371,74491421,80920749,77042684,76074083,79301658,75923667,72146816,80001382,77411509,76647679,78999371,78822646,76624197,81574687,77872203,75070143,78556713,77528626,77296337,77031051,79085035,75224949,80913222,71180052,81268202,73465126,79617014,75271892,72786284,75497268,73606972,79999345,78757408,72387284,69411485,77437920,74384886,75962017,74707997,77753431,77833646,80840017,84698849,77842998,75119250,85999296,77320946,76323549,79980411,72765456,78319887,75081607,82598516,76371710,81472507,79305756,82112513,77458792,73963021,73741230,77859982,76533496,76558975,74918878,79729721,79308362,77249480,80509622,78933013,75235488,74115758,78666423,71560644,79040309,79507835,79650469,74939839,73909162,77942092,70946483,76686214,78419131,79782851,71637946,74283527,76148085,73407360,76773120,75069669,75173244,75051851,77551710,81160192,79930096,80816486,77969096,76074272,72410462,76009098,77996330,74289158,77033658,74107603,74799955,72178717,79168035,77850296,77626617,74645703,77913814,80982676,75052549,73498938,72227132,75234406,80157794,77602146,77974424,74947139,78143796,79641923,81726779,80828080,77342036,77476231,76131226,77240185,76215651,78861636,80093154,72008358,76306139,75151334,75679762,75032302,77141822,78945980,70999055,75726249,77361771,76527015,80029759,74747791,80854135,76584304,80157637,78930597,75970136,80364223,80615811,78485715,75868866,78514164,79713472,79180724,75945329,71518247,76510139,75050198,75837125,80421837,77076667,76526474,77696855,77754434,75942244,74630866,77687486,79122535,77040963,80924059,71345230,74964563,77781075,75572817,77425847,84403041,80090981,70188857,76914561,73001061,75652871,77642041,76150757,84908554,82143960,79005077,75419324,74684331,75393827,79482332,81593058,77412343,81507942,72148593,76615331,76143812,77604871,75605501,75284497,75428168,74755287,76709163,75649163,76909046,75617096,74809600,80620886,77375438,75521793,73405315,75112640,77098774,78501789,75933157,71893944,77107725,80264334,76478370,72982511,81570455,78168203,79508599,77552984,75402223,75695955,75534426,78619686,79605156,72585074,77610196,72156584,76759658,82247450,74415976,77229661,80341129,75160282,81069530,76337830,80993700,78379212,74023085,75284514,68819794,77229747,74582338,81067266,78604163,77300906,76682729,80162525,79593669,84596520,74714910
75921674,75775017,71690488,73003918,77117243,76347188,70672335,74505603,73214562,76012804,72410349,75968233,73517692,68225340,70052044,71250406,73214485,76346380,77809374,74386917,79059013,75178365,72209539,74510794,73939482,75262378,82866649,74649720,70635637,69967275,76364239,76085536,73681442,72643072,71187086,74947106,73470364,71318808,71290638,69955907,75888325,71905131,73670416,69246665,70724620,73780373,75079161,72160965,70314066,75849725,72556180,70173716,76362723,71140608,71841573,76401712,76623152,73893258,75410443,72507575,73563778,75155234,72023291,72118293,74342655,77119289,70087662,76797267,67701055,73980322,70944044,76089486,74600210,67511717,73247590,72063958,74333139,76748106,67226221,68683262,79139060,72173926,73570006,74351035,73042528,74247716,76295282,76257695,73730512,74421241,80455613,74957340,73328022,77203809,73230844,75548152,74293480,79353152,76521610,76860178,76413186,76590919,75839540,70029643,72843651,74737646,72211037,76485009,73233319,77151259,77710423,74896619,75001392,77117051,71165813,72931750,73585686,70717893,75834401,75925814,74738669,70552862,72026221,73437793,69677383,70930003,70074417,75443962,72275607,73891732,71337471,72024602,74563425,71193486,69978210,71744995,76115930,79051815,77338984,79957903,74118668,70494200,71773440,71576352,75749045,72710865,72896818,70315237,69995331,70663332,76855368,77723622,71797039,73382380,74618538,75540998,69552601,72641996,69993595,66702801,74405868,75475882,73880014,72819533,75216433,75266811,75693882,75967334,78020984,72824335,72731137,72135250,69089503,75080977,75129757,71839839,71288528,71132229,73887838,73924360,73688513,76172113,69753108,71105748,74623648,71332996,76238356,68803192,76706649,72939872,74411344,75421430,73603777,74577991,76510830,75030488,75086131,75709366,75679976,73997380,74505590,68755794,74048595,69410441,74218905,73391884,74069891,72573545,76592787,71198623,73579965,74421830,78228911,72591576,75325472,75564646,71939667,74552745,77597083,75298295,73336206,82331395,78571532,70112813,72166621,68950639,70641168,72928393,71368093,80422245,76292439,72366844,70682604,69184696,73832081,71166465,81211381,77515787,76226249,72553453,74230725,77991760,72242987,75786199,68565248,72683826,72711788,74326292,72656618,73879677,70360642,72339595,75663624,70536976,70823387,71099914,76835416,74445362,76578469,72908916,70014560,72896659,77769187,72308763,70170767,74690205,74911313,74869792,71815979,72444491,69995598,73543136,71607173,75405929,70256282,72383862,70758342,75567374,72834564,69637955,73329248,76071865,73854338,77991255,73841185,78976356,77107495,68699540,73392850,66399709,76160241,70740897,76451984,72610958,76396652,75527836,72632948,75269516,79042308,73223334
74437616,74197398,75118391,71865233,79735783,78904419,76756074,77264764,77732201,81634636,73765591,77938008,77097964,71751080,73493981,75043833,72826293,79221054,81379527,76304830,77904543,80798599,74607402,73804273,74913138,78590621,86310277,77426611,76709645,73166728,77212634,76366527,77237969,73724543,76833459,75105072,74214540,75800739,74773269,73445862,77113903,70494705,76586014,72763165,74810041,76499172,76849729,73052484,73590207,80623298,75412597,72696667,76687729,77924448,72872816,75814619,78782424,72893804,77199289,75980560,76056141,78684605,75657706,75128260,78695793,78457255,72380191,78672022,69910052,78091659,77720485,78433198,78722865,70312200,74786326,75601896,77601217,78041739,72059578,69281557,79935412,72358100,74211752,76196000,75058188,76274580,80426209,80726631,77352484,75531457,80531510,75603515,75897613,78825494,72373718,75693999,74530540,81146326,76550408,80845608,81954942,77776362,72828448,73167595,73536410,74969347,78129897,78670253,74040792,79308945,80221642,76288049,77847993,78626702,75268719,74588404,78045975,74154706,77408990,76100200,77677530,74797828,75212022,74223742,71350472,74984622,74576081,79386832,72961125,73584261,72358163,71142663,78725072,76758873,72621775,73715893,76733261,79601058,77927670,80451146,75271522,72872478,74604385,76095133,77418196,78438668,74030813,72889256,74352274,71170472,79427281,78397906,76295077,72518035,76118671,78093592,72575670,76152530,72717806,73956936,77959636,77092923,80799301,74771251,78431720,81234402,80283127,76916270,76904488,74015755,76502013,74234574,72234793,77423459,81786618,71941027,75000946,74424152,76001647,71817622,74840792,79144359,69600846,73663124,74654349,78453963,81438838,72148773,81401506,77519977,78806736,79275665,74358310,78213654,75156367,78360639,76793491,78647805,79263588,76966374,73941164,71555184,76977117,79367233,78266685,75833086,76246094,77224884,75388037,76538458,76766242,74646164,75739280,77071391,75318557,79523638,74227984,76502154,78091511,75689763,78070006,83558922,81052746,70695087,77983854,72821979,73375515,73975262,71088700,83161791,77392472,77912285,76767038,75744838,76967056,78760695,79996572,79655893,78434971,71784563,75554446,77203565,78557123,76743361,73353794,76242143,75673373,75212900,76364505,77257332,72176745,74464727,79208579,78848355,75787028,72214062,74810052,73566355,76990533,72196182,73689289,76004473,78288451,73665063,72623549,75486743,76372550,77184045,80059661,74282762,72762948,75832044,79208475,77958269,70575922,79561938,71531040,74018292,76301176,74455290,78864384,74848900,76360410,79959931,79107191,80426615,77969262,72074176,76079332,69548230,76703598,72702113,78194481,77357574,79047868,77391694,76653922,78883953,85246743,72885308
81278272,77920908,79610208,76665459,80893598,80930985,78808085,80142309,81805269,85155411,76550211,75657240,80157836,75372321,74534204,76768197,76064017,80142064,84397608,77600224,85600999,82257593,77829427,77378019,81247802,80958824,88773626,76644560,80976559,75144346,82119282,78934393,79393348,76659430,79368322,78767653,79477252,77878485,79345291,75761540,78472359,74714394,80161791,75217667,81248512,76375206,85617352,78168354,75016423,82705097,78020847,75675434,82590704,81223688,76594520,81072491,83180897,79050903,77786517,78708236,79767475,81390632,78004540,79511500,85805910,79391271,77398627,82506618,75281536,83876117,78548372,81594890,81924168,73984042,78767142,78433458,79485130,83904597,70793816,74356327,80255821,72366473,78580779,77783145,80577836,79285670,84508952,82956886,80878973,79967362,86315781,80355542,78220620,85843090,73651153,79546489,77944662,82830132,78745516,84670305,81619214,81248848,82438442,74852837,81746397,78711494,79721905,78892785,76080824,81692916,81160900,79320307,80466144,81393205,73991529,79726890,83470716,71250988,81407472,82037013,79932508,78060733,77627860,79841961,74197455,80217672,81218285,78684297,73519956,75058061,74014603,76247396,80793819,78015971,77729300,78896142,77375575,82849068,81920984,83636538,80051237,76951393,76203328,79260565,76616537,80381107,76820193,77189947,74947927,76912510,80805642,79964632,78232531,77005635,79598679,82073440,77569081,77959698,76576236,76858437,81999067,81736486,81265507,79136245,81581486,83439808,84874590,81581564,78710166,75493556,77547629,77729817,75446108,79148457,81249823,75009832,79456657,78848282,78698530,75280324,80606160,80955829,71538517,79689400,79514560,77602062,80252818,72968516,82850870,78557966,82341027,79946153,76748679,80868285,78102487,78514534,80263876,80485713,79314170,80110558,76032120,74143423,81070110,80663445,79019965,81063547,80156695,77852671,77179443,79498730,79209690,78878962,75695817,81718017,77460967,84534313,77217021,77669833,80050609,79028139,80556489,87367658,81665171,75444564,76135955,75058247,78654621,77832675,73383456,86560373,84265157,83206284,76818956,80811955,78129592,81523133,80722182,80015394,82250151,75725505,80728545,78473198,80821671,79423096,74827995,80876459,77985953,77990941,79829251,76201451,78311865,75618869,81868861,82557855,77746584,77582079,78331010,77353365,78042310,76024030,71938080,77963838,83671259,78925063,76523478,78941078,77787603,82391029,80894095,77240139,76771123,78649215,80302966,82038542,74477983,78790267,75808601,78398180,80690232,79514930,82563924,83497216,76864574,83417892,79620704,83567991,80003196,78435702,80936877,72767976,81507783,77116774,82874117,78809385,81012171,81771832,79916982,81581685,87276465,72675733
73919729,74424350,71199897,69273366,73867597,73257587,69541846,72319053,73517366,74970691,68169380,73012556,78315254,69660160,72736438,71814222,68976071,72203252,75732497,71835143,77986389,73332007,69511233,71242306,73977189,74116206,80754365,73135953,72074161,70322851,75627298,74852431,75090410,72613282,72307801,71940020,70182129,71702761,72449614,67679761,73588518,69679266,72494118,68922918,72754095,69334315,74765455,71892766,69902294,72502579,71302647,68181719,74481529,70943996,69992060,74495444,74543799,68364339,71961808,70286199,75135435,76285768,69786962,70336451,75668714,71475036,69568779,75773956,68456782,74553335,72202291,73652336,73996888,65998955,73616913,70381571,74257769,76052538,64940516,65622309,73945255,67189766,69929816,72992851,76453600,71750609,78194629,74877277,73786164,72150414,80610890,73393096,70930829,78700222,67999652,73611116,70617773,76583725,72122400,76748269,76370249,75313044,76019278,65320947,74374737,70340590,72974585,74663063,70285806,77839492,73171569,70883322,74898921,72249668,68492041,71634800,74833492,67010471,74257452,77186934,71556289,69198417,69470579,72329358,68820472,73888951,73644530,72441827,70340443,70930708,64675948,68953797,72470324,71193788,70555816,73556476,73394552,78440694,76065822,75169866,71883591,71664721,69248374,69836554,74494539,70337248,71728492,74927658,67638020,71546749,77215726,74242187,71238142,69889158,74268305,72714699,68355479,69649883,71755595,68301523,72150061,75514268,74274751,75273920,72522470,76807270,78381656,72858711,73521999,70842839,71619017,71194401,66105776,73701864,73142970,69558183,72341670,70128907,71844698,70925023,73623881,72897928,67580891,68714519,69090717,72622617,74034359,70880965,74392911,71060644,72870047,71264479,70473321,72736584,74202468,69135772,73079649,73445460,73010426,72989007,71468925,70384108,75261428,71801993,72443937,71599332,74252638,72590097,69199069,73053484,72277531,72514413,73272743,78326963,75218757,75473796,69152414,72981916,74635971,71205991,73974616,80702014,75159901,69245044,72025618,69380064,73258510,71206821,69515218,77142131,76377562,75230781,71871736,71334665,72974717,73012815,75935668,74771768,73857973,70707966,75432527,69757080,76456027,73376481,68738602,72032969,72501182,70036473,72145333,72090014,74894052,68501723,71709813,74119162,71140589,70721471,73127139,70529206,75352314,70187341,66550281,71332959,75340391,69288555,71571019,73680379,71544350,74656180,75112652,69758969,68938045,73043646,72578895,74935233,70418410,70853686,69165806,71935011,72101981,71313411,73377560,73915473,72150884,76223478,73245499,75548536,74736707,70182220,70297595,68725941,69777258,68935243,72586510,70620184,74864750,76139874,73480243,76928278,78735856,68430439
70658604,71530803,69875109,68653117,74824394,72078904,66967569,67565240,71219280,74263891,70660090,68561032,71750881,66972252,67360923,65859983,67245377,69133190,72123470,68089634,71181635,71859565,69306959,69331764,69994433,70580556,78751911,70895079,69114351,66555975,71576590,70131549,69673583,71182787,68218938,69123934,69236871,67318388,71045954,66526550,70933263,68221539,72688302,67538868,68187528,68127409,73973046,65929286,64251287,73808531,68451640,66422616,72247251,69752162,66339383,70510569,70525770,69027819,70366789,68031110,69893133,74946848,69203312,70003047,71131111,69604501,67053849,71911470,66356228,69297171,65863727,70070684,71747709,62849540,70329214,69431721,70524446,73187568,62354846,64689433,73945058,67305224,68072354,71679261,70441398,70498062,74224587,71504980,70965255,70351807,76045361,68560827,67538218,71109781,67621386,70278294,70533903,74780039,68954712,73789275,73561250,74014626,70903106,67186945,70584734,70530253,70372363,71212258,68170715,74257250,69726101,72297858,68609431,72919365,65456356,70210983,72024377,64749905,74762774,70276276,72613133,65512288,66501939,67809584,64275152,68183852,65908943,69189826,66694297,66776436,65253661,68272460,71314899,68455922,66380077,68057097,67380044,73956073,73276576,76027041,71814341,68380240,68137612,70201736,71362223,69731763,69505671,66231000,64702395,66725213,73463572,70049870,67687317,65833855,70961840,69336080,69607480,67710667,69831041,65914757,70993485,69185731,71481174,68489672,71932493,68990766,72331226,68716769,69696301,70763139,68237484,68602106,66177546,70403067,70294019,67842559,69335409,69196592,70246666,64483641,71896263,72028286,64673108,68090850,68758137,70324415,69645725,66701099,72226275,67300932,69407811,68446618,71231847,71090268,71222373,68254052,72860130,71416652,70766662,71386405,68192353,66855848,72960248,67537989,71239010,68982943,70023283,70113336,71307971,70241917,68958518,69748486,70072028,71640276,73103373,73714013,67312433,69269441,71517340,69510444,72476346,75319478,74252629,66521120,68003293,64388798,68650713,67515887,65755631,75952715,72012214,71393218,69222806,66593364,69764438,71568283,74812603,72793078,73370636,67249640,71188682,72358562,71385368,70408327,65499673,67452003,69558158,66895790,69019720,69435507,68466947,68054074,73339032,68868319,68188561,65828533,69709238,69043122,72148994,66007075,66845226,68207686,72032659,69406163,65740679,73253490,71912030,75086618,71453456,68356066,65396432,68304653,70622688,74164635,65456159,71106426,63347055,68970406,67680866,69029968,71843650,71417083,67431805,73595993,69322315,74356939,71472166,66020029,71547137,63084095,71382233,68146669,73969904,72285103,71193266,69849808,68887512,70728959,77788754,66234362
73835705,72131493,73894505,74618431,78938746,75835840,70725792,69636655,76518509,77217217,72129884,72225403,75294314,71388907,71153098,70680381,72175193,73271612,78155418,72179511,75028725,75284428,74830553,73102156,73174215,75964599,81218928,73898860,70747902,70639199,76881543,74986749,75037573,74413505,74710392,75004291,74831310,72185359,74668283,70429721,74904933,74524828,74545538,73322203,71952105,72453923,75111503,69409829,71494993,74296534,73116263,70705423,76602922,71135070,74864743,73153408,76340521,73051374,77777251,74303475,73609732,77808966,70643650,70584857,77038640,74396374,71518589,78926574,70160781,75404781,70481539,74404193,76318962,69241021,71283490,73847637,76988360,77307973,68416126,69502675,78577637,68990904,72523029,75051652,71499542,76761484,79141707,78433913,74869326,74269061,80040528,75310234,74847423,75855558,70086706,75476211,73803860,76317419,73628570,79295170,78388441,78120639,73334286,70166815,73465121,74872992,73053409,73175232,72309841,75038672,76619802,77425192,75449953,76290882,72311657,74566347,74923476,69458358,76727174,74973077,73782354,70036881,70710295,75061629,66617534,70881813,74112172,75243276,71263325,72078551,70901053,70942675,74218918,71077619,71101732,74429532,72759430,80457717,76323030,81001823,78094696,69976202,70145058,70561840,75100996,73561162,74666975,72883315,72214557,71217401,76718765,77681565,71366634,71868918,74975908,77820725,70918955,71406846,70570340,69514378,75953485,75202562,73453770,72111649,76210652,76590418,79397419,74758119,73560018,74281862,73845042,73681355,71079233,76602575,75807061,70127135,73874304,72502630,72233063,71207771,77101260,77707355,69210400,72672438,70955421,72854172,76271797,68195334,79786878,73699678,76491483,75345272,74768989,76104457,76027042,74677495,75479044,75817563,75542506,74874745,72906415,67834036,77700894,72300425,76550933,74423169,75510132,72926502,75430855,71245640,75300147,73191265,75363153,73669703,73052177,75779864,70228329,75052367,75492901,74823894,75441926,81741179,78130688,69990728,71707370,71689882,72903002,74185669,70028595,83120841,76389225,76871907,71969131,74709271,75845546,76008590,76814578,77207347,75957956,71756626,74933273,75849470,73456727,73688932,68533388,69793314,71846804,74523108,72630720,71533031,71015302,71449157,77232288,74808232,70855754,70573694,72603339,74706882,77871084,72862413,68127974,73969501,77235367,72802795,70690113,74616072,76763277,79824363,73021643,73998769,72820544,73017126,75729973,77814720,69766136,74720811,70857109,73399008,75395086,71663422,75540809,75007003,72981681,78709638,74612768,78732341,74826058,72577836,75452630,65033371,74308492,70682985,76838471,74434292,76316233,76754561,74744152,77686790,82122057,70562117
75508036,71449616,69987738,70290780,75107036,71834011,70537845,69098295,76923452,77921569,70392870,68641851,74333543,68311871,71409391,72739708,67968887,74742050,74580706,71395808,72744254,75157788,68778459,71115109,73301821,75797922,79537793,74001282,72732856,67617388,76936970,72538969,75956012,71502739,71033373,72657115,71877710,72539861,72062066,68033762,76648139,69263263,73144044,70294380,69393976,71909949,75712342,69865859,69031493,73156607,72314520,68047298,73820915,70814441,71948597,77341404,73161073,70440553,72575991,73138877,73193722,74735997,72595962,69932184,77352321,72701869,69760865,76155987,68616072,74892153,69796133,71186591,74830972,65263880,72663569,73354361,75991374,74663039,65950319,68078349,77843776,70391234,70585912,72360240,71583373,72285960,74268210,75490855,74083366,72585226,79705913,72985213,73494410,77437020,66934805,70607867,73085525,78228549,68791112,75682277,75823725,74149583,77391885,68764107,71921156,71454292,73814188,75077883,72777475,76242924,75580147,73183843,72086827,75960751,69291646,68452924,74401719,68245613,75876159,73667817,70759783,71551042,68826189,72337607,71516128,72084223,74201498,70021488,71272599,68698143,68381722,69726246,73705187,71477334,66836495,73237311,72505242,77250881,76079001,74951466,72872909,72047249,69447964,71633081,72933603,71939875,72596900,71749358,70138661,69601877,73844000,74203921,71733452,71534213,72639631,72711772,69915626,69628811,70310247,70878123,74242775,74810669,73488685,72398592,72628801,74082826,75688079,74722742,72167992,71119264,74708814,70564159,67986797,73945524,75149083,69315233,72627134,71646661,71136942,69845161,74930141,77697485,67224498,69917190,72997369,73859138,73343380,69200641,72746888,73255440,71636190,69946688,69731012,72860665,74675050,72314228,73894450,75237864,73521454,74928291,68440537,67579553,73451052,72864077,73421159,72971297,71764819,74381647,72316411,73475910,72762469,72122701,70272456,74319566,75148370,76877842,68483866,72479359,74983000,74591640,72049166,79024948,77042277,67366883,71979346,68262312,74430374,74761602,71154398,82103560,73612866,76816255,71690146,71558366,73001828,76676594,73627967,74177868,72456907,70676200,69977380,74986907,75350762,72106258,71581843,71416012,72632657,70946444,69915277,68750322,71775318,70366114,76154057,73584776,70876566,69752400,69671904,69543009,74289520,69654859,70712476,70785241,76474507,70353736,71440395,74062700,72399497,76623727,76798483,69065711,67899809,72194486,71631260,77973159,67885120,73608495,70000388,70327485,73593931,69219519,74668092,73134912,74452712,76747541,70097798,75321537,70555066,67982588,75726557,66012989,73515155,69167149,74293084,70997838,76574327,78134901,72419807,75471945,81208735,69633531
78497265,80665837,75959640,78434244,82359392,81206822,76868174,81112509,83653087,82276520,76802387,80140819,78708631,75206045,73421131,75438275,72110081,78871653,81945636,77222515,84099850,81324303,77220624,76729073,80086329,81139493,90149017,80992654,76038367,76457566,80312879,80248671,82061077,78738820,78029407,77847508,78583932,78337604,76804746,74208102,81111830,74236890,82613133,76042146,78874164,79651218,82698702,78848174,76109220,81772273,78513701,77123544,81867009,77088239,80671006,83105017,80516169,76808856,80410663,76936652,78205957,84516495,76867897,76948364,80879040,83126952,75196960,84068990,74772692,81298385,78046348,78228702,79251062,71842218,77868479,80813943,81422115,83295014,71964885,72974734,81367759,74374762,76384636,78531453,79013434,81455975,82751386,83140857,78877126,81148375,86587363,83887210,79451288,83413070,76547210,82635005,79066321,83860920,77387464,80947181,80616666,82375244,82051412,75155190,79344914,78007115,81119903,79720402,77610500,84726233,81992703,79286502,81127992,81906802,77808611,77483151,80385162,72851280,82407709,81607289,79071684,76459741,78239384,80559641,73614212,77073707,79817450,80749441,73719326,77800835,74365387,73795590,81346065,78135471,76290672,79389264,82586954,83972183,83444587,87379636,79503312,79297363,77656058,78590153,81104756,77216862,80165963,76050984,75620023,77926540,84510182,83404084,80199930,78141946,78744235,82917426,77905244,77781188,74493898,78426976,81188975,80463374,83453151,79074491,80295921,82194014,85424478,81024506,82832390,77117140,78583661,77623239,75811999,81762386,80516137,76258610,79448497,78695517,78936889,77913789,81845328,80439418,72613822,75349566,80428822,78036159,79990082,73818897,85388511,76432931,77305296,80564894,77061128,77269054,81143519,76580609,79383742,78678870,79635715,80920514,77432438,75722698,81084280,79343118,80811975,80400571,79544731,79092212,75997254,78189843,78823889,79375271,79929183,80982146,79027228,83937631,73732756,79776294,79472962,81323989,81249838,89775906,81671388,75168659,80122184,72624008,77509852,78885205,74744246,89110816,82090444,81549507,78525943,75993632,79723173,83706746,85252582,78913590,78646770,78243200,80204342,81644800,80174728,80798167,76217573,75800849,78717109,78865215,77016549,79821432,74930589,75625306,82095198,81129439,76651072,76798007,79599621,79959555,81261049,76070788,74757010,77831272,81901860,77860882,76229467,81231808,80576164,82872237,79539074,77573492,76918009,79965020,79263040,85248084,77016628,82136860,75581291,80367635,80651039,77057143,82815971,80690050,78356831,83117859,79214332,81654120,80365722,73826216,80930217,73318470,80167515,76004765,82546965,80970621,81231060,81661840,82727339,81594991,86836827,76909093
76963068,75950321,75515282,74508237,80355534,79653329,75234247,75721923,75923774,80349025,72579095,75979327,77116267,73673425,71664020,75599070,75820485,76766792,81337875,76388974,80000350,77350131,75445776,75207861,73811914,78482541,88384971,78867830,73823248,70289557,80951632,76050328,76345146,76607557,75694094,79640274,73499099,73946425,75551984,72976190,76438157,75420835,77750883,74986889,75277459,77376388,76362415,71393196,74207584,79914985,75948481,75082501,79828023,75706943,74321479,75790952,78223197,76510995,78578581,78066322,79077266,82580298,74541463,75531936,79759294,79496408,73360049,78790359,72693622,75744588,73659508,82192878,76312346,71498505,78164792,75327006,77100093,80931565,70824300,70809172,77405018,72310272,75278810,78336159,75962276,79300304,82073211,79033676,77306880,75787253,83529820,77714458,77119492,81195221,73092230,77557904,77328855,81759981,77300080,80018408,81420260,80949677,77509181,73689782,77298960,77651491,77059562,78331929,74068635,77309042,76997777,77406593,77095427,78202442,75177805,76270771,80750582,73623063,80529773,78101923,79903030,73895551,70512754,78695582,71718588,75658917,77374199,78154911,75470624,75230899,73275884,73686432,75379577,75404429,74153101,76457627,76291798,80306440,78004631,82023258,78839274,75839003,70312699,77496623,79143369,76054613,76739138,73368369,75162769,71989894,79968928,80813542,74713761,74177444,78478241,80152410,75186376,71851237,74426649,73788179,78362553,75084630,78521076,74385402,77936006,79466267,82175652,77260109,76862800,75991634,75862856,75455555,71217204,78218264,78518350,73015528,75071107,76594408,75135810,72550247,78208073,77369111,68647057,72694891,76851505,76214132,77402522,73773952,82120942,79393969,79329598,78800640,76599170,79403117,76122961,80190501,77692123,80089403,77183079,77604746,78533556,71496369,78741392,73488707,75462980,77307010,80821214,78566271,75983558,74477659,75555033,76881643,76400608,76553818,78989896,78009795,72882931,76623079,79151307,77897771,77748271,84715441,82513949,72063885,75876870,72734163,73832320,74131454,70336038,81380248,82709308,78108026,76470480,74507665,77507389,79683135,81386579,79844719,79807228,74071613,80772147,76138790,77353743,79557112,75015911,73036860,77580158,76019062,76356527,75873264,71885500,74276243,80467091,77924538,77879937,72858420,76263102,77961963,77571680,73824939,73269802,76384366,81234331,74849953,73573092,79585081,76354346,78388946,76981573,74085647,75051283,78726164,76067883,78214388,69871202,75636911,75838702,75351546,77322262,74379418,80815134,77016261,74527012,80967271,79934820,80667574,80718356,75609170,77080036,72142702,79706921,71190220,80664585,77198477,80976151,78312009,79291592,77965180,84622741,74729549
75276094,74805921,72918239,74136893,79684158,79886334,73755179,78446934,75935130,81873252,77428462,75554098,80033232,74254457,71633956,72743390,74932101,74781499,81309001,76775223,78403976,77238364,76801412,76524792,75914551,76458552,87759291,78458175,74908382,76443184,81069607,75926847,77667362,76631020,74419392,78514122,75142245,77652624,74544290,73326535,77049801,73170989,78549868,72950463,76571558,76672649,78987508,72854951,74396530,78067292,76122110,74024957,78272674,73794972,74000085,75842734,79931466,73885466,77270032,74436044,77473823,79346362,74038663,75316746,77677176,79872167,71991782,80947347,71890825,77603556,75040602,78689465,78535094,70290673,76657141,76923152,79396921,82260542,71103489,71956298,80101312,72543479,76895612,79436593,78197744,78782066,82234177,80961575,77428096,77997320,83003289,78635883,78079351,82525483,74370962,77628392,74874059,83061920,75305297,80697584,79408122,81111351,78580945,75701290,76386726,74242454,78865173,77849378,72901166,79974799,78149773,75922414,78573047,78346470,74669144,75028512,77952531,71748066,81502644,77672396,76202719,72281488,72953870,75559494,72364016,74231686,77388377,79502294,73078907,74150847,72627714,74306905,75965412,74818743,73438719,76289703,77567139,82205730,81375927,82304224,79481256,74799249,74172002,76490600,76741081,76458440,75193467,75493838,75995165,77326014,78215671,81122029,74797727,76584180,76403931,80174713,73661204,76458851,74723282,72945140,79540030,82206931,80154653,74817692,75394601,78621262,81571057,78086167,77656449,72419422,74911679,75430497,72917810,78361967,76585398,72082762,77708995,74726902,75587450,70931625,79958550,78611179,72397772,72767443,76624928,76767848,77497818,70957395,81981489,76675505,77832067,76212427,76188225,79052418,77132882,78788694,78723624,74923393,79913876,76471282,75722293,73744986,78644657,78383616,78815105,74937939,78976826,76779589,76752543,74517830,73840751,78209957,75919259,78189346,77109713,81106173,72842622,74349573,77479149,77869658,77614504,87194723,80649175,74284435,73977609,72930799,75695081,75056564,73620537,86633596,78345283,79830462,76215803,71785241,77081182,80029199,79227562,76451606,80173157,72884942,78310295,78057452,80951591,76967706,75630369,77843460,76765849,77048268,77409434,75643055,72955061,72941896,80490450,76124010,75655769,77069521,77648724,77315006,78017105,76904405,71190012,76825341,79790377,75343427,76925698,76437563,77423953,78489338,79042574,75066441,73978765,77358973,77837664,81616507,74742409,77396947,71935269,77225595,73788169,73655520,80043950,78160210,76612180,78879114,75661462,81394800,77062101,73048135,76286968,69578253,77196177,74540796,79796825,78978369,80627223,78237484,77513875,81909141,83392590,70894650
75972228,73156341,73490531,73031806,79545972,75710149,72637334,72953428,75486011,79889656,74879869,72703081,77012872,70396226,70028526,71317734,73785897,75824473,81361987,73757236,80366928,76619377,71049149,74256821,74472449,77326743,85292833,74978026,71990604,70793493,77061399,76060993,77216861,71027663,74542620,75436130,72873504,72156743,74382944,70810830,76642812,71413827,77470051,72604743,75696370,71361952,78860023,73563999,72349797,75359019,73288998,74147845,78584888,74023143,70852349,74663858,76933434,77707468,75190592,75103459,78420269,79276971,72003957,72846570,77467578,73700759,72150925,79504387,68967114,76249736,72961534,76461551,74246283,67669536,73904349,74955882,75115952,78074322,65718981,71597149,76079549,73047635,72519593,76849813,76647307,76744882,78876708,78542057,74821792,74180295,80406751,76292579,76242733,79458968,72102102,73705252,73021154,79563587,76503683,77326569,74978576,77500205,76745537,71951329,74572917,76949976,76794496,77536582,71301916,76845021,77856067,75245137,76425370,78284895,71429982,74716377,78553628,67878553,79952664,80214789,74536689,70523728,73151342,74636528,74308577,74420433,76022215,75371151,69462851,72061272,71934031,72746746,74829898,72638627,73269393,74205031,74742001,78299337,79792712,79920643,74687976,73755712,72192401,75652195,76062037,75498719,75829378,73076394,72525006,73211283,77452091,79325649,72201925,73796574,74944956,76963586,72030114,71878438,69210220,71413102,76373034,78314597,78131724,72278067,78447445,79798203,77544543,76105124,77738026,73007930,74884193,72523470,72449008,73526834,78572810,70138719,74616759,73289436,76601749,72832706,75412361,77072305,71567798,74508054,74431158,75180676,75226005,70966806,77886905,74406124,75678037,76004432,75638559,75422681,78574485,73233880,77760444,76771958,76401785,75952893,72225603,69440978,74935121,74383357,75499731,78503367,77927263,73189472,75413778,74488036,78522849,77866035,74259658,77475352,75558923,79872188,70561181,75939191,76842263,76247980,76613957,83165983,80170140,71011156,71064363,71178870,72244710,72839501,72788868,82624128,78250265,79375877,71891028,74032308,73469652,77548104,76606706,77254552,78249838,74251735,77127419,75516779,75120710,74332182,70787622,73540669,75814863,74049523,75593668,75840476,72287966,72879544,76127473,75442735,71994657,72714419,74141154,74825428,75447868,72762659,72371744,76308870,76941820,72698894,72712134,76454116,75892222,79114414,73952014,73305930,75433301,75608613,73817343,78791943,71326572,75089991,71898504,74639939,76599740,72012512,77021750,75089476,74930019,77997021,73410163,78629028,74323473,71555040,76484661,69042268,76527378,72725795,77231194,73272813,78088627,77849266,74869020,78058661,82295487,72822595
74813128,74149251,70512702,72794665,75526470,75701751,71638045,74371087,78520599,76773488,70619472,73025446,76654260,71110653,73576122,72624760,71595974,73380714,80765246,73368163,79731257,75365504,73965805,72492039,73665191,75306450,82942629,74912429,73257453,69539300,79150854,75417086,76178936,73731518,71558191,76299463,73284872,71675613,72292310,72055813,75110389,72606810,77339639,69680212,74418447,76184710,76746670,70845145,69327676,72450773,73122523,71092007,73455728,73165242,74230345,77776682,76571410,72232233,72820396,74200141,75838741,79313013,73966689,72865314,79605606,75380817,71841155,76660446,69199293,76940615,71558194,77276698,77859471,67342528,74479051,73443333,77241773,75107962,68905490,67684771,76609983,71373319,71757496,75119332,73527247,75237549,80543029,78151070,75753930,73652697,83235345,74399099,76814898,77488131,70119793,74183081,70844563,77498876,74991187,79437377,77510343,79321845,77109790,70153129,74712058,72028692,76491492,76869656,73770156,76280230,78954687,75110874,74960585,74980191,68584463,72744631,75278078,70650384,78361219,74838643,72519537,69990062,75854463,72005950,67720449,72910002,74471197,75515909,71716909,72050937,67640563,66774450,74664185,76201932,68254476,74995753,72909883,80694589,77988488,81901069,74043144,70629350,74647491,72688081,74058952,71249547,76717959,72890400,72105226,73656647,77044016,79514106,71157351,73166289,75674604,76174269,73680186,74411946,72051971,69885272,76913121,76077925,73426653,71788716,77284909,78505068,79180235,73645202,76352710,73305068,75220005,71726602,67900573,74925231,78770325,69117675,73633878,73275688,73637848,72989475,76256123,76988668,68886089,69446764,74523263,74456892,75164493,69146669,79218175,72390157,73836919,75037253,71527321,75611934,74887846,74566726,76002902,77127342,73689910,70291037,72242646,70170742,76648787,74030292,79191181,72689757,74315490,75582553,72833668,73109045,73176761,74842034,72876900,75548448,76421422,78354638,72706499,75982439,74189028,72345594,74705345,85504677,79757889,72518126,70713443,69144154,73847884,73118588,70843189,80845518,75033588,76465981,70967096,72238889,77975748,77746414,77152529,78168896,75329505,73754843,73471480,75378270,73848002,74175280,73642360,73943640,77277340,73168644,71459675,76108016,72318258,70915836,77920269,75474031,73410874,73075955,76531560,73234459,74348317,73434464,72612982,74213774,77379648,69732220,74030460,75041839,75785985,77583895,74175542,68346314,71430197,72861767,73454396,76545724,70187635,77427239,69677028,72837159,72900941,70892399,75366761,75497409,76310858,77519961,73469478,76031755,74397239,70291724,75793861,69332270,73440852,73991096,76070720,75515333,74426675,77752500,74091720,78156329,81762725,71294981
71973322,70668808,74067666,72777053,77296827,77528273,71671254,71825988,74201203,79223235,71585290,70244194,76426138,71077856,70325240,70322093,72058115,74854584,78007160,73225614,75983844,73272814,73021967,70720367,73303798,73513309,83031000,74035243,65734453,71254938,76108400,72539946,73101792,73106392,73623318,75349933,71816726,76108397,74359465,71653460,72322146,68759200,75982582,70454542,72201332,73150854,74472290,70579649,69948762,77148853,73524238,69518089,76852839,75332100,72651121,73370567,76907537,71858204,74159330,72703311,74905538,78966449,71183637,72644940,77634606,73459099,71380429,77925281,68640937,76922694,72976772,77817288,72127084,69452703,73475543,74290252,75407204,78328695,68054348,69758565,77929582,69100907,72308811,70711614,72317288,74712337,78971430,77046935,77123066,71775047,80772339,78577443,72988939,78090834,71526894,73821759,70902959,78753373,73808051,77808328,76184870,78032130,73749383,72052519,73743472,73175377,75420365,75267189,72092808,74269144,77687141,74527234,76147595,75844414,71252537,73408399,75335366,68828402,77359423,73222571,76186210,70811780,73665868,73908352,66793971,71480269,74975053,73392731,69078508,71062019,67683213,70162384,75991714,73957799,71775159,71060812,72129484,78912836,75294193,79813771,76968662,71259413,70803631,72419959,75400500,71585765,73810446,70771551,72632329,71754568,77688086,76111133,71937682,69707659,74380960,77346025,69175533,75268199,70099038,71253435,75607703,78558422,73732306,71858356,74386232,77627286,78320595,72528043,74793363,70915245,74007093,71811403,69691037,75689161,78230645,68930092,72660385,72277906,71396879,67224204,76321092,74572917,66811397,67657288,74984334,70722860,74743163,67103205,76732173,74210548,74758225,74599804,72761455,74072273,75336850,74754334,73746738,76287900,76301587,73614956,73300320,72128188,77225711,73217208,74288181,73808281,77784862,74015843,72117184,73944712,74658308,74305551,70058357,73098152,72206081,79005363,67909532,74001415,74213678,74528410,76098365,81893355,78095393,69064252,72107008,70709194,71384060,70974634,68849683,83829940,77593849,75905603,71225834,71886623,72942833,73431480,77015233,74306336,77302047,70854060,73280328,74483720,75388756,74063695,71110423,72380894,71070866,74141086,73410941,73327624,69651604,71122646,80796882,76172657,72599870,72262003,71939523,74031291,74690157,73952935,70664152,73824134,76620172,70612611,72333055,75311671,73178950,76759632,74561290,72646749,72874646,75886015,77979561,79526902,69325458,74741704,70637993,72815463,71409959,70789229,76523137,75262552,73386194,76829353,74213184,76833440,74345775,70648636,73566013,67709301,75054631,70472724,73471336,78601446,74706591,77664419,71990368,78298676,80672249,69848748
74136959,70217620,71916260,69647580,77333176,75548907,72764122,72420396,73675461,76561859,71303291,74223811,74705524,69156947,68613678,69193352,70272711,73107047,77296503,71719135,76363631,74077438,72609531,70692328,72840757,76162319,79760635,74446488,73002160,69157754,76606435,73127083,74334333,69292708,74359092,72845499,71589215,70798655,74144637,68357723,75473724,70289241,74754530,68173217,72122798,72891062,72083407,70283863,71677883,75387258,72440119,69832826,76848585,72690385,72387384,75838233,74669294,71349357,71695719,71856442,74912232,75315003,72821509,71297142,75616188,74682390,70842182,75603355,69050024,72047986,70803820,73583737,75091857,66431789,71626862,72946042,75871486,74016997,68866667,69375283,76358503,66645758,74161989,71950950,72221820,73686231,77610763,77763868,73357120,74032141,80409128,72882258,73813703,76982466,69126277,73140546,71384161,78989920,71017401,79781682,76584766,79061230,75669888,69701866,70376514,73195170,71248144,75668016,72546541,76833737,74291064,74920579,74270650,73927806,73361284,70308193,73000298,68796682,76868255,74465265,72090207,71837333,72653421,72135833,69874505,72283087,70205197,71322692,68948928,71972556,67971389,67596946,71743708,73737417,71127429,69401327,74658163,77908649,76757012,79634073,72492641,69059361,70227833,72469246,70777165,73052956,75138588,70763206,72635406,72136929,76415078,76229161,70770588,72627722,72428296,72777414,71722132,71967784,69365973,70708792,76398303,77824954,75006967,70807887,75360144,76527677,77287308,72680019,72814477,70520428,73653586,70260395,68960042,73622242,73276368,68960062,72812906,71980111,73906750,69405946,76614156,75777518,66640819,71793210,72896383,72752772,73306268,66994491,77618240,71519034,72044963,71458647,70268825,75686868,73895952,72843174,72281121,74888601,74510781,74265190,70045209,70570789,74781068,71890353,72705211,73811914,71979641,75361933,72971519,72210846,74884897,74221573,71741867,74279477,74423697,76642715,66782419,71989057,73269320,72652391,77086481,83093815,76110703,70479652,72814215,71575301,70492309,71983874,71455845,78920720,76220530,74369563,71396663,71674368,73623947,75685466,75933386,75291499,73021246,71664632,72977981,73767895,72828564,74845006,73126412,71673694,72961811,71733977,70690431,72424281,67794305,70282853,75470689,75167680,71082131,69346426,73809241,72681092,74263013,71522153,68431237,72824359,72842715,70132072,72448464,73132529,71363262,75100998,74589376,72512268,70875427,71704183,72731981,75470854,67318291,73821123,71268587,71274115,74492987,70585793,73515278,73590174,74512777,73906015,73474574,76374795,73462336,69417661,75195158,67130873,71136111,69425988,75342971,72714461,75175104,74056781,73895518,75408475,82633365,70121736
78481019,77576745,75987341,74652622,81341726,80277342,74860557,74439480,78657735,82437352,73115609,73813811,80123517,70931616,73847223,72608975,77003905,77281241,81213245,74903135,78986688,77325921,76122639,77270707,76048266,78175654,87512550,76459136,76186465,73535989,80004936,77979825,78403864,76606193,75440456,77376532,73878037,74091822,75972713,69332242,78069247,70767882,80108876,76720487,75210839,76323593,78459539,73730424,73201094,79858686,76060785,76428682,76791209,75634224,75646755,76610956,78786503,76149349,77501661,75961436,78081644,79027134,76067955,75187659,79848785,79435728,73707454,79724613,70895191,80370116,74305409,79300636,75466583,72853285,76644304,76880204,78752700,77599917,67382696,71420656,76482261,71765038,74063141,78463429,78825703,79652650,81581218,78741251,75032015,76921100,84336198,77380080,78945942,81466148,72708839,78570207,76350583,79090959,76362836,81485784,82435664,80726617,79212453,77064770,79232308,75425097,76704573,78717696,73389916,77653699,75341469,78699494,79383236,79040268,75362184,76350785,76872164,71520784,77929826,80586658,77419535,74442111,73822897,77625621,74806599,77765879,76184728,75610608,73154258,73920181,72129968,74407628,78523553,75344661,74102997,73334911,76326237,78435258,79827970,82181859,79392295,73700100,76584624,75965936,79662025,77053999,75480321,75696455,75143104,72433351,81093213,80311118,74922649,77487979,76159488,81342330,72929612,75048113,74657941,76850973,79845921,79971645,78727228,75948361,78402222,81920298,82444691,78827912,76420785,76533637,76067883,76874645,69998523,76889637,81160330,73496730,73104060,76593026,76699382,72737899,78361604,78667873,69346619,74591855,78908088,74140165,80758806,75101154,78298832,75646761,78618265,76305837,77531161,76353984,78858886,75624937,78094178,75835202,78499404,79019729,75903295,73852983,79581216,77134359,73917147,77074203,76780654,77115914,76192433,74965462,78220473,75861628,76843940,79014771,78415271,81921679,71209928,78730559,81230788,77385308,78183000,86065652,82521689,71336137,76326167,72144944,75726899,76314353,73127373,84594782,81735702,81846926,75580681,74801946,76667836,80419486,81952420,79557778,78470880,75017766,77576628,76769215,74704827,77747515,73576324,76072903,78481528,75066670,78119835,77598328,73892668,76792674,80660429,80457053,75867813,74924019,77055913,76870742,78535740,72925319,69559861,77046375,80753267,77683437,71923346,80453631,77332632,77438127,78021813,77819831,73204712,78808935,77960879,83247403,73056288,78115009,75307725,79316884,78044058,74752743,79030289,77827851,76607745,80767710,76580377,84196388,76805896,73802312,74511211,71055894,77677836,73856566,79550546,77460155,78202223,76454227,76427390,77880309,82087349,74998930
77059884,78072356,78945132,78431865,80586984,78335844,73299585,77786699,79225976,77945018,74818200,74481815,76945473,73157023,70217682,73313589,74117815,79332672,84161558,76789865,83739794,77458075,75798828,75723182,76902859,78864922,85240924,78084954,75531208,73343623,77727412,78582497,78048502,75802093,77342775,80562027,75410793,74528892,76489481,73185429,77550266,76400223,78919608,74576473,76026772,75978055,80214435,74340332,74987420,80178576,77715220,75664853,78856811,77124541,76199297,79162933,77322501,76701053,77389306,74730349,79630629,81163174,75908050,72787089,80475881,82211745,73435372,78514053,69394232,75725723,76500983,79506984,78738546,71025096,76837959,77336415,81132041,77950548,69947739,72427790,79266499,76115289,79026337,76124404,82109905,78640402,83246719,82504546,78218993,78290858,86983618,79926405,77596575,81276646,73274509,77270941,75445624,82624267,77254962,81185195,81120180,81006473,77653535,75374046,79362368,76891759,81689175,74437429,75606863,79855435,80249654,78555101,81427162,78239156,72496720,74961363,77445147,71226178,80320556,78003271,77413608,74277059,75993549,77164684,73225356,73555805,78338806,78195865,72900031,74918667,73079635,73428877,79054020,73180888,74392299,80064088,74571261,81959868,78080902,82791801,80191931,73029441,75878608,74326560,76831289,76905465,75634726,75547385,75814742,76653256,81411312,81040204,79542304,72806974,76774729,80188266,76632550,76772527,74427920,75522252,79765726,78753570,79269930,76800924,80861485,80931616,77725194,79549640,79959409,72849558,74180838,76026373,75393545,74203566,79833443,71592913,76802298,76735510,77163326,75609825,78287883,78043385,70499394,73608508,77041648,76039169,79568381,70049023,80326960,76166301,75343484,78932493,76759227,78250768,78795004,76911185,79253345,78608451,79695245,77346053,75719076,71815205,79577619,80857487,81809741,81791383,78060017,74934526,78137529,75403331,78435112,79036070,77010785,78171970,76724209,83615555,74739213,77687743,77377852,80866728,78929527,86186430,79618396,74280912,77060354,73986183,77244443,78661062,76106939,84659096,79852420,79300438,75598607,75181990,76978216,76413143,82807134,79638423,78287176,75582407,79321701,79704937,78684998,75409358,73656971,75872746,74452021,75957694,77534811,76058037,77729808,73944400,80429929,80019771,75936564,78084809,78210113,76271359,77689943,75256567,73847433,78965977,81426063,76465960,73735822,77878660,75939878,79340231,78384379,75267476,75833120,79117891,76774027,80502915,72317787,79038741,75518626,76128605,77322657,75238432,77949632,80455590,77937338,82620958,74800408,81586955,77569447,74399316,78650464,71573331,79292044,75922758,80033595,78518968,81068819,81211457,79401463,81220502,84508863,75884352
79055936,75843227,80722267,78300225,81321504,81973716,78822974,79442592,81461680,81387665,78284886,75557265,82199389,78486138,75950965,74334250,74997612,80432201,83446932,78901788,81560547,83008178,76789134,79478611,80846564,82570332,86659994,79876097,73352899,78595289,83833981,79682894,79844823,74180275,77306309,78999484,77854919,79602467,77410070,77385550,80824561,75249657,79321443,76169893,80258943,77785346,81522584,77044569,76193673,82522193,80011370,74764470,81799390,80144602,77466577,83633556,83865905,78005324,83044074,79155393,78282678,80623603,78459881,76167736,81430118,81275238,76073214,83882701,71865845,81333724,80269891,81788352,79085024,75840544,80126776,77802810,80249263,83540347,73732557,72788314,82659817,75737283,77697548,81390917,79671540,81255992,86291033,84406921,80627546,79445682,85661609,81029843,82838424,83273482,74456059,82162778,76771210,83533177,81055184,82523474,82238611,84485354,78900608,77878533,79680073,79422757,81898551,80351563,76760086,84596679,80749043,80019926,80379912,79246831,76208545,77568820,77683732,73009717,82282086,83607211,78735371,75960147,77802376,81117496,74794208,78203458,78576270,79655760,73310156,77510433,74185138,74162541,79342956,77868063,76847680,75768784,79034180,84828401,79771175,83798060,80446708,76700585,75681464,79647492,79732124,78559079,81633905,78212699,75979352,77574426,81957755,81899405,79517983,80003250,80243170,82224708,78772993,77154010,76166582,75475560,81395708,81475296,78630990,77091199,84954525,81778710,81712664,80049098,78681249,77892698,78560432,76753759,75915372,82546777,82561998,74065615,78920464,77687075,76066704,75878281,78393971,81141678,72738860,78655359,78745093,79417494,79429564,74034506,83424132,77547215,80219129,79019779,80597492,80271460,81316758,79769850,83596712,81697738,81385960,78595295,76483054,70877486,79044702,81563909,81294376,79582640,81108876,75667401,81243392,77615177,76533756,79042715,79722168,78986791,78402950,81830986,74041401,76027680,80884210,78640873,81072609,87201935,85955104,75777324,78767180,77067797,76678456,78240252,74156291,87856771,81036799,78958143,81746949,78190413,78847696,81289112,82057469,79279167,84629814,73836215,79067209,83419754,81042970,78289672,74243549,79577474,79870021,75924691,76594198,79175250,78050452,74717939,81848238,79129305,76276788,76129766,79958242,81843201,77023413,78145119,76117293,77684378,84773372,76264080,75671002,81706113,80364179,82972451,79692449,80501163,75603574,77579074,84153989,82173645,74646059,78869267,71767822,79574479,81211080,75710317,78396316,83285640,77860672,85780193,79401661,82094368,78628870,76401560,78176600,71108060,80756479,74000127,81927506,81376738,80337765,78822433,79949253,85730096,86906170,76015616
80791151,75217261,75276953,75039829,80967228,78641461,75326148,76655119,78569388,83896482,76944467,76406733,83388178,73537799,75538571,74629303,73725448,79115290,85099714,79883225,80481441,79608355,75428892,76278695,79683451,81768789,86883395,76066749,76662679,73221159,78041656,79815317,77992292,72879271,80340881,77668387,77364439,79599054,76559303,76607201,78638527,76287043,76883663,71893185,75510418,75709828,80044607,73113622,73793206,81692272,78886502,75581646,80770346,76643962,76309717,77907600,78109795,76282776,77055517,75550750,76040863,81034459,76082797,76610132,80227626,78917182,74958068,82309422,70916639,80121135,75631427,80606917,79675542,71893595,76259829,77128488,81533193,80928162,71492657,70352945,79296560,72149450,76246341,76226940,79642866,78370646,83400406,83896778,78399427,74560771,86319032,80600621,78187721,83956578,76402711,76791704,77437667,82768351,77784849,82634048,83050972,84778650,77721469,75228003,77412945,78380148,79331921,78447837,75264280,79978607,79228413,78598616,79555388,80208751,75623174,78167789,80558364,74579862,82655275,81707133,77273095,75509177,77469252,77695583,74955470,79103287,78595803,77384575,73496139,72553438,73095651,76570428,80555934,76828157,76186885,76643717,78303567,83624391,81137147,83956288,77769428,76988546,73170207,77859605,76753626,75762865,76540743,75251119,75129384,75175555,83791939,78285799,76824359,73658245,77566913,78418938,74394511,75497384,73051512,76118841,81764439,79468985,79798193,78109925,83347770,81668441,80012728,80929038,80164339,75520316,76673803,76600106,72898277,77960974,79301374,74526172,78830121,77777060,78297703,74539540,78118173,83721732,72765335,74663549,79414291,79309349,79739431,73878298,83579145,78261218,79971113,78904493,76813584,78172873,80162468,78015511,78869366,78435563,78598826,76657414,75367383,73076724,79316984,80865843,80405932,77480922,76974432,77899016,77899432,75744830,75712057,77417370,75700601,79803993,78323048,82459576,75001493,78204350,81398082,78786278,77818987,87206390,78019071,72405716,78160922,73184858,74622275,76068608,74726275,87960031,81847571,79470972,75328112,76250206,78860676,79465819,82040765,80974007,81507076,74557285,79167732,77107158,77183491,78069534,73847300,78071883,76871374,80555435,75944717,76991895,74261406,76124855,77524754,80859880,75699970,77122182,76882701,74163761,77927555,74628110,74016716,80157522,79863776,75494068,74041262,79248109,76138296,79232672,77223434,73445274,75832388,77167307,78948339,82601488,73479510,79443240,74693370,77380829,75442874,74718268,79884474,78147778,75648600,81421038,80922802,83335368,79334991,75306779,76747323,68992569,78306651,74249407,78832270,77784562,80212299,80236331,78855931,80341693,86448979,72034869
69114644,68785248,69934074,68437209,75511526,72447930,70548336,71274243,72899204,77509922,71993250,69379039,73080841,69744986,67667544,68043165,67861290,70999210,76529150,72191629,75910692,74969648,70658270,70053577,70134314,71987711,81988562,71805584,70079757,69954860,73586608,72658411,74572453,72666335,70960973,72492630,71738392,71322112,66485310,68541617,72486628,67512530,74890115,69635375,69070193,70480947,71750541,69437668,70536423,72088159,71116631,71934574,73808656,70488487,69789394,74074092,74880794,69498475,74114583,72788535,71155697,76402972,69542426,68423014,73151137,71471508,67767980,74891589,67349472,72691226,68454424,71538110,72642412,68649276,71013932,70989342,72870584,72653877,65449312,66551914,74154621,69541009,70335820,73193786,71496365,73256767,76989566,77127760,72100268,71174070,75655697,75167573,73777672,76086277,68691321,71140296,69264938,75774653,70808671,72288273,73427362,77100183,73358847,68686535,69457429,71926773,72664796,75543862,69896892,74460825,75516176,72998400,71469959,72037910,70951830,71236837,73516505,67419287,75366164,73995653,73421089,71341275,68336832,71848702,66835830,69233605,72801163,75282261,67085543,68130000,69572662,69287244,71450073,71715569,70299323,67646989,70072139,75006388,75548342,77727645,73919444,70163521,67176568,69696614,71583983,69873133,71416086,68367008,67235810,68828346,73536853,76018777,70821616,68645464,71582445,73563232,68703892,69895528,69508228,68769952,73468931,74777636,74673989,71318949,75617164,74191355,75701972,72389260,71928646,69053196,73032170,69258375,69438977,72859331,75395139,66980217,74774150,70224838,71047076,67852192,72843116,74077345,67459695,68172358,72461477,72595595,71866724,66123916,76930169,71134747,71625452,70545929,71308080,74158856,73439638,70200813,72722408,74324757,73242005,71303458,69489282,65154747,71808747,72381400,73812399,71824617,70579026,70669192,71567662,72698655,69110296,71620721,71463229,72223329,72372769,75717614,66418850,69725180,74960717,70368360,72299943,79212796,76264806,69815647,70947899,69979548,70606232,72196449,70102070,79574655,73475278,73125121,69004672,70196557,69674072,72195783,75695893,72365387,74772630,70518067,69006394,73475603,73450005,70387930,70754699,72465741,72618319,71588642,70763081,73510977,67816763,66883502,76182914,72003256,71127962,70933680,72789077,71470619,71478977,72972275,68981284,70929171,74611034,71068132,70820923,71579394,71028009,77730276,75066081,68343707,68846265,69739009,72955712,75116659,69227610,72651381,67408204,72196552,72554362,68160881,74657080,73288164,69723560,72952656,69253460,74506382,72725872,68427296,70896022,64048465,73124358,70597447,76440116,70471472,76330834,76055566,73526593,73809640,77803674,67307107
74900960,76614940,75598743,78302743,80941494,79759289,73788877,75376876,79086546,81724083,76247381,77631004,77597717,74501787,73108932,71834396,72140201,76378074,82406417,76401959,83593526,81162490,76306632,77910162,78604307,78026519,88795066,77933208,76754145,71621108,82556507,76553838,80249158,76948695,76574630,77985649,78249916,77542336,75697265,72037407,78864545,70887767,82087929,75401523,78252722,72614802,82765797,76262847,73564224,79641516,75290166,77333018,79393368,75888661,76039103,80187945,80555446,76500455,82133851,76458970,81261393,81910841,74830912,76147418,77804076,78361142,73637064,81135272,72661810,79961895,74801888,80154534,82193457,72874665,76242852,75204355,80872878,81014903,71429374,70375397,83225668,75676324,75873168,79869639,78283184,79185548,83862988,80279139,77331659,77106978,85202761,76748416,79032584,83548160,72764682,79012743,72871838,81978219,77125503,81162156,81098308,80709777,79338777,75854702,77711472,76174529,77709141,80007338,77150889,81479466,81063371,79022609,79916363,80338912,73933546,77699615,80136791,70152183,81572102,83191815,75741654,78402996,72652525,77562407,72997415,77760103,77237130,76716958,74166138,77653182,71154822,77003788,79006433,76549266,72997145,76691547,77547943,83846937,83840601,84907268,77665027,77144051,74183110,80625817,77493659,75439702,76897584,76346357,72248995,77038227,78243965,81289047,77399122,77469253,79199604,79678561,75659870,74797480,75389987,76800524,80351170,82020081,81275480,76635574,78575246,79496977,82949051,76243623,80035473,74112723,77086019,77187440,71046796,78757866,80805946,73211143,76410410,77598456,76477069,73234765,82332621,81349257,71929543,74800030,75183399,77003732,79031630,72577574,79506859,75047880,80198618,77300282,76031396,78171164,79267236,75815881,78780711,78365929,75765180,77556126,76979274,75441578,77624734,77489356,77865184,77902323,77839322,73682682,75717618,77300766,76604607,78148690,77702420,78286980,77886651,82405734,73965477,77551756,82838919,77879982,82635289,85065665,83403912,76530168,74518175,71788925,78782140,75836806,71434339,84387979,82072586,80000932,75386372,77412285,78009732,79695098,80958126,76935382,79146748,76745015,79732666,78777587,79829948,80431115,73699155,77616769,75971498,76564114,79548118,78830950,74882955,75800866,78234490,80164743,73664501,76584634,77358630,77527093,79171802,78015568,74461272,77656676,80747776,77221983,78271144,82426209,78045726,80056829,80745402,77247762,75554243,75787832,79795658,82067602,72700388,76863697,75432605,78452347,78191943,75696453,77643492,81318130,76612470,80166832,76528088,81744429,81238598,77459197,77785447,73648586,77302958,77224101,81002791,74722855,79650990,82038969,81423953,80722322,83373296,74328048
68236739,71706273,72105670,71438534,75766497,70244976,70253647,70904389,73932969,72937433,71015565,70717686,73964671,70760041,68343126,70496603,68324782,74183231,74833288,68459507,74400128,74582778,70008847,69437467,68491982,74863218,79509840,75659246,70429661,72206529,73558942,71074580,71639570,69874194,71171736,72425417,72568119,76322975,72393914,68796546,74945543,67873730,71078273,66014308,71317922,71013052,73590301,71270131,68800063,70575604,72933409,70967241,73627118,71327472,71375715,71951717,71595123,69960373,71595000,70568935,74960509,77104787,70964093,69856855,74499147,70140096,70723446,75779319,66412610,74766808,72883549,72363640,73653979,65925146,75303499,68438892,72331202,75243852,66581056,65525816,74183104,67664155,68404982,71205061,71429253,73934697,77274671,75007768,73523743,70982097,79891730,72828729,73128735,75774573,68613513,72418935,71277346,80424275,70412445,75379699,75760463,77190176,70159408,68347353,70681478,74026159,72728922,71276507,68505320,76529149,74377554,68888026,71511211,70622532,68066457,69505702,76482230,66239441,73006553,75722890,74347223,69714418,72054108,70229548,67934130,72421735,72455909,74641515,68388791,69700638,67682906,69233321,73365764,71698945,67337335,72814847,71667615,77143225,73563274,73551141,75700385,69291727,70050629,69659246,75161486,71757327,72375341,69245285,68735423,68425086,77636606,74675289,71593275,70138137,73626887,75001077,68704225,70265188,72243676,71983662,72330693,73412243,74957157,73086629,72412363,78494557,75006454,74070761,71197419,71198430,72717127,70142060,68249593,71251044,73666437,69421640,69446181,70847853,72050866,65434490,72083607,75681238,68131430,68311681,69242306,71897438,72742059,69560700,75624894,71430170,69432957,74433640,66700918,73255446,76249755,71270743,69270153,69892127,74278527,70711725,70883007,69474510,74623039,74030298,73116870,76307262,73463083,70448546,72965447,71442667,71105588,72377075,73114220,73906892,72424012,76799759,68338695,70792782,73994827,73776579,73311727,76690797,71585444,67920921,72532401,71777833,72142328,67516391,68387834,79305986,73642048,76290140,69856584,71142836,72125011,73639555,73886555,72325138,73859457,67810935,71126569,70986770,71652602,70940045,68740055,70773981,68127514,72649154,68175188,71642290,70401257,69472963,77272164,74182933,72146577,71352328,69900619,69615751,72080390,70019165,69732452,71058185,72473835,71103029,68548831,71808102,72378895,76104048,74324076,67971437,70884840,71183023,74019070,72059829,69754580,71791305,69235618,68781923,73137317,68349779,73084749,72819224,76292424,75933811,71885749,74649135,72388661,69490642,69764530,65807672,72349596,68632965,73379339,73564768,73912407,73911470,74359566,75203397,79422819,69285744
73730887,74331736,77098254,71538720,77200793,76843640,74126065,73160248,76721880,79016614,74093646,73225100,76734802,70450603,72576111,69853300,71223525,76317526,78569336,72550121,75333541,75310494,73068420,73761449,74270717,74839532,81811005,73283048,73144584,70995376,74427198,74370125,76091300,73865411,75731374,73403579,70007146,76349940,73978238,70078399,75023533,69742543,76405884,73089170,76779279,72716076,77008460,72573478,71710441,75826960,72606522,73076744,76802374,73964692,73012765,72569639,78182818,73808454,76712780,74326748,75083196,77333211,72413299,72347039,78414767,76421375,72250958,80792191,69460432,77558817,74282056,72781795,74643856,71443855,72221441,70734963,75327759,79102072,67555685,68753361,78353292,68483586,73540830,74355805,71758817,75509713,80578319,81199249,76322314,74677917,81610878,76494011,76447060,79747576,72074878,79142647,74337828,81324115,73913428,77751692,78681500,78006719,79104378,71544149,70937866,72438002,74249993,74649754,74319984,78508794,76620565,77196921,76461603,76287157,70515609,71738616,75419690,69166484,77172730,77931646,74897173,70664743,71258843,77145215,73019508,74180514,73700701,74903909,71063500,73192749,68234433,70834468,76187637,71443237,69392781,74296750,75279112,77336509,75697886,79764827,74231917,72984654,71106183,74071408,75067576,76429341,73476803,72289465,70119395,70143375,78373595,75940755,75861532,72960381,76575277,77640093,72503231,74999299,71688278,70662456,77614266,77101487,77833763,75246990,75860470,79481385,79656758,75361817,78181431,71493924,73195567,74242899,73102697,74517095,75106232,71744373,73929723,70914121,75450316,69740240,74018077,79243410,70211906,70402949,70367045,76446959,75790230,73312261,77395444,74834355,76488617,76992534,69637748,75944303,74621978,75628732,76746667,76945566,73867761,74186322,73350587,70336148,77428829,74856342,76592606,74144746,77916747,71611117,73490360,72016933,74655836,75525634,75066156,77518365,75005111,77725415,72539295,74238183,75619208,75304089,78536438,81336917,77409919,69886962,73035087,70742985,74936984,75221576,71151320,83945915,75484195,74992691,73487129,74898470,74158383,78197738,80378797,75643396,76369601,74230075,72990164,75642175,75677896,74325658,70547451,72661961,73203112,74078968,73141628,75556729,69629998,75224033,76056902,77327805,72359333,72010631,74483743,76764362,74648949,73155522,71696651,75132472,77976169,73879177,71272475,74398126,75375689,77506923,74926138,75394860,71685349,77428963,77580377,75539408,70114908,76947882,74188862,75179653,76503411,71947191,75813810,78292328,76733764,80143082,74842888,76199846,76759089,72815489,75592451,69484567,74389920,74286903,75748424,78228884,74356218,75463249,74695368,77726592,81492499,70982317
75773212,75680160,72404596,74349719,76945073,78316994,74549614,77552354,77542946,80521679,73900921,73548549,79823322,70607122,72682132,70871004,71907547,73713885,79600909,75332691,78592382,75442246,73528972,75084808,74817471,74810373,86192565,75751897,72337055,73435750,75834703,75698459,76620763,76226766,72827534,76097149,74148508,75680746,75116867,72153716,76931785,71188238,78452175,71523886,74157681,77269608,78242953,74225603,72350782,76206336,71825084,74969914,78599693,72805608,72280994,77582792,77910080,74884034,75382000,74873838,76148459,80156013,76006489,72037045,78720832,78303836,74902966,78482369,71273932,75992559,73175808,77067053,78075543,71536024,74337251,77624713,77522579,78290050,71944979,70125686,79258170,72198724,74943087,75628488,77928544,76806094,80926439,79188420,77747233,75755308,82586160,77972542,75034045,78622256,71986830,76907822,73411600,81563348,75665634,79616416,79220164,80602832,76813887,74725195,74521927,74191563,78611271,77103434,73326142,79498733,75438052,73067484,79560803,76874315,72169880,74354863,78869507,69960669,76789071,74887685,77075384,73364592,73006449,73819644,69131246,75548873,75882489,75093911,69071378,75028066,71666783,71448766,77908436,75192407,74274708,73773619,75494032,79471404,77771020,81470471,76466982,72533917,74769437,77326344,75137030,73454258,73774338,75563857,72130105,74688048,77862047,77774152,74325311,73662390,78450487,79004916,72757067,74039946,71629209,73754183,78807806,78470677,77911077,76814506,80509606,77239352,81577681,72491769,76716424,73022871,74762135,74592075,71015038,77168314,76591650,71925134,76085886,73834963,75021797,71726385,77514433,77010284,69604805,72643567,75491462,78045106,76933723,69991173,79405198,74980688,79113875,76464353,72660809,75573321,78465715,75915378,74879425,78399902,78228907,76320622,75211012,70699209,77583170,75093872,78071005,75512916,78111111,72248280,76339028,78633964,73401604,74639808,73366463,74407722,74981492,81246198,71749777,75379339,79280545,75460853,80768383,83915187,81487006,74465651,75985650,73144331,74158969,73091413,71262953,83113447,79947717,80325609,74504358,75313010,76894628,77431054,77798086,76309558,79357669,73097593,73253941,73727263,78022249,75255132,73262263,75332108,75550264,77299379,74007889,77731535,72193075,72129649,81137612,78296614,75146570,74288644,75553686,77049103,77431101,75645277,72893970,75924628,79763865,76028921,74313895,77625427,74711209,77798589,75739081,73948665,72365151,75442350,77527428,79088075,72233262,77322227,68794543,75439872,76255838,75542031,76508262,80685967,72746643,79466025,75952390,78132626,78057670,72762500,76487728,70346812,73172025,74768774,79615687,77249621,77914448,78630469,77487329,77185945,81899855,72222657
74921587,71282124,75527546,74970913,79868856,78062316,73569505,73130154,77308862,79530826,72435457,76274882,76596669,69692240,73728366,72338364,72833199,76501327,80263119,73926469,79080847,79331596,73374625,74339855,77150630,77946218,83747469,75535527,73470924,72515436,74867050,71602116,76892338,71732500,74779456,74753560,73667282,76023562,72968842,70254921,75786037,70056734,75118084,73635919,73276892,74569525,74804832,71458556,75192309,79451360,73201853,74132651,74854890,74767803,73055292,76127861,78861888,76262039,76711773,74470980,74779128,75307038,73032403,72041102,75524558,79087910,71971199,78300723,71709636,76151099,73670389,75987237,78036393,67507844,73526798,75032552,75932412,77841806,68470997,71631861,78282094,70993571,77237031,76557069,76884268,75476980,79192659,79536266,76355426,79024663,81356058,77265011,76678378,80902349,74547278,76527792,74122149,81825687,75397760,81004212,78947405,80003800,76420664,70904227,74800150,75403380,73984142,74663473,71297915,78583702,79535812,73609641,75915541,78565665,72940163,70637586,78472661,69348182,77183638,77390185,75684146,69998945,74577046,74042122,70870671,73111149,77544784,76044715,72848995,73190301,72282755,72945078,74299275,73016184,73995590,74279146,76350372,80907586,75279608,80621890,76721961,70202669,74932862,72963310,77035399,74700113,74317121,74273080,71598827,74913085,79925226,77942042,75901353,75123626,75272466,75872629,74044635,76173262,72599681,73712697,76662420,78272315,75601142,76336747,76364526,79232528,78847422,78767037,74765734,73779005,76468284,75389493,72329239,74903297,76729521,68979140,75928686,72106666,73686649,73451139,77949237,75802540,69028211,75157785,73630820,73343600,77095367,67371412,77780369,76488531,76700660,75897149,73235430,77691068,77543383,75728649,74996195,77196595,75559220,75050081,73639593,72803883,79932667,73383188,77675228,76657366,75289364,72398798,75549051,75303589,75069316,74891346,77939982,76537298,76062136,77134140,72224447,74308744,74805252,73937829,76339116,87608712,82144222,73262043,73709651,71699825,71724114,73528161,73398878,85518205,81215748,78074390,76752300,73860855,75879796,75342278,81556186,75526050,77469675,72091900,75443458,76601024,76698900,77926722,71352786,76338353,73870889,74180559,72814516,77078261,70945704,73224456,76202382,76884209,72922097,73827898,73209568,73512038,76935245,71689345,71362581,74930293,79154721,74999565,76103631,74978094,76088325,79676421,76293403,76837881,72288130,75475423,76692507,78094791,73085668,77921767,71938001,74677715,77185101,74244878,77088302,79026747,76059750,80660198,73677590,83160079,78053356,72624680,75795626,72632142,74179662,71800265,78835322,75728845,77990664,77840279,78194492,78094260,80251338,70779054
79070320,77900603,78352825,78011768,81116188,80640436,77392357,77545907,78451328,81040342,76104716,76048312,79123146,76063583,75267996,74432880,75685459,77556088,84454043,77249203,84988907,80239555,78019094,80410973,78707002,79088902,88983595,78164042,77291132,76369390,80508806,77564415,78662566,79110161,77640090,77825915,75799302,77717437,75603971,74183451,80417325,73508136,80741088,74407478,77433466,78923843,81322667,75710587,77989569,82912657,80682490,73863958,78971253,77401209,76951818,79921762,80778356,75987485,80502475,76534123,78963801,84213423,76054958,74675228,85785606,81791450,76220865,79948354,72122787,82005253,77230554,81406005,80250354,73340327,77214450,74033175,82228933,81501041,72235653,70457916,81339561,74810396,80322877,78065686,74503480,79132165,84111577,85094009,80523460,79000941,87346042,79813655,79081842,84119629,76501508,80284504,75078398,82815787,77970172,83541736,81970735,82111208,79118936,73742996,77971211,77132610,78939416,80914781,76660714,81210704,80257652,81285678,78787747,78132749,73240161,77186365,79921791,74111842,80269967,80656771,78237267,75390493,76801343,78735124,70085965,78398023,79616812,76921684,75669159,77121769,72954391,72703248,78775850,77684820,73269964,78183721,77371895,85229330,81816191,86930997,80780392,74380439,75665489,75111346,76976914,75695602,79168920,77850671,75970800,76579797,84786180,79257792,78066611,75007688,80208662,80732233,76756199,78340485,76879247,77515049,79111732,77586357,80791579,77034549,79092199,83098777,81517641,78765608,79774033,80107703,75357457,76805627,78053122,79208425,80743434,74308237,81077075,75992494,79490465,75961419,80223237,77948267,71210390,75534446,79121781,76996270,81450137,73573457,82389504,79145495,77944590,80539413,77832958,82957470,77967527,77252061,79304010,78306260,80170115,77493952,76515421,72799189,80303719,77674812,79596625,79622798,77309998,76779481,76882189,76930297,77619639,75375449,78355868,77550865,79376561,83409996,75088288,75237472,78740610,77127909,78641290,88267768,85139565,74672997,75936285,72651217,75651027,77288794,73289338,88670217,81390211,79498600,74770633,75552602,77680695,82535605,84037397,80231345,81463171,72433753,78005272,79368641,80096307,80632224,77619267,77837466,79645575,78796555,75905531,79428203,73578595,75717205,80635992,80411014,77542799,74925251,78823163,79197891,79650889,76766411,74089764,78958136,79664914,76161974,75060214,81636138,78527269,84755177,79859284,74528932,76806633,76518360,79248053,80229769,74314449,79973426,75902107,75491035,78564775,76610848,83436597,80643179,79975741,84223539,78015851,81045409,82825769,76141337,80296139,70110823,77814380,76049414,80504350,80817353,79808691,79515988,79760461,81236281,84472648,75931277
80172371,82923376,81635604,81209659,81934738,85225895,81979101,82531295,82953431,84895772,81019287,82794500,83809945,77853817,78814121,77748534,77939702,85427114,86812634,80629629,85369682,83867254,82236629,82116747,82608632,86573622,92522047,82023937,78620581,80110964,83336537,83417810,84744257,81069576,81902418,82780759,78885434,76780036,80384203,76287710,81779404,75863521,82531093,79239543,82013692,81017725,85760178,82383055,78405673,82948806,78339128,78966136,83187970,82736553,77828293,79796407,84679892,79757213,82389961,82827966,81964775,86521075,81102753,79946084,86364373,85018897,80510601,88588603,73422819,82795028,79711631,85689890,86803851,74647319,81915356,79631044,82900433,86553915,74142659,76720293,85073301,78159727,82784130,82732858,83489080,83293578,88849861,86310508,79850041,81966078,90124584,82672559,81719269,88324996,77633451,83910361,82277098,86474926,84872319,86392107,85588072,84049373,83668238,79443726,82023133,80249889,84845551,84203354,79047629,85220493,84014046,83822880,85167026,85710997,79013135,82932904,83277988,77916537,86207425,85831580,82194526,79457152,80323021,85372672,75884977,82471779,83811101,82620978,79929693,79105908,77232416,79157152,83141475,79734874,79720329,79839787,82180360,85680523,86643679,88849674,80941799,79769008,78438537,78510143,81857946,82658444,81004597,77636615,80942433,79990681,85782368,83263393,81298188,79249482,82642247,84516648,80112444,80183466,78709265,79276576,81913121,83608600,83442814,81929428,83657504,85983174,87186840,84062581,83222415,79292142,78537952,80586018,79407114,83015981,87450880,79206367,78531418,79227188,83837211,79229156,84018672,83672389,79212641,76336377,81551037,82542343,82017299,78565009,84533766,80192398,80575860,84397905,78755891,83049358,83960475,81333486,83404643,82936284,82282009,84941818,81907097,77358289,82700927,82091075,85122587,82509775,81849450,79804986,81703631,79545046,80771672,84023658,84099393,84697355,80057276,84819536,79520457,82038413,83532382,84124212,82950446,89260511,85015914,75907177,80624751,79568518,79818758,82240812,77535132,87865655,84138246,84129669,80903909,79616040,85252638,84398870,86768091,82887307,84327472,77680949,82505747,86888245,81337725,83039020,77438020,80158224,79407577,80967806,80264425,81049053,78842705,80249810,83922490,81888387,78372292,79038106,82370769,81238948,84642745,80922771,76473917,81621000,87210820,80029306,77835320,81700915,86008010,84512710,82043695,80780406,79551401,81647473,82747689,87490843,77015598,83000815,79253821,81155095,82368501,81414057,83914882,83991428,83294137,86405811,82544586,85994248,81908913,78080340,83131578,74272222,79881886,78047988,87621382,86034618,85743894,85260712,86652603,86982338,88840451,77734384
72634710,75289251,74685539,70745311,82343545,78880415,76160903,76133221,76848876,79749601,75182356,77935160,78556061,71017971,72579216,71952513,72718795,76488175,80572626,73207877,78338972,77599276,75769373,76215570,74310299,74876123,86736449,75538205,74389114,74230073,78396951,75605405,77906011,75180547,76121608,74562494,77372318,76346613,76792965,73394226,76504917,72523780,75149033,75250192,76145280,73973256,75936877,72265526,70615030,79637566,75928591,73180370,76003828,73172959,74539050,75981809,76879661,73680068,76697741,70676303,76415048,77900718,73310835,76310154,79384660,75639219,72724335,80821528,69311775,80401788,73652442,76852503,77600534,69866599,76000799,74804647,80410782,79450345,69729070,69856824,79105026,71248823,72646386,77946143,76200070,75969134,80142202,79875071,74638624,76826464,84101033,75518335,76621064,79509480,72591508,78338168,74020284,80628400,75086226,78617293,79664186,80399419,80170870,71713466,77169745,74537389,76926875,78944478,75096969,79710420,77808431,74255565,79960479,75262548,73648819,71771024,76447345,73208342,77364814,78197567,76693030,72915390,74241809,76325886,71888231,73985321,73943785,74339240,70911569,72707857,70952270,72476619,76583358,75134443,72981493,74735508,76277099,82733363,75933029,81217113,75372739,74274225,74998943,73792736,75637992,75440605,76445650,74140018,73638937,72906245,78155084,80487598,75270149,72201344,78170128,77847279,73323332,75284239,74431183,74176916,77387796,79339365,78773908,74952721,76495481,78965447,79126951,78152995,78016095,71258060,74873880,74403493,70523358,76299408,76097292,72902223,72401668,75921392,75341835,72299353,77660625,75997870,69704742,72674864,74910272,71923169,78310166,71178645,83118643,74839153,75826120,76156615,74984224,75747991,76395391,76719360,75628239,77109718,75136630,75415058,75283265,71046418,78366184,78011224,76332857,76556863,77037884,74746218,74273041,74043518,73138604,75657524,76167241,75265432,74761427,79968430,70727342,77264599,77072061,75566990,78201027,85735582,80451441,71205174,74254424,69783652,75965189,74951953,70634763,85294246,79153228,77835834,75408359,73715995,74842668,78146535,79131188,77456520,75597591,74717544,76361248,77290021,77520948,74843303,72965049,73748076,73933138,76764837,75489153,74247670,73020355,72715813,79403337,77465539,74665335,71410111,75852695,76150047,74649369,74802777,70774347,74899992,80136326,74816709,73993050,78018238,73899897,77301851,76473985,73771239,72560656,77580956,78995777,79266298,72230416,76544738,73326680,76377822,74672672,71083158,73236312,77015088,76920109,80349514,75070149,77702761,79561666,70914677,75580100,69507804,77184411,73096922,78865583,79171528,78807691,78283488,75559878,79794667,83518856,73851811
79657689,79419887,79032128,79115636,81677536,78570400,76070522,76617817,79333776,84277433,79143666,78609972,83644450,77294198,77742976,75344924,76655772,79819000,83808648,78822413,84841558,81776019,77612565,81100024,79457394,82719057,89589689,80641652,76890802,76564806,80181227,80064881,81845426,77910529,78927999,79723778,77076278,77477198,76882856,79345365,79884106,75733198,78572560,74128283,74321366,78978973,78162001,77712301,74374428,80426574,79562788,78386025,82504218,75921769,76206612,78259909,81093792,77116196,78578808,77814655,80881972,82762641,77758834,78194908,80746019,80845151,77263784,82413955,75770202,79829341,75825045,80631023,80881551,74168896,81476032,77067022,82514846,79806415,73082221,72392932,81022922,75494581,76601013,81065402,77500062,77248793,82830192,83816481,78067365,78905629,84859184,76400716,81509155,82452193,78212781,80929930,77658646,84730319,77621981,82008867,84133710,83564813,81027447,76235761,79100424,78350663,80506389,77032397,77838678,81122589,82850967,80901104,79997139,83298861,77252656,78225048,82927653,73935224,83885296,83698294,79786912,75872523,80607771,79667554,75089568,81526347,78591936,78695232,77181740,76183814,73167243,76805158,84313317,78036637,76041158,76036730,80836752,85305349,82142501,84682019,80559794,77466003,75815283,80032502,80896384,79759964,79537885,76156805,75453156,75115755,82687751,81873188,77897204,76677399,79979731,81018676,74290324,79031296,78039328,76695127,80761951,81560188,79601677,81086886,81247289,81506543,82773220,79461271,78892087,77934378,79510661,76660682,74997955,79543509,82841874,75038245,77876509,77753465,81228825,74413544,79322007,79644173,75314333,80722676,80155132,79930529,82085554,73271345,82714957,78455306,79291872,79648779,75643253,78613061,79497662,80868425,80889096,81684027,79121036,77332075,78879935,75196218,83329748,81280021,79855430,76994563,80211181,77904445,78224401,80549914,79063224,78145771,77820831,84636251,78419472,85110908,75288209,78757031,81797431,82456388,83108828,86923376,85484005,73056639,79586042,75037877,78705963,77421765,75007919,89602958,82261003,83645128,76495322,76782959,79168842,80352472,81582988,80415200,79571742,76084592,78465201,80495213,78374551,79722795,78476108,75921973,76711124,77978286,75971217,82112309,77069160,76243626,85308085,81763249,75906450,77337809,80882795,81565431,81425986,76262965,74976856,78508252,83652451,77921869,76307898,79553514,80826753,80226920,80942256,75717813,77426516,75327662,80954822,82943278,75492552,81793106,76830899,76548659,78557905,76108461,80112105,83669954,79819677,83395412,79348514,84004552,80379161,76512056,77487729,72641807,80471922,78236637,83213087,82034162,81202667,80414491,82594273,81766537,84689003,75773598
78317175,77689296,76765681,77153184,79319863,78979404,75840098,77749481,76665688,81691586,74271887,76292664,79565216,74034936,73756717,73167589,73308672,75159438,83435934,75993014,79067264,80110857,75468555,76385995,77166172,79719077,86684617,74934400,74823357,72787772,78682244,78630399,78699538,76559916,74821592,79680992,75210382,76342782,75468105,74120676,79221577,71138377,77544520,74276508,74936292,78089077,78777792,74985949,77356112,77942724,74773342,74645047,78371058,74244540,74931460,76588652,78130989,75400606,76207192,76456433,78975530,80968050,77181601,73697449,80223684,80217846,74037908,80409823,73968905,78406762,75918958,74353953,80492476,72420027,75623224,77016350,78742368,78258390,69328984,71593182,77709483,71750399,78362646,77072019,77148766,73814175,80787772,80645922,76508694,76522357,86491068,77698740,77798981,80876842,75195670,80604415,73285530,81265779,76739353,80091519,80967445,82826609,77928517,72607159,77081615,76219016,78769991,76032189,73373975,78978531,79859841,74961517,76958537,80638304,74357440,77018133,79840695,70644827,77549649,80433562,77908000,72513379,74042336,77477258,73569944,79285769,77384478,77566560,77025103,74531870,71949617,73549195,77630624,75967937,73259598,75861681,78562351,83071111,80322691,81637923,78521321,77748612,75392978,75362012,76899256,77678604,75165331,74784080,73629179,73487099,79331299,80738054,76242794,74768215,78324922,78972620,73624271,73804510,75912675,73765508,79056240,77934415,80722916,77908906,79575998,79131570,80936169,77038962,79987478,75108239,77292563,76610040,71846301,78668212,80332389,73220738,75641669,75507274,78093909,73441569,78563387,77935570,72708849,74735775,77085710,76258359,78678896,75055390,81125885,77771388,76899065,77145137,76395219,77258932,77331780,78935548,78324025,75819361,77352569,78761641,75199306,72596178,77796156,78675759,77206294,74937541,75596616,75619985,77479574,76426726,77046149,74468196,77785416,77292655,76781738,80592961,74706260,76036374,79268156,78995707,77325796,84486996,79622191,75337400,78215412,76236936,78243826,76164078,72463994,84298318,78641675,81333254,75738115,73267436,78470411,77474271,79860640,78636511,78095227,74217743,76941197,78035464,77736288,77539294,73845848,77002694,77392080,76298703,77653478,76418481,73507705,74281409,79456726,79149734,75434922,77285791,77793292,78558610,79515773,74923850,73682769,76751894,79879413,75851111,74767211,77340199,77752896,80570368,78369520,76535451,72979548,76788689,79787160,80565117,71221854,79823075,72520595,76636010,76807139,73688567,79784307,78361180,76217598,79682007,76061473,83394565,78478389,73472715,78446321,69642896,78150386,74318277,84073915,75804195,79714672,79011302,79986438,80350105,83249329,73656972
76207170,74987816,77332640,74689356,78402693,79686631,73910075,76575747,80847997,82611553,77786187,77556388,81932354,74893516,72833173,74077991,76140175,77598271,82139546,76738043,81948965,80915151,77248303,75875287,77851237,79532239,87035668,75488512,75209091,75031347,78802857,77332991,78790653,75931957,75363746,77293877,76223577,76091981,76095865,72704529,78034127,72373236,79511458,73619162,75705990,75015805,77827115,75965083,72314301,79906252,77520251,77150282,77259811,74682655,74825126,78436474,81578269,75369590,77730501,78697551,77934617,80725518,75815856,77103744,77541828,77349789,72761900,84141510,71356457,78085231,74031838,76480041,79282922,71497355,77516298,74569454,82051242,81229365,70661305,72649856,77339521,70225638,75128681,77552038,79499737,79483498,82787700,80716485,76923806,76393833,85439102,80697296,79350830,81326946,74016929,78974060,73999759,83684448,79772944,82261532,79642393,82507627,78926705,74591345,73791219,78850406,77655921,77762094,73854490,80180177,79522449,74932054,77961127,79237543,76221101,75805298,79399599,67911184,79285297,81795471,78028482,73349997,76490583,79870640,73098186,75885220,75423178,78907355,74283995,75886769,71820704,73095081,80285912,74097042,73558787,75518640,77501839,84783445,80741416,83956567,81597341,74291342,73102424,79012986,78498302,75429296,75049564,75846581,71208194,76760351,79697641,80807666,77018214,76711677,80068683,78963521,73578400,76720229,72477672,75040713,77199112,78792650,76848596,77611817,80742794,80622052,80646280,78858298,76162173,77715946,76549612,77971019,73396697,75692958,77787611,71148687,76879010,76071580,75938331,72820785,80035693,78338637,73083959,73884463,76830836,74189358,75913610,71386717,79904842,77655632,80011768,79192719,74699007,76737802,81664183,76670080,78738291,78999450,79690094,77096110,76281395,71591709,78350962,76388212,77598886,77752917,80490490,75885485,79807378,74167657,76861539,75362338,77232581,79592101,76064905,82062845,72947211,75956304,80394639,79716792,80240114,85974019,81654395,74023053,77826296,75572762,76216188,77142529,73235059,82858070,80673827,81263161,75780368,73895121,75744168,77612262,82685133,78110508,77727713,72839025,80253640,76836350,79653424,76812185,72540788,77961656,74717793,75829600,73932605,76321593,75140574,74858362,79872140,79684018,74327016,77432053,76854335,75704436,78548490,74849591,72400860,80108433,85687659,75449386,73890472,77090033,76079673,79767782,76821680,74942202,74629251,78216480,80895027,82187782,74634745,78089653,72808055,77619866,76451776,74379864,79122784,81845073,76866364,79413591,77922373,80901776,81172976,72495053,75700685,74800386,78955843,76346693,80467182,78353824,79582063,78351668,77450221,80717055,80909902,73893846
73782557,72444408,74746360,73222850,75314286,75451206,71095648,74812906,75060655,77745845,72364881,73375578,74381486,68936927,68449666,69229380,70935013,75067356,79758698,73635373,77251627,74521084,73733084,70814552,71879583,76603293,80963389,73813208,71293944,69490814,72160286,70493974,74168302,71554479,73899943,70116403,72674461,73130132,75065019,70071589,73580455,71519249,74333369,69700389,73194928,72105847,75826285,72952896,72860335,76187232,73467915,70886558,75221437,72991981,71980450,73270096,75670862,71353831,73919007,69692057,74515744,76411728,71973470,73369844,79412200,75993976,73099807,80510010,67351190,76588562,71472487,74571964,74049080,66141813,73813632,69626950,75618351,76819198,66869159,68663758,74757741,67106429,74551608,74312697,74244451,73441274,78659525,78021283,73246169,72461312,81431625,74830322,73148576,81201997,71612576,74457839,72930503,81430041,72383602,75319161,75958405,78079706,72970960,69376140,74197574,73099737,71896984,72766034,70592731,75846777,75361467,72767860,78270457,74572257,70148568,72708223,76838200,70676386,77214231,76045842,75568493,74342095,70520261,74125452,69703262,74184114,74027670,75418762,71717960,72311504,70640353,71773219,74548654,71620943,71838506,72228573,75647982,77922120,77007691,77563476,76859994,72634228,68876190,71059376,75574586,75355204,71558094,71710191,70033710,71380941,78270685,75876246,72667428,71944224,72173756,74982948,69889980,72258642,74007928,71489146,74109430,75908978,77094838,76050882,74353721,77957151,76704553,76735288,75944722,72398257,72170945,73712559,70419076,74033158,73875090,68814442,74837975,71172752,74313306,71954092,74826445,74422208,70837872,70993564,75936094,74281554,71959911,70293276,76454070,72843293,72231395,71883031,67107555,75188917,77990879,71194672,74017990,75667339,75520735,74109153,72789417,69901004,77278636,75683112,75089800,75905302,75150426,72178797,71530999,73064696,71207513,74127421,74710261,73073141,71782258,79494265,71095184,74632901,77033827,73172473,73670941,80373149,76454871,68905180,72086811,70746099,71426776,70436941,69362783,82339959,79507083,74693502,71107474,72237178,73767066,77410819,77588481,76512024,77156601,69005942,72972328,74396689,73873583,73492263,70569461,71198421,73443928,75220445,72460597,74103324,70957387,70618395,75437716,74723849,70373967,71227792,70969934,71242881,74325648,73730576,69195194,73109691,77378546,70666911,72489000,74876458,73228611,75096649,72814576,72309065,71102437,71270919,72909687,76291995,73295532,76638457,70722919,74069701,75168540,70879641,75671274,77497441,73545210,76891202,74709756,77696822,75614368,70363033,71851519,66779167,72894463,70731832,76566739,74654662,75783633,74751138,75953409,74643693,80118443,68364807
75716525,75564821,77953335,74170452,78357558,77147947,71499400,72264822,78347174,78904721,71107448,72674539,76215473,72642693,71171846,70610225,69810692,74480287,79621293,72761957,79432963,74722241,73565888,73008559,76022324,76183113,80865569,76085406,74406427,72349464,76370568,75623391,73057181,73839557,72443215,76366552,73674760,69763810,73873744,73198485,76124125,73424194,73945464,71817988,71551441,71460424,79338429,71364011,73355558,77995583,74838364,72833828,78402939,74668558,70986531,75043273,76349676,73163738,75663566,74706286,77270555,77699412,72529439,72925590,73023517,76388731,71819999,77902146,69422936,75939543,71478999,76071723,75105551,69646556,74657161,74001078,77321358,75872625,68711588,68522171,79343293,73379130,72692797,74862825,76330990,73993523,78484839,78505429,77249204,74567817,83615191,78335087,74567237,78853167,71586069,75641184,70443538,77036046,76989659,80378804,77102851,79343592,74770444,70060074,76711596,74861555,78878866,73815677,71731512,77905637,76122473,74094899,75147498,74850506,71950025,74402727,75916358,66342300,77703691,75886979,75919033,72346500,72321478,73444987,67897800,72086604,74533504,75429183,71540039,73035351,73260804,69542157,75881970,71874017,71016275,74347846,73956593,79587159,78321925,78038679,76620584,73962918,72273426,73518376,75626467,73083495,71771074,71767773,70853649,71847268,77089088,77845392,73136537,70768005,75524998,77588242,73136510,71834208,70872822,70770604,75983970,76205905,75531939,75210504,75523323,75614000,77015657,75465274,75199164,74652432,75559857,70622111,72666334,75787789,75848658,69291529,75815100,71978853,72306307,74028370,76309721,79646488,69728089,71996604,74059153,72698388,74950742,69809507,77899991,74291535,75984500,75904871,75545543,78920526,75577375,75992668,76348536,75268043,72941211,74936177,71123891,70948423,77999253,74200942,76395326,76365108,77792589,73693164,73654578,72994205,73085124,74146017,76829174,75059855,72429316,76537921,71235985,73443112,75039794,77314726,74651090,82033190,76821417,72294524,72985835,70578785,73209183,74067120,71909485,79516155,76043761,77598534,72343023,69992321,73496020,76519911,76404019,71681342,75145616,70721625,75617252,74622702,76019538,74255923,72468353,72513506,74119058,74163516,75067767,74329655,73671105,70620645,77422130,76463432,71085197,74521718,74915877,76059320,73279068,71623682,67552374,72569424,78476231,70851219,71442378,77477194,75981194,77402851,76301402,73478211,73966837,72779889,72783692,79511057,71216803,74533520,72141954,71015358,75785568,69821239,76191280,78567903,75699592,76471265,73130637,80925385,74252530,71887184,75009859,67627434,75248959,71764907,75657230,74062546,77274166,77816468,77487908,75339314,82288592,71935024
73955021,75619907,75061042,75035087,78080042,77019104,73450186,73577729,76323417,76811576,70228072,77652478,78465787,71244442,74663347,72123352,72121326,77409087,80126876,71791207,80863836,77471584,76019839,75415094,76736733,77991997,86145098,75919082,73781386,69141926,78662353,76384313,75895014,75281776,76156386,79057687,74404842,73093920,73548228,74297450,75136676,73118592,73729068,72001812,75839022,74845632,79575878,76423152,73574861,76759896,76760090,73079326,75746850,74352495,75710398,74706422,77564785,72988887,73475399,74892684,75549778,77774746,75397032,70958312,80239563,79190035,74056310,77716632,71552805,76542727,75136974,78807558,75551485,68170919,75314424,74699267,77866818,79782859,70452623,68273947,80634430,73431996,74120522,74837436,75222227,77145044,81320330,82091557,78117696,76715139,81707065,74908305,75009651,77103023,72939083,77398841,74838509,78502235,74840668,82402751,79424375,79077593,77333249,71618431,75913172,74323895,75779614,75030724,73452017,77433918,77258631,78557970,75373652,77986145,71162206,76434885,77430127,72153068,79245281,74907440,76142034,74077159,73149112,75061097,71146169,74783519,76519347,76488444,74473085,75814313,70402390,72148872,79646198,75850943,72609508,74793926,77415940,81029928,77650307,81925677,77348554,72520338,71363584,72219934,76287343,76594622,75516611,72497401,73641162,73723625,80019586,77620713,73796643,74366894,75875774,78128671,73412314,76748278,74154118,74436250,74219541,75537631,77584664,76204983,78299122,76877557,79426492,76866674,77190372,73120939,74187245,74103044,72321396,75918304,78543224,73553152,76199976,72308736,78578605,74379222,74822177,78572309,70664334,72849758,74504992,75517035,75777056,71003370,81084008,75386892,75013589,76895121,73338784,77952561,74431800,74414607,74601923,77546527,77360929,74770703,76627104,72171354,78430643,76273816,78730087,75258000,75703627,73881354,75644857,74767585,76750370,76788259,76579075,77132926,77164703,78895933,71711157,76921999,75746501,74445444,78325167,82979902,78997562,72428956,75523916,70396904,75413781,73478044,74833358,81248241,80408074,77872226,72723406,75405950,74575441,77442052,77548735,78176726,78360369,74613491,77979569,78185399,78684404,76916266,71213722,74350323,74562060,74276328,75169648,77416303,76076191,71999260,78830321,73201943,75058524,72937435,76189928,76136202,79030013,75416110,72365883,73553465,80588063,71599748,71536913,76056423,76200200,77040469,76692927,73740835,70881134,74500409,77633451,78373922,71295880,76507537,71252581,75288792,74881366,72851118,76013191,76483092,76635588,77225157,76497346,82174362,77723669,70909204,77494158,69877465,74468765,71292375,78288623,76129218,76759766,77808439,79187299,77661020,84299696,73711492
77206843,77442074,78576652,73125436,79565871,79630536,74912741,78763978,79935609,82791473,76203256,77367721,79183840,73498678,76785343,72890764,74271504,79979219,81772284,76079004,81168917,79278851,75909189,76151500,78033150,77404354,84632258,77023834,71543077,74020892,84063759,74971674,78767890,75425870,77895520,78214031,79497130,76333920,75496239,72416300,78265977,76963320,79218186,73417172,75307220,79001032,80674382,74581265,75229307,80434355,78543510,76095461,78165711,75382255,73809743,77135678,81333154,77915860,75582113,78623501,79218284,83633891,73153912,76085723,79926005,82535829,73053337,82384440,73066299,77034815,77876048,80640394,76676812,71181290,76671785,77248595,79669578,77392867,68234537,71633970,80232380,73273410,77567506,77358655,79187475,78275896,85059064,81447268,77779737,77146122,83523766,81977480,77215591,82923327,74021021,78493060,76969754,81391999,80906169,80194919,77007767,81454846,79156077,76133908,77495660,74498534,80585304,80966895,75261914,80039853,81840152,77321598,78122212,79092837,75283236,78125639,79683924,72674615,81538940,82204028,77753011,76449587,75665212,77836871,72534238,75842804,80532241,78113587,75947428,76628348,70838149,74326215,78594635,76577676,73087577,72457858,74716928,83734248,81137481,85640674,76557613,75617122,75723330,76464257,76585502,75993754,75093218,77940480,75761830,75151634,77882076,81564920,78262037,74813232,76103551,81584577,74463457,78642104,74557662,77213106,75662476,80575850,78296698,76221407,80747966,81814445,79152833,79390976,80210600,74502733,75459400,78412252,72070300,76807878,82242717,73059308,73966873,77190423,77534226,70716075,81257538,80695658,71367913,75045677,77340507,76710398,78695244,74166712,79125596,77376007,76635891,81316016,73832719,78163882,79281171,75363798,80203997,81913557,75668961,76995882,76520364,74066125,81668544,77313370,79755774,76680901,77357685,78149481,77382950,76293725,78400353,75117997,76105059,78437956,80034255,82243557,74828019,77016185,80317166,78299142,79153503,85672676,84057050,73109715,79070663,73115516,75865261,74897071,72997506,86132510,79710557,78461951,74991190,76961934,79471121,80071415,78854804,80250760,78905707,74259857,78987633,78447411,77872894,76039930,74602247,76275009,76989258,77896546,79166122,78034806,72713375,72839863,80001760,79282758,77032456,74850190,76164806,76812087,81485027,74632958,73032144,75198517,79556018,75780661,73345886,80399686,76775685,80844021,77623395,75798007,73635627,75999450,81317119,81268698,69333427,79232681,72485110,78397074,75705763,75547155,80174201,76876392,77216126,81403109,77680343,79245790,78149195,72244390,80015520,70405019,78909243,75672621,81683240,78905332,80465234,80133979,76734637,80218715,87420972,71071670
68897312,69526206,68891135,67636771,71243222,68508591,67413299,71462745,70747827,72682232,68711957,67626627,73266182,66068967,62623052,63588325,64923653,69645074,73442905,65590342,74750690,70109099,70940670,70306270,68535968,70685178,78351255,70110940,66534301,68366991,72198163,66759412,69996594,69004783,67482205,69840038,69197767,69350822,70947683,66851844,69771812,64494553,71863778,66862866,69526747,68547547,73503175,67742271,69365025,72060670,66188307,68291381,72681585,67157699,67410550,71522336,70762597,65742756,70104720,67304425,69370340,73198558,70518716,68741419,68718334,69831055,69120616,73751254,63759918,70538067,68345969,70463235,68312738,64197657,67954965,68397131,72139284,73039495,63722374,64182959,71088941,67657413,67989996,65941610,71165693,69674074,74248621,73979211,70676379,68707495,80322565,68763007,67055887,73819536,64565367,70645031,65897531,74124827,71023232,72096678,71200105,72036225,70292665,66226358,68229329,67629615,68635455,70850084,67516909,72254539,69180490,67399374,70306162,72014444,69744490,70381328,69760330,63247359,70812033,70369898,71141433,67037947,65562511,68094991,64932264,68668614,68601850,70283973,67071488,67080250,63744620,64917150,71062973,68436946,68773774,67247563,70495255,73679067,72417018,75532667,69386102,67446755,68062369,69070009,68155044,69179281,67724629,69892400,65547788,68670224,71994160,71517181,70506644,68745626,67839179,70706142,67293478,64104896,65932966,68687837,72429310,69727094,69489663,67789280,70053619,72279770,71392404,70958275,71675655,66402035,68858564,69926758,63869795,68298159,72688291,65630467,66891507,67311574,68676055,66004857,67581169,73655538,64230011,66775636,71867606,69074895,68903998,67418356,74513794,67326877,70025546,72832783,70698337,70407819,68608391,69203102,69361757,74006529,70834235,69847195,68892640,67000472,68418042,68373672,68883451,71145256,68231159,68819973,70293796,67245258,67894545,67860190,70909990,72583310,69658790,72035800,64448717,69442193,72572747,70100421,71968733,74803041,73627333,68819857,69883919,66520269,66746230,66949665,65025537,76207007,72112836,70761368,70075724,67070299,68765057,69631685,70701822,72376350,71045822,66699263,72258561,70050133,69452212,68930062,66984580,69894937,65782901,70007457,70276045,69294586,67692675,66922866,73613842,70416702,67576951,68866876,69965521,67560970,71475453,67546858,65965730,70380754,75358037,68848015,65386501,69348963,71109548,69650240,65781261,68268875,64558018,70328491,72262973,72493515,63548236,70613445,64780111,70225507,69171217,65461116,69123464,69171603,70189307,71221931,72171664,73857906,70527131,66200585,67702355,64648454,69203675,66060890,73813652,68202086,71482658,70122320,70358439,70062601,72518800,66616859
75104620,77398031,76697410,76084541,80454290,79588614,74596533,78086271,79418563,81427221,75121740,77944343,78722964,73118983,72291280,72237997,73925913,77986322,81915381,75478366,80755753,79667880,72704636,79043982,78499060,79940378,85635296,80253085,74990599,76685494,79803377,75121537,78589518,73193065,77473873,79615900,73359312,77246205,76044620,72791548,79534203,71156080,78719362,74784316,77987365,75170246,81405772,74999862,74060890,78521648,75390671,76370411,82099464,75978253,75562731,78856035,81109319,76303121,80555567,77784874,79885983,79742770,76056816,73407372,79669156,76704377,77727502,81059215,72734664,76606685,73111095,78521081,78014615,71381510,75458874,78994784,79741663,80230733,69882803,72548196,81438517,73622618,74137720,77488628,78074820,78634968,82347856,80095397,75660182,76859072,83087987,78830484,78074403,82303519,73617258,80203064,73396151,79418923,77399683,83242732,82642136,80791289,80907276,75943096,77776405,77465604,79115231,80073567,73822397,80483800,80125452,74581702,78867522,79873774,75508671,74900342,78065514,72867031,80016509,78341440,76502100,73239100,74304569,79228045,72066567,75938701,76981934,78008105,73222013,76768571,72918830,73276972,76156742,78141770,74711289,78197961,78298342,81244699,78254077,81992541,75812882,77231893,75510451,77583696,81147324,75294204,78063267,77164310,74179857,74405563,78353176,80199236,75514144,77076629,78282374,79585982,77127680,77112115,73506000,75808156,76405789,78804616,82486692,75463789,80316431,81005929,83900040,78810868,77775387,73968999,79722702,75035776,76362033,79208365,80880074,73198275,75694772,76612382,74706649,76170455,78525798,82178654,72791490,75647287,75612046,77813520,77604305,72013817,82278043,76812368,79506745,77922091,77345301,79122420,81157942,76990383,79935458,80154224,77907934,80206596,74245308,75422860,79853339,77100787,79281458,78392971,79281972,75515884,76922257,76347893,77354446,75733589,78060432,79547100,80986069,81116538,74064371,76239364,78352165,79628042,79480275,83299825,84869168,71015100,73535756,75054378,74706797,76847213,75501874,85799012,81228850,80887120,76390879,75901866,76990125,80450672,82489533,79223340,80306578,77379248,79698619,78102733,77283522,75120922,74366031,78108295,76472339,74580402,75009236,81509421,73730851,75788276,80935617,77788467,78100878,72008199,77449985,79269213,76437824,75478051,73361786,77446456,81132784,75261575,76968678,77608295,76108550,79513232,80855052,74471786,77544393,77813760,77595738,78732120,73641637,77595570,73060695,77903526,77870718,75633840,79196293,78655561,77194800,81929038,75830229,81437661,80578387,78433868,80745592,68817162,80316833,73447949,79731669,77597594,80460322,80487089,77240191,83136551,85610518,74091878
75214842,73677228,74931729,75216981,75736642,76229481,72043034,72009925,72630840,78843056,72161684,72378011,74262417,70517531,70782630,71853350,71266120,70270402,77801259,74903329,77928380,77546368,71885708,74432580,74995063,76097560,85521143,77715477,72203128,69967118,75944360,71534806,76031316,71098928,73042631,74140699,71800922,73029835,71171932,71526672,75945082,68690117,75535775,70150827,73206836,71341434,75353690,72053798,70407877,75571274,73955781,71581190,74400228,71307158,69834765,74829402,76344701,75181256,74447583,72608979,74652766,77100006,71510791,69190920,74715766,74644637,70274128,76797965,70769867,72421078,71752574,76404386,74378813,67480120,73289984,73190619,75846224,77615026,66849267,69097905,78787969,69817746,72297926,71374911,74105981,74474138,77982800,79079434,73704027,72097783,82576596,74420437,75640942,80365176,73607463,76829410,71880159,77395480,71083312,76084888,77742931,79325196,71261485,69846268,73961047,75936018,75755485,72259549,73030820,77424531,77868040,74497906,75490615,77015119,74112708,72938511,76970891,67160579,77195670,74115315,74714559,69194347,74249925,73184713,71315769,74943422,73217069,72998865,72463036,70008161,68231509,70872524,77350573,73999913,69108473,73813454,77129210,80098570,77335121,78878873,75564438,73981532,70416029,73785300,75541232,73210042,70311127,72401222,72530835,72256029,79053723,76974247,73676756,70210872,74321935,76805200,70206591,74674542,71063308,72761931,75436201,76985935,78354332,72079116,73285923,79399249,78248750,74271279,77675769,74020340,77029417,74860672,70355992,75894439,74862633,69652456,75765378,74859432,73870217,69554574,75567149,76152100,68073612,71178407,74172751,76657267,74670666,70496936,81419203,72897997,77824362,73972291,73961091,72051585,75873159,76569497,75330177,76722619,72361603,74519841,72184273,70525299,75210700,75078522,77711714,73104731,75359656,76512970,73131145,73986444,74793209,71608272,73044065,77455938,74804105,76913278,69348439,73865010,73890536,76977935,76155235,84611886,76053222,71182065,72579743,66860654,73395602,72429041,67555528,83211578,77720467,77716328,73553146,71742808,74182587,74747787,76561398,73828562,78084759,68751547,73023823,77401408,75531174,76114669,71758091,71882977,74128227,70723420,71118289,74037742,71314018,70045208,75413547,74831470,72300688,72491919,74196973,76551340,74947657,73157964,71421252,72076183,76881198,74826148,71970556,75323243,75980354,76692427,76945044,72854589,71708467,74773425,76029735,79062392,69488365,75102727,72231037,71610382,73557029,68789784,76076076,74366077,72574471,76820211,74687875,79877917,77952502,71306020,74943085,69638166,77698048,71934505,79291499,74331761,74973268,77407908,76004714,76618212,80008056,69973542
71551887,74131449,74819191,74089273,77397909,77933129,72253728,73349828,73135618,77021054,71027346,72918589,75714940,69333521,70056153,71838222,68484471,73471324,80198220,73505552,78613496,76738737,73272103,72361298,73267724,75287052,84009689,74466452,74389955,72783202,79127014,75465102,75668631,71194038,75025459,76103307,73491525,75497374,73315888,71646038,76278408,70641382,75833510,69675190,75051777,72684371,78328153,70951985,71642969,75773172,72556015,70884359,77648943,73276546,73398628,76961939,74027647,71254891,73537182,73920769,74624721,78788004,74167533,72467286,77493320,74154499,74219034,79986556,68512572,74977598,73150211,75230171,76391746,70210511,73238364,74282621,75799680,76294175,68180067,68123339,78726576,70427702,72725219,76879348,73837100,74841277,80257446,77208704,73402392,70120400,79599549,75915501,73085368,80669314,71197292,74898178,71439320,80734604,73066033,76478344,76734713,78112711,75640767,71793390,73589880,73747871,75094572,79036387,72112265,77136975,77593776,74734854,77851509,74896883,71182747,70640693,73021399,70391387,77642453,77534214,75836775,74720942,72843271,74346760,70825532,72434658,74666445,74254641,69925163,71422590,66727719,72913932,75757716,74717743,70303099,74367705,72524663,78824753,77216568,78920146,75575145,73956052,68122459,74579159,74466758,71637842,76809647,73960190,74536908,71361141,76461161,76342358,74174778,68563141,74176427,75531828,71921058,70879583,72268993,73404902,76060625,76908388,75532448,75282981,76148333,78774646,79241847,75710853,74190157,74780147,75489444,72571222,72619404,73428350,75379288,71081565,72975656,73719277,71289099,69787116,75427708,74050349,70629145,69852420,73132264,75671677,77210686,72556278,76974653,73715211,73931782,72597845,72651741,75636274,76470333,72902170,73847926,74044269,73833572,76384641,74233188,69890317,75772821,72545419,77467928,73382420,76965643,73457248,74390124,74314456,72898569,72328683,73608267,77151812,75420487,76851008,71039532,72763795,76650559,74006052,75627632,80372614,77487457,66691292,73567336,70669340,71718592,73958244,67720782,83630885,74390785,77195656,71502140,72835834,74513936,77378530,80825733,75133027,75531032,71528530,71855559,74771294,75082291,75455933,71572539,72675712,72166662,72323150,73513929,73810735,72900409,70012195,77586053,73087196,73628392,71334694,75799091,73466439,74493136,73245046,69348791,74481117,75072974,72360752,70770545,76821927,73021362,76785485,74559561,71950575,70711666,74053004,75724629,75310852,71891955,73903472,69842848,73202468,72914333,70131531,76915256,74600687,75330497,79578575,75155698,75403343,78058653,74570633,76075171,67949705,75899824,71722874,78234365,74854118,76759232,78697866,74212038,77201258,82360148,72114583
77934861,80341621,77415355,75842471,79436335,79032568,78379958,78417285,80672956,86235856,79884263,77733365,80369633,77100268,71857069,72504389,74210798,79751724,80359745,75859470,83394538,79313035,75798188,78949484,76029183,81738608,88366403,81255243,75158617,74273344,80417202,78580137,78754471,78311180,78395255,77577586,76040885,77200038,78290167,72088148,80464648,73203871,80721148,76885477,79404635,75245764,82493473,76809959,76143394,80988218,78048393,74337389,80803152,76764146,74824955,78574755,77884011,78266984,80259622,78970061,80547834,81708558,75711917,75658378,80357950,79633726,77426794,82203706,73649622,78882457,75617032,79827295,77715589,72517459,78042304,78521104,81115540,80488506,74523336,73105551,79453762,73084122,77249264,78857238,78036079,81105883,82126226,80867814,77959323,79544734,86765920,77407532,78101374,82860559,74455400,79437075,77763706,81771831,79556740,84148757,82698554,82768630,80410467,74268928,75752848,77770784,77609726,81131303,77551970,81458577,79092686,77259456,78744293,76899098,74433704,78773360,78937861,73789482,80257049,79340274,82851866,76618324,73962712,80707436,71989317,76741109,77088549,79553478,72486844,75848084,76297292,74883607,79030903,79655470,75173559,79123377,76330268,82263145,80507360,84732088,78025297,74755982,77416282,77530051,79707603,76612769,79142825,75592654,72807034,76671424,80014926,83524003,76342899,73728483,77796476,80317173,78181094,75963766,78412104,73105263,81976663,80337612,81328093,77511447,79603159,84625712,81240551,78733973,80074615,75135879,79961988,75106200,78285168,78833794,80678145,72760352,77631690,75414090,78259420,75108312,79348917,81518318,73139135,72167636,77568514,76328139,80621483,76608656,82335952,76527112,77800305,80410268,78804252,79012545,79405571,79955526,79769433,78241688,79406605,75407433,77545995,70295326,82484750,76832932,78406535,78197717,79109564,79045914,77519806,79788685,77035265,76890918,78906081,77979694,80421791,84293023,71227530,77982131,80998367,77905935,79882876,88047807,82173189,74869465,74943773,74693019,75829960,76132439,74226965,84817165,81786027,81501323,74949200,76205511,77588033,82893569,81705094,77486432,80112168,77116956,77985167,78153969,79127969,77986167,78376792,76317022,77790013,77525911,75451380,76215958,74430370,73727709,82546728,80084547,75310455,74272346,80463418,81265274,78265116,76779355,73831960,78459715,82876488,79766751,76460104,79125002,78793706,80827249,77440047,73375711,75441234,81467315,76263371,82499762,71758637,79336292,75839528,78628162,80448491,76794197,78594825,78972993,76522016,81497641,75895877,82818770,80489686,75635702,76462944,69501201,79112139,73512549,82425361,80159537,82585625,82281745,80990828,79236615,84251800,74331788
72854730,73337408,73814969,73397726,77344541,72879976,70262348,72931103,75942762,78352963,72280965,71561340,78681030,72887522,68730179,70531005,71819205,75585943,81184691,74854350,78823020,78179591,73967289,73964738,74145073,75714800,84963483,74751897,75236773,69737088,74910083,75307636,76396960,74885831,71375611,74350810,73155321,72979337,71257030,71757855,74990411,71617678,75868145,69321291,75378944,72867230,75438995,73543743,71584372,77553250,71283121,71429343,73926918,73165225,72116304,76534666,76189437,70831326,74194750,74265553,75924013,79923272,71220150,73381644,75785394,72446533,71856601,79366865,68092963,76073236,71283181,74502258,74912295,68868721,72588066,74666578,76926863,77529806,67552457,70346066,76909266,73049238,73010621,76162286,74587385,78979574,79979601,81217835,74206033,74868234,79852338,78230459,75782409,78453194,73018540,75529495,71453639,79927253,74209120,78541154,78851329,79078254,75745095,71644649,72239613,74905996,73985551,76494157,72896488,77835188,78215868,76541191,79264558,75104688,71287797,77771566,76397666,71533819,78153114,76805905,75415586,72569083,71907417,74208977,72019794,72795774,75415932,75757130,69259210,72240216,70789626,70539741,75798207,71717222,71523939,73189298,74824616,80625970,76964490,80779196,75150855,70828709,73698291,75400466,76971024,73632862,76431462,72640831,70039827,71444178,78386753,76772691,75207741,71989187,74364320,76419322,73849683,72294263,72508272,72889930,75644998,76784956,74131478,74072825,76513023,78235682,78643588,75687276,74443725,72982552,74743647,74167020,73088528,75846631,78228374,66033845,74618444,75296707,74426814,72281944,72356800,77842060,70107110,70146556,72270431,74708804,76036343,71648050,79968896,72144151,76809768,74700293,72080131,77589923,75688768,75871335,78205421,76841511,75295314,76180423,72438317,73388370,74273237,75963574,76513729,75980414,75313895,74512566,75189682,71595799,74330767,74004313,76733886,77990955,76108603,76768939,69747557,73231906,76938378,75630698,75107327,82732517,78916703,70772897,74305510,70057770,71866636,75158305,73073872,81099201,75453051,75508604,74700346,71237540,73629569,77406170,79480612,75511178,76301819,71954026,73203573,74354984,77526952,74832651,71489754,75097998,74438604,73376326,74293794,76478778,71794592,72299757,79039664,76734115,74478762,74031647,75308422,74431463,77242455,74522665,71037872,75516931,75441003,71035436,74113937,76862999,76356050,76711091,76202383,70554786,73704232,72116940,74854879,76655394,70684621,76600969,74737859,74231047,74682611,71026321,78305381,75526112,72737969,77737154,73228420,78036490,74512688,72491209,75992671,67765961,76021317,71352452,78507997,75802999,77964163,78947959,72636295,77909592,80701232,73064531
81042971,82140153,80574548,81447494,84750427,85493210,79538979,78137189,81608346,89026793,78777466,80383888,81489685,78068996,78100570,75611044,78734939,80004333,85172558,78243312,81762057,81394930,78975287,81012832,79944929,81275604,88096989,81042759,77105923,76943563,83350898,81090480,83172928,82389165,82115301,82730488,79151660,77809757,79126950,79057575,82547563,75117526,80507293,76608879,79077445,78092520,79575172,76073599,78954235,80903941,79113089,80389901,81982837,79497536,79034431,83148165,82028816,79583674,81896472,78467042,80546196,84643906,80897311,79511115,84716943,84314443,75824436,86163930,76497721,80253813,77854967,81705528,80327595,74291211,82042332,81103133,85869293,86028680,73895022,76564944,82072155,77047713,78479634,79824022,81777685,80715048,83758151,84936048,79510734,78492144,88372591,81990617,82209477,83942246,78581901,81417285,79154427,85095009,81688672,84677539,85672376,84770759,86351920,75724709,78789796,84060742,80901693,84504570,80087898,80573183,83109523,81228712,81658378,81804170,77588980,78196723,83926674,73003313,82385132,83243853,81443270,76684256,79535532,83334179,77040560,77563251,77892829,78496911,77472505,75135941,75942769,77638603,82231503,79175553,77205929,78104252,81313454,83537786,84150651,87221108,81153741,80188120,79559961,82546397,82185098,78747109,80866332,79620975,78681155,77711249,83339310,84807789,78800586,77294152,80714604,82715244,79014274,79196536,77467782,75303490,82717459,84090234,84917683,80677299,83438228,87086041,83362855,82829282,83702330,78230475,82074661,81687631,77736949,82677970,83438545,76501081,80408123,80464063,82867216,76932049,82281054,82642426,76077520,76247266,81881605,78523775,84127488,76195483,84468366,79712081,80577229,84028818,79713715,80091938,81058854,80135856,82327466,83757761,80081218,79849988,80039209,78039591,82849677,83331686,81688853,81776315,84838893,78433755,79654531,78985275,80964632,80933712,82709860,83634518,81649976,84758255,75176728,82843054,82387084,82259522,82611144,88338298,86340235,76923206,81030372,77539035,80981571,79731776,73901736,89382713,85655545,82194367,78258955,80865594,79154055,82791338,83608109,80657423,82133034,78901263,79956980,83516069,79027925,79823266,78396369,81170433,79184730,81322971,78965460,78852034,77664142,79652536,83615035,83821742,76882375,75392662,80107142,81447644,80575897,77373354,79098538,81025479,82898366,81251095,79108331,79857979,82024209,85216796,78054852,78067165,77571860,81719979,81341661,84390485,72792577,80258895,76871987,80740766,81748745,78125014,82395400,81962843,80084840,87017497,79639840,83711567,80688318,79095733,79596065,70896291,81717066,78596024,87261627,83753227,82661742,84487775,85784342,84910333,86171032,80656335
77104793,76756776,76974175,74531317,80214378,80369897,72831750,77470978,77334526,81783120,75284757,73690737,78312865,71384035,71766331,70706346,72143032,75414951,81878679,77531547,78978619,79148367,76904390,76573345,76506769,76941204,83308392,77628373,74302456,75939442,80731272,76525141,78786325,75226926,77597302,76400870,72846858,74227720,76498543,72160241,77191401,74565202,76958264,72070313,76240042,74191962,79177547,75217373,76083869,78344894,76509763,73203596,77757716,74871590,74170478,81837167,78505214,74507562,75938716,81071399,78119155,81960656,74363545,74640183,79397887,80109871,73016935,78900492,69162806,75452651,72551385,76752642,78313011,72579497,75058626,78522214,79709948,80267179,71572579,70868266,78078369,74124822,77033310,77559409,78556661,75928319,80899218,82351463,76140547,72864322,85340787,79012253,77149421,82025811,75066112,76860756,75918140,80849460,74925619,81162270,78129421,82320252,77904146,74922992,75762220,75600705,76314451,79154626,71529311,79928719,77391825,78971683,77573806,76670100,73428046,73171771,77923596,71355165,80114264,79796546,75338915,71447332,73388688,76735432,71249595,74973211,77305634,75011762,75544981,74370014,70232505,73549502,77604283,75684376,72753921,73470240,75395617,83272419,77784774,83443420,77305263,72397998,73367990,76392135,77677194,75639217,76380047,72974274,70642218,74234153,77605404,78345322,74558894,76030513,79412180,78318308,76421074,73612064,73370499,75692329,78287892,79838240,77830849,75470324,78215577,77877620,80516894,75760817,74312437,74444305,76797877,76984785,72902450,77508913,79028652,70688135,75579069,78357133,78247388,72531525,78280746,79111961,71599315,73052729,77143042,76622562,77867567,71558150,77943168,75875469,74982921,78991814,76572656,77788020,77625318,75484436,76194156,77806173,78234130,78197006,75541186,72575231,77928108,76770639,78221329,78804815,78255298,76004984,74080378,76781975,74814684,74757279,76042761,79296266,77309877,82287864,73082423,75214956,76989375,75590829,80080130,82761132,81679724,74441008,75178076,73202934,73605950,73675629,71905903,84368870,79164576,76463875,75212254,74400736,73962894,79643563,81808229,76807126,78113956,72435696,76618992,77398526,77985882,73670979,75251821,77831557,74263090,74102137,75561285,76981630,74027664,72888717,81225226,78464571,76958850,73445779,74580360,77471565,75987723,74974604,70130428,75185240,79037811,74705341,73060124,78768142,76342468,78442627,77675362,73919399,75316882,73152274,77734630,80669718,71203001,77687166,72875464,75799903,74597642,75336463,79568282,80594897,75383344,78584265,75369164,78145590,76452596,73598247,78406161,72760040,77023780,75795143,79192515,77757011,79370700,77281669,78444151,80487998,84849106,72545328
70075808,69612238,69228167,69385847,74537738,72351357,71518161,70428573,72105290,76144043,68889214,71353849,72802282,66755677,68095145,70685290,68340075,73161689,75724855,70761875,76887818,73976674,70040029,69152105,71914168,74295312,81246803,74804330,69743348,68138010,72594793,72143252,71258450,72417407,68596583,73388040,72467953,72699726,70639890,67727661,71743123,69680010,73769017,69285431,69347012,72575083,74983550,69808621,70620473,74365502,68692064,66039952,73074199,70310943,71579597,72016693,72878235,70611638,72467037,70518129,72489984,75390668,68281266,69377057,71824747,72011833,69221723,73783436,66439049,72197742,67723964,70662021,71228877,65127792,71502565,70911091,72072504,74376826,65846872,66353014,75581004,68795348,70113499,74074678,71443946,73621610,74599502,74254943,70021391,70942949,76884756,72460508,71798041,75612294,70931996,73345801,73498817,74852516,70911371,77250459,76544437,74530845,73780573,68535572,74163194,70512655,72343568,73941769,65825197,74719808,74853010,74742814,71924539,75575907,71737728,71022742,75047231,65319217,75830481,74144308,71075227,67169528,67327129,74343572,65900496,69972927,73090286,73063283,69251723,68680031,66561893,67206257,73323946,68976470,68207245,71964143,71044452,75544247,73860747,76738171,72989375,72436263,68369140,70108349,73896514,69374978,74015175,70826431,69886695,71673382,71200667,74425904,70629422,69683243,72579656,74718488,66830273,68608347,67812608,70754615,74226105,74686997,72396534,68834884,73652251,73942574,75448210,73406863,70876731,67865252,71574581,69001038,65698697,75035413,73287049,67914944,70261207,70566120,69872877,67566930,74432332,73051024,65115797,69606069,70680858,71334678,73130420,66205716,76588964,71199920,67579176,72103278,71210132,72103319,74120277,69983313,72216114,72334299,72042122,72194210,71792901,68810695,70168473,72618169,73187065,70421925,72107767,70878899,70949352,70235179,70188137,72949131,73384313,75143526,71320425,75284583,66938003,72064751,74189159,73516702,72982262,78738592,76729972,66509847,69351651,69909423,70594203,69740128,66566736,80133412,72519549,73659606,70813779,70574035,72030428,75644916,73251876,71449795,73970374,69742424,72444389,74617835,71974251,73210768,66818107,70753636,68485527,70021613,70365751,71778007,68033095,70083285,77235418,72982399,68427320,67738596,73184764,72307366,73495225,67547342,69783037,70414436,74536121,70801725,69437528,73492117,72521301,75751669,72107515,69172308,67974755,70894154,70547890,77050726,67199031,73699386,70581677,70810157,71464332,71297741,73721121,75374012,71225966,76868605,71579926,75900274,69960869,69759850,72557970,67717408,73955673,67420822,74612643,70220814,73875539,72509696,72675622,74317874,78382130,70195849
72271812,69817534,71277041,70150183,75297835,71602197,70453241,69407683,74039595,77769498,70914888,73621144,72930723,68274295,65648454,70121101,70735079,75124158,76007392,70698663,75651880,74190202,69214825,71296811,73466394,77868835,81738503,73872387,70131970,67934202,72934764,70348342,74481623,71020548,70864174,73403384,74083613,72943257,72400440,66970389,73225753,67663066,74145259,70309455,72709793,73134143,74470827,69846551,68647549,74145523,73616955,69782266,71092977,69527464,69954991,73156702,75581680,69282834,73811565,69798166,71507544,75010063,71454672,70387943,76208904,75214459,71144399,76288442,66639375,73269324,69315772,74515303,75639814,64232010,73873134,69629336,72949856,75435091,66895677,67227147,72974325,67672891,70959992,74622433,71310658,74690186,75331539,74609589,72455604,72764168,78636192,72869454,71688601,75403908,70152053,74273941,71298878,78169396,74707181,77891705,75588651,74623977,72077769,70184885,70070525,73073060,70698294,72768470,69515092,76373542,74164765,71741984,76572157,75906625,71233308,70295083,75618552,67418602,74244749,75609076,73972004,72347022,71098932,73104410,69393679,71862672,72455858,72907119,68733477,70310994,69083649,71248139,73057584,68765913,69216720,70902922,72177167,76363696,74828216,75752937,74674134,69768403,70468199,71573086,74566510,70800668,71337035,69846728,69887373,68793946,77248126,77067865,71668368,70175691,70559009,75131148,69437485,72316758,70109013,68819181,74266078,74325265,73211256,70551756,72984206,75513501,76330034,73288322,71183508,71028657,71497358,70334347,68148110,72542801,75799679,70697196,72045723,70670926,73408736,69189965,75599594,70496214,67031084,70432211,73958183,72972755,75550786,66877487,76065536,70778703,69366799,73198640,68015290,73491238,75711017,72051017,73400450,74895719,73706371,71294558,74090489,68976264,74416580,75014957,71587815,73453298,71091512,70113584,75213949,71296673,71549202,73082560,73929176,72822202,73000073,75435366,68738473,72948425,77386836,75129429,75509964,82417541,75870025,68372775,75239578,67431566,68568676,69879824,66943829,79435146,77616442,75650067,72066995,69870162,76166782,75169161,76578802,74595013,74765949,70116848,74106833,72757034,75452122,75234394,72169171,71590547,72030928,72136441,74007133,71227049,70249917,68141540,77416611,74316225,70140392,71274777,72215960,72773897,75048545,69338842,70136158,71806427,73767671,69324990,69103983,74345336,73088425,73699796,70328500,71143754,71154972,73136014,72220730,77314286,71248358,72410321,70566113,70335371,71236645,72100199,75742893,74775486,72702926,75164749,72143867,77827259,75509362,70079260,70354117,67412625,71715587,68440869,73916610,74597494,76252054,73539857,75418529,76917254,76354774,70221448
73777387,71759639,73212251,71389851,75678527,76140186,70726694,73849959,72679110,77840243,70040580,70762317,75840619,67297861,70212821,65366047,70149844,72803588,77032651,71038725,75316451,73528558,72903133,71839196,74358290,75337737,81375609,73484718,71546820,71100878,77038190,73457866,73563942,73417712,72835559,75417186,73674431,73168603,71971965,69923927,75200119,69014469,75592286,70868576,72848678,72152349,75927722,72438390,71303649,75213310,70912218,71726268,73661322,71919829,73034050,73153912,74287895,71440188,75307991,72219242,71811569,79649345,72628897,71187982,74661147,75616755,69928691,74796850,69061784,75564854,70785283,74974348,74717972,65086548,70096639,71975708,75579089,77434665,67314025,66604535,76370029,67387558,70895929,74594496,72350603,71676184,75300861,77102093,72827664,75205397,81619795,75722906,74136327,79244792,72943020,75551153,73153899,77509967,74661445,79406338,79538976,77777853,73447095,69772420,73695115,73168477,75319560,73872835,71665699,74904235,73924239,74243535,73925492,77778793,72525390,73347773,76461790,66326701,76384583,75353265,73514949,72892935,71538447,73149574,67988888,72689277,73370785,74067744,72356513,70253352,68577594,68480236,73558716,70793927,72412184,72550694,73740046,76805856,76297436,80298241,75210068,73752348,68513573,71047313,75193489,71730133,71595058,74664671,69413110,70895967,76175423,74046825,71272410,71363392,75150199,73157385,69316004,71622739,69850279,72313396,72733157,72665111,74738579,72907017,74848635,75877553,76335890,74305171,75465994,71832678,71275198,68662691,69651161,75277245,75413321,69470149,73250252,72408010,72194656,71185825,75897439,75976828,67481731,70382410,77183586,73274943,73507548,68445151,78247457,73057208,74222878,73873614,71677947,71960934,75782946,75088668,71771771,72985273,74761794,74257796,71945972,69966994,77695632,73745157,72232475,72471932,72222480,74685326,72042172,71329107,71439446,71012058,72805583,71249423,73304193,77811988,68592203,71460719,75740934,74533661,74796911,81539360,76143521,69709084,72448745,68479141,72868124,74571114,69039075,80972124,76452351,77177496,73470424,70759655,73622196,77144830,77664286,73853654,76495635,71335861,75475922,74238151,73754150,75078047,67206432,73780970,75229307,74463894,73239481,76292608,68431888,69992910,74626101,75189972,72446760,73943759,74063047,72914575,77140772,72800994,69866480,75019012,78319962,71888951,70907268,74116661,73798521,75904745,73677225,71785360,71004291,74737718,74959170,79122476,70448953,75494039,68673603,69447890,73574855,72283794,76709919,77005282,73824173,78315286,75300927,76418669,75273489,71387131,72672657,69944005,75594279,71558176,78661051,75159996,75460873,74731757,77169056,74186695,78702260,69339354
77639323,80325081,80967577,77653369,81762161,80309203,79323688,79522294,81985642,85591461,78638721,79571005,82406406,74863638,75619467,76684478,76111861,78253721,87287205,77892620,82933031,82829828,77793504,78233332,79209256,77354423,88064676,78901495,75806713,75526119,81642205,79567071,81106265,77626298,80591680,81181873,77758795,80616713,77515621,75344982,80108855,74665092,79978589,74865953,78570949,80744078,81423089,79196466,76518466,80981343,78285196,76176324,81850003,78685585,78654151,80102532,82275427,78780611,78788298,80516004,80285637,81277183,78840528,77956937,83280341,81636595,75606214,81103948,76206233,80858547,76709831,79180294,81031204,75080141,77705188,79990022,83065688,80776193,73323720,75204780,80863263,77037939,79869265,81822236,81158535,81917729,84329106,83117635,77739310,81072863,88307348,79750827,81771118,85290662,77640575,82985240,77187139,84057322,78307788,83844945,82045733,84527257,80174314,76024904,81675321,77274597,81193005,80510862,78009365,79927453,80573783,78258627,81675391,79343373,77901185,76189345,82344057,74791376,82221207,83181363,80481149,76793012,77610438,79039000,76853576,75951906,78720212,80110725,75628763,74801934,75489967,74799406,81515205,80021113,75500230,78914059,76116068,85368069,82566489,85744337,80490878,75983541,77884189,79678626,78647126,81070774,79346996,78382927,76570838,77898860,83415693,83311425,80156220,77948137,79676803,78851591,75499427,75831929,78538271,77342075,84571356,84070132,80040215,79446119,82881397,82900086,80644644,81479074,80560391,75587027,80844581,77612535,76188497,80191051,80016018,75952253,78953247,79797020,78000271,77405827,80243268,81717599,73230045,72687261,79436758,79088443,79852238,74154641,84763645,77450595,79243840,80546296,77881679,83217529,82909236,82047835,79585418,81234514,79062979,80911603,77230152,75196601,82744530,81074205,85266923,79532070,78788191,75523390,80276608,81856032,78199770,81788219,81029322,80326389,80672885,85539162,75753079,79751747,80217746,79343390,78397302,88637519,84868801,75889671,80091598,76855158,76427121,80790755,75027399,90899035,80729155,81166408,77620729,77771481,81136681,80396857,85755763,81080654,79472798,77035668,79126204,82234257,80403128,76838554,75957628,78034316,77606629,79077938,78684524,79694999,78870627,76269262,82426469,79444704,77210797,77489355,79422401,80576958,79653238,78916936,74962033,79948955,84983677,78064558,74230741,82585108,79480827,82001654,78259123,77987164,76627770,78325396,79461165,84645349,74969978,82848037,76131009,80778377,79709700,76424455,79853662,82251302,82165106,82520278,78914670,84245645,81041746,75635702,81094580,71413609,78337954,76371625,84020117,78233606,83704345,84252666,79706016,80031844,87428005,76851615
76604950,80251534,78049038,76509369,84491012,77959653,74645922,77192036,81360827,81328640,76937812,76789810,82818678,74838607,74696380,73567238,75499328,80702274,81933629,76618943,84343915,78417638,77649225,79128975,80233241,81300246,87014556,79323368,75930144,75541929,82457792,75666747,79443142,76669728,77455972,80362572,78485332,81189286,76970231,72931772,83135665,77730026,81199926,76037933,76672167,76885564,81906698,78331121,73461819,81059901,79486327,77765777,77765099,75477756,77958551,79074069,80894255,77046909,79839127,79412550,77950997,84610177,76672971,73950881,81804568,80562131,77593319,82136610,72508462,81297349,75173669,78914654,77534185,75262951,75497565,78147016,79312083,81142833,74053596,74054308,80215949,76629037,75711268,79806950,79431322,82848729,83304747,84309587,78945000,79971318,85407861,79957634,81163882,84535547,74810764,80466634,78177400,85395796,77750812,85143032,84728257,83892533,81151831,78534438,77457960,80060161,78855801,81920416,75632801,83688414,82224178,79256423,81817558,80977154,76044135,79012860,79251346,73103796,82629571,81364644,79679862,75895500,78146172,77087326,75405397,77530434,81218653,78718396,73989939,75699125,75190508,75391951,79575718,77112317,74798106,77290635,81247142,85025478,82389610,83138512,80753402,75492582,77912514,78248729,79828525,76932033,81322098,77773134,77848080,78515125,82182619,82236368,79245522,77328968,79132388,79902217,77427084,77027523,77033543,74709374,79315631,84690092,81911382,81549348,83227837,82069216,80080914,81653917,78443740,77643517,76293421,76463770,75838112,83007055,82380995,72808331,80145922,75953939,81157747,77248305,79402018,81154889,72682983,73685097,79712418,78055713,82325908,75061269,83337185,77209457,79070856,79368400,79350720,80674836,81534964,78427479,80496417,81087962,78045881,78974600,76540057,74859394,79867198,79247185,80273570,78230709,79980697,75250536,79987581,78594693,79395229,78496282,80300058,82074404,80817548,83693975,75596872,75528431,81173802,79964077,81828276,87662881,82689035,78348644,80379785,76050715,75383810,76274113,75476022,86397954,81305441,80404326,79932028,77549678,78099496,80407613,82165378,79811795,80818409,76003819,78781916,80265591,78900147,80342781,77442040,76675828,78060640,75389822,76853899,78562452,74392749,75975637,82214590,80718198,76295428,78420209,77785623,77639638,82722870,80548057,73906620,79281586,84487365,77470641,75527878,82900685,79872591,82401760,79130719,79125357,74959396,76691717,81786938,81517048,76243782,80241432,76958882,78146427,81288070,76371480,79016882,81532413,80292622,84428751,77998456,83388820,78409326,76113150,77785116,71248296,77195735,75346501,83261541,79064743,79909795,82373728,80143196,80209986,84918693,77688861
73773214,75982480,77287790,73010277,79252099,77453345,73087634,75204271,76821114,79933423,74848981,74111676,76719145,70718816,68477204,74032878,72321629,76074357,81602918,73451208,79019794,78086932,71333014,72271172,74756668,76118309,84766047,76474108,71092403,70092836,79864882,76958072,77698173,75180625,74197617,74357210,74725989,76515344,75114718,71405423,76246843,70711445,76295974,73162003,74465693,72068387,77718684,73240413,73020300,76759328,74299447,72968113,74172361,75463302,73762415,76713407,76937313,73351522,76834386,75102817,77543843,77507754,74594757,74248520,78069868,75128731,73319802,82200720,70752523,77978349,72469140,75706349,78248855,71552268,76126116,74546587,78416782,78902454,68774470,70590363,75940694,71170392,71938041,75964299,72581623,76199963,79664365,81239968,75686666,75311151,82027017,75888572,76980557,79283928,70931345,75596109,70998149,80512151,75406796,80170998,79403945,79277608,80348460,73826086,76567058,75355394,75572379,76762788,70535674,78056133,77835746,76091645,77323024,78896794,71155008,75141756,78743101,70053895,80070178,77623303,76956377,72839513,74255073,74101470,70604300,73545401,74172207,75458640,71985735,71893182,69537545,73847553,77051210,73381309,73442967,73342744,74587378,78920696,76572902,80180622,74444099,72973696,72423347,76632556,76186306,75274422,75754795,71662744,72142255,75131384,75194776,77728620,76416882,73783834,76523395,78982347,72828924,70548485,73956181,74409587,77061377,77365147,76325965,72826202,76730889,79188722,81186181,76010080,74560071,73560072,76151020,75839030,70607990,77431643,77746030,70100919,73507150,77795155,75234679,72775265,75594543,78883120,69025104,71552358,74466348,73896057,77066581,68652414,79181181,73342880,73969250,76295759,73512614,75512465,73933038,76134214,75333548,77046879,76265727,73582097,72475406,69707495,78753985,75349392,74915013,75243503,79457423,74308757,73670406,71691157,73436822,77839083,76375868,74008454,74771991,81375887,69939328,76019289,78239237,76649941,76589120,81450231,79976357,71406348,75780927,71460330,72866923,71426406,69042443,82275928,77732388,80501691,75953878,73667406,74169745,78494657,78481016,77509794,75588653,73143540,73813853,76860152,77765969,75763754,72414744,76579775,70695652,73043166,74237840,72410658,73273465,74030979,79563997,75266455,74715360,70192818,74506006,73347413,72329229,71903394,70673737,73473929,77197439,72702810,75974755,76679433,75828165,76096269,75338573,71044046,72925062,76630108,75680895,79838627,71774518,74703909,71758237,76425390,76158514,72304318,75915328,77845278,76264705,78441614,75552119,76970379,76789412,73413686,76961624,68616509,77248034,70987381,75497358,76017758,78678913,78125891,75272831,78094807,79832895,72817495
79449960,79104174,79186230,76657368,82725475,81118680,78647268,76429314,79938588,82966688,77004517,76613299,79404746,73669931,73948877,74938141,76485112,78338623,83596498,76849996,81318566,81580994,75306367,77401097,78794606,78263605,87745696,77325877,75459031,74965621,79780987,78288422,83742702,75389897,77447359,78159076,74698634,79994544,76518604,74424444,78653173,73281607,81471580,77958578,79799162,78439247,80549198,76770419,75638019,82033290,79145789,76860363,79376011,78155636,75469418,81383453,80171905,77549486,80282249,79121380,78500670,81272195,76342333,77837597,83306344,80638767,75515707,83234391,74688831,81136567,78707099,79751954,81080544,72984356,78451712,76209401,81869991,83078212,70182533,73768916,78369968,74232449,78867545,78969693,78868641,80716380,82955865,80488126,80788753,77846634,86479721,78837459,81917892,82810838,75053005,80224144,79764688,84822058,77775352,81780507,83072160,83766887,81079366,76087876,80762579,77126512,81715425,83475751,74778209,79707269,82334056,79417059,79043839,82163812,75390490,74523294,82834916,73047881,81892420,80409189,80548324,78760002,76069995,79860131,72543689,76199906,79722992,79407911,78381949,74947470,72878917,75953401,80295509,77116673,75488292,76192380,78084885,84915421,81908701,85249983,79131302,77476470,78150002,78816350,78303979,77605237,78956461,75837251,76458144,76060317,82533907,79674921,79880421,77378342,79227152,77284655,77360388,75962985,78313709,78939078,81969681,79555406,80293119,80049242,80829371,79969035,81495454,80958999,80210729,78315723,78635810,76140709,75167654,80266312,80652024,71129626,77821679,76025262,77873153,75704631,79362572,82151130,69916692,76105462,80429573,76410298,78217759,73746003,84002662,77409443,77728681,79533949,78722287,78646803,80388868,75929060,79734091,78483889,79867576,79019299,76074818,75282294,79038920,80268318,81569678,80206163,79969295,76779930,75992888,79676369,78668538,81381440,77554965,80397877,80131816,83949907,75925429,79182459,80887954,80238324,79646315,88579766,82195909,74397405,78320819,73044916,76513215,77670749,73825910,90564134,81247538,79505959,80467151,77096413,80856323,82219636,82397705,80689794,81236415,77426646,78199244,80950084,81631253,79406934,76197902,76673812,76677725,77567766,78863715,80025583,76417259,76216041,81817396,78769992,77999093,75364558,78734495,77386250,78322555,77130983,72616109,78811690,83718813,74203966,78328636,78471149,78797501,82417982,80205837,77957724,75450755,76674036,81038688,81929406,74790520,81549118,75183679,77364433,81759895,76021554,83155844,82278048,80198336,81524107,81233331,84299809,80250595,75298415,79166878,74039602,79463649,76548738,80716060,77137554,82297254,80744514,81060675,81701720,84119447,75679863
70761639,69603204,75261520,71393148,76455595,74505016,71413907,75189129,74241969,76572278,70536282,73020116,75149600,70590034,70081080,69357271,71073057,74335753,78711468,75489780,75025952,76275835,72700080,71186514,71487636,75251762,82803817,75034798,72434423,72441005,74377171,74278407,75442565,73574066,74226635,73266715,70756825,74664272,70415127,69905243,76030551,69149798,74871018,72054269,71831876,73106927,75995137,70237810,71257578,73274713,74473986,70231692,74789810,72736443,73237636,74967169,74792835,69338542,73866531,72718047,74521858,76960956,72808546,70978139,78205190,77703654,69923833,76197672,67378476,72881674,70467502,75734389,75438423,66687978,74745110,71238655,74697205,77381924,69519868,69632891,73385175,70239083,70314295,73255287,75363916,73825241,77697010,77669976,75421285,71255307,80132610,73789589,75461565,77056850,67794937,73200347,71848601,78808006,72417185,75421540,76619270,76084418,76563777,70092775,73688596,71725080,76726838,75859769,69850604,76870362,74077555,76507988,76901295,74178713,70503710,72994375,74667855,67944736,79143460,76740865,74765350,68779045,70787619,73903189,70103676,71057546,73878427,70990724,70625772,69962915,68978068,73406834,74265059,72460240,71160539,73574158,75270071,78816515,76083740,78099913,75090507,70438022,71741714,72004697,75212922,71068206,75121202,73500920,71104143,70300717,75080032,77029368,72872469,71656130,74113679,74638253,72691018,72561590,71194583,71795508,77362623,76922315,77304236,73620254,74727907,78538292,78460911,75481559,72169445,70574121,73122304,73287080,68884961,75193920,75753542,67911494,73626189,72224546,74544042,71252855,74161094,75280213,69315388,69726891,72868080,75190240,74951704,69573510,76303554,71657809,72923123,73579086,71251589,73702703,74808297,73919165,73970514,75188099,75146596,72181318,72920403,66987255,74882883,73986888,75107285,72289948,74925046,73401238,70152026,73040698,70420479,73651249,70412296,76049196,73909994,76868669,69536520,72098792,75922941,72366563,73456646,81700912,78322633,69052442,74485732,73036784,71745356,72905315,68122820,80015716,77307683,76597459,70556836,72647536,73474150,77495313,76540592,73860825,74917378,69578470,74891627,73676826,73771299,73865083,71891882,72831818,71824551,74416200,71894447,76291446,69981604,71794671,75882372,76885765,72653803,68533285,72404251,71196836,72723009,71206179,69522514,71034288,76699340,72931893,72155448,76528056,75354877,74484627,74527424,68592990,68957217,71686374,74624617,78968987,69355504,76481484,72327956,71516352,74253212,70742521,74351615,75068083,72524250,77320601,73858863,78114140,76732315,68423450,71303790,68426824,73400424,69561254,76977606,73214425,73977607,75519492,76292591,75194360,80081521,69937015
69480377,71670303,70782178,70400113,76011461,74838967,71726129,72180833,73828765,78309380,70713254,68675221,73201131,69910917,69776834,68518788,67457535,73120376,78031324,71184619,76050805,74822748,69254700,72305040,72541249,73767614,83123059,71696272,69258789,69347761,74952327,69737552,74894408,70483128,72248300,72141633,69605787,74361312,71593819,68017420,73111517,68435006,74419173,69353830,74728228,70551996,73752186,70104137,68170791,73586024,71868617,71281809,72685551,72066400,71633025,73422567,72172819,71818542,73777920,70390356,72432440,75617284,72690947,71026129,72276658,74599128,69019511,73046119,66424935,74423677,70088408,72737672,71695396,68309199,70813446,69862970,75710343,75464573,65447267,65651090,75484561,69624775,71316778,73806670,75428325,72200131,77251159,76048989,72454570,70587821,79878923,74292480,73329454,76731900,69338343,71482795,71328016,77955441,73106470,77555418,74069233,77190569,72237257,69520484,72469847,72063091,72953539,74755935,71138825,75778794,75983417,73680594,72876189,73824421,70082648,72580519,75637107,66783485,75230844,74212540,74312511,71351466,70152053,72416688,69009065,71379578,73451551,72678398,67780039,69786262,67093680,69414595,72525765,71550990,68324131,70369484,72183250,75987181,72234474,77291333,72279605,68862025,70912120,71007049,74578254,69069414,71621713,71069166,71427181,70710632,75611518,74690123,71187846,68673182,73790077,73632092,71782662,72284048,69746468,69022559,72370521,73391627,74077095,72525878,77302647,75174370,76874265,71288182,75122493,69345119,74089703,69361040,71865139,72699802,75657654,67377910,71528058,70642027,71397359,68267261,74011422,75806340,67478172,70928746,72288642,70808116,74281748,68141471,76248317,73982165,73032588,72127141,72734684,74901278,74127259,73597102,69740601,74156937,73723646,73279711,73398268,67694265,75090310,73836861,73835433,71472416,73979372,67951375,70453156,74618604,69981484,70629775,70901054,74097747,72029174,77643626,68769781,71139670,74123253,71871954,76088165,80431477,75174753,67495970,69623865,69840493,70377594,70048617,70343838,81724002,73858481,74793328,70828947,74941116,69151619,73808831,74891727,73078551,74676879,70720452,73194016,75153982,73452125,71874959,68787981,71537391,70468812,71200681,69924601,75446821,71063186,68897644,74015915,73211422,70837973,71246853,72511170,69778797,73939120,69384804,69946413,71521242,76452203,71548081,70479891,72394603,72339889,74750588,73957454,71460521,67929653,70246009,75570505,77124123,67923603,72076550,68024000,70252190,72671725,70823922,73125870,74563590,71660639,77319567,72405552,76173364,73861854,69216254,73526416,64550826,73111308,69480294,75865122,74414438,75532619,73617853,75280114,76669826,79659727,68942869
72505944,68969645,72486728,71063965,75336094,74648217,70411214,72286302,73460709,75752380,71548502,70910638,76484054,72475117,68011183,67978220,69367030,72215832,77411347,70087147,75672863,72534049,72681287,71560167,72430982,73212719,82013824,73538601,68653369,69597205,75870624,72330190,71895326,72837510,70690694,71566946,72354352,72857841,71069862,71431819,72943078,67894673,71509048,66996990,70963106,71211014,75203090,69189791,68610873,76025462,70646734,69676294,72724753,73334921,69965526,73743488,73632796,70780262,71133926,70053550,72319277,77564971,69238357,69342304,72459567,71834050,72470519,77146700,68730354,75361576,71442732,76392032,74346155,67065676,71526471,73101219,77559877,77202768,68326922,66912904,75486068,65433172,70478656,71930071,72019187,74290281,75585305,76349096,73379577,73723158,81136734,75938224,70038953,76014009,69307809,71751492,67827649,75859361,72192292,76632721,77701640,76504506,72534142,66889135,71995846,73161232,73385306,72693073,68083735,75313736,74409487,70618606,73342046,73480238,67563569,72234448,73252528,65628313,74093573,74140030,71614944,69370591,69511884,71713311,68656573,71781141,73340843,73223283,68002136,71292781,69766040,70767465,74491532,71537927,71333961,69349390,73093806,75716204,78273893,78483769,73787978,71153107,69382076,71728823,72576293,72324320,70923543,68384129,69041260,69825856,78566468,74442129,72344734,69923727,69495362,75399676,69729202,72030999,71950828,72553661,74411302,73735878,75737863,70000538,72740330,74937986,74013993,74210099,72891464,69178177,71091680,70061618,68168905,73238990,75157542,67323250,72110554,72371411,71447850,66390564,73552186,73658020,67922038,70058574,72640481,71512101,71676764,69558078,76357564,71401692,73098484,72396771,71334360,74121091,74419622,72340778,72424173,73101658,72597128,73736994,72194654,70268725,74523176,73674468,72416580,73862267,71218443,75278761,74275773,68547897,72027441,73309749,71839719,72760086,73252587,73818952,66733836,72456766,73113949,74088767,74148459,78981783,73583368,70522237,72970391,69167843,71541408,69156953,69169205,79605466,76383824,73969553,72368017,68688435,73262629,76192127,75295729,70358109,73623899,67519624,74310102,71515903,74583967,75101299,67120631,72377744,71460718,73242093,72788429,69270728,71613346,69225963,76127453,75441887,72564703,72673646,71275297,72568945,74716535,70596461,68865061,74784767,76639949,72015968,71534300,72913781,72346569,76482692,74821289,68935949,69701235,73710661,72922400,73812399,69898594,74848591,67444692,71778658,70876825,69118785,72454917,71462046,71084458,72793852,69470941,79104532,73877934,69390006,71602932,66224740,74204495,68503657,72038882,73544922,78643642,75741073,76339656,76786169,78793131,66764717
76016488,76751412,76759193,77159307,79459150,79807929,75995114,76573919,77632383,79175784,74786491,72381344,77709448,74177081,70393841,74275927,74226383,75091491,80289935,75778612,80722208,82212151,77126579,75014703,79077378,78621983,87946192,77101226,74187448,72673010,81121000,75759226,78423859,75109552,76763410,75939741,73945277,77054739,76875313,74201073,77568170,72274923,79062370,73686033,74185682,72396204,80146895,73276079,71975181,78158441,73288211,73791755,79795068,74970250,75685256,78951526,78262846,73602183,79585090,75012165,79913336,83713757,76128701,73359472,77428272,78473077,73546256,78244725,71530543,76900516,74755346,77738848,77497552,71901813,77832741,75110107,78569237,78838800,65826152,71307245,78742161,72450591,76076279,75882458,75324924,76869394,81293386,82318705,74975392,73994089,85181542,77035838,75629476,82864437,72956686,78430858,72894422,79200274,76040776,80231373,82201369,84868802,78184125,73900039,74041224,76926068,77476017,76569216,72970771,80375304,78929515,74893030,80510905,79571088,72642373,72699398,79772986,69518948,80492272,77690874,77298882,74264667,74584119,75751813,72358474,78413436,78792749,75452000,72631844,72550399,68973129,73983519,76835385,75642524,71859698,74353456,77912590,81952349,76548078,83361871,76124161,75268406,71707398,75864450,77006846,74525160,78051968,71957171,73172515,74151912,78550599,77434274,77143974,75119454,77834031,76890426,74327348,73250242,75175862,74686711,79021217,79563468,79205748,76333880,78666213,77986541,80789683,75719222,77662770,76773738,78488251,76743364,71561649,77237915,78586387,70943733,75574617,76014909,75280992,71716378,78820165,78353413,74179156,75392390,76086859,76331629,76694651,73351037,80257916,75124153,78240558,72950871,73286369,75408277,77319742,76557956,77802986,80892836,76298080,77433191,75789060,72256472,80103975,76906284,76192783,78033312,79051499,73852925,75787722,76575539,76093212,73102871,75955688,79735522,77547175,80883394,71845153,74223957,76298873,78983896,77305616,84545298,81320568,71981699,76098028,72203683,74647485,73581365,73432735,83618673,83019282,79826525,75437778,74227728,78233101,77908061,84013499,78753766,78881535,71365507,77640826,75923478,76817813,78172701,73556057,75230208,73829759,73530181,74025221,77177926,75856199,75477001,77745856,76618354,75185477,74525959,73044538,76372107,76652208,70467868,72852421,73255112,80427324,75054770,76805693,78013610,75659495,77779096,78738314,77441706,72707213,76989465,78524064,78579551,70414865,76662997,71628046,76829263,77670303,74588973,78625650,78247779,75672434,81188111,78301812,78436761,76796516,75164814,76599588,71427513,77765225,74330822,78723792,76879098,77379859,78886882,78754815,80439923,82369410,73441926
79780206,77918195,77690400,73783494,81148460,81892993,78463715,80324531,78419823,81890102,76754519,79032029,80309681,76113427,74665713,77056934,75584522,77148291,81748796,75155702,83876343,79964077,74384239,78062403,77085009,77609653,91344470,79366274,76736331,76420198,80760371,80668395,80079898,75510003,76523051,79455153,79948084,78351053,76239802,76727024,77670357,77523483,78201108,72718682,79341512,80689991,78905114,77256559,76211283,80579197,80014176,75924370,81032274,77884656,77814221,81606842,82329019,75960368,77555505,75401242,80422142,84213082,74693152,77540692,81778583,79693746,76040560,80488085,74182030,77577531,78446223,81957974,78359187,71074897,77348207,76176902,81249650,80276838,71711821,71553408,82339514,73830689,78862583,79825093,80475712,82113819,84415348,85328627,77523577,81226479,86498594,81634887,77609811,83815669,74131032,78727241,79119610,82073347,76761075,87296827,80956825,82535523,79589740,76003857,79253802,76931768,80089085,80833841,76249722,82295110,81986900,79380227,78506550,78987984,74586235,75986405,81904824,72366419,83243429,80537292,77539892,77785690,76523131,77877475,76056432,77476543,79582798,78623002,76328120,74902007,74026761,76350932,79454743,77769354,73810151,77945177,77784264,83801820,81027042,86091616,78546844,75557135,75928188,77160477,80368124,75906205,79559444,76345118,76440767,75143013,85728765,81335728,77978623,76235561,75298279,81890088,77701007,78396705,76217331,75630406,80236323,78834666,83314255,77533542,80231693,84495854,82418195,81372956,80447611,76030351,78145933,77290819,75666650,79001272,79308522,77605428,77454970,79577973,78397532,75401867,80601984,81756284,72825227,77970490,78140645,79136647,82033216,75584774,83271541,77512191,79738757,76994126,79142027,80778928,81397561,78204747,78722755,77431479,80560756,78655451,78644575,75038327,81313406,81981686,80963235,78940507,78018479,78924906,79412249,78518206,77779162,78620133,78879406,78786270,79816252,82161813,75661183,78693762,80337792,79907761,78626754,87016767,81211818,74334809,76292658,73272602,76445503,78459783,73862622,85722524,82079308,79647033,78091784,76866202,79209361,84310093,82941415,79236609,83417474,76562457,79052832,78226529,80262750,81792998,75094546,76257006,78282865,80511536,77342659,81365457,74674756,75583097,81924552,76841501,77964547,78061923,78522647,79989482,78604252,77479716,72634488,77834414,79650085,79164583,77745187,78027278,78409865,78842217,77430937,77554231,74872391,76991797,77788931,82210345,72962101,80478878,75637968,76470249,79636274,78659963,79158685,79120262,77579668,83114776,78046852,82565646,78844868,76530090,78521625,70137646,80097845,75075013,81748119,78790982,81981114,81001540,81400324,82472614,85871897,75021220
74475500,75674299,73581449,74852774,78812976,78056522,74434842,74600573,74860094,81068543,73718584,72884163,77893080,74052574,71009367,72840596,77333116,78550689,78507828,74794382,79399230,75567895,74516079,74491247,74868910,77402331,83450948,77317476,74000085,72369914,78062641,76165954,77871077,72663667,74927443,76798346,74685342,75929599,76027102,71573323,77752594,73294185,77405106,71611752,77375791,73305262,75689008,72541581,71461294,78360023,75893776,71127478,77588513,72262470,72885268,75663994,74983597,73867897,75012193,71620780,77116558,79305440,72102816,71464795,79743632,75233337,71284925,78264634,69086724,75311479,72762701,76699651,75279928,68366908,77776335,76776625,76817568,76633222,68998631,69098621,78540489,68810983,72307348,75467760,77647923,76381252,80409149,79494281,77078279,70902788,81573042,73738421,73096085,80825615,71855094,76836515,74472267,82176751,77602287,80779721,81835575,80872475,77045250,73177437,73136237,75934094,74605660,76476027,73669412,79083781,78488134,73961602,79389252,76355885,72942583,72827830,78527269,69312109,78620492,78986617,74860534,71183028,73834962,73458258,71931861,75567002,75124000,75326540,70890472,73846414,71221517,72828836,75421579,74925903,72726583,72876364,76148647,79369465,75613253,80198422,74485816,69632147,71684928,74202951,75976509,74332766,78855402,75283118,72406989,72272233,78947284,77993948,72621752,73712309,78409766,76654813,71566899,74706136,73755854,72406013,77702023,78460760,76543029,74618217,76286308,80176577,80365585,75448869,74905290,72778103,70821123,74269077,72046559,78281454,78872939,69225450,74434915,73078605,77391436,73398595,75441984,78292428,69981620,72134631,73835798,73432835,79133574,72203057,76115254,77134732,75484751,75331132,72761696,76853035,77399055,75160234,74625799,79479774,78242958,76006485,76268934,70531241,76020745,75542759,76814907,74945904,78717668,73560369,77891039,75579860,73654560,75259369,76036957,76498567,76126228,77669383,72723652,73955601,77210232,76272741,78349733,86001325,77882343,71034590,75216759,71514625,73249958,73421609,71958659,80781038,78804051,75821899,72375652,73617496,75266824,75334068,79060617,76894935,78282642,71317266,75185618,77236953,74815373,76127084,72446424,72242974,74984797,73809076,77389559,75087797,71367845,72296525,79317615,76587032,72787930,72651990,74621401,75459257,75758793,72871689,70551741,77775054,78384012,75057711,74482294,76745993,73506920,78945083,75883785,71670429,72833780,75862652,75512060,76809465,71642445,76660463,71285741,74686071,74120803,73581249,76713758,78257147,74836950,80572748,75743512,77968452,79229176,76047212,75877012,71028151,73780562,75485502,77746647,76579287,79512281,76978090,74817810,78524797,80082045,72534375
69191659,73564909,71102239,68205180,71812841,73671560,72520733,68438171,71843214,74092716,67776046,68303241,72362145,66957649,69087349,70401562,71339856,72153852,74478139,71464506,73065264,71804211,70122905,72459245,72254696,72149555,79342884,70498072,67131509,68749943,75643157,70276573,72640803,70219011,71713706,73129397,66095777,71785940,69490481,66701183,73676399,65030522,71339621,68441180,71270249,70441099,74831551,68837985,68203096,72583873,70464333,69445718,71959624,69797349,70493533,73650816,73054097,70306154,71933320,70491666,72763547,73266918,68951546,69297553,72135516,71219495,70593074,74345879,65365447,71580087,70033196,72838530,74286023,65920322,70971489,68343899,74222157,74347890,63733378,65325045,75379611,65311941,69714296,71704786,71691185,72618433,76325372,74876771,70041963,72016705,78423194,72754230,72136300,75906602,69388385,72847515,72121180,75819070,69911354,75613176,76054312,74806220,70262271,69926954,70499952,66447025,71446876,72076899,70011382,71117786,75353312,68588281,71037470,72952628,68240532,68801735,72077125,63452294,72761381,71937689,72531190,72188913,67671769,70582302,70324422,69101277,72495176,71563430,67418004,67369954,67503339,68823535,73758568,69225607,65739153,67153534,70327986,75461931,73886076,77865680,69587709,71363930,68462111,66967295,73373657,69320679,71857260,71236092,68395114,67814545,75096730,75244908,70924893,67955138,70066093,73765504,69570843,69840078,70262246,67740246,74110234,70689152,72880636,67357233,70850874,74752336,75513223,73573635,72001386,71391640,71280114,66455070,68255798,72717242,73687783,67954536,69460198,72405171,70336776,65460394,71221489,73809572,63281573,67506618,70176781,74140335,74298337,67653610,76583480,69767929,71935328,68859982,70433076,71650232,73401032,70478663,72280262,73766978,71874305,72142776,68956363,65521111,71392394,72963693,72798637,68604985,71067301,71826463,70500533,69637253,71192208,72365228,71505885,70719693,71199075,74283181,67611355,68689068,72900544,70826425,72533762,77996820,74248981,64526868,71512326,69824651,72811142,69656521,65709880,80143709,75111262,71934457,72442592,67503918,72976491,74088144,74387524,72427451,73213440,68482280,70623047,73600540,74598159,73217248,69434472,71806897,72119741,72005763,71053345,72789045,70487962,68033514,73466316,71038979,71202671,71203686,71464353,71536278,70925588,72829779,68369938,70782179,75659785,70879262,70692575,72038410,71809299,74368350,71389891,68102967,68595442,70489447,72682375,75624668,67562648,71512257,66954901,71912726,71243761,68255298,70847714,75336455,72202116,73519565,70418172,70250173,71379640,71630656,70967422,63955482,73936744,68264744,73216117,71329513,72838216,73790618,72496940,73469900,75133800,67687850
73599774,73498082,71414132,69998815,78028381,78080469,71524583,71794529,74855214,74629528,71804173,74183476,74688638,66920113,71450105,69925067,68895391,74340758,77380336,71748989,74878138,75916881,71487459,73135531,73773202,74793526,81928834,72918949,73877527,68672485,72101724,77814380,74188845,72650443,71542514,73001042,72337065,74760442,71554952,69482398,71739322,70153372,73638287,68496245,73083582,70242107,73841702,72729327,69568189,77001782,73159569,74430382,76455449,72328371,69852731,74167754,72112527,71217004,73749288,72258330,73137627,78879421,73566814,70234223,78744362,73881754,72403373,78156619,68054321,74579579,70507629,74887497,75652640,67815121,72651986,72092846,77499573,76933646,66431637,65864512,75308433,68099120,71799735,74285851,74053742,74313118,78723833,81308439,71157455,73622391,79880747,70207610,73718289,77378947,71619890,73237916,74797917,78876218,71413447,81592304,76911842,78712439,73976767,69128501,70429571,73516037,72455141,74831751,70947867,77069675,74925427,74422528,74756155,73639198,70407598,68374936,77829952,69581832,76629143,76031353,75482716,70891033,72483414,73497958,68549630,74768361,72348889,72638474,69007503,69530349,70024120,70229653,75967727,67281662,68476214,73552684,72619982,76416057,75477717,80080565,72930129,71573581,70782348,72521780,74509501,71179657,72282350,68353363,71005308,69756252,78155004,74890370,70928826,69578618,70175800,74578202,71427031,70866818,72710942,70593583,72396497,74243618,77004899,73634423,76518955,77821883,75155634,73526651,74366786,71607993,73195708,73060041,70884692,75396414,75268142,71327716,73982084,73099765,76570455,70371120,73504913,77457657,67211734,68953789,73505973,73902567,76873593,67877839,78494981,72880215,72918079,76705666,70497952,75156883,75842580,73080328,71734102,75325122,74813659,71699170,74536715,69609773,71395658,76102398,73085909,75182945,73658049,70311120,71528793,72130338,70331429,75550766,77785898,76550413,75879273,77526611,70997508,74167240,78056906,72926221,75470764,79032478,74377696,67763164,71723978,72361149,73033608,73379345,69680973,80515429,78702363,74454382,68715847,71959940,72163927,76648106,77164800,74432015,75542027,68138783,73407022,75560831,71520577,75147360,71923049,71761218,71229388,75795633,70756861,75159561,71877499,73957506,75753180,71766251,70290704,68462621,72606443,74372995,73246393,73943615,69414958,73616114,75978523,75383886,70233479,73057983,72348257,74024024,74896572,70405038,69499839,71789013,74186602,75516348,67784645,74752871,68439102,73087490,72650780,72066676,71912738,77453795,73898450,75277687,74865405,77424197,76940520,70269588,73195998,66498993,72778246,71998533,79737200,74920612,74153360,74277038,77615504,75652324,79766160,69926524
77555100,80033692,79987352,78427415,81281135,79328840,78870984,80810444,79296748,85269591,78865611,80278395,83149405,76492588,76967010,76278220,76657587,81809209,85323730,78481660,84536635,81742295,81500400,78465076,78991193,81173600,91064354,80969868,77701175,76671362,84518159,82221501,79642382,76538267,79969339,80706975,80477181,80777042,78507224,77239259,78456597,77819355,81010638,77072288,80103833,79626722,79238175,77173262,76562830,87905488,80832178,78219425,82152802,79684207,77020458,82527492,80715071,77407370,80627663,78811080,80467170,85625693,79183005,78913148,81013787,79242789,77828814,82612873,73819337,80202618,78943392,78834464,79242075,75860267,80408374,79161643,82020449,82956524,72930417,72865611,85623667,76706007,78215119,79056961,77387635,82588471,85978678,86214790,80156146,83620696,87157474,83085095,80123546,83606846,78740116,81098852,75454895,84514253,81097107,85286882,84505774,86701129,79675858,76829707,79025965,80509956,81693849,79065857,77005881,85251295,81627232,77647403,83165000,82012075,75734932,79131383,81538607,76932804,86375903,79486902,78932303,78644409,76577820,80467700,76800927,80587882,81716651,83723094,74108750,77012786,76007529,75932712,83187782,78889626,76249322,77076666,78451799,85781379,84812462,85257429,81210186,79289086,75976737,80448220,81489832,80567569,78261056,77552634,78205728,77573044,82832303,82996588,78096413,78439333,80081570,82777010,78661035,78211016,75847216,78893754,81644610,79405007,81907027,78388335,82019623,85545624,84479975,79928456,80503714,78828921,82343323,76989410,77580737,83977766,81990692,73538925,79260980,77739666,79235431,71056312,81328957,81759948,72601074,74266820,77905133,80538298,78686196,75402041,85412290,79146807,82414352,80061837,77774802,81018417,83203140,82623443,78688708,81136562,81465326,81645164,79535311,77399433,81446401,82217817,82769759,83067315,81588140,79164473,79729562,79101786,78296222,79578231,81335644,83362118,80024452,81845208,76989641,79636782,82871546,83518818,83580478,91910659,86813076,76717900,80747136,78059545,79999281,76839432,78176881,88507858,83061978,81384439,78968884,76558960,80456602,82014885,84064167,83461571,84667712,76433460,79777887,81795230,81024498,80474608,74365879,78849682,78748141,80300758,77525851,79007010,76385290,79723864,84048256,81741095,80046870,76167770,81288462,82047269,81249680,79208927,77729656,78225219,83298241,75705981,75470605,83138929,81028725,82144747,84998460,76093277,76997108,79702878,83382815,88307685,75890449,80057974,74636065,83537571,78561752,78485888,80925989,83091931,77353781,84813507,80417953,84018206,81048810,76577699,79290148,74072998,81775556,74663817,82367703,80565753,84823598,82304733,81363290,83842319,89742253,77449510
78272814,79934913,82432487,79119428,82746313,78520129,78600080,77199886,82428813,83133375,75878014,77963781,82079605,74543974,74227196,75726099,79688679,81543051,82020499,75592743,81772457,80629973,77186102,79473681,82314463,82536452,86559828,79717782,77803536,75093186,79494500,80102243,83535659,75429829,79948502,82085422,74013112,74582159,79400211,73284091,82159944,71560763,78247646,77707347,76512302,74768588,81761761,75719782,77175062,79828540,80641429,76537358,80855575,77104738,78119874,79183442,79613938,78911090,79632517,77481938,78419525,84137746,77616646,75084862,84669037,79191873,75914033,84327649,71877297,80877454,74533843,78621060,82679347,71868931,79600898,77904101,80984152,80669682,70044677,75408374,81470294,74430659,79678872,81609011,81184461,81423404,85817153,85931839,78970454,80815318,87384889,83302825,82425485,84137335,75480181,80551468,77794979,87136943,80185881,83908022,82770702,82789504,79470997,77190699,81154456,75279986,78730775,82480660,77415489,82933866,82262254,79413329,82493295,80518062,72818434,77888269,79983303,70883239,84303904,83292432,79929462,80146321,79283730,80772287,75843902,79223815,78091783,80319320,74637174,78327467,73891672,73915029,79385856,78591547,76490575,77158789,80012725,82026046,83062779,85440329,79374588,75663384,77201922,77278601,79809110,79992783,79984452,78361510,76108136,75892642,82435083,83033250,76608011,76679482,79087535,81378922,77185906,77104584,76770677,78563359,78877606,78092623,80016572,80899784,82517154,84920943,85330891,80127348,80439549,80030927,77861651,77320732,76833653,79636036,82627937,74582257,76412183,80591855,80810320,78373064,80554270,81935689,71978009,77537047,79906599,78747882,82276252,72589269,83304443,78333890,81715711,79870892,78133357,80283548,79057366,76223191,81246032,80326059,78295292,80977289,77739860,74183385,78918134,79043756,79119520,80768564,78788233,78177412,77024603,77574619,82333945,80164381,80913367,78110252,82442227,83317059,75489067,79393115,79079790,80645791,78265874,89103928,84557023,72743620,78540503,74902007,77581072,77372118,75329730,86907893,83019452,83214493,79110526,75880627,79598474,80229871,85693931,80308349,81880230,75097658,79340005,79931132,80105319,77881270,72928817,76823816,80026412,75688722,77396482,78168012,78240286,74111659,81107377,82450630,77606462,77314820,79281358,77223314,78874155,78697008,73174400,78225627,82554249,78253849,77106529,81043276,81292477,85953481,80163509,76539528,76121016,76733521,82844211,81863713,75629006,81315554,76237919,77561718,80687256,76821246,82081372,78675716,79679264,84141538,78530512,83464582,81235625,78075241,79768337,73177464,78734031,73207114,81239740,79317204,80830409,79146877,79631136,84766219,87266753,74329710
74268171,75252539,75843192,75336964,76920555,78794624,69304436,71000983,73484565,77252710,70422898,72025275,76287783,72490328,67926266,71231899,72826368,72218602,78457353,76594459,76813236,76055589,71488602,72116439,75249511,73669997,82062423,76456290,74134345,71280318,75097753,74862610,76526780,72391465,76660198,74024293,74947539,73467840,71708866,74025121,73733613,71406414,76526446,71531019,73419955,76151431,75053600,69702560,69574713,75287541,70775927,72707031,75954406,72722929,72988281,74554048,75059168,71979551,75717775,72443059,74412189,77998769,71431333,72374588,77143530,78522326,71077090,78294645,70464590,73533655,72745452,73870807,73888416,67338370,75364622,74885998,74641506,76518092,67521118,68521434,76587105,69315406,73230162,74950978,72862034,74905008,79130794,79268007,74963034,71680067,80394151,76055301,73890763,76359009,71766001,76644557,72224797,80627228,75700948,75848633,78178956,77966194,72249364,70453404,75057163,73085806,75614092,74860418,71528024,76669283,76065676,74185618,73282484,76903904,71805642,74613672,76084156,68190910,76263683,76550480,74566524,71281355,70553139,72855307,68293589,71209770,74931638,76349861,71869520,69599262,67697145,71457122,75394332,73825359,68142882,74812753,74564407,78680015,73734824,78753910,76797509,72084400,70086861,72855493,76723534,73788724,72748926,70185002,69454156,70302377,76002009,77645147,74846013,72191185,75069475,73337068,72781855,72657301,72599869,70896159,76633898,76579296,75008593,71622898,76035809,79315838,76747501,75404770,75256131,70582001,74802371,73132813,71790567,74290311,75026268,67547310,71248155,69939948,75929574,72637834,76330761,76129165,70822867,69458649,73084019,72303574,74808764,68427360,77043339,72879601,72985718,77984528,69984382,74248311,74781850,75063667,74589989,73330190,74413802,72598100,72580441,69978598,78285769,75061054,78592855,74855681,75285013,71712630,72665119,74057784,72714896,71411140,72979749,76155140,74018285,78138858,70023368,74373523,76384471,72904990,76186917,80959961,76093104,69610492,72593865,69723340,74136151,72720770,69719380,80219104,76231759,74522699,70887728,71305008,75813183,75511351,78093997,74247326,75291263,73388264,73975956,75357957,75442713,75865948,70839539,71571100,72491610,71586774,72646942,74416123,71526987,69953744,78676452,76400086,72185453,74702794,72439281,71550777,76178291,68769224,71086817,73472216,77818280,72944606,73400295,72521923,73975909,76197275,74885183,72994241,71014877,73665245,72223728,75911014,67904506,73123535,69676807,71599144,72361152,73191213,75303705,75740620,74738999,78411473,75811880,75033439,73673474,70320681,74221410,67725712,77627433,72694990,77714396,74597889,75270469,78722358,76172732,78383938,82060215,70979783
73011747,68309989,76393896,72718229,75920526,75887579,70446186,72617324,78035862,76940630,71420238,69904650,73199638,72409640,70640754,71689517,70112186,74737206,77685433,71610437,77131609,75276777,72141022,72512279,71084877,73521863,82574074,71494469,72651678,71093373,74624326,71904056,73067723,71383654,73738248,74267243,71712208,76226085,73073236,66721846,74603862,69826414,77436135,71554504,72547461,71107809,74152397,69707000,71760195,73926327,74125050,73077042,75355199,70733255,72851408,73210510,75731907,71875128,74630323,74535982,73126960,76847712,72504696,69390788,75140528,73101606,69570272,77671018,67118452,72901168,73342526,72591921,74483042,71002539,74322673,70482826,74137508,73866307,64111593,67510286,73139001,70926749,72562655,75427545,74139300,75102191,78215778,77674274,73624085,72484619,79295502,75244548,71632090,77575495,71611511,75568760,71339321,81150475,75250653,74882143,72214809,80196410,74061336,71989998,73213761,73326847,73466028,74404641,70874339,74643791,74408619,75052688,72811613,74845225,69930609,72853725,77022114,67939391,77081057,78041745,75357503,71287912,70747649,73925223,70045498,73603112,74330322,74339314,71280481,70719606,67646601,70131729,77176055,70981748,68348288,71004731,73621831,78495709,77197753,78415213,75591913,71410339,69960082,71604365,74036966,74292593,75003122,71554194,73614596,71206916,75575642,73910105,73159215,71702795,75481416,77407052,70383263,69452181,72138911,71937512,75234347,76819551,72640871,73847397,77216296,76093186,77373733,72452168,73589318,69453030,72010991,73299175,69428316,72637073,75965896,70194588,73702383,71993429,73740630,69031886,74409360,76413070,64435355,74596360,72258371,75115513,77082736,68037576,75780673,75809626,74173473,74508531,71509646,75350731,76357397,70801608,74087402,75910751,72923083,73072665,72728193,66224652,74271649,72915840,73285223,73221856,73670200,71755307,74705762,72271973,72951462,72150854,70344327,74889168,74278701,76374704,71589744,72212645,76516929,75856023,77025255,82032196,79191941,70049048,71787274,74318283,70259792,71642583,67736914,81348769,76295725,75826091,70896904,73058840,75458974,76945817,77187414,71314223,76578437,71210499,76617287,73261941,70679207,71210987,71025290,73789091,74505969,72678581,75424977,73863098,69440784,71264025,77919272,77884155,72118089,70898133,74057575,74125555,70472423,67806813,72067377,71243316,75135398,72521343,69153841,72332541,75752046,78509916,75795389,74058932,69418659,68889898,75644841,75112532,68464872,75969274,70968771,73166425,72463499,73135151,75490807,75884031,73979589,76131692,73750761,77422671,76792407,71654891,73233302,69321932,73054469,72211398,76234994,72496427,78180404,74486513,73378560,76192508,81206120,68557690
75842969,73703196,72921759,72905528,76853516,75746692,70195219,71004496,75418772,77510694,71257263,75205785,76277823,67940614,71607864,71139608,72039269,76442504,78167795,73939045,78663264,74457914,72689419,72790161,71988658,76699670,84333474,75164553,72458509,69861400,74572351,76263287,75002464,72178051,72506603,73788048,72906195,71230019,71807768,67704776,74500070,70328020,77463321,72460621,74889140,70502238,78080497,71787981,70807805,77473759,74838438,71724556,72279841,73925765,70132747,73944491,73531442,71610160,72180183,72667640,73712455,76662435,71403409,69836742,76248239,77828943,69740013,79173009,69088887,73848015,70139841,76792807,76158304,67836662,73339205,75314483,78418679,75532356,66054368,68586424,75914189,69430140,74230860,73099786,75035183,74999791,78833463,77178670,75213131,74561712,77810135,73250593,74910525,77794314,71158380,72541088,70071382,78876431,76763627,78959462,76557963,80002531,76484608,68692796,73752574,74960208,74731857,70977429,69787311,75249604,75903941,75800446,75544774,75938760,70871870,75345640,75943798,68201694,77278264,73739987,73814637,70618107,70677703,73414523,68624545,71037404,72717008,76087972,69276481,73313640,70500100,69665924,75311441,71987512,71144088,73132069,75716221,78951830,76277330,79156393,73971319,70599181,73086805,71336578,74394254,69553460,75392187,72495743,72406105,74935819,75311673,76330950,71290640,69729647,73796301,74829870,70784950,73629791,71991818,71155065,75461054,76844532,76159838,73632580,75236217,79434348,78083454,76252485,78388366,71283416,72134145,71825652,69188961,74183471,74697995,68589588,74821303,71930648,72804569,68685855,75497017,77885276,70738505,70230494,73267315,74041652,74924093,69887043,76409968,70484747,73947109,73779001,70127222,73299406,75324155,72628148,72965109,75799764,73742878,73344772,72628703,67733370,77327692,72830799,76638212,74971043,75096003,72778104,72244361,73171319,73945866,75384505,74268595,75037612,72826913,78274624,69061110,74211066,76795600,73086822,74750691,82924926,76757380,70255631,75664530,70198912,74726323,73593525,71085757,81713372,77593773,75619762,71607887,72277020,74227583,74106274,75599764,75752573,75385080,70819735,74120481,75664301,74270194,76158898,70715646,74358157,72236544,76017200,74495014,74600816,73353715,72762694,76795381,75129785,70337844,68950355,75676454,74951059,76165593,71538345,69009263,74181603,75818024,70445553,72349131,75159022,72548011,75329691,73120864,72106573,70539933,72262140,72967396,79137993,69977274,75352371,70290383,73187004,72970696,72435281,76186560,76458003,73674486,76918757,73651877,78120893,73940483,72232129,74167378,68297400,75598231,72545883,77557096,73093390,77258796,75428694,75197335,74823651,79427980,70275227
68732358,68736161,69673115,67978720,73280030,70078764,69385165,67584750,70803097,71509459,67109075,71176833,72148422,65609818,66981321,66557365,69626898,68544896,74063541,69644825,72821573,72201740,70096136,68524736,69426872,72250210,78261873,70444803,66952674,67608826,71930713,73040960,69854531,71207594,68752018,71570082,68281718,68433982,69864600,65877201,71123190,66892921,72580209,66256389,67835202,67305567,71479446,65859858,69643978,72655179,69045715,69764618,72571649,70437172,70886088,70055469,71713363,70454972,70037356,66731723,70526398,70969265,67856425,66248668,73584057,72784342,68468429,74480864,66368760,69542024,68805966,70598022,71733375,66588590,67878326,70842328,69770943,69731851,63884930,65099359,71643085,63305446,69122529,69818755,69254017,70802784,74680762,74466210,70715930,70872130,76623248,72537659,68596205,72077958,66903125,71216765,67893650,74346176,67977752,74008193,74709145,73502499,70209902,65586235,68590457,70276191,70108765,70679845,64904142,74223260,70421037,69193769,72004688,73716141,69826824,69026141,71433726,64639251,72919722,71230492,72503317,67726682,67878925,68714820,67221431,69595629,70338281,69508693,65850626,69643982,67666540,69434088,74060968,66897421,67308380,69158226,72822557,76525495,72027127,75437191,71178122,69258307,68582679,68747650,70365403,68502075,69977094,65467655,67712928,66220354,72243014,74949853,69369666,68435189,70244846,74912273,66764807,70519212,67763686,66437027,69925312,72054522,72181014,69280897,70614482,72352120,73584040,71201203,69603973,67600675,69658821,70013763,66188387,70415002,71232940,68027248,66696559,69606903,69264490,64982943,72242568,71048008,65665229,65272596,69625229,71677067,72526040,63892041,71378723,67769338,70382215,69169035,71002559,68711172,71330028,70757600,68177289,71082477,69099122,71968669,68745531,64975894,72287984,71117801,68550146,70690400,69057664,69983066,70538528,65905175,71705854,68411019,68543449,70834846,68532880,73368224,64511505,70116649,72306862,72831488,69713958,76599198,73921155,68234112,72031775,67593592,67227526,69409185,67811829,75079652,73372229,72275503,68148917,67633681,68883834,73700817,75627754,72473740,72182404,67286927,70572032,69482096,70597445,71524502,68905609,69276847,68846006,67424864,68675083,69721355,68628334,68866743,71725959,71600132,68968745,67325597,68640192,72322271,71555392,68667144,64403370,68837200,70501821,68088480,68393706,68885500,67799882,71912193,72538335,68498832,67101115,70866147,69953054,71928776,65611797,70613540,67496469,71728864,71174966,67113876,68635997,72589163,69280494,70308266,69745861,73957680,70714039,67629128,70224385,65030853,70195439,66424309,73760368,68818606,70792864,72398945,70036441,71069879,75454144,65968582
75756974,76469188,76225124,75187079,82689161,77420313,76586963,76408259,81093215,80889216,75167960,73962095,77936682,70886144,72197720,71868556,73247666,78479717,81295536,74236860,79821840,79798780,72490556,74953089,77264605,75675704,84566009,79656262,73450561,72307319,78402188,74938212,79124000,72112913,75312271,75575455,72057164,76389237,75713560,70561681,81492131,72871106,78597853,74362699,77300251,73099967,79483782,75584253,73386387,75972479,76681737,74047693,78748741,76375918,76791864,79779525,76467525,74712397,77751337,74354488,75551037,78246710,73397368,74013477,78205117,75773365,73939392,81654436,71131870,79287656,74890490,75839392,76560105,71404482,75901509,75185555,80014321,80697955,68531701,71702308,79415286,72671499,72577053,80430303,77206530,77136225,80366686,80649751,76236343,77833843,84195340,77784245,77529995,79830087,72205799,78042478,75387786,83424259,76407110,79688609,80488019,79737927,78650170,75224110,76036993,76098598,75352596,76565046,75762060,82581732,78203578,76508333,75497304,78513977,74520545,73416097,76902329,70927771,78773056,79459276,75994171,71852786,72953785,78154115,73286356,77020685,75757115,76980891,72051644,74288226,71566880,73257010,76270521,74987410,72142625,77902581,79766186,80825339,78509075,82312553,76099694,73007452,70793908,78684141,78732811,74505222,74815700,77543540,71622689,74419712,78319939,81453961,75773385,75234421,78891934,77808214,75034640,74824230,74006962,74689082,79588724,77871769,76240766,74241997,77301642,82401722,80538997,77998138,78370135,73718930,73897361,75766741,71858937,75761154,76855334,72061907,72683266,77029257,76947009,74824665,79050429,79449717,71335270,75992203,76065383,75097298,77545139,70767647,75889773,71586329,78015871,78578999,74869836,77020904,77412809,77625378,75248183,79614421,75706018,76891016,74519332,71413544,77340957,74962095,77739916,76332298,78393109,73568110,76300866,73800351,74759625,79460399,75405618,76755727,77220597,80681471,71014295,75316630,78580518,77516334,77739044,85366459,79816165,72893237,74926250,74830339,76002871,75696151,74941479,83054786,81678331,79185285,75344035,76201070,71267773,79352037,80650227,80126499,76358848,74848289,80768456,79221995,78563168,76278300,72412286,73479007,72024147,73668611,74090278,75496988,74165239,75506343,80561297,78991069,73691258,73306351,76339699,74131478,74919623,72332937,73698093,75387338,79743481,74140613,73018946,77696212,76454321,78109912,75815080,74001228,72216572,78411391,77966695,82875175,72293048,79221779,72586367,74494795,77469092,72765563,75050273,75723517,77909420,81177562,78124791,79975141,76451212,73857583,78502358,72744409,74581853,75512308,78212303,75244162,82058198,79375660,76089064,80837898,82461060,73497383
69719232,74306366,73840194,70467870,75290713,72471528,68747404,70209408,73590797,74216487,68382764,72676654,72911898,70265940,66227409,67451737,69307720,75415237,75665542,68498500,75901204,73206218,72201762,70948927,70849888,73892872,81317939,73332403,70964440,66422726,74581423,71678638,74372638,69951785,70526616,73294765,73759818,70770081,68465925,68577854,73269919,70895458,74924577,68674747,72900827,71032535,74997231,69411385,69133188,75106310,74716001,68238383,74676866,70693567,71883686,72642186,72709374,70130451,74350104,69954842,71165127,73956897,69977813,71253988,71586962,73929623,69114693,75821285,65824937,71738464,70298214,71974058,71977138,70728862,71632022,69130290,72799758,76295057,64450021,66313940,74406727,68450259,71513634,72209401,74187849,72249460,75340817,72878626,71823032,72574482,80453803,71475518,72622142,75060956,67355646,74283123,69132204,76182622,71908553,73581178,72419351,71567956,73646336,67496652,70101899,72543965,72689535,71140134,69513495,74190301,75457675,70937831,73488530,73922039,66613182,71777214,72761794,65949042,73693938,75822012,73436387,68230443,68110340,72464897,68760003,70999207,69181452,71156272,69405319,69937276,67150351,69546155,73636315,68672395,70747763,71174126,74922516,78940078,74368588,76931548,74097167,69296615,69997471,71769585,73403462,72611178,72337285,71485190,70956775,69296590,77010357,75362456,73188823,69143088,72467258,74153435,69494482,70361550,73139197,67631245,74796394,75506342,74393904,69562435,73560344,75490540,74321223,74178182,74735243,68831407,71361375,70664735,69114247,74187693,72117337,68489068,68099005,71473910,75341902,67145560,69874334,74221220,62990116,69476001,71065016,68022136,73042166,71678474,74626712,72063629,72501591,73074559,69754297,74488882,72943682,73777122,73860586,73107548,71724767,72248124,72315572,64266824,70623545,70917576,72965748,72157285,74660069,71076658,70840160,68315971,72377327,70478636,72096527,73956813,69854330,74541613,67088048,73278646,73861911,73222347,71949171,77871358,73368993,67927038,71243708,68162155,69527210,70158350,66059075,80086437,75039911,70833262,69393292,69486551,72842451,71347365,74229389,73595196,72390492,69457676,72340106,72176107,70344489,74455921,67922110,69324031,71476323,70095372,72085170,71129485,67299698,68661282,72586332,75123736,67406425,68336531,70102718,71167957,72215144,68417633,68090747,72598844,75554726,74015345,70698602,74222139,71843689,73407834,72167136,70195706,68453195,71820045,71920055,73664682,66119510,72283782,68213057,73137476,72632102,68263162,71870754,72872881,70878959,74552422,69861437,75957465,72357176,67493254,70116655,65684337,72652980,70085138,76017973,72401681,77497847,73831307,71732222,73006045,78183616,66586605
75164104,75725860,77264453,77193563,78490263,79963986,74639574,74786731,78159808,79864940,72835811,73799237,75881921,73734304,71986666,71955364,72938138,74905234,78780157,75690367,82099734,78111294,72198792,75670802,76347302,76536619,85169388,78312188,72472396,75088076,79530727,75495455,78875757,72436474,73901618,75325462,76123502,74155402,73323702,70736555,76489052,71159159,76913728,73969097,75195165,74548254,77586905,74405456,71962480,78341916,75396477,72638357,77215921,76236394,74786386,77306548,79985805,76577165,75751746,74501127,77036402,80414701,73541406,73980386,80246972,78865903,73627090,79861404,69957406,75786316,73312727,74534667,77718131,70485393,78958150,74895206,77963121,78487430,69975729,69375440,81029636,71209577,75083118,75739406,74964897,77608921,81713189,79140752,77210160,76578104,84053996,77801035,78009991,78091693,72382861,76851874,75151828,80631023,75441730,78629675,80197596,77589619,75997858,73525635,75196617,75138335,78663319,77711710,72598865,78548486,77864584,75988411,75715096,77246589,71869169,75268628,78749110,71648394,78317123,76749130,74813479,72473087,75332026,77686408,72105639,76769055,75158980,76272212,71997479,75168436,70270401,71457818,77868996,74057051,72082647,74501717,73746458,81362505,80478871,79272423,79250825,73133448,71658162,75110747,76929842,75083724,74970355,73037035,74845837,70181539,78631641,79122054,75797140,75701200,77478446,77487003,71981414,77547662,76785331,72854558,79162012,77428184,77219986,74938470,76497725,80556368,77857440,77286004,74873522,74583020,73459167,76175332,72185448,77615628,77918229,71080069,74486584,72286753,73896907,71970624,77919816,77017869,70184607,72799877,75988071,75760428,77763633,73327801,78589708,72824926,77211277,77144277,72247603,76684449,77916509,77183254,75343432,78483504,77778181,79188309,74540439,71724474,77801802,78269922,76413507,75957901,78988260,72796758,74734913,78080958,75196277,75242877,73921350,77854761,75452343,79761105,70737087,74750128,77986490,76670651,77690308,83498415,78613922,72921060,76002458,72279497,74765117,73551906,74176563,83041949,79481150,78920661,74601258,75197871,74861218,77691731,78500267,77366029,79807062,74085448,75633440,77661240,79099585,76179374,70991203,74584485,76249091,72053900,74221243,72829864,74052423,72265659,78437546,79509865,73403772,71801792,75613445,75124944,74224390,74615608,72013197,75965445,80338989,75051565,74281451,77122554,76991191,78815682,75681252,76707713,71527975,76010218,79132690,78123480,70519032,74018551,72780834,73701870,76874939,73486549,77915897,78704771,75253324,81416994,73802950,78633430,76384021,70800002,74283153,67494842,77805051,74374603,81682661,77197886,81185744,78627839,74959181,80187079,81962706,71742788
74243483,77845483,80763638,77954931,80344808,80428652,74846781,76842778,79430696,80952564,74376666,77965342,76767850,72629782,74450681,74503499,74085605,79592806,82344271,75479372,83454968,81893002,78226317,77209422,78650622,79883406,88160452,79928136,77480325,75696875,79138241,79164992,78659258,77783430,79375080,81097602,78007038,77529583,77422281,74867304,81206313,73210806,79134992,77225249,76763804,76343048,83133803,74365000,75304266,78042249,77945715,76038856,80732497,75698149,77295990,77610207,79102880,76408566,78706187,75032209,79131917,81844277,75893901,77880292,82828191,79178411,76908327,80744650,73222302,79726806,76398685,79691445,78774613,71707101,78016104,74990678,77129386,79934864,71873350,74333859,83181076,71933763,77234330,77815059,77229023,77303361,85115328,81424128,76847054,77738726,85439400,82440483,78951118,83091643,73277404,79680076,76260438,84364426,77318647,84505405,83658139,81622511,78787355,71478098,77541932,77237998,76667550,79756848,74445583,82244292,79995291,79317967,80206352,79625890,77502863,75898538,80857945,70920336,80560324,82617503,78117226,79301019,76992461,76788379,71555421,77867840,78906176,78879261,74980850,76054071,72410271,75352449,78123358,76367883,73033640,73672178,78863622,82501169,80269860,83678094,76877902,75772423,75729701,76046012,78356584,76526202,79212882,76142269,76028002,74307563,81356844,82051369,78351092,73401029,80753076,79098951,78238064,76049788,76207199,73257027,80481582,81784722,76740926,78066189,80410023,83207520,84405714,77653486,82437458,77234523,76778499,75878184,76793320,78341399,80445902,75157152,73630774,76672540,76365914,76872423,79720195,81013323,71122264,75129927,78941396,75647400,81957570,72521434,81166712,78125086,79620770,76702868,77831294,78166992,78637991,79561650,80624537,78318400,77253191,78656068,78215137,75864192,80164805,78613340,78048096,78827847,79343910,77624437,74427814,77322556,76203597,74794939,77302689,77426968,78919515,80535569,73016002,76584581,77998282,78286998,79578514,86550041,81528104,73387855,77725424,73150625,75233132,79479269,73154511,85215004,80116215,80736822,76743460,76392779,77165891,81335896,84759803,80596819,78361376,74490503,78095430,78228910,78444866,81483794,76591659,75491173,75125208,74641352,73988028,77460280,79289484,74814153,81491229,79705803,77967656,77006486,78062559,78096456,80420704,75855199,69276821,77122013,80850176,75804939,77174407,80663991,77691648,81496144,77849032,78635232,76064839,78120375,79335858,81015857,71252005,77006500,73634415,74762260,79138814,75718747,81128861,80893950,80344306,82341533,78537015,81037386,78614195,77270515,80020352,71223939,77181774,76489745,82044305,77727862,79511183,80696174,79952221,79489089,85926712,75591564
72273814,73495746,74741112,70214064,75474299,77062871,72081647,74025516,75286501,77387625,73367638,73896645,75531372,73248524,68765207,69844659,69934047,73546023,78972517,72375211,79673440,77461603,72153450,70019938,74903762,74548385,84319687,75135904,72750682,70122232,74471703,71889859,78235953,72729739,72397609,75773706,71737020,74379963,71525529,68543095,76404326,67931704,73198798,71649009,70905307,69517720,77430798,72323556,71252101,75543419,73385998,71172604,77212607,71415412,70702647,77390352,76697266,72272249,73479269,73104885,74111779,77850050,71621083,72005401,77536046,76281193,70514052,76026859,67892482,75229657,71408541,74876057,73397492,69777873,73594894,70653412,75370358,77126499,67730832,65835749,74559703,70229087,74917134,73349147,74134786,75396988,79465469,80988524,74160640,73292017,80063129,75626119,73185354,79171896,69519274,75204119,72748107,77767649,75314380,77469117,75597960,78791076,77266585,68159705,73902528,71527446,75785410,75060257,69021831,79164809,77126360,72879815,72258347,74355575,70215951,70319572,75099195,66105141,79095060,75756795,75239798,70298905,71381617,74925492,69684397,73110300,73690384,75529382,70524813,69583486,70026226,68675925,73480986,71554615,69230616,72637544,73286910,78673606,76364896,79993249,75031120,73083970,71720962,71110755,74999551,70566917,74673218,69145337,70702974,72598554,75958687,74724867,74268291,71680991,74317273,76695250,71754031,71342233,72601764,73170344,71560629,74457277,77502163,74284554,73003676,75643887,80258051,76751041,74201085,71557274,71668400,71658101,69384606,73898287,77616199,70452772,71980870,74407366,72669996,69237061,76295889,76381149,66702303,69877095,72338588,73929457,76658976,67665451,77078068,73530923,71607448,73240685,71406072,74773685,75727606,70626673,73887780,75277055,74823024,74222018,73418372,68679074,73205798,74119107,73889881,74131678,71461378,74885716,70936441,73410446,73849431,71734368,72512382,75046192,74899167,78630999,70436983,72379320,73825421,73817006,72290864,80364539,78211184,66665695,73523199,70862794,71617338,69414580,69434170,79542810,76273861,77336058,72397925,70213917,72403782,75452696,81065575,74720179,75039623,71584595,75924049,73386169,74867004,71178020,71916644,73372367,73126848,72210890,73013805,72468245,73510445,73456909,77803724,76265566,71303109,68837234,73917889,73150049,74703784,70773381,69477174,72137996,75512475,72449168,72777978,74795140,73136077,76894785,75074605,72437952,72689622,70861107,75400636,76147253,69966028,74334967,70461623,72182747,74478453,72524358,72632453,78475028,73780998,77338998,73107238,77425028,75476783,71679536,72679216,67698828,73232665,71777477,76901594,73516979,72450789,73783222,74042251,78174625,80104768,69077012
73628731,76333693,75682505,75237007,76075905,76652275,71974667,73936122,75957349,78273741,70946108,74255678,75359556,69116041,68614124,69734067,70059913,73101073,77144813,73712788,79537285,76678291,73855094,72687166,73976093,76508318,85425464,74333935,75704219,70679730,76387564,76117402,75911493,73785046,74998730,74729177,75299318,75887671,74955302,69084319,72848577,72134268,75535361,73351024,72473400,73479455,77582652,74185948,69901688,78112956,73647675,73068472,77530031,74352290,74407201,76940161,75701051,72519968,75910740,74278483,75414156,80741035,74920030,73679243,80035370,74749666,75506480,80810275,67866045,77587059,74755537,73982952,78527594,65957011,75194778,72391683,77278312,79113081,68763222,68260263,78418883,71173360,72490014,77522872,74108339,76113810,81501870,78526135,71713251,75890020,84337508,76333009,75862080,80804320,71857115,75191185,76208829,79645412,74186621,78906753,77808427,78702998,76946243,70063200,73376101,76959632,73624946,75929392,72787130,78657471,77714656,77393704,76552481,76437685,72692478,73045831,79448858,69375050,77173913,76591346,74070192,73761835,72912242,74929207,68028455,74488365,75780258,73044643,72323991,72510915,69582604,69613067,75361113,73934900,70381294,72394113,74913308,75966530,78596879,78383837,74523561,74719836,70993043,72522865,77714280,74425537,75794965,73837318,70321925,72342991,77653738,76529369,73089711,71210415,73123639,75528641,74305276,71418699,71050496,73667462,77450220,77996610,78794946,71963262,77079308,79716057,80132782,73043665,73976822,74502901,74483898,74076098,70143050,76477700,75915760,70262311,73845102,75018129,75394495,71453880,75965664,76410617,66784860,71030911,75630916,77429016,74511905,70575334,78950784,75913794,74528362,75561560,72007404,76128961,75910871,72968806,74532816,77332137,75342321,76358811,73943943,73859304,75893958,77240275,74507465,76173669,75988328,73115109,75405568,74008810,74862862,75175785,75306135,76336088,74111809,77308028,69054249,71657463,77701565,76624212,76622683,80244953,76537193,71364293,74125729,69578308,73985056,76551575,70203745,83391291,78261748,76660714,72872672,73086140,74562215,77018589,76489265,76817246,74842990,70206652,74364859,74190199,77792022,76617916,70416107,74477542,70952599,72928864,71709828,74614645,73123396,71600542,78310350,75842877,74972754,72124264,74331040,72772750,73101362,72007240,68327106,72463662,74465608,72099778,72586340,77801174,78028472,78084907,75801757,73481055,70923902,72674046,77149610,77298000,70452854,73732938,73614077,74852392,75287696,73218672,75453258,76107934,72600169,76479094,77802258,76797407,74447265,74502263,74273313,68229910,75247930,75039718,77797041,75021780,75729448,73773561,76401161,79674324,82409611,73003568
74396800,72594491,74995452,76410187,79312952,74313552,73120135,74400623,74792907,79602036,74708059,75156234,76662447,71840466,72705854,71511785,72428804,74636253,80683843,72020577,80209249,79237920,74683832,77749045,76653703,80827907,86562198,77616104,74281934,72547445,77737187,77793495,75492350,74312643,74640173,73321588,76418303,74869940,74494395,72123276,76376849,71249473,77610140,71609853,75606707,75226848,78423894,72805798,70202557,79206139,75577157,69543698,75508029,76086595,73962398,77641544,78537966,74287318,77249344,75870513,75374647,78714997,73522185,72216543,74463187,77134741,72999178,78849230,71141202,76022345,73546159,75783767,78142602,70045374,76847399,76146052,76358752,76096042,68971231,69664712,79873018,73252376,73205476,74931507,76604618,78503463,78800294,80203938,76735490,75464515,84163598,75920319,75266382,80695740,73805561,79624955,71680151,79332051,75300768,79800527,78303437,78659132,76918089,73205498,73757870,76226306,77628226,74539243,73667792,80565025,76799878,76718982,79448183,78476967,71654719,71388020,78591965,71108617,79019398,78813508,77359481,74394163,74824417,75381212,71101192,76628215,76266261,75130469,74501000,72344169,72693284,71951007,78616143,75106234,72433734,75961200,76329560,80985511,81819673,80334898,78507210,73305604,72142628,73436422,74459607,77703777,76644720,73821575,71976985,72442081,77951051,80655204,74931848,74529467,77088604,78612155,70548742,75742148,72552499,76732439,76713861,80096545,75956110,72629249,78102750,76914995,80141810,74568908,78157851,73588982,78202349,74624731,71926062,77740886,77457385,73840102,74454654,72543406,73803379,71896660,77916451,79101956,69890179,74818625,75405405,77431588,73335752,73381137,79735412,73750067,79481937,77532145,75262450,74304008,78593433,75703909,75033294,79038786,74218521,75395802,74342068,70615457,77069819,76773981,78962520,78216597,76490507,75413383,73868558,76079774,75358556,74274768,75839234,79392812,77092983,81950422,71014655,75474884,78759526,77849682,78364994,85221947,81254874,72736570,73921807,70374009,75325762,72758431,74948697,82815266,81201299,79326759,77575303,73997886,76397517,79760870,76932034,77363195,79243760,73381762,76172459,78953857,77742583,77778946,74191516,77494752,75404068,75694961,73602392,74830661,73113052,71921575,79517671,79796472,74484325,71389233,75192933,78460600,74949213,72741417,74548901,73847078,78211140,73118070,74375376,79045550,76412180,78354826,76944091,73094382,72518100,73710696,74989316,80489236,72568630,75166174,72332052,74822210,76754450,74720143,76475521,77512704,73276053,79955809,76451638,81713630,77962676,73399253,76149500,72004240,75163365,70768525,79570205,75117128,79632719,77066728,75027886,79511530,82292822,74617221
70900004,70561723,71368620,66917546,75455547,72815542,72243952,71576502,73215968,75697263,69403482,71677699,75496852,70978704,67904683,69567010,69459317,72111989,77531673,71621317,76326989,76490194,71339349,70567788,72765915,70601315,81457288,73683604,72422901,70272553,74957494,72695402,74045887,70772960,71366810,71836836,72114027,71569348,69954297,70790395,71323788,69972091,73596263,68390985,71934499,71756981,72017155,70974391,68962008,73184896,73332652,71993407,73561162,72404975,69634663,72503987,72802098,70232639,72239198,71190983,72849065,75019691,70825511,70290350,73320117,74136571,70551404,73098381,67321304,69924895,71510303,76179431,71005571,64452823,72232095,73303288,75599335,73823342,67623223,67133087,73580661,70400754,70665838,73554042,74650402,75805556,75533596,76395091,72454691,74118697,80600034,74013058,74071868,75844658,70662317,73206956,72032430,77973135,72353954,77312117,76445326,73555431,71620219,69200559,72250144,73885688,73387271,73696372,71041154,75214714,73581405,71577060,74192012,74021990,69824018,71065125,75215258,67669244,75104052,77637784,72435751,68450459,73112272,70289407,70599358,72740266,73574194,74923725,68822404,69022989,66340615,69731753,75611551,70908625,65927129,71269903,74864220,78757796,75794812,77066965,72045512,68807501,69583249,71544784,73805971,71544458,74088812,71311589,70536479,69120086,74384659,77247205,71710606,71105932,71780052,76471646,67690594,73928001,70392432,69967731,75851226,71434824,76338433,70510916,74950366,78358740,75320719,72279041,69394881,70640638,73754486,72061918,71232553,72691358,74000758,70240143,69808309,73468716,73345169,67632937,73684987,73948350,66848539,68453125,69707928,70134062,72270288,68163172,75658124,70656248,73931839,71830693,69795269,73836109,73960209,70875367,71105500,72609882,75943964,71630699,71435214,68103714,73481513,73250757,73213241,72122528,72147265,73484157,70417619,72587874,72506184,73233941,72492213,73441265,73241710,75201318,69245645,73934564,72038849,72117563,73688872,80810649,74287848,70398785,73363845,70076042,71185207,67963606,68025736,78655450,73251680,74698166,68486119,71213570,72655127,75721222,78794831,73146407,73548161,71750876,74218304,73480212,74416380,73616866,67019459,70615415,72778271,69688657,72347726,69828578,69170680,70963637,72237642,74992214,71752961,68226889,75534161,71359579,74571520,67787020,67370691,72447194,75356658,71054093,72215195,71960751,70323638,77265740,72545961,69801901,66521612,74859524,73537759,76222501,68489711,73654037,69688318,71145184,71531802,71952269,74255296,74609091,71922461,74468219,74030631,75588051,75533140,67379114,70443023,68439698,74881140,69841903,78567706,72233825,74375682,74328202,73472739,74413923,82111052,68115366
71991945,75956513,73016060,72631952,76168014,75901666,72180792,73925655,78572776,76246197,73736954,75596091,75141394,67255660,70362703,69298775,71629914,71090997,78653100,74839355,75510373,73873314,74588221,71669817,74691083,73913089,84136571,76338206,73214682,70242200,76246214,74702356,75119902,71191919,73412304,74749021,72087649,74765225,70615511,69932553,75945989,69197915,77584838,73272717,71040081,71927425,75560495,72825063,69893365,73621920,71479027,73528337,73534394,72034771,72744275,73203502,73603451,71352152,76081543,72307157,75407180,78444364,73350564,72750349,76954374,76307297,69763845,76050460,69103263,73260249,73366416,74606721,77115765,70325140,73379800,76193607,76243102,77643087,66863976,67988539,73620176,69636977,74331114,74684542,74662852,72035136,77133161,79297801,71582711,77417095,79297427,76770543,74694387,76096316,70958015,74177784,73332223,79942805,72833998,77980960,79236152,77063450,77846341,72822332,73259807,73741530,76560938,73746531,71688229,80558067,74358331,73424579,77456308,76374193,71667342,69845559,75737905,70856495,75345141,75525259,75620721,70014971,71378592,73783417,71118011,73405816,72826928,71905409,73300575,72024562,72400074,70958556,74132033,71226239,70391260,74799618,71010419,78812017,77789199,75758245,74238371,73750868,72368464,72817546,75809665,72492109,74912547,72391176,74521051,71936991,77159777,77407862,74945755,71222747,77946754,76491277,72581980,69801903,72467817,73730474,78980208,76733686,76469893,74937194,76557832,77687422,78506658,75782163,75174251,70805610,75437490,72194800,71823815,75081602,74824253,72099101,72998487,71631825,73933850,68466288,78775064,76138327,69127628,69381822,72563294,73884469,76897566,69775445,77421220,70637276,74712547,75331605,72942995,77128514,74777196,74839840,74686576,75604215,74616782,75194955,71548607,69190588,76081867,73735726,77891626,74234998,73244759,70956146,73427186,73008030,72664900,75352010,76489424,75485822,74872856,77560366,69819136,75074566,76691832,74161876,76395285,82338206,78765108,69490828,73510164,70767094,73194407,75786806,68846299,83220067,77524937,76053900,75066029,75457737,75063560,74654233,79518384,77057337,74352092,70494054,74487536,74573771,75550076,73957694,71474314,70928281,71010245,73488980,71596084,74549140,69989502,71824996,75910241,74380673,72152906,70096603,74948210,72822894,75412403,69047209,71940800,76725618,74397267,73346053,73846973,76002457,74243954,77467320,75652668,71583172,70572984,74254456,75336638,77030882,71008431,76458203,71609575,73926457,73066525,74134216,75089041,73856344,74750581,78423780,74122628,75576438,74665448,71890858,73691995,66114115,75917611,70681844,76117173,74560328,76758438,76708116,73619244,77729273,79516608,71505805
74630450,75248101,75287138,76202419,80803585,81182432,75480764,76196842,75999620,78833177,75974180,75598497,77535065,73202066,72549241,74118866,73832680,78239652,79454432,75274118,83833088,80503946,76316171,74102362,75947726,80529460,86106533,77198834,75981378,74931819,78708943,78014191,78292573,75345679,75604370,75550642,77011600,76321038,74331328,74772691,75521285,72128101,77853686,73234401,75846865,74486235,79061167,77975635,73570280,78042684,75775419,74022353,77110918,78111948,73728239,76176008,78047419,76030149,75179437,76291970,77934468,82302462,76426187,74644503,79930679,79293726,76211627,83528151,69616258,76659340,74223979,77809744,79547536,70077062,74786492,76041820,77105689,77342933,68767044,71549171,80168814,73008422,76719757,76594938,74969941,78030822,82623077,80181239,76898188,78639103,82753134,77418874,77700607,81455674,72318875,77225018,73761320,82523869,75517746,80179644,83267341,78224422,78625244,72494604,74871039,77723625,77576303,77339094,77537159,81088506,77910869,79717226,78689726,77153459,72040176,78436536,79275739,71384127,80579257,79439955,79453414,72105647,78068205,77076012,72091967,79044398,77257037,75207352,72605324,75599190,73396656,73179660,76205824,75100549,72790835,75627192,76768919,80422811,79828446,80571792,79606687,75004460,72892763,73677832,77271007,75661709,77314780,74899166,75948209,71676964,79469690,78128497,76020980,75355572,78237684,81087760,74308904,74993889,74143573,74116014,78720759,79878073,77765279,74550865,79293897,82135629,81940685,77514898,78045365,75763127,75961851,77097282,73814721,76585160,79382470,75774279,77545466,79636724,75041501,74733132,78711669,78514744,70009423,74565307,76316156,78170190,77207865,73359657,80800764,78566785,76615659,78708012,73989484,79508554,78133909,74863416,77299764,76556280,79276482,75502187,77007706,71186685,78027233,75871386,76648359,77887917,74885129,78345665,79164803,73980520,75714358,75377560,76646104,78117534,78406343,80028226,74679194,74474409,78955517,73487286,78714263,86720928,81190139,72100432,76347237,74821046,75316031,75541039,72967442,81739783,77015130,79792633,74014195,77046742,77430628,76256647,81107229,80325424,82488945,75013957,75321618,76200820,79832178,77787097,73214657,75931248,77433034,76960234,76493738,74120565,73672047,76862346,80732720,77581893,73788320,72735189,77623919,75538880,79573557,72338070,72862345,73379863,78210688,76203030,75758946,77693783,77646692,79515729,78663214,74727358,72109254,75335666,79310057,79195585,69702010,76921690,74262450,74919119,75878742,74280004,79756796,79056373,78545182,81882236,77582169,81277723,79974166,73532839,78442400,68032239,79930685,72168816,79244870,77383817,79650033,80790005,78219182,80991220,85990255,72141600
72416838,73575236,74124479,73059748,75016847,72173509,69635062,72381758,72590934,77210761,70414562,71365451,76787049,70318713,69448005,68538182,71745550,76174207,77411940,72895094,77593024,73198903,73328816,74234242,73169743,77917778,82431132,75995484,71668544,72384572,72201737,72640410,71975606,71239484,73983618,77366313,73202200,71757125,70347593,69570283,77763837,69621814,74825835,68784148,71033329,74082873,75590448,68737893,70770377,75729956,74823191,70133529,76017082,71467321,73596364,73975117,72242401,72066246,71259794,72727000,76432399,79677271,72248166,69595409,75839928,75087842,71697633,76407100,69751405,72987273,72120573,74952036,72439444,66830965,76458945,73706683,75033130,75895263,66985805,68174293,77720551,70281013,71447033,70851790,76456328,74856003,78403876,76606363,72448115,72327196,81034276,76136911,73539342,76275033,71151557,75470992,70777405,82193100,77060069,75376838,78185400,76547629,73314656,69932959,71729228,74933720,74660426,71235469,69907210,78108757,74336019,72381747,75160451,76575160,71515590,73165214,75880976,67883837,74766619,77161225,72138720,70283286,73405717,73539850,70322060,71527567,75779843,72882876,72358707,71754879,70072577,71024919,74437894,73107924,70935590,70213375,75149409,79547347,74930519,79964740,75220408,71831748,69910230,71622869,75647917,73210560,72961898,74245486,71499032,70962123,74739092,77809729,72142893,69058291,73813970,74618967,68751289,75464587,70597059,72634321,76322646,76415370,74504012,73529513,76081354,80042968,78609494,72897017,74011617,69319145,72632475,72118507,72487638,73486776,77705449,70167313,73441689,72846875,73873658,69277537,76663535,74873528,68188745,70905284,74189492,73506625,75459080,72509638,77192468,71502650,72471393,73422204,71518881,74447940,73221976,74337149,74920835,75169369,74921547,75000076,74027494,68158646,75060429,75544754,73977198,75017290,76204956,73756899,75090065,73962702,73739160,75393715,72720277,76057128,74901343,76887978,68449682,73397109,76376583,75484860,77629989,80996301,74418070,67164271,73278821,70407659,71102481,72791372,69234772,81710000,77676874,75709834,73235981,71897571,73771720,75768280,74333959,74998063,75725683,69913445,75398964,75021664,71921416,75515156,72956462,72853276,72346039,74802231,72271346,76095586,70451931,67900860,75965984,77913335,71961618,73423052,74917107,73106759,74983229,72547759,67913327,74583615,76427031,74599078,72078718,76090046,75026376,75687526,72392067,69631894,68271879,71382849,75118431,78041516,70682794,74202271,71199719,71191667,73823511,71639080,77469434,76417825,72170634,77153240,75231648,78918579,74219432,71118886,73463404,68690608,74691002,69022729,75062411,73292430,77904775,75276786,74274970,78597961,78958535,70572008
72132350,71481961,71921836,69957665,74407567,72778059,70606136,70309548,74932576,75680254,71084296,74204453,73863151,69128946,65642550,66850402,70195260,70695824,74544949,70393243,73317578,74827215,71618237,70533071,72853054,73897631,81193741,73298013,71074117,70098583,74883077,71855519,70975047,70906178,71210594,71690922,70140344,70952583,69799375,67907087,74795853,68731355,70317469,69301248,71649622,69949959,75703086,70194149,69428911,74135910,71214536,66046240,73623583,67604045,68964107,72370072,75243157,69894990,74086814,70292390,72357537,74015075,69415014,69512683,75328927,73866324,70016612,72617153,63921957,72507918,69783687,72326453,72733877,68729801,70109581,70114683,73960068,74212699,66972103,67458592,74898589,67507145,72000116,72882652,70695494,72909023,75456264,76148334,72018871,73160850,80799551,73788181,73387423,74602632,67848325,74952603,68464816,75556230,74292349,75705301,71463524,75690356,73080526,69130056,72156779,69879872,71058977,69775408,68473588,76118751,74913590,70900871,75316156,76155865,70349236,69652049,75514568,65144418,74922637,73424836,68989664,71504392,66730890,70265244,68513883,71138368,72217121,71813595,67838885,69839423,66248758,66217979,74052444,69640137,68893989,68651104,73615384,78418573,73514285,76257512,72081906,67654548,68648362,72115483,74052118,73027604,71311019,71341888,69336709,68857227,72635646,75670691,69119263,69788611,70392721,74634363,70488339,68717212,69782472,69687971,74066444,76781258,76434741,72904626,72707702,73566101,76237852,71174346,72997775,69535556,72503952,69060195,68816817,74352641,74194778,68689744,69130812,68935209,71064052,67177869,70231503,73766653,65955121,68922539,70331319,73712511,74002769,69129030,74532571,71641531,71525975,72118420,69076610,74763497,75202241,73879821,73568712,74992841,71043132,71206573,71770242,66368512,70892173,72357295,73506072,73141352,71710056,70907258,69959871,71643041,68429442,69839483,72407876,74560503,73374263,75902907,67413888,69932341,73938075,72332118,72342032,81201027,74015433,68711111,70843392,70467790,69911584,70236718,67269762,78655996,76630105,73567757,70669910,69472505,75012403,74212566,73784285,73251398,76971448,67323209,70953524,73222764,72892174,71672125,67712280,71530476,69556159,70919441,69321499,70928356,69283582,67737211,72307932,71576981,71188291,68886600,71528967,73019814,73411591,70141148,65478590,73124011,75455124,68663469,68306703,70648136,71487058,72970671,72925988,69348021,69440172,72064995,70743687,74515493,70059100,72356548,67558139,73121932,71144275,69491874,74384235,74537467,72955267,73809838,72206056,75612656,73319723,67347368,71885313,65270575,70257681,66100618,73295027,71477659,74486290,74567683,75058529,73379206,77422800,68069948
78280939,78187435,78473264,77040988,79441984,80878246,76277251,79299000,80265848,83069925,79475789,80379083,79323031,75673794,73574427,74614584,76438175,76556713,84091993,79051121,82524895,80378594,77118670,75764929,78944887,80759784,86133908,79264739,73456362,74038434,78838904,78447344,76511960,78929986,78461289,80227391,78787928,80663520,77991262,76766740,80680001,74843238,81061009,73443740,78041819,75221673,79836650,78205715,73685363,80616525,79294572,74137942,81431522,76028763,77979937,78946664,82810299,77217956,80890630,78309814,78954518,83535739,80234121,76135024,82164090,79578797,74461964,83466091,72153554,81267544,75269894,80201795,79416644,72545041,76897359,74691726,80800757,81356215,72248883,75407285,80165481,73942584,78294090,76288380,78241640,78280492,84555024,83895007,78606458,78570337,87728267,81795740,77988833,83111322,75464329,78385696,76559493,83147787,77278095,83498135,81919510,84971700,77420778,75793243,76441042,83005759,80477948,79687472,76541943,85015478,79528220,78374093,79660356,78402540,78333636,77276400,80769406,72624672,80202225,80990646,77125997,75507233,77066558,81589798,73434140,77208454,79148124,77982067,72474036,76211707,74326702,77032807,78494932,77314173,74937298,78224700,79708165,82324367,80957480,87356011,79734624,78305208,76055274,78653358,78424051,77177766,76199988,78121096,74362792,75743601,81342444,81092788,76911564,76571502,79849931,79027208,77120689,75799422,77580983,75943969,81003657,79627086,81893849,79394994,81057098,82296460,79941019,79110593,80671823,76575604,76719903,75603023,76147037,79120589,80126964,74221334,78417218,79786593,77289660,77732539,78529333,79083247,75164123,78183485,78252236,79408652,78775243,73663626,86064011,78762683,78359217,77780521,77040472,78533456,79264772,76682230,80624241,79848336,79780990,79273391,76317466,72206186,81562155,79570153,78466217,81067277,76528900,76555348,80671366,77088792,79833766,79992150,76944943,78773276,78161618,81754378,73781721,79250429,79876907,79551860,82048915,85921260,82634207,75042430,78157129,75722539,76031549,78826783,75772108,85252719,80760362,81458011,79639157,78073772,78167545,80392635,83246817,79824069,82444795,75525142,79576879,77198382,79090626,79011829,74701735,74674820,78809905,79405800,75451099,78837677,75420955,75153928,81963995,80292302,76596760,77302123,76776154,76427516,79221504,77400823,75065900,80303261,82979674,80836151,76222281,79924791,80716181,84052960,77954502,76482697,76312524,77820943,80236157,81775548,74375848,80784095,72798401,77873915,77859434,76332458,79786088,83122051,79501271,84197237,76483254,82897187,81395850,72438342,78367924,69480342,79559977,74138909,79139371,78364625,80109814,80300631,79741861,83017536,85991312,74507163
76487658,75330979,74296476,73882847,79914303,73181758,72591718,74272483,76191865,77063899,72847750,74208111,75584674,71647153,69565310,71326734,72223334,74154457,78570727,74376270,78043322,75264627,73284914,74939393,76889883,72859989,86281325,76938525,73481195,71593567,75821255,75557652,73713072,72755751,72518321,75624080,74095284,75003808,71591840,68175296,76180623,68869993,76562630,69412730,75148921,76691621,77256183,72537871,72730120,75856159,74536249,71404798,76611785,72665668,73223615,75878940,73945898,73759486,74748449,73050072,75843904,79433316,75018149,71308304,78198845,75806905,73194694,79061819,70367735,74711571,72108750,76922847,75760795,71260046,76630195,73547554,75528027,80641038,67812383,68026793,76634630,70310120,72460485,74521069,76221964,75999869,77988554,78110622,77350773,75462584,80477668,75005412,73688708,80259179,71923794,75844982,73026539,81281195,71053692,78297486,81037416,79579677,76766052,74378853,73998264,72912970,75692230,75102739,71808492,77116705,75219853,74149414,76255029,76876374,72124391,72064004,76660342,69265134,77401114,77032921,75253632,72270934,71990756,74708609,73915903,74348718,73940544,74739084,68857355,72358543,68902762,71738858,75644469,74009643,70830320,74021804,76192174,79560599,79343322,77538413,74255316,74728936,71153222,73657662,77759374,75074893,75553512,73130822,71899536,73064772,78762270,76089593,73143540,73257166,76814114,76934293,75092541,68988591,71986488,72572073,76661285,77112412,76999640,75415812,77467902,80270014,77761542,76280645,73312162,74458170,73750526,72390080,71620214,74521794,76549559,71635192,75916878,74017997,75670864,71695017,74783541,76098428,68605400,72946589,74663258,75479919,77038076,70535891,77924153,71231427,74734724,75113773,72394793,76479633,76145985,73804643,76091961,76114311,76402790,73772340,72166920,72213369,75708934,75021798,76042211,76138458,75211009,73228583,73642534,72990440,74834268,77617419,76072971,75909095,77030397,76737470,71392527,73171407,75084019,78229574,76436074,82854965,78886395,70255966,74077071,69450152,73749487,72630968,70036508,84219740,77895113,76525073,75345966,71321612,74216892,79063039,76692521,74480138,76238247,71003291,73931858,74674600,76576256,74090835,72064546,73497794,73225762,72006916,71907418,75087799,71290055,73828740,80184477,77557117,73960282,71424978,77268874,75181266,75388123,71345656,70734918,75958622,76962722,74778509,72407342,77839349,77790795,77671562,73889749,71226469,70979607,74696002,76480913,75663181,69531490,73182876,72128838,73650399,77180205,72667287,78168120,76615253,74855482,77960671,74295548,78970722,75999747,75318420,76564119,69640011,73975018,71815691,79546817,75051009,76792173,77558766,75244245,79176605,81482276,72092221
75002642,75528269,77063811,72596976,77993263,77541525,71897036,75494303,75711952,79040526,72820227,74891264,76256950,70080126,70440654,72099023,71879884,74289416,79267803,74169673,79717905,76866743,72727447,69555766,73849680,74999370,82688083,76532053,71212745,71667118,76378673,73814378,78693563,72756148,74842507,76644438,69378073,74452892,73457337,71626312,76719777,69909644,76014977,75368373,71075894,70602795,74804980,74272099,74143574,74116120,73327266,74161611,75449708,73023667,70694146,74268254,77080511,72005638,74931220,73327772,76087420,77838446,73758863,73080607,76603764,76150535,72081552,77364109,69934996,75547961,71638046,75657007,76179716,69118532,73533421,71800647,78628513,77722490,66927948,68349045,75734021,70025223,73842212,75151378,75865895,74808360,79964061,78052444,70815475,76020162,81358869,75651645,75576984,78633850,72519044,77017836,73427981,77739973,74010096,77986744,78510612,80926285,76046031,73756454,75352854,71333755,74722759,77543559,68511462,78029346,78649094,78307217,77374561,75836473,74218862,74376245,75104693,69870016,80470421,76599507,75830911,69500063,72599040,74793067,72249141,75301630,70842669,76016568,72108832,73693911,68038565,71508133,76989471,71948837,72579177,72716536,74602494,78197066,77275416,78665210,74997621,73506419,69289923,71236844,76384478,72407224,69737177,71865741,69329158,75403979,78010442,75740100,74908231,73207157,74687525,75124719,70798310,70878073,73520468,72069839,76162483,76198029,77018974,73582981,76013289,78122527,78130809,76543254,74685497,72640823,74636920,72118832,71139538,76476855,78163394,68763898,73113681,74636480,73729176,70117607,76075855,78577285,70606652,72611798,73149882,75325377,74928140,70643611,79385369,75311745,74206817,75783157,72480308,77842482,73821751,77692950,77448387,74837065,76153620,74524912,70669577,72536954,76651944,75633311,77064430,72650453,75225121,72352407,72839353,72879704,71419027,75870765,76223341,76026075,73106040,77961887,71683316,73398080,76283374,74896498,74466513,82710936,78260451,71934581,74455422,72489680,70872808,74620648,72545989,82860443,77450790,77818821,72927047,71847759,72921052,74128693,79816222,75517382,75636290,73728724,77170132,73413646,75963874,75666659,72389864,72389197,70574547,72437887,72420129,77279065,71055910,73564540,76657845,77562025,72688542,72193259,75407075,72718844,73204490,71589170,71482066,74291460,78127527,74874512,71659550,74694965,76459934,75168131,75599223,71275058,72760602,75301258,76245332,79157259,69946167,74551304,72616361,72536257,74199215,70209480,77024720,73466821,76181538,76326543,73888927,77875524,74008324,71630145,74629879,68451676,73944481,69911420,75842748,73805967,76022078,74662686,74694356,78087061,78645295,70789805
73462943,72044942,73141692,73022966,75780908,72790442,73210248,71859919,75222840,77606119,70549429,71799450,75524117,69986481,70004098,70192458,70463886,73275051,76886162,70361380,77051039,75282826,71626389,70125468,71885349,74623401,82365725,75235926,70837365,72242017,76629300,72223786,74460925,69793114,69968402,74515293,70322576,73988888,72050441,69065495,74325393,67680995,73904155,69160905,73781873,69623270,74983548,70260007,70415106,71601890,74176259,70995832,74854532,71623320,72786503,72706801,73875240,69484288,73934551,70373098,74062065,78582931,69667636,71090867,76135231,72048348,72253221,75371732,67453875,75692037,70097721,72370910,77898415,68969732,71377655,71397708,74975792,76906389,64803708,67354354,76387169,67934366,72402509,72967799,70919013,72127532,77398713,75315188,74367180,72996061,80950799,73133859,73475546,77647990,70044736,72312766,67339922,74975801,71214744,77706668,76827942,80444144,72301056,68534287,71027100,73677505,72002319,74745744,70102998,75193584,77992433,71312167,74469405,73430194,67992332,69518068,76394224,64662571,75199944,74234796,73089197,67721902,71604217,72112664,66541395,74017945,72814591,73533008,72211392,68621257,67590673,67792430,74457709,72939931,68017256,73548501,74961058,76872039,73948625,79628712,73369853,72632859,70646523,72513971,73591395,70331931,71029152,71418658,71093162,71013682,73884372,76554762,69728068,72914490,73657133,75832193,72488465,70323981,69476604,71604704,72576809,75120994,74156436,71304849,72860166,77516024,76950963,72734914,74330817,72084976,72135293,68857565,68251739,74948701,76360868,66683295,72075738,73899391,72408469,70660117,73706052,73970101,70531772,70617253,74918808,72250527,74501693,69034798,78374448,72063947,74448213,71224997,70895589,74620002,73521617,74262215,69978003,73756683,73208018,74215926,69747991,71386984,77053505,72611473,73621765,71585820,75261449,72294648,71872339,70454795,71651285,72496354,72301532,74224940,70310295,76160850,67436214,68902911,74575795,75075447,71988158,82664802,77474248,69463805,72587747,72151610,74087244,71507702,69794708,79089786,77560722,75433574,72451209,69368249,72176587,72140419,73593340,73457824,73297707,69130608,72893859,73225554,75465524,71945158,70325952,71633784,72316331,73160095,71753571,73345547,73887882,71568972,76185723,71826476,69222003,72333364,72692602,72200769,72203352,70679396,67981239,72505022,76883470,68614920,70930804,71739073,72613683,74459657,69905619,68480817,73164509,69805966,71233536,75962475,69757296,72543265,68523064,69071777,73146789,68312385,73598212,73140013,72569861,77045368,72578319,75973090,72741625,70240902,73701590,66036696,71957266,73048156,75374786,72901344,73798822,78207513,74147107,79706230,78638122,69163545
73569023,72355815,69716475,73694955,77223578,77821080,70436811,71453795,73964109,76100902,69683489,70405990,75824918,68271224,68510580,69625499,69525961,74029911,78505708,73484901,76597321,73405021,71251935,71897909,73547665,72466956,79974202,74232768,68560764,71438643,75545443,71664923,74320866,70832860,70544143,75322568,71302605,73646708,72395567,68487221,74921020,69988827,74315780,69373998,72095646,71703749,74159963,70024867,71084830,77100639,72060172,69339661,77825368,72634720,70968462,73776355,74394088,71101550,71312167,72566521,75720331,77907164,72723884,69229219,76644401,76265388,72994521,73546352,68304730,73768646,68042953,73048028,74054975,66515381,73063396,71636596,73893185,78211516,65376595,67113748,76779868,70758008,69963257,72667194,72279108,74308912,73437184,77551801,72757470,73634196,78127160,76385283,74060410,77032204,70058101,72491145,72035124,79050040,73183622,76318005,75299779,77161252,75241234,72777308,71427488,73667508,73651196,71756673,71925641,75373534,73841612,71965692,72293851,75980090,69114157,71149304,75419039,65536378,74474948,74678309,68974079,72159065,71647002,73978741,68055759,70506135,75706663,73744453,68636387,69746334,66948281,70523974,72568739,73398289,70286324,70793763,72871038,76286897,72625849,78697594,73803719,71390177,70023695,72687240,71605721,72544188,75102697,70498114,72163545,70350210,76110408,74668991,70559777,70867964,72265288,74812980,71129703,72192684,69029855,70185924,72744994,75089442,75972494,70560417,74604435,75349320,80266277,72113824,73216983,70941496,72107151,69360419,69064562,76427780,74561285,71794271,72801687,72985294,75162149,70309981,77170773,70942830,66895497,72555648,70956019,72401214,73981992,68144527,75714892,72240329,72942204,68640034,71176830,72707483,73272614,70966194,72861088,70642861,74403308,74858640,71043760,68201937,76821058,72748125,74605629,72971295,72129209,71691248,73285576,71461728,73611786,74665570,72170202,71603510,71101170,76120521,69739566,71742298,72581158,72366912,76324897,79593145,74895160,71010316,72687230,69906181,73034404,71310095,67590013,81099223,74552892,75449471,70019324,70718516,73097548,77528716,76460359,72908572,75614007,72196498,75406489,74147254,71549266,72450089,69911058,71755246,70963735,71396334,70925882,74166088,67780178,69786224,74079206,73373671,68928498,71259719,75277945,71303905,73010081,72031766,68325994,72119228,78009363,67754808,70159908,75366529,71912366,76235558,74220882,71354944,69829858,73280689,72119143,79048176,71628930,74274652,68939310,71422096,73297099,73810030,73763886,76655874,72039670,77323409,71053470,75376320,73999781,69579159,72456272,67261291,71873588,69238918,75935449,72093309,75150358,76461675,75176834,77811843,81666034,66946998
71315860,73660348,72019344,68656903,76181736,73863920,70841278,75545698,73110545,76328605,71005544,72911318,76026572,70504265,68102347,71344012,67435943,70320307,78020129,71599803,75799371,73967301,73649337,73126277,72535839,72005888,81577775,73764800,70640686,68633803,73491341,71710596,72409837,71346209,69590312,72561203,69640895,73179756,71660243,70573181,72681904,69137025,76322736,68544013,73154365,71172117,73427300,70643168,69632738,74544930,72512277,69816808,74502269,72266828,71165840,73388842,75309602,71712479,73340174,71451995,71822560,75613967,70571575,71092225,77893231,73920293,71096506,78073581,66987964,75579303,67880720,73680358,73119262,68573480,75705205,71376228,73842055,77665844,67753679,67202556,75204265,67957421,69781318,74197765,71996248,72540142,77659366,77668824,72535968,74191928,80167031,75259515,74740669,74730809,69874133,75219601,71547159,76320271,72592931,74457266,75964156,75960726,72354032,67939204,72162860,71243793,73086110,76226173,69294974,76943345,73961263,70171621,71929847,72993347,68908377,70758454,75266226,68699089,73807928,74079432,72605622,69128794,71401221,72229805,65805872,71136064,72794383,72187417,66064919,69357482,68235989,69323980,75966066,72187736,67404427,74481442,72993812,77437826,73099532,78272322,76186863,72284881,71772371,74350338,75115319,72387431,71505454,71693447,71173635,69923075,74888190,74276613,72258822,69960572,74265264,74746348,68136955,73292598,70115038,72270855,75627904,71804689,75914442,73019990,74613187,77189694,76192080,71450787,71260541,73304709,71623449,71182722,70603883,73722189,72804810,68888580,70499072,71995403,72736041,69495601,74142353,74001381,64810298,71567349,70526468,73217323,74192633,68207009,78796662,68532870,72917396,73919898,70682080,76156117,74797450,73209260,73878104,73546192,74680773,73251479,69648447,66022068,75291716,73195319,74949845,69792054,75492466,70542315,70736249,71647149,70624586,72540114,71622733,75638555,72292482,77632217,65814637,73563243,73981701,70140039,75400467,80637641,76679500,67294890,71689245,67726796,71446690,67616822,67513461,81801548,76396745,74987542,69730676,68083618,70732789,74821577,74626364,72068049,75480625,69843381,73765970,71399751,74531033,71476828,71125427,70510932,72452979,72484466,69817237,70748108,70208183,71412413,76609518,72354362,72067423,68362508,70289054,73344251,70809841,68656043,68813893,72465024,75872140,73483876,70850133,72918424,72368459,75454650,71914873,71580023,69930097,72505831,74577631,74554795,69887781,71100726,68093139,73759914,71854655,70037005,73919191,73852596,71276993,77570141,70835173,75680485,74612567,70736939,70440266,65513040,75978763,69552852,73691448,74677048,73967742,72043840,73594441,77318145,78261023,69971246
75095735,76673029,75075377,73639079,79800383,77019467,75305831,75027885,76953935,81651964,75713977,74779069,81083598,71119434,71961646,74084152,75190374,74185410,80442626,73853390,80632980,79025477,75019064,74839096,77083407,77038141,86868876,78094131,74855488,72791584,75506320,74916353,76789764,74022902,73650925,77678606,76995404,76850384,75087275,69371899,75411668,70164308,77290853,72695855,75828029,73431504,78705625,76543172,73262713,77074915,75133153,74138347,77894635,75379865,72119915,77230603,78219632,76256290,77251765,78055613,76758554,80754596,73589571,71426598,80992945,77190512,77365577,80928893,70583385,77778917,74693552,75095850,76896831,69343538,76864763,76619923,79844080,80909013,70416267,71592538,77023720,71733207,72510512,75766177,74283969,79493071,79379649,83266510,77012667,75781822,83004368,76256282,77725361,82691229,74581053,77440117,74557816,81780031,76131599,79982828,79678069,83586964,75653845,72934312,73058779,75795751,75346941,75757517,74915006,77950326,77014870,76998289,78366251,80353387,75284449,74388376,78434411,69578506,77513987,78777305,75234882,74965877,75161304,77066620,70456276,76740430,77096151,79952532,70998616,72360413,70519699,71202957,81080405,76845290,71691896,73570871,76824706,77451605,78999130,80237520,77359165,76336976,74047432,76291374,75659574,75540675,76081569,75729237,74353507,72916896,75773551,80161791,73619276,73974719,78191108,78447845,73595614,76443207,74125060,73617411,80473453,79537405,80193435,75034486,78033777,82538077,81670570,75712388,77834355,74342577,73390446,75393752,74320880,78667557,77822419,70724459,77211256,75577062,75722576,73192742,78877297,77469280,67772499,75005420,77780910,76461977,77774390,69702972,80272505,74680571,75466971,78068860,74276897,78792914,78289387,75079710,76067746,78377427,76796412,74662985,74413780,71150992,79248244,78379290,75612743,76652024,74405291,74830329,76106553,77363778,74905649,76343104,76407151,75676042,77466613,79755966,71782201,74434450,79811055,78002373,78463260,84666883,81018830,74213425,76248277,72214372,76263479,74034678,71741445,84995943,78741604,80282965,73955533,73816242,75580987,79363565,77326771,78136596,75969227,72106031,78003037,75256977,77834286,75181598,74307935,75819066,75918530,75532141,71676667,76485791,76836086,72500176,80068793,77658895,73564962,72570990,78467157,78463054,74660239,74298449,69553058,77858877,79119927,72348245,74694436,77146285,75621626,81891515,77028786,73417999,76799688,76880655,77764768,78855959,72809105,74993713,73443621,76375977,75908782,75370128,80733872,79598747,76130806,79849049,77494752,81400721,77021508,74931656,76255881,68739772,76073913,73133243,78372377,75246450,79385378,78342999,77647808,81393681,82141741,73101215
75355403,76029793,75371587,73999382,81432698,77877485,74100902,75956673,74284046,81548238,78339903,75861527,80804818,74191806,72505246,73193414,74671878,77358895,84213698,74737364,81346371,76840768,76377213,79338196,75867736,80466191,87843994,77776273,74034885,75862257,80829685,78041882,77124264,73743314,74886667,75244279,74146029,75342067,77701884,74416233,78234647,71221846,80450431,72508716,77082442,73645547,75614554,77675320,73547399,78091933,77400806,74403461,79689381,74067504,75704975,76457401,78353874,74631521,77660263,76683088,79801910,79707518,76715333,73316863,80576644,77981323,75553115,82349119,72162674,76941216,75497608,75763200,79489619,72303141,77887768,77157045,79489506,79389264,70146877,70742541,79207993,72881899,73409017,77821297,77722944,77206103,82508834,80510684,80418668,75319499,83337484,77172114,79249015,81900589,74253813,75999179,74739368,81166243,75111455,81269629,78751882,80977031,78826757,74320605,74415491,77113089,76853184,76259236,76246705,77468800,77706241,76877931,80644226,79426127,74782602,77497159,77818102,69261635,77647218,78827990,76410326,73770381,74194189,77091249,70528400,76418009,75663047,77149982,72142797,74478775,71039313,74194668,77919274,74516948,76161817,74878712,77378414,80736462,80413433,83746984,78646304,74209833,74065945,73644618,78049349,78600294,76271611,76128189,73903989,74451613,80002356,81650587,74054652,74656993,78842693,80632690,74975882,73738760,75828815,75096019,78961320,79883216,80062123,76668836,79286923,79241844,81842958,75474225,80028900,73381514,76688978,76300621,74946467,77138953,78714059,73000142,77341105,78568268,76997127,73662419,78157515,77779665,73502260,74882396,76288554,78976113,79474286,70548721,76796306,77274527,77218285,77862226,75290959,77987263,75344842,76387275,79206780,81210787,78395658,77094590,74026165,69412140,78978452,78615648,79694422,76790845,76295372,74159010,74899477,74629556,76484111,74891349,76317963,77823985,75428597,81554248,74809049,76311744,78935415,79102162,79944478,86137984,83686606,72459360,75177259,72102873,74139418,75839695,73855722,85735584,78034232,79475332,74370123,75713471,78192116,78275002,79351003,77577671,77221382,72957658,75006400,76344723,77865578,76872027,75184553,76305817,76019871,75121396,76782137,77615121,73611838,74775542,80876587,79187818,76181233,75007919,79858560,77715052,77288742,76126598,72116305,76914054,80000707,75673783,74147930,76981724,77862261,79256288,77355001,73873930,75269149,76391413,78211467,79183745,73555535,79447674,72120909,77883403,77256312,75971516,81920224,80158667,75216039,79197616,76644164,79385052,79378174,73818146,78150575,70642150,78134070,74608450,80650028,78473997,77072194,77858340,79048393,79528936,85320369,71768574
75115755,77139257,76290976,74603716,78529334,78490936,75897636,75122653,78011297,79135896,72340781,74319395,74950856,71694329,70812749,73270023,75842491,77627755,76907748,73716499,76981088,79308111,70459397,73931801,75488531,77793827,81957940,76715573,75002045,69342400,75295450,76519848,77840009,74350075,76656284,77889192,74931948,74972046,76399236,69836370,77915347,70935576,74782780,72745003,76322220,72007774,78282054,75485965,73282381,76093610,72722631,71789258,76159729,73554680,75394301,78802210,75248065,75351975,76090793,73039286,76315171,79115520,73279296,71627110,79178813,79101549,73335758,77782655,70977559,75016494,73748276,75977672,80028868,71162910,75563772,73834351,77738539,79060618,69772478,68709624,80784742,69714971,77555659,74781629,77548558,77459731,79949081,79184364,75205924,72479572,82334002,75296009,75289887,79783752,71079015,79237631,74524739,82076714,75020364,80365583,80821022,79342072,74094483,70778488,74118159,74783743,74617050,79133429,73863788,78801767,80243074,76157957,76170470,79581024,71428074,73641755,79164380,68010678,78160615,78212093,78049460,73698408,74782524,74774906,72372411,75066719,75921514,77202998,72525510,72840175,70467680,72896602,77740273,71097431,70783208,75946712,75007850,80049337,81059135,81752851,76615118,73105992,73462507,72474942,77372855,75143778,74397527,73528783,73413911,71216362,80137267,78496875,75225745,73691031,76530068,76401545,74426273,75150878,74420433,71356206,77507792,79395163,75055522,76579765,75586853,79401289,80582684,74967430,77300943,74900258,75571865,74137001,73362059,75565285,77578537,71179933,73215181,74920691,75211640,75996399,76338005,77243992,68963317,71279704,73548124,76009705,78545840,69742118,77505334,75466994,77651948,77464333,73281432,75725253,76972072,76340787,77327986,76192219,77569433,77442822,73766865,72118452,75557901,76016701,75480579,77097639,76634625,73075029,74987020,78707372,73139882,76139234,76895680,73925701,73453719,78327460,72956320,75212083,78466064,76832338,77623918,84125752,79324609,72788001,73616276,72529507,73449372,72001062,71999013,83184172,81238743,77222689,73894801,74548312,73829096,75535201,79126243,74633487,78257223,72060692,73761253,79757626,74270687,75633593,70384174,75342264,75042869,74855102,71917395,77695393,75303048,70668565,80321745,77318004,73837388,71271366,74926101,74876146,76518414,74535029,74432500,74788998,78014985,74141215,73348503,78950328,75843644,81097627,77382548,74871024,70786977,73805947,77408705,78540068,70025578,76000080,72995220,75010856,77217279,74382897,76623767,78380114,77683373,80707078,76404549,80310824,77461018,75095366,78057501,69127796,74033029,71403572,79426621,77276342,78982038,78118348,77827195,76689640,82636692,72574277
75568686,75179340,77033342,70793843,79454591,77485103,74481224,75647597,77648570,79675559,75971713,74001861,77093692,73148090,73579755,71145487,74212926,76636290,79066595,75376940,77561499,75868085,74951898,76483278,76293833,76770702,85406726,77778730,73919866,74812286,78475275,76019465,76935116,74724339,72886671,78542349,75903023,72768462,73694667,70051441,75429970,72194235,76977401,73900991,77649990,74354890,78132843,71835001,74205336,74184249,74799283,73586922,76047500,74598292,70672887,77815315,77869420,74626112,73913994,76064888,75799511,80733928,73305837,71948029,82331537,78513983,70804408,78124897,70900728,76069973,74672248,77035478,77082881,71898958,76449768,77833392,77374541,77929559,67481893,70986614,80960565,73511643,72470288,77200785,76675605,74834018,78096879,80058130,78273121,76735426,81677816,79089894,76359749,79405275,70700137,77065795,73056721,81433060,78229271,81780153,79795304,80320159,81251427,73945700,75395262,74938880,77232120,78535224,75872658,80976989,79878835,75904505,76795731,76691190,72141171,76309576,77733207,72671200,77879994,77913254,74272013,73049362,73686570,75661367,73608792,70999648,76382486,76873499,72399482,73882923,70182875,72805326,78379671,74427188,75370728,75423469,74572289,80315386,76680340,81276619,75474137,74860377,72911495,76968359,75923658,74335311,76464985,73162011,70967562,74117260,77095075,78845399,77629885,72959037,79679813,75657693,71443250,72816345,76780037,72415967,77402036,78788701,76797969,74648107,76136736,79190645,79575377,74920948,78490125,72378289,74675956,74108787,72903576,76053868,76849376,72501236,74333137,73469908,76243410,72859964,78928771,75154273,69415000,72033248,75475227,76164300,75605193,73968950,79445779,75140087,76463368,76578864,74357611,76370630,74853785,78222202,75110082,75048937,78081548,81950943,74231605,71865879,80081267,75938681,77907770,76921037,78979654,77577092,76555184,74626861,77347340,76641466,74267979,76591231,77357564,81749637,71394083,73962159,77650730,75416796,76664362,83955648,77765404,71834913,74923877,71544635,76192941,74451594,73563062,85039069,79729422,80661863,75810835,71332191,76515270,76432567,78853127,76394315,79835647,73398419,75607009,77093699,78047462,78344502,77008532,76608235,76752896,74158537,77079165,77760339,74284214,70673771,80652319,78502462,75724222,74273900,75300781,78514453,76773175,75866303,72490307,76712922,80198779,75081405,74537280,78581332,74546893,77187779,78391403,72193476,73394409,76366776,76426084,78081061,72999883,74176996,70722724,75258691,73667256,73302669,78928755,73903613,76288323,80662896,73158287,81487248,78436200,69584077,73161620,69001381,76734283,73961029,80715245,78365405,81723855,80155508,76381803,80028899,81634771,72160179
71223081,72336968,74095368,71007575,75057021,73978648,70488193,72139327,73760442,74966039,70272265,69727253,70019502,68598873,69150882,68167572,66627105,73973576,75417110,69337939,76289483,71276698,70580762,70935176,70591671,72767996,81993241,71988287,70693483,68483125,73440056,72698302,73799021,72104149,71676335,71202401,67272741,70492775,70772257,67488370,71239103,66576445,72164369,69939558,72085729,69614790,74187899,70220875,69814396,76397527,71356559,70010963,72878876,71815889,70711851,72735888,74023454,69105826,68674306,70115191,73071097,75523996,72064696,71881130,75381767,74427194,70243511,73168042,67677786,72628964,70718638,74254462,70653105,68175746,71736483,71625466,73651153,74734917,65176194,64443882,73775796,66256330,68741037,70647998,72011270,70232894,76745083,75173829,72733716,70630714,77693189,70679360,70437670,77879996,68264095,72085561,71587504,77348128,68660776,75648680,74325226,76265905,74410327,68853455,70316946,70429603,73690373,74117009,71207030,74435055,71279155,75853419,73971215,73763304,69933500,70153622,71299245,66954216,74865650,73637352,74924238,70266428,68496906,72143709,69416819,70146486,70120440,72570304,67663105,65462202,64114008,68664114,74518801,71983150,69745681,70418667,70434873,77416578,73082869,76504548,70801853,69952516,68369422,69952879,72399550,72768338,72544963,69266324,68464341,70859758,75206237,74416663,72052848,66437337,73044230,71574988,68626707,70114610,68930049,68383388,73178020,72062022,74723513,71503134,72336293,72921858,75405990,71628523,74224988,67887982,71797973,69501115,69810638,71738115,74992956,68873734,72076159,70954803,71499426,66237067,70826636,74917870,67475704,69782463,70895192,71666747,72202579,69223245,73892043,72241329,72812676,73818687,71288846,73148362,71819921,73459373,71468603,72888508,73286223,70402066,69728447,69868389,74190131,73493505,71984237,73131794,71196281,70383163,70613440,72010779,71340300,70988831,71166862,74488994,69184330,75288902,68568735,70430692,72803095,72377109,72912476,80232523,75637641,70302559,71627213,68552165,70243874,72273059,66633438,80973534,73795119,70079077,70222899,68720197,69850651,73847354,74649776,71643982,70468444,69659389,71956231,70128435,73265370,70687873,68148195,71556468,68160806,70721370,71878278,73577456,70690484,70068963,75363207,74646078,69626457,69723953,69001134,70951380,70894382,69321750,68496714,71932849,73176519,67963208,68618169,74161134,72772838,74300099,73408291,69939084,66723690,70269605,74906516,72831771,65707522,73179605,69884415,73060356,72262910,68688469,73220433,72026532,70810584,73762917,72790282,74104593,74169689,69496472,73073292,64358851,72401555,69761635,75385718,73075012,72940295,73947313,73493984,74124873,80549698,72279087
78513886,79670511,77302070,75773655,82556609,80146936,79478215,76300790,78127437,80745522,73032514,76899387,80319958,71708229,74482780,75070970,75053146,78219582,82426544,75627266,82870772,79012240,76840054,76719327,77061985,77406749,87141108,78229404,76574359,75892402,80020478,75894721,78934952,77970922,74300321,78074388,76792662,74609108,74537458,75305277,80732244,74524065,78009571,75110095,76471500,77634804,80957259,75408169,77395371,82408213,75381950,76591828,78901838,75956067,78335337,81067161,76456641,75249975,78820647,78490511,81059706,82716937,74002699,74733459,79905695,81252659,76852458,80568851,71352100,76111630,76670126,78134167,78125983,72123534,79061443,77215487,82762088,79762447,73370358,73333031,83904730,73859360,75901278,79729612,81417328,78234995,82437886,82267794,77364094,77880315,85942728,80298439,76397085,83378604,77325075,79999171,76694241,85413547,78354522,84702119,80196613,81421815,77489773,72826596,77282740,77698842,78486077,78709274,75893285,82842148,81796110,77743908,79980795,79685607,75863694,78503617,80319762,71203364,80210718,79067631,77805636,76746819,74437905,78734212,72223842,75102624,76474779,79938124,75865317,76822784,74066501,74213632,78819372,75470644,74110328,78708978,79268180,83183385,81925306,81928090,79593989,78813648,75252640,73289256,79227720,76089075,79732846,79043967,75925734,76795071,80267063,84501781,79841565,75749343,77467031,77417757,75134320,76802169,75694191,75285618,77931399,80466904,81724658,76252002,79487328,84893001,80258891,78438991,82083631,76430132,77649507,76744121,75842888,76818595,80232746,73549524,77150474,77001916,75276403,75464184,79833345,81333024,71060915,74704017,76207139,76947058,81573461,74122365,79294415,76140881,80181083,77143449,77086356,80870699,81479972,77584273,79693479,78174892,78001708,78331106,78260176,73361024,79933016,78360389,79886047,78809052,79381913,79411744,76916275,76703191,78314651,75645695,78905069,78485909,79006389,79980039,76654999,77231853,80068422,79639837,76766576,86948422,81716917,76005533,77302244,72954088,74522775,75066077,74252391,85782622,80228767,78665435,76736258,75810704,78522179,81520062,80929430,76936798,80862164,77052817,78446047,80071007,78907707,81515296,75595690,76945496,74557661,77793882,74642607,83665295,76319699,75374174,80648922,78609033,77502431,75921599,78517039,77284983,80594908,78651053,71916612,77631187,79864985,76707553,77671525,78869064,75672870,82043717,78184287,75117210,74385081,78733484,77259172,81371254,73416118,77415264,73934609,76366004,79690505,74400990,81789831,80464579,75837659,82156803,76751351,83765648,81488161,75356003,79792284,73628986,80924849,74958267,83851322,77611990,79355794,83376440,78369470,81890982,84710346,75449517
73908141,76353758,75447564,77013059,77264181,80936365,75119405,77893132,77930886,80799534,74544408,74981147,78672971,74972646,69939461,69902459,73085535,79668779,80858538,75484674,77202019,79441805,74479734,75926468,79701850,80281112,85803793,78794643,76523489,71785850,80875024,76961511,79315233,78806947,75689972,77197649,78194589,76760121,78382850,70172349,79707863,70561656,80767634,75036405,75780314,75025261,82362696,74227496,72995409,77466799,76174038,76439006,79483950,75094403,77694696,78713462,78815167,74934499,78664595,73639571,77461160,79782722,74973521,74379507,78574253,79709178,73499264,78592658,71992266,79374708,73076799,79552970,80958606,69866252,75931760,76407335,78397444,79755277,70337508,69175319,81164572,72088980,75637001,75481117,78613874,78333009,82072101,80422582,76384139,74190930,85798797,75782367,75676659,80714055,72059185,78904480,76576228,81144590,77174484,79440788,83396272,77813086,81485048,73174981,75662923,75777282,79275815,80980114,75903879,79807387,77447189,76563837,79135948,80254283,76439727,74905066,75930185,70800249,80955599,81801402,78875310,75338379,72848675,78088011,74422915,75752820,76687027,78726524,71914483,74572698,71185011,73657578,77835822,75225920,72400057,76069605,77435117,82180549,81371548,83445198,78495981,75344847,75294559,78595050,78867888,75154970,76307442,75929102,74657738,76727322,80668707,79849832,79030261,73509062,76069869,79492327,73492261,75392123,74713615,74265794,78305885,80065381,79948293,78452344,79173396,79647681,79386666,76442496,79338331,76072992,74413959,73970270,72499558,78567638,78816728,72198836,75895806,79142727,77091089,73435733,79221786,81860850,72071589,72376380,76904863,76216251,75991843,74125675,80204156,73575516,77216827,77852029,74495238,74498435,79581747,75061013,80295529,76883337,76029537,77195152,76652343,74588837,76737687,77340663,76156184,77397180,77937240,76457057,77059195,74962827,78672321,76101709,76795558,78574751,78057306,82828321,71062299,77322391,80090963,76782951,79149334,83765899,80298157,73938490,77359108,72156186,78256018,77503097,71201576,84807827,82985607,80648482,75454452,73360689,77528119,81288163,82507276,75111321,79809682,74542884,77320485,79691173,76502666,76492585,76385261,78457830,77101525,77641392,78326143,75332034,73751866,73132645,80215162,81116229,72275771,74038977,74926404,74121313,78172879,74636295,74364127,74037955,79224569,76298855,76961992,81294865,79284476,77392922,78744856,76436440,73782240,78617284,79283852,82595612,71221478,77404768,74614642,77368599,76829320,76334285,76428700,79441394,78321729,79268109,77079182,81821558,78438337,74818516,77571991,73682434,80010826,74586369,82359833,76970749,77887718,78252876,81238915,81240753,84304351,73671368
74233712,75459109,75455217,72621716,78200163,79399579,75844062,76268107,78060118,80929796,76731028,74898833,79525082,74222600,73798834,73417646,73992719,76733966,81379506,75311879,77522151,80115236,74788805,75194859,76619412,78311514,85720117,77453252,73954349,72580187,76640724,76806426,78409215,75027488,77250109,75037598,75866789,78232129,73216232,75502258,75667730,70286982,76612163,71696708,77368982,75325756,77843589,75114597,72130072,76277976,74081946,74123755,78242703,75185625,75714281,75455913,76224835,73078331,78551554,74828703,76726019,79906315,76211629,72735027,78299149,76580489,72572340,81906955,69896217,76505589,74285419,78000430,76708726,73245818,77898818,77962642,78062423,79746522,67931541,67944320,78011882,72490289,75087423,79018687,77224461,75944019,78657469,82351917,75464998,72591294,83914805,75998634,78598558,82054738,71036634,78367433,74874832,80862531,74448904,80606983,82490237,79782244,80798334,74133111,75396697,74947666,79038760,76868832,74209882,78309859,78250286,77192323,78375677,79268984,73862661,75630756,76487851,69936126,77671713,80031932,77263651,71818902,72792652,78693977,72310318,77457450,75968262,76521616,75191315,74325895,71904568,74554921,76596874,75881427,71689227,76077315,76797011,79271066,78795455,82021484,76639041,77665012,73510745,75132134,78974294,76108527,75851277,74123327,75182066,72085515,81703453,77374327,77923513,73202492,76600051,78310791,74514957,75980862,74380043,74325674,82526354,77871700,79277309,77013255,78670768,76914600,80506727,79841854,79074083,74781434,75645428,74815998,74097640,76464058,79548851,71434137,75190389,75280636,74929462,75371852,76732750,77515674,72029862,72766416,77031337,77959237,77185106,73413061,80671732,75411664,78319055,75748978,74971540,78247715,75374197,75730376,75236947,77276014,76900517,78383688,74219430,73957619,76783688,77763702,77881145,76095646,76914075,75587997,74383324,74837557,74195619,76210751,77415868,79142389,76157737,78829384,70392550,76816973,77496586,77277717,78338777,82554024,78424240,70838328,72987739,70754740,72867148,76645004,72949363,83676013,76849910,79416736,77092431,74469466,77156928,78663099,78159715,73247619,77275270,71434479,75772435,76273848,76883070,77937877,74216959,74591853,75721778,71960938,75667846,77875637,73987151,76160891,83162766,77763390,72763298,72751040,75409834,76752027,77144403,72652135,75999436,73602260,79365102,73834056,72545668,78360885,76774786,77729528,76678855,75118351,74185939,74830962,79977254,79389576,71429509,77928236,72389670,73256375,73707970,74428191,77557540,75144943,77902829,81115762,77214002,80283635,79047309,72250585,76917114,65523579,78527243,73126678,79016798,76487507,78457910,78957350,78198207,81058128,83375584,73587205
79865255,77549074,77908852,78425974,80284709,82272815,77263188,77366012,81191010,83217499,77427313,77982032,81015142,75619708,74935985,76070205,73738864,79109176,83690054,79085599,82440706,80967001,79485198,77463713,79674504,80607749,89320451,79902759,76523778,74905781,81410638,78502550,81951621,78114413,79272168,79680256,76517936,76304740,79403711,74320885,80055762,76862558,81817308,77182971,77853918,77753622,82092300,75586235,76495948,83196364,77644588,76311975,82727245,79599853,76920650,80294479,82094584,81261047,80085519,80093857,79983452,81712106,77652368,77619113,81964366,81853545,77307805,84280756,76455641,80318883,77086592,82986866,80527826,74312582,79034626,79590165,83926962,84057808,74863490,72530384,83111946,74902399,77107402,81147124,84068683,79573622,85656236,84883389,78206697,77230276,89346330,82023608,78896713,85502444,74993049,80531974,78453282,85302377,77600134,82530898,80966731,80484616,82250528,77624735,79136729,80555525,81240792,77459379,78928416,81660106,80629286,78873222,82633859,80603035,75519578,76885337,79510493,73876769,83453946,80546815,80583054,74929542,78030345,81147531,77390526,77632009,80010797,80386507,73782751,77830371,77030861,76053696,78737067,80880624,75595029,80465075,77345171,86311201,81147317,82860160,80640538,78870827,76543904,80326735,80271985,79951649,81750529,75093262,74969023,78882866,81898413,80500272,77456739,77362930,81696262,81545452,74521170,77502512,77657876,75039738,80371285,81393935,81031107,78336677,82647958,83697417,81611047,79623844,78070069,77522356,78003097,79719996,74697831,79568057,78654036,74209290,79330487,77962720,80298134,75777211,81931680,82716005,74820424,76217937,79541232,78550869,79360874,75568186,85040462,82168583,81517313,79068962,76614504,82568719,85104772,78837772,81414744,78531600,79734100,80037000,77751513,73347598,80115970,80176741,80736235,82376665,82073360,79339635,78852102,78853719,81472667,80653006,76898685,80666074,79045192,85143608,76488560,82886929,81244039,79701758,81638552,84944097,79992184,76140949,78149802,74711544,76135235,78025644,77210604,89312391,81554361,80796677,76507031,79708287,77895870,81284703,84691483,77861447,81749757,77933335,78417847,78140919,80724147,77257640,76342850,77858543,81845014,79334614,78032291,76630494,75675078,75864995,81729818,82691656,78295936,76665979,78713164,76755317,79554172,77981829,73852006,79050734,82715078,80247923,77710106,81056196,79340670,85346692,81723352,76460012,76639144,78531479,80787841,82989596,77402479,81095671,77382290,80170613,80983560,79608047,83064353,85131662,78800967,84623316,78482820,83299090,82228613,74221046,78321841,73431163,81214143,76851011,81535459,79492395,80880508,81112589,80724903,84877923,89154127,76119349
76189677,74254043,75115185,74551712,79390447,79583763,72039894,74342577,76673957,79019266,72120228,74430781,77992365,74968651,72808957,73817858,73209104,78749366,79250722,74893904,78291969,78524790,73831805,74989443,75297598,76070417,84250468,77973187,77975843,75168579,75210059,79418199,77461566,79127472,77431461,77872594,76417455,78592502,76475036,72205585,76285362,73728163,80752306,75331291,76595105,76068578,79347486,75105515,73837056,74794586,73870128,75158941,79499463,75651704,75565912,76335264,78600608,72958262,79052667,76626270,74332380,82294502,73586242,71301168,79175564,79444018,74882052,80406046,73212918,75845412,71690107,78377265,77583252,71233509,74332024,74506980,74818574,79609543,69089027,73147980,77420074,71375643,74101513,76859414,77113339,78097201,78654681,81275424,76286991,75152027,81592241,78347739,76125304,81158455,70879667,77116290,76527930,83270654,74286061,77278555,80668051,82618087,76702098,74224026,75325606,75354103,79514335,76220714,73845734,80309750,77685041,77584231,76086646,79726499,74863460,75535451,81418696,71570211,80670553,78255069,79175671,73657901,74084341,76934991,71056875,73939576,77436085,79071227,72230732,74556253,69744768,74555598,74818177,72560716,73417365,74330293,77419794,80218514,77569477,82780908,78415247,75503379,72688108,75430519,79117851,73161540,76163982,72617240,73921377,71086918,80054784,80567008,77415911,71967156,78628121,78113534,72933421,74916122,73019682,72373142,79894361,77218183,77683526,75964772,81301704,77992720,81710053,78477763,77018747,73557291,74602205,75787925,72618578,76797255,77787205,72815277,74672139,75129968,74153422,74990007,77256359,78842376,70333185,73801579,73106340,77650219,78660345,72064205,80822887,74398665,76416188,81018084,76052764,77921412,76766342,74784614,76770440,79286986,77154016,80720296,74170774,71343867,78010717,75455816,78984486,75502458,76793901,76898268,75589934,75930678,75130067,75224277,77452170,80728169,76189052,78544894,72984387,76327811,77982163,78914485,78104618,82532856,78493939,73972032,76930927,71203737,76312700,74700453,73388790,85268476,79123805,78112725,74107183,73807481,75361965,76746980,79397333,76469293,79984770,73109262,78853353,75865745,75668038,77544390,70407594,74286551,75480396,76180062,77356698,77784303,74273274,74928889,80557433,78114973,74435006,76142518,73096999,72986755,78649237,73797857,73768611,75858621,79552772,77274744,75248534,76738790,78042147,81317050,77574866,74689287,73374946,76910221,77370523,77980693,71998925,78300329,72650970,75383461,75801952,72681867,76783231,75615785,76504290,78979335,76482618,80666042,77093916,73590014,75824328,69581574,77375260,75718560,79394494,73670625,79714067,79539536,78838132,78101153,84540842,72531943
76176314,79515251,79137175,76314044,83353757,82659196,77820986,79173554,82472962,82726267,77778253,76251521,79474918,75295136,73637189,74987137,77637390,82047199,81615326,77531620,83574126,76970718,75909709,79648906,76489739,81297311,86929629,80810385,73949553,77223212,81880494,76944983,76861647,78157585,75835554,79669123,79019232,75869050,76441693,75009321,76731818,76565885,80427625,78646365,75658079,76847335,78772076,76675525,75136609,84412321,79210665,77823431,81689743,75786404,78426003,79535538,81501307,76247929,80860694,78494936,82315498,83170152,77957634,78565759,83527601,81992133,76987187,81684297,72225176,78232514,75789462,77138622,78002027,75429212,81104980,77797386,81464349,82694683,73609729,71086124,83038588,75500651,76067927,79075259,76954731,80185560,83342121,80851026,77948823,78016828,85284379,81965186,77687945,82448074,72856271,80522157,77860675,83733543,80823729,83337553,83569905,83027920,78356379,75049688,77204387,78371012,80063835,78619345,73676760,81376565,80582549,79915930,80234122,82697332,77649190,79264556,80994973,74014963,82533363,80884108,79229390,76882265,76961347,79170655,71864762,79499940,79202603,80051139,72698378,74750470,74350593,73297141,82033792,76761992,74106914,74288901,76833455,83401319,81577440,84780837,78438162,75971891,76053473,77589665,79630512,81297926,79642240,76965550,76542919,76564685,83616807,82463561,77776444,77067300,78090315,81264116,77172345,76039249,75778722,75630774,80763035,80515488,79411729,78884080,80320120,83801702,82073598,77445343,79294645,76673248,80211252,79203440,75734435,82159600,81899860,71758748,76306277,74858942,78935255,72971378,80057932,79570387,70492933,73602604,75382316,77582330,79327921,73317942,81934420,79061597,77489135,78853664,77163864,81297500,81274553,79727270,81866938,82132967,79644818,80799248,76926895,75979966,82226260,77701063,78225028,80086496,78899640,80324040,78187573,78970814,78593204,78721372,80630068,79158872,81548460,83613878,76661038,77118348,82109147,81127555,80714667,86546347,85026333,75374387,78000181,75282078,76887413,79198060,75159612,86455401,80182566,80562472,76543878,77038502,79875274,81566004,81655658,80851586,75629875,74529417,79906323,78853762,79118434,78214892,73165417,75946961,78054753,73895908,76832806,78121884,77423348,77120802,85701735,79309751,77607437,76586719,81258532,79492272,82128000,76880305,74194903,77708660,83810348,77484237,72112065,80830170,80220685,83738915,78746529,78852750,77691764,77628700,79848427,83904069,71665324,80308752,76956639,77234487,80087953,77589726,82119632,81098827,79741629,81227372,77826310,81527290,78730013,74153094,80120624,71788197,79197461,76617772,84040791,80251526,81196502,80512759,80810027,80353032,87339752,76772307
76987310,74590089,76999093,77165392,77293034,77734899,75826724,76236897,79282171,81197370,73173129,74141849,79041465,73507363,71574281,72633239,72067163,76628792,79887075,75661923,80844381,80033142,74268441,78559270,77622154,80921148,86670092,78197211,75434695,72681306,76832044,78220718,78039960,74035761,77237233,77121340,76414435,73802151,77100214,71880143,78928228,73665422,78989066,73165561,75669727,75753251,79968513,75781793,72717859,80600105,74526263,74124469,80686728,74725244,75688098,78555790,78593427,74564862,76337480,74982109,78939362,81718268,78314954,76100910,80634627,78653393,74815116,81946172,72867493,76097694,75866223,76620092,78630348,71474519,76105096,73512331,80923206,80159485,69188368,70495017,78637407,72322260,76566066,77057073,78270222,78521751,83590813,82247733,76841615,76118651,85847732,77455673,78225179,80451646,74014859,76284009,75989985,82454344,76975050,80710921,80401689,81910733,77769456,73085777,75805479,77684558,78385100,77322876,72130417,82469631,77817308,77798478,78872469,78256042,75557524,77607730,77108491,72425895,80267333,81768879,78933632,77020632,76037865,78391317,74483907,78636082,73462096,77406211,75165983,73837267,71394905,75892871,79374709,73970729,75023550,77731595,76997377,83744018,80318381,82425938,77878586,74379785,76879570,74449391,75673899,76551853,75742421,72886499,74271530,74925213,80208614,80097227,76043428,73568172,75029240,77905214,76276571,73861704,76123740,76194534,79967991,77369790,77220084,77176217,79652025,83434905,79062426,76910330,76729740,75766951,77785863,76971579,73530306,77506957,80329362,71155425,76875987,76027064,77077705,73764708,76574633,79824277,72166103,75126297,77986589,79469647,77404036,71991152,81511535,76531465,75536382,78157374,75874460,76935244,81261730,75242826,78255257,77184275,75054649,77247952,75912747,70017211,77165717,77853376,76967300,77657761,77043386,77029894,77715547,75543460,79090556,78339726,78355632,79988539,78691115,84908812,71783624,77570846,78700171,76722761,80405851,86215155,79908156,73736117,76787093,73563568,75124617,76593788,72817999,83912723,83475944,81301873,75816736,72848635,77082169,79947247,79858860,79547409,79275908,73323130,77998537,76389034,74155523,75143984,72685827,76258803,77574261,75888970,73146117,77062190,76024884,73465060,79480349,79115608,76156059,76310063,77158919,78338996,79985360,74417219,72376620,77374229,81464524,75681538,74080844,78346590,79879045,79348616,79184185,76165132,73687452,75235070,78785574,81971173,72178541,80363650,75756967,74625047,78774532,75192855,79776302,79840860,76060633,81882389,77119426,82229516,77977410,72756554,79253303,70660315,77710205,74178714,80131259,80235416,80385317,79412840,78259659,80063368,83320598,76785422
74814593,75933998,77168405,75294184,79332174,77064618,74004065,75027996,79902694,78320220,74392289,75704624,78084471,70351689,71859931,71172883,73936930,71825515,81604797,74306140,78824198,77396484,72972458,74651735,77725937,78151268,86107867,74831077,71947665,72538357,76510226,73303167,76205749,74708197,76830440,75983493,72043659,72880917,74175725,71613755,77455063,69513342,76795716,72463256,75403098,73572935,77667266,73570819,70896097,79058020,73411808,74054173,79326408,71951631,72790817,76087747,76865400,73555715,77008970,75586099,75964788,78546348,73088397,72598465,75866671,75904870,73046812,83968530,71171702,76086063,75948555,77342027,80668651,68067145,74701971,73678465,77314701,80952176,65845692,70420651,78401023,71757130,77356166,75997818,77335539,79345138,80778323,79372525,75705833,77523112,85078558,76523680,77834011,83070963,73985031,76532743,75008295,79115110,76331860,77842708,78951806,77837484,75508383,74579887,74959304,75580529,75851665,76473484,73051685,77563044,78544094,73549626,76367721,75540743,71921893,75356586,75671192,66755321,77126827,78774102,76578662,71734104,72860154,75552190,72198070,76753935,76111251,74940924,75381620,75385560,69510191,71084906,77991262,73269929,70338844,76212192,77302533,80522453,80926814,80478552,75261791,73032365,71574611,73708282,76194523,76398611,75298094,75504105,71008145,73166599,80130525,75991276,71316440,74740389,77225435,79158577,75149888,71971945,74520968,73880173,77040354,79848223,78451158,76809679,77919028,80238177,81549094,75047028,76805701,71368897,74367356,74775808,72704369,75329038,78602657,71855222,73916637,75209824,73593183,70394987,77825120,77377838,71804155,72676555,77486219,73649839,74355603,72040342,77603377,76396357,73676766,76692887,77472823,77156719,77888615,77607440,78985050,77120036,74684348,76929986,75077411,70773745,81119431,77131895,76285735,76986924,77476853,71969808,75655109,74954771,75025741,77624157,75958075,75305427,76221392,76422341,72933233,73883487,77182189,77477658,78041412,83153345,80116687,71276545,74525642,70972521,74225778,73277824,73461625,82280422,79925525,78790875,74449005,75158777,79113614,76044114,77356456,75929787,75941036,73594319,77365210,79007235,79258426,77389394,72738917,74631734,76338360,73448931,71787469,75564995,69908795,73157628,76774705,76262072,70974298,74204172,75395664,73964456,76842366,73455575,68519868,76661807,80564604,74593829,70204922,75761197,74400895,81412997,77120916,74278809,73388874,76486453,76754004,79685189,69701743,76380666,71093612,75663214,75115688,72211285,78363345,79849151,73984405,79252706,74884923,77005638,74758753,74721437,74680970,70948013,74533789,73316457,80645214,76958354,75632366,77737597,77303005,78631746,83509762,70669046
74165064,75251615,76451719,75561091,79019110,78278149,73657756,76505073,76217238,79781357,70875943,76123658,76647354,70496897,70063778,71639986,72743564,76602639,79708872,74769350,78168518,77626212,74868490,75987234,76405369,77510049,84463158,77206148,73775210,72933468,76809868,73763205,74971204,72727929,74869817,75777279,72276995,72886515,76442222,71304529,76478362,72110610,76848360,70943486,75527473,72374278,79473048,76083679,71201141,76136172,75469176,72186650,79006089,73115703,73384992,77371754,77611843,73065764,75488607,74057271,74460477,78744707,74911557,73441421,78562194,80378445,69999320,76840965,70640084,74833042,72819306,75602074,79596222,69651005,73628618,71964420,77133631,82566928,68054854,68227499,78932034,72752001,75432407,76214321,77216338,77446613,82678100,78422478,76031535,73672497,80619668,76633720,75841056,79857224,73829735,76684417,76145585,80135491,75425243,77095449,77203935,82533694,77471734,73222764,74023412,73461262,75649797,76662605,70476906,79327098,79751185,74624964,77053102,75750576,74399521,73111849,77330679,68669727,78644709,77363487,77306772,72642378,71112562,74385085,70047656,74772021,75128054,75173160,72844088,72708027,70470080,73109977,75431870,71591227,72766274,74210427,75191489,80800153,79304897,80300524,77747498,75269829,74669592,72971438,73741647,74032910,73124078,73574418,72619800,70737107,78234337,77647188,76656652,74339819,76418076,77423841,74000756,74221346,72872060,74660676,76082445,77515250,75218574,72297228,76217800,74960966,79158118,76858171,76591957,73295822,74504198,74877025,71287611,75431474,74727320,71049696,73508194,74445135,73599726,72660465,75116774,77519175,70845117,73484457,74599955,76883741,75280001,70995058,78243941,76346386,75974719,74963952,74560133,74778400,78197663,76715788,78787730,75443862,76380671,79138636,74299828,70007407,74364126,73611695,75862057,74769431,74736172,72340159,74951264,76729788,72263245,72412986,74116650,77114009,72682312,80072123,73932755,72914125,77305661,75485544,76525963,84293676,79628205,73178916,73336073,70675824,72877398,72806116,71788805,83087641,79562692,76164698,75094842,71226352,75555831,75571339,78562146,75995445,78913060,71449928,78123705,75958015,75757835,72487770,72470363,76078866,75698961,73755309,74217694,76472053,74957533,73010071,76782943,74947362,74955382,72954792,76448691,74075589,77014729,74777325,69795048,71108883,76846616,71559984,70862179,75521866,76107875,76968091,76515025,75769263,72055216,72637288,76653968,79136956,71432701,73663635,70665986,73519723,75923474,73212589,77914157,78837382,75486381,79852971,76628375,78068652,76964301,73261998,74743324,69802342,75667137,71631923,79030865,75867732,76989957,76436853,76577837,76901329,83135531,70602845
76863326,77949183,78209774,74844154,78786011,78080891,72005646,75406285,79092738,81055347,73972978,75559362,78912382,73616904,74361544,72765299,74389965,77531069,83093084,76087557,81287511,77087657,76539517,76880020,79945883,77839750,86363171,77964762,78117007,74376747,78572489,76827222,76061396,76430571,76330276,79265885,77782784,79524853,75393916,73904158,77247533,74555145,79339095,75119749,73652461,78102285,81660626,73121211,74020841,78436350,75869798,76018748,77328819,74245064,75977601,77838394,80617453,74862865,79595338,76850922,78714061,81268114,76800476,74153819,79861340,80131213,77421432,81087640,74259665,82047118,75155548,79142868,78443553,70106998,75479486,73867176,79954999,81089242,71168727,72783244,79619088,73220496,77932696,75978129,75718416,78277674,81216656,80272528,78092414,78933303,83349663,80347265,75284726,82808640,74791387,78556810,76704464,83168619,77126631,78595483,81247202,83798046,75523397,73762946,77189128,75297495,76522075,77390631,76322135,80718976,79590009,78206166,75869739,78084634,74437398,77705562,76332201,73492749,80057315,77957929,75814055,74705609,75439057,76130208,72361653,76224897,78880495,76839904,72390285,74928976,71630756,72656574,82629607,76438336,73381706,75138930,77669668,84839724,81153070,83227302,79727805,74861889,75437704,79496954,77212735,75240097,76803549,75056333,75379076,73983385,82198016,79440516,76331171,74467262,77971576,78415661,74212392,74685163,73680649,75385119,82823218,80227154,79638586,77850544,79900192,80211660,81083459,77874097,77359756,76094699,77078191,72770369,74498815,80360133,78989512,72908141,79441014,73942858,75387220,74247943,79775681,80962310,71313072,73840119,77240774,75664891,77223203,73322103,83145022,76211077,78159199,79857043,75442782,77519074,77526891,76513854,78873730,79126524,76384424,78141037,76666960,73398402,82096093,76797114,78640522,77276748,79398419,75806418,78460991,75810796,74226769,77190382,78152002,78322887,75527650,78383459,71283912,75941941,77968536,76546097,80462692,84276368,78081860,72910347,76610720,72676474,77752978,75613841,71815288,88650616,82384354,79191057,75513747,74905981,77826001,80073111,79248024,77305146,77708536,73765985,78638514,75369967,79096642,80531571,75185993,75612622,76404700,78992461,76558415,77504000,74952624,73736801,81979373,79276279,73583980,75607937,74894410,77599867,77845221,75330047,75003734,77435072,80382638,75132059,74491098,80646242,79939692,80225605,77355298,75412031,74206747,77402491,77547121,80490951,73581725,77774109,74136016,75260320,76446575,73448450,78141660,77193333,75904748,81436385,77458299,82710614,77224312,74678833,77866047,69846947,77421185,72109149,78767177,75206060,79482593,79622426,78334299,77792333,82765241,73543315
76781242,72189043,74379386,71330013,77172654,76665515,74128240,73459646,76789049,76766498,71335294,75344828,76488416,71456262,70174461,71639301,72062899,75729631,77701809,74829701,77718738,75369501,75160364,71381765,77197547,78508740,84004830,74439691,74206626,70783609,77494178,73774114,75164034,75668842,73543162,73994135,71991102,75263368,76533105,71175290,73918640,69637160,77175397,71031036,71982669,75409271,77738098,72045079,74030027,76101276,74411781,73873405,75789802,74043729,73874144,74388013,75099824,74572090,75463641,75366165,75048455,77295885,73635240,71524416,75083288,77577327,72449873,77725705,70749264,78108143,72113710,75087982,75966942,68726338,76756197,72837417,79690703,77312917,63885553,68947005,78582256,71160067,73142369,74803850,76116307,74582411,79841103,80009617,75707748,77853762,83633723,74194873,74867655,78821775,71975244,76494052,74172299,79580201,74658085,78204114,77369604,79255813,77785228,72429420,74306004,75169214,77106714,75760935,71549503,78837348,73916428,73741433,78150732,76394893,71718778,72486571,76181133,68410635,77487793,75734308,73971549,73104217,70893000,73347278,70996085,75104088,74274780,77396871,70862285,70799773,70390522,70412605,76399582,70985676,70010617,73781688,76021063,78185811,78824038,81171838,77172344,72545218,70549023,72046229,77424075,74093430,73607625,72106003,72713248,73063109,78123577,78941583,74246101,73849066,75038207,77648029,72688559,74159531,70628195,72699321,75300133,76516973,76716495,73433777,77165418,79927612,80490625,75885365,72027497,73646956,76530863,77050252,71496494,76872982,77284681,71028376,74442913,73643569,75732357,68414563,77703114,77790526,70101509,73643724,72961759,74499527,76057059,69304334,77720902,72028755,72040982,75145178,72360026,75336534,77867331,74355780,76000566,75379452,76249211,73267708,71924670,71551695,76125482,73785804,75638466,74900092,76827811,75928118,74671284,72719065,75240978,73450626,76933990,75954454,76991077,79439755,68696679,75308920,77224882,75717545,76956290,83054118,79574723,72902452,75656240,69940312,76548744,74159264,70111190,84597202,78276321,76141502,72633581,71031802,76169789,78611671,78888696,77321011,77552590,72181175,75836023,76460942,74948607,75683898,70143776,74753033,76609528,76516913,74645492,74901518,69582649,72430614,75397900,76396917,74027356,72985104,74896882,75717729,76613173,72863591,71357364,74143274,75045805,73573900,76053204,74322093,75728960,76508810,78734171,73307737,71859999,74719631,76198511,79192233,73346119,75123133,73368688,72852778,77702287,74650846,77238695,78246643,72571289,79043674,73244572,76767380,73720356,70594612,75090014,71303593,76175665,72871892,77849864,75323926,76913269,76636902,76265314,79530096,81558287,71093496
74470435,73212158,74971355,73879730,79677585,77901624,71572377,75482948,75829903,81705933,72880955,74810711,78933533,70541238,68139038,69648877,71563686,76124223,80224535,72160312,79879282,77843562,74639935,76313234,74161816,75806059,86341237,76126363,72338659,72610905,76088789,72628854,73188295,71065833,74543514,73479479,76151788,75428897,74787377,72313352,75391276,72958230,76855754,72501113,72025462,72583876,76310094,74892456,72304983,76828836,75514547,76500537,79712157,72176525,71573666,76766235,76962400,72611032,76941180,73379406,74255963,78035884,75127230,73782791,79434184,78517267,74008020,78875489,72299054,75470452,74377532,76160305,75986945,70392576,73705976,74479923,76591665,77660138,70021668,67484513,78274676,72635195,73457135,76084525,74024398,77669551,80387603,81457819,77711612,75971500,83675431,78253011,76415709,82955661,74273215,74540609,74613101,83521265,75990867,80697589,79079591,81197399,77520810,72279863,75137556,75453535,73398238,77776925,71841906,79817113,79213189,75033242,76666097,78341525,73794191,74637131,73853648,68593230,80050610,76793619,76986192,74538517,73651136,75469518,71063465,79852031,74189971,74454401,74887704,74288139,70290466,73002406,78962649,73450617,73015423,73448455,77397368,80961985,78988093,81033478,75352312,73438422,73899132,75149576,73107607,75387944,75867682,72885612,72859620,73514957,78254764,77583544,76050340,73740575,75076849,74814175,73538607,73319297,73090433,72331857,76714401,78562246,78248286,74007867,79404180,78231382,77515980,77873871,76080249,72329361,71580399,74680532,71786658,75624610,78460540,71097671,75919719,73581357,75167135,74070030,74495359,74874553,70726560,73118132,75636866,75328271,75341987,69857309,80362812,72991864,75023095,76235006,74422931,75093114,76755500,73945246,72872717,79366308,76924911,80059236,76696638,69596644,78020553,76082611,76085378,77214864,77485271,73986920,77047182,77822320,74717227,75148470,76361605,79144595,75542698,83202947,72653168,73448504,78739078,79051961,78146838,82636968,79565507,75108729,75219042,71579615,72196195,76229188,72061277,82684176,78575882,77411910,74906121,73485783,74095228,74835123,78478375,77158172,77099438,71997616,75400238,77584309,76262471,76916136,72573187,71895079,75783396,72070863,71825182,75174331,75324144,74104362,77629615,74888097,73631761,74022757,76511654,75569370,76745120,74447899,70451607,73364758,80812627,73336250,72005380,76990839,77426207,79499541,75672001,73518895,72732667,73056242,77756957,78071551,70150678,73380198,74022036,75515463,75818309,73214649,76160645,80516984,75877367,79201284,78222378,81519576,77817146,69914883,74531040,67227450,74293448,74093057,79936585,73486598,77027522,81504382,81439378,74830867,82913753,69349560
72130980,70497702,69589250,72028147,76909970,75892303,72066290,70817497,76199972,76713866,70289280,71980377,76159513,67487431,65394720,69308299,70595948,73490872,74627359,68714226,75331368,72930628,70584444,71514352,73929558,73589501,81169420,75988462,70677320,70830396,76053961,75155599,74290479,71354129,73287213,70149433,72861187,70315383,73278852,67151058,73330243,69549876,73846255,68358022,71055253,71160494,76924665,71736645,68700260,77231503,71920082,70468171,76062358,70086357,70199188,74674842,73662259,70685310,73327091,70616552,72300754,75893288,70586120,72257519,73564245,72230241,69610072,76465484,68156284,74210470,69138249,73669020,75616006,65540293,73594691,73217565,73538971,73718532,67633593,65699452,77412808,69525241,71085291,73677221,74901375,74765559,75404118,75681340,70884419,74505480,79146231,70295053,72338145,76132013,68948192,73316104,71435372,77995269,72805225,75234321,77776405,76734223,74486865,69731918,72185250,73767758,73600820,74795950,66318204,74903048,75843936,71192410,75556725,74866373,68791420,69546092,74664979,68035660,75402082,75027690,72789281,72119108,69697457,73395638,67587340,73384785,71632849,73901557,68743627,72629932,68476585,68294337,75803545,71565226,70073624,71540555,72093177,75726851,77822230,77523006,75508675,69602227,66770927,72718852,72409988,70871908,71465397,69448740,69895069,71191927,74168856,75559871,72352210,69099122,70183542,74586244,70423433,72083789,72559031,72787472,76085564,77863119,74733260,72646565,76059091,75002220,78529033,71616149,73087929,69908173,71985805,67891161,67574226,73761319,74625916,66826721,69166811,69601143,71473236,67330570,73608218,74229953,67923052,68584944,73888862,71566387,73875765,68292089,72709714,70262522,72083470,71185854,69662463,73076943,74614454,73524060,73593330,72856564,75630925,73682890,72486311,67077313,73905718,73669483,72614494,74218442,74268104,72137794,73295917,76464176,71654076,71921945,71383607,74093455,72887284,76171889,67778945,71280274,73682496,72731203,76577089,80327164,73706749,70680647,73050877,67686952,70702823,70712610,68578414,78577933,78246642,74940405,69901164,72040167,75794304,75154145,75677926,73256315,76281736,69317316,71881893,73552876,74011808,73154451,69566752,71652721,70485628,74034890,73459395,72774638,69184054,66637943,76867768,77576533,68988859,68972641,72759067,69808811,72581534,71874249,64888256,73123566,75426325,72043614,71577765,73821956,68956949,73587691,74218999,70003778,69507016,71201515,73994441,76054989,69311197,75135567,69424521,71816255,71916375,71355441,74223208,74474585,71872820,74468140,72934852,74818743,73800703,69434679,68239457,67796150,72762710,67094063,74730684,72589513,77851953,75348475,74279008,75871811,80143624,66823412
77428757,77477137,78858785,77164564,81197565,79938392,75655184,79731093,80172902,81546270,74890656,76786019,82446178,71917710,72536426,73053038,77189965,78560140,85756906,77317591,83659359,81313358,79187182,77884540,79611925,80543203,88580835,78848061,77281379,75452013,81019849,77412140,79499041,76933106,77729331,80919306,77665143,78740411,78603460,75618530,81759797,73807342,80681190,76586670,77227946,77632294,82896052,77676661,75849054,79223434,77252410,76130857,79432435,77765582,77958049,79760431,79830045,76676220,79951578,78680553,80546565,82917700,75460930,75506049,81990418,78523956,76672383,83828660,74084796,81357475,76532402,80831535,80895920,72884435,78643579,76664967,80283288,78063373,71822321,72044204,82555185,73809780,78528399,79077295,79613662,82132721,85793797,83757471,77856696,76181642,86442949,78116530,78201160,83310525,75364832,80521767,75193933,83487233,79022129,80804691,80202676,83735525,79402849,76679164,78984391,78239343,77889929,81557391,74906307,82272141,81849739,77909791,81275132,81232740,77588614,77011526,80416587,73089232,81769352,81950395,79750842,75532996,76930688,79595106,74426652,78034126,79302711,79766074,72922303,75147693,74337634,76040809,82042689,79803040,75339846,77337199,80340471,82733405,81032777,85096483,77536617,77442722,75484443,79208924,80220078,76648705,79578160,76047783,76243009,77176362,79428288,81987964,77532120,76104493,77491793,79331544,75047045,76441409,75410241,75529892,80601116,81985202,80970438,74921171,81384571,83798948,81468638,79334975,79566000,76554861,78481910,77172556,76751119,78491718,80051900,73500139,75988452,78043452,77893247,77087925,82708276,79652262,74282019,76125659,80333075,77860633,79973284,75499711,82645208,78356977,79372327,79796320,78051645,77511908,80274715,78046410,78710606,78001596,79923304,78476424,79928979,71468359,79766013,76819441,79316925,79377598,80640682,76358322,79556840,77321834,78535132,78034413,77826083,79242410,81382350,83417792,71888489,77173859,82624827,80725915,78697653,87912050,84668577,73857216,79237327,74506170,79860191,77891175,76638631,86612883,84033065,84086074,77980355,74978922,79472967,82299436,80007136,78574220,82279892,78384918,78417919,81478610,80222815,79223986,77687770,77579973,80731883,77313704,77688577,78389720,73121232,73246299,82109846,82128772,75771896,75368167,80874353,79662229,77384624,74302561,75853657,76184762,79143784,79587434,77142343,79669846,81463703,79623714,80207293,76046989,77079094,79956966,79915731,84374208,73828566,80263293,75011342,79563866,81164229,76758262,81165645,79496138,75355599,81665040,75982870,83504689,82068683,77186386,79404911,74965186,79167005,74058382,82567964,80167819,81561415,79821270,82379881,82584707,86245979,76271358
73224394,73724842,70827881,76017451,74904845,73873891,72516403,73194239,76443952,75610592,70290294,71026336,73589792,70262526,70699028,70400878,69733719,73970609,77289507,72063901,78606693,75561889,70867927,71547850,72604786,73707071,83469546,77045994,73981385,71640229,76678426,73670188,77182100,71415285,72235680,76169388,70662842,71932309,71155420,67690181,75940993,71552854,77033942,69683714,73579589,72917135,75048037,70737946,71606683,75605691,73942078,73135158,75957732,71290380,72925257,75492921,74175239,73279162,74773222,73728954,74333528,77700443,73998689,71634469,74014180,75202243,70898503,78543739,69334706,74061454,74640827,75691354,75666888,70317713,73469689,73905119,73454653,77020067,67804871,69089962,74785656,68635230,74220391,73393056,74376719,73193695,76624499,75062438,75044109,72733291,78892322,74033098,73087489,76976560,68712164,75761274,74020211,79184941,74871789,80006555,77336718,77033908,75897295,69364604,74098165,75725374,75445775,76140579,70161415,75709967,75209157,72444635,75035559,77722399,70875765,71530752,77678414,65716376,75499988,75869405,74101536,72423488,72437969,74162704,69833899,72285399,74705185,75427809,69381011,73888629,67271911,69774730,74284412,71291446,69838557,73562301,73468267,78337194,76927275,78622164,74019815,70942812,71955905,71889540,76135669,73938713,74799679,71695312,71798894,70241690,77319037,74491528,75292935,70468281,75557318,73780040,72624445,68617681,73290951,72024817,77242166,75113455,74299890,72517034,75319482,75184381,77138379,74070701,72981433,72170742,71622506,69925557,69273804,73607076,75745940,69473203,73282508,71121060,72671603,71399696,73181537,75054676,66555612,71676089,74397468,72640728,77165208,70151494,77645293,72738667,73700952,73834436,71340834,74727482,72681659,73366904,73466501,76949248,76606383,74155652,70828831,70316627,75421597,72196485,72842389,75150869,75077275,72301044,73160544,74383803,75350544,74941608,73305928,77837924,74575675,77338436,69044443,72736454,76465200,73742179,75105588,80958321,76732845,70876385,72371825,70331202,70404611,71312125,71227646,80623278,76551957,74898385,72258354,71857373,72172579,74357300,77210499,73677262,72869960,70759464,74529699,75498477,75136345,74355514,72068896,72834095,70906231,73234147,74655598,74464615,71745671,70367265,75505389,75478899,71578719,70490693,75142951,71604842,74736003,69611121,70083571,76160363,77188183,73969019,71038801,71387496,76668017,76700443,74289093,72670525,71194763,72598058,73060921,74425893,67844107,72293718,70916677,73325874,74353324,70734108,76151503,75919231,75638192,75601357,74258034,78474388,77711791,73303599,76830398,67608966,75810171,69571007,78461048,72820313,75988097,74909528,75300035,75728604,78908318,72172564
75585553,72287496,73421933,69965319,76074937,75190711,69694767,72831040,72086365,75495639,72079734,73496469,74594691,71714116,70066035,70925826,73062456,74106816,78333872,70665181,77886604,76353903,71365694,72045515,74745283,72697554,82711403,76485457,72093787,71293933,72456698,74104277,76871713,72701735,72688647,74439984,71797950,74813319,69685052,68016239,73703462,69935867,75764069,70694385,72676774,73401467,77903349,71939224,71005471,75498127,74592487,72197614,74325629,72759361,71765082,76061370,77017165,71993190,73431315,72604432,72517084,76247756,72683581,70554203,75795514,75063363,73714963,78549936,68080637,73435909,72824021,72162304,74185451,68416200,73817889,72558260,75969568,76846473,66077601,69405118,75664954,69671112,72190052,72881706,73800123,73573660,76739731,78258098,73294352,74623131,79804873,75472533,74460385,81035602,69044902,76556749,73115132,77125234,70486848,78842417,75382056,78149492,74787400,72870765,73424627,71662800,75154351,73499125,71528041,76204722,72910336,73438561,72736000,74130767,69569196,74571031,75116861,68149824,79733229,74559196,74265306,69715867,71514219,75262701,69663341,74615110,75542857,73837495,71809368,69427460,69780583,73552519,74199717,73928057,71494513,70825372,74539910,79830262,75263145,77754435,75283976,72171311,73843862,72091281,77155975,70742393,70748335,71375439,73730485,67877094,76571729,75267768,73719588,71575136,73220179,75187325,71866554,74909495,70996527,71090730,73713873,75754074,75885315,72714869,73659456,78237425,77789653,76616288,74860113,70389485,71057224,72452773,70349762,74980402,73028363,70527519,73558477,72855463,73411942,70099056,74573619,77726929,67884253,71246952,71329337,75170023,75709783,69086075,79460926,72775708,74602358,74539075,68135763,76322525,76116558,71521694,72712259,74730485,76532545,71365841,73819369,69471642,76544033,74135218,78478394,71557507,75982110,73653677,75409128,71600683,73417818,74725528,75072304,74508602,73375927,77622743,70404073,73483937,75523486,73626671,75000462,81291671,76521416,69625565,75760567,69978745,70812261,72248928,71229455,80517057,76958315,77666350,70388247,72685780,73193619,77220364,76970906,73595587,74379471,73078648,72545498,72190859,73947793,71648863,69395164,70763771,73820830,74233954,73945453,75254069,70544617,70677837,77207505,74016777,72454452,71162465,73864680,75880673,74222291,70248598,69468336,71733263,75920776,73691665,71282666,71237192,74547276,74614737,75907192,72342409,70668965,72144170,73182804,76407889,67962820,75898710,70104228,73288437,75578952,69862205,74197047,72395674,73234702,74516139,75178863,77571331,76555281,70998741,75039175,66622461,73876876,68571927,76573455,74655755,75487581,75575612,73959351,75571583,79168786,71303095
81608390,81428954,81761852,81967245,82739966,83369476,78673901,77694954,79870046,85619853,79483477,78160202,78993579,78009940,75054270,79317924,77126729,81427456,85740718,81891171,86350008,85601002,76962422,80130109,81637275,83991708,90825462,80880098,80488152,75933186,83199640,81616849,81289041,80762110,79165694,81058385,79946894,79704156,77910676,77130924,81947218,77208616,84834890,82114931,79041864,79551284,82198985,77372842,77893520,82974351,80774003,80261195,84025865,80056230,79955598,87245217,83567501,77175998,81766251,80516891,83557312,86948290,81002963,76278841,85007643,81286383,78508269,84906013,76384466,83487394,80496210,80343341,84269918,75074464,79670838,81142404,82721489,82569579,71971399,73498779,83521949,77415119,79354403,79167623,81622421,80998159,86159144,84857285,81650061,80322548,90397292,81701508,81745183,87736002,77292887,81419583,78928648,87724241,78511900,85749805,84125341,83459395,82276366,76747868,80539741,82019969,80076974,83691571,78593267,84433957,83189830,80680997,81013798,81380999,75461740,79079810,84501603,76190455,82850328,82546035,81613796,79078680,77050497,79670330,75636628,80782675,83812388,81965545,76356513,78366424,75169971,78703282,80843629,79444323,77420614,77672865,78350079,88279523,85255537,88645519,80440980,78001291,78326358,80400691,79698172,78512666,79154238,78839812,74875609,79108477,85678689,84231678,83485625,78729900,81112718,80636224,80206208,79626976,77112269,81011560,80129455,81947650,85857034,81579289,80757862,83780492,86584226,81458379,80159546,79238442,80914344,81574492,77198766,81672025,85343153,80182665,78178373,80373951,78586948,78056794,84761179,82422526,74345453,78636483,77815859,81076701,83492321,75509996,84641926,79531041,83057813,78775603,79097754,80584027,82327729,81686913,81977589,82604750,83678166,82082776,80797271,78691764,83323431,80091858,84568213,82880436,82254437,80211324,77756647,82285039,80389342,83114952,79480508,84415357,80470539,87284373,77753051,81631370,82648945,80213343,83555942,88388747,86078236,78186861,79152383,74710220,80500206,78862206,78908405,89910135,83536856,81478091,80793595,79031390,82329083,83877080,86349758,81491263,83057174,77876247,83517553,83392268,81718289,84127171,76923636,78982021,77963775,78606471,79098830,82988778,78915908,77878667,84087923,81463921,77501021,78444411,79624889,79968463,82963934,78287892,76570165,80798347,84583902,79342253,80704513,79522280,81164652,85109557,81048062,79392386,77946605,80973527,80797908,83286493,74646634,82912454,76032923,76856852,81240260,79009812,81006073,82642058,81598193,85972589,83692917,81815664,84222727,78859029,84111964,77540805,80126074,78447001,84000048,81609198,82189252,84797592,83335703,84119903,87240729,76785999
77336017,76221441,73427137,75753048,78256855,78367462,75592647,74687687,80360680,81209645,76744633,76507678,79752096,72030340,73294613,70044656,75291377,77689275,82644705,73803905,82472646,78384620,76842030,77108398,76910424,78385111,82103561,78195755,72402930,73071850,77012472,76430993,77195618,74708378,76496209,76390050,73701257,74640890,75777101,73106276,79200592,72013606,76628886,75029967,75449383,73254564,79437968,74324261,72554923,78803769,77508329,74313646,78060474,76049293,73703555,76817588,77330658,74391725,75842682,78077009,75979578,79220657,72332119,74579851,79784445,79328203,74200814,78649118,73982091,79623357,73647740,77970636,80843776,69995601,76052482,75063776,77415369,77884443,70845366,71142870,78253847,72466414,75960612,77959558,76977112,78504512,79855924,81374796,75706103,78142699,83604133,76907761,75308812,83841532,71825465,78867191,75735280,80631657,75216088,83252317,81921246,82025221,78141233,75474524,77867157,74701163,75642281,79021248,74001035,80994557,75377168,76388944,78637687,78632145,70914817,76687572,76900527,72038770,81089113,78090817,79776492,74714510,74339717,76940921,71158037,76755875,74866482,77436233,74774686,74631940,72716405,73452976,77203326,76847812,72401392,76504971,75532474,81445365,79280348,81659001,77892310,72914689,74591130,75066809,75767272,77446178,77393837,72706644,72385423,75734688,79952645,80594135,73191398,75675945,77253608,75168007,74536472,75457966,74496671,72788859,78102638,75423704,77220038,74956328,75845414,79268694,77229931,77657280,77120070,74646068,73074530,75365781,71452398,76484154,78821056,71734356,74193200,75039699,76457627,75356586,78896128,80191357,71919408,72474036,77310170,75230799,74745642,70459717,79279752,75594423,78236447,79462493,76245785,76247681,77135281,75687798,77391995,77862418,76724672,76611215,74521852,75546162,78510715,75192177,74878936,75566052,75890136,73214776,75099720,77700831,77315317,79123708,77113021,78564765,77009748,78810413,75676964,75174892,79352072,78354259,76784326,87761272,80185265,73461381,74054667,72221812,74744685,73829434,74267945,84150600,79814647,79509633,76858936,72923085,76013125,78486169,78745105,77109222,79080357,73572595,78344776,77618973,78716916,76236004,73580137,77239646,77812078,76260320,75067012,75837002,73274179,71318369,81397490,79291911,75157599,76205816,77405771,75861665,75094970,74392116,71905046,77094202,79654059,74292176,75115419,80273515,76018111,82872793,78278622,74053330,74382475,74349385,75831510,80847059,71268229,77760560,72182605,77444146,77382804,73613311,79160604,78851405,74778973,80137649,76880107,82747468,77501644,71473301,77354334,68595846,74478851,73618590,81099653,74761802,81418148,80527527,75840894,78446729,81866271,72972230
79893220,78821027,79367690,76055346,81613559,84303008,75202448,78158307,81356327,82542385,79609627,80125534,82193571,76841178,76369005,72577776,77236249,77823531,81658668,79160153,82162554,80262902,75620115,77800865,80208638,79532167,87282978,83772498,75445693,75942822,81940965,81224960,79595988,77817982,77099063,80052024,76022149,78424365,74925371,75565363,79616272,72593060,77769760,75640953,77072303,78866311,78733530,75859476,77306651,80726304,77475435,77990798,83395029,76877348,77113667,81641477,79406920,79716047,81345845,79926571,78325178,82670737,77496704,74698703,83828175,79883430,78753561,83192683,75998824,77020847,77080256,78723713,81932930,75815099,78388868,80067680,83743158,82464169,73849589,74025966,81983453,74458176,77014466,80017753,77850577,77909437,83643379,85031071,77750966,77971622,86180825,78520295,80596871,81049340,74096015,81464041,77839750,83860298,78148789,85292425,85546865,84170123,79193466,76865089,79453882,79125200,80061679,79476176,74013329,81585380,79125810,77203687,81839973,80357202,76367594,76387707,80337096,73590395,81727498,78731986,78988802,74331023,77190145,78612589,74955286,78542095,76852995,79678229,73345634,76453572,74609136,74560365,79984577,79102233,75353263,77764783,78288701,84111805,80782174,86603512,81102509,77597364,75558696,76136268,79318243,79252086,81005727,75425534,75387957,76944808,82005013,83591047,78640820,79504690,76975152,77990118,78677431,74352814,75887103,75166449,81502789,79387816,81926466,78576858,83268352,83375281,80418091,78656150,80165926,75207367,78292014,76319129,77450074,79522787,83148808,73122012,77435169,79963099,77773873,78161356,79826771,81090278,72382160,76973249,76285619,76418758,81066300,72509574,84751603,78000640,79602881,79948318,78921031,81526729,83036225,79069833,77980325,81830445,79914966,75128836,78570730,72122792,80602822,76679740,80291309,79297888,77127385,77441897,78295468,78881707,75858479,80936200,78885422,80596868,79517227,80417890,75047580,79423624,81564902,76965838,77234929,87173548,84859175,75063606,78049138,73473813,75819632,78295979,75481531,86915830,83133053,79347412,77149635,80499986,78361323,81369704,83751553,80697319,83004488,75106567,78890937,80658741,81654025,77098947,74921255,78676409,78124168,79284760,77821519,80146145,75733483,74821433,82544616,78928396,76749454,73529680,79569072,78939219,80356146,78616532,75695124,79943503,85336952,77409152,77502717,78462766,76799196,81813271,80538458,77357444,77357627,79290334,80576387,80549180,73448157,80126640,74006960,78978404,79767737,77481103,82059529,83339172,77207382,81295786,78028404,82131147,81774022,73179940,81157092,70764487,79100020,74830160,82297236,80646740,81983114,83454935,81349024,81339223,85312386,76493216
78260609,79170076,76928178,75842732,79740196,79010601,74039442,77551626,78379135,80096802,75723614,79618479,79999467,75304009,75114415,73362452,73347941,77933846,81794008,74780760,81687117,77916621,78316053,77059588,78274458,78971412,85756396,80911148,79015229,73349169,79837637,79972153,77838142,77886122,75716925,80572086,75919403,77166411,76275603,74983538,76366874,74114041,79573621,75714669,75349684,74631475,81163911,76397832,74051470,78331337,77314241,74414099,78921991,74734015,76606234,78700309,79145553,75151354,78313905,80832470,78240690,83372411,74801603,73800131,82487494,77756754,74630545,80355958,72428616,79083471,75444329,76103753,80223085,72378868,78546305,77628484,80540454,84171399,71343350,69433254,81041673,72072558,76451055,78393196,76481966,76252218,81957669,81966347,78120682,76343245,84093255,77747895,78478026,82447787,71624462,80424449,77211210,81594501,76097807,81734149,81528549,82909544,79983560,74175442,74939634,77654639,76309033,77644763,76199966,80940776,81840762,77856626,75248611,79881766,75794064,78219413,78470280,68533109,80788928,79631123,76959226,72638634,75045785,80111782,71179406,76422343,74358351,79589594,75469136,75932678,71161363,72468687,81799046,75568428,74789674,78371890,76673365,80299474,82196901,82563617,79317286,74997916,74510011,78379670,82818411,77059490,77363467,75943099,74721432,75635144,82062325,80479713,74802482,74302411,79145225,78548995,76207361,75681978,75865913,75197675,79927684,79945684,79858997,73980710,79477244,81323293,83131898,78608613,77204843,76322806,74865042,76184555,73395782,78579519,78164653,72593787,75988396,75042468,80634321,74569801,79324535,79353652,72469952,73347014,76454943,77537551,77266724,72351865,82241730,77467487,77886038,79820566,74066747,77263393,78703993,74114404,79497318,79046762,79064688,78900853,73718667,73606550,78437631,76220349,78750285,76591417,77304594,77802144,75176683,75183917,78107104,77246474,78437650,80669481,78478254,79471857,74165375,76568708,82643779,79060910,81509728,84355959,79336415,72777845,75540438,75645919,77414245,76881782,74427946,83960247,80611530,79541169,73673853,74785896,75555454,79482633,78319426,78764199,78799677,74522370,78244071,80346230,79728742,77239377,75049352,75809062,77405976,72679310,74188791,76533373,73790790,74723570,80632452,79667506,77344103,74696520,78191966,77071467,79332830,74218264,75217529,79102588,80544289,73678893,73480338,79192899,78253707,82874187,78609023,75973856,75872794,78724608,76390705,79546486,72360809,80662264,73056414,76432807,76572150,77206629,81490294,79687615,76142175,80437966,79640445,80107566,78265034,74361397,77648595,69783938,77093627,75653660,79737821,77165733,78847255,79697464,80378060,80080669,85915538,73900920
71021346,74555180,74337053,71688121,75162159,74685927,70050968,74868932,75076859,77706145,72920250,75096485,75719370,71364254,68897048,68785678,72025374,73455092,77611024,73371600,76728240,74237438,73321787,73072279,73293527,71557112,80444509,71718312,71328097,73298743,73937166,75973897,74634390,72892802,72837744,74147064,70621759,71478432,73220040,69278901,74476329,69601466,74470829,68746409,73261291,74824631,74088180,72690327,70359611,76918638,70809168,71357135,75865736,73454556,70793787,75836554,75029496,71364829,73948421,71625346,74364049,76831056,72769840,72529042,78597677,77275238,71867841,75774494,68588657,71685118,70905194,75724293,73317862,67468391,73360239,74821225,75390478,77296027,68438780,69181430,74061365,70347250,72413818,72617121,75259692,74257604,78362792,75468630,72785712,72971790,78940979,75152538,71908809,78730442,71427900,74966739,73621139,76906556,73215339,75889159,75353752,78049521,73705190,71691320,74835959,71820230,74289506,76616929,70777315,74710930,75672760,74275601,77100603,77206068,71905819,72120074,76134099,68015838,77307703,74516834,73889436,71288931,70599573,74991597,70598075,73338433,74454606,71857604,70030424,68399671,71286773,73651943,75888998,69674127,68732269,68197594,74311828,81898947,75356654,78193257,73132028,70700756,70508198,72865656,74666150,74796641,73160789,72720649,72716484,67727193,78782818,72809402,72317907,71636687,76374209,77038267,70756141,70399254,71914514,71976641,75740123,74463790,76057798,73206076,75867639,77973058,77137253,75999887,71871463,70880956,72817779,73181895,71923904,73510791,77014289,69354423,71367482,74229339,74130635,67343302,72842487,74373029,66641490,68165427,72567676,71302099,75278624,71387658,76199004,73385263,72870212,74800058,73149641,75322091,75139899,74650435,74634410,74950729,76723175,75682248,74289167,70531816,75721319,76794991,75220276,73025432,75390048,70978606,73652554,73760779,71342696,72846180,74548677,74339096,70830826,76653124,71001095,70526470,74508679,75796802,74844702,79481995,77941679,70457482,73073960,70603223,71694723,72739998,68091930,82155747,74084969,73433457,72089859,72327575,73311560,76040720,76815364,73043942,74854750,72447072,74871781,77661782,74748032,71033107,68908835,72811611,73062814,73774094,74719573,73634754,71473320,70863526,76261799,73914496,72305271,70350214,74227746,72791242,74070834,74144799,66896138,72422091,74083843,72379266,69594729,74627607,75254679,77941028,73984144,70872036,69841282,73238384,76595226,78617134,68290394,73526089,71364736,74972259,75517729,71603590,75895978,76356355,71299852,75654219,73165368,77424957,73390371,69483466,74144623,68747377,74453173,70436570,78286436,74117344,76892810,74999973,75502501,75207509,83467107,68854719
71292088,70317843,71708718,71177684,72537048,74287404,72990722,71978242,74136749,79497998,71276185,70809873,77844022,71378491,68883422,68343662,69931621,74459083,76278552,69649281,80022625,72491075,69975831,72178772,70359209,76272411,81795098,74218912,69743479,69649183,75960049,72941989,74666668,70431268,69992929,69763762,70522340,72479714,72177748,65090046,74950309,69729208,72855680,69526264,74426654,73224918,74275924,72398177,67904888,75848185,70320893,70463481,74882923,70458166,70513801,72713620,73858657,70805568,77186208,69958088,71516483,75473823,72955268,70706975,75365664,74727019,74905758,75999240,67285675,74300643,71149039,72530231,75322120,67559219,75527424,69580537,76357719,76758413,68576281,67563580,75433484,69618887,71240491,76567734,72097829,73147193,79159938,76196811,73304226,74209541,78413726,71733756,73463004,78407632,67836838,72598115,71044741,76965323,72614359,77884265,75848356,74736857,73336313,69270192,73033253,71551413,72205676,72146231,66095564,76253482,74985625,71518987,74831986,75730205,67990167,70395902,76242517,66217050,75449500,74303630,73317654,72358721,72097419,76085368,67417650,73180024,72327005,72707578,67876041,72223283,67905578,70054609,73407450,70994413,70182313,73101602,74434641,76311081,74665977,77180810,72873846,70539909,69324302,71395602,72324438,71358952,76228534,71053203,71941137,73010137,75251955,76668334,73229760,71541849,73194364,75189570,70105632,69400648,69813225,71708820,73838614,73585816,72542129,70610948,75423113,76053189,75584425,72635017,72366310,72064252,70614528,69963517,67682659,74728767,75638170,67909631,71857247,73507153,71437111,70344746,72642915,77086081,68636658,71009905,74169793,73355112,76455839,68184422,72848757,70033390,72949813,74573355,71591228,73232542,77247138,72195283,71307990,74295507,73704090,71526858,70400388,64689161,74491880,73582851,74014897,71757118,71882612,72796503,71926840,68576924,72101467,70832597,72146426,73284607,73868185,77854941,69019696,72956913,74917059,73693821,69028156,83095708,77586698,67595020,71914648,67067986,67853090,70686673,68574013,77647319,77844571,75025461,70589974,72109520,72483389,76520782,73899236,75270091,75856435,70391662,75072317,72574257,74982540,74217238,68457638,73074405,69495351,73433403,71307632,73458581,71807355,71327444,74624126,72972734,67623422,67362156,74219219,71762286,71854762,72006762,66972355,72450857,74687289,71427550,71221332,74092778,74376951,72976786,71953346,69191806,72170159,72356391,72741049,78003180,70436131,72208131,69843649,71366958,76518137,69849895,73353845,75199484,72029198,77588312,71483696,76901136,72385556,71837259,71900227,68836363,72031880,69103631,75061387,72073419,74158947,71925712,73712207,73567407,77356597,66840964
75617375,74524045,76327242,74136750,74130566,78087794,72599269,74185338,77677905,79527593,72859452,73265859,74116353,71482483,71813148,71910004,71606982,74488697,82114160,74540664,80254863,76618095,72554662,73819154,72295663,80296323,83263231,73498447,72987766,69012060,74136453,72676796,74955971,73611174,74432656,73748062,75471340,74758590,73161060,70441784,74174043,71001903,74752710,72372908,77389352,72517983,75734774,72760524,71087843,74196472,73168829,74220297,74187481,73989863,71342143,73983072,76385272,72024341,75965085,72939656,74487367,80026587,71176218,70939656,77287467,76153127,70238180,77556390,69264024,75777080,71859052,74802475,76687939,69413348,73117944,72050384,76110524,74441333,66616289,68920528,76488757,71788883,72968642,72549425,73712686,75668254,80249335,81207818,74459049,73727338,81831584,74155937,74320985,80813481,70061675,76015120,71850795,79192112,75517665,80038859,78286530,80715570,75929832,72456534,73682250,74570132,75458870,76208971,71088031,79166617,78692592,77534359,74208698,76209361,69398476,71906199,78824320,71251452,77434778,73548489,75989551,72143377,74255070,74698359,71429372,73903328,75139358,75299207,70199153,71752977,69079989,72202954,78940060,74358067,72816275,74164173,71229525,77423656,76692726,79468334,75606879,71321963,75057796,72121315,75153587,72598801,73102811,70328456,71615457,71319968,78169636,79141209,73752688,71824740,77530237,78180433,74677380,73179952,74280334,70685046,77814649,75866752,76012528,74064590,75826543,78146236,78233802,75116245,75696735,73944194,74328914,73173917,71324905,74557601,77259335,70174232,74364303,71418705,73028071,72421336,76579578,79455361,72737491,70900919,73224811,75656392,74535442,67818443,79494697,73233437,75635247,75972566,72582566,74073226,77771872,76372202,75297015,77550185,73290897,76672052,73727226,70207227,78025295,76282242,75011232,75920522,74585915,72785315,73508157,74610366,73849157,76139840,73045583,76173450,73896942,81491030,72745581,76870486,76239702,78234996,74122501,85819083,77932794,71692803,71369033,70368004,72806898,74419177,72828192,81140182,77771775,75945318,73568335,72219606,75560981,76621306,76285486,76583204,78095606,71483884,76026211,71978183,76386730,75073925,70657139,72565923,74559383,75988027,73711485,77586157,72461835,69944562,79200592,74786247,73863726,72043858,74493275,76299317,72386587,72110715,72928328,73543731,78550672,72569652,73501858,75456711,76067159,78686906,76765650,74705273,73691934,73264166,73083104,77945053,68619453,74546987,71330666,72079042,74149984,72270383,75890522,77652252,74421171,78284525,76624541,77524841,75255109,69771659,73290324,67011401,73353523,72545465,77176524,72968962,77212501,76960090,75603636,78700688,81175039,72326615
74020648,72514000,74387241,72700732,76615414,76959784,71651907,73149310,73041641,76432118,71200859,72367162,75157313,69229934,67454131,69071940,72174053,73110443,77747624,71739600,74350770,74333015,73696137,74108271,74011207,76917749,81660627,76984491,71581615,70600267,76683634,74771855,76399697,72079246,73506727,72991539,71471372,72871209,72097713,69289838,76703943,68994555,75871767,71388224,71695565,69887836,74617893,71412136,72329520,74535213,69264840,71665185,75375623,72973829,70114314,76831174,75189984,70073009,71371505,72760554,72947813,74909860,75226283,73185790,77230941,74405010,70178651,75999822,68416024,73840143,70595819,75151791,74773266,68440552,74400851,74111652,74507626,76000284,67243338,67953836,74817968,69284654,69891352,72648599,74496235,72382919,78538141,76491001,72721789,71368552,79610825,75482934,72390910,78749968,68488039,73826267,71923283,79512738,74233046,78146913,79313862,77477339,77351280,71014146,73353079,76604594,75848400,76813140,69708897,77635757,75763815,76952302,75603314,79148604,72666496,70809847,74931016,69764102,75644664,77136361,72771178,70691963,72723890,72600200,67043820,72006250,73194867,73615559,71495599,70527116,67745928,72771217,74672163,71691394,72675784,72953787,77759105,78999508,75163233,78533154,75495882,74319276,70456994,72742762,72852048,70100584,74357628,71932482,71061508,74630508,73112679,75278953,75157157,72884747,76542013,74659682,70272951,71167245,71671825,72951129,76167083,74466911,74621783,74428060,74547420,72347567,78326854,74373383,70098939,72658850,73034900,73592942,70784187,76048717,76080837,68224950,73372442,75100797,69830959,72418040,74129907,75955707,68868401,70748429,74953615,73188623,76293790,68037853,76004770,73524630,73076641,72777344,72461062,73209684,76660525,71334192,74763697,75906774,78597967,75171272,71658196,69129488,75518689,72802871,74457221,74333374,73906343,73597012,75832959,72540833,71660671,74071043,72703370,74762286,74524465,76396635,70510343,71076976,75275928,74126659,76510802,85115270,78982364,70830814,72826876,68310757,68560218,71539581,71241687,83475074,75007959,75701688,74148122,70350139,72712090,75638371,78556522,75975091,77191163,70852917,72490689,73096078,76430980,74131130,68116626,74680241,70501256,71893280,71371155,72450156,71877697,71746175,77648190,78004312,72085431,69446468,73963726,75700784,73784428,71297144,70208939,74168000,76004807,73791169,71110419,73438798,76677642,76320819,75952426,70788103,67983135,72953012,79409158,76462733,70526877,73423873,70879832,74264651,75128806,73557192,76587969,76096552,74793391,78154419,74555887,77701534,77089243,70464455,72336063,68120566,74263906,70883019,77043685,75907705,77631846,75543405,75254797,77494289,77971712,71018057
70982951,71750448,71959630,68682321,71877456,70454880,67417774,70872821,70882722,74531860,68782239,70860343,74028853,67525360,67590646,68079492,69521586,70363086,77941451,69893147,73758622,73271035,68602554,70865091,72977438,69664182,79048625,70906547,69635256,67077123,73766299,71742313,71649667,70855679,70427154,73793467,71878414,70873684,72588359,70019583,70666136,67961759,69242963,64782739,70025609,71889293,71844796,67220238,69277674,71144670,69783045,70178160,74125152,69561287,70893083,72565016,71585704,71495997,70902768,67694152,70822426,72648272,71229393,68084407,72156609,75083786,67940669,74486938,67663476,70721867,68112288,70895965,71033769,66079252,69365436,72408668,72102789,73130663,67801993,66247875,71714861,68679117,71052913,72835012,70914208,69279064,73398074,75320862,70838445,71682699,79469502,73833543,70536757,74892778,67114887,71586529,68468769,75692384,71495554,72745658,73827343,75765902,73176548,67621115,69846820,70389103,72119412,73192958,67853020,75829798,73830501,68676632,70269722,73797531,69429286,68384951,70608650,62605230,75427931,73341401,70714526,69575749,66503185,72051719,70391333,69520391,72838426,69463939,66481516,68491928,64508236,70273734,72307388,68914234,70011633,69111445,70355956,75279368,74976507,75478076,75293519,70017974,70555804,70306025,69618114,70689370,69232207,70851842,69012205,68565020,73699083,74664456,69927129,70950462,69812379,72376027,69395986,68986027,68626898,68656397,71806166,71585995,76187569,69027435,73009636,73260506,73051575,75932270,71572035,66880134,70206920,68603184,67996208,70611572,70821151,68346332,68333132,68670083,73186632,64966660,72551461,70959804,66517903,68794720,70596060,67264499,71584469,66790413,73354867,70655525,68206419,69104983,68810861,72432712,71148944,68357577,69301508,70775481,71697292,72038709,67932645,65636347,72622283,71110740,70027493,71729047,70448819,69717502,72240474,70442027,70391336,71563116,71152761,73103580,68408215,74293724,66149296,71535025,73365111,69030072,72621496,77040502,72511484,69346800,71539022,68447582,67698048,69846814,66978707,77776086,73616453,72155342,70742056,70048513,72636649,73561560,72419816,71777872,71493822,66774545,72478606,71614582,71850972,68725567,69918588,70758604,72239167,72012432,70453989,70199455,69011587,68393841,74451479,71741539,70217346,67500943,69350621,68772354,73646685,67819262,68657418,70993302,72944659,71839255,69409195,72216516,67482560,73766439,70369409,71016656,68984014,70458692,69699176,71192608,67016483,72729748,66149683,70255200,69421470,71926279,72019974,74472766,70952405,73695234,67424899,75379240,70018734,67263493,71315448,65262551,73251699,66218445,74457870,71296754,74192823,71720883,72453859,74725736,78661960,67429340
74226325,74172573,75393070,74644182,77372824,76880926,70604572,75137738,77248832,80016215,76045920,73685611,77125652,72155779,70772792,70431320,70557255,75702114,82784876,76219235,79836111,77549537,74342175,75709306,75135394,77166965,86393501,77095335,73099168,73571132,77137515,74854344,76786581,74498230,73046954,75747788,73796740,75644028,73269314,71765035,75565758,74197365,75493596,71006782,73032738,74600751,77930979,73875071,71313729,77802855,77634889,73670688,78252822,73119337,74552422,76027394,73829482,74929882,76990167,73368825,74846549,81118608,70473073,73229898,79440680,76931514,74688000,76371743,71270090,75859920,73520189,77839526,72543956,70109543,74097224,72926022,77966438,77679640,66100233,67396756,77583095,69938799,70929746,74067465,76327479,78092134,81488732,79486059,77640739,73891436,83629658,74644955,75666948,78493807,72249010,76316180,73863533,81065444,74396420,78765954,80322960,77846379,74660314,72714132,75586921,75310622,75483458,76165947,70969062,79778339,77031083,77606725,76492897,76882176,73303351,74878495,77247089,70062771,78475947,75947558,79350286,73524000,72388126,74189036,69674005,75051161,72128434,77089640,72231330,70912901,70439582,72005388,78101308,75561728,72018997,75249571,75156374,79010134,78072725,79151221,75389768,73235935,73919374,73851602,77441138,75333356,75267331,70492116,71561876,73259069,78293654,78503012,74812896,71967361,72376943,76939009,73650162,74007494,72174765,73294520,78466665,75486988,78393841,74909869,77542715,80297391,76302708,74573861,78329831,75348613,72752021,74202871,73975098,73187799,77102697,70396897,75122550,73704549,76763078,71630795,78763827,77953357,68307504,73226585,77184243,75449923,73891002,73379647,80848601,73709582,75853281,76697861,74803201,78416300,76554977,76408630,74996533,75575956,77355043,72978368,75452255,70905431,77797449,76316938,78018568,74623835,75777648,72634243,73916725,72646669,77026244,76037341,76826340,78379682,77920495,80575567,74090269,75098268,75485049,77815362,74623441,83983091,78171463,70176383,73915875,71012493,72852124,75188496,74235836,83192175,80435890,76129887,72847734,72744145,75565420,76025547,78603888,77503389,77909588,72287528,77990347,75383380,77332411,75492930,70052879,72618923,73744005,75564807,73648506,74805298,73487103,72600224,77603841,74761226,71517049,74051475,75594263,74146414,77389453,70647120,72467580,72843645,78134425,73452393,73783284,77519892,78646429,76244273,73826154,74488734,72689813,74305272,75708693,78795644,69641475,75955358,73513325,73472959,74567660,74801153,78290806,77358240,73890374,79213990,75170156,80136091,79009195,73416725,75754673,69865447,78057282,72423904,76389483,76241103,77254683,77220019,77468679,80585193,83558805,72786696
73612357,75504517,72207896,73674280,77237727,74022039,70056970,73229279,75005336,79261236,72815586,72068753,75553779,69280778,69733865,69891528,70104719,76059426,76062905,74338440,77621445,73519042,72808568,70959641,73269003,75168684,83790046,75842276,71575676,71339339,77743595,76002188,74524015,74184490,71165531,77028862,73331105,72912735,73506959,68978151,73040021,73312161,74304836,71558952,70742937,72053169,78014583,72003478,70421270,75246083,72348454,69932867,74040705,70739986,72205924,74922991,75314163,72918920,71280574,74331905,73083643,77612789,73097392,75152572,77862688,76758518,69704340,76533419,67535773,72336510,72054809,73286535,77159927,69218294,74088663,74108080,78784353,74666631,68537877,69812660,74903014,69488484,72681830,72778477,73904404,73283561,77986649,78026797,74536126,71516410,83043711,75306808,76862821,74816149,69952733,74674876,71053853,78994352,76538839,76618845,77911081,77899418,76840871,69850614,71713323,72016162,75224890,75704492,70919024,78787039,74115722,73672531,74212449,78219796,72041530,71240364,71212324,71006220,78598743,76449359,73293838,71116452,74057949,74705084,67774223,69363294,74200597,73429787,70325287,71488847,68391193,68548055,73449316,72076059,70983365,74200155,71437760,77265754,77878442,79054832,73496826,71615296,69705169,71816983,75227652,72493416,75470327,73555287,71493646,71688990,78002612,76865059,73878100,70102850,73515056,74318769,69764749,73526423,67318145,69403765,75671855,74971458,74359662,72116451,75840647,78287778,77193037,74429839,72786670,71126132,72755762,71814195,71522656,73332657,74635776,70474836,72601956,70326702,70324033,68581945,78231598,74784037,68936192,70995155,74951591,70880738,73198352,69782801,77277428,72848361,72066596,73022573,71707349,75088690,75153253,72015657,74820705,73737439,74590612,73501869,71936870,69415881,75571383,70626829,72235617,73403923,76291605,75197742,74320124,70268726,74994527,74362202,72576684,76671342,72978228,78262592,67993267,72316319,73911795,76220827,73738436,79204180,77400046,68429309,74258465,69360104,73705924,72378973,70647571,82035693,75643420,75836675,72837048,69118313,73307733,73631301,75002328,75225043,73100102,70641770,75916966,75477086,74474834,72792455,70194525,74028234,69982129,73555463,71550238,71120952,70997962,69835490,76548507,72850770,71813445,73149713,71079243,70507713,74943644,69919216,71119534,72361427,75562433,71061810,70239167,75407606,77031693,76157654,75589305,69259459,69871207,71204824,75801003,77987668,70118619,74022111,70861126,74891500,71799499,73684979,75522017,75181374,77453651,76952807,72547340,77279373,72753055,72466011,76796400,68859548,75175307,70329871,76220318,76267202,77200164,76252271,76742031,77852404,79280125,74680345
76653433,75776784,78726059,75866811,81058406,79712060,72889278,76860624,77209735,82442516,77808245,77226466,81073687,70907989,74245315,72840260,75723344,77863635,82713217,78499664,79988675,78264984,75090551,75142599,79139901,79616650,87328257,79933783,73764236,75429609,79582381,76872982,76830545,77370497,79706305,79262558,76971088,77831300,77829916,72303287,78038343,73808075,81130580,71463299,77220168,77445682,80875388,74766765,74173512,81637089,75315790,76077052,81464104,76491339,74266046,77161328,78516740,75916362,78564959,76560853,77296166,83612571,77351463,78053692,80537286,82247040,75763770,84089357,75399383,76247539,75823076,79604881,78659543,71403611,75503253,77104088,78181639,79456851,69369948,70075381,79629949,73454027,76137961,77332112,77833728,80938395,81433909,85923773,78460404,77266324,85572041,77125979,78303134,82414821,77345898,76562342,77872715,85021912,76499096,82148940,82327644,81106909,77602073,77885332,75338866,78170603,77372896,79064857,74828659,79262724,80350409,78039210,79306076,78687519,73008129,77161701,77385593,70679923,79819140,76698859,80733736,74804616,73427413,78333006,72752820,75858296,77307124,78900632,74067314,78886659,72854117,74587624,80108435,76726754,74639272,77852474,77240255,84125897,78920254,83798345,79029021,78638550,73853237,76962497,76848023,75979280,76092588,75088693,74235049,75338000,77868856,79925533,77281645,76086343,74713070,77666792,74417818,77563722,76460451,73638157,79449689,79642669,79383819,77668070,81988271,83236621,79374104,76077134,77376475,74629090,76625737,75756260,74036803,78353026,81023802,72725326,75935038,78319061,77090305,73593950,81102925,81015469,74530013,72621879,78470409,78269169,78338434,75498097,81877781,77892203,75768350,78088889,76126800,79960198,77211226,80528709,76314934,80386770,77435820,76401115,77865924,72024477,81301369,76881994,77485297,77696740,78538644,75992934,77536187,76212993,75066795,80090022,76536305,79548037,78996909,80197172,72983730,78128594,81878371,78744323,80026447,86678359,84027705,74286983,76391056,73709388,75629987,76914572,75069666,83766697,81388706,79231789,76630403,77814716,79290181,83773055,80175051,79151438,79326016,75365419,79296304,79573897,79278637,80061628,73551881,76961671,75128763,75250963,74318409,81265007,72609340,73587376,82647865,81356435,72381360,75628670,79295409,78310339,78392165,74390703,72896817,76812227,81837981,77517758,75881492,78042464,75742134,80133686,78988858,76186693,72784027,76911386,79864451,81073259,71454557,76789496,72946354,76677244,76818030,75037361,80913426,80909207,75777748,83474400,77793763,80234622,77864190,74987309,75732511,71932005,79659053,75888539,81130466,78611716,78461357,80979410,78653690,78524782,86804468,75749432
79596564,75708212,78293463,76198035,77889776,79828284,75877789,75737256,80474511,82394656,75965321,78970281,79746298,73159781,75210471,71539886,73937191,77522168,82206336,77215359,80375082,79539120,77257264,76369397,79084077,82747985,87486421,80049730,77039136,74351945,80203730,78531039,77538899,79548308,77636422,78577459,78691232,79161398,75323035,71606078,76996481,74558186,77144035,73333668,76521101,75463369,78794938,76404939,74928939,78214711,75323036,74902042,77205497,75110716,77876215,77995219,77253372,75780422,80128110,76389300,77204531,85193230,73215355,76308841,80642968,78964212,75060268,80142178,71332503,78207772,73878048,79635941,78211558,71025123,76158485,78769778,80257135,79334145,68744130,71973148,79363012,73144290,78121068,79063286,76854131,77319739,85099606,81630242,78273679,76059487,85270295,80052983,76446342,80697611,75662904,78944377,77214782,81803220,77149858,81072869,82030175,83536655,79404681,73629397,74809915,76835184,82445133,76761663,75580960,84870608,76279442,78304523,81058525,78423726,74282083,76762049,77632326,74608450,81223479,79168599,80430170,74276439,78322922,78686332,72618346,77415088,76996545,77249732,75301790,76248443,72541410,74187524,78304823,75096650,72218010,78198473,77882773,83114603,82349954,83673893,78911459,79245375,78576147,76930923,80473346,73710433,77333518,75147300,75432560,74993414,82371596,79112266,79168325,74235446,79369274,78739195,75814687,76324936,74880124,73001226,79714126,79201240,77490550,79996564,78646981,81771902,80205323,75146486,80649483,74410449,78578557,77050099,73726614,79066719,80198413,73267920,76296772,77244105,75227783,74913729,80261865,79145943,71657377,73005577,79345961,78895071,80642949,75426311,85051311,74859199,76118685,78629550,78046627,76888807,79354180,78396196,77500093,79791474,77752613,78676789,77931411,74798242,82538937,79025474,78011687,75401247,79938916,78730187,77847657,77401507,79625310,74290787,78189577,82190773,79943370,81496810,70895201,79458177,83160129,79766272,78612679,85267405,82490287,73779363,78221744,72908627,76573132,76550197,73972819,84629703,81419806,83507249,73673490,77630159,77906699,78915886,81526610,78439994,80853899,75436851,76459617,77391650,77210059,77815096,73969481,75872195,81384500,77896847,75560574,78167338,74049489,73157088,81421564,78664664,75337991,74962298,77224419,75731791,79541321,72788178,72873894,75647249,78236674,77968893,75978913,80990665,78813605,79682583,77742718,77100849,75120078,75206303,80055332,82719233,73847479,80252375,74927289,75400561,78658934,75547366,77990675,79176861,76744771,79528269,76953995,82082261,77154539,77151304,77555846,71672424,79599435,78231667,80856886,79081676,79711486,81844429,78630870,82053948,84636346,75264750
78315377,76839003,79266838,76483018,82413842,78332886,76705330,78303379,77383204,82932039,79423126,77060201,79999547,74553668,77492964,75366591,71377280,79685432,84436274,78242096,81620874,76652899,78751298,76290798,79445627,79390338,88494351,80941263,74788652,73956794,81377318,76897717,77395731,77561338,75996049,81032665,78588331,77254635,76099565,74050837,79214710,76632825,80325986,75049728,77082764,77161329,82003924,76352956,74197494,80046137,78459288,75477649,79767453,77115850,77217657,80382021,80908106,79938174,79485566,78380275,78831969,83556093,75932044,76333756,82319005,79178515,77690778,80757029,74084156,77093832,76775745,79128028,79016800,74333709,77200162,78693034,79937043,83276945,73032098,71795234,82244420,74407985,73789379,79742093,78256277,78130807,83313436,85942607,79559524,77368518,86005349,81858654,77180153,81070946,75523657,78624128,78087036,83194519,78922872,84560881,81692717,83096196,78850044,76804915,75655389,79118161,81346291,80467740,78840599,83244470,78926554,74959696,81804504,79684474,76824669,76809557,80569452,71528215,82105678,81385354,79744419,74934843,78351124,78263394,75510575,73663899,79365254,78568793,73047846,77014610,75811627,73602212,78110277,75199917,76883726,80132297,73727298,83598138,81575958,80815503,77979671,79492272,77282109,77787468,77291531,77500190,78395893,78981119,74920939,77131572,79913558,81945118,79001263,74948346,80832960,79704453,76623886,73654289,74662510,74968181,78947849,81784370,77774247,76956793,83760165,83013976,81274879,80903855,79669492,74559763,77825673,76438403,74590248,78088286,78653380,75452370,77833754,77031168,77625286,74530677,81734045,82336666,71764372,75870221,78016306,76311155,78368617,74452234,83971628,75302221,79790149,78770065,77720226,82845670,79024488,81606624,80781490,79879126,77890377,76762175,74985643,73133126,80388385,78737536,79568803,79729999,79463960,78847658,78696453,76938786,77616145,79003627,79081156,78762572,77947411,81884803,72092317,81204403,83322586,76777992,78506628,86664373,82162126,73964321,76363006,72845077,75523081,75719260,73683703,88319324,83131327,80112898,78655050,78304203,78427318,81528170,80823416,76845218,79615781,72533684,79289069,78862450,81572610,78884040,77851207,79833600,74993146,80635960,75281555,78973246,76924479,73465306,83290951,79621782,75493511,76491385,75743517,78579612,79808953,76654056,74595658,79714978,81636907,75023720,73911573,81924739,76729377,81302831,76865829,76060291,75396703,80444897,78219704,83594869,73998729,77310866,73858225,77070054,77381601,77404389,80825638,82982076,81059588,84899561,76482940,83653565,80317966,75938123,78853066,72329118,77893323,74763046,82918105,81683444,80904899,82384346,79833079,80824627,84816007,77257910
69450946,71120247,70147721,67122873,71519289,73235461,68674655,70361913,71495829,75720452,70891729,68078538,72050680,67581994,68907448,66583354,66415644,71431104,73654294,68125690,75403926,74758915,69800866,71054804,72221002,72973340,76236133,70594888,67945484,67119254,75013604,72078891,70336616,67722515,71161139,67905687,72173055,74012681,70305941,70187721,73043744,68447375,69739201,68710892,69888493,69177575,73518716,70126373,69185569,72359760,72734348,73419083,73859486,68871145,67883207,73172346,73822886,69388268,74213773,68721972,71749875,76003971,70625099,68322129,72649508,70895295,68473036,72787696,65725424,68958499,68032735,73536301,71484026,65374606,68821227,70126370,73293188,74034765,63564600,65463101,72279394,68028082,69721327,74846140,69221766,73021763,75036556,76489894,70173753,73553034,81523018,72913649,73218190,76932664,68565915,70643372,71610934,74959032,70465247,71646946,75650398,74183987,72477160,70736731,71376983,70249828,74580108,74380945,70497969,75493968,73436469,73305568,74338292,69637507,64081983,69095571,73866902,66739272,73376164,73881839,74966307,69588086,67227823,70444077,66140334,73024347,70902905,69286308,69400841,69430562,65798752,70076405,73197365,69683666,69453736,70482329,72104812,72389420,72504028,77210647,71134438,70120306,68539487,70499230,73470909,69168078,68990813,68020740,68751521,67677254,76813734,75082064,71898323,69260475,71022400,72604993,69203697,70671442,69872641,67219855,72456476,72840177,74168058,71904807,75020402,70507535,74802273,71468286,68874826,67232255,71181914,70005160,69759821,72256223,74589531,67918956,68724970,70812997,73489063,69159449,70841451,73372412,66030360,66175084,70236551,71938281,71749291,64924284,76317281,70933956,70352055,70497107,70074696,73735364,76142267,71579032,72499427,72146425,71561898,70942341,70344417,66779110,73322434,71032437,72423761,72321381,72843439,66617838,70257738,71964114,68869434,72334489,72116309,70340606,72922789,76168174,62895719,71247632,73148975,72125256,73599868,77151326,73824045,68875330,69238862,69356563,67300725,68590427,71607126,79580944,74472895,72775792,69461501,69654760,71207332,73844945,74433736,71675399,74562509,68249721,74942544,70367325,71902372,72789148,69439636,69056966,71493691,69314627,70863759,72378752,66889138,68016902,74947152,70172273,68275361,68161630,69256858,71422286,70195194,70683211,66216988,70524878,75083305,69835132,67676601,73383756,73190443,71957821,73700908,68929537,70451427,72046653,72887565,74803940,67139452,71996689,65229577,70858762,69522544,67944262,69653717,72318069,71822738,74282910,69661392,70623478,72601251,67397823,70184414,62577774,71897655,69326952,73451313,71301339,75840793,75756843,75518925,74857691,76394956,67206079
74537213,73069900,76961596,73949631,78141680,77247251,73001734,74330508,75506294,77895332,74186515,74658033,77304972,71363126,73350839,70122971,71382191,77730982,79227957,75124624,79528535,76561477,75036770,78853416,75292061,77173210,85543596,74848731,72883679,72227751,78601146,76377115,76774255,72050475,77740950,76469088,74478221,73225880,72991090,71921285,75968898,75449727,77410874,71251507,74077522,73380604,76329038,73348497,71955030,77450257,75420460,73194368,80008111,76123648,71595223,77241601,77629453,72596045,76440341,74496251,75870447,78699949,74291883,75252985,76383460,76175636,73449747,78318061,70297838,75759872,72074409,77636310,76985852,70552641,77670454,76911682,78133259,79372377,67874894,70780386,79891901,73041215,77285851,75339049,72938112,75344686,78117176,80440092,77773856,75352999,81245780,76379469,77758165,80888316,71677684,76806863,71906914,78891183,76164328,77653087,76486440,80382041,74941992,73856293,74300799,73907079,78081290,78678436,75080206,76159702,77115581,76680102,73413742,77193147,70348736,74564219,74953115,73443969,81196931,78016033,76798870,72099180,73464443,76198239,72234429,73792197,74710071,73849400,72933242,72464765,72152736,72197230,78894661,74085465,73521188,71280632,77031839,79917830,81892041,80639367,76131921,72771582,73785981,77052306,73138939,76008041,77321284,72150815,73525425,71255260,78606703,77951041,74500366,71027051,76281621,78348601,73384843,74892603,71629962,74093876,76658717,76944052,76596500,74763353,78451154,75398886,78968079,76205019,76426927,75048195,76344923,74961716,73512865,75239604,77904487,71912341,73358126,71571567,75234138,72322622,78012492,79284153,68581053,73206714,75968508,77655403,74266149,74732069,77910738,74471766,76574704,75485168,75054555,75664863,79547535,74051011,75609997,77518395,76259091,76989642,72300360,70440527,80732150,74966168,78145391,75096311,75528544,75232269,74654371,75071303,76441552,74589809,76071548,76881496,76520124,81041134,73552591,75371277,78137743,76570742,76935005,80639373,81645454,73033208,74334115,71783162,73306829,72998037,74486704,83355261,81611741,79277611,75195191,72704154,75107769,77207782,78001699,77792346,74712382,73671045,78350375,76697270,76700862,73355345,72493024,75324127,74255921,74047199,75604782,75836928,74624650,75555625,79817609,76481640,73796244,70187214,74349214,74777345,76945316,71768260,74427285,72853586,79983964,74094356,73665233,77133873,77281141,76361524,76321616,77669226,75279443,72976070,79189180,78799777,70196692,77805265,71716617,76075379,74491334,73169146,75818718,75279831,75617994,81185838,76103045,78987748,77588198,73051147,74723848,69132526,76908773,72002382,79056594,77578908,78807283,78319722,76174476,77391387,82071598,72618724
75167488,74810810,75695996,75407887,79666041,78260278,77259910,74004014,77021629,79864114,72321400,73807608,78071096,72060253,72586066,73699291,69602058,77559443,77838388,74129851,79630933,76435395,76425315,76854069,74591064,76321053,87353343,74305237,74920237,73479394,78148683,76365685,78721157,74339655,74955608,77321359,74303675,75415897,77044682,72757439,77648135,75278419,76325193,74816615,73953633,73556363,78619725,73957252,72254659,80177600,77071189,73124952,78683857,74419966,79170655,75425984,75677596,72793854,76786296,76746636,78620549,80923585,73571872,73993377,79316641,77758935,71293217,79599407,70225543,77275816,72744935,77392783,80492424,71683754,77644397,73850720,78952509,82106177,67968493,69077682,79211899,72927111,78035746,77789499,75027231,77427334,81014928,80744616,78022945,74783567,83769686,77903762,78720822,81972238,72872678,76800125,74969468,82696061,76581312,78834902,81271388,80416442,77558116,76460537,75906357,74554373,78145913,77796747,74664049,77800988,77838443,78918956,76135554,77178809,73293080,73506225,77360540,72728217,78958142,79309435,78843788,72876342,75271635,77726514,72078784,78234554,76871861,76672691,72979802,75296189,70078279,71971134,78096954,74585774,72200425,77546548,77431067,80371651,77553066,80542035,77568140,73906269,70657305,74926161,76935630,72964519,78125906,75409624,74666328,75029904,77649123,78190717,73238960,73246064,75862326,79397546,72524779,74477374,75089863,74606881,77297151,75294306,76155163,74350347,78933569,81260975,82701501,78023672,75921290,72093555,75262062,75468118,69112166,76933434,76240532,72813742,77995202,73852408,76619673,72920526,76940029,78598217,70864981,72473220,77027615,77142223,78690133,72685930,79273607,75695551,75852697,76713640,73834752,77887049,77004064,77663921,73987266,77768406,76518933,74145357,77524137,71610219,76655453,77538719,75817486,75299138,73632135,74968180,75339303,73417984,73579611,75795259,76531199,76959797,76981081,80108029,74927263,73884371,78657364,79434797,78274913,86285719,79246437,70631684,74789683,73148550,73326900,75178822,71180378,83994841,76608222,77189250,73938538,75483464,74423598,77295239,80815116,76643130,79103270,72139850,76429509,78654839,78611474,75050132,70973313,75035520,73258061,74439638,74872446,75676490,74157634,74742868,76654700,80612667,75775947,73278134,79673286,73983843,77960980,74281194,72573101,73533937,80935441,72380509,71834850,77962392,78186770,77417226,76255566,74945761,71862947,74698851,77759158,81012656,71795420,76966443,76374899,77348674,78630308,73994688,77874913,77434169,77388589,80746947,78987991,78807560,77857638,76119280,76407031,69145647,74880143,71880752,79434028,77061966,80234086,78898169,78141267,80751734,87580270,73483104
73038466,71434646,70213524,71660652,73906740,72843698,70929585,72283909,73606003,74183458,68618183,68740334,71639197,69526771,65638570,67376597,67944874,71700813,76053717,72575333,75022923,71735860,68450862,69652301,71707346,75215673,80375342,72309458,71503846,68951169,73761310,71822811,74338973,69347966,71299374,73352404,70659860,74147984,70363923,71671155,72754855,69664339,71574449,70270817,71841232,69815111,74149790,68696922,69306110,74354314,70246153,68876749,76061152,71244022,71707407,73799029,71542043,70979065,72714015,70912343,71743090,76059965,68950459,69296078,75048211,73707888,69725740,76346219,66339565,75159563,68590130,73068633,74440554,68037659,69671033,71221258,73508158,70735433,64218846,66464263,76595660,69296789,73382198,74973462,73602793,72346134,78543772,76469841,72306249,72003035,78449293,73425806,69570685,74985657,68065293,72615277,70211025,75831690,70507353,75157905,74331688,74320887,72123285,68534797,71406884,72013728,70758889,72061563,70054056,75562813,73482019,71096926,73133298,73030785,69716584,70772034,71658125,68783579,75840248,74811768,72124531,66827469,70814634,73306490,66543556,69842596,73158979,72091331,70204526,71909266,67716494,66985881,72955267,69024194,68045425,71384714,71786365,75476618,72639314,76035724,71028067,70499323,69668501,69130951,75356233,71182337,72520334,69952751,70697825,71784636,77391410,75144222,71978171,68296898,72313580,75077839,69533512,70791241,69049111,68227073,72624711,72474911,74497416,69070404,72480997,74247464,74367131,72224802,71067119,68594302,71704918,70236902,69220417,75255600,74370618,68521624,73357121,70842422,72490623,69377643,72986970,74194767,68334292,67431844,71708949,71195714,76343439,67440432,73169794,71587146,72714056,72342965,73056338,73391821,72113910,71176555,73470375,72397862,73057192,72485711,70619335,71714812,73754435,71416045,72899407,73882066,74009856,71974677,71664803,70019280,70967030,72449225,71121971,71660724,71910675,72715559,69942870,70053718,73689796,76898711,71575663,81264880,78240951,67124204,69983315,69599101,69330618,70965236,69183932,80237715,74364118,73257007,71191257,70126598,69591783,72026985,73020325,69728763,74181815,68455646,70425510,74830060,71683959,73795270,69654571,71095402,72791405,68204246,69093839,73828699,70105520,68882294,75830800,73320730,71399362,68633657,72553698,71856360,69921873,66870364,68917929,68717770,74735707,70656868,70957573,73019942,70570951,73215072,71426514,68917249,67987224,70672057,69628216,73998035,70408829,71388381,67420435,70180143,72504546,68950292,73994877,71988467,68343418,76921552,72009074,74775518,74188247,69474354,71761598,65913839,69937307,67945022,77936097,72002968,74088703,72567666,72573516,77929986,79443684,69846292
71714013,70799695,72365395,70329969,74261307,71500891,70743570,73678436,75826888,76649549,72594945,73137224,73048841,70790005,66332154,70759421,67068520,70769383,74456679,68313377,73889895,73438075,71310566,69773815,72748360,73871932,84698561,73193614,72396612,69715474,76211237,72645447,73267829,69917764,72510219,73695052,70347048,71073234,72698647,69175226,71498587,66941045,75671427,68967470,71471968,71259277,75849503,70426514,68707501,72127107,72256199,70200356,75074092,73474785,70960954,71893620,76923961,71068157,74153265,70765110,73719423,76159019,71050828,71007510,74247742,75397691,68710123,76495264,67846238,75891879,70259225,75012636,77511022,68134338,74055566,71862800,73951323,76834047,65748354,68562837,76217960,69091092,71956613,72646335,75811460,74088320,77176472,77268833,70564622,74699294,81918748,73614623,70255001,78039787,69389578,74086698,71738000,75202563,72033165,75868718,77698288,74663906,72751250,68876343,73229387,71142301,74560042,74651469,68777898,75732725,73908034,71830664,73536774,73620119,69660947,70077088,76129490,68347408,73364348,73410572,73202345,71317834,69341605,75398501,69086168,74835850,73406444,74145762,68933388,69873584,70274876,70023944,72569854,73134112,70359451,71409217,70858268,77532404,75960561,77110426,74785783,69083647,69864286,72911366,73377028,73713767,70787734,70162070,68123068,69573863,74520327,73387223,70223791,72960391,74417512,76891840,70169960,67096663,69843640,74012651,74039688,73825971,74237696,71866385,74231001,76655829,74105196,71301210,72742996,71424972,74137892,69746858,68690978,74651432,75505000,70196489,71346222,73027053,71940997,68733768,76431925,75807454,67416176,70904332,71946932,73348536,71880025,67932639,75420892,72300907,73980970,72888071,72656477,72043487,74317821,71741822,73533707,75382913,72304699,73193053,69948823,69506718,75403331,73984053,76546795,72515583,71322090,70151606,71552343,71298281,71886201,71461641,74631967,72610744,70694532,76008394,67614145,73312428,71127450,74113652,74717635,78350708,78875029,71130120,70133231,67507734,70018728,70359597,67719633,78368945,75779830,73307635,72229680,69125457,72538744,77300576,78090161,75267324,75998016,70235530,74417632,72726791,73887799,72058482,69179705,72768377,70029417,72110128,72350097,69738286,71301584,72035834,76571864,74964177,70593292,71258872,70716150,74677163,72626714,67138264,69193395,72033760,73755263,71324436,70900697,74865729,72740957,75045424,73352406,71932502,70428832,70906745,73007150,76419866,67962521,74894154,71393305,71006999,73061332,71421171,73815650,73178289,69941647,75791457,70832152,76509619,72168065,70070240,72281803,66327529,72868864,70528413,73376937,74416056,76043730,73154620,75089373,77312471,81373010,68816120
72683837,72690260,71374459,70932085,73713033,74281945,71496485,73064897,74031155,76244845,69480601,68895966,74166213,69405709,68049894,67927730,70264580,70646155,77497132,71132742,76216075,74279044,71183431,72369242,71219015,73602867,80777843,74287366,74055819,68141547,76404418,73461076,71122923,70658719,69810697,74559938,72025115,71479243,72627372,70383702,75973195,68844094,74545786,71431032,72649311,69855279,76230616,72593725,70499971,72412837,70544536,70704071,74869111,69726698,71182124,72895127,73921438,72221689,71777331,71353760,72178604,75557014,71329926,67713023,76418111,74977327,72538126,72840090,65414034,72928071,70655800,73682704,71422197,69343446,75315328,71467061,76699339,73628830,67706005,65557204,75485825,71257980,71284561,73106698,76273914,73786127,77115431,77131002,72237719,70920433,78997076,74284500,73800693,74605422,70625217,75189769,70188391,78481528,72529752,76137275,76241489,75471355,72698455,68032725,73334324,73406752,72887137,72539309,68877212,76665184,72550170,75059446,75257579,75596237,73535827,73244597,73938563,67937062,76196461,77161473,74221287,66883311,70430595,71898634,67918598,72221520,73952572,73488106,66302455,68289117,66658367,70424709,74945992,69748293,68627503,70751483,74198846,76245156,72098106,78670513,71945822,72261988,70241517,72609235,74623665,71010506,72469231,73794720,71671237,73017253,77807355,74812829,69282263,71258502,76707048,76431555,70985693,70331195,70125069,70289589,73228209,75151619,75113291,72149501,72429234,74814837,76898340,74506090,74028476,69664752,71352308,72146445,70143833,73830522,74573813,69629603,71704279,72556612,71373473,70015810,71152684,77114881,66248920,68712273,71449261,73202281,75201191,69709079,77374339,73062686,73135680,74123215,73813063,74293814,73895092,70812938,74584917,74409053,76225621,72338575,72551917,68323724,74164949,72340600,75004183,72206392,72864029,70141619,72075931,70749707,71751228,71096525,72573139,75390641,72775579,76208228,70286464,68228786,74898751,73125016,75629510,80485192,77341891,70230165,72148613,71458014,70097216,69694259,68627859,82051136,73398321,76036285,73661128,72884992,70279876,73057762,74955689,73520714,72964442,69000769,72384139,73822983,72937862,73529581,71247688,71639036,73378143,72204861,70910992,72800393,71494133,71743862,76126846,74405265,73214480,71223890,73880500,73203665,76123967,68100506,68054469,74656969,75510342,71417402,70159223,73917767,74774954,74250891,72963985,69747633,70735951,74302769,74063399,75490346,68885215,71445621,70163205,73006385,73599109,70837891,72988506,76559711,72296883,75504288,72045178,75754113,75666323,70450422,69940903,68213906,73199316,70742626,76710404,72350069,74316784,74744567,73117369,75731235,80117216,70777294
71404549,70665356,75112913,71884483,74685190,74686019,69786514,71913440,74372149,75759259,68881257,70127034,75040985,68528091,69101112,68331078,70003269,73566172,75595820,69749389,76992396,73299251,72226126,68782666,73791309,72194533,80508884,73655397,71552329,69160666,73564284,69844115,72682811,70177683,72319929,73680252,72575839,71941906,73488584,68278793,74951884,70298004,75679293,66807926,72611984,70656298,77310740,70837804,69960143,74797159,73862576,70720546,73753211,72664231,72968857,73265058,74000992,70161169,74245027,71211898,72262831,74991845,71279390,72452079,75258866,75953479,70549919,74091464,67126029,73124365,69301776,73466674,73206213,68378889,72227044,68694161,74445439,71885316,66779207,66578928,74362182,68191216,68904241,74630053,73090341,72443925,77293049,76153246,73977483,71209516,78424806,72493077,74079462,75302239,70188181,74013472,71624252,80093715,72677534,77118822,76131514,77281228,72502713,68587248,73586901,71585243,72950385,74503406,72260941,74237989,75673337,74217314,74012321,74990130,68985382,69037591,72247150,68060756,77881620,74152438,70911185,72073917,71809236,73076314,68252882,68944630,71064844,71004172,70456518,72776079,66166832,69334423,76352789,70859882,68699703,72962840,73236195,79241515,70932328,76167866,74538959,71929160,71137221,72953957,70859060,72612890,75124787,72672795,69609101,68981079,73930614,75359173,73928305,71984411,73871040,72460338,72311416,68483607,72476785,70772599,73933297,72263541,72785539,71476903,75386936,76146026,76053618,73574211,72069292,68026041,72635896,71769718,66859156,73995626,75641918,66363105,71042363,72804879,74280927,71644859,72840458,73444981,66506137,70086550,72272677,71925084,73415223,68634200,71895217,70867901,73310147,72328057,70257952,74209281,74576855,72117755,73088972,73492978,73386887,72072011,73369489,69438245,73418328,70830844,73157706,73540793,73131879,72609865,70733969,71289342,74142572,68535560,71127272,74091123,72746213,76248274,71511322,73094066,73608162,72026380,73135051,83152001,79478674,68139826,71087749,67468811,69698273,72393813,67579282,79445992,76484740,72684113,71954329,70754221,70594654,74578691,75746745,73037735,75344849,69245618,74178852,72296811,72820745,73463826,70221094,71186607,72230298,73013311,72631451,75614020,72861282,70847229,73955871,74814787,68764680,71231541,74061625,69706798,71569072,71653840,68617689,70649680,75387641,70462112,70156696,73988810,73270120,74254235,72634962,73115522,68499838,70508245,73411089,72432857,69471084,74642978,70660362,73242113,75973681,70319610,73681572,76544241,72355642,78671676,72219176,77828774,76466140,70846328,73899074,67816505,71057331,72118280,76772023,72472033,75717365,73919819,72558421,74980999,79131088,67969780
74120619,74464313,74905074,72635727,75354224,73758428,71323545,75591634,78587863,76268274,74830821,75179374,79181385,74010647,70296100,70278874,70197139,74669408,77655953,74277510,78498031,77796541,75094673,71291839,74585181,76072051,87070871,75057556,73085930,71383870,77448711,72865593,77600326,73248919,74902030,76722346,76027186,78674385,72133442,71310018,76752362,71392937,76742248,72164628,73354268,72141218,75081991,73069223,70556423,75513411,74383391,72826084,76914777,70471468,75843279,77064159,76655879,71175628,76372821,74700295,74700539,81209918,72264235,74091385,77467451,75303901,73122282,78845494,70520483,77433344,72370736,74875015,76044900,69519277,74321465,72682745,76490190,79580034,67372090,68374168,80313447,73032359,74083089,78345227,76206262,78060811,80247379,76918588,78461725,77676684,82433536,76616896,75178533,81005062,69104454,78998285,71012292,80200816,73714184,77993807,75392526,81910040,76964451,73216863,73751090,73715164,75572149,74896150,72999387,78899333,78191269,72294393,77235323,76519187,72824837,74056510,76387326,67925897,78919288,79985279,75917471,74823692,70833628,77053300,73534947,72713476,74506211,76121487,71927317,73849780,69727899,70938023,77132778,75063244,71262528,72504818,74375240,80348912,78147589,77987173,76813908,74835061,74941883,74208276,78255373,73539693,76480086,72143012,71455242,74444415,76987443,79663849,72618225,73654015,74296989,78774361,72914425,72436976,70026043,71539255,75801271,79996899,77589727,73040540,77365572,76826708,79349651,75183712,76041588,70477677,73413811,74595261,72000894,74955458,77696522,70850647,76207726,74302746,76602033,71114177,74679364,79822562,68203184,73265385,73818216,74055342,73831077,70830676,79236793,76346179,74567925,75015490,73498289,76441651,75714158,74715239,76344959,75366955,75328147,74841702,72675616,70691412,75715948,74712037,76117853,72734485,75825693,73196155,73966890,73869599,72041591,72851766,77574723,76652832,73505256,74968726,67768026,74464407,78385957,77766043,74822887,85904441,79160128,70829905,72964315,71746169,74057551,72718668,71103401,82914588,78508012,77879298,72878450,73150606,75178927,74408207,75109811,75989555,78936100,72645461,74862675,75525496,76558628,74959876,74559750,75098817,76240644,72336502,72332440,73925388,72742776,72443145,80122532,74010552,71774687,71455903,74944036,76426942,73844381,73449564,71506150,74200963,78170498,70334683,70630023,77973755,74104986,77735394,75203254,73577739,73092248,74627759,75745784,80940062,71075654,75038893,73512665,75591807,76239477,70945307,77299570,76824439,74301631,79043623,75919550,78899219,77943699,72690112,75437310,67015093,74781084,73881711,81188924,72574135,79801992,77713042,75975428,78220112,85379165,72180631
77998187,77033413,76773373,79733493,80367023,80605247,73637568,76044343,80442312,81057838,74387736,75046189,77708845,74971419,76132745,75855783,77106722,78157328,84323390,77421980,80046599,78349652,77429624,77290538,78897910,78774047,84329400,79797711,75407060,74976795,83138773,78403019,79027331,75563825,76658704,79180350,73276692,77463088,76688234,73021312,78015373,73927823,78737904,74336159,75914992,76775158,77836524,73302729,73214542,80016009,76055554,75324502,81436055,77654373,76551124,78424349,79753344,74918357,75745304,75420586,77914569,82428537,75135279,76458851,82579488,76260163,76665562,82059235,72964880,80163524,74366058,81297109,79099478,75235876,77975617,74715561,81202037,78455145,68851988,71333390,80656442,72447251,75983357,79479469,76315812,77523419,83130008,80873137,75620539,77612841,88347035,79439778,78416248,80899773,73711383,80933445,74556720,83904599,77401898,81296289,85866984,82522790,74956613,73390416,77452445,77390228,79504444,77285283,74098076,80438655,80329057,78462110,74977462,77963955,74447060,76598627,78400543,75520419,81311233,80085634,75920393,75194496,81187655,77605830,72071862,78463930,75633610,78603090,74586341,75453339,70583422,71482426,79204642,77272218,73784040,76870682,78531358,80957726,80086573,83394937,80484030,74018841,74641835,77862228,76837331,76225437,79224157,74994900,73329348,74490973,80146080,83387209,74957742,75238389,76556108,79839059,73229316,79158871,76390131,76282327,79262693,81077983,78858992,75955222,80238999,81387936,80824066,76383285,79686950,78714418,78208885,75689637,71270513,79658451,81517924,74226705,76546176,75011936,77216589,72845959,80535721,81025483,72218466,76929784,77509889,77232776,78720076,73174273,81463834,77227452,78130217,77885023,73970975,79717601,79865655,75338811,77967358,79048045,78912306,80726255,77429905,71983180,80857937,77736312,78546347,77419328,76601784,76668844,74948057,75374920,79960368,79644145,78882418,80514987,78733779,82850011,72794171,73951558,77266499,76114649,79990241,83755635,80182598,72881031,74964806,76681554,78427006,73110812,75596000,85844912,82692261,80896586,76630527,76654986,79954328,79038767,80957368,81107413,81178334,74008691,76281064,80291392,77452311,79904766,76147613,76870790,76764537,75608002,74723743,77803349,76343893,76223764,80591057,79822598,74226750,72830773,78043579,74829960,78859761,74703370,72877764,78041073,80695134,76005001,76264282,77404207,77346775,82094210,77412292,74840090,72996205,76386546,80038997,80143723,72356799,79041053,72009437,78133741,75307114,74720915,78232950,79067428,80073825,82148585,76137150,81034798,77572513,78048047,78019443,69614569,78715717,75899590,79326223,79068847,79625992,79940547,78209439,80946433,82901524,73575444
78610543,82865613,79592637,75627248,80337995,81030164,77572079,79275947,80355601,84201838,76693299,78936993,80510737,75531260,73629833,75595876,76798215,78819238,81489243,79796565,79585906,80688556,78772171,79372980,78708075,80668589,88680510,79517122,76245772,73987079,79963542,78461526,79111360,79947852,78148558,79662080,78588167,81213418,77404553,74377919,79594446,75923737,80680114,76093877,77205588,79247364,80259769,74776579,74712949,80250643,77488480,77362313,80845539,76217309,77061577,78878022,78013875,74616114,81367045,79542888,78804164,85229869,78127271,76084912,81932558,78422496,78177043,82116142,73189805,77513327,75474293,81180148,78333444,71632687,78349394,77266478,80256449,81991963,69947307,73727523,81145842,72749395,76769208,79625821,80279806,78884763,82929810,81705396,79094507,79072030,88237311,79659533,79107078,81571274,75419071,82731361,80272791,82168659,79801153,83160019,86107895,83951539,81813056,76318017,79634706,78049182,80984371,78152526,77983735,81449988,81942101,78212760,79910123,78709776,75700302,77572903,82264398,73701884,78816244,79655855,82471002,74793051,76260268,80603626,71729920,76460628,77511344,79606315,78064342,77822957,72315107,75975231,80854021,78128535,77596268,77561645,78327697,82254121,80359462,84759643,79651150,79588354,77895132,75394780,79924309,78736085,79635694,78224178,74426170,75588003,81076216,81656355,79679511,74487656,80858148,78878246,78697450,74603616,76710306,74355813,81985244,78299427,81267846,77802159,82195081,82332930,80402905,79263432,77015139,77412954,78060694,77763638,77204125,79650262,80895917,74524428,78249471,78312772,78894143,76491415,80167098,80229666,70118557,74447809,77201337,79197739,79492206,74824479,84784689,77121965,81496989,80187960,77059220,79475050,78744186,78790983,80197631,79380816,78763954,77345972,79322884,73840390,84031805,79697928,81551829,75790318,81377898,79319444,78032980,78165675,78243871,77842422,76620117,81632015,80534644,83437414,72576240,77949666,78686523,81848178,79176392,86419489,84861685,75934927,77201776,75578745,76288503,76322279,73894530,86757513,81812082,81121031,79865495,75420816,79040358,82221837,79439035,76377320,81406779,76081124,81236368,77558876,81398009,79854427,77695922,77382807,79029237,75936821,75427242,80667936,72703501,76391597,85747707,79540182,77170309,73594771,80441830,81294095,78562551,75685538,76233424,75653106,85055102,74900365,76361654,79784892,81971831,80316372,77633991,74913961,74787335,80963312,78160419,82140275,73839981,77989770,74888273,76057012,76622680,78946268,81698081,81171189,79201159,82382754,78857311,82571959,80592279,74425003,79392192,72915629,79018668,75568701,82353444,78520995,79839052,81882051,80048240,80040132,88164864,71851137
75570313,72457988,73958614,67463171,75599200,74954902,74554928,74418628,76037941,77939467,70717821,73370273,77269213,69845756,70449847,73338553,70916765,76745466,79265934,67817236,75694562,74736499,71668076,74042434,74392609,74867428,84433665,74436414,72232129,71236771,78528372,74277576,73469285,74367879,72716477,74203490,75244464,71538432,72853446,71194028,76949820,70199853,74476282,72231384,73456540,71437414,76474992,71176130,71955265,74850251,75678080,72073913,74234051,72387032,73936709,73295670,76540035,70628493,75786182,75905132,75913208,75615485,68123408,70996861,77199129,75105770,70515390,79337787,70687102,76760676,71670647,77934613,75757477,68478676,73657088,71455592,77572786,77572264,68402346,65103078,75764618,70896421,71666510,76058270,75774198,78642420,81891102,80225243,73866055,75200039,79590846,72446537,72629125,80564945,73153649,74071980,75065164,75834914,74348478,80979015,79697358,80317273,73250080,71500909,75334952,76726653,77028354,74454229,70373807,75522698,75919157,76182900,76438206,75715286,70977300,71118073,76912954,68634279,75462101,78382827,74097699,69880601,74186504,78113973,71671118,73744462,73486782,73357078,71566128,72244580,71465956,68941290,79489989,71340497,71202831,73377400,73565852,78615026,76600279,78291453,76353912,71622926,69536385,73215241,74359289,75178391,73479445,69541049,72524652,72301827,76340802,77638689,73653483,71139550,71970669,78079470,70058168,72463029,70777901,73220507,75237951,76929331,77508383,72529533,78227445,79701918,76813581,72560782,73612861,70908161,75419294,72597226,68833995,76686365,78240939,69798457,74779391,75405166,72785324,68569703,75528505,75961507,67967981,69496303,74438788,75237233,77203386,69735350,76669346,74074617,73106367,78089955,73477533,75796966,77290329,73474332,73861713,75852907,74486182,72970117,76509934,70385939,74482847,76878935,77890765,75437541,73339586,74328933,72865752,70412822,73238486,73175153,76664731,75458536,73210458,77641196,69458245,74843820,74668315,79079624,74620023,83548513,80510689,69167058,73717565,70897629,75407935,70105880,70045830,83907985,78058259,78846756,71000068,74851948,73827785,76680578,78567264,74648782,76717877,71078767,75574846,74914894,74944666,76522832,71434782,74700950,69871242,71618574,74593013,74275278,70768472,71633970,74887465,76455027,72094561,69549679,74754694,74603672,76875602,70395720,68442649,72506482,80697775,71632410,72095107,76304525,74969624,73392155,74383497,72661487,73429819,73960539,76394221,76796118,68646934,76890416,75375366,75342747,74427809,72782489,75414482,75752064,71437045,77449049,76446653,79006757,77680314,71543372,73567656,68719434,73814291,72830028,76695427,74078123,75268753,76966495,75302614,78125010,80419521,70470804
72572824,72751860,73305715,73250357,78488809,76788816,71945531,73483269,74581512,77235481,70480653,71963124,73899234,70146452,67311448,69038492,71778296,72204924,79510726,73177379,77528728,76466790,71801589,74480921,74296041,72255899,82112842,73863767,72764426,71002796,75747031,72198186,73502097,73116856,72864313,75226538,72530992,72874732,71096765,68238755,73213177,68694111,77193629,71637277,75114747,74561448,73358807,71402726,71106236,74551381,70390625,72619189,74334723,72906297,71841235,74917307,73398705,72248108,76085671,72709823,71721984,77972717,71619648,71209113,77500535,75252096,72436316,78032091,69896160,72795070,72480827,74169883,74135548,69132727,74008962,70971228,77178553,74918496,65691440,68776505,75948728,68922941,71840214,73748160,76184755,76192647,79269251,79009243,71436369,73144201,81378407,76265173,75433716,77686253,71165917,76392495,69086658,79762838,75881340,75498482,76206699,76880154,75040157,74538303,72305831,75633792,74734718,74161891,69480341,76648079,76740019,74095534,75909250,72904252,70520758,72650958,74717636,66660503,77402250,73524560,75117739,71381141,71124249,72542410,67669324,71991154,72997322,75149366,66808132,69077128,67955554,70380082,72404550,71545673,71187499,75003646,72291589,75300477,76031288,80643022,74401605,72248817,69831596,72756737,75091406,69613974,73707215,72991205,71177694,74374389,75813361,74860136,72405948,70882516,75071394,75677165,73332948,69595594,69783665,74725206,73829511,76776115,75799257,72027485,75140227,75601139,76383648,74494876,70636127,70324955,72948754,72323168,69115955,74375373,74718930,66485612,72492100,71710325,73761334,72641499,76566879,76929829,67241897,68172147,75799583,73213177,73882578,67528305,78445419,70723720,75346390,75272276,72227032,75955291,76886712,74779819,75155594,75280834,75454192,76556564,72237240,68802131,76028931,73511162,76680921,75904590,75613261,69093678,71849076,72955387,71874578,76824770,73369149,74203168,73637069,76635878,68992917,74657926,75139329,74505256,75719269,82659318,75162220,69541336,72430023,69990519,67167520,71345224,70838774,83019378,77041338,74687545,71870692,70425481,73145952,74910737,75332960,74175103,76040965,70029153,73204913,77754456,73466571,74394083,70447277,73502788,72392736,74460716,70771678,76608222,70293482,70810346,77396495,73669675,71609328,70413867,72635771,73480645,72399733,72785283,70291636,73106083,74799985,72561806,72231443,73435570,74179578,78545868,76437248,67367628,72150470,74728042,74633649,78083847,71582327,75674104,71017347,73169784,71619225,70045203,74383227,77537018,73759743,76522983,71749038,77127833,74844435,71246921,75671857,68384439,73577552,73376489,74315120,74091324,79332956,75498637,75086983,77239665,77859555,69418580
72201477,72385276,73402545,73099554,78521508,75070849,74200830,75021278,76812869,78141122,73117258,71292071,76774712,68093515,70187016,71174041,70911531,77400684,78782247,72964790,76863415,76226924,73555455,72805106,76674855,74030760,85041066,76701300,70658371,72296437,76745364,71733920,77315524,73185602,73094740,74501111,73569006,72070935,74223769,70427151,76508239,67695200,76924656,66912748,77080812,72857034,79401231,72940387,68915503,77406355,73979652,71767982,74827329,72923156,71543984,78205858,74292184,73777237,75082129,74008717,75005055,79827107,72899914,69505252,79825263,77404536,72659214,79242981,69363570,74656545,73223042,76497511,75474334,67326517,75366090,75149337,74230360,77646589,69097310,66761808,77540232,72982437,70477991,72564254,75263429,76299781,80256518,78933224,73478217,75868998,79439766,74454227,74809654,78317540,73283228,75393631,72362230,80408606,72988225,79022662,77040777,78682281,76859159,71022940,71843054,74449813,73504573,76688689,73807468,78812586,76421986,77514840,76071460,76403877,71672627,72062814,73375471,68335804,80058067,75169096,77306393,72869667,72909801,73405298,69680569,71872056,72677131,72828021,71826233,71542721,70451543,72927134,76600292,74833151,71524726,72844567,75630522,79100004,75990419,81254680,76387956,74905881,72453179,73548969,75274622,74965609,78001242,72315567,71994603,72226998,79101823,77110327,74604711,72178805,73353647,73673641,71837661,72473968,73286378,75934730,76133122,74659273,77241661,71415257,75818678,77457294,77720144,76489231,76649994,72566302,73750825,73219005,70301208,72066253,75180993,67646123,73421031,75706466,76208641,71803434,78024555,78945916,68448816,71349628,74297356,74420824,76243268,71972084,80059290,71549200,73235718,72811141,72605053,75252496,75395562,74651537,74190698,75175271,76594084,75315279,72650103,71383906,76564872,76532931,78128910,74811461,75753148,73478479,76528433,74237079,75343433,77332156,75209556,76697000,76481381,80750381,69955575,74809001,75523750,74672265,77672732,83429713,76801252,73018671,75343720,66874782,72161166,73125273,70048801,84038426,75834907,77124076,76424567,73066239,75144519,77592180,79848265,72016290,73729307,75209792,73858268,76376223,74515096,73923504,71290382,71554089,72100731,73864918,74708768,73765145,74581944,73746903,77079343,74239424,72645628,72085788,77423868,72529171,76526541,71755982,71150534,74967790,74219849,70881010,71730141,75144647,74215537,78666720,74612591,72702328,69177981,74222441,76813841,77582127,71499856,76719757,71642243,71497357,75463474,70284286,76323792,77153165,73498804,76654177,71478058,77333581,78065952,71435564,75902915,69046880,77719004,73140606,75260682,74611729,73792152,76189223,74369299,77886219,82582609,68600787
71848374,72436336,72917647,69831797,75514182,73308446,69076577,69613002,73525482,75528490,71790798,72939024,74297483,69402331,68803914,66707376,67254759,73517722,75255936,69144922,76157313,73303690,68878139,71239926,69517154,73388533,79676130,72156651,68698212,69762160,72880100,71915736,70664269,73515564,72777151,71352894,68489631,72021567,69758657,68773305,72208448,68505196,72225214,72189228,71210714,69335816,72430327,71132828,69641067,74631665,72090163,71097980,75838495,69473074,71395252,71226913,72004248,67723072,74567715,69467089,73386544,76474941,67795558,69105564,72966064,72808838,69239167,77193251,67876795,73786240,72400166,71964271,71546771,67418173,72971777,71378214,74700133,77102372,63811282,66431150,74103691,67498026,67153020,71683163,72402624,73433098,77264353,75777291,74090329,73534869,79400037,72160783,73118445,76687612,68768916,73597576,72182841,78898401,69347777,73844473,77064375,74999488,70114063,70325485,68030983,72472268,74586637,72892675,69348931,74773295,74627666,71401597,73696175,71156447,67196819,67815300,73007905,66282427,74155112,73988988,75526371,68012387,69096252,72020466,67345239,72111587,73764758,71238217,67853531,70108658,67491825,69856347,73845469,67110586,68436203,72861617,72907294,75690649,74223252,78120094,73573239,68920637,70838755,71846326,73487429,70174965,69566122,70377081,67933764,69292756,74393771,75214271,74119845,70510148,72652691,74836195,69158801,70384276,69141131,70427617,72999302,73630376,72706253,70701132,72485740,76278427,75203492,71963624,74361720,67654494,71945962,69410327,68568534,70290937,72203400,66603981,69409552,72849795,71215326,67017615,72138058,74414721,66288325,69703940,72856928,70966144,74495358,66918921,75916765,69999712,72129021,73248996,72617862,69283956,71388885,71016622,72587642,72940960,71441537,73678456,70086923,65929946,74722495,73544008,71901486,73507784,75811068,68495787,69090106,71059496,69392020,72688180,71660062,73723338,68676605,77216463,65192960,71360346,72899949,73237236,76294836,80134144,75971138,67377555,69733005,67664677,70422702,68958232,69969162,75517595,74078084,72539609,71193526,68556774,71371042,75377578,73875376,71777625,74838266,69272977,73558429,73910011,72341838,74651338,69619942,68748780,70911306,68976967,72977520,71922646,66948919,69069913,74153115,72560712,70691502,68051755,71129332,73441723,71397632,68279153,66820308,70382811,76164483,70528051,70822866,74243955,73187813,72228620,69712039,71116538,68904279,70104964,74421771,76960497,69120638,71888222,67660308,71258334,74180393,67068147,73086345,75579186,69967100,74938870,71463873,72891926,70869519,70845292,71960275,67345176,73052384,68711607,73543030,73630572,73644813,74857607,74114855,75384950,76390247,69464201
74659271,69908525,72754442,73756979,77879289,78505341,71940098,74132580,77389419,78987384,71625000,74437617,76088860,72462692,70322060,71192664,71405129,73698952,77616015,74895769,80004625,76352622,74728696,72224136,72304122,75253684,83014015,74578453,70654087,74488596,74698233,74271655,77034187,72145211,75174363,73896717,72562195,73072584,75100264,70848353,75799429,69711844,75578018,71232077,76677519,71914840,76336002,74374178,70953934,76177179,73653575,72741855,76234581,70903747,70945166,75901936,77370247,71083130,73175187,71754207,74180361,78687920,72769663,69684943,77767585,75100921,70929986,77854285,68249190,74461869,71111460,75291538,76626203,69757040,76415602,74924466,77825989,77412850,66699182,70987318,77501274,71473144,73727315,75014807,73348921,74391275,78242438,78794951,73123645,73701683,79779768,75044349,77101106,78489860,69280890,73805834,70217657,80964753,73876749,77848112,78541347,78807097,76138291,70602912,73731270,74115765,73408235,79126719,69598668,78581789,76766016,74269351,76461213,77196593,70165518,73771995,77023577,67053604,79720233,77638132,73340183,72325694,73455941,73731981,69795224,73536589,73950128,73523173,70880030,71630266,66246174,70598926,73970551,73399494,70554942,72904994,76265879,77416861,76598033,82520689,74960743,70381053,70067247,73123099,75564486,77033868,75087800,72983313,70921669,71492576,74120435,77949189,73245984,71537756,74976651,76432934,71865623,73104617,71589431,73493073,73389960,78212793,76444097,76352096,78979585,75797660,76792698,76524368,75587976,71872484,75079239,72691639,71200529,75107453,77179512,68032631,73109099,71903294,72407505,71311701,75022886,74762902,70921327,73112001,72880946,71928732,74372114,71280264,77047598,73674516,72666459,73963178,72868105,76942947,77133829,72611253,73990070,75309120,74136198,75481096,71050672,70560954,75720414,76025477,75845148,76166137,75108384,72809922,70397577,75572345,72544560,76699245,75011290,76114444,76321138,78650674,70872141,73325447,75739146,73560393,77465059,79697834,77605398,71553850,73329514,69188799,71109013,71986647,70469681,81375231,75958981,77083843,72621847,72895877,74314892,76061604,81088968,74517921,76190002,70921902,75285870,76469250,74713563,74607082,72635901,73664491,73196022,73353159,73940300,74906646,71868972,72576005,78563476,76477782,69924044,72595317,73429549,73377726,75943806,71751173,69406345,74341120,78970854,71057253,71960790,73456038,71693084,79623609,76175580,72515537,71038096,73035076,76321529,76992339,72509676,74840368,71490083,73981683,69891853,70932126,78184440,78111023,74918990,78693780,70494422,79617888,75911893,69188197,73737252,67698084,75302189,70482626,77547158,75121258,78594377,77699183,76171816,75484216,80553861,69696886
75606144,74213734,73690130,72604143,76533182,77995193,70722968,73549270,76908124,78478181,72287766,74850734,77709447,69662710,71814716,71575393,71309318,73358768,77000199,72559539,76902963,76222380,72839874,70147871,75253691,77303692,82289728,74539375,71425419,69615830,76273635,76892188,76468687,73359474,73369047,73632306,72798352,76340435,73593850,70055653,76097735,70003121,74514159,75610859,72491967,70249455,76885589,73950505,71553841,75531736,72086861,69630501,77564130,71634950,71312863,75531857,75072331,71542356,77586633,70941676,77961569,78023821,72804627,71355198,76775179,77097321,72060928,76175738,68839865,77769734,71537775,76439794,76210642,68390442,76259500,75931673,79138363,79440841,67170213,70484382,78005241,70267327,74048523,73941033,74429351,75401337,77899140,78634165,74666199,73943121,81097763,75413614,76589528,78514766,68879443,73650522,71268555,78030508,76478046,77823297,77052274,80148909,74896227,71835011,74246355,72334605,76877139,76385280,70988935,77425897,74667572,75729914,75967312,77926885,72085977,72046091,75322339,69565596,80400903,78636253,74253490,71069483,76484941,73618065,70763849,73516721,75273836,73746348,69752265,68945522,68501948,72403248,76514744,73349715,70625775,74195942,74856289,76512811,76723797,77567641,73597844,73270094,71356676,72388981,75558583,71851462,74800187,72674287,72411149,71942878,76683146,75935438,73167029,73264080,73933485,77789226,72002793,71969438,69999225,69280439,74880437,78567223,73927817,73783960,76053907,79808056,78892054,77094339,75371160,71995784,74552828,73227787,68443818,76524090,78287542,70830564,71200504,72035130,74230179,70861591,75612523,77493036,68454925,72203628,73118544,75130491,78338405,70641211,77696072,73768652,75822707,75560938,72869568,76148700,76807140,74036925,78199461,75529435,76212515,74196967,72359686,69537618,75572955,75664484,75328016,74144806,78828219,73166180,74556672,76922963,73558230,73784380,73000626,75914987,73340049,77888615,70898914,74105699,76828205,73836487,78440737,84617990,80121948,71116641,73021054,72464397,72420869,74438571,72790414,83232383,79516066,77892777,72271435,73421668,75095441,79621899,79052196,77142817,77859095,71702300,76300197,76051748,75177823,74479962,69940780,74174990,75734728,73135713,73780994,75322204,71242964,72079311,77333167,75166539,72405728,71136990,73932398,72581093,72485551,69470594,71688048,75652547,77349662,75046508,71497232,73866058,75356597,76564967,74764238,73467718,72949629,74559158,75752938,79898466,70115077,74861976,70041579,76070223,76008702,72955931,74583222,75063099,74027412,77621478,74494566,76857995,73521176,72535179,74237099,69378305,74893823,69943607,77565402,75933117,79368147,77095631,74621352,77931930,79512579,71187148
77790559,76254735,74186444,75297805,77893347,77889354,72735532,75715184,77535874,77668193,73579653,75456104,77147493,69642436,70965118,69989422,72149010,77477263,81791158,73955043,80575419,75791758,75177773,73716124,74781342,78001288,85341744,75560751,74352214,72853625,74565496,75495982,76973343,73512348,70951666,78312081,74103327,72230083,73874472,71318454,74462247,72936061,76727496,73412232,75359797,74337170,77539075,75317192,74247311,77547522,76062509,76159777,76477564,74416746,72874951,76862706,78823987,74021257,73611074,73566817,76882066,80327775,72759958,72591394,77270240,77380495,74156394,79693435,67965873,75123933,70922387,75285536,77467516,67260573,74907904,74563701,77543060,77101663,68244199,68539338,79351201,73075757,74235919,74909605,79971235,76739298,80651555,80893259,74626819,74810181,83055502,72879685,75471263,78950376,72003865,76507374,74198464,79772884,75169249,82327390,76730134,78498289,80758950,73852010,76732193,72756962,74131166,77372274,72317684,77103582,78946682,74700595,78875236,76903188,72622741,75636340,79715767,71616827,79496420,74656363,77487216,71993745,72650172,73264811,70812865,74063005,73863694,75373351,72822201,76971329,71996360,73811788,77729232,74429489,72035890,73006105,72796696,81306461,76906535,81035448,76588338,72276807,75249396,76010177,79654649,74159913,74484278,72912513,74229545,73835805,77742577,78610539,75675795,74747715,76418021,78415639,71730198,73423122,72718361,73120234,76409101,75978009,75555940,74996508,78469203,76098445,78292785,78451305,74426329,76505754,76994007,76061614,72527385,73171529,80688503,71156918,73989263,73983039,73748852,77024725,75016130,79623509,71288235,69726023,73689345,74088095,74936110,70924582,76725158,75459072,77832654,78131784,74404092,77914705,76827945,77591274,76687476,76810481,75240907,77228397,77260491,70443134,76931943,72959608,76375188,76584646,77398820,75137174,77116795,75059888,75207200,74428304,75029196,79434903,76250918,80023846,72943612,76073116,77191458,77695771,77378642,84722618,81306347,72489285,75487398,72474523,73961202,77726785,74202130,80091887,79814961,78759453,75214001,71366985,73821954,77437110,77770355,75756115,77071811,73309140,76130989,75955983,75881056,74389179,73410071,74613153,74063363,77404470,77089376,77478378,73188746,73421184,82047789,76659902,75635780,74042475,78717754,75819074,75624478,73825274,71763800,75362697,78144426,75559666,74465495,76398179,76409169,78463701,74072501,71824421,71732355,75087712,73669531,78801985,72722957,76276238,71739507,74105854,75668978,71124467,78483398,75746142,73424093,80355265,74171560,81076201,77677601,71280176,76426117,70138776,76201821,73341415,81467058,73697992,79488363,79640562,74826604,76579793,80830405,75091340
78220750,78265115,78435553,76086885,81550745,80098131,76877281,76188750,81829553,82760342,76815428,76443515,79470516,74712668,72866510,72345322,76662387,80356065,84051456,79481988,80106141,80563977,77144758,77877891,79884743,81393792,89037838,80066842,75885533,74871230,79277859,76712794,78203002,78540133,76605830,77023099,76275123,78232699,75777448,72980869,81792862,73755782,78886730,76641582,76442061,76580193,81347799,75985704,74494048,77838179,76388747,75893989,78045545,75972013,77012479,80134493,80573824,77223239,78852051,78243205,79523004,82488176,75122072,76115629,79521445,80573806,76942073,82020806,74105069,79810396,74325698,78276861,80824616,72026989,77608264,76945048,81928885,81497565,69996307,71777990,81209984,74380090,76282656,81194660,79667721,79662184,83690070,84315586,77910831,76373048,84685323,81372801,78972730,81755097,74795958,79947816,73992244,85706378,78791159,80590492,81678150,83994844,79415717,74656549,77044827,77873250,77687023,76863800,76583315,79451886,82621922,78887887,82785258,81615334,76649753,76581398,82525571,72228165,81964675,79534278,78744344,73727832,76418526,78871593,77031621,75013674,79285495,79487964,73853397,77595860,73252261,74027736,78781253,74907037,76395587,74827730,79327085,83405600,80945700,81186275,78150245,77630858,75422139,77954818,80647787,75795705,77853517,75590244,76426119,77489724,83564489,83850498,78930546,73351863,79138304,82457057,75625737,76821415,74343415,74806408,79391870,82115735,79385378,75085058,79644881,81633581,80470881,78704693,82816530,75631531,80380660,78006331,73923018,77059194,81132019,75324178,78205028,77626464,78366002,74363934,79602315,79600380,73271457,73016252,78054263,80576284,81794901,72404905,82541330,77928602,78925026,78659802,75533603,80177968,81242572,79790030,79233307,81624925,76667636,79427283,77862917,74074059,83291274,78204820,80927862,77517531,77875222,78722992,77756352,78022644,78129790,79137805,78470926,80429663,80538978,83687102,72627540,76915716,80926285,79707741,78073912,88048004,81063005,73739743,77424118,76641632,76764992,77175407,77641466,85322598,81545142,84284278,75622212,74512837,78019565,80654725,81873379,80224147,79277055,76257502,78756764,77766931,79043198,78376458,77585860,78387118,76954338,76088916,77112999,80256149,76110259,74656402,81871321,81480674,76293634,74635743,79271604,76862097,82166676,75364213,77008617,80431088,82634579,76342771,73777858,82294088,79416778,83898133,79434794,74820511,77605187,76822002,76044526,83283551,73526171,79943492,74872142,76016371,80188073,74652880,81458891,76106986,77835467,80891468,76659338,83941883,81257749,72676833,79743810,73369800,78275069,76580992,82134388,79587977,80723182,81768759,80473539,82315832,84844299,72832486
72756714,73941451,75257569,69953961,74245150,72118774,71627714,72619415,74996370,76247378,66690266,71310618,75460438,70516413,70049584,68290637,69135508,72423101,76908451,69515071,73650105,74997545,70527781,70253321,73139710,76718336,80798622,73612670,72913287,70026606,77011371,74387296,72552154,70544827,70139855,74892619,71824730,71604571,71751857,66795418,73823438,66793273,73847893,68092777,69569680,69087924,76984755,69728775,69993089,72456475,69791712,68894227,73757578,71526731,73072083,72991563,74447665,69223081,72077416,73241949,72021697,74464277,71387518,69827063,74750452,72640204,70541922,75272973,67380455,73115637,71191144,71892307,73539554,66276241,70324558,73197493,74522930,76131007,68660800,67904189,72840853,67037322,71161663,71948903,73209058,71423589,78212512,75066139,73368211,68984921,79329728,72094537,72245386,77568698,69778990,72677434,69635672,76633181,72017385,76427784,74817885,80594623,74353106,70184433,70691786,70036841,73607551,75171121,68083473,76226833,74268993,71484491,73651426,74545560,71143711,69041028,74998560,68168951,74721288,74757206,75057866,71184682,73056373,69706185,68941684,67929404,72347918,72397990,68058695,68721869,68731622,68973597,74700242,71838765,67393183,70329424,72939406,77434417,77234872,75456765,72793958,72238635,71634187,71208112,71911842,71509550,73079115,68865473,71477190,71054830,73920816,75480914,72550885,70216996,70813582,74329811,70115559,71613271,70214296,70980072,77283715,73446007,73437882,70494101,75577804,71253283,77799108,75537084,74059632,70617751,74899305,73241127,70156950,73312453,72490841,67952846,70377821,69867609,70851984,69137000,73160993,75836751,66073730,69854177,71971224,73078787,76237757,67247894,77070457,73857290,74818426,72415630,74352927,72258126,73169832,74856477,71810936,73114414,75093742,71998731,71820494,65146210,74406044,70088259,74123602,72780503,73656288,73670315,73031730,72095545,70881217,68021012,70559400,75232188,72554300,76589811,65936580,72827384,73498188,71688770,71388295,80973711,76336461,68780186,72033328,68823244,71733241,72537249,68016060,80207179,75348328,76615810,71729696,70946512,73164742,74153095,79457368,75992850,74652379,67679026,71772692,72309173,71617740,72629491,68324702,74118829,71513267,71015870,70272175,73131307,72546541,68321910,71668003,71859692,72668335,69959529,73662045,71447610,72331583,71328337,66385294,72672903,74101119,69493724,71394433,72613530,76960736,74825067,72119356,70334795,68137134,71930943,73751484,74276134,66250477,73583591,70734746,71200611,74746999,71304974,74072158,71993267,69486735,76008830,73066008,73671029,71585419,70925996,72443926,66704649,73221443,67928870,76085934,73639352,74508613,73389707,72801596,75024624,78002838,66988130
76716859,77680750,75876260,76024041,78425908,75366274,75459157,75534200,76066460,79483574,75350232,72601764,74772126,72897416,71794143,74287265,72272125,76962732,80284277,77884134,76680050,77416646,75187164,72956806,76494545,76605017,83338391,74035151,74373799,72165454,76755487,76567679,78253296,75706225,77827610,72492841,74881104,77378153,76375743,68069715,79204066,72914092,77837272,74255930,76001707,77388465,79408442,73538263,73055149,78543523,76346275,74737096,79679335,73432067,73316448,78120596,78310638,74893587,80440727,74716458,80094091,79026016,72753508,72170408,76231108,75346425,73110610,81227317,67409819,80084493,72464053,77199404,76111609,68820284,76162498,76886199,77313166,78915375,68104204,70347950,79287712,69909808,76482156,75168788,75070152,78013424,80172870,79759323,77099763,75171348,84631632,77994318,74713240,80463927,72929733,78058381,74428963,81092911,75591758,81598021,80767857,78662033,76559406,74064047,77979728,76527344,74297661,77500416,74962554,76513989,77310117,75349763,79796262,76396618,71154510,75084587,79473105,70285917,79072907,78335246,76281075,73790205,73280720,77051666,70233019,74593431,78213576,77746064,69399403,73925603,71361168,72573063,75740999,72284831,70963524,71812928,76550432,82948882,79913883,80046025,75502809,73029214,71851692,74000683,77524898,74370910,72111055,71890981,70925718,72579489,77653279,78260212,76422973,76638407,75745568,79380271,76872264,73521696,71696859,74564799,76903966,78276284,79999799,79432862,77824216,79969218,78018392,75857526,76438970,75507547,76356226,76078555,72883660,75011132,79266785,70775100,76315757,74306429,75734765,73546482,77300095,79100473,70710009,69675143,75287743,74480862,78692557,71458607,79912775,72109751,74765976,75698656,72523748,77290255,79534238,74138868,78445620,74575300,75739233,74604362,75073248,74212533,80627994,75521202,77022930,77666961,74203404,71488317,74007206,77578454,75593138,78368701,75506776,77272717,77156604,79715588,69169624,76299849,78725881,77624339,80214684,87314046,79345975,73285412,74114601,70870719,73866257,76678222,72431730,84882875,77819990,77952556,74935412,72393036,75933814,79454521,80936646,76847346,79352633,71087519,74295425,75657273,75436083,76411375,72662468,76963025,75660982,75884014,74221906,77780355,71106477,72566340,80519213,78022659,71978385,75641858,75283031,74242196,77738875,73133938,72448734,74343032,77941159,75631055,72557951,75831003,74884054,79124043,76468451,73770297,76660822,77612461,79234188,80047825,70594992,73847640,75668042,74211179,79313270,74403616,78642403,77593888,75229160,77720155,76475818,78713687,76513622,75507884,74957541,70112929,75570928,72907101,78531568,76163529,77383150,77150539,76869695,81592458,81444746,73536374
78357534,79278033,79934567,77319787,82936245,80817906,77442684,74011286,79256432,85017435,76190819,78079823,77914792,75189804,73131286,74903901,77527423,76525631,81613445,73185170,82859475,82233646,79330081,78372175,78970493,80381028,88452560,79240761,74176813,75675335,81222451,79103903,80599130,78829148,77128554,77900551,75619902,75831767,77713519,75930519,81434064,74021436,78012371,77052654,74978027,76538954,79655468,76815784,74463875,79821218,77848281,77059523,78067913,76680043,74176546,80036897,82575205,75953960,81062465,78049653,79220213,78474448,76108639,77748330,79298030,79806357,75194377,82303817,73938835,79774961,75001758,79106081,79624176,72995509,76194576,76484826,81666234,80906481,72540166,74142343,80148048,74541694,77062013,78992044,75633083,80887269,81094039,82363017,75320564,77345975,85510549,80376136,75841821,81677655,75666562,79829697,76895394,81619638,77353273,84047385,84710298,82511716,75837956,77204515,78355155,78882179,78562284,81018163,76927341,81180309,79204509,80233368,79077533,78738094,76613884,75845832,77698872,73576932,82049132,80209461,80356364,75985623,76768375,79922640,73140014,76558774,78624340,78932363,75611168,75932315,74262295,74406553,81219949,77123051,73439875,75967518,80206009,82740121,83493623,84345413,80642571,77049923,73756465,76334715,76713281,78908279,78450616,74054425,74800332,75834966,82721572,83553922,78550140,77796508,76126043,80931323,74378967,77248994,74982466,76650026,83627568,80231912,80916991,75143073,80065125,80990188,81694835,78213657,78986718,76994461,79890084,77126493,72386094,79769871,79714888,73826128,74372698,75746807,76920790,74452433,80681045,79751306,73200791,76110981,77392894,75858263,80359204,74711776,84302614,75347877,77206237,78876479,79254553,80097305,78643197,75912545,80430642,76607475,79117215,77753162,76717929,75092443,79311414,78972637,76809162,79667644,78301956,76752584,77408223,78196773,77525331,78871630,78892156,79333965,78750364,83787880,72578690,79907724,81063890,77814763,80463926,86731573,83224783,76337253,77133312,74845278,77488407,74586453,72548532,87773582,83129170,81444912,76331154,78014739,79478437,79604651,83841856,80960672,79395041,73287623,79546125,79378906,78389454,83570009,73365097,77158328,75613925,77343330,76714556,76770929,74641084,73254171,81069869,81190913,74099822,77410901,76230115,77717306,81535940,74914668,74774817,78359066,81676036,78218644,75197040,78151968,77322470,82157413,78596345,78545801,75675679,77120942,81840137,84327713,71897493,79274412,74751316,78402246,79677057,76192015,79620905,80940540,78082021,80985691,79193141,83416557,79226252,73552462,77187346,69689208,80028498,71780073,81522990,75190381,79529357,81524112,81590815,79363594,84714272,75868658
73159990,71830555,71070090,71936394,77907051,73666690,71419941,70289947,71893816,77938696,74079186,72985563,75050119,68281747,68820681,68516576,70136903,71926495,73942830,71825655,76634200,74899275,71770853,71786929,73094067,71046997,82276198,74782924,69364651,69825928,72036138,75604188,75486344,71593336,71020426,69714409,74417322,73432743,71619624,67799625,70876253,68497357,74695659,70801299,72887463,72897926,74212211,75404016,69432458,74526515,70308217,70847306,72770301,71234207,70426494,73022651,73068302,72036707,73136597,72679133,73255489,77909541,70976989,72085955,75836062,73366207,70189979,77697212,67756214,73949396,69738207,71359546,73831924,65478193,71447170,72501918,77073237,75857828,67603216,66363683,71663247,68474438,69653552,72051273,74419313,75792010,76700972,76955788,72184987,73119065,78273740,74235125,71687339,73649657,71160946,70533722,73602386,78473988,71580551,76195449,77551858,76099538,75045181,69939342,71284159,70591155,74296018,71047305,67847542,76158809,70760595,71298377,77267610,74270099,70955562,70172602,72786692,66190182,76391872,73751184,74961394,67993038,70467734,74492958,67890345,72259835,73068101,71488303,67292814,70211732,68129931,68377612,73916013,70530363,69804975,69892065,68850990,76311374,74616013,76577152,73000577,71381707,71811378,69813275,73537809,72012948,72499705,69058192,68381044,72039480,74877909,72671413,73670924,72249627,72512303,74041692,73977717,67057220,69178336,69018391,73207007,74051025,73185158,72419908,77291832,74903423,75838468,73451359,69580603,70804069,72978526,71419728,67913420,75337833,75756391,67769900,72070610,72062106,72052510,67409132,74645612,74455834,66671555,69019190,70431971,69287368,72993562,69325835,78229211,71722929,71147140,72639092,73513445,73434789,75018857,70417866,75051524,71789271,72924581,72719617,69822686,68697631,75050535,72514365,73366336,73615277,70982911,70472616,73647431,71822093,70766975,73785456,73921310,73401214,71150033,76424735,66474031,72530134,73984183,74079417,74430776,80030521,74582425,70347321,72778019,70343045,72215709,71160190,66178613,79747652,74379111,75766626,71827681,71469376,73062096,74088381,74398023,71272988,72988321,70641393,73600424,72703098,72833051,73462016,68678562,71128102,69623173,72950104,70307512,70876106,68182552,69980783,74881977,73285541,69507119,71026938,72833850,70606206,73656436,68340744,68462567,69836363,75615757,70859096,67705734,74151545,73349020,77962348,72333929,68938222,71441165,70774783,74294068,78727307,68402770,72621767,69997120,71088624,71238263,71030934,72841383,78275004,75458781,74089485,71752172,76704902,70269768,70536113,71504634,67721777,74701046,70008509,76149297,71102948,73789683,75660097,74755281,76637141,75329118,71889301
75057854,70624836,73396436,71398206,77296445,75807597,73255322,71267212,77258161,79053349,73039049,73143683,74669993,70814418,72417693,69489978,70786390,74347097,77080493,74608404,76519452,76073112,72175734,70254502,72304448,74446578,79259364,72140832,71019261,69677232,75741800,73024092,75906534,72573142,72313402,73882843,72870246,70095923,71102389,68145824,72938477,68212952,71198420,71597128,73848638,72676931,75453792,69473962,72586009,78835563,72004053,71832412,76160209,72204989,69514400,77323380,73416431,71885081,71916365,71394645,75174255,77742197,69694665,71530216,74697265,73686882,71131320,74662182,66709243,73060419,71043039,74415854,74182982,69376858,73483642,74089257,77410442,75915678,65779995,68507354,76793564,68025217,75185889,72070182,73500588,73591509,78353744,76628428,75817853,73261215,79096170,75896525,74003846,77127378,70771480,75086998,70907636,76235193,72190743,78557996,74582432,79071587,73787486,70102022,73656433,72944022,74798276,75250805,71558866,75428893,74386437,73333305,72378371,72532702,67758265,74188920,74215657,68787935,79535170,73823449,77048202,70169966,71527090,73408490,69008505,71699459,73195314,74529798,68589294,71136410,70279965,69340300,75237693,74716445,69341698,70636127,75487632,78942582,76704403,80837430,72619262,70319376,72068168,71905169,76543305,71915379,72378170,68672191,72618705,70933280,75662860,79390563,71180880,69890326,71846076,75314823,74738700,73161706,70138322,71186634,76725834,74017401,75552048,73481133,75117882,74157670,78586709,75721561,74687402,70647198,74281662,72420835,70729008,73731064,75052507,67293188,72513299,71483943,73083198,67730435,75665864,74630985,68747161,67581065,72483855,72098598,75918784,68386416,76017920,73969028,71612944,71993811,72878038,73254366,74502122,73522915,72839718,74771522,73750323,72584236,73611622,68895079,75816934,72792254,72302214,73550497,73750765,73213629,74240807,72143922,72241821,74337240,74394371,73016503,73550891,74212230,67986346,72661244,76173297,73855399,75031194,83451620,78788336,71777198,73656821,70323061,71176228,73137558,69703347,79325436,76196076,76033169,71619569,72808029,74565835,74076199,78474263,72734312,73606052,69493583,74655378,76108176,74053461,73457713,67264427,71412259,73236316,71275217,72093005,72635275,69087659,69454577,75282073,76152333,72899447,69978889,73923452,73256958,74812679,70394682,71067698,72929344,75345949,72594304,70373088,72496674,73767251,75689867,76011266,70455290,69280214,74227694,76158440,76972319,66224694,75197570,68617947,72252851,71339129,66970473,75907199,72106610,70910062,76244750,72632704,76158067,74714503,70911790,75811021,66158095,73269695,69036924,75916696,75365021,75775064,75263171,74069411,77480893,82280884,70431734
76035599,76854223,74067956,77353770,77974994,77348216,75666748,76509781,79419488,81740798,74877186,75997149,79689806,72746934,69841898,74712127,76585974,77674587,80921066,73939282,79090704,77562743,73317437,76165271,77312807,79061542,89750498,75933563,75519073,73639810,76722640,76936163,79121488,75895374,76649257,77618857,75146733,74383544,75214887,73127075,77224365,73993360,79049852,73226997,75644919,74728026,76311509,77254971,72363964,78418833,75981853,71757531,77340959,75197216,74332646,79157755,77973868,75998458,77073931,73200558,77164490,78974046,77744382,73283423,77674041,79830794,72418798,80097789,71054325,76281622,74962810,79430474,79495027,71984036,74579796,77183542,79077296,82475824,70956929,72562707,77887777,72268154,78474270,76474734,78180570,80505656,81681561,79155144,77166162,76033705,84717298,75608756,76594917,78474003,74356003,78879526,75691739,80541681,77638507,82421000,80792763,81365577,79112307,70633639,75300314,78681065,79529611,76435790,75964097,79587565,79220000,76689654,77172592,78910409,75519321,74274324,75569019,69248853,77733784,78787086,76180692,73773917,73208998,78193091,73993421,77443017,75098316,78791453,72108562,74402689,74468297,73009679,77691046,75206958,74355364,76329102,75770746,82697903,78225524,83566090,78078743,72250625,76135308,77179043,76700958,76982031,77389917,74644965,77468829,74350438,81629777,78515472,76158843,72792315,77128134,80332190,73587023,78139988,73809944,74213480,80374620,80354174,78290916,75948916,80724854,79741998,79256062,74717956,77689085,76390302,78585237,75229689,75045072,78361409,79121281,72624522,77615758,74982283,76177076,72893629,78017087,76479409,70569921,74059963,76131457,76686165,77794145,73768235,81112496,75007362,77948837,78211022,75211031,77989294,78519883,75116019,79401692,77392525,79938053,78004773,75942616,72296496,77054506,75961504,78936706,78569069,76722905,75593205,75928732,76764975,74894719,75975165,78086163,77686169,78393841,82139821,74150647,77560446,78615367,77801922,79597404,84001918,82467876,74227061,77236162,72995857,76305452,77611334,74029118,87285005,83714575,80474602,77119117,73310625,79471141,76843807,79314412,78413023,81558643,74207324,75722921,79518544,79573022,75311660,72788915,75153886,75603772,75455664,74045241,76764522,76979652,74700654,78580238,77970184,72791187,74653770,77793682,77821340,78218507,72869101,72866149,75359980,81741174,76184260,73870605,76937292,79315206,78643502,77161993,77246504,74406524,77341951,79910864,80380959,70525419,80162722,72701051,77522380,76654466,74493981,78942854,78501878,75747964,80739010,76494098,82790202,79334798,73732834,76905955,71887375,77266746,72094385,80776634,81503312,78642499,78618889,77800141,81012975,84508731,74011928
74869757,73555004,73219808,72194491,77990129,78778594,72706270,72493162,75712193,79429697,74092760,76144695,76860237,72168045,75209348,68936769,69358420,72337000,75990123,72260226,78545231,76971722,72817544,75477822,76516992,76365757,82300186,76222518,75186032,71289784,77283796,76113725,78046352,73389523,74450513,76375105,75068745,76125078,73232250,73592796,76656459,69813816,75157407,71254586,73031626,73385877,77137349,73339301,74162224,78195818,77113611,75530399,75683604,72819244,74891395,75662611,77851840,74832351,77357872,76635410,73588775,78527410,73051271,71927216,78331528,77996724,72931237,78644637,71292736,77612042,73385985,76078195,77656626,69364493,73816909,73917365,77651291,78538150,70362142,69133277,79861595,69046101,75490263,76286648,75724620,76156439,78769832,77721134,74148089,74903204,84979341,75301683,75266189,82889174,72010769,76469114,73651938,79071382,73243061,78032438,80736147,76897175,77421009,71289380,74179623,76385642,76501492,79836010,68561658,79602707,74003756,75165532,74623625,76140755,73144918,72504386,79652034,69813469,79921405,76289911,77895154,73736983,71222154,74977219,70446890,76781079,76918868,75144463,74428014,71126993,69414044,71247880,76128782,73960814,69545383,75667210,77103165,80150463,78313296,80183807,76266106,75460688,70653903,73898596,78189443,74895699,72243844,76110397,71612167,73680351,78111679,78783794,75415181,73600114,73551922,74774071,71541452,75711451,71951214,72769742,73824600,77717704,76733593,74353118,76342229,77304655,79267684,77718908,75250154,71817065,75559533,74352613,70855651,76772879,77028857,70892434,73452596,73188777,74866790,71919697,76663694,77553935,69544922,70759472,72144324,77411710,77243186,71224978,82050854,75347759,75728420,75048753,75079281,74813767,75684633,75243298,74514496,76369465,74060375,75649502,72248305,72149381,74754459,76125082,76910848,72104974,76147469,73759644,74647545,75885329,76379451,74662297,78008426,76881161,75338767,77952189,70267907,73500767,78120681,75612416,76130297,82824309,78221353,71837089,74972530,70950265,72404847,72983354,70017415,80824390,77967598,76640767,73560652,74038652,75375150,81052204,79707225,74928580,79923008,75060741,76734439,78633015,77608033,76804700,72166935,74566320,76766396,75502453,72751652,75825239,72970262,70958953,78000398,75822203,71907066,73567469,75035809,76389158,77762020,74010105,70625994,75931862,78522397,74152756,72900790,74944463,75669833,76492092,76825929,76096496,73225877,74306456,75668969,79025239,71349236,75738949,72294196,72752606,75142890,70370758,75513990,78474097,73906975,80134193,72506391,77796678,77983318,72997831,76630864,69091886,76276737,73598332,80412013,75593530,78284584,76282018,76748282,79758418,81188601,71578515
70038049,70813422,71881188,72981296,77314610,78146779,69668852,72350044,74629925,77110677,74399728,72726823,76825117,70492448,70321486,68929330,70841941,74272215,78867741,75062964,75537669,76584938,71742754,73858050,73358108,76440084,81061851,75786062,70983311,71868451,76410667,73454409,75515076,71058048,76344520,74040026,72336930,75314493,71924133,71228741,73533612,69058696,74904526,68672061,73873327,71288494,74726642,68453780,70498844,77684098,73858880,72259950,75787875,75332205,71967667,78116069,75561447,72052683,76597839,71735647,71903201,77041728,73739520,70999314,75558556,76557899,69939428,78800283,67914317,74072733,72809184,74021027,75998222,67269157,72886144,73360404,72964932,78090705,69562465,69690025,77412639,68523687,74462114,73732999,74319597,77032893,79528469,78058060,73521542,74998141,80116467,73128789,77196178,79032521,67843974,74924132,72556926,75960310,73738796,77946236,76751559,76523682,73555562,70663717,72918407,74860404,74435127,76857942,73614275,76844528,76996021,74846992,76909908,75926493,71952359,72179009,75082705,67411542,77530417,76057986,72971795,72793722,71813733,72178440,68457386,71598389,74697023,72654991,69055229,69590449,69026388,72764920,72431719,72031740,72118862,71249435,72966046,77678487,75040273,81655707,76140248,70442026,72798452,75163884,73844471,74016587,74829468,73127550,71658659,70693827,79611667,75801848,73845026,73464651,71989689,75156589,71835100,74744910,70088051,70737784,76232386,79103098,74922359,73737328,75888516,78520532,76495726,76960779,73876056,70727290,76052385,74245597,71642061,72788882,76210241,69288828,73842893,72460547,72455078,70653793,74771291,75732950,67849548,70506205,73179656,75451947,74946480,69779490,77994869,72195326,74755435,73453023,72464469,74749551,76922857,73329458,74317649,75199999,75125456,73795007,73060061,70577248,75145073,76662472,73927842,74109562,73965694,71622151,76238947,72719953,72414950,74235209,74363711,76049381,72062672,75994432,70845284,73010568,77251344,73665815,76580451,82018393,77388733,70816950,73343353,69473382,68383686,73754788,70047670,81647178,76136476,74516141,75647834,73013296,74712383,78941797,74926348,72649082,76834869,72013687,74026502,75956211,76662203,72826804,70117807,72597833,71793182,73276154,72888622,75123979,72619761,71420683,76679558,77000682,71146790,71805141,72163627,73442620,72220233,74268060,69479184,73648619,77123000,72967274,70787191,73251052,74947009,73472619,75556495,76156157,72107255,72670144,76651071,76543729,70081105,73811146,69488707,70819951,75276380,69813161,73083458,74708637,73253548,76236607,73161261,77256964,74762451,71093900,70346753,67760168,73093868,71707140,77059238,75026353,76194850,75545234,74225750,76136518,80181314,68203405
69196120,72507862,71303338,68434096,74666580,71650882,69018425,71531555,72402608,73564247,69163172,70132369,74421763,68568432,68319865,65582742,67933428,71569924,75527816,69842858,76322430,71725868,71562106,71055922,69352417,71885979,79043999,70959103,69069857,68024509,70656206,71161498,71155928,71259940,70612500,71054320,68059716,69823358,67653964,69774182,73127748,67633813,73184090,65644092,66835487,70646402,72744351,68692960,68482495,72721785,69447973,67969561,71164867,70344824,67650132,71841053,74112764,67491353,73390390,69869670,73904648,72376919,68711413,69111513,71819749,73545515,68601333,72062771,65672484,72359484,68862290,73861237,71874108,66310899,68908428,69033385,72130781,74036468,67008793,65668597,74295060,68565704,71418074,69589339,72332708,72304845,74714724,75351165,69517717,70760291,79086701,69607369,69993815,75857439,66543837,72310409,70367415,75471097,71973834,75733784,73908297,73836011,70227971,68780616,72292254,68615584,71841001,69442395,67690850,75042783,69403025,71508090,72015342,71751899,68043511,70700095,71895255,65543403,75505523,70024480,72348393,65354071,67472056,69862425,65661340,69930913,68882699,72137263,65237748,68770596,69780438,68763340,70868594,70140886,68560141,70291344,73664860,79011008,72897953,75977052,74032142,68527411,69317216,70299063,69877056,70861790,69517250,68080148,69521109,69197608,74776249,71626631,71336514,68575409,71651856,73414567,67319136,68041444,68492807,68872578,72591951,71278838,73966136,72575171,70644655,72255580,72571535,71973988,71507555,70001588,69697774,69238521,67524758,71041839,72926087,68584435,69919171,70488408,70435006,69160753,73137536,75161814,66627867,68250203,68266212,68274756,72599306,67480834,74588431,71815600,73203419,74111772,68668491,74371832,74717666,73113378,70651601,72132820,71995374,69840807,70643421,67306704,71514422,72712514,72030682,71930598,69854896,69493387,70874652,70932038,69525272,70197002,72096343,71439152,68621514,71681664,70631077,69781936,70359149,73327365,71282099,80600402,75275027,67445493,70985524,65910457,68036028,71843913,67909622,75649740,72328333,72021730,71178867,68312647,69937380,75751558,75816048,69231130,72132707,67811330,72135721,70806362,71999781,67479367,64695953,70060223,69140985,71211155,71581105,70352769,70291659,69227050,73448513,71300155,67301109,70122902,70171485,69367839,73204254,67046775,68152476,70805862,73190139,70753674,69651806,72065384,73526286,74969140,73968710,66437378,69189640,70844150,73692628,73625521,67887288,72754775,66466928,68691738,74245374,68794171,70343520,75198866,67953216,71904325,69868020,75407101,72819651,65588207,71801061,67209935,69395915,67311463,72804121,68960815,73331443,70860767,72989052,71633577,78762742,66405286
74318152,73534148,73567996,72153812,74779316,75227266,71122014,73255425,72349500,77478135,68565323,73325768,76832318,72134743,67828689,69859676,69635095,71706885,76824709,72358421,78760459,75782039,70753327,72494005,76403644,75462291,82605295,74032229,71490903,72645782,75910749,71574503,74933202,70375714,72235373,74888553,73003812,74758364,73272225,70719247,72957553,68252915,78325533,69903733,74258059,71283891,74674705,72753557,70629910,76010045,71846319,71613372,74774035,73071263,73464840,73145111,76368988,71169965,76011008,68622442,75666699,78741854,72117534,71980169,77103055,73304262,72355219,75683179,67747520,75352814,72586800,72851862,73408832,67048181,73200653,69829220,77980493,75810137,66562568,70193213,76810492,68307731,70387045,74610433,75498721,74096090,80176056,79449256,71949090,73051588,82156704,72969007,73005088,79209295,71403607,73860198,74563543,80155365,74254599,77368703,76275833,77871230,74579934,71959400,73169073,72376155,73772352,73384815,70732019,79165235,74064570,73101003,76275827,75137036,71529286,73624470,76670973,67361625,75147464,75375728,71319490,69878626,72450159,73065089,71159336,73430262,72702070,72299271,71399486,71615463,66234428,69382709,75137177,71750880,69738951,73656886,74811126,78817344,76164684,80741582,74969268,73699808,72405348,71278843,75143350,74488796,72566128,75090599,71017588,72773350,76709444,75322740,74614562,72915637,75195276,72539187,70702797,73338493,72293224,70820413,75813274,74232348,72314323,72680729,75760922,76079168,76965777,73448397,73202035,71204691,73565984,72245051,70417370,74005877,75934843,67995019,71363323,72974384,74891894,70016109,74036982,76018481,67978573,70477862,70268367,74192119,73421125,69195960,77471673,72074480,74332947,74793891,74259533,74277190,74310754,75985543,73928786,75129575,73031245,74951512,73303602,69190126,75924544,75292540,74715106,73249357,75067977,73119701,74038502,74476811,73170614,72452622,72210602,77523759,73943293,78155885,68703990,74067899,75051196,74215055,79195060,82095138,77459639,68876912,70853407,69605287,68693734,72847765,69962587,78811089,77457113,76036942,73000474,70196425,73272136,75981657,79007292,71309107,75725297,68615341,76691259,74721864,73335392,75903466,70748724,75098749,73539242,70530000,72037053,76197609,72514857,70965637,76645207,75094278,70848569,72225783,72777309,70787145,72327817,69483100,69105633,73424955,76369820,76453512,70592340,74266056,75343352,75181213,73063228,72631942,69027415,73811622,77379782,75842155,70254180,76440154,68543542,71533366,74263090,70472487,75246614,75606489,73349471,76454140,72434916,77347145,75230278,70509633,72415902,67479512,74641444,71383124,78239129,72360510,75890676,73325786,74199571,78109099,79253735,70199044
76241931,73872682,76019237,73767368,77297554,77136939,75843272,75731437,78769038,78754055,70848255,74122389,79377010,70819107,71682277,74877828,72004604,78854775,80328594,75395009,79729319,77148384,73721013,75164263,75844907,77932698,87046204,76376262,75489578,70910252,79527272,76484971,76372989,77717605,75977569,78693153,74122505,77552654,75212337,73324790,74488249,74702192,75796896,72485841,74696506,73280402,78629989,74136245,71297811,80282408,75195403,73586826,76339124,72276411,77693766,76442705,76145399,73867597,76604489,75928244,74415489,82636741,74660338,73871545,77655077,79361433,74028337,78316865,72848800,76278097,72795138,76251401,78234287,69245114,76191612,74597469,78116623,80979931,68337666,70174941,77851022,72222809,76063623,77397140,75571971,77836289,81415745,80338310,75495385,77456197,84586304,77640820,78634218,81507082,72839115,78131094,74973673,79068758,75042849,81940186,80867979,81557112,77917571,71236047,74775941,75185469,76327671,77592776,73819102,79810209,76845829,76002934,77023267,77840601,72635689,76165981,80362783,69466799,78727916,79847868,77086280,74898953,73678118,76441265,70937756,75289549,76157516,76002068,73548811,74739798,69859833,70748183,77886735,73784230,72532802,74961918,75797778,80149356,80417891,81488753,78382388,74331696,72224415,77560768,75339445,74478070,76877605,75531458,73758294,72779441,79090893,78459447,77377584,74345887,75724860,79659034,72765281,75739618,73004384,77318004,79050792,78853114,77128012,74803329,79014565,78435924,81806514,74399565,77475232,76355437,75097649,75968341,71956340,77762019,77588593,71737840,76547030,74773476,74600878,70052595,78130447,75828995,69955455,74404914,76461507,76553970,77862705,74354871,79754081,74098504,78079206,75910351,71879168,76522899,80641256,75179817,78435104,76792817,76272938,75220930,76879853,74305518,77820878,75352273,77936319,77018329,75823153,76175294,75153893,74424987,74517446,76171685,75856305,77181865,78611331,79436438,73897084,75120706,79111370,76569672,79415130,86870426,81107483,72469007,77591438,72765004,75223082,73763907,73347231,83663819,81828548,76662642,75810265,74799431,75217071,78596129,79659926,78123627,79009238,74795390,78017993,74157853,80189530,75373446,75154904,74898977,73533400,76554886,75210488,78594165,74887763,74112069,79219925,74232000,74791621,75595631,75415321,75455538,79131877,75913507,70499359,74911296,79695637,73262013,75224685,77912757,76180113,78752609,76400952,76981721,73118876,75522836,79512254,80242183,72364114,77305441,75355696,75439329,76193038,77499549,78084497,78221151,75605687,81914827,77454226,79360416,77961377,76005003,76267866,70476542,77055891,73544326,78823136,75933757,79198695,75674313,77730469,80273378,82826468,70166154
80588530,80095458,76875463,79451094,81610530,80511033,78001555,75649394,77213834,83523434,76382328,75967579,80828499,73140813,76527506,75368620,77410256,79969089,82126047,76601591,82416577,80263053,76351826,79279710,79552403,78734325,88005067,79093058,77949515,74309464,80108622,78515499,80536279,78956038,77129003,80506947,76191638,76299240,80473456,73745215,78158252,74599774,78642515,78411565,77865659,74551971,81353155,77165074,76430577,80151009,77343829,77563826,79485236,77192868,75356250,78859859,77775761,75927745,77406158,78923926,82969136,84613782,74376735,76763361,81958892,78490695,74624179,82671736,73574506,80459112,76760497,83098265,80096670,72217008,81494608,77109845,83749923,82395513,69187885,71915226,84640573,74593706,77507854,78123360,81747943,80319688,84443698,85829706,79435930,78272215,86805868,80274401,79900993,84929793,74628354,80810395,78150756,84507550,80828599,85174154,82935249,82847449,79705607,75674839,78897802,79627052,79258817,77731608,77421550,82602910,82450670,78862959,78685838,79650137,75336327,78187191,81573986,73299451,83376995,83824696,77821916,74383595,76764181,78715270,76768889,77327697,79549539,76908220,74050081,76407942,75492564,73435737,79337286,75363295,76304137,77021535,78066034,81597095,80887486,84295314,78333747,75314063,74971475,75663075,79674751,77877470,78619153,78462008,73762631,78837516,81704309,83645684,76878743,74775716,78455165,80250651,75069445,76992462,76548272,74835598,81286258,83233402,80773840,76344044,81500227,84314085,82339637,78420828,79010088,76659272,74753312,78758037,75252477,79898146,81284797,73762307,78368498,77297360,78100879,74589488,81473124,81485133,71830985,74821885,80021308,77673351,79415411,74101315,80148893,77756285,78672037,80221850,78897772,78809724,78850762,75840030,80749401,79664577,77515747,81153586,78595830,74017327,79884763,79501941,79395249,79971125,79013071,76997438,77647655,78245105,79457817,80145179,80409122,80521035,78644632,82050545,74954220,77793363,80972436,78499988,79347607,88332702,80878971,74578308,78169052,75680151,78066952,75173820,77225867,88247557,81389598,81315291,76992929,77102574,80681313,80111315,82355231,80011997,81529503,75494025,76459188,83099454,81613457,80990058,77679104,79993083,77987317,77043094,77375770,79361609,76775826,75844384,80744176,80409207,76221370,76148340,77772783,78493492,81118693,77407712,72855345,79020361,81539279,78383600,75341249,79046225,80182280,81733097,77332803,75648291,75348482,79583152,79471278,82653111,74001246,77647029,76316820,80262521,78559782,77228475,81074640,82584231,79339450,84334289,79953255,82415963,80879003,78845952,80613233,72085777,76535300,77472197,81954798,81345372,81010908,80053509,78617181,82998900,85517155,76308993
72394106,74009517,73631964,69538063,78147526,74349804,70197762,69557313,75453788,77827754,71358593,71411602,73053457,70471634,68901580,69164101,72441121,75425447,74232441,72216344,77830167,74955987,73620317,70549976,71334818,74524983,84138459,73946731,72317156,70563077,74404168,70905591,72861864,74265509,69840472,71453196,73535051,72366800,70446364,67926368,74310844,69343330,74159315,71438757,72960398,69688590,73509544,68454268,68007768,75637510,72318562,69842000,74226687,72899988,72944772,73489466,74145207,73723520,74577019,74832919,75294085,75263746,67796237,70536688,73802127,77031634,67903148,74998506,71045683,72100359,71906914,74512396,74312619,68336804,72496767,71215664,73498505,73501610,68567478,66518197,76292673,67254865,71624569,72537627,75144620,76323884,79606114,74800046,72582649,72240395,77774565,73555394,73588995,76727169,70308839,74265493,69887840,78635454,73669346,76806672,77642470,78313761,74058484,69353036,71865031,74211230,74442842,74198826,69948330,77415344,74097745,74570666,77498697,74058294,72753887,71131175,75051058,67936394,75626345,76453699,75263433,67917447,72482754,71953340,66558471,70218477,71828306,73813819,70439974,71919890,71664251,68977233,74871518,71395599,69780574,70870977,73627548,76320957,74978601,79360458,73977741,72377208,71106458,69496475,75527251,73082714,72335247,72705976,70507264,72775811,77782646,78177326,71849687,70527401,73813674,75135283,70693148,69843128,69865090,68991663,73597433,77470838,73905754,73740750,76159495,75452638,75661252,73712212,74654440,69140943,73554470,74047454,69180470,75218174,75743437,67138069,73176807,73164158,72191047,71331423,75009905,75142583,65136113,69895964,72642721,71118167,75148939,68443607,75118118,73285067,74258252,74170858,72375469,75176811,74247454,73662750,73207626,74224210,73461266,71163638,70862861,71955495,74770666,73442041,74047499,71095874,75943693,71703697,74737503,72322135,72037500,73079151,74028799,73316805,71455075,75621778,69567290,71934144,74719061,74178736,74512943,85945589,77515735,69364234,72451135,68799586,69611031,70432399,69975210,80639041,76609903,75001495,70943174,69049069,73131133,75156389,79578848,73415560,75091928,71764635,72899302,75550341,74065166,75347608,72152035,70227848,72961018,73568445,71586112,75513289,68981248,71467788,74628433,75181247,71749493,70714344,72771896,72489891,75180906,70058445,70365690,71689230,75921171,73111520,70156620,76493675,74231070,73439577,74319263,72389609,71071075,71350707,72948103,76853984,68802632,73386402,70655562,75926205,74017958,70136390,75498909,73735613,70931534,75133085,71094856,78298685,75981425,69925223,73610424,68614444,74430354,73064352,76388773,74708809,75390087,74799754,72397576,76363562,77512014,70635628
74815066,72357646,73920227,69061954,77118580,75777180,72708639,72603484,76244555,78392586,67502974,72131633,77569336,67686749,70577902,70857770,72206341,73076223,76590066,70099712,74756479,76895352,72120407,71319948,76380245,73084947,83674963,75191771,71756222,72103122,75989678,75460884,76383360,74245006,71558483,74530117,74128192,72285131,73345629,71775054,73645508,69061455,74756725,72401225,72970808,71792357,74105723,71948667,73101924,73684400,72269576,71724280,74800850,73612593,71686642,74576032,76292425,72359642,74575425,72292795,74802454,79535106,71863387,71220120,76717029,76947840,71409642,75338402,71017034,73719795,72973278,73743306,73404015,67564655,75008909,73705447,72419168,77092464,66137120,67761203,74957741,68434202,69608605,73269112,75159727,73492980,76750945,77885139,75237772,73233230,81744375,74997794,72969028,77244274,70321932,74588883,71819306,77313277,72429086,78902022,80360443,76971760,74134927,68966636,71171327,71888598,76222875,76214105,68813978,75775486,74925882,74188998,76197677,74368489,72573900,71071032,75275041,67145634,75424309,77343499,74638286,72526424,71927076,74219511,72017498,71520339,73104916,75139917,68914073,72359891,67916350,71457541,75241491,72730968,71927250,75249443,73979262,75898313,73980492,76361123,74129726,73295798,69307129,72550556,75861565,71022065,71996876,70279854,70972525,70423757,78148039,76056632,74780645,69926732,73506391,76514723,69922205,73822359,70646563,69363180,73992786,77438057,73891098,71546824,74794509,76278435,80092335,74868338,73636635,70963344,75215617,71700770,67624357,75535041,76818900,70897044,72859039,71337765,73498377,72002361,75546889,73351033,67946215,73597205,72598857,74511428,75947211,69651153,76352542,72030864,73408040,74331952,70037517,76694914,72280805,74322426,72840929,74471276,75900966,73119071,72437157,68842830,76860390,76574932,75029516,73246036,75672615,73141944,72785866,73970125,72308119,72261766,74475248,75486947,74638367,76132569,67892045,74319414,73701831,73034659,78363683,81770307,77130529,70531058,74130063,71905621,72510293,71942308,69604676,81480188,80337322,78276543,73525782,71066357,74705878,76235737,77551029,75652141,76513573,72117672,78184903,76541078,74228785,76334950,69077617,70729250,72089299,71333000,71533396,77063533,73689954,71137073,77439425,75196176,73613448,72761570,75785008,75728141,72923989,70301543,68328046,75410476,78646972,69272606,70937218,73487972,71575036,74808325,72785207,72535327,68366062,73879263,73694789,78123789,68637707,73772271,69336358,71754091,73346384,70888770,74692324,73398131,72358733,77550599,74761200,78635174,75798850,70886833,73118221,67733655,76324752,70429123,78354319,73253037,78136319,77899148,76558227,77151420,79382140,72163337
72474918,70109961,70943977,70853084,75628014,74116094,70970592,71213838,72142236,77258728,69160164,70567732,72243692,67935701,68392199,69247761,71073580,69918948,76219357,69160360,74463532,72566916,73374252,71089029,70985580,72565568,80208940,72322606,69083637,66252760,74291743,71423278,73044428,70873894,70160995,69579934,72044083,72102090,72788334,67592538,71802118,67185146,75480657,70044347,70581958,67841873,73267924,69203887,69106260,76189030,70382591,71360751,72563146,67515418,70597426,72695669,73883413,69970888,72487252,70539930,72122229,74090163,70983696,68340364,72902048,73200281,69218034,73659806,68022770,71378668,70788717,73728337,71966952,64073906,71907562,72573094,75849897,75945578,65339882,66412958,71887054,67311356,73185414,73975440,73236714,70816634,75175800,75012170,70992059,69242493,79765041,73537998,71777803,75605711,68887933,72301286,71748675,74627098,71414257,75656409,73696486,78995139,73703536,67768163,73265244,72346759,72919499,74765754,67456243,74217017,72379657,70282851,73499393,72792913,68243814,68587746,73560967,64899718,74307623,73698982,70991448,68511953,69245170,70675268,67625845,72184042,70862647,71749235,69881640,71212574,64458375,70127293,73464503,68435522,67388485,72417595,69576333,74284297,73628572,77659760,73449558,69141698,68673923,70304238,73220940,69520649,69938105,70492643,70437846,72603865,77269423,75876459,71657789,68823262,73121545,73013782,70099873,70706477,66570263,68571411,75800765,72557944,72192473,70471432,75649754,74125790,74979652,73209465,71349985,69400054,71978949,68373935,68306276,73333294,71890347,65466762,70370584,68520281,69353529,68730193,75388403,71940100,65050844,71159003,71101442,69323298,71363296,65959940,76675827,69959045,70362197,73127312,71512220,69446789,74848253,69122386,73191722,73352444,70373832,72779739,71244558,64549624,75567304,70730570,73124321,73896448,73360527,71300428,70666486,70404100,70959560,71555647,70012411,71936858,71882089,75282753,66248707,73568986,73257744,72125964,73404950,78383952,76662536,71749327,69718155,68641957,68731443,70347889,69208391,78316772,76296298,74071700,67768867,69546905,72391818,73873062,74132767,72774230,73516370,69076125,73573233,72382495,74408597,73721059,68866271,71392672,70930055,70554196,69959807,71235764,67300152,67369256,72309308,74368573,69969591,69487668,72532376,71645784,72386035,69652613,70218798,72712897,77188682,69500089,67403270,73478200,72025846,76470728,72500187,72157864,70254771,72963417,75728178,75055775,63446065,74424161,69477734,71727803,71623710,69042067,74073979,72542832,71649317,75121970,70725276,75856226,72701291,71016208,73362866,65289341,74541024,70349780,75110427,71346042,74221943,71575522,73665280,73478751,76823711,68049278
72628208,72105282,72589336,75016432,77268305,75624258,72150191,73745076,74914617,79354122,69857371,73272812,75795106,71374558,71098693,74052032,72359370,77273713,78553747,72984376,79595177,75406576,71190096,72904281,75533566,77879834,86290779,76696571,72068602,71146935,75812692,74109066,75473358,68532506,76354171,75628000,75675890,75737457,72690230,70605426,74855845,70691635,78000361,69897595,74653401,71314642,78531313,73847248,69300491,76711490,74543889,74984607,77638406,74706937,73345834,75810706,75682675,71725045,76043060,71096058,73090341,77020626,73609506,74252898,76217617,74860594,69100501,76409615,68678582,76357909,70053020,77034992,73364006,68342200,73953470,73704897,78509743,78012386,66174191,67930271,77478885,67713333,73286237,75321097,75158202,75506420,80995645,78899540,75439819,73906736,79960367,74937265,76544859,79686584,71811404,73971757,73961285,81005800,74465960,77411933,78778862,80286948,76632545,70939345,74609983,72776624,75426206,73855059,72290801,76300809,76011395,74859873,75495660,76190383,71225125,74069620,75763199,68107244,76385365,78872810,74494653,72115281,73449131,74592984,69723483,76158130,73802947,75313282,69990466,71487739,67774983,71659779,77151354,71615345,71358709,72380911,77316377,77754085,76293041,79744800,71242485,75341918,70871037,77079015,75354859,73585965,75968440,72917829,72691290,74298574,78239921,74905469,74065166,73218295,75319069,76322456,74950436,74369816,70970100,74873341,75197916,76479115,75059530,74754554,79987265,79449355,78962184,75303541,77075282,74513122,75642015,73556785,72029611,74478429,76100647,67744096,75377099,71915045,74024706,68609733,76894893,75307681,69003667,70442808,73961307,74986365,73000101,71065125,76570668,73306358,77040047,75103510,71676692,75766960,76842711,74697916,77052278,75117565,74390058,74504018,72809891,72399421,76651615,74187422,76623373,76392149,75792090,72449305,74504996,74247404,75734588,75594376,74001893,76413125,74289159,78474014,72254469,74271324,75987455,76345780,77301731,80785109,77101112,67536361,73398659,72705897,73560951,74131008,70120022,81465549,78678649,78957184,74433219,72867147,73604717,78531051,75479033,75027419,72962520,74696171,75887633,75922592,74357592,77199302,73762375,73632412,73513232,72811781,75206435,77183411,75432963,72664952,76533126,77912792,72524717,72992330,76074898,74113911,75480462,70207367,72660721,71635469,78470841,70210001,70403964,75607613,75355880,78248541,73261661,74597813,73849445,75161474,76261182,79079821,68523078,75609888,72254519,74490603,75551305,74225621,76951884,79039447,74950940,78295664,74131517,80433490,75928906,73647883,73345180,69605585,75696213,72630453,79403800,74272024,75692701,77671317,77877162,75009439,81977754,70401914
79102350,78969733,79630992,77861434,82610518,79995793,78259845,77489295,80888553,83767137,76604498,80380568,80020647,74991786,74885127,75207438,73231070,79574069,83936996,77473009,79324035,80246191,78643778,77490848,78682659,80655083,88439970,79619988,75427704,75981426,80004912,80378572,80598910,77026843,78819513,78693200,78730817,75205697,78862662,74949068,81258252,73286302,79006459,76746361,79791684,77136000,81288125,76715402,75635039,81848127,79037200,75500730,80104622,77085998,76787965,79256038,82237437,78375391,80493577,77489533,80345645,83311799,75120983,75032046,83560085,78167993,77194215,82320515,74095756,76987797,79411785,79656677,81544181,72873080,79151598,77563586,81459685,83463879,71388104,74420978,83700783,72753933,76749957,80446357,78187533,81732218,85334534,84284225,78016999,77865806,86741933,79759866,80644736,83596125,76084335,83269913,77151981,82923632,77863455,83600469,83116735,83889199,79465499,75372687,77838817,75815529,80067831,80930525,78860218,83204158,80467442,78664031,81578829,81965804,73436733,77805352,83686949,73634294,82896117,85312944,80383416,78520230,80482640,81042985,73758342,77084135,78075450,77248998,77499990,77317015,71404381,75239537,81956548,77191106,74420728,78710342,81472814,83813839,82812897,86026584,77807290,80139708,75690262,77768365,78682095,81666166,77953181,78389955,73598400,75829998,83582759,81182198,79079660,76832992,82091901,80260453,74460039,77163248,77184295,74374910,80654100,81239757,82029010,78426065,80134460,80950448,81833646,80598574,80081171,75876984,77160301,78598402,76191690,79546386,78796235,74380490,75840272,76921966,79544379,76624209,81508320,84013169,70592419,74967536,78410204,76615088,80088492,73982249,82857914,78313157,77876177,79616966,77125623,79506922,81315716,80876507,81307353,80493097,78758266,79595732,79350145,76295791,83015699,81280197,80133283,78302465,80975730,75770321,75427643,78399770,75720004,79375020,81065006,78104818,79996892,83625787,72501140,77678094,81397077,79244153,80995365,89977652,81325264,75718435,75378563,72309156,77543157,75525642,76225467,86604279,82477632,79345347,77148591,78163633,79200799,81475239,83257632,77062413,79828460,76407035,82330565,81827290,79472273,79914113,75853744,78140353,79412415,75763736,76321591,82399292,75295054,74510195,82087596,81934385,73419761,74735306,76516100,79329197,79434902,79191954,76027828,79270614,81138887,75769455,74393135,80152513,79959102,83665981,79437085,72632423,78601160,79240211,79934502,84199984,75813987,76798900,75000467,78707646,79822553,78891686,80917227,80137548,79459723,84363827,77887383,80384291,81502267,76591711,81169640,71779257,77502561,75962151,81849948,81370346,82800737,81357453,82587230,80697747,85258465,76142056
81166447,81882196,76449311,80281071,83239627,82099852,78014776,77993696,78712906,80144547,75339161,78140892,81302114,73410323,73553600,74525494,77312698,77231284,81691610,76869003,82403208,79281816,75701880,80563991,80050054,79741694,88248946,80132339,73394911,77906596,79830874,77613283,79964450,76807162,78600136,79247744,76036329,74515344,79876161,74871963,79337279,75209851,78444832,74612110,77504135,75101995,80354408,75066751,74603873,83429728,78439284,75531672,82726581,75650972,77725448,80002653,79780685,77730397,81243900,76413547,82007726,80112342,78303862,79616913,82192775,81852016,75873970,82085166,73472031,76057678,75097381,81920492,77436677,73751624,79285360,77736080,82968819,85120640,72848994,72200478,82917004,74335796,79338739,78516483,79077611,81428397,84027694,83734359,78154210,76897426,86640787,81263654,80682885,82911506,78199043,82464032,76680706,84776770,80638963,84422853,82136043,84472374,79957317,79252549,79670050,78958686,80766622,78849182,76001359,82962960,81213659,79373346,80708069,83882874,76285256,78597168,81556812,70535464,81563975,84181108,76594654,78390029,79864929,80829783,75836242,77520106,77193302,77824252,74579191,77842894,71447648,75101710,79026499,79104409,72946254,78196794,78877070,83419493,80165882,86699461,78924225,76809440,75810384,79305377,78137940,77997079,79485445,76938132,76956849,75779660,82117168,84274666,77239427,78457488,79724996,82249678,75525685,77085192,75550271,76550328,81798020,81950147,80724216,76362119,81315147,83020972,82792133,80414189,80638033,76618939,78084029,77648117,76725373,78651080,82705126,75566029,76635712,74735911,80157622,74391809,82937191,78765000,74352708,75335623,80466045,79273740,80001941,74338070,81361679,78890122,81705936,80288114,79139775,79095124,81973279,78371893,82534062,80570417,80476057,80609762,78176471,76420461,83631458,79153750,78031879,77893593,79042986,80852124,76380568,78226504,79428582,78575204,78518659,77846105,77532786,83992461,75003730,79455876,79582000,81069750,82945121,85446068,83896744,73787987,77021903,72406958,78314425,77273663,79021978,87654611,79892466,79987496,76656052,77532556,75153782,82807741,83836003,81257599,81427433,76768556,79814877,80884065,80592407,81077822,74956420,79826001,76971287,74109574,75551059,80366183,76167865,75356347,79454882,80415598,75846796,76323959,80586242,78840193,79666007,76613972,73562586,79180154,80949695,76743360,73431442,79893496,78381987,82765140,77186456,74404927,77625848,76186313,80685265,83847897,73876869,78163664,77158293,78816962,79350937,78293137,81266247,82777323,79945455,83469185,79063116,81685620,80419458,74081927,79889992,72008901,79369609,78524463,81116767,78204358,82978188,77808102,80803758,83880828,85230857,75845770
73122368,72714766,72978470,73366688,76790178,77430411,71171962,71304670,75477181,77625044,73311878,71227728,80596277,67672461,73611637,73781574,73286421,75953760,77562671,73459750,77886062,77762100,73796644,71595114,77278672,79018093,84343794,74920412,74662842,70453038,75951905,76304376,79532746,74630855,73297037,76704001,74207818,76621022,73633869,70034373,75480959,67364253,74768557,72397962,72236535,72087426,77162181,72996081,69698032,72471357,72834139,72074617,75264281,73228999,75606575,74936452,76047402,73387882,77358531,73280571,74267914,76894993,73796934,71766917,79332965,77497699,70531278,75646374,69312204,75399498,70606518,72768109,79701311,68882783,73966742,75805252,78582202,77440956,67678879,68088090,77670307,69167714,73839533,73860085,75393501,74867578,80092995,80260205,75775668,73822194,80882076,74732173,77170351,79105684,70161119,76833194,73896014,80744366,74210203,80284162,78673692,78238953,78584891,71339831,74231213,75241982,76947381,77556352,73460732,78553362,77867731,75363753,77190319,77838568,70432119,75142757,79520305,66141436,77631739,74936962,75548432,72937527,72702612,75059938,68815435,72671869,75452860,76900897,71886064,72864295,69715859,71309301,75426745,74329170,70324067,74349497,75874605,79250004,76397177,79769390,75712110,74646922,73550512,72460457,74990511,72054701,78231149,69900714,73736703,72533940,77794840,79229583,72868273,74673146,73830333,75377402,71069374,74599203,71106015,70666908,80197542,79403147,76026105,74365323,76481650,79762897,78866728,75727587,76144497,72216847,75226588,74679193,71660055,77540448,76081160,71827869,74440559,73423180,72719354,73146149,77699877,74085644,66806433,71192405,75651272,73875016,77591731,70523420,80199397,75222624,76187386,74905691,72663861,74944001,75871838,73752426,76719018,74921129,76347994,74499476,74588845,69597686,74857308,72689304,73950311,73267170,76075495,72618564,73646274,75581457,74797473,74566692,75698142,75478775,76553439,78637225,71665932,74548519,76659375,73664771,77200203,84266167,82175774,69433173,73681417,67937143,74931764,74615722,73027414,83612290,77170483,77461988,72784022,72030985,76118235,76573029,77887106,77187467,77740682,70927561,77418359,76143701,76149189,75541849,70260850,74742692,73905080,75205472,72877387,76699613,73893777,69874344,78036970,74812459,71098212,71690311,74453013,76637550,77464387,75127116,70890328,73291885,77678428,72002246,71343428,78217998,74456284,76788178,76956377,73763281,75310839,71761746,76383674,79098249,68263109,75040892,72053730,74201313,76433159,73880054,76931841,77555830,74753497,79184738,75219059,77916595,78756189,72135125,75141914,66426565,77433463,72261093,76178461,75018934,78476505,77657037,76123449,78348399,83645104,70907897
77622415,76317405,75007739,77614905,79969877,80474533,79458815,77196557,79503822,83327540,76525912,73985524,77320147,75175131,74415011,74489637,74152768,79696797,80403069,76787672,82259026,80631218,76005420,74551313,77382159,80849538,87153973,78851708,74269017,78160891,81585343,77262822,79496349,76945002,77002527,79902731,74955453,78418673,78752574,71863195,77518945,73665507,76219537,75624600,79771049,74655703,78660488,77163968,73197068,79437578,75091616,72750798,79708236,78233690,75873797,79132038,77360786,77963120,80137985,77566105,78393305,81564051,75565628,75567010,80098842,78660536,75229166,80987781,75214916,79808662,76246782,76822743,79177107,74535677,81426718,77035005,81803836,81361382,71905318,71176919,80420064,72943742,75699568,75497466,81118567,80549293,82433153,82248367,79562134,76271202,83923953,79822291,77997768,82512004,74050618,80541395,75574996,83766275,74092721,81040145,81700254,82335621,77361878,73936338,77910057,78106785,82408794,81411044,75377586,81407507,81915858,74796840,79715398,79858325,74011333,76324419,81352022,70788990,82498884,79993898,80704618,79318650,73879448,76759406,72609067,74697200,80568859,80212087,72401926,72911838,75949308,75923815,81232151,75921498,74349317,77072055,76003689,84007866,85249303,83470186,79039861,79688346,73591968,74937819,79329870,77842576,77471922,74292490,76367422,75638684,80104647,81738808,77539665,74982282,78671485,81076812,75109976,75870873,75830221,77316531,80609983,79382004,80878798,79066619,78840997,78999671,83927498,80732256,78368549,74230610,79144290,78068417,76121016,76759434,80050452,74131192,79127258,78056156,76288693,74242137,82511131,79053125,70094528,73086892,77489010,80292972,78031176,72986745,81010041,76675000,79073595,77487217,78950549,79320522,80096221,77852949,79012337,78739180,80620809,77622173,74337166,74603444,77908603,79280280,82295361,78762590,78369379,77189257,76850227,78576249,75634367,79538447,75774453,80200712,79093076,84013640,76725837,77733230,80522871,78954323,80356423,85524872,81297786,72577419,75252098,74454696,76331676,75506590,73119643,88953911,80549297,79569689,77190971,74845359,76384019,81235949,78898242,79108620,82048386,73129732,80366974,79095257,76889675,78041170,77723949,78272033,76348472,80953245,76825838,78777016,74253534,74679450,82029302,82021716,76745844,74527447,72421789,75954149,75687507,76174220,74182459,77111269,80188994,75949382,77578448,79286736,76985350,81291189,79108422,75803666,73834841,75119796,78400655,82461527,75313527,78729348,74343333,76405098,79030847,79239718,80882825,78830011,77375758,81531832,77391057,84324974,78948738,75192178,76923492,69856934,77244215,72267746,79895718,77417971,83562353,83275242,82207573,82522553,86928408,73351386
72699119,75127922,74548352,72701898,79510941,77789686,74124193,75782529,74530883,78077105,77016391,72765656,77225814,69102820,71773675,71218210,73085036,73517099,79622032,75802362,79195841,76743156,75292828,75082114,73494885,75435179,86154120,76130874,72637309,71261898,78156034,77014446,77056683,77663770,74783715,76255292,75578097,75455394,73052159,69917382,74659467,73106465,77540076,71682174,72570854,73565623,76841936,72885173,70351732,75485421,73847575,71851896,74039593,73017148,73225447,76488605,77728360,73661973,78101535,74256514,75214645,79356823,72531459,74932884,76581214,76479284,71911998,76866345,69509887,76509807,71206159,77570145,75238330,70216184,75886044,72864114,77187426,78684473,66880281,68904235,77795284,70719285,71795006,74866985,75919441,76523626,79171257,76405778,73296930,73300180,81645712,75034803,77659314,78622750,69084147,78896864,73103143,79752597,72776763,79325018,79894869,78997188,76103499,70102506,75814144,74567497,76376067,77681816,72674223,80685580,75772874,73781738,78015315,75842666,72944643,73764485,78234448,66208699,77746368,79194798,75910403,71693424,73128282,77108933,67769628,72640052,73004666,77753043,72293886,71154368,67566111,73281397,75159794,72429537,72090420,75487827,73119149,79804977,75763239,81916341,76108061,73583912,72282130,75243543,77009987,74103652,73121693,75531261,72130087,73004513,77853052,79974923,76602842,73450060,74896703,77486431,71829640,71340840,72736325,72016212,76806636,79500651,79236511,74232531,75060532,82020278,79019548,76514142,76912960,74124650,73255577,74623435,71150275,74997103,79788868,70548112,72870658,76063665,71842433,71611810,78488566,76604625,67259392,72357336,72688396,74863073,75892960,71289312,78369235,74721585,78310170,74157422,73762028,76767282,76729768,72804536,75832227,78238444,77594619,75807160,71679784,68847114,76643031,76987872,78015138,74636980,77340710,73563415,72161980,73145762,77236991,75208619,78846810,77530764,75942191,79065020,71464609,73314242,77593993,73947235,75041659,83834583,78851517,69873634,74350718,72103954,72961274,72847857,69757298,85036778,78830489,77299584,72725277,72321507,75060747,76232557,74973042,76566394,76274731,71864436,76285518,72994582,77982512,77013275,72648912,72579285,71766316,77202512,74322116,75419542,72180165,73189021,78895174,76649204,69766619,72371813,70878025,74338834,76740089,71038372,70283736,76908933,80448284,74322269,71549319,77606638,74017703,78102894,75891107,74038334,72830981,73790267,76359879,79436342,70532710,74306103,72645037,76047860,74783958,73989461,77003268,74668649,74347568,79868562,74656891,79446815,77263638,73001428,75434926,70353187,76795642,73239773,77501165,75375021,79242998,76723648,74360667,76002707,81954550,70056675
76052958,75041330,75112152,75371169,79640153,77248196,72448605,75410729,77870810,77584546,78168514,73726052,76195691,71441272,73901389,71093665,74707636,77400722,82779888,77777672,80323939,77030085,73450467,77379279,78269500,80579572,83610917,77250593,74436456,72790562,79004175,77803378,76903397,75240376,77667340,79553110,72220288,72922305,72666973,72252621,76347937,70732804,76308426,71400984,73508427,75568847,79614869,75072853,70909928,76928908,76336040,75051890,75222140,75630027,73753432,79686207,76772225,74582205,76851597,75783966,75371688,80271854,75036000,72790394,80351474,77823991,71896435,80476955,69159221,78888954,74096088,79306347,77490187,74805858,74951387,72512325,79426942,79382686,69135527,71769051,77583813,72729434,72929715,74998029,80657171,76402347,80593260,79609262,74774358,75354907,85654574,73915496,77766416,80955008,71988605,76199080,76888287,80395294,74883044,80046587,81704407,79908820,77384269,73808715,75296237,75842536,78266553,74633652,73161660,76840898,79061977,79691174,77168178,77039292,73888150,74964435,76093191,72325471,78068481,76635506,78686909,75133025,72972282,76671906,70954161,74396049,75143640,76834198,73742874,73527926,72811228,71473127,77310068,75244205,72418641,74725270,76029778,80406221,79525901,83023930,79889186,74119925,72713481,75698899,76421908,75688848,76830251,72118478,71083267,73980933,77704447,79910753,77941995,71883385,74610973,77582601,73021422,75199086,73031077,75580402,79283467,77618039,80222423,75295749,78070177,79314951,77969746,76312484,76992393,74386760,74698530,73788317,75624708,74344483,75487284,70423860,75790046,73406839,74654021,71451526,77614340,77286668,71403468,73533918,74531077,75632610,76339231,71000920,79653321,76380295,77622019,74491674,75726818,76520937,74946911,76657773,76748049,76238910,78635973,78025400,74295278,69838536,74091822,76530875,76723433,76662421,76720128,75180849,74163555,77573831,77779226,78717836,76983735,77928905,74484440,79953428,70661570,73659205,75233368,77900933,78390295,84288914,80359368,73342980,75571233,72021775,77558855,76931251,72528659,84496848,78672813,78108824,78018906,74616607,76106319,77826773,76977166,76667225,75835519,73319892,76042414,78695610,75217504,75043339,72164105,75946639,73778471,72750908,73293406,75791964,76707247,72454453,80849382,76563717,73285620,73883528,75051223,75990101,75362665,74458432,73566340,77609807,77808797,75760148,72655743,77223137,73201416,80629070,78788211,75326105,72757047,74301626,77692287,79662789,73887107,80040958,70779229,74930268,75207663,71456328,75703538,77948072,77822659,80510239,73214969,78664536,76754593,72659502,75836052,71965446,77672022,72002432,78223379,77447260,78514055,77867167,78545699,77768301,84466256,75426744
72619929,73905869,71918277,70851155,78268608,75706428,67236531,72329618,73751671,77675139,70886479,70550649,71773366,70106222,71265678,70970067,71185333,75257738,75948782,72379045,75684432,75797260,69031155,70820039,72290658,74734982,81749461,74644800,68089514,69263146,73660769,70937119,74042031,71672295,69669367,71430961,70952468,71895503,73510614,67099815,73574792,68718600,71682693,71742547,74123833,71435090,75769235,73175131,69887788,72273206,70787361,68775475,73614152,71831532,69313606,75638254,75249093,70032568,71115811,70013722,72001269,73479029,70365350,69128681,74752356,70624918,68779682,76452363,70939123,74380700,68285052,72778328,73421582,66660349,73548742,71370425,77048429,73818065,64189677,68542525,73864569,67791772,70573708,74738364,73652264,74271613,79223136,74852970,73081864,71339975,78519513,74043528,73290178,75181983,68957926,71475418,71395470,80411881,72145768,74981263,74234871,75085998,73484911,67098989,73305263,69703611,71256807,73354888,71205462,73999101,74240999,73102582,75080549,72801219,71458072,72584289,74123811,69152100,74065726,73870703,72358254,69136669,70103944,71537276,67001159,68234816,71431305,72510194,62974898,69037495,66224628,70425062,73427396,71417655,70045492,71943260,72887139,75677196,73807397,78836616,72755076,67023064,69346954,70379825,74317321,70704466,70481324,70481557,68180418,70820576,76738676,72400963,72669639,66221926,73908049,72013877,71389400,69357754,70055998,68161201,74010255,73836943,73027194,71490049,76347517,73527969,79496406,73469325,74879504,69342152,72090410,71617014,67769348,73291060,71617105,64927582,70392606,69643117,72240360,69726731,75009435,73862105,67464791,69137508,72692290,71204170,73637418,67601605,75078226,73707560,72885969,74986567,72337034,74964304,73537466,74106608,73956400,72274275,74632832,71863089,70796432,69921271,72579351,71973761,75163432,71909286,73706971,71932027,71070076,72281110,71088453,72913531,70443080,71984299,74262905,76282603,67168156,72078058,74268893,70737634,73951975,78900907,74767316,68856608,70687316,69192353,70262897,68762499,69770310,82004040,74496499,73315564,70161619,69835245,72596587,74257728,77457843,71774138,75459081,70191143,73020615,71262625,74160574,75159594,68923541,71079103,70223915,71307602,71163696,71561433,68223999,65779568,74247525,73057148,72769148,71282068,71102295,68349603,71552089,69399684,70036209,69267987,75880852,71917702,69841883,72962197,73494840,76740547,71354604,68588533,66716765,70538945,74243529,74443326,68233882,74641906,68589305,73622083,70542218,70146660,73128798,74320936,71059396,74372045,70775279,77406389,72075130,68453965,72572510,65268115,72097259,68991999,74424296,69169437,73882080,75450930,74990067,72095520,77690834,70520994
71839275,70995162,73190172,70222847,74677808,72767227,68464848,70950900,72759357,75003482,71149496,71055178,70630185,65745896,68655439,67140768,68794062,70944205,73396146,70776795,74123187,73173182,69715896,70770326,69650045,72854834,78323316,70456447,69610555,66698293,71926344,72713594,71862687,71381713,73017344,72579497,69207286,71658820,72776758,66884033,73623721,68039239,71534481,71238447,72657120,69433792,73225612,67814493,67568502,73234012,71147283,71027352,74499832,70489313,69230508,74696075,71711082,70131182,70123327,71215715,73104131,74561151,70347378,67139127,74795444,71070346,70782091,75848372,67391277,72040413,70437630,71415199,74991502,68102157,70744411,69348748,71818200,74494491,64294560,67981737,73631657,67138017,68578385,68925635,70817576,71998899,76001617,74098283,71535552,71994188,76936382,73621115,71907121,78096072,66175834,71909825,69435415,75002454,67920225,73843600,74290022,73788014,73828682,67989429,69431829,71464416,70652373,73761501,69907666,71282769,74232047,74330651,71566536,75287427,67621557,71262129,75959255,66336905,73204111,71235565,73803666,71559795,68265851,70445810,65909959,72022262,73547845,67164183,68255912,68253822,67653482,68020441,74882956,68519692,68387604,68967263,71801981,78808547,73600716,78878128,71855539,68099451,69265205,69367112,70918609,71523654,69823160,69341970,69259287,65975952,73890090,74463243,70272519,67478743,71596028,72595511,69230466,70621251,69566756,67854240,73543445,74967937,74427173,71096553,73378089,71580188,76563331,70517540,72806861,67167536,70748003,71664492,70263582,71977823,75062630,68645798,69588694,72433608,70725933,66769353,74301211,73258818,66707959,68556970,74515613,71262977,74180924,64947698,76358320,71751352,68711829,70743893,70731412,69059161,71693420,73018312,74389299,75496838,71113983,71773177,70061231,67527870,71182841,71568753,72576881,71978591,72534142,67437667,70237246,73218897,71382937,70186085,72112422,71983695,71010925,74315363,68218593,70516005,72456292,72296379,74358524,76798882,76376291,69488449,69332449,65796238,72577032,71837768,67835738,81324108,73734437,73156810,69666523,70598432,71900920,72496831,74660308,74119155,71835096,69951979,71630755,74259598,70233158,72282959,66370747,70586176,66469249,70896305,68848415,69982534,68967744,68824194,74918917,70519106,69493982,69657655,71692211,72267911,71145481,71408632,67799946,72193161,72196011,67396709,68093830,72645476,71978944,76483926,70504249,69036978,67537990,71361968,73479283,75077524,66305060,70761357,67901109,72036194,71490456,66386941,71639520,71839257,71411715,74305341,70483718,72250813,70894435,68620809,75368688,64617136,70070616,68356394,74836296,72384893,74297788,75223905,75174194,73451758,77059965,68029310
73061423,73385709,73678590,71286965,80478503,75948649,71501604,72763081,76132680,78325656,73293628,72795446,75341601,69302924,70641279,69519419,71667035,73787882,78623636,73420627,77937872,75273964,73485258,75065272,73021744,75435129,81066224,75480369,71661116,70781045,75853966,74527243,75101069,73009251,73603447,74022627,74486537,75840316,71357708,70647791,75061223,70846289,76002592,70045613,72123571,71253944,78385159,70290357,70241584,77321822,76303018,74098795,74045366,71743355,74021033,74254851,79061270,74656161,74862098,74525689,74219893,79081118,69504399,72752004,75671394,77981840,73472019,77065143,67427213,74763373,73282349,78142448,76594717,68121577,74166496,73433940,75843554,75683701,68719615,69256928,77869727,71804954,75409606,77922597,74562546,75584923,79783501,79954535,71940294,75129503,81608370,74751280,76442970,80656466,71360572,75046172,74394899,77139098,72756463,79802197,79254288,79847625,75646047,72915204,75862059,74103384,76110928,77813391,70669865,77395626,75174205,77861894,75157853,73829305,70646479,73469209,78442298,66601646,79785222,74858035,74430569,70470605,72988398,73818766,68250166,74025345,72583255,73501292,72651870,72351072,69984936,71357905,76670227,72587578,70633303,73524214,75113882,79156501,77847948,79824354,75855980,70027562,71002348,75856805,78799442,71539846,73789446,72721276,70903121,72158537,74724842,77732426,74346365,73789316,72339470,78177405,74164521,74094449,72844233,73733307,77110853,76411786,77148632,75164429,75845947,78239131,76809767,72031002,73872958,72696062,75540059,71443615,72731930,75364299,78214342,70449348,73644584,71899659,76022881,69769685,77562736,75058042,69556016,70622113,74477857,76243009,77947946,68419156,79751873,75731389,74253185,74583320,73555178,77355537,74533012,71353803,75415461,77095115,73681156,72570507,70506873,71197469,75534185,74477011,74476856,75062282,73774067,73200014,73704593,74219703,75330668,75101114,75894602,75449346,77503587,79266872,70130959,71861797,77628322,76229185,75864573,82082296,79506820,72645631,75385486,73072822,74372976,72500514,73070210,80002993,78056259,76281943,73789871,73184926,74833400,77567291,78207011,75550066,77674889,72383427,74053940,73533385,75465154,73431528,70336639,72528303,73239900,72916094,74753540,76493553,70426960,72138082,80244505,77326969,72457630,68435919,75585455,74302720,75206504,73107500,70718749,72972975,76480936,74479382,70776498,76626162,75929215,80159202,74752157,73973608,69974737,75345229,76568751,77944897,68536301,75852957,70278456,73341465,78039065,72492364,77954795,73687488,74695762,77581680,73321804,79651421,77125429,71512585,75594833,65431000,72870782,70663905,79806577,76788878,77151056,74903978,78364664,76217262,83444974,69990221
72364432,75410434,72931611,74718892,77533701,79853139,70279335,71282291,77353780,77488766,73480222,72623384,76711644,72781652,71028211,70307095,71448688,74944881,80318998,71562054,76253074,73281120,71799578,73094546,74577911,77596358,82840285,77983242,73123905,72612642,78578754,75012187,77140278,74883005,75364488,76913963,73227565,73539496,73149509,70712926,74386326,70251569,72481751,73454532,72345470,72624779,76218516,75446898,72732237,76512931,74514220,72750890,75676301,74038814,74847417,74136450,74360594,74169523,75032511,74901549,75529043,80255614,72679485,71591332,76044752,76706439,71980929,78657995,67504874,75853481,72379654,76481233,74450841,71415775,74541765,72372890,77554137,77838879,67620565,69879692,77440842,72184325,71185766,74009436,74570886,76619799,77787081,78373355,77248251,75724296,83329641,76714673,75723892,78313556,72362816,75396206,75659795,81131714,75525801,81080269,80532767,77476476,78758290,71884528,74144726,75463527,76489545,75938246,75689766,79168600,76502806,77210557,74409823,75249684,71011984,74078992,75086733,70478031,76286976,76168641,71346910,71620301,72020932,77357539,70374723,72670806,73743626,72601657,72650509,72585145,71724681,72711453,74008936,72382488,73270772,72732247,74342626,79045824,77483985,80257745,75433079,71306834,70079195,72829598,75309112,74190798,74546199,73351660,71560141,69802674,78490110,78327056,73889248,73630510,74421072,77258075,72052499,73666559,74008375,73132318,75026973,77439126,77124267,74451097,75745504,81115973,77340663,71743519,77302270,73075518,77461992,73157089,73125878,74708897,77171433,73330009,74990614,73099154,75857601,72444434,76295673,79749545,70410226,66068176,72335401,77959913,75873534,72524913,76079297,75104467,76420001,75712137,73225183,76268092,74731387,71349499,75438082,73235300,75839597,74630265,72958786,71902687,75697459,74857979,74906995,72615261,75716156,75952966,72595416,73471398,74081601,75111420,75861145,76338019,77952209,78531096,71555871,73736176,75466428,74041218,75488938,81338403,78620635,70054260,73653868,72989866,72792621,73265045,71283056,83954554,77982000,77273564,75451328,72881551,76488334,76577375,78538222,75969103,78030468,71686946,73377477,76296400,74625235,75643699,73052412,73586270,73137095,74573905,75438434,79095358,72935929,72965660,78209065,77358144,74566222,72507627,74368155,74394325,74723789,73229366,69648499,71415758,76869427,72517220,72248803,77484548,77522491,75760702,75603341,72491689,70923420,73519207,75478525,79882039,72985969,75411831,70527514,75914576,72932300,72099409,79096744,75936636,75459287,78758400,76859448,78919644,80159516,71014356,75823645,68759515,72460329,70692266,78312503,77127978,76863681,81550331,76945797,78748724,83159529,72275275
76234858,77515101,77961201,72403359,79565942,78042990,77076097,76695105,80036083,79627518,76854491,74553663,81198067,73095824,74035706,74541670,75627844,76974686,80189521,73666676,81585404,79286938,76477440,75282552,76358801,77572400,86210590,76290451,75927186,72660544,80944788,76771422,77113899,73743549,75570182,77165128,76546272,77357383,72716850,73880293,79478822,72465896,77118604,74194193,73857197,74587308,80505553,74690962,72739132,78050402,75780703,75535264,78457113,75788055,74893971,78862416,80576623,75040978,79504334,74531505,78758969,79169044,76226156,73240627,82449490,80298021,73303201,82191118,69353516,78958565,76692671,77681154,76062707,72433433,78251010,77724198,78420403,78191273,72884483,71139073,78858487,75240134,76229873,77508040,78113515,77554154,82616898,82384531,76821239,77693026,84394878,76592620,75155226,83382843,73184655,77295748,75509010,81113693,77418326,79781372,80482787,82163500,77907942,73950861,74600111,77914773,78045685,80069490,74006758,82811854,81332192,77993258,79011780,78933475,73048962,74198496,78528327,70351442,79346148,79189685,78514863,72292373,75836244,76056967,73907824,79559680,76891865,76695091,74484410,74700470,72030020,74854687,78794987,76342621,74463527,77399968,80070770,82858181,78773804,81412855,78256584,72655117,75175642,77135683,78806817,77265762,75970248,75343986,75089692,74955265,79602095,79895454,76947369,77072521,77643953,78637884,72335416,76662985,76157776,76661297,80122456,82098037,79097993,78150483,77639759,82465503,78022773,80096786,75867441,76757539,78571654,76661914,74349510,77009983,78899607,73560420,76005672,74973926,77107437,75727632,78745643,79329371,71845565,74709121,74828544,76850566,80041125,74885074,80700450,78224871,76673608,77772280,74485642,77343358,76738794,74606481,75534706,80064251,77385898,77512245,75283537,68434490,77301897,78312993,76782961,78915313,78391385,74789656,78477317,75068851,76097490,77604353,78463158,78941457,77020340,81155751,72367512,76999012,77124897,78174317,76591810,86417401,79847176,73679327,74807607,72395862,73871082,74412427,75474483,85750576,81407743,77284147,77012762,76200498,77177820,80992161,80532427,77286792,79093862,74271437,77845555,75935569,76820077,77545671,74064416,73924597,75249393,75565574,73741531,78302264,76178822,73876785,78416415,79787044,73446569,75205807,76206408,79224997,76085854,75083466,71877265,77058661,80652127,77255230,74411208,80232864,77841669,79073310,80052129,74865112,72442901,74230649,79488203,78602652,72430893,78448781,74355630,74332690,79312571,72523816,75257937,81088247,77089303,82377171,77565625,80973404,78025013,70761547,75137524,70014445,75812406,74307242,77986528,78374688,74804856,80147971,78665082,78456013,85687674,73931867
75680191,73961068,77954551,74514745,78760517,76827649,74522883,76541636,77418341,78779139,74014464,76080713,77920724,73664124,72117301,72978113,71983116,78827100,79085825,73286524,80680140,81867022,76593917,72124367,75434987,76711334,86232669,77645088,78172319,73293030,77587903,76057021,80004702,78396215,74337239,78037087,74560751,76203398,75400992,73218827,80199245,72449062,79385013,74901106,74397893,74679247,79470692,74688618,73541906,75223703,75531560,73756844,78978020,76663048,74279456,78406647,78662609,72876222,76233822,78103678,78057909,77434839,74180543,75027771,79131050,78556805,74514415,81531162,74726927,76651515,72021103,77025436,78949145,71257461,75928386,73575878,78334004,79910602,70795314,69004922,81424630,74358711,74127739,76553869,75115013,78386389,83057220,81364445,77531317,74300265,82923791,77874278,76219081,81612454,73230145,79527845,73481253,81529474,76850314,81218715,80698746,80537119,77282984,70767842,77329048,76692519,77870819,77748472,72992525,79799575,80151473,77370175,74567561,77132956,72923735,74967951,79494222,70241883,83509351,79371373,79131502,72792667,74479185,75238834,71425210,75395633,79632972,78562263,73700873,73834924,71703103,70898774,79204683,74952748,72145932,72885768,77969567,81617235,78710972,81590811,77432726,74808543,74020626,76546301,77817653,74851042,77564729,73650466,73049509,74122985,75895209,79294366,74827027,74851228,77864849,79929515,75147073,74828610,74960578,75162043,79431743,76753696,78288813,76909300,77988485,78234679,80324038,76634074,78421888,76856219,76860875,74123269,73653883,76701298,77927474,71957967,78110680,78094076,73873776,74005016,76560549,79823091,71235409,72099309,76563666,76984636,76256412,74648226,79201679,75584449,75939711,80305190,74392967,77486774,76342304,74385910,74328018,78350717,78837213,76134631,77038393,70537392,79562055,73919450,81369723,74876522,79745106,74758481,76843742,74195467,73723960,75719482,76949650,80405775,77305530,81725876,74248768,73560946,79829972,75239215,78831828,86207215,82528496,74362908,75778532,72690217,74347129,74404503,74225226,83586778,76486123,78159241,74209343,72236123,74403654,79399470,78998288,77981006,79982775,74074684,76940193,81551934,79911654,76861784,73651852,76124625,73673132,75520879,73392869,77458567,73862995,73291942,80699806,76581645,72564977,71638616,77681446,77541304,78306080,73147880,73523662,72801584,80076439,71477698,76987817,76070523,76925723,77451924,78008149,71434898,72866918,73937381,78925836,79135131,70135849,78030403,75019009,75149142,76994797,72551847,77321372,76674420,77102079,80798745,78956430,81441225,76792771,75892034,80076164,70446916,73675004,73584635,79902658,76511599,79874465,77499251,78738559,77292710,82684378,72687457
69780035,73369325,72298024,73759724,74669185,76606223,69650692,71814921,74516104,78095178,70018599,71496006,75634580,68515082,69314909,68937661,71883800,73795030,76946484,71894607,79371650,75922965,73426240,72935440,71630858,74472695,84381197,74857316,69750350,69593947,72949959,74097681,71333267,73355601,72383569,74947078,70699530,71526460,72673917,69782357,71953285,69835284,71342031,70725031,71115115,70254919,76295891,73276828,67074850,72741388,69648174,70507431,76965878,70162951,72241661,74214448,73991179,71669735,75235970,72597638,72533286,80178831,69819119,67799797,75640254,74634506,71780936,76408404,68566680,74427448,69069609,73317889,74714108,66919023,70372375,70027577,74565313,75968795,67137324,67504442,76772392,70223575,72186764,72116565,74237837,73102681,78216907,76956079,73531975,73387195,81576797,76925885,75177722,79271108,70731897,73037182,69442529,77329991,72614522,76740107,78360630,80056515,75355928,69243492,72142151,72220535,71532480,69534124,71417804,76911414,73631533,74138378,72768979,75355739,72649182,71191056,73769511,68390533,74617824,74941059,73858951,71752270,71516592,71810641,68717019,72037294,70966310,73051541,67430150,68777355,70726113,69299518,76011550,72526305,68297324,72445557,72216084,74979455,74240414,79393017,74557853,70275095,71737074,71311307,74100360,71946726,73746641,70215588,68172849,72700342,78387771,75991814,69309043,69536652,72917583,74348983,71273507,69890679,70321734,70435855,74551455,75721566,72761036,71387711,75575665,76556464,76642428,72798374,74057223,72414204,71693114,71919265,69770405,70652534,75660935,70338264,71560333,72580561,73246848,71878339,75720885,74579596,68026169,68431570,74468852,75120188,73367177,67755241,76327560,72473131,75414490,75904237,73735097,71473723,75343357,74054045,72162221,74992528,73426724,76677274,72364299,67685843,72593952,74441433,74893435,75275935,73503606,75119343,74355036,74147987,73377859,73142447,73618495,75007999,71994276,78193811,71146251,71545189,75118104,72840248,75096638,79898943,74207345,66749702,74031938,71649175,70594035,74058691,69348319,79830170,75988407,76143861,73344537,71229610,73002923,72639740,76237332,74380742,76081648,68679922,73307507,73876632,75679641,72495756,71528778,69735036,73967658,75843462,70306067,71644348,71472038,71619774,75550734,74646738,70722129,71045340,73896347,74148252,72124843,71101493,68962278,75375182,74647117,72792849,68254816,74455510,76598557,76999960,72734348,68354316,70779824,68495673,74076051,79134156,68887304,73293453,70197958,71408810,72627737,70855072,75025577,77725034,74065880,74696173,72357718,77665938,73290890,71635692,74107864,65080062,71082436,71416708,75295688,73381041,75792485,72717707,75977645,74342166,79524703,64947203
77462063,77142996,78191687,75205839,81425234,77252546,74163176,76943164,78804654,80267880,75891113,77230942,79181874,75905978,71195504,73856928,73100000,77088776,78906458,77165429,80804661,75802718,74540301,75485180,76104040,80906177,86826186,77454998,75142403,72905905,79916003,77386966,75182522,73960856,76691926,75310810,76470100,75996610,75027735,73878194,76548866,72955397,77720046,72597282,75112354,74271713,82125545,74989465,73691668,80965597,77428599,73673034,79688989,73926475,75799143,79278164,79270819,73243628,78856187,76189091,77390878,80287541,75745204,73498569,80293585,78980277,75256800,81219734,72297625,77564905,74675611,78993300,77514603,71695774,76505946,77937160,78598402,80910947,70462189,72266804,79036284,71797515,75894204,77340642,73103822,81053051,82031603,80475900,78657362,77468233,85011545,77069126,77126133,79189894,73388139,75183380,75549158,81197687,75232000,80608796,81159405,80487203,76714996,77628501,73936300,74625014,75977379,79010054,74261682,80945188,77640808,77504245,76243181,77287864,71964376,75973622,78659377,73752060,79633593,79904898,80599850,74308837,75199183,73300441,71734857,77883815,74616904,76105634,74215864,73174248,71579966,74932963,76855976,77609737,71669122,75936286,76817807,84174763,80417017,83842239,79800726,74966622,74334731,75492685,77263318,77784073,75765778,73519116,73156465,75157250,79605178,78815426,77053652,78376307,76763149,77350014,72314731,74950758,76500836,71786546,77920413,79210519,78331901,77423819,78304629,80457720,80506511,76737386,75992852,73884742,76887969,75376084,74419424,79807990,79992150,72554448,77731979,77002071,77809087,74583171,76058770,81292489,71448788,74451688,76126301,76424055,80234545,71626310,81148573,77363305,74201169,76134486,77066173,79741618,78652994,78006057,78984198,78613273,78977884,75546674,77777167,72453795,77565717,75562997,78878120,76089386,78435363,75089223,78564148,79741568,75196380,76874403,79713840,77510729,77220396,81160210,70404537,74891042,79316926,75235915,78430348,88589612,80895681,77887273,76910820,70730594,74448958,75589872,73149878,81994614,80293993,79028395,75501975,75628388,77541754,78977197,83111668,78047989,79605063,74515424,79920189,78274098,79117515,78423389,71949250,75974505,77964912,71840191,76013190,75846437,74817923,72202504,78335417,76402160,74189341,74136701,78689228,77271643,79817596,75809146,73657728,77002141,79806019,74420557,75319101,78750524,79751251,78374057,78337886,74936498,74947034,73641258,76468109,79735100,75361829,78074178,73363296,76247232,79924152,74036168,79870182,78535420,73617422,81708297,73135795,77397817,76600271,74117769,77050586,71803138,76840664,72845869,78727075,77933266,80679758,79480945,78405639,78900242,84699089,74689826
76167855,70692893,73886378,71519213,76468289,74905804,69240500,73381165,74766572,80552729,73277238,75193908,77020513,69971958,70933289,71783346,71812150,73439076,81078258,74580258,76842419,75347155,74227099,69528493,76329240,76460561,81000169,75662019,70293603,66706881,77631143,73761586,75615855,74674567,72374679,74241222,72686447,73892301,73419870,70582045,73203529,68186701,75777192,70163854,70069870,74493029,73784430,68580958,72898759,78847972,72346383,72658352,74704692,71497786,70697129,73256004,76669811,71887757,75708605,71784487,74692499,75897664,72700514,71476860,77961245,74099465,70302696,75137564,68396716,77163090,72704423,74967188,76284444,66586406,74492855,72319539,76322334,75520008,66895600,67080199,73342775,69863402,72190216,75311275,72708915,71843598,80737461,79273893,74420231,74155446,83631431,74968148,74558259,78774853,74076432,76052560,72911422,80439749,75814831,77356048,77231697,79572321,72400368,71373574,73519678,70411788,73667743,78257678,69181637,77451577,76018824,74020660,75341851,73955206,72237739,73807826,75236070,70565790,77663141,74856888,74249335,72755077,70076025,74762934,70372697,72697509,72685574,74877418,69542398,73697913,71081123,69841798,74702706,74205520,70450537,72256027,72577670,78087355,74453521,78064195,75827912,70112874,72134277,74381532,72019432,73793583,71797533,70482188,69564447,73995193,76789210,75179167,72679499,71874307,75277002,75477489,70111091,69239056,72167161,71674986,75346747,75111913,73759387,74318539,77982236,79733822,77193234,72937006,74185211,72001181,72872008,70495653,70383065,75493757,76323789,67498944,72303293,72633804,73813901,69363157,76241296,76661884,67894360,73181161,75646838,71480834,74682423,68746221,80170055,76360967,75353532,78005812,72454313,75829317,76422228,77086176,73238050,75525471,73431663,71244454,74139414,69811580,73390121,76341653,72735334,73331862,77605488,72909092,75622699,73121146,71976247,73737555,72337138,75268516,74252128,77134767,68988975,72849708,80312824,74155549,74946962,82164727,81819776,73547857,73395863,69619783,73226792,71275036,69797240,78625388,77311287,77432646,74024184,74727585,75150652,78967703,78459534,73399867,76011566,69804259,75689128,72850962,75773595,73456676,71444339,74050935,73429899,72650175,72668665,72601839,68029652,67951646,77628582,77849391,75337605,73609997,74148403,72606692,72868371,70292702,68411838,74333916,79407137,72111732,70836406,75690161,74200657,74462122,75861963,73119345,71414795,75099522,76707270,75236039,70074234,74555487,69682905,72023519,74595072,71173543,78933965,76647502,74982420,76532298,74622275,77821978,75220324,69471150,73027227,71172729,72922364,73774412,74420306,73014171,75940290,75743571,74816471,77566350,80499075,71013516
73669559,72586432,73429175,70799322,75519739,75746206,71718281,72634296,71768889,80183018,72290358,73664084,76191021,70881697,68971599,67236828,70667897,73769090,76975561,75067858,77054460,75771558,71909638,70644880,72364815,77315108,79029577,74015645,69542545,71207193,74910888,73186617,75320061,73678261,74956425,71762961,71860654,73016817,72837453,69755145,75314219,69893464,75376386,68975950,71868325,71953324,73446402,71878609,69399278,74153972,73998222,72061900,76186149,74469422,68878892,74060415,77091479,71268176,75553129,73130874,75600123,76247142,71463664,73865069,73642960,75467570,69708560,75644446,68552643,75645030,72426474,71899765,74991883,69133215,71568668,68426460,73693090,76043878,68963142,69419737,75349383,71431814,72852059,72584814,71576608,74098777,76994731,77557284,71598315,72215530,80965543,72854785,75070824,80573001,67942097,73633749,74039742,77104033,75031085,78721821,74186721,78196716,75549109,69001270,73001454,75058159,74589616,75042814,73654522,75338628,75944683,74180934,73295199,74221640,69992717,72254031,78101406,67130933,77518900,75468283,73301918,67459487,71508002,74414727,67750740,73393930,77761780,72154741,73235719,69386525,67520686,69626903,72835509,72654591,69164805,72408269,72468176,77612841,75304696,77743456,75768628,70764314,69781134,72696726,73961622,73248202,74482207,70167704,70170741,70858351,78408007,76514416,74138547,72134358,75400873,74065255,70054296,73468577,69713251,69337834,74162860,77925193,74388432,69654736,73678390,77704432,77499977,71236107,72345085,72455713,74763062,70892193,68650082,74670497,73134295,67511441,72600132,71046725,72097417,71346522,74846893,74662341,69397062,69957749,72651011,76966441,72743981,70604932,74004286,72999578,72820016,73663165,69759937,73318575,77391084,73300228,73940515,73649328,75470950,72125571,72215365,69508581,77978722,72749078,74753301,72200858,75812386,73161984,73647246,73464798,72062888,70080838,70947458,74525231,73281715,78685505,68949630,71853330,73161522,75793292,74103710,80389031,76695401,71337354,71332839,70713961,71048439,74091733,71551043,78603373,74679161,76388324,71311393,71603124,72421056,74419635,73253220,75124965,74506253,72255268,76701770,75479121,73039199,72520801,68163349,71935782,72619974,71318330,72260124,72495742,70806087,71811806,75466353,74909331,72670338,71065709,72382423,74796419,72372442,71025351,70708286,72493022,75481208,72283349,71443895,72179686,74713328,75035765,74668207,71702016,72483233,70011558,75391586,78115496,69920164,72481004,71247934,71375238,73198888,69745030,74820683,72878809,75286048,77700862,74234059,76763855,75261542,68318037,74305253,67907572,73712467,71081099,74843552,73142414,77446384,73897497,75645905,77023035,78935435,68935176
71517182,72644563,73379119,71282927,76476764,74492898,72610797,71061531,74170320,76085822,72949179,71880149,77756476,69527201,69756006,69734813,70815964,74581190,79517574,71384258,76017451,72726797,71490170,72088292,71841056,71573045,81951733,76752127,70025530,69114580,77494693,72021562,76304911,70931581,72166132,71812234,68656800,71770981,70527544,69373618,76318594,70801031,75156558,70244634,70897279,70925372,73268555,71884354,70670810,74210364,72877516,73621263,72578357,70413720,72209713,73595771,73426068,69717698,73578402,71270481,71711229,79114191,70456657,70462628,76853505,76759707,70981083,75568719,67353426,72656009,71123291,71480869,73177716,69622125,71863459,71717601,75578089,75625985,67012427,67323798,73351618,68399364,71644955,76223611,70833938,75059006,74083875,77075180,73856055,72570672,78854903,73303219,70789106,76346570,69087450,74917349,73968055,77397039,75495476,74667870,75242029,76488564,75647560,72300851,72983012,72093577,74640197,74625685,69490025,75163462,73086800,73953605,73046412,76441666,70979995,71794416,74712745,66527837,75834954,73096441,76132137,68617801,69711581,74340988,68708181,73176828,70324209,73060700,68511680,69373587,65085189,67603467,75388904,70230449,69762842,71352935,73703712,79992403,75646057,76385141,72802174,71146686,69253543,71691392,72329769,69182183,74528286,71522376,69825195,73106801,74718737,78554188,73693447,72250119,73766560,74165714,70415447,72556777,68859760,70691468,73776004,75051357,73495269,69465770,74744671,77185767,75460708,72963249,76867734,70998888,72254569,71949074,69597309,73153035,72369186,67675286,68897571,71342911,72265245,67386599,72720891,75520685,67647594,68912727,71289879,70443755,74127339,70744805,74077699,70396483,70651948,72062661,69752145,73673705,73514153,72709238,74077211,74274425,71650973,71285831,70999779,64572343,73986462,73141530,75606597,71280135,72786167,71788107,72298633,70835220,73476442,74134337,73445189,73947062,72681329,79076319,68067410,73584490,74563341,73266764,73228344,84844627,73890379,68703016,72335873,69851117,71243776,71444768,70124165,80836804,76393765,73771859,70698290,69345125,73435678,74342728,75199876,76095424,72484986,72024969,75304056,73942122,75087860,73915551,69530450,71845779,69832531,72118620,69633247,75172435,70063099,69271827,77281982,76636528,70033012,70453014,73182296,72704895,74834346,71074136,72095925,74062464,75170118,72971877,69419994,73338442,71724239,77054236,71318023,71293551,71279369,74523523,72591774,79154737,67574196,71847743,70829234,73675055,73363714,69236196,71587455,75459164,73650010,75679041,71939593,77380055,72741046,68774018,72429185,68262082,74214300,69677788,76414880,73494173,73634937,75592227,72661900,76422312,77557693,71296219
75564564,76611915,75745938,76850688,76554922,80811440,75898620,77975859,77401872,78880702,73795893,72484167,75771524,70678569,72125241,71862465,75106804,76432610,79879056,73191011,78038648,78825470,74730583,70981734,76202971,78062824,82786466,77200370,73485854,70658659,80772986,76312988,77420935,76100839,77300134,76203145,71844365,74601786,75374845,71391095,80079787,70785749,76076008,73314914,76649982,73405152,79782575,74041671,72807942,79250211,76534312,71847479,81631319,75384546,76343976,78492063,78972827,71914675,78300207,74830571,78950121,78039121,75802296,74814068,78278670,74468047,74546231,81642771,70489917,77919497,73201958,79801267,76016330,72322162,75776757,74172782,76083025,80000303,65847973,69114865,78788128,70579455,73751606,76107276,75172796,78620579,82744433,77953850,77000253,76598801,85595701,77926089,76256301,81714834,72534291,76172783,73745289,80535047,72816997,82700081,79923575,79530505,76880383,72101038,75654269,75250335,75743255,79226746,76167110,78066504,77778332,77597207,78526412,77115822,72465122,73414710,78519230,71464128,79221451,79328682,78889093,73744653,72840870,77024012,70880562,75771237,74630877,76890797,72631707,75310468,72638712,73304400,74788563,74293060,71337444,76072627,77133207,80075078,79632396,82187839,77533842,74677853,72956296,76230952,75836417,75024419,74736523,75071910,71441433,74073124,78014048,80992740,74229531,76157717,74280683,77493226,74269530,74167894,73171967,72564624,79487474,79342467,79373989,74764973,78131329,79655062,84711315,78048766,77368166,72124027,75853702,73545314,72825018,77747331,78653510,70867812,74968808,75696477,74606274,74773421,78427556,78010235,70730897,73196374,75581653,75398548,79482608,71747853,80319784,75180506,76123596,75750808,75355359,79830400,77673773,77615369,78453901,77425296,78165285,77531768,75012335,72627678,75442815,77095993,77806951,78081204,79405726,73681139,75368251,76777211,75137968,77229118,75721138,76841502,76714308,79704383,71460919,75842495,78655090,73937666,78470229,84270047,82521609,73188077,72469517,74596551,77062712,74468800,74323986,84444339,79761338,75399926,75659163,77335717,75622532,78497496,80599812,76909344,79880889,71243580,74703281,76946220,76621641,79991825,73423090,76153310,75295265,74434491,74079523,77457692,72586402,73476811,78382310,78325122,71318324,73143850,76746962,73518170,76053824,75696178,71331095,75983010,81121844,74210609,73748653,76457843,76399941,79484820,73889551,77152169,71478793,75742352,79424988,79330539,70662503,78085048,72980703,79412379,78441693,71957837,75285525,78105089,80180623,79967841,74812841,78583524,78345933,76756647,76207703,69874387,77119805,73570166,77960079,77887416,78737703,77955775,78165899,77173840,82605063,73897180
76438917,77548784,73306678,73602127,79173203,75966083,74565801,74402414,76865742,79238826,71468404,73894645,77328184,70670172,72821344,73678563,74110717,78173246,79457122,73452926,80362868,78026699,74194231,72970458,76798687,76356886,84469141,75131063,75428991,70862637,78958765,74546187,79470279,76067908,73507353,75628048,73899578,75971920,72815507,68915708,76424560,71334900,78312813,69581975,76506752,73868875,77477378,73074340,71538270,76457474,73988390,73879605,78538173,72459749,77658129,76491176,73986264,73226374,77656275,71683595,76956115,78321540,73908784,75276292,77771911,74877495,74091582,79219530,72161584,79084064,72942303,80410236,76197550,70975290,76546045,71186873,79568221,78565397,69297116,70237721,77774992,71172765,75336016,76304364,77915694,76748955,81995663,78085750,75688893,76982434,81815310,73422996,75607875,80071541,71398894,74961465,75731612,80456854,71162295,79816403,79643701,78644533,76813910,70031399,76129826,73654759,77306578,77292262,72537632,80950000,78010950,75151980,78082679,75390943,75128844,74737327,76572509,68838924,78448388,77526710,76730176,73197408,74920515,75034346,71791535,74973270,76501497,75766843,72542809,73078076,68878124,72317129,75125535,76335432,72400753,74705148,76475514,80770792,78924824,82616709,76355520,76268162,70782408,72952084,75994773,72056291,77054319,74192092,75567913,74434064,79008414,79999491,75497608,72872308,76036891,75904830,74316458,74225016,71974960,72837172,78553566,76050240,79292840,74262950,77515880,77295561,79686485,76838513,77114188,73223811,75271082,74961414,71786553,76906032,79296620,71719882,75909424,73677930,73905712,72032680,78895295,75624547,68606136,72608114,73914609,75536336,78567338,70935345,78556213,75599182,76471507,76011080,74728586,77363552,77286213,76450074,74124136,75922071,78008741,76599928,74738624,70160465,78385324,73335059,77558648,76083700,75415372,74585562,77412787,77595603,74131602,77116651,76259108,79230216,75382042,78549879,69811658,75608455,77457186,76034125,76034019,85338553,81614062,70473209,76284357,70681642,72303670,76860217,72014542,84423212,79073593,74703695,73240123,75772492,76197361,76632591,77628063,76378862,78602701,74206785,74214569,76300713,78476580,77942177,72034857,72972203,75598733,73837679,73063486,77998010,73606716,73512515,75268339,73972585,70625635,73271053,76407147,73455634,78045905,75080591,71435718,75222446,78598892,75801494,73301977,74648731,75540854,78260859,76664708,74658436,71291582,75622341,75078652,77705409,71544335,78206110,71808167,73348464,78127264,73973368,76258739,76954388,77021640,77550183,74874519,78964343,75988349,74409223,74330332,68692677,75143972,72201815,77699353,75863777,76644649,76964305,77855240,77640169,83071709,73115066
71449564,70010955,73720568,68205873,74505284,74611965,69370259,69450999,72058602,75378187,71952822,73787064,73029815,67403861,66815389,68368671,68542974,73899858,75640377,69861076,75682771,75466601,71540998,70132649,73553770,73957675,78191094,74560733,70715827,69502712,71440627,72482812,72505018,73083785,73287757,70419292,70782656,73214064,69432997,68492782,70917017,68735313,74616896,72566356,70424030,70747763,74846318,69200143,70016049,76439258,71910555,69453210,75915239,71712190,70125256,76861741,74826124,71892080,75391838,71592940,72661370,75686470,73107566,68291286,72875725,74262163,70303255,73706057,67114606,70422241,72774401,71442950,76673797,67090971,71982474,70874906,74964442,75430938,65898369,66303725,75354760,66655158,70769715,71053866,73092116,73529431,78503415,76357907,71384751,72729272,80157417,74189627,71628226,74587933,69760847,72303551,71463532,77367828,72311455,74828418,78112720,73710313,71686516,69210739,69466387,72383970,71665461,71096694,69479080,74764798,74257829,72804354,74904720,75969139,72282229,70594280,78326917,67885526,76083692,77751156,72773327,70012196,68180599,71301280,65896935,71388769,72851833,73973138,70060051,71606799,69161821,70536906,74480667,67543582,70233972,69645988,71161729,77309995,79946513,77617653,72829764,70951297,70470329,67609254,72776991,71742735,70831658,69733354,68651641,67932584,73579560,75358687,73448445,70695710,72220156,75399315,68939704,70036095,72109670,69669325,73363856,76134465,71983056,70672759,75661210,74137143,76623143,75062079,72009260,70503958,72079166,71402184,69122480,71976636,75701092,67514679,70949168,72934877,71626630,69609201,72246221,75335341,67757030,67730364,72438822,69812927,77534463,67106443,79445647,69567820,72709896,73812680,71405644,72216037,75166181,73117928,77519319,74848215,73744830,69839894,71176424,68666577,72047999,75130843,75333996,72435995,72716932,74146541,71236097,72713205,71682131,73112705,72043079,74257369,74323984,74938456,70377749,72922614,76835158,72787021,75912778,79513395,79487028,68517689,71066533,67483538,69791871,68178040,72160347,79015865,75519325,74120836,71904544,70129336,72067101,74222938,79206341,73255176,75304491,68440351,73339135,73856138,71770141,73472612,68929841,71027758,71714964,70160210,69777146,72513654,69793173,70544325,75656726,75779760,71136376,68486167,72802570,71672017,74381251,70689345,67578315,72557998,74456032,71494528,69737163,73785162,72298004,73942896,72500347,69163793,69331854,71499042,72756458,75066696,70980906,74391022,66283494,72386853,72299056,70993667,73611489,74171051,74087916,75528428,74170734,76202910,73863627,69125598,72427184,68788390,72572925,70658732,76085733,71995556,71461989,72776628,75392386,74582299,76606306,70390378
75302150,75939280,79485766,76950777,82324749,81399926,76335420,76484354,78561322,83654861,74235502,76287903,81411432,73232645,74985059,74464947,73112384,77164800,81684653,76812118,81995287,79972116,73847556,79186399,77842822,79596144,88542671,79193896,73867666,75437738,80277222,77276977,77463998,76153926,77347999,79804022,76005988,77260316,79524682,75711665,79257403,75664092,80672369,74464196,76047037,76243561,80069446,75447531,73599411,79979391,77836264,75411355,83590291,77434636,76229245,78475990,81141538,75916822,80428040,77160478,77853277,81281207,80734994,76171736,78945216,82501674,75528846,80974772,73879011,77973103,74380516,81415104,81497773,72434752,77143491,77743732,83228064,83093052,73835895,71035483,81505386,74230228,77415905,79719281,78443152,78033421,81141799,81637925,79967132,78361011,85009558,77424134,79848941,81923227,76181206,80037479,77138675,82047753,77771377,81695725,81817146,81646293,80146073,74395070,77655550,75425621,79183633,81663701,76162972,79359471,81306958,77133206,79275129,78895339,75879480,77268550,82939188,73340268,79113835,81954727,79036783,75868910,75947951,76712732,71978676,77024070,77259730,77729077,76291510,74615090,75532894,75482396,82545864,76000038,75607369,74872222,78510423,81363249,80307539,84365775,79828985,78331189,77343665,77461847,77047071,77931882,78562419,77701360,76783204,75301056,81239128,80454761,75443267,75313024,78403695,82650168,76186503,75062505,77018423,76814945,78010431,80455263,79908397,79565172,80858763,80913266,82162407,76530147,76794771,76075512,78002732,77861101,72842270,80681743,82044500,74703126,78117511,77415564,78865613,76164201,78032394,81480425,70359812,74220859,77581813,76964174,80690690,72986296,80903144,78246321,79473734,79107328,79017737,79593367,81577152,79956938,78063937,81120799,78886871,76086128,80255097,72879050,81410838,79077138,78349473,77418231,79004721,78875916,74758100,78581668,77158628,77053223,77135424,80308138,80770140,83200538,74338197,77523796,79354314,78224712,81460261,85237557,84989431,70967568,76074179,74438190,76511184,76418276,73216853,87946108,83231699,83005782,78791717,75973108,78455251,83072239,79638055,78571527,79228328,72480543,77893239,78611986,80887347,79581021,75486096,77756240,77497494,77468022,78135338,78275952,76542183,76521374,80054415,80347917,73885302,77545363,77358804,79194670,79735388,76778705,71996546,78273530,82644671,77541904,75864977,78975326,80072443,78438378,78145225,75085217,77296637,77703634,78668093,82687029,72144729,78331391,72695294,78664262,76983872,78154961,80190594,79394973,77197128,85292162,77979165,80587817,79812119,75715456,78874082,73306945,78714983,73121361,83895606,82235971,81431634,79856789,82677889,80635290,84065439,74334609
71900961,72924270,76089100,74429105,76729341,72802805,71811846,73128720,75919900,78150790,70815714,73183380,76480140,73790011,71717158,71258165,72528606,73912468,80277300,74137298,78200067,76459814,71455635,73074187,73593920,75639046,85256188,76748157,73189108,70079383,74987146,75106076,75127411,74538756,74858683,77160243,73005271,74201861,72892807,71266148,74001214,71501626,73936127,73305404,72006764,73110200,77288920,72938059,73057650,75930086,74878354,70713260,78226538,74752952,72917607,76603840,77922513,74394234,76464516,72895676,76926747,78551666,72699350,72986306,76720838,71178429,71324746,76312468,68214950,75380089,71282475,76150160,74848277,71252268,76005972,72771666,78945093,78510160,66304927,68093999,76926870,68917142,75316132,74434587,75531332,77111632,79656645,79404863,75294761,71805873,81639286,74761382,74970830,77764178,69185473,77795360,72028811,78172027,74430456,80861979,79405745,78017943,75521532,69366140,73792314,74796402,73343525,75474969,73702525,76595296,78486849,73409254,76923837,76686583,75549358,72878365,76279694,69923960,79482455,78466793,73597891,73139479,74472960,73528200,72035864,73502457,73443254,74969280,68825604,72299588,68373208,73170474,75848517,70818463,74185538,72395211,74219743,79574346,76987358,79518951,73903548,71821052,71420377,73675550,77090636,73010870,75130966,74207325,74231801,72789732,80906430,77064615,73644886,70616051,76923591,78499932,73859651,73817977,74524866,71518743,78079155,78729829,75078019,73423185,76463779,77789199,80986621,77368077,72788852,73934118,76613762,73341792,72339551,75857445,76939912,70750182,74304007,73194725,74415881,73037009,75848685,79380006,68583967,70363286,75923499,74631855,75324333,70028018,79087278,70790217,75978934,74626168,74885386,76022267,76644222,71890457,78352276,78000759,75594221,75596081,73985123,70198543,77812153,74232817,74285302,75446360,75835945,73605959,73678926,74540554,74686348,73372527,74513858,77207583,75110625,78440050,70449520,75595133,78397709,75872039,75343830,81151590,76583714,70328706,72711084,70282604,71153303,75287420,71824377,84145462,78777757,75550563,73664959,74090706,76331681,73520066,78010807,77750665,75990770,69833285,74637346,73238746,77345933,73983775,71434438,73918981,74970109,73547529,74592348,77500767,73700778,70064399,78144634,78468706,71622432,71818033,73953900,73628842,75531247,72895508,71577738,76380105,76139198,74133437,71267121,77795851,77518231,78054532,75179005,70446811,75136681,75130673,78009876,77979838,70501321,73672596,74157028,76393747,75440652,72411784,75919954,76601870,74212459,78512339,72781695,77324909,75723139,74989784,73890609,67668263,74050832,70512562,76815594,75277994,75668547,76378426,75931365,79427410,79325968,71441473
72496561,71684578,71189963,70362193,74454126,71917686,69681189,69760486,68971240,75983708,72043973,71277956,74167883,67665699,65371844,65008720,69647519,72229509,75083673,71999682,75029446,75710114,71878397,71859818,71671945,75104992,81303618,72692551,71268409,68667747,75852970,71120975,73589792,68798810,70503104,71736069,71180421,71768268,69668976,67654999,75243971,68574146,75949025,68189600,72098129,70195447,74627434,67382808,68623808,72533165,71170186,73981418,73194341,71049075,69345055,76157144,72042397,69056703,76054541,69092027,70806158,76005012,71296632,71616175,74287824,74060245,69096309,76212968,65683025,72283681,71508270,70436860,73252406,62362857,72428741,70458853,71703779,74238634,64818785,66806925,73016809,68001318,69655496,73261195,70447718,73595019,73910713,76403591,72136679,73451929,80014973,72169914,71020034,77655964,68491382,73146839,69542252,76706439,71810024,72785448,75251407,73181157,71680846,72687518,70142050,72118625,70914476,73165550,71134919,75295303,73881819,70992819,74680433,76277169,67440968,70797403,74146706,65329757,76415643,73977181,75286448,70448199,66388569,70544834,66678645,72841100,73458886,72944733,68217271,69054013,68575451,69892678,70773442,72336350,69205974,68412227,73737430,76348289,74959523,75454745,73583808,70970045,67807795,72684674,74207852,69884134,73001560,73104906,68750539,68464694,73037028,74902480,70870307,70716161,72895989,74623585,70322240,68822698,67008944,70213809,73656201,72097546,74553806,72064753,74047730,73780923,78536718,72737247,73532640,70693107,70680311,71242289,70553553,71723765,74043796,66476914,70458882,71092158,71729411,68231243,74101960,74252825,64399501,70543455,71862752,68483440,71878264,67965100,73036769,71158668,73888422,71830727,71748094,73520456,75135730,71850545,72421222,77164720,72833656,72661711,71467100,64940736,72527116,70220616,72636711,73889721,73570771,70578707,76266370,72050941,73639261,72565646,72895354,75834555,69694031,74176926,70369761,72414915,75606358,72490955,71056351,80697649,75121842,67060215,74285934,66810449,71316845,71630198,68521203,78730890,75023848,74996782,70773342,69313987,71672692,75862399,76066633,73357862,71924533,68564775,75291626,73108937,72805250,72915837,69606203,69342062,71616618,70743943,71158278,72143790,69611154,69078127,74726840,72248335,69901073,67391398,71981271,70543596,74510787,67824482,68447445,71416915,75920990,70985965,70762318,73974519,74172622,75023566,74506400,72800226,71385774,75242344,72421077,76336155,69995596,71846257,67192663,70323412,73178839,72291755,73695501,72505127,70074766,74548737,73143686,77963219,75317007,70237684,72206063,68926326,72789742,71119093,77001594,70088167,75814665,72998007,73002219,75688189,78967775,68247182
76616481,72591279,74852030,72484128,77781409,75062631,72436550,77737074,76038919,78298208,73667263,75145366,75829111,68965796,70071199,70483087,71482236,76280387,82205714,73682814,81184569,76999058,76801326,71468980,72758828,75881693,83392798,72939714,70997702,71366482,78953271,73617959,72737062,74645622,74565354,75870349,74628251,74038629,74647776,69920763,72640087,71337383,76300803,71941281,73444920,71090970,76326643,71124736,71841474,78111457,72927374,71843546,77293140,73397491,73474682,75226955,75710917,74060461,73642033,73199969,73394849,80603498,72458923,71474809,78162606,76925919,73878777,78146998,69173707,75675433,71276898,75854068,76000652,66897584,74213931,75223281,75728317,75365994,67793677,68213010,77269264,70904856,73074403,74466875,75035642,76910221,80467952,79659382,74461771,74850411,82118202,76282551,76327972,79829799,71485028,77733494,70619437,76864244,72991107,79867328,78125170,79877812,77567061,69375069,75507730,75062841,76412846,78666578,71679248,76872889,78455406,74029135,77828362,73889449,73967723,75248249,78305943,68409148,78641962,76802135,77574224,72351480,74943397,75045155,68990515,72041848,75419788,76824843,70926650,72124875,71410755,71462930,76981151,74785702,71149490,73835136,72172478,78703983,78505250,80446051,73781862,74019315,71189873,72214487,75685505,74503656,74228566,72045150,72587702,73073204,78945150,77656159,75150970,74236920,76437070,78408457,71832979,71933011,70999500,72667222,75388402,78204106,74894454,73342116,76209910,77516548,81388345,77274011,76796200,70315333,71815083,75219579,71822125,74235360,76160572,69951878,74363317,74507997,72302249,74257573,76074378,75435649,65682230,71561582,75681506,75027369,75830387,67955389,81217528,75347845,75998676,76577579,74055900,76037743,76481229,73735748,75962881,78627215,77426357,75768411,75842326,68921360,76911688,74194290,77412855,75362721,75948266,75047841,75954734,71561683,72879459,71705041,75978950,76886561,75137827,78983773,71779144,73018438,75290780,74460014,74206213,85549253,78388239,71078094,75178992,72919384,73066626,73301370,71949335,82931050,78385536,76349523,73741472,72942780,75431616,75505861,79346692,76103972,77993567,71695863,75453498,74858936,76740958,73935562,72592429,74042082,72729969,75756876,74677095,74028469,70336423,71800443,77534453,77496589,74225144,73053746,75886526,77569349,74928948,73836433,70428593,75772315,79290106,73138159,71545520,75609667,76100088,74799746,74737759,73658710,72293780,75782178,76050687,79284920,67804430,76315554,72406499,75882246,76121855,73335982,79100219,74155391,76427492,78705442,73755080,79082223,79259426,73618053,77069823,69450338,76160094,73179481,80529665,76366630,79284746,77549444,76298940,76131616,83041053,69527432
78206454,81139588,80602133,81150125,83141154,81595117,79706631,77988756,86256991,83071831,77414839,76935004,80091698,76277943,76221963,74261386,78484235,80017768,83193996,81143002,82929201,83564706,79171974,80149475,81761412,80842196,89080747,80661214,76808512,76378115,82780988,76663430,81418487,76629083,78363386,80278888,77137893,79935888,78564753,75310532,79497998,76377643,80140767,79314508,78874551,76505456,82088494,78285064,78060748,82455157,76598461,78508826,78597093,78646023,79136341,81879133,82112838,76913563,81672512,79462182,82439436,84091018,79234060,77001654,82889992,81124756,74251283,81688980,72146465,82336049,78152767,78668539,82220392,75774370,79434851,78813537,84427128,82900342,71771122,73421097,82043075,72478225,80818659,78885154,81828906,79299342,87236426,82735996,78748050,79738646,89119800,80738092,78704983,82929301,76169318,84905032,79870582,86730697,81341335,83800127,81387668,83519098,79651163,75627799,79612698,79568160,81907648,79635991,76673062,83657356,81802058,79204305,78332934,82397603,78682167,77578706,81854236,73350257,82217489,81395506,82648163,76430554,77605654,79115886,77792233,77764904,79334020,80035284,73579007,76093316,77266211,76846772,81505087,79373824,75685388,78614082,78699792,87465394,85011739,84464991,79952882,80785719,79743152,77412413,81751011,78343572,80477358,79249790,73095700,79815261,83349576,84228178,79338523,75752805,79119126,80644677,75926578,81688004,77553533,78538953,82291793,83008448,80915858,77935739,81032297,81914590,82648036,82295094,79361307,74160249,81584519,77546729,74289111,79596500,82890635,76820711,77897275,76652173,78186513,75582792,81398432,83329271,76525383,76724730,76710049,81425528,80594360,73022216,84322917,76907926,79525872,77928685,75236551,82711126,82799183,80846422,79641829,82846891,79798492,79185418,76804382,75890946,80619518,81193785,79367373,81483764,77032955,77396371,77829565,78764606,79439541,80605240,78378235,83172122,80031714,84955305,75468941,78855279,82040887,80370918,83264263,89380800,81845603,74897900,76104016,77762331,76838630,78741421,76458236,89907822,84139891,82549694,79165924,79283368,79900890,82228585,82602702,80498408,84364819,75393186,79147001,81516792,81013674,79313572,75707984,79028071,76910655,79042066,76496288,82018520,77588889,77349630,85269415,83520585,77869434,75289434,74735777,78698554,80143107,78126118,76517993,80307904,81835823,78061036,76100713,80410417,81549729,82721543,80849902,78866477,75911832,78160557,80488671,85291628,72132711,81450148,76157361,79032038,77701268,76926573,78694979,81909803,81155648,81558765,79685034,83315285,83116504,77714666,83002193,71952058,80390894,77484710,81764827,82804416,81693111,82342352,80417867,82602417,86556477,75398976
73312553,70655970,71764446,69782143,77861400,74235560,70145199,71152198,75564916,78538232,72720663,70062459,77345000,69647328,69988250,69797822,69140401,74316463,74263210,72148615,76074625,76637117,73011669,72251790,71898824,72004779,80589163,74201692,71574829,69904277,78152633,73085517,73425241,71308360,70243364,73029184,72213946,74883116,72138972,67654336,73550325,68836020,74571543,72964003,70799893,68435736,73982649,70938607,70387507,73166972,70989630,71393519,75996797,70634772,70969170,74894166,76992916,70773305,73181690,73054673,71603582,74389994,69601708,70355749,75087920,70791902,69475005,74234763,69206233,75979669,68896012,72572176,73835054,66067522,74113875,74422509,75246729,75884177,64902100,67213318,78890990,70759788,69565202,73599748,73544664,71294060,77123643,76678785,71061373,74936622,83141088,73750792,73504914,77033507,69844040,74238689,70687055,76602837,72687059,75983130,76234270,77580380,75400388,66915152,73675003,70380705,72477681,75206233,70227356,76878593,73242125,73937310,74243234,73037345,71126203,70352413,73909551,66929297,74907511,74524769,73002117,69102265,71400798,71667212,66909626,72937510,72856447,74831007,68422343,69983579,68084740,69795104,74236116,74511169,69085110,69064347,74468143,74506027,76345402,78239068,73814403,71615789,70021487,71338033,74871165,73425145,74678839,71897393,68917932,72068369,74865539,76511151,71756979,72552084,74162841,74274050,70052294,68332191,67355363,72514519,74568591,75316118,73941333,71320987,75249409,74747472,77352576,72394324,72163019,72309164,74681155,69465754,70168052,74886400,74040076,68689333,71379204,71685168,72647770,72094571,74805830,75696461,65026487,72005211,73379618,70832682,73096505,68737488,77859956,72772179,71780853,74895583,73573096,74791374,75304794,71401239,73213823,76341715,74913199,70422817,69162998,68828726,72722182,71237823,72488089,70710656,71832511,71133662,72122363,71851905,71518321,73881994,75451301,74540345,72583635,75219051,69884261,71276356,71971050,73231343,74326165,80286256,75292983,73377384,71838831,70865702,72262028,69713007,67370344,79995977,75836921,73488128,73434009,70245450,71528923,75939483,75151483,72870374,74058763,71466257,73522342,74175114,76070843,70301979,70363032,70950819,70049856,71662836,73418865,73070263,71056354,70444239,76106631,75933164,72957014,70305252,72611411,73270712,72696315,70936597,67943879,69634318,77275685,72091703,70533025,75065669,73918234,74093632,74109861,71354567,70027975,71362712,75158249,76847152,68936008,72752103,69463847,72904782,69674199,69636784,74742793,71768650,74210727,77855369,72092977,76893527,75964447,69286723,74979007,68943678,74965406,70310797,75109302,70758885,75437734,74715469,71997731,75667764,80071837,70144029
74348445,72210463,75913402,73557564,74371237,74608413,70054583,74456083,75849246,75563246,72248978,72985066,74303979,70091500,68757751,70617722,71552863,73671155,77055244,73556110,78442132,78065033,73211636,74211494,73373579,74358895,83806228,74826849,71941302,69424040,75486160,71668878,76110541,69468029,72784859,74745130,73477001,75058192,72820964,69834005,74455238,69157577,74507470,68733005,72491009,70863680,75094519,71037401,70693932,73691829,72644851,73786577,75092286,72075378,73234717,76088996,76149538,71447140,75701329,71261178,71883626,77786320,70876056,72408909,75132095,72737820,69828585,76221755,66100865,75915276,71525934,73376143,77982502,68086878,72845860,70497328,74553863,76846409,66037603,69348746,76968521,70407070,72737469,73676662,73667587,74802212,80162735,77397961,72633906,75978451,81326196,74750843,75364260,80769654,70389177,76191950,71327849,78527951,71930230,77382730,74824750,78406314,74750898,71040513,73833148,75064732,74496585,74940306,70993603,77076316,76231602,73379305,74825087,75378568,71487781,72070624,77289330,69532558,78561659,77027047,73855422,72065970,73818112,73326470,71319382,73793368,73127321,71826108,71091584,71904460,70472449,72571022,75507808,71295799,71864409,71540391,75135706,79069676,78630964,79227348,74590773,72231069,72428266,72605209,73835286,71082056,73492471,70781446,71287244,70861902,76264502,75737853,72785920,74220831,74372287,77847645,73635495,71308393,69977065,71662069,74523808,75383583,74790426,73249886,75040133,75632415,78855625,74615250,74611377,74490599,71207914,75197807,71576507,72610826,75816280,68254030,70545733,75082646,72441639,71058104,76401523,75283905,65668197,71492473,74918361,71515087,76135518,69110774,78826514,73902953,79187209,74561353,72178626,73208811,77377622,74655529,74302200,75520935,74613457,75690769,74615302,71633235,74302072,74922110,73204634,73276360,76028662,73420417,73350845,70841812,70748728,72425511,73094087,74731565,72397164,75377656,69422313,72341376,76004239,77105714,72503271,82678192,79660812,69685975,73546365,68698545,72935644,72601711,69735882,81408380,78867131,76280036,73464730,70323228,73650156,75200254,77876567,75362001,77315427,71066119,73919841,73897499,74144731,75022422,68833362,73621312,71975684,73564873,72944720,73241388,71132925,69912865,76169509,75172091,71754202,71014449,72067091,72950822,71909366,71562432,71090471,71774324,78217456,72632323,71838529,75654040,76204153,76277988,74207709,74092380,71986862,73188280,77293180,78107580,69173920,72376578,71891435,73341264,74108682,70851342,74200032,75328892,73782420,75260192,74766740,78173589,76430103,70407323,75074170,70138130,73552032,73562899,79918874,75511705,76010559,75352679,74692493,76001921,78337845,69765154
76350282,74480961,74688657,75031539,78102102,76713326,76013360,74797461,78794456,82955506,76124275,74810949,79210459,73987373,75244605,72705262,75695081,77682837,80963246,76565959,82885203,80170535,77174977,77474675,76849847,82506612,87790207,77116459,75732994,76958842,78987462,76430737,77068837,75855243,78313331,78583871,76442441,79500459,75997302,72002781,77941962,72430538,77270701,72232440,79158048,76271214,80208871,73426448,72488849,76803910,78632178,76820228,75688821,76695353,74864024,78143154,80680136,78626300,80617514,76343418,74670654,81876601,75889535,72415440,78562075,78195830,75579512,79050808,70382127,80577168,78580752,79372321,80719002,72779969,77846281,75021130,80772914,80703279,70696219,71498883,80685884,69829478,75913755,79866575,79343030,78661601,80337123,82205745,77592209,76463382,87529892,76079598,78993295,80760563,74095244,77519198,75684068,81916533,78506951,82903741,82755482,84311084,77465259,73514813,77627040,78141894,76651121,78755779,76694367,80656651,79632667,76558338,78098646,79233376,74048977,77610703,82673010,70863823,80862568,80650535,77186960,75347317,75110766,75765909,72572727,75915129,79439302,78919131,73503598,75097927,74216189,74725587,82528704,77199700,72990795,75822500,79419520,80261812,77501091,81390370,77530409,74019545,75327183,73617089,78125244,79276204,77064417,75962879,74202069,75771001,82756996,80313232,77576017,74923423,78800295,78412325,74694074,75620879,74769535,72050249,80018511,80697235,76864828,77564813,81528319,79258409,80794057,78999582,76634389,73800695,74095787,74802445,75918160,75787011,81148454,70264333,78327785,75849980,76021703,73832193,79739992,79457827,69614471,75250581,77733190,77041660,77896293,71882286,81871521,74070495,79694535,78027084,79348140,78059043,78676903,80381296,78477483,81014685,78674404,78286234,77078782,71552733,78605971,80396394,79729938,77667960,76720559,75574920,79928284,74787274,78978106,76605654,76446543,79665640,77766343,80702546,74682773,76750450,80411573,78985160,79641939,85041084,78943015,72588423,76708923,74737075,75729692,75161882,73720414,84263809,81728655,77874540,76102661,73638058,78104109,81174986,78115094,78926658,80126020,72828680,80722437,77121132,80265855,78502696,75418006,78662581,77809449,78653508,76549652,80304521,76834150,73422785,80345756,80125686,75347053,76825184,75020947,77542949,78285164,74331807,72900730,76395423,81547642,76002856,76014774,76071180,77783118,80374767,79968085,73967444,78627026,76959315,77562136,81654949,75011314,78676592,70947959,75460791,76893067,77220553,79699270,79591361,77036957,82772895,76799182,82607766,80258701,77234403,74795530,72039245,79639539,75086447,79456838,77558015,81474321,75087054,80320141,80123427,82123415,72716099
78175051,76802271,74288564,77916611,80396896,78441906,75585765,77363021,76623892,81580010,77686821,73350038,79709997,70288011,72392144,75873314,71445435,78302763,81531561,77808192,81280795,80860307,77452995,76329045,76901907,79458801,86975180,75106037,76666137,74835996,80949025,76395255,78266957,77413833,74854982,77625839,77914290,78835240,75983703,73516489,75564295,75164998,77697885,71386457,76039445,76803944,79553506,73243710,73262855,78743138,75542872,75896257,76684024,77064842,73850934,79246717,80066818,75406608,78376557,76809234,79435166,79725097,74670491,75728645,76360671,77516551,74615398,79407290,68351166,78119683,76919831,75244814,76999022,71385117,77332394,77057168,77160090,76273199,68186437,71584238,77150227,74896026,76706902,76657226,78563257,76325193,80374039,79587140,76477418,78010535,85542088,77054735,78887063,80889678,76038755,78379239,74828942,82248620,77007253,81618389,80229530,81726049,80336231,73277418,76056745,78610918,82180999,76070155,75784421,79873783,78904245,75256339,74607749,79898655,72944186,76586940,80104406,71556913,80316922,77645194,77039819,73981028,75078925,77846660,71304676,76390041,77156606,77612702,74557671,75009136,72159708,75402680,80405223,75250509,73783370,76907631,75264077,80035503,78111249,80545483,80104539,74698194,75920908,73591121,78060951,76608888,76245633,74984761,75074977,74373254,76877140,79102088,77186534,72985317,78913035,78014527,75022935,75672187,74119823,73604061,79483090,78251146,78752052,77541865,79982703,78139937,80826528,77424350,76847547,74999000,77142358,77221408,74327992,74393957,77443554,72343123,78207059,74306185,73403783,74546270,77125810,77908387,70093055,74808882,76571155,76554142,78157573,74794653,78396967,75233241,77880290,76966006,74281304,77237328,77515031,77918430,77359801,78541705,80262351,78283406,73871966,72720259,79024858,78181248,76558517,75932900,79601450,78851651,81175570,78202933,75677140,77378333,75601761,82767442,75231792,82548814,72509281,76181647,79861097,77982859,80270155,83287948,79184856,73707047,78789842,74773701,75724494,76114615,71903743,83334786,78727880,79679974,75673034,75064127,76480160,79851562,79569523,78677208,77310836,75857106,76623434,75898437,78930942,78228354,74781983,76990261,75069214,77299173,75435186,76075296,74462059,73359072,80210085,78915411,75644782,75286588,75000265,78754622,78173543,70512071,76935603,74440658,82280349,77725666,73142225,78304743,72768236,78784661,80010090,77444323,72622380,76417598,77626152,80215396,74755717,79279278,70094899,75864889,73919493,74285653,78302469,80459278,77924410,81183850,75135778,82444173,78505842,71485587,76223082,71171323,79803985,77874391,81571533,77426219,80500087,78925976,78525323,76126505,83682718,73660817
70179421,72167283,71046647,69001121,73738620,74280221,69834416,70344924,72516642,75055506,70510630,69590196,72887761,67263013,67226870,67840599,68434130,70178134,72201273,71848949,74783897,70720693,67805618,69006951,71041097,71846488,79040364,70930428,68163429,68316681,72714873,72051191,71538919,69153886,71343781,71667213,68450874,71833519,68742914,67616339,70030169,66213114,72457990,68572620,69668348,67860594,70461799,71316133,66346552,72205561,70887020,70802272,73843108,68617616,67827822,71361230,69802613,70168209,72217312,69472531,72249744,76888007,70323711,66281088,75087248,74169331,67790256,76014356,65351268,71966225,69560550,71016604,71276296,67788859,69950647,72116099,74795291,74223624,63535453,63326961,72672415,67490053,70748388,70808489,71593235,72436154,75009616,75454158,69602251,73720479,76921717,70228016,74419345,74148352,68583417,70502013,68855395,77114882,69820291,73496951,76467069,75179508,72147505,70842324,72034210,71396690,71944697,73279358,69032137,76286725,72076973,74233085,73121606,73696953,70586266,71946791,69977469,66966626,74319673,74063911,72000888,67546649,70661289,68776360,67823553,71261046,72203963,69028866,66094179,68834016,65394200,67411735,73279875,66861889,66477217,69960964,71977880,73796729,73855554,75081156,70973535,70912340,68625738,68475713,70114092,69548086,68713147,71863254,70371591,69105830,73941727,74508394,70404350,67121909,71040455,73706334,68396503,69102503,70176588,68950451,71770834,75547594,73282995,72276255,72266472,75733173,74990688,71213426,70735833,66520369,72779205,68995216,68080445,71783895,74810733,64987392,68394673,71495582,71253987,65621468,74053299,72746804,64823207,67002623,71279060,72281609,71616569,67113107,77349866,69857185,69515818,71001154,70647212,73815463,72382722,72796160,72812886,70487135,71798448,71795626,69924004,67548826,73123791,72714175,72521800,68833898,67913474,68870810,70102311,71069928,69822254,72683333,71569394,72349361,71863684,73091364,67009701,68847579,73959108,72775725,76063800,78584369,73741838,67901003,70043386,67738328,70782701,72140085,70991243,78359767,72679133,73882773,70169243,68471253,72074960,73448857,74188810,71825207,72007417,69458031,71342579,71416402,73650949,72813556,66229661,69567950,70227800,69392964,70828561,69935346,69313624,66928465,72869195,72181336,68604922,70855144,71742067,70007444,72046995,70268917,67686253,72846600,72857345,72994282,67658031,70553202,71678302,74392911,73024210,67951125,68154023,69277599,75325847,74557807,65972095,70996960,67339210,68727665,69327559,68050779,74002587,73259673,72105901,75736923,69816572,71594987,71774362,68511527,73172155,64345062,74380522,69061127,72657029,72499716,73786660,73388963,72127137,75411803,75753524,67391518
74313408,74741711,74462193,73250688,75335641,73547397,75034130,72898502,74247072,78582273,72275455,76376288,78030427,69505832,71506159,73212868,74660256,74792485,79659128,75700917,75744856,79142433,72155487,74858691,77846303,77034530,87144005,76552413,74392240,73156748,75094274,75450618,76302969,73483708,74289636,77365898,70716641,74576644,73343976,71610089,79382374,72198842,73876151,70326614,72695269,75294182,77852449,71133773,71688878,76194416,76321266,72950840,75963901,71711516,73260215,73977322,75716185,73455565,76557675,74701177,77839427,76353850,73889877,75237682,78660338,77319974,76554809,77288883,69037771,75230357,71071980,76737061,77472171,71290564,71665228,73061009,75670254,76651214,68568555,68006297,78558650,72100524,73400319,78121992,75455293,75115810,79143212,77832856,75054169,75288543,82142741,75879847,75985607,79567070,73048188,75930844,72628712,79116121,76238050,79928987,79754457,78963859,77383802,73986936,73216806,73050547,77871101,78306219,71762207,77046068,78016130,77297279,74999951,77931694,72278328,70847233,74807122,71746409,76179158,77850130,76311243,74271208,71417906,75307351,72781615,74415595,73251367,72869828,75062425,74141140,68892396,73219086,78188205,74134089,73492862,71018209,76748996,80783650,77173736,78332763,73287048,71688802,73335130,76017492,73520822,72909863,75937832,72603369,71835780,71196752,78507377,78910545,74469426,71984291,73673728,77119230,73062190,72727211,73551648,69562328,79518375,78210191,77824233,73672997,76866440,80107367,78922853,74945570,74867000,74055777,72141858,73826785,72754534,76613095,78208853,74631091,73999999,72833339,78808714,72324163,74860333,73503132,68859024,74280979,73586679,76671089,77328646,73823184,78284709,72371413,74944352,74010547,73117725,76734422,75420281,76944910,76867249,74738618,73231665,77660477,74496697,69445613,77498527,73137371,77118161,74089052,77818911,73832331,74593587,74498374,72879322,75477821,75875586,76873785,74055389,79639399,71759362,73877347,74639402,75154350,75008474,82671933,79291597,69686485,74091928,72660808,74047785,73840032,72173907,83013041,80170731,76258933,75667577,73146934,74723765,77038194,79225233,78523542,77585737,73315100,74280120,77164692,77664105,75678514,75444736,73327443,77513240,73831055,72784764,77499932,73898015,74427637,79200708,75732699,70402964,71045411,75426763,75883957,75536598,74204667,68888234,74111337,77941320,73096487,71927395,78242157,73269454,77565852,77401047,73733921,71297172,74751257,75230899,78577545,70549492,76192654,70995803,72772536,78225187,71494742,76586470,77507549,74063953,78895254,74289846,80211163,75740081,71043773,77208514,68456650,72942717,71045676,77855297,78518411,77098684,76244672,76498373,79880106,81062399,72057728
77674406,76623963,80414700,79449725,81229811,80489840,76386776,75739185,81091945,81044155,77970007,78803870,81882776,78582952,74781632,75219458,76039509,78895152,84663175,77986454,81715885,80352222,76174451,80450796,77197575,82722592,85960208,80166481,75546987,77028515,80415543,77803833,80200464,78733595,78184512,80672983,75034303,79505199,75941391,75451272,79827422,72448839,81500205,75386171,76946617,78426423,76900022,74404982,78786387,80861538,75958688,76600126,80848596,77214265,76931289,78925125,78153989,75323001,79599521,79172388,81632099,84957991,78373503,75427919,80119490,78682917,75959399,84518113,72632082,78303889,75945727,78474862,80566773,73023855,78782385,79646839,81714091,81885437,71283104,72069197,82430118,76880376,74518126,78397468,80859977,77380531,81658331,83622701,76085825,79580980,86717888,80050940,78623050,81801207,76063879,81550747,76661485,84402860,77604372,83619393,83069667,81537667,81495269,76655807,77701082,81273271,78223954,78585439,76543862,80437630,80415706,79619108,80756787,79990042,76226981,77214569,82341712,73134485,80591602,79596022,79500766,72061982,74796589,77806492,74638093,76562468,77857068,78871673,75585623,75438770,74747622,74549204,79649853,75934602,74326561,79007273,77477284,84269130,80135399,83918298,80521619,75716508,74463403,77397117,81494045,77549435,76763816,79287447,75919977,76581640,83637066,83518981,79931172,74721584,79781163,83666668,76210419,76501472,76129222,77204368,80853977,81248075,80153342,78812073,79454457,81922412,83175132,76497289,77740506,76915017,82140408,77119632,77623594,78767565,79800801,74303359,78402809,79359310,77790126,75134577,82410594,80386999,70884964,74576316,78451811,78477865,79794428,73981290,84207632,77887705,79935434,80724461,79615421,79303375,80544510,82815146,81639591,83109277,78840877,81847847,78005500,73128540,84228893,79216544,80787837,79060520,80387790,77712924,78977366,75963644,78895462,78619029,79032404,79005623,80934597,83126844,74499931,78440177,80843713,82593044,81383883,84543138,83428294,73634440,78505761,75136317,76795642,74572674,75709499,86793550,79389829,81643336,79012380,74653385,78534273,81687399,80034668,80118058,78239862,74334432,78914552,79377011,80627103,80570352,75671367,77760389,77052336,79977038,77310665,78606828,74585011,75715132,84273859,83636612,75165783,76480487,77204641,79676518,79040042,79088195,76072079,78602739,82948471,75594307,75564802,80861987,78354055,81027577,78652108,74579924,77776918,79998382,79824252,83051350,74206357,76235977,75383897,77957906,76808680,73414626,82767967,78866650,79939214,81954751,76664660,81316031,80080177,75329855,79058338,71902605,79598040,74814725,81417184,78912213,79829677,81913532,79126642,84229299,86917730,74347641
71585230,75150467,76426931,72789970,75310329,75721596,72900383,71585965,76943730,76508116,70445679,73057145,74807076,70078278,70630966,69955136,68855291,72141052,78239627,73083811,75786841,75276803,72246489,72734110,74797605,73688525,82018450,76199116,74457216,69547164,76155192,72060401,75440592,71855944,73105450,74387918,72372708,74605815,70908094,69627765,73783284,70706614,73218333,70200073,75596838,69703632,76027258,72303106,70027821,75503317,71488201,69656381,73131843,73375261,71917948,74448485,76092250,72778714,73537251,73498282,73718042,76541366,71083389,69886271,77185963,75437882,70110242,74640914,66771620,73357738,73604310,75054026,75448523,65282954,72216771,76436778,74726043,76479234,67542408,67773172,76039641,71390093,70600905,71826347,71701359,75370961,79341838,77085541,73932391,70800181,82062636,73310425,73612870,77415014,67941850,75343961,72784988,77013139,73622838,77463420,78426947,74126895,73766684,70537361,71188526,72450599,72638144,73506678,71234579,75731248,74583326,76040808,72508394,77338540,71219161,72283438,76610164,69731796,75897847,76644607,71351185,73195069,72749562,74392152,69453554,71886597,73576548,74563087,69738114,70158433,66390457,71384139,75568330,72308679,69317229,71316951,74957553,77360395,77754966,77547442,73128194,72316998,70571937,73044825,74004927,71697878,75466169,72994667,71263890,69078436,76981415,76888150,73217322,71796116,75753715,73883721,73849859,72391354,71834075,71146203,78014389,76536892,77717915,72322528,73529702,77595240,77839705,75386098,74259325,73223371,74137286,72775420,70432243,75956283,74925974,70485060,74111947,73297951,71272394,73028138,74139155,78691011,68776873,71393503,77132913,71022960,76311892,70619697,74773207,69234434,72128100,75796277,71216978,74518425,77540647,72528230,74704904,74508155,73656231,72769970,72360885,70027045,74919220,72873354,74544694,74359330,71374276,74711958,71938630,75599219,71577825,70908329,73635803,74096735,75278239,74362558,70327703,73831012,72996064,71776536,75291375,79728259,76779933,69954711,72952344,68889453,70544020,72157918,69173764,80635851,76501491,74619534,71517012,73623537,73495084,79054550,78023144,75039997,72560404,69552153,73246573,75787236,74584739,72586879,68344750,74389495,69314559,72202540,72729885,72380906,73601645,70377275,74816783,75405834,73137521,70380853,73785844,71881754,75045263,69349733,69971024,72480555,74943952,69466784,72358130,75948663,72706277,76627378,72331059,69947412,70492860,73303076,75003069,75353324,70347189,72545615,68824836,75649179,71730229,73568162,75633653,74551227,73275270,76276872,76426503,76427832,76934858,69870197,75008786,65908167,72568395,72130219,78887726,72749164,75957632,77572792,75154666,75598523,81505731,71247005
77698996,74556391,77920042,73731314,77841664,78694586,74685277,75714157,77262563,79195429,75956252,74432531,78868686,72478893,71166765,71246787,73171262,76119909,79885318,75933413,80618765,76856202,77007593,76435021,77654051,79700533,85501040,76693165,75736773,73964762,80154429,76797832,76501558,74262165,76625223,77187402,74680011,75210533,75684167,74833065,77378752,71294115,77386945,72611532,74296479,72967027,78152526,75884881,74861602,77218079,73246561,74432248,77022634,76659686,74498389,76398021,75902960,73884208,76690370,77386072,77638773,80074953,75046759,73842817,78163389,76961515,73941635,81236907,72891652,76159390,76808879,75908444,77308532,69432924,76023556,76076101,78664286,79469689,64715780,69438341,78324559,74604153,74330457,78075371,77840553,79013421,78080604,81763989,75266235,76233829,83193173,78277739,77435097,80719734,75881217,78404449,73648130,82838424,77308834,80762221,79215801,81026355,82637759,75412576,77350485,77533771,78184103,77147219,74278187,80789371,81391970,78337999,79466208,79496133,72380787,76846968,77379270,71262238,77946354,80393568,77919362,73643713,74088185,77723513,72577684,76337244,78214434,78786973,75708603,73536622,72069009,74559596,81466630,75009565,74953218,75445208,77610693,81094796,82122618,80563687,77562423,74974032,74391303,75946011,76451771,78666802,76083098,74373906,75325082,74332525,78712519,79647436,75830822,74840573,77180892,78521226,74528504,74459904,74800726,75888956,77877774,80199531,77797356,76659607,75714018,79144123,82462158,76515357,76896442,74185581,77852166,76106886,75153741,78430671,79773587,71082022,76037264,75093702,77360244,76649640,78087097,77467659,71556968,74009334,77743242,76721434,78097293,72575238,78181881,76173763,75493446,79688080,77468835,76361245,76990751,76665719,77798835,77960203,78490315,77875967,75084682,72263331,77226033,77943123,76749537,77974580,78364672,75331305,76570157,75221327,75863668,77231275,78505342,79642551,76408755,78744942,72950849,76169363,80097832,80338149,81371786,82942321,80696206,75529783,75228177,73662171,74108949,76434409,74045604,83797301,77558490,78037553,77432836,76903294,76786468,80722752,80782193,75186412,76039423,73231067,78440605,79468193,75856490,75890415,74499826,76623023,75154275,74013187,74875263,78376446,73106555,71808711,79754212,76808107,76761543,73346499,78537713,78486353,75913765,74752144,71309926,75541474,80322253,72781499,73738112,77349262,77094257,78782606,80327059,72906439,70528816,74652360,78330279,79558338,74066718,77167683,75354235,76499022,76131258,74182116,78027305,77506856,75050721,81843359,77438710,79774220,77301825,73544673,78526022,69964962,74103695,74178677,80800032,75989294,81947313,79889670,79092777,80298086,86496077,73303850
76624219,76596726,75221500,75701855,77097829,74658985,72614355,77630306,77352724,77861552,73586470,73968082,76056664,75214369,69677517,69247854,73635566,77319331,78520073,74893737,80997594,77649838,72986797,77900131,74530597,78056447,86327055,79623605,75367726,73045276,78327511,76304105,76517294,76781393,74813776,74889899,76072698,73439711,74354476,72800465,76006072,71750222,79848573,73290311,75674473,75755114,77617779,74493748,74872271,78137292,73107041,72398539,78872902,73396473,75915305,78182508,76018150,70467816,76214859,73885454,77019450,80001149,73612109,73042667,77137595,78567117,74879595,79967868,73818690,77807219,77133343,78290663,79128431,67651850,75971699,77465485,80932710,78905148,71813792,71116296,78160649,70323793,73849941,75570650,75992780,76505634,82026395,80013043,76119112,73858834,82774370,76248480,74652823,83012233,74143251,75418187,75512812,83434659,76398601,76851118,80294222,80680050,75330747,73496729,75555958,74431534,76209858,78284558,74515945,79172460,77526501,78517919,77829489,77292465,74641029,73941376,77516250,74634753,78614868,77551811,78926387,73833513,73268383,76527238,73147300,76524021,73743136,74668428,74198641,73519404,72952116,71591203,76926515,74815277,72640860,75012009,77562412,82517937,76805230,84011873,76367101,74844895,73812602,74097955,75496140,75436434,77038432,74866410,71944400,75156024,80160461,80008226,75026658,73002210,76070889,77537559,72853145,73048868,75358936,75741574,77869105,74515502,79746883,73615564,76065985,79584022,78649072,75958931,77273774,72691848,74339895,74128584,73551167,77449252,78719085,70504867,74920936,75594071,74654237,73660247,79592431,78922846,71002391,71615363,74763884,76565453,74343983,70656415,79492966,74942404,76365195,76781608,75533054,75610185,75804930,75547310,76158084,82528666,76549262,78270098,74168251,72168328,79283197,75426981,76617000,74967935,76593520,78274286,74185204,74022845,73526359,73261948,76571932,76561055,77698817,80394065,68559029,75874563,77501808,75303485,76826745,85664439,78910095,73845939,75961062,70655613,73661456,75571156,73706959,84321833,78069782,76753627,76405020,74455499,75039944,79069062,80266305,77077333,76163873,72041000,75149324,77515805,78398077,77233028,73236599,75948499,75598815,76022421,74717487,77720178,72142174,70161273,79705765,79598009,76803746,74701787,74545965,75741751,76460552,76259559,74196374,75824746,76624050,73901759,74776284,75984605,78469955,80120524,76583598,72624488,72659931,74324257,73017801,77138425,71114093,76605897,72458174,75954090,73439818,73155648,80666989,78230649,76507159,78265057,75383039,76159675,76805418,71056876,76904698,70290462,75487563,73943047,80827581,78111195,76457107,81579482,77487067,78384837,83148747,73802187
73926457,71235246,72604361,72000041,77480545,78269857,70579461,74751370,74736283,78856283,73557693,70620482,76125905,70428242,70454426,68822633,71806556,72673646,78582408,73395402,77068586,74415247,71878093,74720255,73617308,75874814,80921828,74679671,72241139,70913213,74447786,75164786,74404191,72468259,76280867,75054521,72930228,72686711,71961851,70350468,74927568,69855479,76202842,69101423,69915050,73230030,75806308,68045946,70639843,76085776,72598532,72906097,74314194,73242586,72673061,78976051,75394845,71830804,72400509,74124090,71757237,77919606,73491963,71787549,75102480,78516370,68171796,77796114,71163082,74239115,72290513,74528026,74756367,67109657,72639185,75337429,75649003,75687401,69002392,67687393,75157866,69918615,70533850,71455208,73045577,74891328,77688177,77738058,73296361,73015097,80349287,75769465,73718064,77077094,68929006,73548600,71455352,77234009,73215169,74381846,80525501,78175872,75901588,67920640,71740440,74092964,76698711,75638294,73743041,75455826,77498259,75765459,74220867,75170912,71027992,71772286,76098166,71639231,78975438,73303554,74719090,69952231,71539127,74638131,70073337,69247802,75888268,73138432,68857652,69768616,68595419,70208230,72095843,74619824,72545194,71576856,71583940,77418018,75862210,78720060,75985593,69508382,70396894,71902919,74607832,73055908,73257776,72444797,70118012,70276012,77307605,75585174,71871050,70660110,72608207,74494161,71624864,71320255,71452544,71608284,75303297,73310591,76345979,75272057,77383163,76157693,77862273,72525011,74700380,71124895,75170506,71659345,71260467,71424383,76724794,68454996,76695696,72294345,71799243,70468749,76256095,75423427,68194008,69203948,75021559,74590416,72944440,70385321,77508024,73986205,75469913,76414407,72619567,75114828,72825577,72308464,76023692,76399726,74428492,75666806,71668314,68302774,78463428,71959859,72979015,74698752,71969755,75440704,71924209,74401280,74654459,72661516,75340345,75062591,74391094,76729803,69550933,73561614,75463519,71425398,74205341,85182373,79020192,71356325,74033900,68601156,71152148,71982856,71734750,82046139,75023564,75515537,73964244,72513897,73770347,76561178,76514446,73017084,75593758,70107128,71653270,74140557,74068202,74678141,73247116,75021297,74202056,73343717,72444998,73274928,71550346,70909658,76430213,77138660,70678353,71161161,72405276,72719103,75216610,70813656,71794548,73718487,76992652,72195140,72019909,74138369,75025679,75474169,74774063,72119688,70348582,72708054,75848500,75969479,69568323,76762249,67440498,71851903,74272649,70394281,77517630,72332042,74233322,76139011,73375252,78416718,73033140,68630918,75158571,67674207,73963618,69929132,76133393,74822030,75233203,73479319,76409408,76562442,81802821,71059291
71560164,71993904,71323389,68797693,71464308,73541107,72736263,73713567,74710007,75589077,72703505,73119766,74907933,65443240,71859115,70288230,70180904,75274406,76447518,68670527,75021108,78422062,71177471,70801335,72650025,76777599,81102516,70918229,71388356,69227997,73313620,72177060,71746162,72583288,71586779,72406616,69860201,72792902,72457681,68314307,73952817,66798289,71057270,70597192,69326272,70577937,75990648,71829128,70144290,75145706,72570002,68854698,73063032,74769408,72612622,74346094,73708177,70948029,73211207,70083027,71443551,72956337,71210102,71131493,75245390,72221267,69518494,73688560,69356841,73617636,70601291,72244271,74793463,64713257,72958791,71349399,71949500,74911637,65289639,63992173,74982493,69387499,68826751,71422112,71992001,74984333,79660635,74612156,73321990,73731418,80543478,72026003,71564065,72232462,69112099,71002706,72807001,75775275,70976457,77747952,76789104,75259323,75498036,67647766,69765520,71598813,74427843,72656808,70650964,75651385,74623153,72761289,72705423,72294305,70173756,67639834,75289562,70279004,73561295,77245028,76082634,69573171,72007254,72729764,69538647,73639678,72376149,71402059,68049024,69714313,67245392,70124738,74197936,72200174,70318394,72026645,71098371,76610652,74490839,75225538,70644000,68893251,71466749,71595503,71296339,70263070,72436204,68243083,68807229,71340271,77454518,71980280,72153899,69806837,74724615,76098362,69778941,71490647,71464629,68446302,73309285,74102041,71280789,73153052,76217270,76128963,78269760,73436617,74385951,71802233,68772356,71050833,68980217,73757179,72587353,68405766,71099263,69542151,72097935,69520269,71146397,77018457,67394169,71008764,71801461,70776586,73597831,67502142,72621730,71192565,71386745,73759278,68178343,74105271,73371485,72034485,73208647,73546010,72957607,73072670,72477419,67157958,72834603,72749140,72459155,72684137,72884132,69022821,74871068,72012071,71486762,72987284,75220049,71162516,72662105,75336600,67936653,72642959,72015606,71156041,71750806,81571176,73107807,68409944,71350504,68434024,68635821,71534446,70653204,80018876,76206995,74640126,73518137,72337964,72829357,72946713,78812797,75610350,75168385,70194868,71779669,73511559,73687457,70291556,67263200,70445974,70099018,69951309,69747796,70401917,72247051,71408623,76290431,72256428,72000425,67783561,71213686,72199351,74421504,67294874,67415010,70356860,73743587,68262635,67433633,75982601,71780058,74065440,74918841,71812369,68418901,71549660,74639343,77230176,67224002,75935631,69356734,69809214,76344199,70524689,71413451,74705345,73038465,76212936,71738299,76002217,73437487,69360747,73002695,70004506,70985870,70525564,74333835,72372868,72915918,71434274,71844178,73064539,80855270,69456752
76643913,78940241,75794364,77898958,77764905,78607156,74208043,76047803,77788991,82059637,76723961,74220975,80533383,76538267,70751698,74296221,73168009,77890809,81918729,74171504,81574376,77885934,75018155,77115469,78543548,80723872,85706638,78397506,75823706,72493011,78981549,77793647,78949111,78828732,75675418,76781337,76122931,75070717,77690169,72559090,78254456,72125467,76925792,75315864,77085218,76984277,76656149,77423117,74430967,78160590,75632566,75176938,80871037,73101279,75653507,77953824,77640786,73855682,75852012,74968702,78342044,80400269,76925001,76579070,79046323,77317731,75077875,81498648,71641960,76695269,74694949,76936719,79334212,71089987,76041027,75043646,82676449,78627405,71737344,71654384,80457217,71630824,77032774,77836330,79223348,78454868,81969440,81292962,76964189,74986172,87689451,76434077,78764925,80649920,74244023,78844784,75012973,84048726,78323653,79832796,84322985,80858387,79336042,73010175,75397599,76935586,80145791,76185723,74871878,79550690,80390173,77178163,79416407,79111917,75022617,76269687,78716527,72521686,80555942,80540701,77399556,75487114,73942045,79594309,73767247,78562985,77283439,80078005,74039332,74925189,72713836,74888096,76453008,74507623,74543984,76397488,77388922,82013434,79612603,83360272,78428904,74318743,72749135,74198174,77997183,76747344,75558354,75952057,74007648,75795793,82094853,82016801,76901544,75490075,78330913,80504887,75834431,72743172,76583859,76733492,77181957,77772667,79084404,77343470,78578601,83457278,80451445,78924732,77394985,74409553,76847784,77334263,73925727,77422545,78990776,72522081,77423650,74810791,75043910,74225954,76132024,81361403,73449659,72464166,77315307,76042565,80640751,71718027,80439329,76427351,77185796,79434157,74529468,79920845,76437183,75936071,79504167,78681067,80082190,77785572,78179090,71998108,80782232,74892311,78188610,78363991,78273740,77671425,75332828,76098989,76935444,77568841,78345949,78740357,76466822,83064509,73116287,75926761,79176758,76434505,77586248,85465475,82246572,74544368,76633583,73360485,77019325,76514724,75361272,85072546,78119092,78253335,77125233,75500065,78162216,77505454,80530497,78468710,76953109,71578783,77685565,80400821,77865468,77125859,74592375,76106647,76927733,78322094,77543394,78997271,76961601,75609747,81243578,80542812,73124462,78304186,78737436,74979684,81251551,76779235,73344155,76086277,82847125,77764521,73608815,77372330,79432249,80301442,77830471,73811036,74126231,77615520,78033374,82303281,75037366,78691270,76898231,76412000,78680166,76699055,79329603,80779268,79562057,78021921,76037047,82387758,76608823,74908243,79380759,73427965,75457463,75865462,80924105,80521901,80365761,81052446,80460351,82778436,83766892,74507733
78881284,80128065,77171951,78286516,80904355,78491867,76634562,77682497,79033257,81537778,74638230,75990741,78540471,71924492,72517934,72244680,75797457,80241219,82082811,76867629,81355725,78795399,75541765,76879445,80113813,79225274,85308762,77986725,76529362,73119777,80623768,77324341,79237986,75433967,74997844,78299474,78112424,76030862,74896158,73327325,79081893,75287540,80647696,76384489,75597709,77911453,81801507,76414765,73595834,78716914,77979513,76634483,80016664,76236191,74760703,79537236,80074636,75755263,79025359,79760875,78305545,81605826,75226100,74931544,78988853,82684984,76859490,82365108,71367238,80229403,73824287,77861371,81417607,70298451,77005928,78110686,81452929,78970628,68343499,72189455,82254051,74939431,80099744,77782697,77156529,79794658,80958471,79039812,77624766,79158450,84884456,77455792,78074499,81703178,76044463,80635350,76068262,81802049,77957483,81244296,81366124,81929195,76682696,73749086,77928121,76895499,80284612,77445869,74899454,80322783,78566709,76974264,77826629,78985621,75378220,74973067,77170104,74321311,81578921,79454999,78804308,73617775,75726548,78656571,72442899,77206430,78016585,78098190,72543094,75250288,74526337,75361800,77790507,76007072,76269422,76458193,76672898,82680243,80563677,81588309,79948217,76528178,76726119,77442366,78925157,78761327,75692995,76058126,76391526,75291830,81955456,81446608,78874625,73454997,75625283,77439928,76483233,79947719,73478974,75181373,79583522,78217899,81345948,76503789,81080145,79779266,78016731,79239306,78157956,78211257,77197542,75475067,74413737,78897988,79273022,74085291,77060632,73988809,76281879,78646926,77639590,78852278,71741134,76343325,76117460,76891102,78905010,73580370,79907679,76687698,76575046,76336926,75557861,81840969,77009937,73870918,78859447,78742158,77405352,76535892,72265780,72826922,79995068,77433347,79547226,78181625,78036597,73862239,79606980,77426912,76736511,77952314,80087369,80105295,79746431,81411649,73336423,76574913,79748867,80524559,78619084,85974881,82383061,75565501,77673664,74325540,75764642,76862778,75553551,88816207,80090360,80652855,77597057,76622315,77994571,77655483,80435359,78786740,79773335,75319950,78505197,77889535,79004544,77435121,73287752,76598257,79287765,78249166,76477627,77373579,73093567,76232500,82944948,79738111,75099211,74067293,78759565,78853745,77694507,74475629,76631188,76620701,82119883,78590429,74803166,78323058,79936090,81533635,78177931,79599988,75045108,77410580,77995748,79314214,71684458,78921528,75235756,74910875,78981309,77023255,81905552,79944731,77520915,84602520,76626201,84138198,80277250,76590524,81488005,71308454,79458179,73594851,82596646,77772051,82379104,79746024,78104495,79023434,84451107,74886656
77366706,74487662,73426650,74704833,76591262,79482536,75541606,76274582,76414028,81591871,74967462,75658845,79376705,71295096,72980745,73543455,69806036,76830985,80543629,72855984,77479020,74093790,73390281,72438488,72530370,79008567,84602805,76452509,73885432,72595740,78373660,77744989,78361743,74919185,78862152,77552482,74128313,75075117,73908025,74722241,79944482,74870750,74865632,72823663,72197866,77056274,77183731,72377017,73463408,77241342,75931551,75013538,78702309,73971016,74697793,75243142,77571674,75314691,76206337,75344890,75022978,80676612,76930661,74029831,81497222,78758408,74821046,80202540,69529630,78638817,72147544,75795458,77064115,72645498,76627053,74887502,77949332,82072599,71252517,72325661,80341048,70837430,77072167,79595035,77964140,73989215,79316989,83141209,77207576,76231264,83669258,79223657,76064906,79143833,72529962,77311286,74066986,79148619,75686226,81827918,81218454,83047450,76928615,74031790,75910743,75902016,77412619,77020018,73711058,81167532,77332699,78497356,77425685,79295191,73622769,76610480,78060807,70423484,80091604,77007791,75796957,74370287,75346281,79279935,69867066,73038602,75368687,75048441,72863611,73222793,70778620,71335372,76045763,72552850,71566682,76501037,77590426,79875460,78401913,82037397,78391279,75605672,74563029,75396690,76742848,75524176,75113371,75147000,75514553,74254551,79993185,79095664,74705972,72441282,78028730,77904738,71045269,71970851,72717812,71688793,78553553,79270410,77084972,75618685,77254719,78829606,77991035,76882855,79208987,72059070,74748748,74460555,70874228,76365204,76984657,70993385,76076374,74588704,76046016,73123247,76934018,79427178,69681825,71823786,75353379,79446402,77385813,70734640,80766516,72612618,77148114,76554141,73487566,78746855,78398654,78462698,78852501,77695560,76871915,79162214,74870055,74682217,79193549,79378321,79308241,75130150,79249084,76961722,76187185,77021032,77188280,75752263,73809396,77453994,76560329,80233482,73579320,76942668,79691294,76774323,77775738,85956887,82506814,72809432,75723830,73470305,73963864,72770712,73609233,81541342,79422680,79296033,74825796,73059860,76641544,79634532,80162338,76173811,77645004,72966560,78494077,76851264,76702828,77441598,74167547,74453025,76310361,75696995,73904654,78715073,74965548,75232577,80496254,79717085,74542070,74791564,74908269,74451904,75508405,74772067,74068341,74434183,78757181,75300275,71250041,74964311,77325822,80000585,76822457,75484199,76020753,73498849,76192270,82824454,71665923,76028706,73513089,73576636,76873938,74799555,78885500,78809197,76209209,79866924,76810921,82186595,77948368,72343216,77111973,68465259,76478220,72104132,77259289,75355830,79064262,79558262,76767396,79735819,81623820,71410439
71680664,71189066,72636190,71047892,75710030,75327732,70930832,73395715,74466452,76355078,71879099,72247708,74436146,68389843,68293656,67485500,70260588,73338571,77971339,69781116,77462233,75504097,73661723,73715125,75842188,74435879,83374317,73151632,72388970,69900298,76016646,72485744,74088608,71517503,71595323,77132018,74993841,72140153,71827860,70094017,74092811,67844220,75814578,69748786,71125052,73591598,76719628,71072619,70881332,72286493,71159764,70224469,77164287,71643587,70654302,74151329,75238461,73657852,71404927,72800711,72173007,76392705,73924884,69645887,76635347,76277588,69750994,75818565,70622031,75117732,70536943,76701722,77033929,68297124,73326475,74477669,75721682,77618512,67466286,67687828,78449308,69267341,71693369,69599294,73072302,75533064,76733052,79641850,73473386,71569078,81009260,73600962,73338324,78691047,68149669,76964469,71864812,76781170,73851043,76822454,79372100,78987982,75903113,70900370,73122464,72679550,77141284,75378507,70540800,75983997,77148234,73133225,76365775,74752577,70547011,72465437,75448793,68348230,77265804,78326601,74645405,68357927,72106610,71073978,67485050,71644392,74745602,74854410,70722891,71456017,68249080,71078219,75906858,73262267,71924273,71868605,74936272,77441978,75562618,78688143,71595348,70880681,70153051,73664084,72352711,72407364,73432165,70015401,71935004,70660185,76321369,76516284,72591916,70753440,73957755,77657840,72161664,73651698,71808821,73747344,76455605,79080597,74680331,73581452,78628920,77266421,78731215,74130039,72551647,69893372,70249265,72735573,66999291,74143092,77477992,69349525,71983175,70574235,75508305,71111292,75663618,75588444,69888948,68831655,74701483,73407232,73546330,67273534,79406201,72681359,73061126,74650840,70933558,74141873,74796929,75139437,75073871,73702473,72046799,72908897,71836082,69867965,75406254,70956804,76765403,70623769,73130258,71167925,71994436,73996496,72720833,73618515,74364949,73742745,74497430,76517710,71777372,73253230,75236131,74290517,76154512,82096000,78259305,71628570,73369853,68849782,74450080,72776608,70911574,83071768,75968732,78226834,70431130,70188350,74657531,73036064,76206926,74929116,76505228,69371529,71345763,74838480,74959333,74008897,70058939,71736957,73719713,72072088,73158111,74418769,68497585,68786800,76646690,74663361,72095998,72818745,77391476,74069558,77032417,70205085,68422238,73501093,76886515,73457824,72558123,72883111,75938842,74324709,74153071,72641000,70277686,74300969,75464485,75532710,68312037,76942959,69929225,71692262,73114234,75539566,76827252,73766059,73711014,79570315,74462416,76276435,76942851,69281221,74756814,67114705,74544885,69869579,79789254,76205891,75648712,76999932,75602120,76078797,80976581,71580997
75796013,76246329,75322805,72390929,79869246,76938856,74027551,76385771,79823672,77992909,74852223,73754544,77167404,74721920,72513021,73377540,73969304,76982320,77865467,74066739,79262621,74999303,73170469,75771173,76583870,76425986,86232470,77033857,74345160,75171309,77358917,76229558,78676714,73379817,75667469,76803544,74920137,77654316,74028797,73580249,75512642,71493469,79554637,72459796,76320040,76307032,79606731,72507893,74948750,77020557,74480656,76054929,78343185,73161275,73597581,77223917,73967074,74127036,78613554,74580350,77847111,80947829,77308657,74126832,80709095,77320443,76014754,81618717,70970342,76597949,76210357,76256587,74892808,71234420,77528791,76216847,79425251,79006708,66582797,71655815,78762824,74136775,75198029,77133980,78711908,78873552,81323066,82469524,75530472,77628968,82287123,77920650,74692908,80386500,74746544,78189917,74465011,82503185,75654036,81198811,82299238,83086384,76719948,77013932,75961682,74785738,76979033,79259163,74971290,82392597,77606251,77222103,78266278,76791949,71408390,77284044,78160867,70897007,79851947,76994276,76834203,71654287,75141403,75252995,74983390,75783851,76448972,78789054,72362460,72795297,70908707,72539601,76892106,73811830,70778405,76722578,75231218,81056731,77439639,81653338,77172667,76832757,72792576,72503531,78343724,74648477,76121806,74325392,73939216,73817814,79982118,78540282,76457464,75172431,78577531,78004210,76002019,71123298,73690756,74650099,80329677,75610815,76805373,75779437,79379187,81588359,79188143,77355349,78214241,73069673,77748018,75064579,74758938,76566409,80149853,73249178,74731202,76827602,76465518,73884887,80970599,79649357,69050017,73510685,74138003,77515350,78184261,73730940,81564941,74849472,78021870,77447293,76241578,79001838,77485765,76424828,78027285,80470357,78965527,77300438,73137425,72403072,79712698,78102996,76290527,75902989,78853453,75684151,79140772,74204636,73469550,80024438,78522958,76893132,77252131,79482025,73092535,77412223,79272959,76955251,79420605,83804538,82369811,73145018,73972806,72510020,74177624,75111733,72894592,83425448,78996378,78348801,75470097,74346927,76040224,82041859,80808847,77213130,77018993,75949645,78415907,75538539,78392336,76615151,74395106,75266007,76388294,75370470,75521810,80509413,73838584,72723259,81345688,75034210,75913901,76406861,76384692,77218382,76403914,72961808,75854564,77830750,79873011,76144043,75753073,76186776,77337292,78112076,80335366,76312301,76213744,78126457,80924560,79957306,72832035,77163046,72448074,74647679,76734128,70389496,77352988,77400478,76021034,80126773,73183239,79507719,77919624,73273473,77630217,69226004,78684295,74545327,78504188,77357222,79195850,78854838,76880737,80860474,81249389,73676337
75513169,77590016,79312075,75890868,78284964,80107632,74377399,76948802,79252313,82931035,75184464,79444327,82596851,74254379,72041162,71872645,75058446,77151001,81470711,75508821,80567021,78966078,77639529,75542329,79823939,78127379,86475039,78441314,77539369,75435776,78452644,77651127,78413536,73916535,76576360,79502048,75506027,77750538,77235200,72582737,80504780,73024033,82669606,73911685,78126375,76367070,79181206,76224170,76792452,76693956,77536138,75231380,78826999,76119395,77846115,81611950,81917922,74055332,76313947,76943842,78418025,82216221,77331694,79208203,82548509,80566323,76683961,81820258,72935907,77687744,76450879,78913830,78505460,71196947,76903512,75773854,79088898,81574408,71526565,72334749,82320349,74601466,76855332,76652458,78834205,79729997,81580241,81772561,80326857,79408585,85114484,80052518,78320929,80785696,73403329,79283308,72071719,83700016,79380112,83442002,81777862,81737887,80291672,74394717,77834045,77806244,79388555,81387790,73704946,82906013,79089529,76147606,80276816,80010415,73128591,74841365,78392785,72823118,84068821,81011187,79002484,75490977,73837575,80140264,74018605,76865350,81634799,77376894,75345231,75290899,69540386,73970298,79117553,75956472,74715585,74793996,78066771,81730508,81605800,82793674,78084827,75794458,75437407,79549684,78600333,77605937,79288247,76930778,74041644,74727941,82109179,79162899,77311590,77567410,77680438,81033651,76274994,75894775,74866792,74800427,77469857,81800848,79916794,77366876,78954400,80678386,83140834,78076648,77544717,75796085,78575823,77616431,75816351,78802580,81506924,73967942,75768364,74779748,77672940,76599236,76404470,79831199,71043934,75129356,75916330,76176165,80018706,75247892,80262097,76966401,77693025,79068238,77193650,78604525,79541985,75565134,81717087,76933671,78164988,80621877,75036997,72048235,81019061,77009954,78067637,78940803,79651457,72463765,77266457,77696633,77648434,77101458,79108446,77407384,75940062,81546590,74761269,78777068,79818548,80648070,80549741,84765913,84276270,73531342,78325091,76405133,76699234,76830633,75830369,85730563,81280845,78486056,78356168,74282578,79090320,81883097,80580736,79448537,79175813,76614770,77745111,80058280,77172047,79231113,75256361,78385651,77251831,78083343,77112028,78871019,75108669,75607895,80411870,79454010,76663177,75327665,76165799,76950408,76734654,76897841,74857078,77385336,83178376,76261776,75905606,79694363,77749759,81515016,79306590,76021774,74596233,78177087,79962043,81906593,73121451,79078867,72119904,78845098,80240887,75104386,79795622,79827765,79836724,82084399,79793945,81756544,79479962,74078575,80604925,72979160,78220328,74874917,83884752,78449222,80889861,80641432,81035811,79791266,86354667,74828062
69398805,73197952,73111015,67495177,73531743,73856186,70973832,68925751,71530622,76272339,70742360,69061735,73490823,67751130,67447457,68718906,67796824,68069390,74127989,69547549,74840156,73779769,73060245,70814859,72821757,70526475,79107963,70920940,69793262,70631025,71797363,74825424,71519318,69739985,69500560,72382423,71150789,72485326,70205477,66841107,72970641,68172106,72053232,67905632,71019254,71540913,70552881,69575941,67660898,69620855,70292457,71298695,71641865,68594585,68178875,73489597,74289298,70093449,73501810,69445475,72911685,76589140,69535062,68553364,73180395,72730666,69806752,73066399,67235906,67125387,71790059,69103919,73372663,64719756,70122226,71198026,74300302,70745018,67122611,67843261,72498844,66837213,69462060,74120471,71728707,70851996,75733326,77099158,72062153,72474563,80292515,75199069,70508404,77294398,68233537,72861025,70910482,75727494,69813011,73405702,76324770,76787869,71173165,67620071,68222755,70955006,73477498,72896663,70767554,73290340,72357384,70185434,74203610,73569802,68758377,69736373,73543674,65605646,73377653,73562120,73052533,69489755,67386223,69024894,67442971,69659002,70856390,72495505,72789674,66321714,66025970,69728627,72924745,69020273,65629471,69264394,71168860,74759136,72164005,74200324,72049502,69341932,68424172,68163158,73006537,68595191,70871614,69558813,67935428,68796400,75175680,74035261,68903573,68779041,71720509,71905217,67054449,67165080,71023419,66037664,74106201,71583546,73545459,71913502,72447206,75435726,73889688,66414088,69340454,68250052,69725228,69220086,70337385,71556335,71096838,70932359,71827381,71969107,71670231,67161788,72077139,72265225,63576779,66672263,69035238,70242535,72535905,68172799,75397234,67996144,69556037,70637243,69935677,72167339,72547702,70350324,71327052,73039464,70613863,70484570,71533051,69061284,73723226,72617833,75523504,70822946,71856518,68999314,71742586,73094314,72033236,71804114,71627736,71510075,72205014,71050456,67821524,71872658,73297911,74837581,72791920,78573952,73381218,66920361,72677762,68854109,70724426,71045743,65602059,79075052,73237278,70991839,70509472,65364918,71031510,72117013,73753779,72667097,71653241,69218315,71595849,71674125,70400302,70082221,71739294,69559235,71468976,72226033,71532277,72507697,70701337,67261225,75456868,73381123,68830849,70372554,70288693,73280523,71729281,70013971,67297971,72155620,73469968,69852442,71952128,72566991,71879783,73944632,72384961,70290091,69104197,73411273,71504068,75503513,66761641,72912053,66160418,70784480,71429439,70221379,72428497,72990749,71615870,74570243,70774242,73183350,73065733,68115158,71406788,64244436,72565302,68464596,76869579,73035046,74427710,74237881,73833103,74451896,78006285,69391239
79129524,78357285,78096031,76027409,82158677,78774202,81237129,78286695,82650498,85921669,79708470,77122484,82983359,76259248,74570132,75897507,77649972,81606875,83951014,76867137,81886351,79910271,77426133,81017594,79835810,78201370,87953574,79484345,75578091,75102805,81404298,80834574,82482711,78767778,79488395,79306681,78816890,80812002,79776930,75042189,78504301,75386532,81194647,75637753,77638810,78601771,83752349,74079060,75249894,80559155,77181945,75940144,82697585,75891997,75463151,82304147,81241036,77562166,81916415,78471851,78861337,82911870,76699578,76468715,83927283,80568131,77285948,84403438,73286696,82952244,77936154,80113825,82905989,78155416,78179686,79180185,82223784,82366339,74129877,74125395,81017415,74578022,76691644,78192249,78157839,80263670,83315735,84535181,78325386,79285157,88824087,82027687,79541952,85377555,73498344,80114113,76768219,83986291,78890022,83663742,83624361,84640360,81108278,76973554,76227025,80546984,80263156,79177020,78124709,80903485,81648819,79466907,76624291,82366380,76137294,77533315,82511202,74837972,81642874,81722405,79939347,75484155,77776193,82456410,73719938,76868908,79765741,80217837,75788796,77370271,76092025,76357622,80109932,76538649,76850212,77583851,77803423,85338812,82479930,84168402,80014701,77788659,78273388,80540238,79226542,76623788,82510023,76132874,76718118,76461528,83375204,85853024,80154632,77072527,78584279,78566244,78743189,78902099,77525091,78487758,84483946,79550020,80343334,77357016,82398932,84122919,84264267,78217631,78894393,77481288,78627372,80559088,74215647,79313757,80628182,77294958,77581734,77529443,77380826,75146158,82045403,83553944,72242403,75581239,78393343,81910172,80526890,75903703,82295695,77990714,81263483,80247184,76297485,80824682,83812966,76737341,78567888,80656323,79444484,76700342,77562027,74417555,80159121,79142160,83423466,79505371,78118035,78364858,79726321,79227751,76828926,81039086,81986681,81159342,82047057,82779479,76184399,79450646,80496003,79800048,79800915,88312217,83387559,75030355,79134430,73686634,74729862,78306658,73640853,91302093,83016553,83346006,79953529,77057125,81079587,83688251,83077571,82774465,83552231,74165277,79622758,80121639,79785293,78768290,73816989,81489736,74294929,78923143,79114312,79194358,78401826,77165230,81820047,82777617,78378540,75477941,78805445,81036622,78370596,74907528,76059891,83752582,81399169,77570886,76883461,81746413,78503338,83547143,77286759,76496081,75581394,77241370,80406812,79301374,74259354,83041515,75998949,77411027,78938064,78152977,84660583,81728392,78349148,83108812,80444780,83753865,84390087,78236148,80213831,71479983,79797227,76432655,80231647,82509969,82659242,83736543,79444073,81802296,84872682,76397435
79201322,78614300,75397674,77253855,81039696,79949893,78935427,79227302,79154610,83979370,79256439,75627347,82397682,74564769,72812257,76232452,74891512,79357424,84548199,77989546,82443880,78611221,78900767,77182800,78806024,82188778,88528051,80601447,76145897,74231961,82962676,78073931,81799666,78714323,77867558,77933976,77170219,76782198,78528464,76199909,79146176,75194137,80928525,75499226,76873486,77092923,79750868,76262850,76080528,83424911,76149653,76491764,82133533,78546471,78495171,83501420,81896956,75883255,80582538,79081861,79045080,82566716,76993730,77948302,81049283,80453675,75329447,82276127,73516870,78729648,74689932,79607053,80667284,73423723,79967372,80584878,78916492,82409542,72174460,71750192,81421899,77169668,78349156,80667983,78546950,81483278,84269484,84842277,78710548,78687785,87968987,82371792,79716087,85459760,77178456,80147453,78558747,81586089,78197415,84337332,86440462,82500451,81979831,76330646,79437935,78276675,79794063,80806566,78180572,83093018,77939910,79056131,80841949,84102531,77713523,77131988,78171185,73679428,81772355,81453524,81469564,73942507,76567618,80703646,73291293,79394253,80227154,78063800,75842909,76139488,73034069,76241475,79604933,78811948,76239806,79196180,77626560,83022946,83751536,83393330,79696142,76228139,76905961,80452446,79995382,77893600,80808742,79659916,75801977,76146422,82036881,84505627,77833281,80435715,80706366,80025592,75538440,76847095,74958591,78737212,80967949,81511817,79413645,78489768,80931047,81092428,87024489,79983662,78937854,76727599,82085529,78785425,73104010,80398211,81892303,73828860,77820332,79856351,79911742,76082845,82924508,83661969,72026055,74063985,79590562,78814757,80163101,74389229,83114888,76709623,79756157,80293875,80160345,79114294,80786060,76782745,81707602,81758194,79306896,81164227,76505573,76630884,80690224,79044490,81843952,78865676,79217561,80210089,77916905,78908349,79566774,76827635,79352177,81343616,81470503,84903086,76257131,79341109,79979763,79052500,79733395,90233607,85069181,77396832,78975417,73796829,77597510,75541962,75154351,85825747,82318372,80837124,80509397,75169308,79315909,81873943,83527876,79734070,83275107,78084908,81438173,78735050,82179638,79895360,80593154,79864167,79473450,76910757,77171686,78636400,74648429,75792783,83808543,83812313,78265394,74631151,78063832,77921585,80546144,75938932,76854539,77126566,81634107,75170345,76595634,81923342,78249551,83586340,83191534,75623421,77191819,77023486,81501793,85513467,75677217,79457354,77504022,78975415,77986287,78348171,83596650,82146336,79746250,84191529,79424550,84627509,80660209,78191167,80079247,74005145,82242878,75393193,83569131,78774579,80716045,83660763,79156667,82273751,84911648,77642645
75148918,74997248,76217053,72345940,80724944,76939537,70802763,73417394,76407790,78111316,71483567,73333263,76667492,70713020,72250661,70043673,71143064,77537210,78644719,75194010,79735806,75735742,73310947,76600035,72929478,73668341,81025315,75373139,72037280,72148921,77690817,78786889,75897561,72365136,74186231,73983699,73793142,71719444,71809727,70981269,74554778,71471291,77052776,69744327,71973807,74365715,76029903,69072742,73412739,78685421,75938035,72725964,79051444,74192690,72334834,76451118,76450276,74458868,74576076,75130702,76350157,79201906,74881428,75553693,78542585,75005789,72152806,78928411,71041747,76165606,70783142,76564603,74634845,71584391,74941451,75085908,79886983,77421355,67016473,68038700,79117345,70251595,75414316,76973798,77613441,77424253,80210635,78090849,78293466,73827814,84734781,75123620,77160999,81590411,70295725,76659613,72720406,78476637,72903683,76451600,79937026,79410313,74438204,71421953,73956883,74334343,77304297,77717014,71594255,75562124,77105798,72819279,75517888,73506694,72494462,74559189,75653847,67980211,77093693,77755671,76349381,71754751,73762946,76871903,71660857,72547922,74545467,74447965,69802716,73965762,71542798,70159132,76422996,71960456,69198405,75074981,73984789,82658646,77592633,80529943,75379430,73535270,73650449,76159586,76343434,72510445,74870786,74356246,72124314,70740376,80396302,78216656,72948982,72718995,73466829,76541205,74008901,74601784,70833437,75018081,76155712,74109549,77205054,72143979,78602973,78242460,77714734,78277086,76570467,74535680,73758084,76769687,69492228,75407531,77678959,71127741,72329762,73745662,75182332,70211407,72185885,75470931,69205550,71089941,74225600,72647545,77801326,70910762,79822198,75442841,74269034,74083619,74012580,76502218,75381495,73151338,75335458,75523623,74954565,76613937,74681912,69540352,75470079,73927630,74169744,79310027,77751601,73302540,72633846,74176177,74518969,76689696,78246501,77968803,75182458,76339939,71408721,75029635,72635685,76799137,75462508,82156175,78435303,67735168,72114242,70615017,72953123,73645147,68644587,81988756,77851195,78642541,73211440,71502249,74911055,76861082,76972256,76459249,75748881,71302993,74778696,78248642,74175781,74738185,69816110,71950062,76667442,72159334,72934548,75459668,72287130,74466305,74855227,75846255,72746195,70627219,76204607,74832743,76391962,74853641,68527826,76019636,78991577,74367348,71648087,75188225,75023326,79449278,75842812,73653723,73126585,72169079,75527722,75570998,69076344,73500594,70691868,71137168,75669866,70905298,77902407,78466840,74688983,82510032,74999275,77856724,78940621,72288981,75275320,67872464,75720002,69666808,80416329,76250186,79754191,76599247,76279846,76579614,81799307,71798646
77413404,74178830,74788009,74767163,79470602,75487267,72732705,75165253,74151664,79302460,74835056,73923769,75588753,69172780,70817741,72434311,73453856,75393081,78030199,76755724,79834039,76319012,76085312,70871537,73845897,76709885,87192180,75552523,75474978,73346439,76906190,74963836,79144509,75708778,77984651,74677204,74117467,75980537,73004736,68688503,73952422,70787128,78355960,71455023,74530889,73011580,77398388,72571287,72572840,77480644,76172880,73375428,78410306,74717534,73206469,78320465,77977691,70391446,77407912,75068538,75050587,75654037,73805630,75445286,78438859,78889068,73694325,78573034,71288486,76685820,72846228,75309067,79828864,70076841,75265839,73362174,80363709,79355326,66978507,72069199,76443381,69065995,77120256,76429452,77218027,73412547,79765858,81074557,77158085,75582529,81092364,74757158,77548040,80316308,71342185,74493851,74258894,81723658,73676771,78727155,75504457,80503609,76798212,73655294,74004437,74023972,74131394,75446597,73824882,77878176,77244957,76642602,77081904,77666504,72750331,70872033,76751064,71312106,76807838,76266309,75240125,74414480,71416871,77928106,70192273,74202371,74418779,76037903,70928683,74226493,71768981,74289609,74610255,71373630,72614917,73536779,73391636,79985396,76548588,80144351,77371256,74374117,73871782,73948290,75896770,76405407,75169606,73861509,73499020,75708071,78725439,76250074,75781466,73793531,75386170,76147940,74752806,71266228,68188347,75144008,76637703,75943327,76293235,75637864,77401820,79439020,81195436,75332330,76978025,75443249,75246699,75500858,74377314,75896800,76389908,69805162,74967164,74733432,72402803,70723099,77817502,72808627,69460724,73467248,74415845,76995380,75415300,73501364,76713632,74563060,76912318,76851203,73356538,77852349,74880548,75935431,73207208,77479744,76583473,75646821,74915199,69824335,76848405,74760351,76901800,77401868,76093631,76109132,73484875,74174007,73118657,74628214,76275090,76275576,73088286,78511273,72327975,74315809,74994073,75599592,75410902,84277928,81237979,72484579,74936987,72226643,70791644,76885978,69969630,82912756,77924656,78183933,76563336,74587699,73955617,80147010,78940434,75682753,76512362,74289653,75527197,77288253,79668083,74630159,74064894,76026958,69704186,75880760,71761467,75756929,74538741,71496422,78467444,76304505,74544181,73653230,73671875,75781459,74966658,75313391,70766762,73308410,78467413,73717122,73396018,73164062,74550423,76148060,75026090,74244154,72611485,72167090,77236782,78250384,71637652,73923956,73144902,73890973,76152146,71100554,77944527,78056829,72326628,78387241,73555839,82419132,76791833,73799526,78013835,69183066,75803463,72177561,79388239,76492503,77915506,76613183,76308502,79290650,83004584,70037911
71894860,75622636,73509774,74130253,76441150,76811309,75549319,74533948,79212348,77975964,72316614,70994410,76367851,69438724,68513428,71197763,72379564,76370100,78034815,70834269,78459301,76212354,71500002,72489285,74677030,76673890,84450085,76078884,72283806,70988719,75896482,74018977,75869404,72444984,70421764,77949224,73255029,74471164,75166081,68616011,74391832,69542316,76756983,72604781,77281949,72032974,77496797,72988047,70912683,73588115,72623769,71289078,76555115,71700198,75800356,76283799,74218477,72475056,75651815,71805954,75855589,76417081,73842387,71695813,74814421,74642729,71554389,77225492,69263905,76862794,72966388,72418317,77137917,68455225,77206689,73581334,78137838,76130479,68025679,66417796,78930385,68404194,71749777,74869060,74640797,76320770,79794125,78109994,75369866,76735580,82691882,74065565,75524947,79199727,71881902,76136210,72166356,80023248,74327578,80736885,78617094,78397574,77584620,68775295,75832058,74507695,72876484,75151446,71814417,78467126,78233823,74354067,74523972,77751339,72528278,72147787,76006755,67875944,75936781,75310175,73616255,71340024,70289976,73888612,69487778,74159900,74074112,75731906,70987501,74026559,70204808,71021653,76049268,73207346,70270688,75165025,74595675,80196783,74202637,79897591,73807009,71048954,69630263,74229818,76191063,74440965,74947177,71593585,71504808,73974855,76381662,79474344,70512419,73072847,75510192,75934459,69295871,74366662,73578241,72129864,76788003,75868156,76877311,74400112,75956520,78175700,79189146,72338901,76623312,72074047,72296561,73480333,72256247,76329124,75887159,70947231,74733140,75698423,73827640,73090786,73596562,74712315,70139619,68996080,75560604,71259282,76148017,70708400,77147417,74169835,71604905,75756501,72130635,74608570,75626832,76250291,74107697,76822343,76995236,77076333,73145826,69451951,76206060,74880216,73905864,76072592,78097505,73506324,73587696,72878758,74657789,75433701,75857185,76332120,73992054,77650029,72205854,76659638,75377000,76070875,76333497,82736486,77582105,68078118,75301322,71820910,76108792,74942332,69719302,81614272,78139196,77874286,73125716,70732260,72793493,77889010,77737360,76129454,75171855,72920014,74151323,76697365,74636033,74775300,70591402,71227673,73744219,75258673,74019026,74464678,74007662,72592700,78042839,75088712,71024766,72552726,76008967,73884057,73307071,70909371,72386489,73557661,77938237,76322163,74567280,75292490,75518060,78881750,74725264,73147405,74185963,73723460,73311165,78778295,72359349,75887124,71835382,75220087,74435305,71656591,76915435,76165877,74326787,80916960,72876070,77862225,74825793,72186892,74474570,69711515,75946648,74104368,77721127,74469875,79098745,77142077,74829616,78654626,83683157,71905925
72110901,72808031,76217877,76394429,75825798,76379655,72410437,73038770,74825152,78863749,73235773,73120835,75519822,70912060,68302467,70857008,72770947,74996686,80176460,72147567,78007317,75250172,73228710,76092299,74065361,77388158,84471436,73896011,74807936,72120404,76531774,74242920,73870622,73661930,76891127,75931025,76154475,74152035,74810899,70626401,75551591,71549064,78725912,73232269,73572223,74148682,77862038,75248789,73924985,74875697,72775687,71831703,77825606,73106474,77071007,72427461,75225084,74024460,78647013,77960514,77059699,79763721,73984518,72236232,76074368,75054825,72085357,79013702,71138524,76205154,72313420,74891849,76511285,69638629,77268289,73786558,78345263,77803297,67878136,71753735,76662403,70208307,74579360,75613471,76396152,74729105,80453158,80653657,75536038,73044025,80862126,78348527,72089757,78263618,71502268,75199527,75275127,80303347,76481276,78069677,76826249,79044295,76440235,72887132,76596779,75787791,77034554,74402693,71727395,77219390,76209824,73608569,76194405,76943513,73756635,74363048,77111526,69748000,78301962,78587374,76184679,73257389,73079981,75586881,68432249,72915537,76350266,75409040,70462552,71968315,69585693,72612139,75642506,71775275,73123185,77227398,72409967,80852647,77251284,78805994,76246705,73132238,70367893,71996678,75576824,73079151,76251313,72669615,70797232,74672537,79334445,77432122,73985897,70696040,76707366,78350639,74375530,70545147,73600395,74086620,76776771,76754036,75880463,73818662,76794160,78404995,79118523,75973264,74319952,71722084,74513767,74284043,71459256,75209709,76241911,71292328,73009898,71743734,75680364,70074685,74820007,77631154,68959724,72567137,74677594,73776841,73863361,68905184,77704425,72985847,74968836,77686830,72557784,74853522,76891308,76678605,76562551,76435300,73495380,77846470,73230654,70964395,79061271,75520845,77611581,76096116,74968528,72719596,72124453,74871507,76277602,71553501,75221268,76158053,75137733,76999980,70172728,75927620,76918363,79520813,77016811,81006675,78852486,69673198,71909848,70806714,72810906,72303190,70086208,85003471,78317358,78685030,71765266,73837942,75684432,75582454,78972585,77065163,77191111,69790414,77568902,77313691,75994727,75426014,72292129,73054646,74693686,73175036,73985919,78470827,70425094,72374549,81061211,76385972,75011134,72919040,72138201,74479497,75700783,72774384,70484667,73694274,77811760,74602362,69734495,76580891,76016009,80831548,76690599,74100734,75264142,74500244,76684751,77482345,70150913,73836098,72625337,71891989,74944625,72741835,77782807,77784899,73926930,79567164,74404972,78179526,73720262,73278092,74928737,69797601,77441808,72644953,79575199,75531078,77617390,77919340,75335867,79694542,83179205,71011242
77529752,76654752,74133264,75869712,77245583,76670173,70604907,77175039,73325946,74917400,73397898,73088045,77440940,71232998,68542940,72389523,73723500,76697835,79794212,78323903,79233935,78404346,71861475,72051878,76276716,77355490,87069264,74640730,73387634,70828331,78016631,78334500,78262322,72380907,74830900,78356832,74672225,74900924,74188068,70184951,76546520,72834532,77605723,71299476,72065638,75647375,77336668,77033808,73264810,75064286,71228354,73623016,79432028,74769604,70933150,75216318,75437492,73579822,74697785,73113381,76896661,78428645,72653577,73264389,77448729,77938566,75026438,79027500,69820445,77019752,73669713,74782590,76808103,70758239,75159569,74671814,76583804,76915203,64152272,69726508,77513436,69812584,72002726,76148578,75653541,75216649,79326145,81530347,75005563,73651673,81115757,77419124,75025805,78074359,71860096,76906811,73749433,82361320,75963026,76617464,76472626,77087922,77781275,74729893,74485624,73722152,77215408,75339537,72092965,78254425,80659815,75049835,77574059,77286565,72771688,74856194,74360794,67402494,79039924,77376628,77788021,73639581,72068993,74870194,70500428,74232178,78870295,77549393,67561919,73531765,72317613,71324158,75374113,72978288,72667287,73049872,74984844,81819811,77628867,80780966,74769090,75488340,73220831,73404870,77305425,75149276,76433544,71570423,73588404,73193020,78042440,77524459,75766379,72555942,78011811,78820218,73596388,72418451,69556952,73461293,75046987,75379689,76268819,75647144,77632011,75596943,79091407,77944451,77766785,75295760,72920497,75450281,72433948,76039189,74290669,66770885,73255947,73812203,74974064,72306250,75287444,74549237,68567232,72760134,74913531,76115500,76430909,73206846,80266487,75886034,76119302,76744318,73257301,76528276,77466785,76968083,77138694,74941544,77039948,77821990,74250814,70632854,75416619,72698847,78974470,75915849,78229154,72067852,74510684,75186880,72636594,76281378,76335902,77962168,74315253,80812429,71765854,73276871,79624270,76097059,76236754,81056525,76425261,72713189,76192274,69996202,72227853,74482632,71397514,82349532,76300711,78386927,73265623,71780638,76734148,76706144,80210829,75413871,78316243,72561206,75215938,74071961,73893364,75033672,71724792,73468393,73860416,74045471,70621697,76704230,74096771,69561514,79653281,74369601,72631860,75797010,73956738,76998351,76155502,71994199,69403084,70830667,78956034,72650059,71202391,74325694,71772901,76956792,73592095,72093199,73406321,71620660,76300254,78741854,71529005,74542893,74065353,73674472,74167504,71656809,76325847,76078988,73731576,79543283,76325678,78981514,76804509,71746168,75610101,69037927,76029663,73948914,78513439,74728555,78538590,77453952,75820150,78377091,81786663,72451709
76548638,76578348,74693749,73960642,78544694,80710525,72261323,76873925,75615134,81257500,75227330,74505244,78012393,70674175,73153701,72143549,76064658,79044502,79073081,74643026,80312970,80624301,75845374,73758832,75053354,75668576,84323769,78248376,74835750,73633833,78108579,76925189,76354811,73879746,72399915,77326290,75597026,74878568,74746370,69946135,75912384,71755559,76598545,74106859,73801592,76546654,76345579,74633673,72585313,75945568,75548555,73209474,80277076,74286575,72708587,76149499,75952979,76185480,77000962,74970532,76718027,80535120,72831155,73824362,78527991,76283396,74834303,80440208,70766054,74633532,74203043,75476724,77598239,70073741,76722108,73886682,76989707,81018897,68286169,70360973,77943444,71534272,73400904,77176673,76030753,75116263,79685036,79999388,76147227,75010462,83775679,80590583,75213440,80838164,72698786,78464645,77044390,83855857,77038535,79146970,80100603,80041179,76939118,71743752,75388250,76456158,78988471,77618226,73016821,79437187,77168619,73044699,76474266,77079345,74396586,74324116,77162431,68917595,79826949,78667241,75514463,72678397,75225541,75379677,70871740,75727588,76034448,77603490,72109335,73269981,72721187,72159537,76853895,73932908,71532397,74053432,77764409,81078743,79646466,80262078,75912515,76817066,72209785,71189747,77203680,73272177,75524886,71964379,72327011,73085886,78109066,77026062,72685212,74834954,77319321,78393999,76721547,72093012,71831125,71793265,75981322,77132217,78541959,73255385,79039649,79683681,80221621,75337864,77337875,73173077,71805492,76371325,69552022,76909177,76025544,73285239,71835314,73959742,77461837,75472195,77482384,78133189,68773119,72298997,76964076,76044925,76977656,71090459,77914104,77246772,76001585,75035289,74724836,77470353,80070334,74897339,75973838,75822714,77620172,76557314,74774953,72836672,75648962,75030905,75011533,73874058,76297067,75605775,76558286,74050600,69898820,78138936,76241386,76830649,76761493,80151856,68712220,73375767,78559973,75115881,77264319,82413270,76718237,73914906,74992878,70013297,73328548,75103657,70311841,84856647,79118928,78844646,72971202,71877677,75487307,77493266,79665784,78407710,78553147,68986739,76991558,76695565,76921687,75830381,72442170,74774134,76456846,75551755,74934141,76162083,72711606,72159148,79090597,75482874,73894611,73226248,75122522,74934598,78625997,74685526,72600810,74791486,76992110,75112002,72918415,75230161,77242083,80130325,76675127,74597725,73530768,77608117,75471245,79355271,73964200,75755484,72165611,73550562,73914338,75066075,75415994,77272609,78486799,78800928,76606717,80228053,77178238,72312412,80472958,71327900,76448860,75650789,79135017,78412420,79260926,77008696,74887703,79088774,81525634,72756809
75851707,76810148,73887807,74414295,77220701,76624524,73570222,77012044,75438267,81313416,76840115,75636866,77806158,66633376,73556145,73439887,73246892,76820727,79253127,72319745,78725189,79029130,76385730,69631715,75065582,74273028,83514573,78506128,72237690,71886065,78543348,76155950,74910771,76198077,73811796,76920301,73524328,75565267,76188504,71210876,78333256,72098123,77289506,72243515,73533551,72731491,77553109,73715019,74872891,76341885,75874824,74201752,79745177,76023552,73052549,76419091,78278368,72863357,76242760,73433814,74542448,79938563,72626958,74949523,80609313,76042232,72342185,75680570,72256563,75728122,75552599,76475184,77834137,71235259,75826929,75540612,80554172,80468226,68340559,68342071,78377018,69915153,74114685,76870597,77422219,75504249,80227434,80111062,74970948,76966986,83733502,76380921,76331727,79729140,73900147,79882273,75168564,79837221,75684994,79259179,81494177,79965961,78057906,72381835,74383149,75262774,74590880,77386385,72944681,76901645,78444904,76351816,77247482,78315238,72075998,72633418,76386155,70262477,77765338,79284887,76749699,73630289,73708940,77218717,69644999,73859543,74207705,77091289,71051217,73159268,72216750,70941262,78142396,73454510,72175012,75532007,76474439,79820915,80066169,79515517,76488103,76610073,74313177,73268163,75240629,75158979,75319777,73795787,72827042,73580816,79899816,79935088,75018687,72788454,77362720,77291622,73280349,74650728,73537038,73275901,79300114,78800251,78194831,74952777,77420590,78837002,78914082,78261685,76735497,73019828,71024564,75013195,74546799,74225379,74407814,71116349,73992115,74479229,75256368,71683929,79916141,77724933,70080604,73399990,77180414,75278803,75214629,69621625,80596791,72989285,77162133,76164466,73144619,78001635,77648733,75301326,77317210,74030722,77850380,76034994,75559700,74040120,76742380,75744608,79280276,74645916,76346591,73135285,71980628,76297027,74012601,76611301,75668646,75825661,73718398,79490120,71256431,75831543,77718501,77131057,74239281,83251133,80116236,71797584,71636128,71907085,74751103,73473996,74116795,83996042,79376325,78339847,74538719,74634129,71219698,78809522,80147568,76815221,78255474,72432156,79357739,77745623,75868870,74549845,75624570,77486974,74730021,75166859,72423228,75851942,74925496,72447795,81117032,76610962,74837161,72498107,76920760,76295580,74068797,71937624,71781929,74684933,77523075,72052858,70307987,76526971,74667178,80679074,75731253,70742692,74045072,77179911,77292832,81410576,70966894,75889496,70926398,77602396,76754409,74944954,77634324,78206411,77495375,80562919,76977094,80035849,76404749,74029647,75149793,68851082,75695144,74864290,78587516,75380201,78762289,79285519,77267509,78160482,81888405,74352758
73978255,76072834,72825335,74641113,79106911,80442976,72251649,74645159,75721037,77371218,76089356,75472490,78465824,72218360,70751719,71592753,72919932,76058478,78247669,74872335,83043463,79364091,75343496,75798272,76532486,76033831,86977082,76923031,74545336,70390308,79187788,75925559,76607434,77070745,74899276,76441246,76131235,75676525,75098959,73470999,74521549,71198224,80589898,74804508,72992699,73479424,78958374,74981381,70892923,79751386,75437571,73405948,78581392,74577213,74438364,75098631,74390904,72992554,79287704,74610613,78751460,80078815,73835037,74968415,78726188,79099066,74936505,80237072,68876758,75166717,74852011,78033455,76295864,68166517,78711949,74130197,80668361,78345154,67671527,71001090,76484058,71274584,73409683,74481192,77364614,77259474,80312749,79665009,75703689,75098891,81890472,75915740,77811765,79408126,74557652,74171476,74025462,83779001,78099137,78161654,78723150,80289675,75733337,75031662,73557416,75952219,77604331,76695071,72867713,79872087,76722526,76141384,78318722,78771530,73193213,74953352,75533868,72001851,79646184,80106418,78417496,74566280,75009641,74560949,71948060,74259277,73915139,76272725,72881302,74893909,72140321,72740438,78321432,74005418,72853289,76124475,73259151,81032268,78483050,79747735,76987192,75346681,72617723,73611244,76478518,76758850,77215724,71571435,73299114,74371090,76142867,81000184,74656195,71530110,76764135,75539766,73124626,73926089,75148190,72750292,76452587,77225210,76807812,73353945,80080120,79397691,79777310,77980421,77074939,73433512,76098983,71737237,74271822,76716993,79287316,70102032,72117193,71870188,74869873,71683492,79769184,77886834,70958587,72548930,75373870,73154050,75496870,71149535,79799414,76832147,75195296,78164576,76909051,75097227,76719885,77562584,76453195,75315873,78020941,77475749,74165681,67713360,76563243,74761035,73696452,74371325,75769227,74442001,74355355,76389628,77340241,75454197,75409235,76315091,74638387,80240405,72927586,75971750,81707876,75137946,78982276,83777935,80843604,71757028,73642436,71324798,72719289,75051197,72230099,81465345,78772995,75091079,72337452,71376709,76084144,79178755,79445322,78274983,79154574,72679180,78617325,76949222,77772186,76866546,72186573,76820038,73823995,75489618,74063724,75542694,74193877,72570994,78871179,76552931,72621998,74456880,73756750,74347273,77589189,73674270,73295680,75946018,78129633,74168583,72948251,80634077,74836309,79053704,79696479,74471101,75328691,74353904,77397926,79588405,72516203,77453372,73798459,76066515,75279497,73773107,77581561,79339231,75171330,81508435,75893920,78081371,79698780,74267843,77419716,71364696,78794328,74304938,76807489,75402119,81432718,77653875,74222764,77823819,84936119,72119986
72510578,70789826,73063200,71397194,75930134,75474191,70044105,71050590,73448834,79139794,70323578,69540690,75759380,69411774,68232388,68826989,71714936,71771954,76420268,71537113,76685711,73251414,69651303,71372300,72526092,75344191,80697274,72686718,70403091,71286280,74371746,73369079,73242687,67409273,72060008,71505559,73089788,73525930,73144918,69171376,74263560,69693026,71219058,66392388,71953249,72052979,75061812,70206222,67473050,74680573,73814765,72292134,76489472,70195110,70418221,73006612,72108086,72969330,72880585,73021322,75391935,75345113,72365866,71732738,74788158,74902078,71575098,78657305,68223986,72430079,68943987,75389886,72069592,68707167,72104761,70728896,72004078,76117429,67996058,67305712,75512878,67550272,69931206,73793472,70009236,73012656,73212486,79604491,71521456,72148316,76495024,75597116,76951719,78018415,73667576,73080327,70181039,78574126,72523732,76589284,76030670,77772747,75351157,72275776,73604201,70771491,76339167,72578402,70011862,75176377,74265018,74800329,70539068,73847258,70990115,70091195,74163908,67925477,74877777,75108822,74319113,71928352,72951859,72996085,69098012,72483537,71800333,75237030,69798606,71897259,68896090,67678850,75003884,71928129,69246174,68851302,73437295,76652274,74596799,75065409,74043107,73860789,68404138,72697850,75070462,73992887,72049882,71457567,70519899,68784394,76563073,77460141,70677327,71925367,73722511,74680437,70423859,69592270,70136499,70274412,77673343,76260917,77198342,72029602,76252894,75739100,78121476,72523307,70788134,69899152,72433502,69893726,70108902,74163257,75400632,70282285,72454657,71922356,72627922,70999039,75767679,73521586,64362547,69068768,70525272,72776785,73801711,69486290,78733510,72472357,73304938,74520626,74681280,75017415,74834576,72949331,72226894,73458167,76986275,71897224,70604298,69684994,73971493,71895655,73065773,72273202,75555756,73575503,73024657,72270995,69022505,72621462,73496427,73748677,73777054,74787545,69600177,73488337,73675816,72731155,73115644,80831902,75766676,69339504,74359359,68700651,71562581,73819676,67684033,82789292,74403582,73809981,67936262,71937098,73219602,75506000,76052385,74980723,75548093,68925467,73313299,72344711,74939880,74839380,70177485,71525606,72877019,71729614,71606220,73376815,70641183,69931482,74541337,74005110,68933243,69015271,71915775,75031667,71157844,70921997,70570262,73679451,76051376,72428257,70979682,75958556,73598759,75898232,75338430,69750604,69301623,73636840,72205892,76418657,69323250,73131694,69746462,71767164,71206706,71370357,76072094,75616466,72669630,76614587,72551528,77244053,76672273,70392311,73020991,67942618,75469064,69806043,73205531,73810033,76797543,73708008,75115258,75507076,80993546,68708023
71209068,72180100,69128112,69532712,74069037,71757575,67353385,70149907,71494865,75326395,68943665,71289383,74788930,66679423,67138825,66211346,68780383,72250296,75809751,69806277,74470584,72038512,69258807,71983997,72646064,72842949,80844179,71039033,72956273,66794196,73094700,73018600,72085653,71470109,71645517,71640605,71224587,68653152,68537192,66838692,72021863,67314992,72474436,67724826,68648937,72362358,75115395,70612289,68631878,72747118,69986723,69615957,71098901,69670448,68587247,71809850,71370360,68514948,69914688,69743179,72534626,76766848,71301960,71692229,73609952,71555507,68861931,75765876,64476007,71060429,67664489,72173572,71404840,66518596,68374369,67166657,73024581,71842159,64585134,67533122,73497518,65944949,69744417,70452684,70575012,70794087,73909478,74665074,72388772,70662696,77610815,72086891,74158015,73611488,66911792,72019886,69484772,78105811,70771655,74208975,74557563,73463388,75580843,67566270,69185523,69910051,71860412,72400095,68504670,74733482,73079059,70831894,73148981,72443941,69002818,71301777,74212886,67480214,73732775,74398646,69788261,70451383,67361557,72011964,67187501,70090336,68686119,71746872,70250148,67848433,65914359,70922735,70260014,68286105,67821723,69349077,71029183,76477614,74116756,78796863,74421207,68596895,67600582,71022282,70372512,70723358,67366058,69164333,67273602,66039161,75338917,70836657,74780219,68810937,72037859,72471317,68869397,70532734,68463486,69007155,72805729,70500035,73432564,69423997,72465671,74219990,73530637,73899035,69937974,69655691,70476467,69215153,68836842,70526152,73478413,69951206,69997635,67287514,70414843,66926286,71488715,74509517,65158107,69871130,69791930,70753672,72914604,66938105,72737175,70552578,72394299,70213354,68690110,71900535,72009878,69272316,73696075,70371569,71436404,72402530,70128802,66446144,72836344,69174397,72793171,71875980,72015042,72286543,70789568,69614709,73217722,69569754,71734482,73489443,71597281,74774441,66979929,71179795,73283947,72926418,75583176,77876121,75376570,67884275,72131258,66667816,71127811,69929523,68937490,77666594,72950471,71658958,70335607,67081412,70126535,73834595,73685579,73132527,74038599,67504320,72360741,73931461,70723421,71020650,68181697,68533828,71038232,69867405,70797775,71694646,66391787,69673539,72393933,70911777,68386572,69174165,71046844,71612391,74573020,69403054,67904413,72003175,73979199,70103127,70324692,71349901,72580432,73550288,70290640,68564483,67803250,69367985,70215014,72843028,68142689,74871616,68722141,69325435,73748436,68335172,71378604,70971307,70451608,73566163,69950249,75375317,72469515,68038992,71937842,64232901,72141152,69324877,71836554,71386024,74314792,73848040,72267883,71542832,76764003,67821958
78369024,78020146,81125694,77339154,83207874,81286180,76781390,79207761,81702378,84081211,75647182,79456090,80895128,76091654,77583079,77156297,77244990,83800587,86104748,78238087,83452736,85268017,79470603,81163767,81177643,80382990,87175883,82310829,78650148,76012053,80896557,80408641,81931463,78128349,79308787,79899728,77051823,80418794,78317147,77389135,81847541,72096874,81175570,75824725,81108030,79051641,81971843,76227179,78613439,80691459,81048219,77519682,81202951,76169926,80973767,83408503,81155755,77104890,80622874,80234118,80780642,83473603,77895700,76125225,81125978,80979550,77748274,83519376,77020609,80141432,77311975,81499578,80305046,74888377,79586579,77800959,80282552,82611958,74118303,74475293,82288058,75327350,77206436,78743439,83693507,82358000,86013501,82908498,79891332,77058267,88506968,81396646,78752602,86414529,76650947,80987539,79079876,86659289,78811570,85561939,85011298,85896923,82776042,78243208,80087510,79251959,82369808,80829600,76824720,82624696,80801330,79213402,81852658,81506124,78769838,77379443,86171356,72496303,83435047,82135363,84372066,77959793,77053500,79932360,77019404,79925377,81340753,79524652,77158617,76559945,76156330,78309741,81396506,79800795,76298072,78158420,82688072,85110228,84673113,87003001,80182325,80729001,78099993,77197210,79678957,78263344,81752842,76926918,77603463,77909791,82962233,84047537,81273158,79281238,79233148,81266410,79579479,78883074,76213458,77516651,79563696,83071690,83369783,79439021,82533463,82641149,84235184,81532493,83138416,77716816,79999794,80271249,76627022,80830619,82509413,76282280,81078281,80997833,81258203,77671890,81916344,81455828,73697101,77901263,78527696,79448251,82830983,74482507,83182552,79436130,82246080,80441439,79023278,79643663,84317686,81725526,81429806,81792207,81045322,79334607,80470682,76221812,80485761,80695727,80883209,82042480,80370745,79147272,80844353,82493881,77759808,80113222,80954653,80080694,81474219,83680149,73150741,78678906,81531862,81151769,83836627,89002025,84996013,76946207,80588253,76916259,78653195,77854134,77112686,90153749,84958136,83476764,80226294,78354400,79170672,83510025,84727619,80107309,85591379,77533107,81366118,81671758,81904445,81313519,76160323,81821915,78304861,78370754,79510326,82131191,77919475,76085458,83789725,82024979,78138554,76705271,78901690,79270652,81513680,78313930,75821780,77605775,82590798,78989460,78960737,81859011,79292180,86234919,78427091,78322835,76528430,80257375,79485246,82378132,76419496,79066643,75360949,81017861,80717034,78561412,82054127,83697399,81537739,83432064,79594518,85168539,85184501,77632339,83088339,75870028,80345836,77757873,83047222,80741391,83923960,83628295,82873526,82925522,86448608,76087251
79506303,75842319,74515735,79185576,79938646,80401035,74705248,79118899,76200098,82817025,73704829,76308637,80557144,74497775,73948279,73532511,72934146,76098341,82194429,76429304,79366880,80645231,75292202,75009983,78234727,76058302,86727225,79835050,74588084,74020934,80009030,79137611,80683418,76216705,78644637,76620502,77059897,79803896,77009754,75264110,79874199,73405188,79949167,76424098,76624640,76971104,80211239,78132087,73039879,77258846,75369318,74065581,79377174,76110115,75417633,78501209,78655748,73436689,81034275,76329981,78064974,81562879,78425161,73003612,76552381,80303866,74531164,79786724,71161270,80755987,73858717,79825243,81499889,74209225,74909014,76327041,80170517,81964413,70603779,69814264,78429070,75624399,75416320,78813487,77195028,79575700,81481336,82631412,77932115,75760245,82607260,78696266,76534113,82381166,71237918,77544262,77525901,81250416,78668177,82025091,80298803,82781005,82887279,73607232,78649040,77506173,79978894,78519251,73632171,83101382,79655983,78728679,79878263,81052070,76318115,76385437,80215507,71859855,81985534,79189972,77965861,76009165,74790509,79100520,71330707,76744840,77898501,77709163,74643687,77590475,69868382,77034298,77003432,73322878,76976257,76018853,78151814,83218597,78237096,80698546,79293980,75335379,73310202,75274627,78033302,75310684,76263985,75219369,74760680,76043891,78208725,76999697,79681834,78640527,78115059,77824320,75749357,75287060,73664626,73600047,76432099,80673214,75965887,78215224,81250962,76995248,79494342,78909613,75679704,76784709,78250384,75353224,72670778,79940360,79706334,70268503,78314045,76364201,71702182,74427497,77982151,79861827,75810728,75099475,78598683,78787869,78707450,74143946,81239349,79363552,75718124,79847665,76232060,79136554,78976575,76165216,77696646,77965938,78321185,79109253,76229946,73900992,80000244,79613970,80990183,76844692,79684884,75502232,78787946,78884836,74691817,76555188,76802650,80306894,78876214,83152308,70475551,76534835,81029088,76686657,81532714,86252690,81622102,74035080,76479105,72364972,74899539,74392246,75674930,86515576,81646760,81615586,78064849,75505713,76268960,81694400,82375460,79237306,80529003,75066821,79280597,77118331,77422813,77852127,72366745,79544047,73362242,78286523,76227381,78050536,75216612,74769014,81355099,80008089,76749762,75701877,76237036,73811853,78378487,70757602,75343768,76877410,81728091,75910787,73076296,80363501,78127573,80238916,76107583,74233486,74524223,75293853,76981308,80231974,73903493,77188608,73169817,74790860,77847745,77038173,78811049,79441550,79212371,79114923,77778770,83365631,76697536,75052892,77586721,72148754,76239711,76147547,78075362,76721979,79705484,79645402,80256883,81128040,83627732,74257207
72397887,73380506,72434958,74782640,77037557,74108002,74767176,74349848,76789493,76528960,72422748,73915586,75783033,72550585,68179644,70687757,70891084,75050615,78124427,72078335,76362612,73016593,74096232,71765418,77167675,77297198,81769022,75513989,72679405,69160672,76072107,76619253,78381904,73522259,73071868,72593894,72008950,73088873,74924669,71951489,74559085,71221959,74937054,74647022,72140062,72194510,77430296,73664336,73131343,78347863,73873855,70442816,75845804,73801543,73298366,73042562,75304414,71162568,76607874,73491759,77588584,79409852,73650679,72458205,76857083,76780510,71523530,79353024,70102001,76885015,71080405,72428371,76511222,69030101,75805435,75684092,77992464,77963232,65678113,67799267,76354542,69393385,73870532,73911068,73646197,76213890,79824690,77295352,73098817,77817984,82010967,74298261,76715689,78230407,73090401,73545570,72494285,78863212,75933305,78371436,78210803,78267217,76575579,72432611,73374798,72475191,77400444,74076954,73918988,77060868,75839510,74589596,77569624,75932036,70979558,71324080,75866143,69851309,78458386,76074433,76747262,71263649,73250232,75286970,71063795,73324079,73726080,75998001,70387647,72915809,70473070,70692837,75128997,70837646,70252386,75262401,74424840,78917463,76661483,81097621,74698486,74656945,70691074,72871831,77598566,74130608,74922645,71865650,71526464,73481855,76154895,76941213,73686280,72386579,75144605,74920264,71301586,73023601,73135590,70771371,75189567,74246192,76732569,75283412,76463668,80397578,78156625,76225678,72382341,72406878,75400172,70019357,72027820,77746928,77797070,69129294,74358544,72708703,73317740,71641148,77114278,78406223,69547282,70681065,73137558,73321611,76844184,69329850,78207768,75491900,73049113,74697979,72143095,77265575,77573538,73846915,77444150,74833911,76403722,75178673,73410359,68929096,78856104,76767633,76751450,74654935,76435562,75575350,72564616,72310258,74314386,75997562,75137873,75392027,74945536,79663768,69488836,72476620,76338676,76136146,76581332,83819411,79039290,70803031,75407302,72207781,74384295,74361239,74491136,82150631,74953657,75312706,74093323,72708940,74109554,78686001,79698339,74352548,74480829,73895811,76653157,75262477,75959910,76103320,69522195,74812575,74068350,72163829,72844037,74817717,72315046,73346745,75513993,77643139,73016523,71652856,75602939,73467835,74805166,69982702,70640853,75884213,76668142,71289769,74443100,75413134,75122827,77264420,74323569,70092871,70714403,71463013,75718940,78149712,71519055,78676652,71485748,73998420,75315795,70931582,74669005,76679691,72946331,79021671,73902717,75501268,74604481,73082232,74948293,69326730,76377164,72174573,75419610,77362656,75429583,78150592,75753959,78247889,80385723,73800730
74087892,73257530,72304844,70056374,75214058,76844886,72570652,73390656,72820497,76725649,72165463,72272691,74330591,71503978,70454045,66648703,71199789,74101173,79058280,71522410,75891115,72922985,71796321,69328642,75529592,73302570,84141312,73699444,71026325,71770364,76420447,71990352,73160734,73008157,72136844,74217572,70864749,73861679,73456315,70538946,75140112,69205089,74160923,72218789,72744419,71876441,75918037,71888652,71863515,76580237,72187282,70240287,74574628,73446329,68706994,74061540,75025060,72955794,75372420,72750217,75543117,76391932,72760033,71063374,72483170,74396921,69495875,78400402,70219638,73926214,73847665,72933691,74146565,66758513,72764498,71634404,76732682,77012104,64719826,69232559,74845102,69836419,71215745,75707937,74453112,76734453,77208581,79048099,74761051,75114118,81179349,77730386,71412229,79238066,69164899,74892217,75122908,77190622,75366372,77855987,79466941,79242672,75680488,70915863,75196878,72353803,74503839,75650786,73120400,76836827,73578247,74204963,75427656,73859317,70897119,73225633,77864426,67591753,75065112,74951590,73836903,71435587,68982797,73728203,67468581,72565089,74751698,75278896,70069368,71197235,68716401,70184915,73437925,71519764,71243108,70362371,75427672,80716177,76680831,79330799,72904113,71726764,70136074,73746991,74788713,74577933,72199841,69627527,72515355,68224377,75635958,75313727,72465310,71374416,75189373,76141828,70122571,71661379,70233684,72929690,74285340,75006050,73565712,71290456,77718302,76415230,77760096,74243343,74282876,71883624,73251223,74085513,70566155,76106249,74047161,69754474,74601480,73501848,69578609,68936281,75918805,75773936,68829396,67788624,73973823,71285872,74653469,70054149,77433847,73056837,73106307,74308555,73396189,76336459,75573865,74799031,75893589,76434132,73809940,73876854,72918242,72182577,77452528,75151915,76454200,73113955,75358793,73871897,73251705,70986323,73315446,72022476,73040947,74284929,77279005,76005955,71678925,73613411,75076785,73343887,75500077,79097001,77757552,67279325,73993020,68074600,73823733,71828171,73233464,79666112,74659456,75476598,74194999,70875625,70297669,76773592,75659608,75046049,74917657,73044313,78065479,74444123,75872093,73293267,70011894,73497652,73667136,74765223,73166039,73434474,69930808,73216739,77524938,74601295,74709378,70677738,76481182,74067094,75322390,69177991,70305793,72333349,76343565,71529754,71254008,74422571,73364741,76693920,73316333,70627497,70384425,73026590,74459200,76206105,67629865,73993935,70619380,73615453,72137351,72105403,73745256,74177949,72267021,77661122,74280241,77831442,73408310,69166294,72799275,66215618,73721146,70241270,78110363,71767602,76874829,74627419,74081415,78317704,81830188,72109591
77623841,77562683,77872241,74189483,80597389,76745423,75704378,74040586,78067009,79798651,76630788,74984201,81799275,75906942,77047415,74173574,75782508,78467865,79119206,75891582,82455376,78422420,76669395,78272585,80435055,79570266,89003875,79043281,76620191,74913858,80289489,77215159,77720891,78145721,73864323,79732094,76812213,77069454,77153319,73958641,78921898,75306116,79512159,75444244,75741586,76077953,81530871,74721592,74771360,78329830,76786500,75098338,77867124,75886392,77505636,75835746,78706920,77849909,78927112,74146927,78036502,82578783,74671097,74926208,82560517,79324080,77187795,80823676,73476491,79860515,75374150,77125731,79373747,69799658,78735531,78951000,80547325,80004495,68487587,72674838,82399707,73286962,73061590,76171393,75501860,77113301,82827520,81601225,77992434,78513944,85665542,78066566,78163273,82326385,74542153,78439250,77717030,84037871,76667518,81143277,85123958,80768179,78081545,76344047,76928002,75557070,80057844,78275717,73238926,82223325,79116574,79275332,76729527,79744101,73132461,77733134,75510875,72424128,82692612,80048821,76981671,72600111,74907610,77044301,72209717,76613743,78315702,77271841,72869108,75034893,74183949,75468290,80398203,77732794,74357872,75631575,80542129,82745911,79401344,83143936,78657899,77300060,75747565,77838730,77783316,73925783,78015930,76425567,74059488,74820328,79250430,80728220,75910638,76872538,77435713,80931660,75495060,76302532,76441962,74044373,79381951,78592009,81020020,74962829,78991403,84036550,79594848,78072061,77619271,78294003,74241290,74348814,74545957,80145316,80783477,73731310,76353469,77803139,77258497,73691544,79472318,79912105,71925452,76422917,76350118,73758101,78699339,72820432,81630094,75352162,75816403,74552386,76488063,79085856,78789120,76616127,78174999,77307371,78653983,77049655,74798538,71228916,81344496,73352712,77158974,76059814,78791875,78469741,78855158,75288918,79055479,77784723,76706202,78049336,79358719,83039051,71983402,76496590,79346533,76617235,81655358,85527498,80911410,73175859,75525312,74693028,77072359,76775319,74312809,87425854,79618324,80355075,76637616,74465238,76119762,80141207,78138675,78021401,79597993,73599043,77971963,77736691,78313987,79740069,74362588,77154603,77346853,78101859,77428310,75888353,75132257,74141453,81775011,79023401,75137462,74530368,76285187,77589175,80568364,75035762,74139125,76155285,77753038,75956647,76851873,77882934,77971146,78744937,78221120,74594089,73870015,77456273,77487670,81604246,72938454,78676590,74438816,76500584,76319937,76857683,78798638,78678650,76506849,83304342,76831985,81131516,76574577,72187447,78259721,69705854,76622537,73678828,80509082,78166636,81279934,81496853,76872896,80756945,83670855,74625185
77728733,76582405,77666267,74772954,80486054,80631696,76905641,74260957,78352831,81652264,74434326,75666936,77961995,71559934,73676834,74373963,74551372,78146166,81451131,75062606,81029207,79744003,78320281,77281035,81356594,81619609,86151622,80194515,75926542,73692829,80368507,78167664,80489835,76640752,78693959,77224639,75707790,78042111,76821063,73656645,77840199,72809584,81545335,74869628,76406628,77006398,80650301,76191182,74334450,76781190,77791304,75854737,77870311,73783962,77020422,75683316,78628501,76797816,78659106,77777499,77845852,80432934,76949378,75416148,80838384,76904558,76306621,84168842,71691863,80550040,75391965,79130998,79680324,70701486,77848686,76897416,78036478,81904397,68751075,70438600,80825342,70842815,76867752,76605242,78317756,78314449,81217882,83439860,78768982,76511601,82916331,77555480,80986452,83195918,76188845,79306424,76103089,84462636,81037198,82574100,81794253,82105480,80511757,74400718,78092861,79670234,79338450,81499057,74319280,83148233,82084753,79101001,81417389,81482112,76752732,79445146,79664977,70065055,77843879,82222612,77830565,72296392,77196951,77851640,72482557,76364057,79428100,75668957,76914922,79571609,73355505,73581222,79902760,75646826,73359481,77629251,79082877,85176114,78987092,83135822,79522501,75638234,74844398,77692919,78075902,77153580,77931305,75896642,76648996,74952247,80272510,80904434,78647206,75344160,81629477,80321463,73980674,77059636,75067264,77764178,80426913,81135924,81068168,75586486,79881387,83092608,84706361,77547272,77060526,78389524,76787371,75627522,74021209,80682495,81746619,74349696,78159281,76831241,79250571,75474735,80364087,76045970,74432081,76443299,80222659,79755183,81346558,72899087,84290893,78981812,77070256,78820209,75636869,77498739,81084505,76587705,76370027,81603455,81009064,78786990,76528569,72937989,81195605,77943387,78819794,76893122,79201214,76824861,78222507,75716564,77804123,77873705,75767880,78324983,74597412,79897703,70828296,76948408,77056855,80180908,82722891,86228924,83515623,72968087,76218842,75441827,75850997,75441165,74122365,84878526,79303854,81806371,76697132,78187087,78074349,79947201,82136813,80405052,78703301,76283056,77122471,77989444,80862183,78928464,75230492,75578272,77418878,76381720,77855602,75485883,73954869,74685529,78955337,77770393,76606826,77008995,76538739,77580905,77884796,75987833,74130349,76296140,80951804,76079057,75428102,78368003,78492599,80720837,78335504,80162241,75521307,76106441,79330209,79567316,75479237,79114795,73829563,76795902,77756211,76253758,80067584,80310132,78854427,83304821,80459041,78737536,79343279,75137183,79239618,72085244,78083034,75324880,79323880,79515866,80570473,81058141,78789298,83254800,85191141,72301589
71536505,73449197,74871140,74271269,75159711,77580807,71524541,71053683,76507854,77403422,73018179,70643485,75865175,72850190,71466178,69870547,68434938,75055068,77585847,73332888,77140485,75681336,74670781,71101712,73114587,75720850,82621617,74853538,72294796,68455770,77124993,75208141,76889888,75244568,73831541,75200806,70699178,72046838,72996727,70730991,73601482,70545874,75165984,70023471,73536096,72931521,76788449,71838797,71423708,75755363,73862555,73993013,75194952,70689104,73374587,74686742,74115064,70738907,75739288,75491366,75515785,80656812,72075786,70218659,76331858,72575179,70346892,76683063,68610333,74678274,70020899,75823542,73320547,70520815,70624682,69304825,79167737,76171223,66014635,67650441,78379821,68581701,74592918,73009932,75236583,76112448,79922530,76962204,71635651,72893021,79294340,72769519,70884550,79314800,73855157,75050127,70959147,79455497,74007569,75970298,77381758,78806109,74462184,71512409,75147986,74148682,73331878,75422574,69909542,75986965,78430756,76184554,77951857,76489361,72078690,73821577,77576510,68541979,78547332,75074403,76687708,73838114,70762890,73538721,69302768,73902733,75328272,76025716,71547858,73174673,71129144,68316917,77728569,71604007,67033026,70679221,74379725,79319782,75297982,82155287,75058255,74552609,66893154,73223716,74803730,73519669,73044070,74252983,71684060,70388773,77873511,77382672,72372090,72750583,72307042,75792647,70921870,72814462,71516405,74128849,76352813,73056049,76761068,73997711,74999503,76538191,78522917,76483391,76257538,71227428,76912985,73902993,73057465,73893823,76298541,67955798,73826598,73573181,72864172,68289399,74187152,77699135,70502984,68249888,72001226,74714351,75355957,71758249,79755139,75765641,75196696,72867694,72534240,72646545,77448746,74932945,74068765,76291345,76369846,75179355,74559831,68797347,74790327,72891051,75080756,72848455,74818461,72845745,72586889,71275999,73638128,75601391,75068702,74104289,71445352,79202923,69086365,72965155,78005624,75156055,77272206,83091018,78142243,67081116,73841348,73184902,74381052,75737315,69359736,81148306,73831960,74279401,71937772,72750083,73387225,78638237,76499214,74756926,76049598,69977485,73468146,77921304,74720958,75013058,72074134,70245729,73676672,75030625,72658674,75299313,71061351,70229216,77087480,74844946,70696165,72724588,74351397,73078889,74750592,73679314,69079477,73814412,76020613,70850550,71979499,73359580,72006616,77190593,74229408,71209501,71238528,70571226,76986710,79644118,70930762,73031482,72700281,73179024,74763328,69773160,73410206,76296804,74156752,76482301,76011057,77951824,74545417,76686714,73673618,67089829,75724468,72514015,77254563,73049872,78184617,77375350,73525880,78593397,83042233,69771227
74567704,76594749,76272893,75591350,77660156,79677172,76388103,76803283,77648011,81617822,76669485,72037261,77008469,74778506,71773057,72071550,72696507,79337253,77576234,77129028,81338292,76324215,73861279,78187822,77096863,78133284,85307607,78174784,74567506,74041180,81304589,75842941,76759541,73846190,75630458,77722992,76388644,74984506,75375512,71883750,76843682,70213675,77658063,75170548,75734090,75668278,78008985,73692617,76497066,80072070,76703235,73744761,76943809,77129778,76774436,78220876,75139095,74554384,76340979,76070637,78324732,81138092,76709740,71934195,78038251,78476681,75268150,77696407,72652393,76002886,76216179,76492159,78067991,68074456,77197585,77849894,78230154,81085766,69289527,70407739,80120522,73438713,73593243,75591450,75777542,77217738,81342607,79276130,75767672,76794623,82781655,78821164,78346774,82072048,75801179,77269747,75308731,83513669,78200065,81044685,80978867,79350791,76359400,72544896,74239538,76977129,77318170,78066110,76085507,80527176,79002633,78327680,77423094,77522255,70863671,78374374,79936465,70934793,79295334,75815923,77611724,74696893,73166995,74782818,72285006,74435050,77241195,77683890,72736481,73049106,71009526,74509784,77999176,76630787,73498338,75054450,74901867,82138891,77628359,83071315,78749444,74610693,73809863,76801472,76243393,76516946,77907969,74083152,74351941,74212326,79441454,81157672,74239280,73647266,76917364,76986191,73711201,77295233,72981370,73399200,77367269,75460390,78875405,75766403,77254832,80681603,80865896,75239286,78769999,73127153,77897623,72671213,74623912,79875227,79129523,73129448,77985295,75821184,77881419,74898083,78964573,79438053,70210182,74979900,75814046,75902472,77170716,71253057,81256756,74332176,77718215,79503932,74854833,78158942,77971115,79026416,77701500,79437414,78563383,76517335,75022838,72820908,82103370,78647956,77238752,75870878,78303761,76457524,74665974,76541346,74377690,75299215,77732404,75173307,75752988,79699413,73963104,76098037,78172615,76043168,81977275,84619917,80099018,73714650,74685320,72555272,74718210,73635731,72693457,86205444,76788997,76992331,76790777,76258204,77139173,79645083,80483190,76109407,78595033,73159426,77120849,79877417,78273332,74571889,73464273,76044932,75488711,76636701,75688626,80985535,74952502,72011327,82528633,75373132,74392525,76965194,77638393,75369600,75285764,77321126,71232738,74342419,80518818,72931401,75150356,76951228,76851926,80823263,79017704,73873373,73029983,75076582,79430975,78641324,73507403,75310153,73679723,75198216,73779368,72768810,78760295,77640474,72466969,79967083,74889417,78649037,75930348,73934683,79212061,70266086,76577548,75267249,80037683,77061149,82136359,80522442,76175158,80440100,82661517,71406624
74591659,78264187,73972082,74584959,79850558,79599949,72678148,75406910,78488486,79947889,76758934,76653501,79790249,74529380,73459235,74606002,73425648,74220605,80805428,74682404,81476990,78034488,75475681,77846829,75737156,77038010,85630003,77617654,73227811,76538658,79417043,77622841,77398879,74669554,74273716,76600888,73879509,76201418,75347995,74204497,76545475,71759575,77326127,74138561,77193687,75300165,80705875,74063123,73415955,79402546,76894398,74349905,77378598,75323976,75639625,80925467,79010418,73769536,76625258,76303288,77042409,81129233,75591807,73531831,80859854,75968258,76952797,80559015,71292459,75875573,71705018,76459766,78929589,71681093,77891685,77364550,80434577,79899783,72128650,71079894,78858260,74416991,77133763,79566465,78667760,77469604,79926623,82133737,76058904,79814557,84586693,79029408,77765948,82233829,74307854,79535764,73546519,76531941,74260258,79844290,80169345,80800508,79432907,73827366,75737811,78287815,77983229,76639713,74714012,77689883,78063097,76398886,76690559,79059016,74805499,76403392,78782275,71511432,81603991,77511525,74466304,75784856,72401934,77862584,74879990,76594414,78960512,77129958,72456265,72097841,74345688,71647550,76706711,76571287,72622524,76170904,78859695,81261290,80296545,81118039,77578277,73616380,72405299,77281973,79063361,75532232,77773924,76473016,75933352,74338604,80828692,81078423,71386196,75697672,78327657,76950934,75675188,73291847,73850831,75204102,77468756,78972685,81273587,77229518,80584675,80166179,81286020,75227977,78581962,74680344,75802366,76711971,74060408,81109922,77254071,75078910,75139180,76392229,77681599,76112165,77221764,80060578,70725074,74904555,76408422,79505125,75495656,75855959,79294127,74691954,78428936,78239322,75650679,77080401,82763694,74064156,75972731,78982114,76009480,79896556,74355989,73507870,78204473,78880104,78339736,75948934,78715806,77127146,76406353,75447326,74702039,76045123,79271263,76856806,76427617,78960742,74120369,76680330,77519426,74117282,77430787,83229538,79840930,74428751,79084939,71548285,74565960,77169869,73360209,86487914,81342218,79819305,78967746,72351781,79413176,82577590,81310649,77177250,79217479,73249836,78916233,80250519,82096977,76949922,73528575,75937938,76475315,76366683,74014799,77239107,74004874,74123712,79873501,77687001,77243674,74561833,76356390,78481022,75106493,76776065,73824991,78918039,78217957,72844319,74230317,81280880,79488824,80823111,79471411,73735927,75061801,75221712,76839228,80173740,75433591,77763641,71743300,77772262,75140351,72539208,81251523,79046628,77329687,81618742,73983109,79048666,76316941,75200059,79145616,66171265,79341992,72325911,81600049,77828367,80348645,81975551,77398574,81054560,84617955,75690152
72290377,73052920,74725353,73150674,77716729,74776597,74037265,73857995,76484753,75114455,69643662,71825415,74245058,71887371,70471066,70072904,71656261,74753952,78517200,72216449,76681187,74446163,72641777,72442828,72145774,74575851,85075411,74095961,74534023,70499781,77350098,72483165,72756909,73425466,75495285,73007490,73295435,75257121,71080225,71072114,76460413,69396383,75570820,70392044,71668072,74504782,76502089,69343095,70705714,73843113,73190792,72820590,75006190,72822050,72704151,73998807,74021773,71016132,76895507,72841428,74825751,76024348,74676492,70699498,76742747,75462953,69943260,77089037,68933371,76235860,71847512,77422286,75180149,69369138,71127547,70793730,73960970,74586376,63502641,69102561,77211368,71389435,73772901,73524052,74803544,75573524,79268909,76688968,73299683,75133882,84622963,71888120,71135968,75859232,71164888,74574171,71606478,77881624,71878063,78042912,79178120,78397138,76586763,70288593,73714996,74048011,75293219,75637179,72401509,75857217,74772734,73116366,78622443,74470523,69783946,72540373,77221673,68787368,74836352,75688433,76650988,70815726,71630782,70814061,70442331,75498266,74220240,74300010,71272773,72822227,67249622,72781143,76157781,74681518,70512740,74111912,75997180,79642737,77783690,80010257,76871506,70397342,72406002,70186838,73339189,75555629,72342167,73660827,70267977,70689231,75523647,77401506,74631629,72379594,73542312,73153169,70673601,73643731,74173266,71381920,75097154,77347304,76760072,74387463,76749275,77454366,74498286,73667258,74087653,73218075,74062331,71280576,70826971,73902585,75192612,69697055,74551999,71565212,74454832,70825601,73261195,76847916,69740794,71963935,73449943,73555964,73073764,70339485,75815114,73226425,74704554,73031218,69764053,72348116,77964501,77333979,74681664,74844627,75956229,71772889,73258030,69655705,78669081,73835625,74760044,74971138,74256914,72006427,74783099,72140908,72651553,73058158,73845508,75147847,72677812,77264468,70390645,73914360,73057089,74738683,74712799,83974703,78769984,72437455,73806949,71762391,72669460,70106595,72180050,80570382,78349387,75777577,70435838,70110046,73852374,77736859,77383406,77465240,74926038,73557027,75129708,76240525,74162777,75205868,71777633,73510036,73348077,71962720,74171359,78946945,71341518,73873680,74944740,77685707,70650931,68394475,74724921,72359963,74539724,71377263,70688822,71802705,78412825,71643637,73244693,72105757,72696434,73720699,76654515,71312603,70293286,73816105,74628148,76788602,69312182,74328915,69848500,70993228,73426723,68861097,74485328,74747561,72689363,76920354,72481222,78459262,78556402,70995472,71849149,70610168,75034779,71066121,78316789,73038263,74852820,75462438,73883829,74597790,80014787,69659028
76138353,76360659,75855641,78718734,82912888,80597178,73700507,75490247,80653430,82080518,76287459,75746765,79122924,74664065,73218360,72033710,71636792,75290937,81391271,78123089,82204289,80712145,75720343,75438719,77459723,79941283,84986879,78142682,75632001,72353209,81725176,80515506,79318690,73729171,77645245,77350145,77466022,74909116,71879313,74094468,78731852,75947216,76865598,77012492,74261631,76058134,78584829,75243026,74444859,78445029,78588033,75360903,80466844,76212014,75879672,79004686,78258327,76713796,77512616,75884179,78639104,80073436,74643149,74410976,78496511,80193271,71866720,79652507,71263903,78380660,73530139,77952100,79374087,71188770,76389717,77008810,79950602,77630922,68661872,72842800,77734480,71677669,75219763,77700341,75889910,78780395,81456062,81688732,78238627,77841135,84678691,80369787,77995696,78509669,75164764,76021779,75899754,84604780,77959051,78922900,82656564,78692152,80052894,75333969,77565919,78953678,80895840,75433976,75272358,80113261,79296999,78696648,76694957,79251384,72783358,78361564,79310607,73145487,79562101,76318682,78498450,73887448,75150180,77633518,73457203,78382816,77091674,78232157,72079372,73865116,74009792,76198669,79238297,75824464,74361288,74544088,78481187,84836261,80006472,82250372,77273984,74453298,74054273,78047046,78746411,75251118,80239534,75784939,74274174,75472378,78189953,80800849,73764482,76085632,77615608,78158126,73925222,77900987,76779656,75144466,77920918,77483394,81521324,77786917,77901682,81345011,79796703,75920544,78025569,74792200,75718037,75297720,73495040,80413870,79974535,72242565,78698369,75612245,76458675,74856073,76068260,81540548,75003753,71843934,75241129,79714948,80295244,72446984,78570074,73810929,76878333,78355379,78967025,76520637,79654499,75853813,76756383,80735511,80477495,79459732,74627349,71471410,78629406,79250790,77299284,77887258,78268083,74707990,76941919,78968270,75570510,78333140,76730231,81523451,78926766,83433595,73619848,75430472,78979960,78365808,78492142,86125429,79060742,73467769,79371808,75324135,76268981,75933542,73145825,84764332,78166608,80370058,73906829,76714001,78333582,79366674,80881555,77961332,81563899,72443422,76066269,80184094,79013869,76717363,70301807,76210044,76105899,73881102,76806392,75539925,75295514,72904751,81709761,79672435,74944530,72949941,74707918,77570116,77110889,73462800,73021043,75674317,80471739,74900294,74499014,79718310,78287820,79189786,78512908,73384838,71403040,76217738,77895981,83531499,71878987,77807174,72987756,76216094,76367795,75598626,80625509,80272655,75220273,79856906,76919961,81056357,80510723,73394936,78030481,70906153,77619319,74172704,85051093,77657347,81264533,81023426,78983630,78745667,86186171,74107952
72266716,72835438,74448863,68535213,73727704,73466416,69418893,74158995,76572116,74354900,72958657,70998849,75660002,71132040,69450220,70985462,69013584,71842185,76885366,76205845,76009701,72432759,69458188,70763340,71948976,74266855,81429614,74214211,69977739,71252394,74965350,71008413,72554239,71217196,66548530,71543680,72620054,73557583,72630617,67693195,73197051,71730545,73195092,70276004,72140534,69351857,73578716,70309779,69340569,74040775,69699988,70409693,73267686,71509269,70669921,72451796,74360675,70365946,70790214,71142496,74803577,76746756,71513631,71329083,76388430,72760399,69792096,74082078,65065822,75092230,69769381,72914400,75457400,68567456,73452698,69365591,74965357,76220474,66416208,67417053,77560685,70727898,73017310,74244343,71275148,70915423,76573544,77060682,72463287,72487618,81682866,74410298,70565989,78463540,66600682,71410836,71383740,77935208,72070185,75558128,76220608,76476882,70457994,69387952,71750599,72586218,72767496,70875896,68762336,78499700,70981948,70123556,74139885,73794662,70338658,71444867,76584765,67896388,73931536,74449394,73867560,67827434,71549705,71244606,68978607,71671235,77087740,74633932,67634488,68292050,66673903,70221364,71457008,72886957,70111929,71621764,72256789,75636073,74989660,74743000,72252519,71335163,71359815,72169119,73978147,70848407,70906003,70851862,70353380,70697737,74336109,76534604,71979929,71993335,74069603,74239987,69025675,70107563,71389848,70152428,74892940,76819713,73137054,71357937,73841119,77215227,76115520,73503986,72745970,70532880,72027592,70805886,66092848,72920643,73258289,67669900,71443668,73958768,70761157,67404421,76822131,73247274,69844320,70147461,70747509,72192421,73383151,68318506,76082772,73513385,70702019,71077046,71056658,74962755,75473112,74121567,71658545,71816067,72264212,70086392,70028677,67841483,76547542,73497094,74089753,73175594,70603491,71742932,74042690,68508449,71239557,74454010,70184707,72360403,70428148,73914023,70149406,73805585,74165971,72866384,70855355,81456360,74909390,69304809,72691826,70042740,72247118,71359673,70123082,81585409,73585217,75018589,72231835,72253386,73378149,74256958,75607285,73511184,76330491,68794922,74787609,71460293,75097729,71503710,68570873,69324158,69540474,69841272,70850121,72121089,69734881,69073107,76540991,74504982,71970576,71158506,73800509,70481097,71382868,68813853,65403642,70549527,76281298,67582360,69840712,71794963,70951226,75700034,74290935,69842717,70034653,71506511,70559093,76607541,68812436,71937121,69358926,71955647,71289781,69307064,73962301,73924374,73061516,78796752,75148341,75143850,72384613,68909276,71274488,67427907,73603377,71326475,72929501,72665765,73864680,73955493,72599414,78225453,78595563,72490064
72373716,71939683,75713650,75374725,77513649,78408536,75126212,77162131,75742945,76061162,74202552,74898802,74357862,71696032,72883948,72548439,72571784,73614860,81124361,74328499,77416126,75701501,75314420,72886874,75228363,76587290,86160512,76800682,71027538,74534397,75841637,76059745,74095161,73699968,74439303,74471582,71857302,74678166,73705634,70727353,75129240,70126462,76458287,71302657,73517708,75883152,75909982,74792532,72666007,77968970,74550936,73152524,78485912,74970421,72983437,76404013,75198705,72942001,75943078,73385722,76879103,79451458,74859006,72170689,77289929,76779567,74263491,78834422,68201909,74900667,73268901,77329472,75982382,68183234,78501869,73881959,75458734,79545667,66355482,69643695,77855184,72174299,74558217,74941430,75081884,77383794,79857213,80028128,75111350,77094198,83911599,77407834,73922706,79636765,72456445,77838505,74144620,81180357,76045649,77665374,81190240,78348941,73146675,73422064,73428708,75239757,77005322,77318019,74472297,78992585,79417049,75144566,78750996,78627061,70740890,73537082,76036638,69028156,78668977,78266629,76224001,73187151,73927189,74266006,70660091,76129927,75683533,77419900,71836928,73221580,70679112,72523373,78957993,73960069,72318120,74249932,74573562,79173933,79022922,78365188,75916303,72395615,73079139,71660587,75210001,76519864,73136271,72436116,71799171,71881546,77306000,76788131,77100620,75757856,75880204,77506499,73728371,71862399,74797697,75766330,78072789,79247474,78109197,74672499,76686739,80718750,79191305,77899500,76419458,76229324,74156493,73720405,70869071,76493072,79630032,71412965,72104532,74866701,77395954,71547431,77906210,77828083,70076516,73074951,74679945,73104216,76916660,71417421,78596704,75729650,75443766,75437581,74037801,77997275,77795655,75929475,75950217,76144489,77667991,73093424,72231933,70429055,77010386,78280952,75817086,78948733,76504624,72565570,74543771,71843378,74033694,79226166,75123768,77009022,75925038,76932800,73774813,73661353,78540763,76187127,75791793,84237450,78707773,71287266,74386984,74190303,73100455,73820127,70611808,83650859,78783830,77862858,73981482,74451407,80308977,79533090,79316675,74589218,76142332,71791076,76327645,75672609,77223878,76778168,73613391,75094933,71641104,74802252,73368624,76524849,69465615,74130441,79940164,75296355,73912673,70741181,74323300,76145626,74408079,69960022,70035117,75718239,78545933,74439240,73748253,76444159,75254421,78551198,78127980,72875990,70736447,75920479,76738043,79743405,70443997,74725673,70054629,74850581,75382109,73893472,75621459,77183134,76104102,79767628,76889159,80120155,74961672,71690939,77184180,72138097,75537818,72897441,77749738,76706630,80209476,76297565,80301211,81939195,80931398,72285664
75243501,76683856,77816467,76479054,78981560,81260395,77511553,75207651,78640362,82375663,72166433,76439321,78604216,73360708,71917225,73519075,74357166,78684367,80470217,72549012,79243832,81630709,75466547,76891620,77721032,76935773,85907069,82271803,73866380,72123909,81277984,77784316,76609194,74924932,75843916,80754836,78137308,73649522,75020194,73538556,76115077,71752933,80372772,74277389,75871918,74194418,77749457,75458592,73063385,77577699,76680572,73560610,81175749,75706274,74348114,76500561,78864027,75533289,76296638,75397064,77207462,80736516,75679888,75379768,79567224,79716553,72222699,81089203,72605528,73340793,75085819,77880610,78086953,68662000,78621239,77424337,78186624,78099754,70350370,72247449,78741423,70793776,77144724,76871860,78388503,78754110,80854708,80222383,75263235,75803584,82864666,77903257,77581128,80657932,73501677,76693653,77284977,80924187,78659678,82107787,81979456,83621342,79418993,73890445,75337256,76057053,76665613,79063469,74016598,78871254,79215067,78100847,80636845,80063707,77095023,75737507,80429372,70692563,79905656,78443309,76217289,75683632,75487950,76976005,72884262,78466620,74393995,79002051,73179724,75583746,70809581,73311676,78728373,74832489,73730039,75023024,74869059,80683980,80180057,84028357,77500746,73168614,73751849,76136857,79370494,78145883,78599607,74321352,78516253,76325154,79848574,79551877,74881119,73697152,78239841,78385458,75053973,75279288,75501883,74717919,81092660,78990846,77842794,74668572,79479405,79899956,83106885,74074478,76613758,77651458,76830530,77251858,73138914,77989532,79539461,72621935,75156822,76653719,74445313,74924909,78340182,76509909,71079852,74140982,77882325,77283196,77833801,70901818,77875162,77138613,77430448,78275289,73623514,77573090,81216095,78106068,79411066,82147509,81142796,76888013,76212280,75136977,77282519,75094128,74347223,78167840,77445598,78563974,76886266,79290260,74989861,76485965,77677050,77377328,75799558,80306017,71717772,76207447,78820190,78581966,82605879,86117609,84141020,73635646,77054990,72711723,74781744,74811123,72986916,84763344,79163062,80418713,76094901,75467157,78631999,81382077,78097467,78974757,76020659,72344495,76555994,76874393,80090069,77672746,72599329,75442612,77382634,74315912,74547840,76687287,76485922,72469714,80277109,77726751,76348960,75483998,78552643,80254811,79998963,76495234,72935594,76402978,79483055,75725527,75970691,79059763,80700442,79932038,77192647,78206446,73498359,76802245,81285396,79607951,70754148,76762506,73683187,77145245,75729636,77619987,80462776,78196489,75386988,81030850,78816675,80333254,77459614,72766132,79531287,72958152,76945842,74716577,81801533,79356658,81341380,79074868,80114663,78645951,83611517,73193435
73327372,72565611,75469408,72566592,75976385,73184962,68857808,73888998,73238619,77123982,74489959,72135124,73714170,70923574,68362810,70280944,72113068,72888831,78167835,72895822,76089926,73524806,73092030,73457038,73678785,76237622,82192636,77441030,71413385,70800497,78618730,73795818,72077677,73213128,71186327,74295544,71850207,72191156,73688292,69774692,73585126,69213623,77015895,69371110,73171847,72702396,75424897,71603025,71367836,77099592,71436524,68559299,76084520,70697173,74039498,74291281,75827462,73062572,74843523,72551835,75684841,76749142,72454759,72778527,75940274,75722499,72605315,76068852,68058651,75024927,71764909,75382962,75020586,67839212,74782470,71737743,75132032,75242660,68908193,68807995,79990664,71325567,71957163,71888066,74309226,74324614,77138684,74515443,73803998,70275254,81935218,73993828,70710747,79806813,72929121,74674644,73184313,78912929,72388640,78081258,80707313,75312030,71734559,72434071,74162495,74686004,73063710,75632167,69663512,74942866,72840040,73898398,77365498,75578377,72311607,73251803,74399323,67917519,76637224,77378436,74646652,71489416,69027552,74589954,69706909,72974493,73499828,74022256,71040406,72069620,68785823,70914404,76512366,71618095,68597575,71251516,72725875,80543840,76260345,81067116,74725473,73896727,69199756,72903430,76035912,72637670,71725065,74624720,70819163,72493119,79627566,74285533,76558770,72710146,74387241,74736590,72585148,71242950,73172602,72734468,77103162,74498650,76436561,73840345,74229731,79693403,76513854,74141552,74971863,72650531,74888297,73536660,69934104,75447754,76982915,70329444,71965626,73605771,74676369,69917121,74668032,77204953,68145608,71063249,72618641,71398165,74998479,69094766,75406680,70423916,72664835,72659733,72726455,75696514,76892693,72219383,74302726,75247221,75353105,72406228,71153034,70716212,77095150,72130715,74371140,75441640,75531550,72203584,75781484,72632905,70543337,75500423,73535432,71776391,72962711,78199149,70134515,72160605,76141555,74628577,77778361,82248781,79720365,72532384,73809725,70666395,71074506,72392794,67920695,82805020,75744384,75832629,72480622,72443169,76424684,75491273,79293527,74049663,75150956,68094825,75081845,75421816,73491553,75560205,69832808,73967656,68120923,74635493,73547157,73524801,70286481,70061576,79233049,76575348,70962386,72685273,74839791,72072925,76069016,71020147,69771462,74170380,77681239,75211121,71547432,76692906,74206534,75223673,71912049,74521947,71154389,75343663,74224423,79245208,69018511,74039554,69845574,75011190,75113236,72311610,77758809,75196456,76403176,77047842,72463180,78808590,75955631,72821458,74421080,70164561,73695679,71901603,78072669,74504722,77123073,77951130,75541567,76719368,78446329,69890784
70950026,70601442,70711771,70557100,72814922,74993600,70066081,69407099,73486010,76041458,69533136,70811908,75454803,68823897,67286132,68410116,68333888,71305524,76687594,70039245,75717146,75724008,69760171,71941888,69265197,75547411,79395027,72582702,68757537,66792912,72196067,71546034,71503936,69494357,68637034,72869474,74103044,69514543,69307565,66690394,74326614,67379444,72237128,68268536,68832677,71193471,72479260,70932538,66765471,72756331,67931238,68023982,73249402,70406695,72762125,72925235,74852364,68807782,70712432,71194090,72674601,74666222,68437135,70223445,73546788,74283088,68140595,75304914,68628052,70570441,67915465,72479586,75790934,68153486,68167969,70368715,74108931,73367025,66262625,67270917,73008881,65783084,72890334,69882652,70523751,73188836,74808034,73974284,71743497,70346854,76207069,75583309,72274060,75625377,67616565,73122760,70037893,75322190,71311563,75696084,74015369,74513855,72668654,67257373,69435290,70935032,71133485,70907768,68453632,73155115,72781269,70243588,72487452,73617143,69655585,71676599,75448678,65681071,74225690,72128032,74129121,69744931,68075279,73098756,67786904,71783251,72664864,72172394,70697461,68342922,68082424,68166742,72678511,70071385,67448909,71707298,70775642,75397360,74261750,76839404,72598073,69464981,67944938,71564093,71985690,72245772,70896743,70894914,68353823,69055109,73771794,75533883,68923199,70570697,73198088,73241327,67658978,70077612,67002656,68496272,71563219,72961497,72921044,72003005,75022650,72594818,76358208,69870774,70945370,70042730,70138878,71684440,67358151,72327807,71754300,66297090,69841429,70494012,67946222,69057838,72415784,73922160,66093300,67532042,70563527,72644761,70800564,68060940,73464053,71191247,74699423,70583678,68242583,71957328,74729190,71808355,72684058,73870544,74093884,73953544,69420381,67084917,72662291,72092175,70677518,72537720,72123023,68923995,69758750,71422715,71018066,69639506,73425483,71273386,70461008,75186166,66696933,71766422,75520343,72384207,72518117,80483392,74277878,69307820,72342600,68387069,70630105,71675370,66619507,77913638,74030653,72951293,69703142,71955104,71526497,73481572,72366712,73301991,74320697,67887723,71340076,73045665,71774160,71722407,69191803,70943476,70223202,71221277,67004502,73061879,69178155,66950790,74833425,71678540,70025610,69436047,71225669,71808001,74123759,71098405,67974056,70823880,74271866,70228494,68353693,73809542,72025419,75554228,69898766,69747476,70236860,71175816,74061218,78057935,65708868,73027957,70259012,71677474,72377219,70376286,73604160,74347476,73934118,75402760,70774270,75876729,72134837,70357266,73199144,65592964,71905463,68216234,75585256,70570359,75455051,76678886,72714650,69602191,77940223,69850735
71381120,73368289,70321368,70515400,74017717,75802276,67468662,72643157,71584751,76108791,69923620,71005512,73998748,68791885,69100069,66842689,70946561,74738846,76232598,70997973,75726624,72405489,69252781,72186564,72757973,72338304,78369159,73463101,67551520,69377629,77191428,72606321,73306791,71662481,71713741,72979106,69444051,70534147,70928061,67666200,74030239,68787173,73287629,68442275,71561230,71513111,72818115,70599325,67014927,73877079,68826264,73365232,73050996,71791032,72090613,73090636,72925192,69822892,72478454,68975290,69986662,77746902,70755920,69093985,74332489,75281437,70291070,76364571,67305140,71131296,68369530,74101305,74690081,66742819,67808295,70100431,70935024,73375107,65748238,66545517,75431646,65750232,70035194,75485003,72781253,72045063,79726391,74912500,71262656,71197670,78835429,72575308,71688471,75762818,66484643,74388819,69947019,74222598,72876025,73544593,77643294,73433347,74447024,66498705,69255014,71529052,72449836,71904393,69184136,73916493,74977628,69953914,74626653,73692796,68629240,70474855,74681151,66795482,73385019,74335621,73806694,73358388,69788759,70390365,67292153,71785032,73202796,71450128,67874444,68454888,67209732,68471775,70687840,68515550,68839547,68704250,72808402,74096086,76624138,79683897,71528712,70620310,69540168,72054638,73857155,72794631,72346442,72224348,69499876,67957473,75636895,75190266,72138531,72013795,72543550,72737050,69832878,69690491,67647843,68361085,70367164,73182819,71356780,71481423,75624433,74678474,73604901,72817728,76531052,70109521,70865990,70115059,69408836,72566314,71836356,65468733,71586747,72675750,69955230,71133217,71326881,75207783,65898837,69719360,71523645,73962994,72093154,68180390,74383879,70995855,71164584,74043941,69157349,72000810,73448007,70818716,71705083,73692166,70675420,73501169,71915382,68544263,74042889,70786405,73680049,72905805,74260169,71131056,72912422,68676785,72221450,71599573,73819151,73588313,73579665,77725095,65534135,70934870,74152588,69211906,71658546,79879188,74626501,66157274,71322082,66575310,69827089,70691418,67948514,79218207,77127210,73992389,72582410,69100409,74135495,73594556,73936099,71473466,75596516,68890097,70708776,73543446,72778679,73123240,70900543,70771002,72557946,72642150,71913473,73899279,69543379,68793410,75291218,72236355,68142137,72401758,69686431,70632177,73320993,70954411,66917831,69839612,74459248,68696364,68789386,74327174,74135608,72946354,72123692,70404182,71379936,69621429,72524282,75399597,68962008,69409694,67898096,71929604,73167342,70395920,73478993,74377372,73444291,76502246,69871892,75817038,71841719,70233321,72562371,64955162,71913145,70170229,73772849,72870866,74418033,73268964,74292062,73720755,76645015,67962836
81873435,78890966,78739911,81177507,81539224,83064093,79326341,80898889,78752015,86109889,78244926,79442901,82091251,75705659,75639317,76273665,78971801,82279292,84475011,79627361,84953241,80628638,79435085,81440770,78775197,83208152,91745546,81003840,77915943,76360584,82649641,81095434,80603442,79794643,81458110,82280846,78147650,78999113,79470878,77093028,82361051,77202560,82107315,76469681,77744924,79727055,81822980,82082559,77526681,82213260,80844936,78210232,81737814,78458127,76193137,81208983,82328830,77528780,79250347,76061235,80178443,84652790,79129385,79094980,82792320,82446186,77598854,82706298,75443236,80522058,77053267,84181241,82319362,75038032,80638697,79484569,84353824,87132901,75623647,74219444,83008804,78139403,79419991,81583115,81407782,81162551,83637740,86955403,81774824,78766012,89444583,81664798,81018912,84964217,76466111,79350614,81969349,87047434,78567923,87476946,86281395,83579571,82323255,77741782,79815050,80907069,81099050,82045467,80067939,84082928,86362605,81573799,82502699,82500169,79039069,78989882,85838504,75032474,84013730,82586505,83520594,76410511,80679390,80992761,76575674,81197984,82277920,78044278,77896299,77656511,76431542,78378909,81088780,78165487,78105160,80258387,81517486,85671025,82535141,86613076,81261287,78888165,79953254,79736915,80668335,77793030,82879656,78928926,78480711,77391175,84939478,81477492,80018443,76644289,82328575,85623005,75886445,79531910,77286032,76620046,82271274,83039337,81223713,80734060,79835363,82919587,84450272,81317822,81695064,78283373,79922370,77872998,78094743,81082677,82042089,77259031,79632344,79956503,78854914,77494199,81602079,84395338,74398963,75644331,80781200,80218203,83053939,75852095,84374753,81536197,80979311,80143871,78609992,82904373,82218705,80828084,82154293,81562040,83402667,82721460,81055078,75247398,81127245,80545848,84240982,79236716,82085726,79930522,77067601,80473221,81846989,80946137,80249565,82106992,78668271,84508967,74367383,79939820,81706584,80351576,83521580,91352994,83766244,77419268,77123303,75529449,78295309,79811909,77051603,88168461,84770545,83511445,79555975,78470870,79996636,82619718,82026539,80414931,84182913,77789446,79283189,81208515,83790662,84091085,80833495,78448679,79088878,81072305,78291345,81005738,76522527,78361829,86033370,81157667,76057386,78145277,77456601,79549505,83121097,78280207,75488788,79913856,83952029,78726667,78761866,81022309,79090977,84114453,81836681,76191309,78883084,80135867,81176676,86172811,75518811,82495088,77980742,80032645,80167754,79279969,80129799,86252509,81454293,84916076,80640558,84547863,83184035,77501654,77416127,73005191,80216877,77657327,83346979,81153057,82043315,84380570,83331684,83919754,86420523,77649968
73212428,71819638,75201857,73189061,76797554,75413265,72296563,71420371,76474635,77242862,70621048,74793281,74811686,71283763,68823649,68352186,68128300,75278546,78498818,73072042,77891749,77036241,74299569,75022088,73488373,73933726,80066891,72963485,71097457,72587765,75319663,75445318,73886521,72379297,74466072,72728782,70488595,71176099,71881394,71216577,74564001,70089822,73192816,70640223,73471344,71356099,74644257,70052404,69363441,74278275,75295164,70772961,76533130,72713656,72577699,73160226,75207113,70697189,76916851,72750719,75950900,76849830,70293412,72208516,75383154,75717108,72352792,78012977,68460995,75873616,72762674,74290928,76342371,66523032,74143629,73002656,75510255,77431684,69398271,68459311,78388973,71377707,71330715,77219833,71121827,75839230,79863303,78082071,71772368,71189260,80837563,75275182,74721953,79143120,70484120,75784654,73146838,77774095,73721657,77963491,76655663,78568210,73101795,72089378,75407379,73625353,77679290,76257226,73588387,75808276,74527836,74167351,76219646,75364164,70631440,73078881,78542554,68383793,78294303,76230883,74513820,69267525,72960052,76099923,69527997,72377519,73794656,75973260,71918415,71551549,68451620,70827699,74813617,73580715,70599955,71688362,75453414,78936339,77907450,78862886,74804314,71258915,69822037,75362896,74906300,73735368,75621480,73258420,71942000,70793013,74488249,74745964,71212248,72739880,74195034,77804031,74367080,72673277,74174848,69102775,73770723,76531374,75200656,76424442,73993464,78781084,76477218,73978120,75320222,73613420,73392291,73022402,69398772,75477910,76474017,71114798,72543401,72758260,75325513,69902985,73522689,74226045,69263506,69458131,71241648,70984115,76756688,69911473,76765202,73893624,76850198,75114397,72307858,76332028,74205952,73485493,72710329,75264750,72451523,74970906,72873805,69697809,75845863,73969673,74009170,71961785,75703021,74021162,72669325,72885568,74602833,72446268,74816063,73766073,74175724,77130137,69320627,72702569,75657419,75298257,75142768,83687091,76538814,70219075,72896425,73210849,73058031,72628402,71862817,78713293,75574127,74114160,71158285,70966154,75428300,73923746,80137414,73025652,77854252,71323631,75001791,75063006,74496909,71182616,68530845,72383964,74209942,72084065,75224909,74579883,72473409,70919073,75869894,75002321,70550096,71198105,73335585,71419030,74985634,73608936,68746421,71106235,77906018,72292898,71081706,74201279,76343202,77089643,73843964,74420678,71688948,72752854,73761961,77509517,68123817,75223184,71075885,73172970,75649097,72756659,74415729,74098436,74690756,77195148,75138050,78056543,74647592,68313829,76353806,68971890,72492227,70619127,78270983,76350739,76573019,75189549,76512361,77264124,80935116,69076619
72806845,75757279,73862567,72577537,77584949,78244761,73886652,76229686,76935834,81854262,75686417,75616574,78553138,72176092,72071553,72620517,73412766,77029416,82013392,72227045,79099838,75528560,74600095,74987559,76973955,78561937,86101022,78786497,74524882,71023580,81424499,74778096,79306965,76693423,73459955,77747809,77064038,72418711,74770762,72040951,76541459,70012710,78025254,73691287,73445115,77263489,79001703,74005634,71195570,79889106,74612857,75875261,77063929,73632829,73079936,75388349,78444450,74621096,75742394,75889441,79894320,80901513,77548323,74286778,77478709,78029256,72811687,80564093,71095580,77320674,76062403,79117988,76860772,69615828,77942101,77874974,77910017,79787688,66999665,69709555,79053716,75374096,73691701,75344921,78944850,76556246,79962036,80618506,76130209,77051380,83256566,75347384,76146108,80972772,73973996,76914099,74150055,84265555,77322929,80283140,77710898,78290831,80467746,74467059,74258808,74293431,77638874,77961219,73034044,79334211,78011543,74197471,77155478,77016855,73866543,77233174,79983079,71188444,80412261,76961055,79506315,72916845,72948482,76339565,72265165,74922300,75538943,78562194,74642081,73286967,73052823,73560262,77010930,76162740,72590200,72900201,75824197,79615708,81606685,80989400,76935027,73601181,72213486,76056161,79097978,76728848,73873318,75155219,74311928,74487707,76113546,81020171,77958519,75410485,79364787,78297983,72351564,73263282,77436868,74971681,78874377,80183799,77561342,74799773,76826798,79554808,83125534,76095509,74759340,72338948,75315161,72906303,73307860,77545998,78840887,70638305,74492278,75002697,75450697,71580120,82127855,79895837,71102249,72370272,75070443,74830815,76819175,71372788,83850550,78247683,79204093,77717373,76941554,74877014,75717838,79816932,77804351,79149765,78163049,76881269,74802626,72565882,76616445,77074445,78401452,77086297,80430501,74814891,78641913,77129865,73767543,74673755,76720620,75887781,77073747,78801249,70962311,74842872,78717193,75938312,80221762,85545949,81996677,76210110,74889058,69588541,76729284,73710225,73249683,83511332,79005755,75967858,74157085,76298106,76825500,80038443,80711670,77110541,76946964,75900763,79316148,77933148,78220370,76633045,73907268,75068075,73862278,73615592,76879136,78368219,71764078,74438615,79602394,77627633,73494622,72178580,75212817,77966590,78661784,75669971,72307014,74688236,79431787,75748694,74845242,80414599,78556245,81219242,78139758,72031142,70420514,77247361,79371324,82046234,73714578,75618028,72926638,74884772,74217372,74637736,77904405,77912943,77339733,81900060,76913125,78862061,79696343,71490787,79442440,72184146,78214440,74302035,77505562,77167294,78411983,77261861,76176116,80029794,84645135,74159977
75067418,73176807,75294429,73707136,78571675,79536698,74390407,72607632,80229282,81191167,75523540,72139962,79075819,73179206,72312354,71976020,71766011,74840043,78032704,72881582,80293438,78733892,75576707,74316749,75287871,75711876,81919912,77042617,74396389,72934997,81339907,73969940,78232862,75830815,75577682,78022874,73120628,74440359,73373144,71317423,75911848,71008307,77718196,73492552,74195964,73137770,77305866,71487952,71089591,78617643,73105566,75382304,78460314,77792735,74123718,76051970,76871221,75296560,77524142,76413680,75577155,78980633,73245155,74233172,77152635,77113315,70631057,77915734,72530674,77568949,73674870,76825726,76215695,72268518,75416498,77239601,78724931,79576965,68011581,68265550,80341636,72331138,72531583,75732667,78034802,77938483,79299782,78099353,74757074,77302386,85085282,75726469,74070030,79542997,67779521,76445101,72150718,79020028,75281900,82025701,80368110,78161300,78902745,72632542,74355750,76000036,75431719,74878425,73272350,78163874,77146015,74513872,77434413,77839136,71741467,74622212,77902385,70164235,77448908,77660357,74695321,70815293,74190847,78675401,71853021,73404396,77215364,76645480,69084889,71787229,71549234,73129779,78538450,73316250,73346682,76412728,74145244,78503352,78602233,79993212,76307578,73635580,74045137,75373388,76386654,74879530,76754743,75609304,75148374,72316210,77495218,76652561,74378376,74124617,75677001,78811303,73973383,74685172,74487985,73572377,78199367,76271141,77278011,73317794,73640611,79182076,80434369,75646525,75091494,73506431,74960508,73457994,73006368,75713934,77723316,71310858,76325901,74699876,72434350,70914365,78575037,79885554,70034106,72014222,72613357,73674955,77121142,70306183,76331466,74911025,76366713,76211031,75535172,78283157,78601053,75689588,77286019,78513283,76787733,77343458,77119860,73870187,76306084,75599196,73649530,76227385,77252174,73763183,76320671,76069132,74595775,75494281,74194459,75903079,75546247,78710859,71861818,73844665,77077957,76924359,79327074,86092545,78906346,71938132,73531358,72065183,71891794,73474975,70929813,82225626,76348212,77937000,73421178,75907800,75452969,79969471,77358223,74008324,77105037,70884385,76440478,76205820,77897929,75509958,73044990,75004623,73708103,73650731,76926700,76080152,76330572,70461767,77792725,82538779,73282901,72833659,72784513,77193417,76447263,71659930,71052180,75855289,81152830,70893446,74859247,76988126,73567476,77002380,76510366,71438521,71726816,74930757,76179923,80312697,72033471,74192097,70990908,75054778,74692988,76398091,77513350,79615808,75411005,81320081,75868193,79327134,78732224,72268440,76979041,70119491,75138989,71858281,79282867,75062549,79611091,77994677,77284423,76883740,82387381,71186331
74712849,74060791,74390685,72308286,75003733,76952377,67798842,72720841,70731696,76336646,71512403,71622062,76435169,70966011,69411042,71013327,70256889,74204717,79045073,71996173,78095758,74801161,72703701,74362542,74224824,76116737,84107187,73766474,70988217,71798954,74759828,75971312,75413136,71351880,73646939,73371750,71185091,70672556,75584539,68578000,73245913,70260003,75112889,68239777,75401686,71263428,76584125,71331954,72864490,76283760,73195421,69033422,74416620,72991708,71339720,74287814,75601493,72201728,73525687,70554764,74225786,75546980,73885260,72503265,75998314,74739896,69279393,75304026,70077144,76182824,74454427,73322213,75392259,69764830,73324066,71912072,75136145,73933920,66878168,64586440,75260953,68400767,71045514,73860006,75192851,70919084,78836564,79832543,70814551,69718279,81383093,71475936,73711718,79239639,69490628,76097302,70148533,77764131,74422089,74838612,76114212,76930036,77304981,70662570,73970876,73720884,74628581,75055876,71103557,75567358,75327722,73531730,76198301,75331169,70672506,73205610,74289050,66552678,74489151,76048616,73551531,70645147,69231056,74151336,68035419,73191356,70521167,73715460,72693620,69791337,69569942,69312404,74810496,72792811,69191829,74848728,72863107,77082115,75755986,77990412,75279539,71866462,71993715,71112818,74690306,71368661,72771418,72692751,69784714,69840837,75460574,76752466,72573398,72057801,75997635,76626524,71416913,72158674,73002226,70465649,72526170,77223171,76224630,72069689,73897473,76196598,76716429,74316966,74788064,72857928,72046852,73537027,69451243,73728668,74103795,70790400,71202222,70823106,72805655,71947899,73013987,73147986,69738518,70240262,71846241,73283331,74884376,72257977,76690070,73107822,75049713,73214384,71917034,74045911,75717789,77568002,72534630,74452886,73857861,71602802,70445890,67953206,76466084,75163580,73910865,73423949,72864269,72438098,70872693,72909802,70944642,72841052,73589959,72914550,73700171,79107172,69248554,69416060,76854530,75279891,75655823,80564079,76090269,68110020,71246989,67821389,72916754,72292445,69734968,78085333,75108749,77886917,70679997,70690247,71908476,75003602,78531121,73337090,73913311,68193425,74023331,78531200,72479008,72066923,71593733,70772049,73072491,71774783,74010369,72502064,72713633,67872147,74147829,76156247,72020418,69061931,72374710,77411280,72003048,70885703,67108318,71432899,74641708,72656752,70227170,75241490,70910314,75369568,75612457,72501722,69248254,73235046,73921336,75489087,69347884,72111640,68366151,72636902,75191816,72909814,75822912,76988943,73429401,78935694,74471475,77493738,74340726,71106135,71950040,65361402,73124772,71810596,76601323,76722800,74862743,74618875,73288101,77189789,79755887,72261922
70802934,71192277,73541323,71443940,74651064,73343140,71650351,70631261,73334723,77987917,70976465,72191544,76156308,70310962,68070927,68594660,72308036,71509978,78105229,70986509,75954099,76305581,71491596,70347249,71089128,73654126,83319350,73629051,70753817,68278075,75953718,72750873,71734162,72094781,71187889,74895111,72964232,73066755,71216192,69433819,75135956,69188058,71344623,71874856,69024085,70518443,74239089,70149952,72295486,74763414,72881068,70660853,75253725,71229028,70366464,70281834,73699521,69926671,73955648,70194039,71743077,75416993,71597890,70902661,74490526,72455942,68900205,74645372,66278699,72286088,70870237,72859419,72842446,67967759,72115212,70449827,77114234,75211464,66958571,67541793,73575386,67571822,72103070,73994676,71695404,71309446,76273729,78240886,74285691,71092120,79045957,72416534,73440425,75508271,68862487,76248850,70648802,77151523,73554505,76013536,76645956,74965677,74572813,68940985,71857453,71606801,74944330,74793156,68981349,72038305,76916334,71311345,72337782,73800832,70248169,71660556,72691152,65233021,76628345,76183156,70362142,71925391,69200371,72398378,69145602,69875961,71192990,73635094,69838203,71723844,69554305,70436299,76874844,69499943,67410519,71417272,74508047,75517077,74253362,77474189,72823854,72711584,68453015,71807892,71663155,71588468,71666418,68864023,70767633,71672276,77537797,73696525,73975670,70129909,71718118,77464893,69881451,69296547,69734723,69387064,75162871,72961514,75336394,69801072,73314389,74750815,76636160,72219887,71435182,68896565,69136635,70386703,71135759,71660114,73318681,67151523,70259764,71063875,71715576,68257284,72851571,74689956,66108788,69270037,73330226,72349517,71445854,66662263,75231411,72115097,71295846,72210596,69602621,72119889,73178569,72819965,75140960,75274480,75408754,69459051,71400036,68009325,75648591,73299863,71429633,72475891,72367659,71059142,70162414,70292687,70929402,70190950,70465806,72409379,72852514,76434684,67617762,71806831,73649618,73445501,72737914,76539500,75367764,68607172,71913994,69057212,70457447,69945978,68153018,79955094,74922495,76091289,69506424,69769385,72960288,76693839,73567877,74903615,73588415,69506346,72341349,74481210,74617459,72692758,71738683,71594832,71222345,71632494,72635718,75277959,69691761,66887395,75469441,74079151,71857293,68752554,72132043,71528554,72815529,70882895,68523298,72411766,73977838,68112057,70057216,74618676,71879678,73393571,70415529,70166238,72134955,74397106,72138808,77680090,67103619,73227269,70784226,74158187,70862820,68871653,73201198,73426972,71261873,75822409,71333505,77288859,71110686,69314297,69513876,66685677,73301553,68376368,74110083,71750613,72401790,74980928,74202379,73018474,79593354,68160006
78563503,72847810,75017430,75151275,79823657,77996280,74632175,77364677,78327378,81098189,72124640,72913019,78086678,71682805,72151028,73953784,71244046,77029501,80139061,74248695,82137847,78581857,74771983,74834129,74399746,76700446,84596930,75770687,72205226,74252700,78659231,76405526,76360444,75473270,73946870,75471967,74889111,75418520,75441119,71744202,77140470,73858972,78807107,75470159,74678201,73345598,76764758,73889923,72787089,75862020,75423615,73286577,78039958,78642120,76972695,76844654,78846727,74492407,77732707,75885172,75535477,79821227,74286710,74604042,79431834,75630141,74295103,80234394,72156230,80263742,72812040,75955186,77319566,69684828,77202382,75969872,78335928,80325948,68223228,69362488,77735578,72278107,73461332,76638130,77859117,77941085,77320234,79011527,76653031,78528727,84188429,80069796,78559664,80725070,74207264,77465140,73176552,78580047,75069854,79723103,80761526,80930310,78670430,72026209,76369656,77913168,76918876,78162192,71667404,77905522,78487363,76744229,77739813,78001882,71372958,75978359,77984494,69433543,79164048,79113388,77347859,72378882,77912760,77156994,71062584,77169655,79010953,75550239,73045549,72962790,72095017,71041147,78295463,74232748,72020280,75551793,75697827,81723657,78082109,82382367,77628121,74335461,72628919,79125255,75924315,73311639,78167509,75124636,73348680,74153277,78727851,79988466,75104282,74650836,77328845,78866479,72178569,75200068,72344935,74851926,78809302,79852256,77271779,76159500,77870578,77658591,81511121,75033906,77632787,75199521,76377029,74864120,72021037,79112902,79116880,70630899,75746897,75305658,74132742,73671347,77889059,75858448,69447292,75277069,77579084,73993418,77301752,72333812,80160572,75330610,76168122,78119157,77322738,80062446,75950935,76747470,77864865,77627561,78078915,77910318,73670913,71034112,78934797,77686988,74539328,77702699,79272720,76165805,73660860,74806908,75698935,77989571,74725224,78415667,75968249,82610289,73025671,76450871,76081349,77595169,77138368,83264239,79336060,72185837,74666186,73648272,76713259,74657729,70683319,84507918,81439454,81696374,76398187,75035620,77564425,79169090,79583075,77039460,77441448,72753100,78811889,74905141,75846341,77349432,73163365,73373302,75290788,75579087,75332213,76380279,73544436,73070582,77490139,79975266,74683267,74749160,75457177,76014547,74128092,73729275,71247621,76734463,81804255,74569597,75741768,75676932,76104650,80428946,75240210,72241719,75487759,74073332,76889231,81123287,71368435,74519290,72562896,74512322,76334016,72106120,81770306,74883592,76642861,82883517,77668934,80431662,78531822,73473615,77219814,69516989,77003184,73197601,79619585,74957644,79136091,77820417,77493828,79175183,82084303,73178499
74081421,75515318,75046653,74524977,79033981,79718568,75914527,76307267,75530584,81343665,75588123,75602863,79649885,72472964,72348637,73958328,73447202,79198796,78820183,75017288,82150156,77686915,75626801,75446319,75156252,78861974,85908135,77852428,74825751,73050516,76954325,75838644,75245414,75936890,76856038,75110580,75618978,77910202,75638695,73321196,78230567,71857637,80355623,73176433,76382502,75448048,80965654,75840421,73803872,77916352,78062548,74857092,76917556,76774715,73335022,77601776,77981521,73437377,79126513,75578056,78791402,79806391,74905767,74191862,79310312,78397763,71336331,81080528,69171587,77200579,73757153,77268778,76765671,68021780,77349154,77306883,79039822,79617176,70399450,69761224,80017568,73561559,75001886,75415843,78305983,78162070,79672962,83537344,77205048,76197328,84503119,76380645,78716474,82996876,72133270,80028646,77401352,82676564,75721105,81982036,81681753,80894009,76947193,73620555,75247932,76028224,76779558,78598769,78765675,79782540,78845600,77352517,80199203,77698204,74325588,77514633,79815076,71063724,76304778,75166057,77628720,74433597,72551146,75946053,69748720,75272859,77504437,79493077,71857678,74862165,72270250,73522105,78538688,75142036,72123055,77365100,76949939,82182563,80355215,81629740,78782604,74533649,73425641,74427880,78301954,75375794,72389450,76039675,73736116,75363180,77188292,80606320,76043518,73549248,77417605,75845763,73172988,76780408,73634914,75415975,79910407,80017295,79857369,77885304,77306431,80233139,79762008,77733714,76057287,72853794,76834460,74734303,73016494,76681392,76994875,72150812,73139036,74660614,75979469,75000200,80829065,79670534,69724572,71426736,75286590,74682691,76762953,72514571,81501537,75167896,76912529,78270096,77102521,76571277,76069462,76462341,76470186,76111373,77179658,76686086,74925153,73607768,78009148,79123768,76940948,74174003,76620073,76439584,75497931,76947878,74995558,75307080,75914227,77431458,77085832,79120749,70982579,76777019,79641148,76705196,78869699,84469102,78514256,75763785,74915900,69897481,75249697,75205922,73573610,82607758,76923333,80379217,75671747,75581545,73919588,81218757,77662471,75091343,77524809,72837243,78334383,76673537,79169117,75990946,74467516,77272313,76544001,75556446,75599936,76261329,74526898,73684106,81315549,79180196,74786187,75377499,76321633,77256763,76075695,77305245,71829016,76473304,78572038,75857149,75481570,78549040,74727474,81960434,78660797,73999604,72861256,76022587,79448533,79135145,71842796,74257206,72124496,74112123,78507645,71854370,76990113,77425471,74542950,78781312,77641399,82313497,79160504,72610893,76504761,70658024,78604531,73726736,78215431,75199337,78639647,80404609,77700798,77319588,83189619,73235005
75974212,76008565,73616395,73806083,78052633,73548699,72894400,75434858,75751562,79974478,71110222,75003854,73384659,71988117,71394545,70676780,73719340,75982874,80772867,75155373,79898274,75395520,74204119,74359748,76089524,76365317,85394893,77873423,72880838,69846209,76145764,75392157,76114100,75991915,74316558,77202343,72216610,74381791,73958864,69867755,77991290,72299432,78116795,70286614,73272172,76696882,77128882,72526773,72257103,74271939,75761487,73645532,75645530,73294632,71091947,74930680,77163512,72937572,74854205,74217769,75282486,77213837,74880011,73750399,76565633,77423323,72335430,79890907,70158816,77998727,72309385,77171553,77831496,71334946,74368362,75353855,79270620,76454861,65991585,70871285,76205271,71755907,74955015,77256664,74722086,74929912,80737713,78884723,75581369,73270251,82469489,80530700,74504973,78810987,71283609,74750734,73863511,80445586,76265154,78592919,79911605,78996807,75205621,72695453,72223651,74268541,75233598,73725729,74371694,78457833,77319812,72537612,74946517,76474877,73542192,71451658,75486859,71375024,78075977,75519225,76175200,71983491,72187755,74828718,69949880,75038567,76160487,76941660,73300009,75173142,70862083,69990358,75429374,73674020,71685228,73462539,76450230,81870137,78338428,81788656,77983421,71687753,72871329,73533993,76415233,73943659,74851642,72024249,73090386,73222161,74608952,79820797,75290051,72955922,77014685,77482937,71323870,76270391,73327728,73416321,76028056,75298752,74414728,74411547,77289649,78030381,77172873,76085820,75489343,73139607,71074219,72365101,71078827,77903160,77724150,71374246,75007973,74519824,73470342,72419140,75519934,75468614,73335746,73581678,76354109,74505091,77761863,70885655,78731465,74205307,75272806,77045008,72306417,75455138,75168756,76590300,75417521,78450870,73883282,75711843,72313960,69852082,77889487,75334952,77503838,74163950,76100546,74374064,74591318,71501111,73736421,74761279,73280496,76633419,75221740,80461752,69791842,74854057,79710345,75629071,75368858,83934201,77837705,71528101,75538617,73077578,72574558,75327426,72637942,81097272,78820601,76304412,72214287,73284365,72968889,74961249,79168449,78264049,76823736,72695834,76013227,77823778,76906823,72714722,73513703,74061124,73746899,73920824,70653241,75676069,73167550,71716867,80008489,75711725,73540660,72330770,75685497,74054174,75791667,74889401,71611859,75588799,78712633,70920943,72588171,74916898,74835868,76472212,75320937,71838853,72187435,75191727,74543862,75250828,71428635,78675815,72751302,71720648,74562143,72639095,74829919,79920252,76122584,77346843,74060880,77954594,71280097,73104748,74843852,67173857,75127817,74152644,77439034,76164347,78720236,75727869,76090507,79302660,80489046,74465502
72718339,70377312,70972369,70887902,74017644,75152148,70325315,72217977,73036896,76451989,71207442,73185244,75796107,69843852,68225375,70118458,69618388,73342851,75956876,70194707,78068444,74250764,71751616,72350671,74829639,74365377,84618320,72164702,69008607,68968373,75232106,73095462,74594345,70631513,72895323,71683625,71494428,70780672,69146915,68210188,71327408,65979165,74308129,69326520,71808027,72827048,74399222,68960727,71341775,75395787,69447441,70555147,75035751,70694834,71633734,75625818,77294098,70330688,73768397,72032277,73010562,76119239,71397191,72721220,76101024,75217994,70197885,77895830,68103041,72531561,70020854,73760247,73322782,67128233,73419650,73438931,75875052,77522305,67008722,66681584,74632082,66461563,71869524,74017674,74211627,71899621,75319134,77217902,73416835,72097236,78883805,74685571,74333489,78666687,70668970,76393423,67577867,77387853,72923080,74720143,76432647,78267540,76278139,70646641,71693086,73368537,73174940,77165337,69389747,76445044,74616235,69026351,73637724,75567420,69053497,72708536,75430752,67282717,75605726,73121826,75596342,70196101,67960366,74931896,70215568,73420441,70218484,72990934,70566096,71829503,68277635,69293414,72881196,73141363,69430531,70618664,72998705,78343429,77111230,79291097,73633465,72945991,68905488,73890115,75384434,70385408,71659325,71092972,67885711,73583538,76095677,75527891,71715312,70935723,71427404,73472319,70008469,72099101,69917913,70262517,73338953,75632454,73210101,73474813,73868135,73125343,77313882,74374697,75001677,70854484,74488381,70708555,68943094,74543286,75532221,68988347,69501330,70093094,71365911,68749780,73894346,71596691,66502177,69628617,72863183,73395058,74528751,69996586,77762807,73561239,73137199,75045399,73645325,72039981,75041390,72934407,75550428,75868575,74391288,74950676,73568229,67259816,73911357,72193136,72751024,74450622,73759934,70816014,74439002,71541829,73199800,73238599,75089957,75351528,70719714,75435398,71219798,72647378,74379207,74805846,75642996,80250509,79871291,69570993,75342464,67664908,69433489,71987604,68072679,78144977,78693449,73045330,72217577,69803456,76140299,75751332,76853434,75349486,75092188,72275755,74573117,75066708,73380377,72355823,67831529,71038690,73428958,72338532,71781767,75393690,68216579,70328492,76473622,73799304,68411533,69151177,73711649,72619358,77120859,72118244,67520158,73417471,77413582,71442596,70257282,74129574,71195967,77660087,73184208,72587761,70248062,72209859,75843381,75590277,67762259,71939721,69063093,74287038,73107833,67394028,76867194,74069700,71292103,78378194,73136629,74804305,76758911,72401092,71703523,65848161,74748128,67191527,74251512,74821861,77294378,75300753,74342193,75753726,79538045,68710088
75920507,73488472,74745085,73197247,76839511,77047319,72197633,74542431,75128967,79847226,73472880,74749077,76495810,73030566,71939174,70335224,70767598,78248559,79073637,74283819,79205882,75357486,72913093,73291611,73733280,75280690,84637460,76120257,70186875,71673768,77390307,74729046,76879382,73025287,74324909,75625213,74014350,74388199,74012924,71726038,75838228,69534674,76295191,70517244,75163315,74864642,76688997,74654307,70392800,75115790,74176465,71290592,77634406,73104669,72603078,75235703,78010519,76062203,74195413,72818034,76231114,78886167,73664031,70901597,78300745,76426503,74419823,77649112,69078076,75730625,71861396,77026226,74351326,70056576,73924238,75214743,76144447,76151267,69517591,71327240,77236388,71973123,73014937,73496153,75097346,74484083,78474044,77718486,73545419,73442270,81944737,77193496,76949672,77167147,70696017,76081709,71336604,82016280,72551567,80146147,76574074,77863478,76499925,71231901,74703021,76587406,75283731,76051856,72630779,76845818,75794356,72909660,77638449,78275741,72211390,72316357,78671775,68916900,78149109,77646925,74649233,71655508,74188241,74343445,70977587,73995684,74806041,72615859,73376821,73251091,70276353,69710495,77168803,75907685,70654565,71882498,75320575,76950898,77008581,80198485,77650883,72105774,73115413,76482218,75562201,74964469,74610141,72510661,74139315,71691996,76873127,79416113,73977428,72461574,75025383,79357106,72043634,75777901,72872196,71703763,74430788,77876074,76108703,75565424,76544472,77211668,78667367,75284341,76230827,72653363,74647919,72361082,71433870,77093120,77150219,70242272,70074767,73570943,74828095,72246358,75332161,77265275,67261922,73302482,76197258,72704634,76505772,70083586,76666555,77030646,75685422,73668002,72726389,74521725,79932809,74168121,74410601,76770253,75715139,76239014,71473202,70250884,76532749,76132042,75024943,74420802,76357507,73980934,73005568,75776905,75246150,73745786,75569735,73120159,72870378,78800259,71227844,73987506,77895380,73800131,79034476,82721334,78413689,69524750,75452439,71266544,71242864,75193753,71320151,81623510,77710616,78939997,73904885,73251764,74699889,75448497,77470252,74233003,77294962,72419130,73576043,74758200,74549797,73946739,73862474,70566203,74229286,74612025,73045246,75258264,71723444,71604020,76807576,76604373,73774179,72668024,72726924,73423317,76889236,73259548,70446663,76495261,78791316,75982755,72771558,77387771,75852139,76894887,73580613,73474924,73664973,72399839,76369105,77732117,69829176,77230231,71745827,74390610,73628389,72494718,76873090,76588707,75434223,79116117,71184194,78733586,77850915,71754367,74595749,67583298,77093728,71541605,76505756,76998317,78376510,76616549,74506320,78921860,78486221,71450999
75206176,77439554,75624952,76751524,78775263,78645537,72653557,76653570,77572489,81895781,76525985,74921987,77919371,69938868,74570271,73182154,74095402,77287524,82490496,76732688,79869570,80748564,76181431,76428257,76021161,76309399,86582138,79855205,74244052,72958340,80412765,78450182,79054363,74058611,76572362,78895829,76395661,78460130,75616101,72699609,80183837,75005967,79173282,73249133,77111802,76048700,80378206,74453450,70988779,78926338,77456978,74866045,78868268,75388769,72708207,76401894,78935196,75954110,76715692,75565091,75258448,78436745,72492772,75464052,77901960,75485470,75820466,81602034,72682038,79329390,75816100,76987543,80122960,72708584,77510005,78159122,79199615,78927562,67385508,70676729,80360686,69953645,72653862,78134683,76373832,77936260,81183065,81041555,74588522,75267599,84208439,79290338,77457521,79912703,74918302,78134796,74775628,80929588,79020895,80108155,79633523,78034493,76471635,72074918,78039517,77368864,77101938,77956687,74290122,78128763,78511746,75853416,78502750,78708408,73557483,76621262,78693000,73607874,79773094,79126998,77207972,72992227,77130810,75023833,70749878,74375427,78868512,74167016,72688922,76293872,71919490,75099801,79224510,72045728,75506878,75375256,76847581,82502762,78492392,83920423,77342301,73734616,75162725,77506893,76526253,75788958,77663418,75232394,76198184,72234686,81744547,80015068,76992662,73402010,78519124,78085330,72971104,75034453,74401769,76706442,79353463,79364875,75431843,74957619,76789246,81111212,81537925,77606608,76487485,73162356,74084385,74542672,73484744,75975465,77497460,71328607,74823311,74173051,77179793,74828598,78550821,77061363,70940681,74594322,79280559,75509624,79400977,73587976,81515795,76937512,75946407,78593857,74229798,77529261,77548383,78406551,77857115,78755729,74979708,78201901,77771364,72988984,81078020,77489672,77384033,74378675,78761505,74710586,76650365,74468689,76443044,78877221,75290263,80376700,76475070,81584757,71626079,75463427,78947114,79561728,80138365,84880043,80043487,70492798,72724118,70604745,73184054,73197156,74950544,83225044,79024107,82350333,78306033,75661670,76555018,81337988,79248776,76718092,77534160,74887754,79761763,77844642,76756970,77385771,75547572,75898702,75284147,75991937,75595261,77487555,75502591,71792830,80143011,80536182,75464051,75066165,76354967,74833739,77522030,72336009,73482583,77558800,81168655,76705056,72730108,76814642,77662839,79906055,79212556,74290709,75097052,75102594,77919436,79013814,73355069,77399849,74126328,76987158,75034148,73912395,78442579,79521903,78177750,78440869,76347610,81203958,78636121,74493058,78156483,69420279,77780459,74169636,77033896,77263474,80704135,78425237,76346059,78923865,79256800,72985196
74561049,73427025,75002833,78946090,77309392,78024869,70795502,76324468,75240978,79968571,73233671,71822849,76657184,73634770,71831272,70533669,72375079,75327771,81454306,76146714,80969809,77101293,73462173,74098366,76446679,78978408,88712043,75200128,73645856,72550116,77323811,77565558,77772973,73214826,75344120,75758665,72668049,76446441,75465782,69983190,78994823,73131310,77979631,72620996,75348163,73151937,78391931,75975321,72125953,77620212,75095030,71086591,78623197,73438645,75748898,77252494,77538948,75354487,77629108,76018685,75608657,78954684,76002047,70794029,77392185,77112935,73748566,79588316,70828765,77325171,74787417,75308380,76900815,73274599,73977810,73823208,78765212,78656226,70772139,71265625,79901363,72348421,76789754,76695036,75715789,77219491,80056523,81259928,74169423,75206575,84183950,77942888,76189195,81257992,73440671,77134833,74686406,79488159,74501900,81109275,80280278,79611151,79495377,74237160,75869735,76949039,75594813,77367854,72512987,78619017,75412339,78909523,77253173,78952049,74545368,71806806,77436747,69317707,78611482,79879493,75132862,75939587,73122875,75995053,69287156,78117531,75627264,76146201,72764595,71166915,69658073,73157624,76513957,75331195,73478283,74872433,79856121,79223899,80575394,83245738,79376451,74273207,70442390,73245358,76291711,75524564,74494637,71647521,72658775,72887958,79976620,78006380,74180118,73329524,75583751,79790963,71991949,73012421,72660420,74221313,77752940,81430619,79771372,74176324,76303420,79112886,81012823,78708629,74646517,74807017,75725756,76066221,72926207,76949546,78077640,73102590,76090776,74386990,74999097,72397444,78315404,78299444,69434655,72667076,78826984,76804407,76503946,72910208,76864948,75662432,76232693,76215336,73403296,75637737,80670411,76387405,74292330,74706037,76688871,75312704,73633620,71800690,78662209,79023176,76467195,77277422,74938560,75196268,73158817,73657349,75033535,72669097,73819514,76050419,77488138,82625697,73255773,72229241,76573426,77170504,76069618,83915082,78808950,72085074,75956788,72404543,72545446,75882891,73713452,85463876,81766493,78015715,74778312,72972814,74426869,77069463,80957870,77405954,78522937,72455597,77281629,77786300,74043012,76582261,76237534,74395243,75204164,76297040,72042302,75950738,73503851,75175120,79402738,77467933,75390713,73544330,73370930,75780292,75202713,73837282,69686587,74495878,78191393,72710745,73081304,76107642,77018505,77425260,78106967,71915438,74228342,75007899,75891493,79733834,72958748,75444736,71960617,77420889,75367325,75186869,78142396,79004013,74673262,80141186,76366453,81824727,75422425,75814510,74792300,70348108,77180556,73471528,77441708,76694886,76765493,78084150,78914242,81480166,81658114,74799978
72605969,73381853,71401570,71300345,75426504,75195435,73773085,72397726,75660363,78441110,70525681,71779205,75721334,69887215,71204361,71605852,71793541,75792795,77640711,72394610,76403031,76562033,71641974,73782500,72130036,74907847,80427814,73624574,72489745,73096405,76749397,72939189,74155762,71076430,71790489,73994204,72551228,73296709,73171794,69288891,74905309,68439683,74599208,71131212,71157882,73013709,74100635,68244722,71653364,77457217,73291641,72595804,74701898,71377994,72703129,75725073,74058413,70875950,75435393,72965354,75277424,77345413,71644465,67841329,73883884,76395155,71152483,77423910,68012103,75675480,73621410,75553952,74904196,69473218,74227620,70901951,74153815,76046612,67377320,66902290,74910178,68708935,72935205,72006114,74233506,74918681,75923090,75964934,73886457,73104328,78497089,72865797,72796954,78613811,69285170,75999928,73355638,77049278,75451749,76687546,76016949,78810140,75838134,71105739,75456316,74712583,73822996,76122907,66111282,76758498,76835661,71442077,76997109,76633398,70394474,71736388,75961010,66451724,77494433,74545920,73685821,71963868,70573144,71416550,70786449,73664981,74207183,76218219,69245641,72421022,68233867,71180817,76413038,73262404,69440046,73515237,76231847,77204384,74986778,80462109,73320296,69595054,69538383,72571366,74081151,71157998,73641333,70365203,71482583,72432757,76911978,78641661,74720848,72149230,72967775,74879162,71165392,73592684,68828488,70161612,77600818,77347663,74022537,73799112,74927530,76389672,77407275,75498383,72948983,73070679,73758989,72611034,66332478,74291433,78260915,68464988,71655425,71208375,72613715,68213241,74918710,74071025,68468325,71108549,71345567,73164830,74581552,69096619,76160149,75482566,73017120,72846602,70174302,73920297,76227309,75423446,75147855,77366750,73992643,73545167,71206469,68622349,75261844,73832161,73435480,73606320,72835727,70812723,74953439,72398165,72832716,73271484,73513051,76636178,75106797,76196926,69833801,71434178,76879118,75114882,75642365,80971187,77261545,68667247,73854624,69985882,72410114,70578589,72414158,81200834,77343460,75532803,72069295,70216494,75605848,76620011,77711581,76595130,75350831,70733835,75131906,75507430,75218572,74436520,68116456,71664866,72669575,74194118,72673068,73766582,69442755,69321526,75898650,75479173,71188040,71899647,75965745,73445241,73740725,72629825,67908466,74687860,75575638,73154429,70721943,72800210,72662165,76114197,76333056,70352261,69895632,74222822,74786644,74580118,68103550,71153075,68893217,72740053,74800855,69723528,75781716,73300923,71646983,76041097,75406186,75995627,72814533,70512018,71481744,68424422,72941635,70922564,76414596,70795922,77880562,74050851,72083896,75465539,77983363,69053787
73870414,76005495,77579513,74813957,78655153,77112287,73394443,77318418,80966977,81665619,75773334,75989389,78930437,72378025,71208631,71035367,72102989,77380389,81904838,78184341,79917124,77570891,74046556,74121159,74978153,79718339,84350848,77126423,74503425,73121035,78682998,75378987,76826596,75461277,79866307,77549679,76578740,76581604,74653145,72218048,80081359,72302314,79677100,75930178,74231654,75609406,79107581,74364512,71613965,75037691,77894788,77671915,76931234,72193335,74088880,75803970,78388638,74555940,77868457,76071723,77887778,82128964,77243586,72544822,77675035,78935363,75366057,83107515,70723927,76978823,74618320,76963225,80776615,71903348,75467030,76269358,77493031,80159932,70763433,69913521,80581317,74459271,75226197,77319353,79523654,76445593,83081357,81837146,74985661,75502293,84725023,79944875,76246318,79641788,73055046,78292153,73903357,82933715,78822611,81182463,79912380,78477197,79661223,74823859,76017614,78774009,77964518,76610649,72863280,79755286,75884174,75958528,78745607,78733134,74739693,76524327,80803627,71327322,78163607,78531681,78450729,73768072,75212912,78460131,72514551,76284743,79027725,77625988,72911844,75773959,73510271,74805297,79340802,76550330,74107624,73100111,77333914,82140348,81190113,81027426,77235768,74125503,75980813,77176858,79453455,76082786,74082129,76096256,76019617,74069482,78324625,79520517,76962271,75797401,78475667,80341744,73192560,74538253,73554074,74262409,78787830,81161520,80332851,76547911,78049030,80154194,78405040,77864515,76054349,71968219,76705779,76138300,73366627,77858149,78893709,74296511,75490402,76600358,78815751,73699922,77978516,79634254,71117092,72863603,75724888,74565081,81419056,71553096,82590295,78090996,77127884,78469415,78488088,76116359,79059686,77946177,76963151,76072868,78672256,77081071,75459860,72294205,79581643,77340601,76426361,77799141,81256101,75185175,77631590,74797032,75145404,76944885,75311578,78029525,75048778,80058905,70131915,78216327,80063773,79172102,80015436,85904611,80106361,75302572,78511917,72789260,73993929,72890769,73627166,82048523,80565299,81125179,72877343,73652164,76381653,78480495,81943958,77466075,76357198,75007113,77628451,76590639,78801563,74860860,72647043,76284815,76760115,76200763,75719805,77778257,71005158,72802125,79395414,78858160,74643035,74121320,76405806,75496648,77433079,73320099,73537970,76533279,81490866,76714548,75006183,78161732,76895188,80441201,80126588,72459580,72486740,76504413,76428359,80818802,71573273,77494558,73220572,75458234,75169165,72510516,79103902,77691709,74080511,79631844,77660926,79780682,80667765,72661982,75319091,72554797,77280489,74131042,80320723,77684091,79969527,75671476,80183594,80230601,83654510,73976035
75372839,76217166,71653516,72698761,78138254,74215685,73614735,72206962,76584686,79702286,73013687,74337960,75525852,71124835,71535238,71772113,71267976,76666765,77119743,71918015,79391549,77491241,75571587,72833412,75192856,75516502,83006721,76264824,73157901,73388804,75954480,74456219,73724389,75393752,72369082,75508775,72075843,76729791,74788941,73424701,75260398,71335960,72797364,73774481,73842440,73779428,74656035,74856139,70918444,76771853,76292492,70672917,74597490,74313928,73799825,75827127,75867592,73045300,75484065,74171258,76346233,77504111,71418638,72022217,75698319,72729652,73610318,80434982,68532407,76937871,72073286,74279433,75097045,69740713,74440140,70798138,76768934,78866646,68845080,70096289,76484584,71911065,69310065,75274767,77518619,75463692,78301865,79882661,76399532,74599258,83277471,77594184,73427430,78839566,72221030,75363983,76385542,81420098,72533330,79990479,81114870,81542067,77314299,73746521,74658123,74135682,75712893,72725747,71993394,79501840,75670843,73050982,75731129,74889330,72029360,70702122,78960370,68776850,77946868,75325345,77544084,72013126,73367146,75185098,72090038,73343491,74136413,73394415,71534718,75388672,71741525,70994670,76592755,73261159,70615732,74042665,78883411,78982851,76182839,78553676,77948869,71160526,71101060,73203292,77114221,74644703,74881799,69566843,68465226,73654954,77557898,77813085,76018952,71333122,75528400,75662883,71897991,70954897,72341064,72772879,78681814,73397097,75840206,74182029,76943312,76720441,79529571,73785965,72366430,72680076,74577132,72270449,71131738,75006589,75628312,72614713,73358766,74867368,75687293,72428719,75826556,77324592,70278919,72064596,73913120,73613629,75343472,67873710,78198255,74496063,72997769,78585914,72830674,75771644,75551827,75298375,71260187,76879614,76357525,74320497,72293450,72379312,76947949,76273408,75995358,75853120,75247277,73514818,73161081,74938170,73122506,73403422,73361758,75451175,74263121,78944625,69120719,76662646,74987462,73905930,78559123,82061681,77609185,74295320,73399292,69221637,74802825,73775588,70770608,83211741,76520291,74771427,74565797,73695169,72926264,77174249,79388956,76270700,78543043,72053408,73006801,75076981,75228048,76518638,72275311,73451532,71149348,74478177,71857655,74655558,69549189,71287910,79203389,75670549,74981639,73964257,73112926,72786736,72762150,72633760,71006431,75608790,80161478,74031018,72120029,76387230,75085035,78401611,77155981,70625080,70271822,74854114,76952799,77580689,74326437,75356828,71337515,74283625,75832474,70517173,76926977,77612782,74470206,79845192,73235238,76374841,75065397,69642207,75253671,69019281,73699258,70486481,76027210,73870467,75512372,77861050,75236545,76151903,80881494,71559841
76530611,74474252,73681424,77634255,75901286,79956773,75878425,75516599,77359832,75585262,73736393,74873985,72847502,72184191,70668852,70678915,72287030,77095658,79770024,75892205,78686187,78422001,74216386,75252765,74125884,77921058,87627098,76320624,76545441,70796036,76472981,76908599,77380240,73246540,76597931,74360304,76641660,73312698,74594600,71520397,75628225,71478217,77717611,75629995,75865520,76665751,79067828,77355429,71235133,77130317,75782921,75716735,76534231,74558173,72709923,75343549,76787588,73559107,77954115,75730711,75148258,79199620,75290157,72626561,77672633,76812652,75031151,80005683,69840663,77558971,74418118,79467007,79145174,70252172,74009657,72911948,80452708,76131077,68848585,70841113,81267578,72156315,77852263,75760450,78018856,77022384,80600083,80587165,74051432,75301899,82567819,76095988,78067726,80270796,71667736,76573214,74310603,82034285,75815963,79531059,79825537,79231220,78434192,73971430,78374818,78648595,77080099,75021401,72750023,79223932,77973757,77351661,79798781,77568054,74080779,74353567,77924172,73047810,79987156,78816173,77994986,72001089,74995704,75019404,71872432,76578594,75492483,76691874,71843315,74650237,71981057,70591524,76675513,73236548,74378005,73822381,73535868,79876854,77677345,80997897,75648736,74510288,71923948,75331619,75907642,77251001,74487586,73879598,75793233,76204183,80360273,76794484,78068904,72934491,79165500,77021935,74678590,73154601,71944285,72645552,77400094,78368674,76861420,76882039,79788396,79403304,76180455,77929366,78976511,74278151,73293966,70752761,72235443,77734357,78173959,69888434,76134651,71962282,75076299,74889976,76410928,78076021,69528536,71176705,75289673,75303032,74152456,70826708,79784106,77267099,76253889,77436260,77253524,76836800,77788264,77108406,77503211,76585950,76947199,76767347,75959008,71071794,75277144,76561638,76657033,78437616,74913882,74603889,76946154,76534318,76885065,76621628,75861603,78392342,76923094,79615908,70055785,74184873,79535803,75927926,78051732,82689489,77790007,73309096,74634104,73517951,72369931,76985982,72832225,83185593,77429522,76442585,75605474,74244982,76674857,77524879,80436801,76055059,79922921,73640381,72752087,80402407,76020579,76235905,72354046,76126378,74855144,75143179,71311040,77007939,71041948,73360242,78744369,76848207,74893462,72225265,76418270,73765913,76346953,72835649,71512876,74647543,78133967,72483162,74009135,75921248,77491846,80631691,76209381,72972106,76542287,74477024,76062753,79754459,73070150,73816793,74175023,75223899,77675714,72896047,78258773,80078357,75512179,80209825,76323564,80132015,78410660,74249965,77823602,67811974,75744245,71420957,78893878,75855174,79819527,76961436,77832592,78081988,84518552,74438866
75742707,76097009,73184837,76264178,80789655,78506799,74690780,76040160,79510317,81141797,74685565,75123688,78535575,73427898,73335971,71200272,73224353,75612409,79719911,75265395,79843109,78816707,74945073,77996980,77548689,78692942,87474749,78243644,75039080,74415804,77919443,77958308,76219943,76201756,75338779,76283052,75661975,75791687,75353445,71791669,75704498,72124155,75819262,71280838,74243762,77604720,79660174,73809734,74368372,80090060,76099218,74133881,77253578,76369773,75400741,76347971,77534193,75080365,76453513,75768599,77941380,80745785,76956201,76135260,79525993,78630148,73207560,78806796,72005083,78967769,73557927,79688865,78410439,73083150,75736526,75712929,78488391,80980852,71299878,70871694,78741916,72214093,75978938,79433399,75633832,76707282,79057758,81675170,77207247,79647568,83760871,76866214,77466111,78901863,74013917,78000271,72819608,80990228,76251983,79560594,80805002,79117488,78005008,75471479,75245026,74691381,79331568,77986883,76630186,81683457,80750952,74730867,80055915,79175693,73533041,77710840,79937192,70697665,79636118,77651486,79339178,74869287,74995021,76277051,70700292,76946517,73848489,78199339,72105672,73780796,73234360,72475678,75887785,76309590,72291045,78315048,75289734,81169860,78781248,83080544,78462640,75342122,74204972,78691932,78949921,76413759,75208347,74867241,72433681,73131376,79749076,78528561,76407528,76439176,77502424,76065851,74734644,71904049,72204463,75794679,79981121,77043592,78691349,74742653,80360800,81356976,77651251,77848509,76509050,77054880,77131698,76204123,72900878,79056906,79149512,73277180,75046705,73928998,76408335,72951282,78759184,74436589,68163900,74081010,78404027,77579817,74998080,73058740,81121073,77194989,78029786,79099031,72917490,76997927,79178980,77925662,75380392,75980688,76747186,75822231,75835879,73115216,79480504,76233244,74943873,78062989,77456423,73260330,76364104,76573415,75412249,77569912,76952773,77092470,78401230,81330336,72338263,74955902,77762292,75813715,79425543,85140134,81961249,72190757,75600237,73302624,75401401,73143504,70462814,86166564,82621358,79845672,76469538,72590794,75024599,79187676,80508515,79333570,81159565,72020593,76463239,78980218,78870836,76824684,74501880,75975252,74563822,78203220,74113947,78306323,73223338,75258937,81722290,77474818,74258008,76555727,74368456,77656185,77615756,75502141,74254118,74862986,79772432,74329171,73151568,82792954,77078001,78780786,79558806,76114743,76106318,76755268,79316845,78735152,72165219,77965544,70440266,75849898,77021040,74975865,77667932,78628636,77247628,79646054,75935878,82091089,76679589,74601127,73670891,70821596,77243281,75853395,77308800,79416828,80697698,81073368,80250070,81443619,82898136,74970103
75135409,77060915,76280745,74408597,80777509,81267129,73881136,75635884,76898913,79621026,75537682,76625764,76481204,73007445,74836393,72328620,72662334,77281096,79590785,76459262,80952228,78651153,73411645,76935179,77036253,78828289,85136123,76488513,74149338,72715182,76763100,77560419,76563693,73483045,76521197,75199378,74238923,78335269,75819247,75879790,74846665,71600393,76693279,71933009,77552620,73888123,77249744,77322231,72818698,78761578,76017925,72508802,78304380,74009169,71958922,80992368,77685453,74133157,80072840,75412608,78594013,81605818,72887475,73370125,80205239,78353487,73433211,79962861,69327857,76753196,75391665,80144815,77008618,69859590,76979556,72944280,80547822,82699896,70152687,73426078,81179208,73487266,75050975,75110428,74866553,79716958,80394070,83002246,77479083,74647371,85440295,75989266,76199641,82917942,73857240,76143663,75665388,82361807,72999255,83006937,83064092,79772203,76319860,74919991,75492211,74357443,77224375,76930793,77426604,79150428,79528069,78948143,78097131,75034834,71322374,74414177,82259555,73612648,79358998,79054781,77835088,71482360,75412058,76826836,72505524,74869065,79188785,74023192,70278751,73089381,72416864,72121341,78680408,74958587,73101446,76661018,79260151,80156334,79103805,83027022,76438744,74901083,70339298,75150768,76073993,76207434,78834516,75995798,72099193,73609219,81032341,77428265,77849271,75128633,75831704,77052334,75970270,74456724,74935741,74474638,80897515,80090456,77702679,78239919,77645205,80288197,79619272,75318224,78432769,73159156,75062576,73919730,75619017,76358324,78872038,71066584,76247977,74338618,78731444,75219320,78572015,79070330,73412596,70912941,75689715,76418336,79516427,71221722,79110864,74870223,79161496,77851831,76761932,78988395,78872772,74367585,78042752,77419269,76982051,73779060,73088739,72951196,77940485,75564027,78291273,76030069,79248228,73764813,74081327,78945959,74157927,78082356,78543271,76857832,74748493,78173974,73148187,76751415,77751902,75713934,77822589,83713255,80713911,74251272,76609997,71302070,76547658,73563290,72480161,85857866,79404160,77803656,74529545,75299103,77031953,80538749,81382321,75987999,78292201,73749438,75126145,75361896,80009757,78844301,73344018,75960602,71166232,76416144,75227928,77422129,73079937,73816162,78669583,75203195,73191244,72319523,75344413,74301923,75881595,75214505,72070416,76265826,80478189,74426779,73269310,79692120,77313392,80049411,75802251,74841505,74536503,78784399,78833712,79686272,72601067,79082309,72628533,76067593,75751103,72560899,76866976,79451106,78033704,80279083,76428656,79713441,79963924,71139700,77978194,70752205,73612593,75020685,80610913,77259219,79272795,81249882,80224846,77501506,84519033,73329961
71932780,69388746,70563163,68728564,73819494,71497102,67479934,69933344,68000145,71265753,69921336,69105041,70543223,65511583,63043158,66441184,67506018,71297148,73719568,70181702,73617086,72785795,69354123,70535416,70198139,71973989,80593200,71325047,70875152,68856943,72542407,71344174,73587950,67735353,69279064,72208260,68450744,68892162,67116168,67523286,71687719,67378552,71543921,68637504,69467938,67588036,70651985,66124769,68414682,72174051,70217365,68850090,70805138,68788298,67938059,76382888,71256062,68857558,70465569,70238433,69345252,73706087,70115861,70071086,73725259,70077302,70375673,73702360,62593705,69859720,69472938,70969846,70211275,66259225,70002958,69236922,73947125,74988383,62864598,65558053,73553851,65403528,70021660,71279326,71099730,69866713,73887273,76589826,71598535,70332063,75586822,71163065,70591305,75837501,66568261,71212265,66396037,74678255,71091330,75350628,76634019,73725702,70738544,69092391,69056112,73302686,70005929,71767746,68258906,71957357,72732367,69449197,72204794,74468445,67731356,69404099,70135189,62163302,71961165,73225024,70174349,67163796,68926325,70217619,68541502,70721611,70259212,69049410,67892301,68428250,68407697,67361097,72289207,67241735,66430319,68865246,70986589,74910609,74980545,75522768,70628993,69328258,66258332,67627665,72672052,70091216,71316112,66681900,69489875,66999645,71956662,72842324,68783059,69416798,68433963,71393132,69724959,69010479,66620597,67976675,73292038,71541128,72539326,72416122,71528909,73770702,72350404,70152506,73796499,69394930,70189962,69709587,69874629,70207743,72920604,66338865,70668718,70258076,71260949,65555566,69937371,70018987,64889471,67145580,73829182,69469622,71034869,67128950,73236232,68004786,71412679,71234553,69482918,71047366,71196623,70346162,71341430,72927539,72005678,70098265,70858950,67359789,71847455,71005539,70221438,72809058,71500223,69757541,70624979,68195269,70406238,73532199,71593609,71958310,70701428,74372260,67083404,70997591,71458091,71838148,73152701,76835790,74846097,66674020,69566570,66013851,70144337,68991640,67132226,77079205,74565837,75366360,69747940,66091340,68033565,72849460,74909837,74561080,71704958,66311819,69029765,73673779,69905096,73196692,67676987,71177782,67553078,67306789,68198473,69397492,69227483,69749239,73909135,72595513,67642310,67315600,69205445,70118314,72404199,67425225,65580750,69108299,74635883,69287453,67270765,72033473,68526675,72782334,72515923,69339389,67097596,69687062,72997926,72525021,66666639,68566646,69812885,72056058,69354212,67488211,73700335,71302657,69941333,74589856,70443939,78111020,71393671,68646798,70537257,64258499,71378587,66982851,74707805,70122543,71968998,72771065,70100111,75305142,75096374,67553588
72725908,73797501,73019916,71625385,75529039,77388360,70061130,75893592,73685892,77014427,72938108,74580730,77149323,70087562,72167590,70705649,70930227,75461037,77559214,70561571,77664510,74540572,73429205,75850094,74791081,76737447,83223246,74632863,71071843,72461598,76034465,76518807,73414237,72614713,72565940,75711321,72780935,75139750,74181420,71646190,74159465,69258193,76316221,70786046,74127937,72232081,78248161,72280405,70586719,76429227,73163932,70594663,74672564,70966740,73942086,74186845,76651174,71622706,74870930,74878436,73718414,77263477,70646015,72056771,75711385,74870540,72599436,78570435,69223635,74794198,72136220,77146812,75104228,68552920,73597427,73750668,78312409,77120324,69099139,68257956,77395643,68286930,74000978,72754633,75601610,75390695,81010105,79137102,72027337,71523612,83309122,73041101,73900801,80787046,71083359,77682845,70901609,77048418,72380094,78363567,80598538,78183801,75633360,70977482,73227816,75798286,75818428,75592569,70354007,75634468,76527575,74718473,75597648,77685712,71359404,71977551,74668351,69085342,77092012,76371338,76004530,74177165,72683739,75852535,68509837,74981326,72236382,77088373,72708575,72461276,69500595,68339299,75911518,73324956,69576564,74253846,74633837,77615491,78302965,79545522,76943835,75259124,71577136,72868263,76235873,74310999,73975530,75883366,72883549,72697560,78113961,77055057,74535094,72730057,74379581,74020047,69209309,73296714,72024505,72318816,74545926,78230713,75537927,75844274,76481842,75162923,78888316,75040171,76152502,71876870,73876867,72086206,72153150,75774300,78687333,70389065,74258885,74298076,68957376,74454854,75695837,75967828,67360086,68731650,73373211,72943328,73159183,70140406,81575780,72878883,75916803,72723413,74805047,75296415,77689875,74964528,76219298,77585373,75288844,77709650,73723058,68932706,75364449,70701668,75673198,75631941,75161821,75037599,74837819,74827884,75876551,75588177,75564601,76306226,75241144,77497232,71855444,76281166,76232130,74022342,76893841,81143244,78520006,67666341,73564511,68156894,71832480,75747537,69256968,83061779,76541843,76794188,73668977,72955232,73472099,76488922,78939209,75723761,78582209,69299141,72780668,76493514,76577129,74309159,70775443,72647698,77160471,74884659,71843438,76506896,71753951,69461407,78894065,76060833,69393420,71789334,73873475,75116507,77246990,76435855,71423224,74627147,78989202,73999188,71336351,78079925,74541431,79079302,76744426,73523923,73016372,74868736,76599829,78061955,69648376,77202937,71286856,76371858,76167042,72954765,78463410,75860544,76400961,79557382,73396930,77997881,77486484,69021003,74560198,65619507,75127153,70221649,78731070,76486035,77651711,77291120,74019519,77509493,82276458,74263236
69276690,69790447,72321960,70230535,72686787,73183391,69553826,69007156,73078915,74569080,67480340,67295568,71483541,68885519,66449075,65366776,68065053,69397860,75154033,67989878,73036849,72637371,68725003,68125169,70506491,70692321,79598993,72593285,69888952,68230538,70851258,69639268,71140346,69690290,72350399,70318908,68536619,72797121,70288210,68719720,70460178,66542438,71221995,70180329,70098753,68308940,73984665,68960109,68879888,71158945,71365608,70131899,74344981,70337456,67340107,72943856,71078905,68219385,71898867,69888415,68833032,73380292,68940700,67894983,72962803,72010942,69435884,74885214,67393815,72296981,69320299,70067829,70938798,64485997,69493772,69299057,73634943,71923616,63616244,62635072,71843480,65068466,69699349,73567887,71036236,72835812,75465205,74209190,71103092,71768439,77333866,71112739,70040196,75849750,68060160,71596731,70512506,75526232,69780378,74247644,76527243,74017795,71949167,69711453,71717782,70311149,69604633,72962837,67364652,72599392,71885896,73227624,70958472,71967676,67963628,69032820,71985850,64992843,74627498,69662763,72848334,69370995,66093964,70023802,65007492,71043603,69010227,70722034,65702563,69735057,65877760,66496795,73917744,68172353,67670202,68306402,71377984,74867001,75680321,76174962,71665272,69718915,67067645,71251952,72137798,68586673,72699762,69787981,66427962,71862014,73535920,73137985,69731377,69110333,67449755,70296861,68785385,68956870,70306321,70945070,72779308,74229647,72379066,69696438,71885088,73315786,74526114,70815110,67971898,69272438,72298432,68572493,67654499,72952434,73815905,65647163,69506445,69526075,70987063,67867897,72189660,74727771,65024377,66083806,72649910,69406030,69260110,67905710,72190589,71117517,70112093,71903885,70049250,75080896,73345861,69340563,72357475,72602011,73335798,68561857,70315557,66974799,73060494,72364805,72231605,73066839,71557705,69597859,69928460,69053753,71162963,71706826,69655849,71205125,72691913,74380241,67338828,71598911,72415004,72146513,72494955,78769227,75027641,66718438,70744298,67496216,70155560,69911631,68125075,80148260,76019482,70932701,71062341,68804291,71038302,75589173,75296167,72589928,73788993,69922594,71920605,70401236,71821163,71969707,66529564,70958257,70954066,71330182,69138425,71762522,70701202,69840222,76296079,74327564,70091441,65543915,71236748,69139583,69703278,67706981,68671085,71123157,73467358,70456634,67233913,72288701,72302744,73517673,70312256,68956080,67045174,72256302,72592922,72482144,64623389,72197545,68027514,71214804,70325083,67189429,72631302,72487063,68995839,73389703,70772323,73887116,72512080,69475654,71037703,64496176,70679242,68513695,73455486,70232392,71769655,71488466,73116178,73611787,77093026,66898172
74959474,76116552,72563529,75179077,78031269,76346877,71922264,73369902,77225384,80549425,72263972,74765669,77054798,72946101,73172699,74720825,74109417,78299504,80417157,75978721,77024839,76080493,74489580,74271526,74363748,77777860,85048812,80210641,75666323,71866917,75093493,80107975,77019353,74365482,76032498,78784154,77010905,73413674,71313681,70097106,77245927,71809961,77116822,74918533,71789938,73611389,78831901,75097903,71220481,76322851,75161166,74689739,74719173,72427229,74169317,75527426,78289606,75183648,76177437,73030226,78038090,82941841,71703236,70793527,79181316,75894878,73233336,78644058,71118810,77972332,72923285,76011497,76368976,70366237,77507209,74387461,74073585,78931351,67115634,70427687,79692969,74101607,71954667,75492657,75021144,77799999,79428667,81259817,76541386,74185234,78717382,76574311,76007991,79778871,70666132,76872100,74927875,82502659,73628369,79235678,79794528,82697641,75448417,71259424,74823924,74554619,76865150,76213080,71117263,81047694,76375395,74401842,78063265,79306100,72909008,75473385,78600722,70306365,78477465,77141315,77071436,71165418,73223330,77975671,72305819,76699586,76524409,78002537,71251180,74155330,70836730,70990876,76556799,74188592,71220425,73331140,76985564,79855951,76639177,80390456,77656832,73326499,74174478,76524883,80427642,74852942,74040714,73008058,74082192,72671153,79044102,77576959,76766394,74399595,79540841,77808895,73808348,75890291,76142271,71316701,78645734,76701530,77241483,76889302,76260079,81736916,80733044,77282742,75295497,75360084,71102382,75208198,70541359,78117601,78235212,70829221,75378437,76286270,76494320,71244257,77298229,79304394,69151369,73617080,72251191,76501969,76383919,71662652,78623871,74922954,75077151,77904206,71200486,76706615,76986682,76833031,74957402,78269381,78264997,75316921,74761957,72699610,76755071,79174996,75169078,75021428,76046866,74359308,76213620,76126658,73146349,76030817,77093612,77507819,75787161,78310422,70338181,73721952,78799950,77979619,77291852,87058953,78694835,73586459,75188185,72684007,75903384,73654557,71686607,84430213,79772332,77418422,75160603,74144500,77788607,73906568,79218990,75448548,74531383,70150068,77832816,76473897,77468049,75232998,71440810,73327429,75136958,75093472,73450249,77043179,75653967,73160670,80439776,77018208,74810509,74366117,74615125,75432300,78736729,73223953,70603145,77320861,77509152,76080924,71888010,79246801,82541433,78974405,76467129,74223258,72021991,74954708,76037479,79928099,70546615,75536191,73809413,74346716,76557537,73505392,78982483,78415891,78417747,80629830,75627351,78373290,75893285,72275496,74322477,68928231,74439815,70780171,77704095,75939433,78311184,79842563,76355374,80190926,81894065,74369064
74434203,74622284,72804026,75402318,77978937,74364978,74131581,73486307,75671054,78614676,74215128,74749882,75039205,69455854,70724170,68754912,72037482,72092471,79203349,73221656,75495403,77376788,72357909,74409440,77513172,75943651,83649745,75660204,71536803,71091936,74852659,71628385,78372822,70863855,72917007,74258673,69403111,70721339,73291802,69706723,76997527,66337837,75920466,70073154,73802331,73535658,74779265,73062401,70463738,75068349,71514718,70754569,78830863,72726447,69543789,75762527,77909690,73472621,75243252,74499450,77919216,75760375,70572405,72217577,77415873,74692389,70230798,77857781,67068509,74325626,72652220,73378172,76720635,70829280,74457438,74048759,74983226,75667354,66714850,67464366,78263130,70167862,73392165,73629634,74245658,75130114,77820277,78928856,73377821,72120636,80615684,76016909,73780319,79703899,72504165,76985077,72288835,77574765,76204393,77884315,79601524,78271457,74630158,72148840,72925369,71664509,76949827,74106126,72848798,75601000,75111170,75082561,76256481,75306049,73920278,71579137,76729264,70672628,77491417,73045357,75215019,72598287,71368436,73142945,69241462,73446350,72360117,72697379,70078374,70813566,70342935,67956125,75872388,73604539,70860474,73241998,74137535,79426702,77079086,80454665,75430052,71471344,70965647,69888756,75362560,74559945,74858964,71557983,68009525,71558721,76089141,77965764,71264125,71881042,76250626,73141221,72677344,71611784,71538983,71743275,75722519,75799812,75786986,74079865,77454534,73866806,79027992,73963824,75159935,71890009,75012800,70634717,67668606,72414557,78950290,70100010,72143987,70547399,74869959,73607077,74562277,78466903,70183255,69632414,71771344,75629552,75674277,68292132,78833274,72592333,74550945,73035999,71900332,76043089,74674494,73315137,75049880,79053334,76041268,74370470,69647948,70804991,77950539,76391262,74419755,71830297,72319841,72803174,74707856,76420164,72858508,75331185,73271661,74693214,74669642,79693037,69575722,71113003,74910739,72888616,77140128,83302804,79599547,70373846,72076071,68211827,70274302,73383661,72445744,82176392,76268110,77909064,72740473,73825752,74869979,76265580,79484361,76524516,74944717,72462935,75138789,75908006,76674999,72362754,72624696,73532511,74289924,71979938,72359085,72407939,70030004,72439542,75899678,77692449,71704707,68739767,74773283,75339020,74668074,70022276,73027531,74316555,76780208,73901680,69554817,74748475,74192936,78495642,73967245,72566711,69642982,71314074,76779892,75039410,66551189,74708261,70942779,72747760,72337645,74051816,76483017,75581036,73473317,75227279,75068452,77489713,78160378,71533808,75939524,64946554,72689295,71326390,77964222,74349972,77393008,75940212,73583371,76344967,77853661,69910456
70629979,72079730,72588861,70865659,73222297,72364956,69550574,73436743,71422370,74754858,69776858,70411543,74974389,68056965,66794265,65251127,69857660,71045838,76112518,71666981,71900961,69632878,68609341,69604775,73849072,71968765,78105117,71428088,68752782,68955757,74806459,70309316,72798682,69503631,72229317,71595247,67108911,69378376,71532744,67269528,74367825,68725163,74042459,66951296,68176456,68653170,72283146,69527163,69043835,71593761,70288224,69105377,71712289,68868604,69530590,71229509,72582683,69891039,72044755,69413584,74679804,73747144,70280801,70042069,72658754,74228062,68126802,75315534,67694772,71916897,68660059,72603903,71733472,66201219,71733647,70332702,71625946,75254640,64618327,64675919,72456173,66133432,70867617,71571626,73428445,70247800,75577311,75220961,70495390,73264091,78620893,70639722,70732839,75108731,68737681,71308061,70058208,74647561,71949401,77192793,77302969,76188313,74504660,68927485,70902151,71833810,72263882,72197415,71390459,76731229,74399275,71258577,70580453,71517526,70208488,67851231,70853200,65694854,74450792,73345542,69795167,67575865,65981801,71360615,67083815,72033319,70890749,71166143,70178204,70686422,65194259,68999168,70876435,69516710,69561301,71246327,70356484,75783379,76043060,75942719,72911439,68252204,68102927,71078278,68640736,69338306,68383574,66802604,65817132,70147137,71145316,75670680,70763701,68516384,70909178,73723170,66832455,68644416,69381807,70684405,72581235,73969057,72441280,70030765,71336740,74105402,74302967,71284122,73106123,68918159,71149730,67912344,68848738,72494681,74038961,66105300,71355496,71261315,70576495,68057757,74634487,74023737,69642794,67504938,71595553,71815728,73460272,68347390,73602164,68733585,71396942,75100620,68871753,72827916,71986217,71921832,71157513,71227341,72053395,72421663,69023647,65420657,75582124,72794823,75376122,70103370,74333005,70628744,70580172,69766297,68437447,71162294,70271557,71899623,70854456,79725377,68570747,68244837,74132245,71921978,72681433,77477742,75949258,67815521,71826805,66888863,72119294,72000756,69362468,77227185,76269113,75282020,72681833,68194772,69324712,73730344,73292129,72653803,70661635,69644469,71118076,70614398,71361070,70919218,70304302,70009438,69932953,69983812,71634483,71183155,70929431,68081469,73867267,74213957,71438300,69475936,71409313,72255729,72423343,70276130,65123206,72075072,76207563,69271892,67921475,73245002,70269808,70651712,70666554,66395352,67774967,72292149,72391056,75521667,67780455,71531857,67544875,69210924,69581025,64706005,71618732,70539945,67673450,73755201,70860182,74696451,72120582,67754572,73343652,66319423,72525287,70259771,74089462,71850307,72202426,72902005,73620126,76088758,76086481,66268726
