444,361,555,137,392,987,63,785,590,182,422,75,658,352,884,401,923,542,81,873,689,563,766,647,971,656,802,101,558,799,224,734,203,31,38,518,778,688,693,392,255,387,941,513,82,750,955,238,769,264,971,424,741,574,97,902,285,770,833,296,587,397,775,92,146,576,418,512,829,839,730,333,695,457,302,247,948,162,281,226,802,167,817,101,38,77,528,969,407,936,775,518,722,821,230,765,75,299,678,73,957,120,998,323,531,747,1,791,185,741,476,330,423,35,863,21,804,144,538,718,478,40,617,774,138,856,229,307,106,408,289,47,175,324,67,121,204,991,92,697,452,824,583,494,696,881,538,560,448,580,112,115,147,843,815,433,115,258,181,930,886,482,990,55,186,165,410,469,839,895,430,445,234,617,3,33,737,795,392,746,499,667,180,551,12,225,185,522,752,793,679,685,38,436,74,923,199,649,467,8,542,254,841,207,727,384,918,580,524,959,66,733,54,197,653,423,158,440,879,169,694,104,231,992,465,630,420,736,539,905,832,359,951,172,213,823,80,924,25,15,937,836,370,921,179,784,759,218,623,560,228,106,570,410,936,535,708,618,918,314,324,774,80,77,975,709,389,875,695,97,8,286,17,660,338,336,897,562,395,513,768,124,927,379,566,634,648,627,193,453,572,300,216,768,704,529,695,269,959,784
158,598,372,157,122,672,837,608,19,50,846,528,649,8,386,621,354,510,680,559,716,969,446,847,663,616,980,104,274,474,740,402,844,286,223,570,847,720,660,113,248,541,846,962,593,736,72,683,712,851,547,971,863,951,527,627,352,739,793,832,923,165,329,921,487,78,902,198,112,438,775,524,683,806,805,889,593,963,966,326,118,235,10,742,41,870,925,697,346,63,186,742,268,106,608,827,575,397,788,183,174,336,812,462,739,571,553,391,319,264,324,821,902,650,302,380,374,106,550,342,797,977,521,257,247,276,458,747,204,105,669,262,540,488,201,359,793,962,158,167,225,46,767,191,737,880,685,909,749,380,642,13,812,282,621,812,974,195,221,525,139,361,358,617,340,789,903,112,584,158,382,604,365,203,346,502,229,899,259,955,431,907,243,87,935,914,663,761,196,977,725,406,317,460,825,170,430,381,86,542,401,53,650,716,251,138,49,821,708,859,673,530,184,31,992,872,390,30,211,238,368,176,180,300,583,230,719,645,170,216,32,69,233,864,852,954,93,914,680,649,868,68,657,650,48,823,370,192,848,107,207,455,787,211,31,1,117,602,394,173,453,407,898,577,55,764,696,42,282,269,612,177,122,226,785,340,577,836,416,939,610,281,336,187,396,885,408,860,991,446,228,902,996,342,805,841,158,93,419,187
281,144,963,689,63,181,232,287,627,909,988,217,929,554,78,988,779,916,580,285,44,663,273,396,780,499,181,202,17,759,691,835,425,904,858,988,730,197,41,487,922,806,648,675,712,860,419,324,742,408,940,971,372,11,947,607,550,546,969,905,496,697,543,893,856,736,558,944,493,819,604,127,767,132,73,41,497,360,520,170,968,900,505,798,654,623,61,628,971,837,667,484,953,268,518,442,275,129,952,960,631,113,911,4,155,707,870,121,170,838,566,537,324,716,114,184,606,736,971,796,305,89,293,21,55,603,75,438,293,612,756,7,906,535,104,879,934,227,324,540,863,260,371,597,971,603,876,198,993,397,680,673,960,492,878,736,290,917,394,339,556,868,907,289,494,878,561,838,496,795,312,837,758,100,859,310,441,591,852,277,679,909,806,391,621,307,985,180,668,553,91,996,36,391,677,265,196,214,168,936,393,28,308,427,514,105,822,264,948,157,952,838,21,344,80,391,457,997,874,432,720,560,900,389,740,507,743,658,384,720,372,980,19,73,81,394,268,221,661,647,718,260,717,341,292,180,8,577,122,250,429,406,965,969,359,778,59,393,700,848,765,194,477,864,959,765,152,418,520,90,854,477,419,105,884,926,64,719,110,406,864,951,513,703,402,839,15,595,701,934,707,744,614,387,936,764,25,433,113,598
450,109,53,593,93,762,127,613,83,844,608,15,390,822,129,134,300,782,541,472,670,943,873,644,298,843,378,759,815,888,14,900,670,151,869,835,652,713,192,982,866,133,27,988,782,481,517,785,267,499,297,398,138,820,0,354,714,584,3,795,673,673,874,255,212,663,686,551,155,928,233,755,908,422,145,330,811,628,622,549,503,45,919,353,267,827,570,239,54,79,921,982,79,131,791,800,967,890,773,888,923,122,910,709,519,768,558,486,366,204,206,135,814,351,637,481,926,502,675,812,541,441,1000,593,949,147,513,959,122,369,97,337,976,532,803,690,400,919,433,528,942,22,824,338,195,2,244,560,534,829,898,901,413,576,236,674,25,381,468,125,157,999,226,518,713,801,867,259,265,763,513,531,384,719,276,488,746,325,614,663,958,596,398,567,960,431,388,371,897,483,270,373,134,585,707,31,25,792,352,332,700,323,715,628,914,747,307,445,212,853,308,87,386,308,144,818,8,880,143,366,762,696,571,681,992,361,561,607,215,960,259,743,163,588,848,612,163,580,746,914,897,981,747,728,569,515,385,104,423,869,115,326,332,43,403,1,697,376,149,244,359,557,800,328,777,399,517,432,969,956,252,75,402,487,135,833,958,452,634,984,670,818,262,823,46,890,209,944,148,332,562,80,276,64,757,448,13,781,298,990
684,500,366,916,79,241,974,858,485,695,172,940,747,698,269,764,841,701,435,121,558,853,603,526,986,47,530,668,640,490,786,693,186,530,258,385,823,655,555,359,270,546,337,661,829,523,764,797,344,527,136,24,676,265,313,904,508,833,774,70,156,98,499,532,970,881,953,33,536,560,54,448,505,900,643,541,144,734,115,944,423,429,520,266,322,828,355,773,779,267,760,45,585,28,53,881,311,562,493,498,387,757,537,428,13,873,114,849,439,956,179,609,632,295,366,773,613,694,761,8,987,823,768,924,468,768,156,587,191,150,402,104,226,877,336,190,418,60,220,715,568,258,802,424,948,733,278,739,154,757,973,272,625,100,282,966,532,32,184,173,724,495,524,258,230,521,845,210,623,336,581,681,64,501,795,535,495,770,488,244,453,919,784,730,215,807,102,171,377,235,63,961,311,684,364,277,2,877,716,891,90,942,81,247,574,865,166,412,469,389,692,288,191,410,733,947,185,82,32,655,657,784,452,36,599,80,426,406,570,698,593,904,847,279,625,451,719,761,135,991,712,828,400,733,286,117,66,18,587,303,340,121,13,637,379,255,590,389,825,380,276,253,738,515,195,447,368,503,168,36,378,471,106,603,699,978,907,794,649,229,278,576,864,779,588,201,760,130,498,138,821,908,402,135,728,656,100,321,751,854
43,985,505,250,6,814,279,919,62,673,827,878,647,292,851,182,160,629,786,886,215,259,474,656,194,967,769,975,390,929,681,857,904,633,330,770,420,191,640,348,986,922,272,503,142,46,877,803,191,339,493,883,964,249,202,452,188,58,477,359,753,286,709,678,902,19,911,833,519,807,814,711,333,829,112,814,682,227,964,400,598,920,558,916,178,185,458,905,658,584,238,364,265,521,490,83,378,187,913,761,929,391,195,546,992,142,595,911,496,532,592,662,745,674,537,821,956,823,442,794,949,877,30,391,903,530,250,832,39,451,2,0,96,371,411,225,435,1,979,902,685,296,668,346,988,52,587,388,139,113,469,39,281,263,694,830,553,886,0,671,148,990,214,249,689,524,977,568,570,756,637,804,395,422,637,160,335,814,479,134,671,385,902,657,474,716,756,850,702,306,827,92,852,777,334,163,837,417,284,854,974,283,988,731,802,476,659,750,724,506,339,897,641,937,174,955,324,450,117,1000,546,909,151,110,143,241,937,357,384,735,39,926,869,472,946,630,97,800,148,354,745,649,950,72,901,373,329,613,786,741,159,958,984,133,664,457,877,908,977,953,132,765,633,610,217,497,673,109,610,291,922,137,56,663,794,105,533,368,104,172,16,993,715,654,112,599,748,604,365,792,140,478,140,964,278,800,753,574,208,749
903,715,985,729,408,906,462,370,198,875,513,21,749,821,480,346,347,241,366,845,84,977,371,630,10,443,419,481,447,260,723,519,254,210,7,410,914,7,743,659,944,11,996,436,304,783,2,25,917,985,486,793,914,282,628,859,403,167,420,243,291,378,601,501,435,633,412,448,706,467,18,975,168,46,222,326,65,604,388,780,447,198,878,454,413,401,970,982,230,343,464,322,21,612,292,793,112,69,123,561,799,754,795,6,214,419,431,325,25,5,98,784,176,898,119,376,893,265,993,709,775,602,212,337,551,675,623,833,703,381,746,212,334,560,877,755,656,713,615,875,459,554,984,120,575,823,977,696,225,216,91,57,940,525,299,492,980,401,229,352,539,706,412,814,198,599,411,768,467,687,95,27,839,35,793,630,117,325,35,678,913,196,647,737,75,769,618,275,609,19,521,907,382,170,892,462,444,627,418,423,462,426,61,21,321,276,359,372,469,521,715,997,651,16,736,398,568,296,367,937,264,839,737,761,473,620,471,329,206,473,190,142,892,5,683,803,572,266,5,682,726,303,632,868,844,812,962,458,293,735,117,685,4,988,582,194,166,808,119,489,116,513,244,796,573,515,463,400,529,863,955,515,669,574,359,263,160,142,643,956,270,536,701,946,573,480,722,786,753,357,675,747,741,536,15,773,778,460,981,821
827,680,660,912,926,542,775,150,826,5,988,11,791,523,858,596,50,125,144,22,577,371,254,1000,650,637,873,610,88,49,473,288,38,674,913,389,331,161,619,70,638,665,920,103,19,544,573,997,55,901,305,860,636,691,682,237,195,212,489,463,461,178,167,183,862,504,501,513,30,324,920,190,377,607,791,742,990,419,407,809,378,618,792,247,197,878,879,928,607,236,994,119,916,679,235,584,548,164,898,408,856,679,263,995,757,856,60,862,157,372,752,644,662,118,201,288,587,22,382,147,287,510,0,384,942,998,329,874,137,75,444,68,604,235,463,427,760,305,781,788,581,727,501,983,284,626,63,804,90,487,363,413,376,408,560,115,407,342,288,328,312,416,220,162,92,534,839,101,185,881,646,715,922,540,642,214,369,890,416,638,409,641,987,755,203,433,507,198,978,873,616,233,437,777,531,489,59,547,108,976,358,124,735,489,318,471,493,989,637,264,118,278,319,537,265,258,534,903,897,609,939,616,83,605,738,759,91,657,260,407,759,165,498,754,0,688,557,532,1,396,666,110,74,491,360,972,706,992,929,719,474,449,539,790,940,711,48,302,373,227,585,198,322,173,585,31,690,97,85,896,795,143,832,706,51,275,54,190,886,932,625,926,881,836,192,577,797,918,874,875,130,740,454,698,122,406,328,106,749,998
952,441,226,184,673,894,68,759,9,58,966,351,142,186,115,569,350,645,594,742,221,519,2,194,679,258,292,838,845,494,229,615,258,26,263,306,458,905,865,424,290,328,152,619,507,599,76,316,886,696,116,861,553,198,342,722,470,514,946,280,381,365,678,800,383,94,105,129,437,321,499,812,147,297,92,281,520,422,588,761,340,553,575,462,18,912,464,239,441,435,902,530,178,217,878,854,831,109,610,108,936,372,340,239,135,65,754,988,535,42,976,195,962,894,459,881,860,810,647,354,942,90,923,544,438,439,647,261,670,30,523,758,180,118,98,745,979,795,593,601,942,138,632,397,200,341,694,938,616,496,910,190,55,258,970,857,959,589,39,790,512,320,667,509,782,752,487,910,422,849,21,180,460,18,829,901,934,569,129,425,71,786,471,476,858,196,460,568,91,420,566,950,397,287,52,677,200,225,849,598,849,319,765,441,47,148,103,453,931,707,216,815,271,513,959,783,120,106,876,610,711,220,498,851,398,410,642,883,219,377,528,995,631,848,742,804,131,704,47,538,204,324,386,651,565,739,973,406,640,497,211,853,181,63,645,857,87,456,841,833,694,113,103,599,743,381,955,976,848,831,515,975,105,127,750,814,17,848,942,455,75,698,920,773,348,822,865,539,522,726,167,918,361,301,583,572,838,257,953,641
618,336,343,689,358,69,944,712,428,545,507,732,64,444,592,525,923,732,48,800,964,445,322,192,520,266,257,829,74,379,575,671,674,109,844,699,559,583,781,871,979,410,652,876,982,537,114,443,696,830,833,288,945,314,869,30,245,864,537,852,683,580,325,463,304,376,672,270,854,344,607,15,563,69,708,60,994,871,152,57,144,768,867,566,505,984,792,573,293,571,978,486,759,806,10,627,782,181,670,885,431,333,250,910,788,313,643,102,135,677,173,111,502,285,633,444,305,777,673,297,530,791,973,88,123,159,407,561,977,52,46,575,201,24,650,937,329,884,212,298,435,44,537,357,540,567,311,976,52,596,902,245,585,983,336,772,984,818,864,153,189,455,605,47,241,707,446,30,774,181,607,378,599,156,832,41,934,136,10,305,252,467,295,595,94,184,301,609,624,394,606,395,339,860,730,855,210,157,369,20,819,899,6,865,719,44,490,525,340,448,474,500,155,124,664,696,375,190,91,488,987,781,345,708,351,870,687,934,351,678,478,970,524,955,679,943,763,541,814,643,906,789,651,334,956,735,8,883,544,545,145,495,622,593,657,816,546,355,278,10,224,81,151,603,908,805,330,389,34,792,376,578,191,489,616,975,348,360,644,962,800,88,117,235,551,319,108,850,950,901,105,157,481,987,973,369,969,822,232,415
480,909,617,426,429,241,596,483,309,69,68,40,539,773,29,321,563,868,541,287,691,201,341,537,22,189,90,357,326,605,596,989,171,54,482,672,594,230,937,486,760,523,348,811,552,259,507,447,557,800,16,783,690,82,650,903,902,716,387,109,212,678,742,704,358,100,395,949,624,705,852,1,230,267,442,837,287,479,101,888,737,651,185,179,857,693,778,89,53,322,659,46,932,343,695,370,832,867,423,492,719,676,698,775,952,749,412,902,700,996,72,595,641,585,816,1,667,698,931,194,370,258,468,629,454,377,531,677,494,508,813,684,239,231,477,952,987,124,681,93,148,659,205,387,312,132,625,0,444,839,109,663,700,927,514,64,53,178,423,862,128,473,408,237,455,884,27,652,236,587,132,647,867,182,398,607,52,439,171,718,274,640,909,990,987,852,460,547,936,188,922,413,664,486,506,603,18,64,324,187,76,461,294,323,568,60,728,493,594,514,347,435,223,354,803,713,204,12,74,138,4,373,75,739,145,135,802,296,321,735,202,471,613,76,769,76,176,774,635,87,655,53,450,13,368,682,290,189,848,619,44,689,221,643,140,223,545,912,354,294,801,864,380,651,693,972,383,653,156,821,706,446,27,140,610,324,996,54,522,685,5,711,480,63,595,575,376,164,124,447,712,885,957,4,368,971,164,405,400,957
150,581,651,64,887,602,334,500,605,375,788,608,139,287,58,857,139,468,725,430,48,149,959,606,438,319,941,169,3,313,778,952,926,583,980,108,841,817,348,32,681,346,90,449,167,758,851,141,955,144,297,637,6,748,397,945,788,494,22,652,410,102,773,716,260,174,945,557,796,992,285,791,425,163,575,629,615,918,178,117,338,342,647,248,698,79,749,903,412,719,169,253,675,489,338,687,71,164,277,770,873,331,375,841,604,771,344,0,291,661,33,500,419,203,773,970,62,172,60,1,800,37,87,754,262,469,105,828,329,285,364,921,561,394,556,26,789,719,803,731,757,96,268,194,541,734,958,723,523,111,278,58,596,696,469,998,578,703,33,101,897,51,950,182,226,614,62,457,999,365,102,684,231,680,161,131,805,743,245,532,140,254,769,460,977,323,298,203,447,532,262,211,717,76,444,706,630,395,263,861,718,555,26,840,758,661,735,806,164,297,267,635,275,347,49,266,415,505,199,728,187,889,578,169,656,715,793,566,715,818,532,369,505,57,905,375,265,306,970,886,568,219,6,6,558,465,766,185,509,1,62,566,926,39,58,623,505,862,77,935,556,568,323,378,883,375,86,797,77,603,323,993,242,248,109,453,706,313,824,523,951,46,677,123,8,784,995,65,857,443,492,287,395,220,881,700,801,275,288,755
658,227,143,165,850,53,755,308,356,527,647,486,869,472,126,53,661,358,224,120,811,245,122,7,13,419,376,75,993,707,490,216,49,203,182,242,934,790,473,436,84,940,193,430,775,640,776,877,210,682,254,131,64,679,769,495,253,183,388,384,445,599,238,207,700,530,991,136,389,290,565,479,0,719,850,874,689,412,747,902,177,35,70,32,125,780,145,437,114,697,874,277,352,376,403,611,185,738,372,784,430,768,633,750,651,285,698,733,605,255,756,705,948,19,464,607,272,926,100,562,924,146,675,219,475,727,778,793,164,792,384,0,771,114,456,386,453,889,517,573,444,145,934,874,446,544,577,91,750,700,118,864,8,811,662,962,716,112,112,171,853,900,26,131,631,909,838,756,436,69,118,607,95,494,450,885,708,249,419,908,356,921,721,132,677,441,350,147,559,482,769,82,823,890,393,459,184,282,993,123,169,527,701,424,802,203,804,301,658,974,496,506,999,337,504,506,934,406,638,982,832,329,93,775,424,168,366,968,978,140,343,452,931,898,368,944,274,449,498,798,334,639,637,563,305,59,548,795,965,894,407,566,601,544,14,230,263,875,122,321,723,151,879,504,872,13,432,871,560,383,59,333,412,598,965,720,434,487,412,31,533,189,146,11,90,59,664,405,91,751,692,25,417,172,688,343,113,34,707,876
717,972,813,221,893,115,906,825,496,696,395,93,61,190,968,508,155,601,621,273,873,166,200,823,456,952,441,952,749,846,461,15,966,132,302,731,936,955,514,959,366,367,163,247,202,893,77,547,956,867,735,833,819,563,408,598,487,130,645,319,393,522,693,503,124,27,147,871,83,57,239,619,800,391,815,180,420,263,456,265,109,533,990,663,171,685,810,645,876,123,754,809,998,479,109,93,379,768,49,67,838,388,766,925,137,294,668,851,200,935,805,438,171,429,776,459,839,553,322,689,609,467,274,608,250,446,177,254,374,465,386,306,54,999,686,758,770,525,672,135,162,833,293,642,19,92,735,493,137,1,67,928,833,546,85,457,307,556,795,189,539,581,828,421,394,779,526,848,121,167,452,59,888,526,68,834,192,569,303,359,627,168,280,907,396,318,656,708,50,1000,655,362,120,639,89,89,531,518,989,756,274,327,663,751,239,800,441,516,43,571,398,682,165,939,458,438,585,393,376,450,176,895,482,889,743,994,482,965,482,627,595,668,277,450,871,751,329,892,1000,703,493,448,252,223,763,138,816,434,355,203,277,566,854,327,88,914,97,449,328,37,362,111,525,183,588,242,472,93,72,953,906,893,196,899,379,190,348,382,483,179,152,877,659,929,334,59,45,737,527,496,695,697,95,632,844,331,443,155,408,35
81,492,184,995,328,520,516,281,548,92,415,347,361,318,421,239,374,324,461,628,888,599,869,453,326,682,346,333,74,606,669,719,337,823,950,920,826,873,350,143,247,199,20,335,565,727,500,520,430,20,76,841,170,432,326,113,145,4,956,125,376,741,692,561,613,786,565,643,246,396,548,552,217,533,77,28,568,579,325,102,18,93,574,22,943,246,576,551,519,454,83,824,757,649,695,874,103,75,67,765,550,116,933,542,607,939,293,99,776,886,119,961,300,297,106,499,374,21,561,547,532,881,949,290,469,590,912,249,576,94,926,671,946,947,713,162,617,417,19,612,52,712,574,897,537,807,577,664,647,74,197,946,125,822,571,67,187,600,953,775,731,192,459,995,492,666,949,620,408,894,24,304,586,790,428,876,263,85,615,24,932,592,880,993,347,483,682,573,575,502,538,145,226,499,722,774,312,109,173,188,908,272,170,756,449,960,716,978,325,49,236,392,489,752,837,7,137,217,949,965,205,5,725,803,70,161,70,138,115,830,542,600,174,84,474,871,99,133,386,367,623,640,279,467,35,879,149,381,886,137,133,465,158,379,969,197,153,984,651,836,989,899,256,725,9,946,869,937,948,274,919,481,736,484,611,932,547,778,841,509,588,728,38,955,902,616,670,239,227,968,107,70,254,570,288,211,221,622,599,509
191,720,246,160,363,378,4,161,711,725,135,8,394,87,50,984,618,355,133,266,717,616,219,423,724,404,577,183,414,712,291,421,379,245,331,139,462,350,909,485,274,205,755,992,195,904,695,570,14,558,654,194,242,503,976,341,566,812,757,82,467,264,506,609,227,102,863,216,391,384,393,711,369,730,785,764,924,870,408,896,804,425,410,564,444,764,562,191,621,205,729,87,517,257,847,971,679,732,214,787,443,846,252,902,134,624,933,414,700,89,295,16,263,829,941,211,20,868,109,313,720,22,59,243,224,341,635,640,363,732,554,340,756,937,158,222,989,474,576,396,676,174,713,913,333,909,311,596,177,781,95,692,322,429,216,29,339,168,328,110,435,384,362,518,594,546,45,41,365,445,555,561,926,212,5,816,461,991,462,875,226,967,152,270,5,726,393,193,251,766,322,572,796,295,809,758,23,136,166,286,206,224,55,520,991,876,454,134,798,111,713,917,836,777,668,572,688,727,142,508,478,422,249,435,157,641,935,533,957,166,657,805,1000,645,348,462,808,156,769,888,169,447,896,438,177,636,127,656,514,807,150,356,446,433,932,451,515,961,134,399,906,346,453,529,877,868,441,752,526,747,407,194,977,932,512,860,180,719,141,79,569,150,99,608,712,3,387,719,906,574,257,759,861,478,310,241,51,183,524,431
231,434,415,664,674,557,182,480,753,878,459,5,209,132,769,858,77,552,799,816,708,486,896,912,113,19,849,650,968,834,573,279,942,815,256,881,410,34,212,838,530,421,814,553,864,659,482,158,849,526,440,411,690,411,617,92,504,423,551,726,999,155,199,643,77,270,42,774,462,900,546,927,376,991,668,509,280,550,83,335,16,794,666,262,934,237,52,299,26,172,647,43,869,314,110,426,249,398,478,196,481,455,237,943,198,445,317,711,269,464,757,677,919,263,337,512,173,871,252,44,649,202,116,128,12,309,644,86,951,376,434,615,738,239,777,733,17,703,330,60,529,425,814,466,530,719,109,690,873,901,713,617,667,126,603,531,746,61,128,644,231,355,938,253,512,552,189,941,149,936,544,786,681,336,110,19,619,606,451,609,936,29,28,187,425,322,615,202,547,488,1000,196,669,868,903,987,17,705,849,954,444,883,80,392,906,950,43,437,751,605,804,236,720,291,655,452,486,665,188,746,191,817,729,529,795,648,644,211,19,215,315,513,33,242,807,888,593,562,874,176,155,236,328,481,956,639,994,258,461,340,349,824,461,345,459,77,461,832,989,348,849,554,675,421,31,910,206,437,710,383,738,40,405,885,296,878,601,46,561,673,806,254,727,857,987,449,454,818,121,182,920,762,788,828,190,861,193,514,989,196
279,352,137,541,274,171,612,805,140,497,147,130,827,447,766,389,846,453,66,613,295,556,871,625,37,998,349,647,641,473,310,386,719,611,42,611,343,78,772,273,248,560,715,508,429,302,302,358,89,551,879,971,800,366,491,329,252,175,55,142,370,961,502,924,349,717,224,700,656,660,146,911,281,594,191,361,878,708,809,652,768,247,716,933,396,66,976,651,446,803,944,375,688,164,440,709,971,33,461,114,362,762,696,547,159,846,147,873,143,559,820,865,285,924,557,532,369,6,846,581,682,918,242,491,171,726,860,778,477,775,798,560,698,417,956,66,65,78,619,958,243,272,952,472,382,134,369,477,521,300,427,540,43,596,437,885,184,720,653,508,660,982,807,490,389,596,812,186,683,912,805,221,141,916,511,950,472,616,2,235,785,674,306,68,107,16,661,545,606,490,219,724,952,415,840,127,582,890,747,881,175,372,184,563,846,15,352,152,72,926,524,774,127,27,751,824,800,708,94,590,940,286,182,568,173,493,446,56,951,717,756,135,32,209,119,712,443,475,622,291,652,11,346,157,28,611,989,610,793,497,673,154,23,674,874,367,109,115,404,510,797,196,815,807,10,57,1000,822,622,215,114,633,131,186,783,673,301,338,895,838,352,211,104,298,78,755,371,421,722,644,724,403,512,314,906,229,392,214,91,122
472,120,78,256,355,191,564,223,73,113,695,851,490,334,658,928,986,648,837,934,525,364,297,526,938,649,329,983,649,299,177,8,839,977,150,320,713,325,626,426,298,247,907,671,75,506,882,186,652,199,778,814,880,285,410,379,311,577,245,791,397,229,770,712,390,369,311,36,852,72,482,26,904,396,79,467,567,85,510,346,711,809,870,971,830,927,335,973,853,859,603,524,765,835,927,42,939,253,664,974,29,819,219,116,214,837,484,776,854,381,92,441,328,898,452,456,575,541,558,268,823,976,828,276,789,880,990,621,883,363,67,581,565,898,359,570,856,690,385,244,839,624,602,549,102,33,258,515,767,554,722,825,774,572,728,134,269,409,8,14,799,695,573,337,765,561,670,181,961,18,794,749,23,546,387,634,378,692,889,852,833,779,264,708,478,580,673,274,47,371,234,625,516,140,988,468,613,841,511,925,823,825,469,459,332,820,192,477,134,68,951,209,947,885,571,225,591,861,396,9,629,715,358,971,461,712,92,96,313,555,264,111,134,840,203,656,181,107,843,700,941,520,859,536,874,637,888,206,755,632,226,557,617,671,437,464,411,20,58,143,30,115,28,812,175,273,131,870,919,639,649,335,278,25,189,880,338,460,303,194,781,844,883,270,614,560,224,728,434,750,159,262,278,533,257,424,419,772,929,712
241,84,944,568,747,973,430,240,30,111,606,197,527,112,668,81,85,993,141,935,666,913,606,147,843,756,466,737,505,407,970,154,987,125,181,821,105,783,403,281,484,49,896,679,397,25,820,261,241,908,285,26,346,50,783,217,998,177,342,66,756,982,724,84,551,315,718,653,971,10,968,261,130,213,440,170,62,898,286,444,864,315,186,306,865,474,760,337,464,643,21,539,645,186,387,846,897,859,487,270,95,743,429,984,988,414,384,819,356,857,965,579,849,709,56,334,648,949,751,960,554,389,687,604,976,971,398,438,61,683,497,974,868,0,404,600,894,608,610,623,731,264,520,451,646,609,999,329,852,914,764,674,518,121,356,842,939,629,159,113,961,645,628,365,330,404,366,73,537,285,312,974,630,22,426,510,164,975,492,295,816,761,624,168,865,174,378,591,40,527,152,360,62,529,135,735,78,423,16,120,567,508,184,616,746,343,211,613,227,568,723,360,93,211,962,764,227,574,428,69,197,969,575,599,633,931,38,432,868,399,133,406,396,222,16,823,849,485,108,487,921,716,624,478,34,325,765,44,207,170,643,128,342,86,795,323,725,606,155,345,17,868,697,820,677,649,227,303,239,399,961,682,765,878,217,809,525,273,68,238,977,398,123,586,285,939,146,413,682,958,839,292,510,960,677,826,441,198,766,373
336,828,17,153,832,866,269,348,577,572,388,176,915,968,471,45,951,730,390,948,783,282,330,411,7,618,731,924,313,994,826,766,970,982,103,133,552,37,148,271,129,930,191,543,977,812,558,440,119,400,987,700,451,655,859,725,567,541,569,240,848,33,998,210,49,78,548,957,798,182,460,240,414,933,132,540,241,481,565,636,986,708,55,167,62,938,721,914,11,255,475,836,217,546,542,137,547,425,398,279,361,443,255,872,415,673,846,155,161,985,135,705,482,927,678,808,324,90,109,838,292,318,152,349,904,808,691,504,600,435,39,325,93,801,178,57,706,695,977,652,148,710,7,131,322,264,890,415,657,771,395,201,61,321,398,236,182,467,490,81,466,210,197,623,222,303,940,152,838,127,662,407,320,844,200,755,631,23,700,901,302,673,186,228,752,796,101,380,267,354,337,645,894,308,100,877,168,498,457,17,110,271,803,577,141,189,633,599,437,231,82,950,237,216,697,307,443,857,81,73,100,836,119,561,701,252,847,63,804,548,873,266,741,389,201,132,611,754,401,423,196,205,352,388,864,851,210,758,30,42,352,981,566,590,848,665,825,364,852,924,315,906,912,297,509,663,595,622,958,705,810,483,665,190,386,198,758,7,111,527,566,833,193,358,322,345,751,111,872,664,857,741,27,286,242,919,270,933,153,480
424,946,605,572,33,85,188,678,568,446,158,673,496,278,928,861,344,298,824,321,41,78,603,291,32,598,30,839,826,11,406,387,296,29,8,154,115,543,181,406,673,927,532,9,401,625,334,641,698,639,719,697,761,358,163,701,497,758,127,281,771,654,665,113,151,710,113,570,194,176,876,644,619,272,702,540,342,277,751,420,412,894,390,439,237,726,776,268,624,9,60,555,670,299,992,135,583,18,358,7,134,613,837,857,432,259,984,120,98,367,91,346,730,935,394,628,527,206,366,313,20,52,936,801,487,751,936,988,855,917,138,675,903,100,574,841,20,365,25,672,474,377,99,289,649,558,698,305,556,143,252,449,120,461,183,910,842,717,94,967,637,556,889,587,366,261,924,828,265,414,233,154,229,845,193,42,60,322,461,102,319,403,127,869,572,702,972,18,430,387,946,937,523,363,370,954,437,461,910,705,828,891,965,863,531,60,233,963,657,894,524,636,926,339,157,587,184,823,944,767,523,946,60,735,136,108,771,231,224,639,48,545,580,988,830,593,374,695,309,885,410,675,81,734,234,507,654,903,51,508,934,132,161,472,877,10,251,785,67,742,363,659,581,596,799,105,274,669,996,79,90,914,369,336,130,177,560,518,281,876,802,127,439,169,67,915,743,975,837,872,384,398,810,116,617,512,56,974,599,215
385,402,217,62,301,747,896,561,171,468,361,951,812,27,723,790,782,883,881,923,472,719,586,493,866,323,878,126,188,598,88,818,683,104,622,687,586,917,149,83,463,141,491,99,801,973,210,26,258,821,741,674,550,608,917,433,877,475,872,568,883,48,546,875,128,19,28,529,932,138,62,423,32,312,462,880,105,507,474,301,251,789,479,201,81,112,291,447,580,938,6,179,955,678,787,996,13,859,812,665,325,353,220,922,204,140,246,242,605,40,238,390,995,106,340,307,338,126,969,428,182,701,957,610,462,290,177,56,215,2,573,360,806,741,869,366,869,554,789,163,725,175,907,687,471,472,173,82,86,129,325,21,157,891,670,443,677,401,484,538,208,549,179,765,443,11,203,720,465,782,160,897,298,542,663,164,90,227,908,202,689,527,871,216,136,625,569,520,873,64,736,856,565,148,694,21,915,581,589,90,181,608,85,864,19,574,783,993,10,100,571,877,301,478,644,195,613,330,289,505,923,349,811,370,705,311,248,738,911,751,451,566,522,485,145,982,276,128,713,305,569,379,225,917,280,757,419,979,905,887,812,869,412,297,72,576,668,984,285,252,430,432,146,913,342,139,919,735,4,861,620,240,27,222,906,299,422,636,519,32,522,534,838,189,514,614,231,743,967,4,250,124,85,842,941,362,450,146,639,842
732,999,895,830,848,915,247,424,285,183,431,353,652,545,38,336,223,156,682,85,662,973,459,685,890,914,236,533,613,896,636,596,534,946,335,731,451,45,887,779,937,754,639,526,740,684,752,74,40,981,640,844,304,943,207,285,526,332,34,740,813,993,95,624,716,758,804,920,683,824,163,107,112,136,963,111,721,608,494,536,586,591,586,819,210,882,421,955,166,573,556,279,840,329,745,575,852,390,627,740,237,129,755,398,710,37,907,819,688,53,563,252,944,61,8,716,784,823,731,192,173,901,454,216,10,215,122,466,849,104,705,295,881,311,344,662,250,918,384,689,101,510,969,78,518,704,364,591,317,529,538,356,842,190,757,920,904,539,325,325,182,574,651,973,378,450,816,547,834,297,353,46,892,273,745,302,181,111,275,185,219,393,908,861,681,901,867,76,793,672,800,482,458,197,714,332,594,367,882,11,118,114,243,687,900,707,974,661,55,223,293,747,746,264,297,242,259,288,716,732,235,996,169,777,563,431,573,80,448,978,494,455,572,466,154,802,63,308,502,785,407,346,141,150,495,44,924,114,466,932,42,797,823,321,347,970,459,42,368,44,785,451,665,389,156,65,12,550,912,579,606,546,853,444,912,55,393,76,76,259,34,302,133,160,425,261,254,549,662,62,318,656,222,349,667,357,789,254,97,816
427,380,395,617,738,198,557,811,403,123,162,617,624,639,806,191,922,766,836,14,964,714,434,536,565,302,51,469,737,499,783,573,871,795,562,524,510,560,932,207,4,875,701,106,291,541,608,782,268,652,248,422,191,22,43,253,443,616,488,196,515,823,76,196,908,562,791,610,298,767,642,576,449,703,318,437,418,839,994,595,602,463,315,747,458,318,518,988,175,970,778,607,250,441,519,117,94,699,887,771,376,965,889,32,46,143,920,316,346,603,764,849,731,838,324,941,173,128,30,529,367,500,421,14,359,479,696,47,656,750,313,280,370,494,367,136,978,836,389,613,730,108,433,683,360,470,456,148,368,38,515,393,434,169,294,87,293,675,21,129,384,671,122,966,216,66,419,927,582,202,207,657,790,902,351,199,693,750,6,153,677,422,693,401,345,388,550,288,27,173,277,955,936,168,214,631,119,286,931,747,570,73,381,483,913,813,6,23,468,224,123,255,826,918,398,953,628,49,7,886,842,410,909,546,381,823,183,369,529,812,629,980,900,852,638,829,622,625,863,517,740,939,592,720,909,911,184,718,937,667,71,123,82,61,125,607,724,899,857,960,531,171,524,265,826,784,886,1,392,768,904,355,642,157,867,324,388,905,13,215,784,543,783,328,642,772,405,45,656,278,157,522,143,66,452,942,579,97,868,941
248,500,161,16,757,969,147,215,593,168,743,123,955,737,928,338,888,510,47,137,962,872,374,648,974,338,189,0,706,427,170,150,24,43,223,804,583,936,234,62,106,619,738,479,535,391,439,85,37,406,936,413,721,424,21,177,506,236,958,4,272,594,955,982,584,176,985,437,932,741,916,406,77,192,377,529,233,398,161,92,79,719,313,215,621,689,670,543,102,800,991,323,789,484,385,981,937,663,873,782,418,550,677,459,30,789,328,462,8,818,469,246,223,34,194,108,716,936,607,242,685,775,965,563,956,580,248,902,83,523,555,71,454,114,99,261,145,379,41,303,507,467,846,203,976,622,721,117,829,729,265,552,2,385,247,478,148,519,363,152,825,310,987,122,887,795,998,906,937,753,761,295,90,345,614,282,332,939,899,620,591,1,143,247,523,459,696,317,205,492,387,687,556,429,184,197,231,599,192,301,511,40,31,481,204,540,996,424,109,72,601,137,796,255,970,992,862,521,900,648,114,699,603,803,15,808,867,906,308,166,126,793,263,410,602,586,31,716,260,144,668,974,444,693,868,164,65,308,64,55,976,0,55,934,570,502,935,941,258,637,826,335,741,113,492,461,944,382,115,150,910,478,727,975,232,242,666,440,506,94,678,980,640,626,133,726,698,696,364,48,264,430,94,140,886,80,511,146,308,73
489,204,502,223,589,925,84,439,930,640,95,862,42,907,106,694,392,789,239,927,598,34,475,177,942,14,210,1,810,221,692,841,260,460,376,880,485,407,552,510,217,291,110,269,870,163,662,654,350,236,246,462,111,370,657,512,602,96,368,472,610,512,152,449,704,736,279,924,571,50,623,298,565,47,27,804,643,853,206,380,202,750,144,984,899,271,866,687,839,14,467,605,382,566,31,668,952,227,973,944,797,987,959,827,751,386,822,143,864,741,228,920,866,851,444,599,639,765,631,442,62,194,90,118,754,732,231,881,126,828,177,44,539,856,704,170,993,242,527,679,700,963,484,820,726,180,32,260,867,733,883,47,822,851,678,381,732,285,231,478,130,526,244,283,183,125,432,161,802,194,9,874,588,389,113,153,823,256,206,316,190,10,914,515,631,638,479,996,422,365,98,705,983,143,223,956,795,347,433,591,77,364,416,432,554,105,238,955,151,724,586,301,442,480,476,254,253,874,610,769,559,967,459,590,331,62,826,369,177,535,905,700,61,97,66,160,309,763,761,706,331,882,708,450,105,594,130,451,702,267,517,944,501,288,692,48,845,90,605,171,771,191,756,935,399,932,457,773,22,592,503,410,589,990,177,98,849,28,816,694,508,726,843,286,893,660,101,226,325,435,229,153,930,759,454,868,164,527,964,300
90,378,638,799,134,583,413,459,121,847,993,76,250,522,859,725,999,444,803,367,928,262,357,546,58,539,559,923,902,976,507,435,210,327,785,441,333,778,459,269,479,788,11,124,692,4,748,69,572,778,198,987,695,423,873,538,558,45,205,567,484,742,26,985,988,973,976,120,941,401,829,920,340,698,437,999,954,751,263,721,241,815,259,144,808,19,296,124,77,802,38,374,576,67,87,25,773,794,867,955,689,399,223,999,897,179,513,474,490,709,940,38,146,34,759,402,272,557,808,884,958,545,844,381,941,776,148,831,697,439,634,593,833,416,635,912,493,425,854,333,729,438,750,996,178,513,200,967,43,768,639,832,386,965,289,23,508,959,846,908,859,960,948,425,41,534,745,27,606,423,835,290,768,670,610,579,492,927,395,481,259,807,77,195,482,81,385,678,961,100,839,501,215,213,857,313,416,878,535,288,149,666,981,465,970,651,235,227,46,577,689,448,400,433,872,651,287,252,23,595,387,652,856,676,734,881,488,219,181,529,885,250,866,170,456,360,913,323,312,293,967,277,474,444,91,335,520,272,359,843,537,53,242,688,68,725,212,228,269,471,755,379,868,433,678,533,622,265,328,107,464,761,769,948,963,599,854,984,446,585,579,334,945,123,668,680,851,841,701,826,159,881,335,720,390,78,231,92,835,999
651,982,192,624,764,735,133,717,324,677,561,843,388,707,551,981,933,412,796,180,219,786,757,763,427,952,602,945,791,715,832,883,465,574,213,304,763,209,85,618,485,414,371,474,514,6,110,743,605,540,764,257,60,504,99,972,181,319,838,344,734,871,477,594,382,396,677,264,31,977,871,648,443,825,915,814,117,201,752,32,878,965,885,605,829,348,51,813,717,538,450,439,818,183,238,860,121,833,893,636,307,907,32,581,89,615,774,8,709,593,761,913,411,956,774,196,9,554,987,776,976,465,349,360,980,180,167,891,413,100,9,871,26,898,281,66,198,903,798,353,725,571,16,458,824,578,811,75,907,37,842,393,972,280,720,843,966,922,310,318,370,107,78,599,598,923,412,805,947,718,815,638,615,511,920,736,831,836,923,165,213,691,911,441,257,515,530,490,873,902,884,236,18,975,735,96,458,504,453,893,331,857,786,688,436,2,101,495,889,520,79,952,754,986,342,604,794,271,637,717,132,134,857,784,744,662,263,685,150,617,698,925,70,436,588,746,565,218,701,930,645,523,406,518,868,598,840,604,717,975,83,592,286,128,514,418,628,893,872,740,213,730,98,464,909,414,680,47,897,270,969,609,48,506,958,766,181,1000,919,839,393,900,849,180,309,975,495,162,76,1000,838,365,137,869,910,351,59,608,208,640
968,648,285,648,157,469,131,543,875,403,786,539,287,720,951,901,331,964,616,820,482,517,684,621,670,521,129,103,805,949,708,191,120,628,746,757,241,586,585,172,268,0,758,97,725,791,247,312,408,95,730,964,641,602,408,845,846,903,689,799,788,830,134,397,1,967,886,626,515,98,639,160,510,971,324,21,767,10,648,173,485,742,67,625,160,926,779,616,668,936,517,876,960,287,884,335,760,764,106,702,348,440,375,412,803,630,604,315,246,718,859,445,274,601,93,893,941,127,866,933,679,938,937,747,593,509,178,851,184,251,833,943,422,789,203,590,950,463,71,768,206,248,723,814,505,993,769,276,280,864,12,480,164,97,114,330,652,138,410,982,18,678,999,80,881,203,349,185,973,792,578,630,471,173,890,551,265,575,89,910,863,598,279,655,88,576,381,239,191,428,29,630,908,126,292,682,747,993,351,730,629,206,294,664,605,869,765,725,907,425,210,220,70,115,360,418,28,221,397,526,916,42,284,759,21,259,296,201,847,519,579,640,866,609,105,398,177,873,684,572,22,454,477,59,683,435,750,548,262,7,948,529,277,120,713,212,854,767,611,146,497,338,993,887,492,916,756,692,48,433,611,657,847,513,999,611,444,916,84,304,430,923,690,33,675,187,452,199,766,430,134,304,104,652,146,500,331,750,451,941
784,984,339,24,624,18,283,190,769,460,77,23,270,127,831,638,93,33,697,295,815,711,809,667,125,635,185,548,562,448,587,39,164,235,459,962,254,685,219,399,315,394,197,127,979,269,1000,718,531,736,875,204,231,223,426,328,525,644,69,238,400,306,555,564,729,16,342,257,887,1000,433,866,668,260,144,593,655,290,331,428,746,789,247,976,432,615,464,50,385,167,932,877,273,455,712,504,342,364,452,232,474,159,250,835,420,633,436,762,806,267,928,808,180,97,305,366,712,653,388,126,493,340,521,199,299,28,895,90,738,693,386,744,879,415,347,165,993,89,605,200,259,783,336,914,133,108,494,157,332,267,233,650,770,176,480,724,606,655,471,761,445,161,204,751,182,68,497,625,644,638,894,90,459,99,958,789,487,437,959,601,459,376,367,179,560,189,4,847,179,815,956,380,442,572,673,656,870,501,480,813,496,161,573,159,631,212,547,402,805,437,623,320,629,616,772,822,55,774,551,899,381,135,146,58,734,614,708,65,98,203,39,522,983,774,408,633,942,639,306,273,735,359,923,762,613,812,853,825,730,881,983,184,776,637,119,209,903,20,534,758,13,692,413,40,968,998,59,391,928,4,725,972,618,588,207,119,355,788,644,497,271,600,434,566,220,318,407,310,18,246,384,209,99,47,565,198,228,950,168,527
836,99,240,742,715,398,327,725,586,966,445,422,542,898,667,265,585,430,518,663,419,704,955,839,957,906,762,271,525,788,480,667,277,488,20,239,616,827,685,595,407,517,658,609,777,737,920,953,307,175,76,738,18,507,793,31,251,491,126,226,713,143,867,804,616,890,413,145,161,202,869,852,824,280,375,700,995,794,218,85,517,565,560,279,264,249,241,367,544,530,656,331,994,22,519,908,674,388,950,699,980,248,95,27,658,15,914,300,267,892,534,568,882,398,476,875,241,54,983,365,376,838,740,653,279,826,23,451,322,615,21,558,361,376,665,156,660,212,512,589,524,332,344,29,108,992,707,966,715,661,266,206,896,185,170,605,156,977,683,351,992,69,436,274,55,146,711,504,710,974,176,630,347,620,821,353,600,325,676,106,803,524,7,115,31,149,490,900,68,906,796,31,517,532,608,519,959,464,161,710,947,285,865,916,432,255,828,679,985,97,222,396,308,542,644,525,633,250,867,394,632,599,613,222,554,317,155,318,278,469,252,947,142,287,154,375,59,42,557,623,21,654,351,326,18,351,247,875,43,149,631,14,899,471,663,56,415,231,608,106,758,587,298,605,151,681,523,105,383,647,895,340,785,376,888,242,836,142,827,207,864,931,645,617,225,283,889,386,386,34,28,751,348,653,664,159,159,331,558,308
563,112,887,187,505,644,262,531,98,482,977,754,683,426,105,356,193,735,944,863,732,991,259,520,492,32,743,272,132,20,820,453,973,100,352,213,692,495,141,837,214,552,204,148,782,625,710,565,189,15,683,168,24,946,211,324,368,996,28,186,640,553,978,231,341,669,989,836,139,876,801,848,122,159,997,146,477,195,376,933,758,14,737,622,147,447,801,241,623,705,392,273,225,903,430,31,353,815,146,745,417,913,199,568,501,713,457,330,929,726,876,23,545,984,364,376,436,280,721,74,14,346,523,930,629,882,453,700,511,800,729,987,452,68,670,639,181,135,654,948,969,226,16,247,120,591,491,354,380,715,641,37,743,11,985,927,253,203,371,591,742,919,659,212,319,440,629,232,965,165,487,528,166,58,936,139,481,482,830,683,393,474,31,821,251,110,211,893,40,552,867,657,679,328,656,311,62,84,311,978,944,954,966,291,6,599,86,761,946,989,495,6,747,819,265,302,142,243,740,332,538,814,390,22,242,191,809,314,972,218,910,428,509,686,560,716,330,934,112,208,859,723,73,948,601,168,13,838,783,561,449,454,398,97,123,852,915,13,258,860,766,60,776,787,884,186,95,71,909,802,345,769,542,925,361,112,853,922,334,462,210,874,160,86,344,749,41,515,959,99,11,636,80,401,717,848,40,650,500,619
750,400,674,247,971,42,104,96,449,770,844,585,265,257,736,12,391,391,447,458,229,851,231,966,981,414,405,264,177,255,262,51,554,296,197,626,392,756,106,881,543,72,80,910,648,422,578,343,493,249,888,585,448,741,534,856,291,634,274,90,621,641,267,340,537,418,819,862,294,580,511,916,413,856,207,613,42,383,175,175,345,192,947,204,670,450,906,382,664,473,458,241,409,944,722,514,346,881,900,835,248,843,220,200,348,582,374,571,788,914,87,678,490,889,715,686,86,1000,340,605,54,409,747,992,400,172,675,178,562,151,278,330,529,619,543,285,543,570,342,49,119,408,621,704,81,741,554,404,411,904,720,468,615,124,285,965,430,726,423,904,592,906,580,956,776,707,953,44,606,666,416,440,75,973,595,860,11,577,156,728,92,356,118,128,703,488,476,999,248,999,825,914,88,434,490,948,966,844,247,550,336,953,573,880,872,281,608,424,611,43,356,603,982,298,848,847,102,972,138,986,922,16,624,890,891,264,913,717,808,825,333,761,650,395,497,777,463,779,887,529,989,369,589,9,974,221,737,503,756,385,61,899,834,492,654,865,307,641,885,318,205,338,266,81,424,348,268,819,118,896,474,391,39,729,8,404,555,116,145,464,496,851,634,101,529,221,526,865,250,564,441,270,792,545,761,759,122,561,410,909
82,105,352,740,533,547,11,304,830,320,27,225,808,294,667,500,991,715,662,202,509,235,679,813,57,17,499,708,561,196,41,459,278,984,38,598,639,635,718,851,675,393,400,609,213,985,58,892,93,680,273,391,274,273,823,479,282,276,518,982,132,166,577,87,309,642,341,405,885,525,612,867,857,821,603,155,185,75,291,77,427,845,887,139,674,878,899,624,663,545,677,797,111,326,442,624,162,740,786,371,315,342,244,581,491,453,687,515,841,691,133,114,834,224,497,144,351,100,895,906,116,852,261,706,234,140,868,447,147,592,217,199,998,72,862,890,377,244,229,441,473,462,30,747,768,818,519,605,593,489,35,118,361,866,200,192,223,662,143,160,155,976,177,388,174,280,20,424,987,427,277,710,783,26,83,204,646,654,558,362,359,996,510,645,573,975,360,834,525,147,706,347,703,197,46,941,895,586,741,341,819,32,614,629,476,414,936,760,775,875,337,938,943,714,900,398,837,765,219,784,567,47,385,710,256,918,472,6,632,184,702,315,842,448,785,837,508,981,67,400,956,31,416,688,308,267,920,668,547,648,793,171,781,737,486,973,4,704,744,914,111,534,631,615,151,801,998,405,403,510,566,746,650,818,128,676,667,974,315,448,7,532,226,692,176,455,585,475,994,882,262,285,146,206,191,640,776,383,634,171
513,727,658,836,517,811,635,160,353,180,135,563,526,273,966,579,358,521,981,185,207,679,947,92,963,852,87,188,79,797,862,525,342,909,251,945,717,276,320,26,334,649,283,395,232,633,728,713,877,179,961,233,571,588,634,6,621,137,139,885,37,770,172,325,454,594,554,425,451,862,235,457,550,343,384,436,382,549,188,608,876,955,606,987,972,247,745,157,18,470,52,43,909,819,579,339,432,980,320,250,614,419,408,634,584,873,348,468,568,336,650,247,529,499,513,302,942,366,329,50,195,570,771,280,268,0,155,360,83,286,746,976,558,64,234,410,993,385,205,233,621,445,924,123,609,892,509,253,385,595,170,747,638,781,998,385,766,791,398,596,255,981,390,24,116,219,194,240,553,288,928,563,811,847,215,655,176,874,524,542,780,136,929,199,271,600,40,792,546,367,846,354,184,280,952,229,123,352,845,419,760,236,521,710,15,913,215,134,258,756,94,98,854,137,769,521,912,109,607,787,533,130,491,456,304,543,640,870,828,54,895,340,70,489,349,943,446,668,182,833,224,59,65,806,777,509,439,514,333,478,432,738,390,867,628,539,161,726,922,955,152,823,793,912,540,804,267,279,192,293,537,426,893,973,922,238,211,875,398,352,309,379,933,726,211,418,936,717,156,461,394,351,12,28,297,63,988,990,620,416
239,241,875,794,722,713,717,421,42,968,442,365,911,882,629,328,801,567,897,131,756,700,307,477,965,963,410,301,807,976,948,600,989,57,961,501,933,333,412,204,771,479,512,330,403,896,374,889,795,534,422,767,760,329,492,492,898,215,955,835,203,249,91,953,103,214,967,333,368,105,565,885,763,114,194,161,146,54,950,377,959,914,10,445,236,954,59,205,957,687,572,344,502,566,906,71,668,571,656,923,361,962,358,197,715,117,26,675,960,295,265,572,687,784,829,724,183,994,658,862,282,990,591,32,14,912,720,636,198,659,178,364,729,910,32,752,5,661,99,587,966,354,694,529,750,202,421,162,686,189,497,296,683,72,747,751,86,338,806,855,404,794,708,197,513,521,156,309,875,158,507,943,301,430,639,952,793,276,706,379,380,278,256,604,670,107,149,706,389,393,644,227,160,947,205,712,336,82,877,926,444,509,88,245,791,723,332,937,39,558,165,851,789,173,373,635,31,422,694,680,592,188,270,646,864,369,676,238,838,912,398,670,400,184,802,21,220,33,786,389,691,831,227,831,591,820,527,204,213,549,431,453,361,721,101,565,772,213,468,516,657,625,583,984,294,613,333,571,603,254,681,130,181,640,760,223,115,629,996,650,782,813,715,965,877,418,359,545,180,750,903,13,4,353,596,73,715,227,329,451
757,430,955,835,659,153,595,658,210,464,866,212,435,706,137,285,659,20,765,793,595,674,528,276,138,966,735,808,296,950,325,649,979,665,57,392,779,713,488,5,530,143,474,429,262,608,858,807,966,155,41,917,172,674,110,810,115,771,124,271,875,455,959,768,804,31,427,174,921,494,115,609,152,11,987,588,440,330,127,545,125,505,250,6,836,57,223,832,780,265,276,677,381,673,877,590,503,956,486,488,416,957,892,873,344,105,960,543,823,29,383,178,678,146,366,4,82,776,718,667,923,798,99,210,554,260,423,754,539,998,56,197,717,647,838,392,663,710,560,686,952,781,308,594,771,106,854,425,477,166,788,288,985,246,906,280,407,237,939,702,196,530,142,39,651,624,591,514,235,584,862,417,999,656,737,356,138,687,522,985,924,311,207,467,263,589,407,612,25,868,407,611,948,372,879,978,597,547,49,617,894,653,594,786,823,429,328,570,776,456,131,682,712,589,454,56,260,134,76,567,881,614,574,152,662,790,387,889,713,529,467,706,944,432,445,899,75,294,12,450,484,142,82,12,18,302,856,568,998,569,589,636,564,342,287,91,499,564,787,448,394,368,464,437,658,469,2,355,136,319,472,152,835,919,555,377,286,268,836,224,736,406,512,123,321,405,612,240,706,112,768,905,862,172,220,133,287,292,495,764
223,613,89,916,379,619,148,27,909,753,379,977,206,953,819,728,237,62,805,733,328,165,522,103,262,191,367,265,67,474,822,268,124,118,221,622,274,98,50,51,152,979,503,871,744,318,206,691,985,435,810,600,359,155,243,954,222,167,91,482,631,732,748,952,962,752,844,973,815,540,158,851,760,999,444,615,8,668,776,238,925,913,187,461,298,982,746,68,664,272,735,80,115,584,56,191,334,377,776,585,639,533,361,925,441,153,39,59,202,15,495,847,610,224,478,654,861,181,851,995,525,242,581,843,873,188,310,785,134,119,826,474,29,689,587,143,43,227,66,587,657,250,668,631,351,800,616,233,774,82,473,569,464,836,278,443,417,387,569,24,446,693,875,548,244,931,742,175,396,671,494,328,407,638,263,266,346,522,589,129,804,203,938,604,624,837,892,199,145,642,971,901,923,946,193,687,837,171,224,623,960,339,346,543,236,561,520,343,458,387,601,291,280,0,722,137,648,769,375,376,773,429,589,732,329,573,869,801,62,817,214,329,329,380,973,192,732,695,15,166,176,804,956,468,431,384,32,307,902,949,817,517,90,610,619,592,253,627,556,19,562,56,803,597,158,271,757,336,734,472,752,930,496,323,666,305,241,800,933,448,888,192,547,392,957,28,592,349,731,413,482,584,298,607,258,162,910,871,268,93
363,933,275,405,84,534,565,206,950,730,724,378,525,370,564,949,308,32,992,532,637,393,357,16,614,637,347,316,617,298,192,85,666,693,110,0,854,40,164,348,590,27,460,665,784,535,746,905,4,654,704,748,492,411,228,449,112,548,430,425,792,904,192,806,100,546,371,264,670,87,997,892,463,83,603,643,130,28,188,308,452,647,634,894,663,509,39,718,664,600,786,680,518,461,212,797,38,722,775,932,405,320,386,709,925,144,72,237,919,373,596,312,327,992,532,332,653,127,884,784,935,757,406,179,745,175,437,34,779,934,159,22,232,915,404,677,596,474,663,665,170,540,413,242,20,672,239,319,222,773,276,294,423,854,314,981,697,116,980,346,611,603,242,165,340,38,365,703,818,906,869,713,12,813,259,488,806,373,558,160,541,750,126,457,998,863,343,601,344,368,974,640,106,654,767,874,955,813,173,106,171,120,565,36,629,625,96,816,234,115,805,480,267,784,299,127,47,751,668,868,187,310,15,159,424,586,13,38,582,306,798,972,13,48,723,584,191,991,34,350,96,651,850,481,435,211,606,410,740,663,702,976,819,3,756,579,770,110,975,196,208,38,527,832,26,969,678,790,260,733,814,791,335,992,405,510,933,311,834,806,78,144,822,720,538,236,667,915,884,143,878,721,235,271,907,263,259,688,820,101
469,195,980,822,593,706,538,14,235,455,73,732,793,221,234,639,131,171,825,852,417,182,302,473,191,735,331,930,556,960,669,805,368,563,26,520,788,291,712,910,844,527,672,265,827,425,691,633,892,316,496,399,496,567,600,594,377,488,154,785,807,666,92,5,488,382,564,516,975,742,440,251,514,104,167,291,704,177,300,367,13,487,94,644,699,321,256,522,590,166,789,327,170,365,90,446,286,409,831,935,749,935,243,573,486,355,337,997,168,934,12,369,823,807,74,754,386,39,633,440,641,830,257,946,182,793,678,85,981,981,741,902,924,228,535,196,878,952,826,624,139,761,717,107,196,308,76,740,105,191,911,510,896,947,563,196,440,767,546,559,861,70,443,234,360,197,947,774,624,877,217,620,563,0,213,106,543,385,119,512,784,633,819,952,339,718,539,98,677,866,130,115,372,317,912,656,941,356,859,15,227,799,905,538,448,166,872,264,18,946,446,113,456,580,486,735,161,39,649,253,596,808,904,822,690,975,967,532,788,555,147,839,665,687,922,213,219,146,843,94,984,549,471,917,858,551,69,688,760,890,209,782,3,438,424,886,138,237,862,85,127,24,973,543,311,875,379,929,194,525,74,855,526,790,669,246,940,847,460,762,287,810,434,770,751,1,379,723,215,743,666,726,854,900,185,936,199,892,763,693
326,279,477,470,697,999,891,80,581,419,945,757,449,59,670,244,991,309,296,694,554,523,907,347,237,288,646,264,221,496,78,790,248,776,795,660,802,104,818,307,198,10,707,925,776,175,907,294,646,378,826,782,980,279,395,455,641,429,162,900,152,98,926,385,955,517,106,402,991,693,747,670,11,296,393,128,125,145,316,428,261,154,140,578,610,413,683,967,242,967,455,67,310,452,708,45,616,603,287,54,581,226,225,186,427,522,595,542,307,294,549,894,1000,945,455,128,575,650,21,153,928,158,95,440,911,922,99,580,285,983,298,961,187,824,884,801,222,102,738,811,623,806,173,996,110,977,327,619,856,100,815,425,624,280,371,951,951,188,534,749,450,966,406,687,632,44,206,324,264,175,499,658,663,944,168,172,415,515,95,349,160,457,379,386,616,289,30,627,529,614,583,473,81,757,105,281,550,85,746,755,56,448,699,128,985,195,524,140,336,449,655,961,498,749,937,358,688,355,689,869,827,497,945,369,753,524,755,259,965,202,981,957,273,957,377,491,862,515,472,788,250,270,286,834,548,883,988,404,167,993,766,881,757,776,807,227,948,435,822,477,344,462,616,438,341,286,174,294,672,938,899,86,779,959,676,715,275,437,28,559,800,251,762,130,482,486,158,881,196,769,821,851,554,42,619,949,613,859,736,854
17,344,829,308,649,0,949,143,904,522,975,393,72,940,270,613,92,799,528,320,697,427,673,538,310,913,131,699,145,659,831,454,342,967,207,812,122,393,606,107,552,380,815,986,509,539,80,360,612,753,353,133,294,316,672,161,339,32,969,223,773,698,535,150,18,372,949,884,81,927,993,978,333,311,781,149,169,589,21,656,248,993,451,458,422,396,781,279,873,240,449,83,894,830,729,732,596,350,723,47,869,655,959,636,838,78,304,468,8,57,680,871,54,953,193,740,573,294,80,527,306,14,437,60,593,626,245,555,166,785,908,651,658,393,871,323,861,325,709,47,379,702,609,597,644,736,362,786,307,585,762,547,133,413,24,24,193,249,611,939,563,388,859,769,285,991,772,449,399,302,42,326,3,772,517,830,203,229,717,199,440,375,202,137,446,782,931,874,191,198,450,500,542,765,431,938,474,215,17,151,459,423,332,789,506,303,967,447,751,676,44,488,477,887,284,556,84,649,975,12,733,605,326,432,285,279,924,826,280,793,279,129,308,781,1000,337,678,673,343,378,986,489,727,595,746,322,535,575,402,69,267,985,323,285,370,554,674,544,130,23,517,6,950,264,948,382,164,264,887,908,510,206,163,272,589,101,814,279,447,694,574,229,467,881,214,952,148,303,281,2,157,747,541,193,209,779,286,160,206,646
829,353,271,833,432,123,261,762,850,8,760,556,594,539,823,413,143,69,835,450,580,792,232,587,422,661,980,972,803,147,931,680,118,225,553,256,464,715,543,820,381,586,205,923,64,658,910,490,815,157,939,65,572,698,38,223,397,688,966,295,186,826,121,789,433,502,545,452,442,305,755,394,603,14,164,498,155,36,592,345,328,493,10,330,964,688,28,121,314,180,331,916,360,980,532,993,526,495,442,781,379,775,513,645,512,382,105,279,516,514,688,760,131,210,216,743,163,26,363,526,9,425,369,780,628,149,61,438,2,111,778,340,677,153,533,50,111,284,328,428,99,851,85,641,692,968,907,734,62,204,685,3,179,976,207,505,607,443,10,402,717,884,697,139,494,895,644,471,838,117,131,44,538,528,41,848,56,219,637,217,783,485,667,279,351,124,879,140,227,316,888,123,447,632,19,769,166,360,534,682,167,338,722,236,196,275,172,786,209,313,915,2,499,630,376,44,941,436,671,168,769,988,985,672,83,46,341,636,779,969,849,126,453,941,347,169,769,679,341,625,986,256,729,806,44,347,855,763,801,418,527,810,867,137,665,330,757,370,949,488,478,108,738,125,702,929,968,998,341,670,324,864,284,741,501,80,7,192,44,421,632,857,245,893,660,900,832,606,292,969,801,145,478,565,556,227,999,46,60,390
723,306,113,884,495,10,543,448,102,713,48,184,486,582,522,33,547,953,590,857,175,344,422,874,24,443,708,79,91,818,863,902,777,810,402,120,612,250,771,68,401,620,979,547,599,40,40,214,965,871,19,477,505,364,771,157,148,621,165,578,975,343,275,433,644,437,428,864,331,57,982,183,300,432,206,212,649,216,645,917,782,44,464,608,338,76,251,629,134,779,256,407,584,351,231,570,455,833,379,58,410,225,579,844,670,472,618,298,631,234,931,449,330,162,360,623,974,615,251,906,476,834,92,646,380,212,475,227,292,29,416,194,540,909,863,549,103,419,115,205,959,437,534,625,715,298,825,74,209,904,669,11,407,506,633,792,765,755,948,415,418,202,878,519,411,686,487,345,577,976,691,381,79,877,768,385,15,432,67,109,251,992,881,183,50,807,496,144,998,713,366,665,926,225,374,853,849,781,437,865,206,116,171,530,34,737,434,251,262,24,395,917,817,624,781,778,937,297,334,910,954,619,122,944,242,149,73,260,480,961,682,633,286,670,832,289,691,894,768,308,685,203,338,250,809,235,805,251,116,563,225,704,380,396,186,370,279,206,594,270,811,454,698,165,510,420,581,579,977,650,975,910,688,312,658,571,521,157,120,278,496,574,528,878,71,41,355,329,313,229,840,833,946,504,487,560,759,157,517,839
789,128,390,198,943,717,885,780,914,379,372,234,306,494,332,270,848,507,709,723,275,605,678,187,348,62,588,514,366,74,402,60,303,925,599,723,663,94,523,134,490,102,526,618,68,3,301,244,382,317,656,960,149,850,779,105,393,777,613,199,867,557,208,931,320,338,200,214,739,324,922,724,597,803,861,207,306,903,855,778,891,739,173,999,798,0,388,73,126,925,74,541,672,749,910,797,679,147,734,239,222,991,875,742,519,430,840,380,121,723,824,892,461,875,248,991,334,768,790,357,419,514,250,134,976,196,417,875,511,921,911,353,637,208,684,543,798,699,562,250,174,123,688,898,581,649,766,344,566,519,873,832,804,67,971,994,499,591,267,878,276,306,562,767,907,589,299,990,741,823,59,19,738,977,118,153,524,16,720,762,274,708,704,372,970,380,361,32,299,413,262,216,53,307,591,610,254,65,347,300,290,78,131,144,11,793,586,973,227,294,933,929,869,85,150,937,897,607,711,760,306,510,367,354,471,607,294,590,657,346,905,643,675,16,256,696,37,878,306,778,326,511,448,636,870,312,87,394,939,508,886,264,355,727,78,28,183,716,854,522,496,796,964,349,300,980,486,349,352,52,71,315,179,462,107,961,367,131,208,758,506,300,866,113,988,556,122,209,92,878,721,481,735,310,935,752,777,10,706,274
19,719,65,264,940,940,705,786,488,779,124,102,973,2,426,939,811,702,309,110,921,172,299,521,751,451,971,925,376,59,161,448,234,559,286,82,828,207,683,656,705,766,577,946,509,783,818,888,710,840,355,120,610,265,632,601,481,244,69,388,483,646,91,185,911,603,55,838,444,545,254,53,829,53,496,117,309,2,282,722,481,770,467,762,220,498,945,925,853,229,778,699,320,215,623,343,838,950,512,596,781,258,876,538,772,697,1000,523,190,794,647,501,59,314,211,759,949,752,893,578,470,150,479,173,62,222,311,132,703,91,96,221,380,216,316,610,458,505,1,113,213,330,637,512,735,410,842,359,548,810,654,142,641,77,501,715,189,833,371,824,751,680,373,716,8,352,742,809,705,48,415,846,202,502,427,125,234,137,685,378,38,966,114,614,83,505,326,377,921,749,579,927,136,386,990,279,914,453,75,903,82,779,605,73,466,689,364,694,172,537,750,82,271,140,471,860,163,588,165,289,526,645,741,153,422,321,393,446,548,812,474,257,682,451,458,589,5,772,409,135,209,97,200,982,283,377,947,480,77,940,946,512,209,14,398,467,20,64,461,424,439,795,143,504,826,998,186,405,883,815,38,697,621,165,745,303,321,510,616,4,239,270,942,325,578,427,785,14,799,848,886,205,491,260,896,397,291,508,210,326
333,965,20,33,7,749,993,710,521,720,159,528,224,267,751,393,68,37,778,597,251,971,649,331,567,300,421,316,477,171,833,106,436,799,772,276,815,684,948,74,657,15,884,904,575,601,328,275,599,699,367,816,86,985,471,466,373,893,349,454,765,852,56,321,968,604,971,755,982,107,526,700,526,882,883,308,518,934,281,893,339,635,962,510,233,276,413,968,121,955,99,366,519,334,257,451,31,869,299,525,868,705,296,8,567,29,591,925,337,243,72,645,887,990,745,719,178,634,246,495,372,183,292,253,695,36,772,833,690,867,356,856,390,837,494,179,767,700,786,385,235,751,736,678,568,962,930,103,554,725,512,425,419,639,505,383,738,899,932,553,491,449,318,293,644,1,586,802,565,584,663,743,440,531,279,2,638,449,111,469,266,945,858,13,961,191,947,696,391,574,347,885,684,921,39,7,48,380,896,342,873,243,948,172,80,147,205,371,946,444,173,111,951,410,489,137,544,603,357,142,408,484,814,108,728,897,997,485,640,670,392,252,165,320,685,525,464,477,862,672,471,613,209,676,57,733,682,174,766,980,584,801,319,513,995,814,211,892,935,498,212,807,385,98,487,160,378,338,972,648,654,584,814,392,529,970,251,536,72,486,648,791,653,468,979,120,229,312,758,76,654,997,161,960,535,659,397,317,745,677
615,911,991,292,245,464,162,547,802,192,752,127,373,456,520,555,398,643,351,155,717,808,152,689,574,553,731,121,587,236,5,653,119,402,471,968,75,197,340,402,413,808,679,19,537,406,17,111,337,598,154,82,256,960,753,225,950,189,696,67,167,604,482,850,321,229,211,759,939,37,663,565,376,595,62,885,174,675,81,520,478,906,349,537,900,51,452,769,150,113,916,611,340,839,117,882,766,6,347,254,372,799,612,208,319,165,97,837,615,862,306,549,833,309,361,477,907,832,87,818,528,860,785,770,540,434,881,562,770,474,422,455,966,480,370,150,350,400,626,604,801,641,612,311,135,953,339,519,33,483,976,630,738,513,766,494,855,873,960,93,857,91,189,464,23,825,951,956,662,423,14,318,357,379,137,536,94,752,482,911,880,164,789,782,281,897,657,19,128,709,851,255,571,817,301,295,419,141,363,454,363,986,930,971,644,763,851,280,88,748,80,675,673,703,610,241,954,794,307,612,379,792,655,628,591,452,290,939,33,837,589,220,763,980,195,191,837,162,215,771,629,62,612,622,996,548,314,992,570,202,600,661,477,453,616,546,522,213,662,977,928,989,978,112,29,761,878,379,284,339,580,886,620,26,911,188,82,418,37,475,649,367,439,928,470,796,528,951,622,841,81,125,559,886,273,858,629,431,148,492
591,205,490,166,451,425,771,709,245,787,230,246,995,136,481,140,588,658,42,332,326,633,18,930,312,264,357,41,556,160,205,189,154,35,587,573,516,858,79,102,341,198,885,553,306,709,991,728,398,378,213,484,465,927,336,774,663,90,16,165,266,811,502,22,193,572,136,294,528,424,244,942,751,417,650,849,461,903,577,927,41,201,494,247,726,943,151,407,555,979,42,273,13,771,534,514,596,20,610,227,498,252,600,957,185,48,356,572,405,12,833,38,43,382,203,407,867,312,99,517,75,55,834,698,261,589,253,247,226,34,911,489,884,186,350,111,347,419,716,710,93,444,605,42,917,379,143,369,561,548,270,416,739,408,851,704,372,857,215,512,128,922,764,285,212,816,745,973,806,467,462,15,112,352,883,373,739,403,512,33,741,860,159,649,843,831,964,770,512,156,542,95,785,93,225,790,131,428,640,69,123,570,216,277,648,950,540,548,566,101,45,694,123,551,858,478,481,635,637,361,230,0,643,357,998,559,684,855,746,793,561,331,714,1000,685,324,785,593,372,584,567,431,427,867,922,944,854,934,652,3,234,416,701,842,806,405,452,727,497,750,381,560,471,459,758,5,407,700,404,592,451,177,602,409,765,69,360,708,88,329,157,725,68,925,808,455,405,413,173,18,477,678,917,138,946,566,539,323,752,440
458,203,301,979,72,29,151,350,986,293,282,189,381,23,642,967,249,202,753,127,395,380,131,462,264,36,879,340,845,54,357,735,245,133,970,58,886,743,929,559,770,828,29,844,344,387,744,903,27,805,262,347,516,737,647,134,103,119,751,977,391,898,651,522,238,787,669,347,737,120,844,119,914,18,485,716,328,324,111,719,566,800,701,780,908,739,652,213,931,651,830,643,75,655,914,861,836,483,601,691,309,38,34,428,363,600,738,142,95,571,889,165,662,790,468,487,598,119,384,187,692,987,575,857,29,93,869,916,733,814,451,268,107,569,518,243,315,928,521,442,418,287,17,971,611,575,881,31,366,89,640,793,295,518,409,742,901,674,262,948,554,946,378,290,723,914,957,62,50,773,813,309,844,580,945,545,811,589,939,447,214,329,160,76,436,615,393,485,662,77,956,785,136,574,801,665,648,167,725,373,777,752,591,975,204,328,981,735,539,99,285,449,896,234,952,934,563,978,505,776,27,851,179,910,849,631,796,37,138,177,938,252,770,631,450,355,268,536,638,34,376,298,841,68,29,850,53,26,663,371,961,318,813,991,552,40,918,598,372,109,631,875,874,51,808,594,836,690,34,512,225,98,783,666,856,325,889,321,718,88,542,120,715,243,629,361,679,6,762,142,179,628,694,523,813,387,697,867,954,870
135,955,348,296,644,960,328,721,875,999,352,943,84,979,111,487,347,406,605,144,596,171,659,959,16,423,784,60,486,156,150,368,29,147,195,362,620,930,232,183,91,163,56,440,207,78,600,966,943,525,97,828,285,724,344,181,265,343,735,641,985,190,28,224,416,856,605,907,305,247,842,752,690,993,359,925,245,197,493,453,782,232,399,711,632,955,325,287,142,540,734,924,523,652,761,961,832,208,249,318,876,564,493,226,700,117,654,731,597,157,186,129,503,897,212,598,801,906,68,544,679,556,216,699,83,433,431,209,752,632,416,3,945,577,379,173,789,830,221,461,997,116,822,807,149,622,91,793,528,464,79,579,389,681,527,207,38,585,467,570,557,970,730,479,167,856,701,310,11,950,862,171,966,638,69,987,278,878,94,945,733,574,420,605,670,903,958,401,862,994,330,144,258,147,782,739,807,61,501,377,210,297,527,482,248,292,649,556,925,330,705,510,544,106,846,783,438,536,833,394,703,974,969,336,67,58,256,604,517,509,91,442,204,377,916,345,866,125,529,924,298,770,904,457,210,739,504,864,717,524,866,540,268,186,315,955,336,931,857,724,954,198,207,72,945,943,405,334,598,592,870,681,258,339,258,495,71,871,562,926,888,840,277,56,717,15,4,285,226,594,848,859,622,741,237,882,687,813,101,685
109,929,74,901,229,475,398,432,20,590,438,285,634,70,408,350,984,103,513,742,348,243,712,494,338,491,611,908,745,133,240,830,697,390,950,678,256,339,39,651,557,21,198,685,627,417,957,366,886,864,170,39,485,754,863,222,537,315,529,116,665,461,128,640,361,181,673,669,987,54,812,209,414,418,149,840,766,466,491,893,401,712,377,284,378,970,292,471,321,517,247,944,68,205,991,983,382,110,668,51,776,461,436,84,676,541,502,908,195,802,188,42,340,113,636,425,986,703,295,987,793,259,106,791,280,14,670,748,362,699,57,941,207,728,434,836,412,46,341,180,432,631,72,204,870,339,852,349,675,761,49,884,522,324,947,1000,725,587,253,992,959,50,768,120,701,482,61,248,639,778,603,647,461,537,248,39,747,233,700,385,498,310,200,596,772,863,648,533,611,756,672,510,470,646,976,932,874,837,524,724,932,406,246,383,957,247,956,454,163,768,15,664,122,162,179,59,589,217,207,307,154,72,920,609,28,376,130,881,713,223,960,887,120,357,192,32,793,139,649,902,558,422,276,299,802,332,109,445,397,645,142,881,690,118,382,720,107,371,105,244,205,769,996,302,882,935,169,558,631,769,740,321,692,879,49,593,455,620,493,419,82,762,54,202,670,154,654,445,98,644,954,375,104,73,943,633,621,923,448,829
117,551,913,271,461,764,99,8,399,120,634,187,982,178,629,202,593,845,998,701,530,821,742,845,874,821,275,270,716,564,796,579,522,259,974,255,163,259,184,938,425,980,605,239,480,583,793,678,948,516,80,163,947,479,53,136,175,966,490,541,196,124,355,173,671,107,179,268,690,690,620,126,519,20,855,981,68,652,153,137,800,631,475,648,330,431,712,614,391,870,191,542,510,592,254,856,359,642,962,208,536,700,269,608,362,71,952,7,414,197,104,463,561,339,41,233,28,772,91,264,700,72,331,824,610,893,649,754,263,524,20,776,289,972,854,457,635,405,101,922,588,11,715,352,890,728,789,94,961,898,871,781,643,152,609,328,675,445,636,332,829,959,455,987,743,576,859,944,183,926,937,750,389,122,470,334,934,626,759,23,64,0,241,160,462,549,898,39,379,185,35,288,5,526,231,838,394,438,319,751,309,850,795,475,413,881,721,453,929,159,399,902,502,598,991,510,657,231,594,902,549,134,377,861,609,374,78,358,934,766,237,721,324,207,830,646,567,375,854,372,306,454,479,285,583,994,758,362,844,81,269,297,811,33,323,290,586,805,80,468,105,337,805,54,432,421,562,682,154,916,382,576,406,276,483,656,977,2,910,542,932,395,182,156,653,674,247,948,629,721,200,693,726,77,224,825,804,929,774,891
69,924,75,758,950,424,23,991,611,786,536,185,67,376,28,57,114,762,701,455,684,546,327,165,751,221,521,492,247,562,211,28,237,778,202,303,25,744,299,938,443,906,228,448,101,870,67,590,953,16,30,447,832,471,430,245,406,196,840,255,810,5,372,442,925,838,634,136,257,131,242,289,377,266,772,684,630,551,774,157,834,767,868,450,732,725,37,40,330,655,603,242,110,497,508,22,514,893,363,705,227,787,550,721,75,732,642,840,813,631,850,63,711,364,339,794,169,265,595,17,547,925,289,169,23,721,851,676,815,28,673,913,638,721,734,228,472,452,863,872,454,709,718,609,612,887,543,621,397,900,355,905,788,760,244,471,239,240,140,815,25,874,927,772,431,723,940,835,719,250,913,146,263,939,406,438,527,960,762,598,464,238,120,362,868,764,849,958,595,203,287,593,809,13,353,317,274,654,314,834,411,463,597,63,562,570,374,485,522,901,929,523,421,950,491,885,148,455,777,473,947,641,104,674,889,892,456,605,305,321,34,826,839,856,408,430,185,727,421,981,935,141,523,832,926,991,853,246,146,946,983,373,849,705,931,703,940,573,915,714,853,171,160,991,891,891,700,905,568,94,650,678,671,30,757,351,223,10,106,800,290,774,730,512,87,591,974,592,805,301,674,706,40,93,275,340,432,380,697,885
680,870,532,921,454,258,881,257,285,387,284,839,629,814,212,252,645,853,738,115,287,14,353,347,241,59,310,535,589,825,112,301,803,809,509,289,807,347,763,428,673,183,14,378,13,128,11,566,680,303,213,179,781,326,523,104,57,354,886,512,80,87,132,39,652,54,977,875,455,212,910,634,865,60,369,222,557,816,711,68,150,296,916,102,617,318,791,42,360,100,478,846,1,903,347,125,805,888,413,192,190,52,450,726,318,641,383,761,130,815,449,402,317,311,426,277,419,176,649,302,193,961,43,975,833,64,399,320,461,961,340,193,449,359,383,447,520,119,690,218,15,731,687,207,12,786,504,548,60,596,320,998,241,713,247,618,515,793,603,211,461,665,904,252,198,357,513,858,694,537,164,296,160,960,134,140,836,747,778,844,823,549,869,231,813,377,668,134,904,357,756,664,567,501,601,802,940,671,472,769,582,635,428,241,412,684,808,906,559,175,779,225,353,467,285,189,910,746,463,746,165,659,82,963,530,378,613,887,844,21,425,978,683,68,351,373,77,80,112,647,867,560,831,843,486,733,221,229,199,922,950,195,713,985,463,766,513,880,29,316,465,577,689,933,372,432,703,576,283,890,47,911,966,456,775,32,75,540,281,59,755,458,596,73,997,944,844,143,238,293,29,885,124,634,660,29,394,265,392,807
706,324,483,798,283,131,757,516,620,96,63,17,204,689,471,503,247,650,580,692,283,4,990,162,447,919,608,906,262,800,799,259,169,56,489,390,824,199,332,17,846,923,957,368,830,353,794,479,216,774,273,148,504,882,687,402,931,413,710,100,0,705,126,281,815,110,815,152,478,420,361,642,281,198,384,568,883,928,168,682,471,118,59,193,560,633,739,890,76,876,563,392,122,607,956,512,80,409,494,258,500,48,50,16,431,45,586,623,462,378,266,97,513,507,623,917,557,651,912,846,122,181,392,809,871,121,573,136,271,51,450,424,549,292,704,204,606,778,123,180,584,8,248,835,972,292,467,976,751,855,168,832,168,453,405,200,80,136,54,881,883,776,176,488,425,384,724,371,265,502,307,316,183,537,625,326,517,348,440,67,99,397,93,969,577,593,89,827,953,526,44,651,319,39,312,242,553,866,826,853,801,138,880,192,941,301,466,643,567,291,540,199,356,103,730,557,295,150,129,751,118,893,303,508,565,365,473,603,356,85,402,587,79,733,977,10,452,123,558,830,847,136,742,567,556,547,83,961,276,325,116,342,633,702,938,164,999,638,98,202,193,186,819,117,235,905,884,893,59,339,709,395,139,213,987,158,100,900,209,538,220,504,900,133,816,888,252,145,839,244,722,274,696,985,84,545,574,934,240,282
323,634,887,205,299,317,191,389,138,743,58,355,349,946,437,367,155,337,245,612,557,617,275,464,956,210,89,256,80,692,502,979,351,621,916,184,578,493,78,568,566,10,814,699,117,814,998,300,998,867,544,431,788,975,46,269,996,550,746,362,914,680,898,6,488,896,33,862,626,913,618,196,242,944,977,389,793,745,61,117,266,143,633,115,439,391,917,407,99,609,28,977,606,381,940,299,483,161,244,295,766,518,792,107,445,466,457,183,758,265,133,551,431,561,881,581,175,941,449,381,479,419,834,346,988,265,768,818,276,201,672,362,69,310,160,362,992,883,33,575,538,378,111,810,807,331,69,407,687,662,34,631,249,325,834,708,602,649,492,150,122,487,392,922,724,511,754,495,957,486,181,809,845,456,521,135,189,244,226,641,367,962,491,411,805,571,245,956,162,974,452,793,76,395,830,431,261,783,162,208,661,259,696,621,809,119,179,163,431,650,960,303,618,214,385,267,411,764,676,30,403,327,911,441,61,233,758,666,405,189,223,276,811,337,253,583,791,30,946,739,864,141,616,477,258,296,438,790,454,654,195,976,813,188,782,755,437,377,671,166,930,967,271,332,915,437,800,699,761,379,926,464,519,906,122,89,244,369,953,974,668,1,62,359,20,149,335,591,348,400,770,126,221,867,890,528,891,419,125,546
619,722,239,681,200,153,560,532,502,530,10,302,798,251,646,77,195,345,826,182,344,230,760,190,448,16,148,58,291,450,954,842,461,800,613,261,82,142,695,164,394,201,938,226,570,415,931,385,763,722,299,142,29,118,645,645,428,44,857,957,242,720,819,456,526,47,524,302,932,521,284,244,196,519,907,918,513,775,529,691,943,874,515,354,50,430,830,698,451,386,387,477,605,904,586,936,364,233,819,341,231,248,665,813,462,354,873,488,960,634,681,257,321,396,838,790,600,369,858,730,657,730,62,733,334,84,993,526,316,207,91,476,465,944,307,172,284,926,929,144,753,182,334,210,665,17,752,25,2,1000,783,68,289,815,141,423,212,399,330,55,71,512,946,917,107,63,513,303,901,510,19,374,149,819,78,52,288,788,613,180,758,965,539,51,192,119,827,98,770,199,98,66,10,775,156,821,956,579,676,850,172,3,201,613,46,808,430,814,687,78,756,859,540,176,988,842,781,346,762,242,472,628,242,425,828,657,236,731,20,275,576,271,927,33,963,10,630,473,652,13,531,632,821,104,567,922,543,327,971,884,173,684,900,575,611,313,705,81,515,984,874,164,928,907,14,393,995,254,18,445,68,840,100,814,656,201,597,233,504,27,307,929,423,528,361,500,628,111,634,605,693,499,648,371,818,635,985,165,67,987
911,745,396,361,931,582,855,244,114,549,481,791,984,726,455,534,156,467,287,115,498,562,581,412,207,816,743,671,506,461,802,939,518,33,987,900,537,565,74,937,329,389,796,498,727,684,947,214,807,592,257,629,295,827,731,372,63,953,696,556,425,954,582,287,39,496,856,746,558,159,61,257,310,524,597,463,727,29,436,726,998,198,444,770,296,827,454,572,543,523,738,394,352,403,412,805,663,69,847,511,794,248,591,744,559,923,808,624,973,538,317,223,223,285,581,396,784,664,115,170,529,604,530,190,223,999,427,351,991,726,166,26,98,700,687,442,841,8,562,492,94,653,845,657,783,759,846,754,211,434,325,550,532,322,295,382,982,938,885,29,54,259,495,334,958,383,70,973,446,15,459,859,95,571,513,210,677,445,672,254,818,368,659,835,553,38,964,986,465,242,992,602,936,693,936,659,596,274,684,605,619,566,295,55,784,537,569,569,281,265,619,934,732,295,727,698,942,728,349,692,984,274,77,863,997,572,136,0,219,234,602,858,773,871,911,649,22,816,360,780,102,393,812,665,135,210,365,911,349,55,965,451,836,174,962,462,362,13,382,556,940,414,925,134,367,315,67,596,659,225,293,6,732,359,344,204,229,899,386,330,619,751,851,730,299,422,842,14,636,747,970,117,291,996,909,189,700,770,316,530
281,88,828,552,645,221,859,251,105,30,545,338,926,195,633,919,337,375,104,827,417,776,606,205,92,735,136,801,500,28,146,325,223,215,987,281,656,616,751,599,694,957,969,773,174,739,753,657,597,932,185,875,232,614,56,540,744,603,561,873,478,965,868,482,654,259,17,886,233,46,846,873,386,734,49,528,357,993,686,921,795,383,493,165,427,926,254,500,123,913,511,642,725,486,944,31,945,875,264,186,607,631,15,151,963,920,110,947,56,836,2,633,317,853,154,714,848,472,563,482,552,126,332,930,894,162,426,682,790,323,922,923,563,675,130,344,527,120,645,902,297,372,238,237,737,862,155,201,661,297,703,470,217,169,853,700,215,792,44,959,659,767,815,494,995,569,810,220,68,790,279,773,117,761,125,55,151,334,890,80,94,201,436,736,470,750,778,689,812,177,242,209,79,335,270,569,528,67,529,395,685,668,561,567,928,338,390,235,501,622,360,379,280,343,387,279,373,427,336,24,9,794,558,726,465,367,803,426,612,112,23,197,821,149,735,946,762,155,53,621,39,132,643,718,564,619,981,993,656,659,182,797,806,925,170,479,604,653,166,991,160,816,601,362,848,286,477,135,911,504,459,303,762,902,976,995,561,157,878,710,729,478,46,895,847,428,670,755,469,42,227,599,253,14,575,744,886,172,433,861
364,356,860,63,107,680,351,761,664,835,892,376,164,975,688,991,443,619,308,268,422,286,962,718,810,715,40,911,88,682,520,243,974,919,538,721,859,273,733,220,990,616,889,523,704,647,458,751,697,388,165,461,591,155,355,602,484,514,482,293,258,253,151,161,87,270,172,165,719,412,462,370,871,440,392,201,641,124,570,864,655,691,592,554,63,406,642,49,745,465,421,418,67,554,296,595,831,865,622,467,934,88,480,517,613,625,1,653,379,266,588,199,876,578,929,511,118,660,459,499,133,510,983,685,297,393,58,509,906,291,703,929,511,338,960,145,639,847,500,530,523,679,722,485,24,10,999,809,558,631,888,844,799,388,107,299,747,327,470,704,443,173,598,684,680,769,556,62,517,950,563,914,780,135,683,413,777,601,356,660,866,329,981,246,53,690,3,922,1,969,306,328,395,612,222,204,726,855,959,316,912,924,69,929,940,406,308,690,569,578,794,40,683,968,600,582,31,979,471,228,117,274,471,428,886,322,883,136,409,309,275,175,316,828,326,484,645,413,757,749,73,9,454,650,148,214,224,947,404,519,135,247,715,331,619,740,828,142,22,143,268,757,991,316,564,364,231,270,414,734,635,676,607,746,320,672,481,33,721,591,377,198,673,629,373,584,839,882,756,989,449,929,517,4,144,9,140,688,618,827
678,138,391,392,776,487,528,551,219,862,972,849,0,623,839,23,518,685,654,480,836,232,965,878,519,498,495,264,389,478,250,987,144,191,968,585,249,758,470,435,741,418,934,390,667,924,113,817,531,507,886,58,916,155,178,921,223,777,824,883,585,845,850,702,345,201,403,371,969,307,204,746,245,577,439,413,825,425,983,58,395,195,389,29,931,840,757,749,489,916,379,104,407,437,345,86,636,986,741,120,213,852,440,179,609,408,618,629,10,847,785,694,381,391,210,507,879,142,333,736,105,675,899,527,625,447,829,391,976,538,185,655,745,786,59,339,66,690,70,120,398,623,788,733,808,278,569,898,150,175,714,497,788,135,338,502,117,201,190,416,591,9,666,846,509,20,185,524,531,534,334,12,577,860,234,96,414,660,400,552,735,43,178,173,632,866,399,84,502,119,615,610,27,677,137,572,752,642,924,930,200,375,123,532,916,720,517,508,446,999,836,783,219,67,740,651,297,581,45,128,122,124,258,563,633,584,714,813,826,67,519,276,327,377,436,72,824,57,814,76,787,343,775,334,273,721,808,514,844,892,583,320,456,14,842,991,186,773,508,819,123,484,113,404,327,915,15,469,949,319,720,809,488,484,4,354,532,429,343,189,234,365,996,408,282,974,893,588,683,432,884,708,387,821,262,579,103,250,519,243
954,971,185,699,13,750,822,396,39,221,418,782,804,467,548,33,153,348,57,162,742,667,196,135,183,193,359,145,752,317,456,420,747,1,859,566,541,863,259,941,510,252,696,48,164,281,423,150,399,929,780,113,381,173,420,42,730,23,937,669,344,723,685,937,344,431,560,541,203,436,741,233,156,509,573,749,946,858,480,705,790,359,525,586,6,316,994,195,338,96,180,212,294,992,520,745,169,900,598,434,111,810,359,535,799,682,116,36,533,875,975,447,489,403,649,14,637,372,761,520,596,219,778,807,866,799,140,478,851,844,458,893,83,62,922,417,320,936,104,235,782,975,413,75,287,973,907,218,6,906,89,958,313,378,82,988,547,544,405,450,442,911,758,115,98,33,69,181,986,484,136,383,113,730,940,792,780,619,646,253,546,475,496,76,294,12,67,727,408,854,129,890,728,615,710,574,623,712,622,715,317,277,180,133,803,163,658,79,125,863,116,865,284,681,184,137,919,799,553,304,153,235,894,687,679,903,710,354,825,704,60,148,918,535,667,907,545,519,759,324,340,368,452,839,843,439,683,405,916,207,20,825,565,891,952,425,274,143,668,759,833,402,572,575,535,642,103,992,748,829,298,801,469,715,363,86,961,327,349,592,539,250,428,949,411,226,760,383,245,559,10,849,13,96,185,486,782,577,590,95
128,365,177,851,496,604,510,195,535,68,732,257,253,846,302,322,922,947,6,458,798,140,981,212,113,863,885,787,769,432,720,663,75,149,436,390,478,106,834,434,395,557,739,152,492,147,715,803,324,381,210,970,944,834,737,697,865,647,489,211,983,691,382,976,188,909,899,580,629,195,971,121,834,583,453,197,302,127,280,548,442,905,801,701,307,86,419,26,750,183,666,698,797,192,150,245,249,289,821,151,572,90,796,199,36,34,331,563,139,399,471,931,637,310,653,430,586,882,579,116,393,172,556,207,785,610,343,960,804,68,246,605,825,535,639,840,462,700,759,971,762,703,596,318,746,53,758,779,407,704,541,9,478,377,121,357,285,310,6,892,354,986,602,935,607,563,960,601,93,252,342,804,752,554,745,206,40,830,148,314,523,31,631,366,415,780,274,227,59,864,595,989,282,944,640,527,445,812,601,74,241,858,240,490,337,361,651,89,294,333,130,974,126,428,545,798,379,802,463,44,732,551,441,3,165,263,593,864,315,747,275,126,239,783,949,719,126,270,958,383,346,13,609,545,146,811,718,956,506,436,42,924,343,792,911,132,438,801,665,858,850,284,705,397,673,6,700,163,756,200,614,784,1000,547,68,141,75,429,733,672,815,382,73,75,97,284,843,865,587,838,165,64,336,95,390,538,202,361,289,623
478,136,423,25,578,289,129,293,946,354,270,4,330,889,857,645,943,845,2,72,118,273,631,185,493,465,86,148,404,201,717,480,465,388,655,405,371,261,169,401,938,515,73,770,396,401,361,261,249,25,963,490,412,345,306,13,929,174,860,601,398,201,174,987,930,867,178,964,354,901,965,343,787,421,820,590,715,551,85,257,704,624,854,136,35,864,934,492,31,770,50,184,357,383,517,638,467,537,151,862,753,161,798,269,818,818,515,120,695,758,414,508,244,522,556,17,845,182,755,8,733,821,430,965,470,267,884,958,507,401,992,230,460,13,279,48,837,194,404,801,974,588,804,499,632,692,645,758,309,399,126,52,958,559,560,824,895,437,427,575,237,173,166,166,622,26,5,984,978,807,455,436,544,983,183,419,576,658,760,414,535,181,956,321,490,276,58,794,518,779,108,558,583,919,190,232,251,206,227,166,294,236,990,350,991,465,772,958,653,148,727,615,652,359,161,429,586,281,6,169,607,159,508,243,218,334,124,279,278,812,427,367,534,715,939,789,128,864,799,201,180,207,772,20,244,946,964,359,643,312,407,869,293,550,92,722,398,222,773,559,816,20,9,764,27,870,664,26,510,994,218,536,732,879,562,812,903,90,881,943,169,697,702,417,544,697,380,413,265,165,22,931,913,994,101,311,728,294,519,80
840,877,113,588,741,240,562,723,997,141,64,148,498,98,729,520,963,208,314,870,791,716,341,214,101,31,888,855,761,719,715,889,162,61,61,706,856,530,493,143,655,476,973,63,133,669,373,415,672,999,334,929,65,238,194,853,10,908,494,700,208,907,276,149,325,982,532,800,223,337,65,78,884,641,239,745,298,351,380,916,583,269,759,123,702,795,368,198,123,800,659,74,767,468,43,57,319,965,662,468,270,625,367,784,47,692,206,611,690,1000,510,171,397,169,279,995,769,893,872,869,325,875,128,884,289,219,294,569,165,601,186,812,962,89,279,108,552,265,134,931,298,63,138,777,825,373,813,128,549,938,721,668,790,965,788,280,711,400,746,304,889,136,16,452,692,935,177,993,302,50,481,489,297,878,625,292,698,317,183,396,298,162,38,620,217,656,304,143,771,772,79,81,616,630,273,884,656,233,900,27,502,800,396,526,571,497,99,688,470,393,991,445,353,619,141,978,185,700,605,601,993,86,236,614,319,809,988,719,787,343,884,510,696,594,614,110,786,832,172,769,623,765,28,776,21,987,644,593,112,449,937,545,478,615,650,184,196,548,922,379,564,343,833,129,545,885,661,644,603,600,728,834,557,724,913,539,213,147,584,694,529,985,11,349,43,191,793,476,490,922,778,834,111,556,787,627,942,512,272,942
147,949,0,527,175,765,194,788,13,692,563,715,34,673,554,172,372,474,52,543,807,962,940,594,735,32,786,30,818,506,791,563,517,441,146,90,836,484,528,720,439,563,251,474,646,191,789,92,934,233,856,245,429,893,323,180,325,524,377,643,439,918,953,791,717,919,151,617,352,88,594,297,406,343,459,953,250,44,840,542,416,160,399,275,593,498,815,295,521,493,173,413,401,785,307,872,804,714,393,210,381,770,616,791,426,586,13,852,459,994,788,822,66,382,624,949,613,9,728,667,455,232,838,114,325,617,208,417,773,742,505,791,785,909,384,764,315,590,302,924,95,802,947,813,645,195,313,571,334,395,539,181,364,929,830,20,567,59,955,976,85,219,529,723,772,134,924,158,636,233,587,78,741,732,855,790,760,106,823,295,329,361,502,860,127,469,933,991,149,789,580,207,646,734,946,426,940,810,844,537,889,308,72,806,693,933,933,750,837,946,859,551,16,522,182,815,201,692,275,565,785,555,988,458,76,398,527,268,717,721,127,795,833,820,143,968,687,420,53,985,882,944,260,475,138,44,955,61,622,102,887,113,921,933,462,205,770,300,291,470,216,259,877,618,775,596,323,481,856,388,436,244,202,55,134,154,821,618,556,580,189,158,587,711,757,158,495,55,932,112,288,329,308,263,458,747,228,232,478,264
250,282,240,62,422,492,611,825,752,951,861,643,231,896,380,936,888,724,711,174,998,622,457,207,596,550,563,3,90,180,280,90,777,983,80,940,834,596,57,969,108,631,554,419,182,808,293,830,500,525,9,332,485,558,896,312,489,719,695,265,958,894,247,975,232,678,935,229,585,142,570,641,192,302,756,217,882,771,200,366,613,523,124,924,558,142,347,620,35,511,27,467,774,217,370,572,485,234,814,446,784,883,705,314,417,517,989,990,673,243,795,774,638,491,508,997,196,832,645,949,390,962,866,720,352,320,643,634,116,418,804,473,286,158,115,428,129,909,207,697,643,483,76,648,95,284,856,591,835,920,130,797,678,572,599,335,114,478,799,798,397,946,631,779,990,798,803,23,651,895,287,514,678,59,818,798,799,347,656,268,602,9,869,755,915,973,971,473,739,732,701,766,39,720,695,206,566,736,21,350,433,86,297,740,580,32,55,224,794,919,720,957,555,320,781,344,951,944,230,346,911,76,943,202,858,490,5,708,480,508,497,244,373,463,783,584,889,660,459,866,184,822,487,346,391,273,845,649,492,535,80,307,253,114,40,75,775,851,503,142,468,878,79,854,623,483,875,285,901,548,47,549,167,516,633,748,704,487,437,780,829,862,54,46,288,226,880,403,83,979,942,189,855,253,585,9,513,918,587,398
608,651,726,17,271,892,150,330,930,906,717,39,810,511,632,120,380,915,528,69,824,921,883,534,139,392,797,682,992,399,794,402,627,514,560,100,328,941,297,62,832,608,734,485,710,749,507,293,992,817,291,29,663,129,121,875,412,262,903,452,651,167,940,968,912,683,928,574,697,234,677,159,172,570,337,819,899,995,108,405,78,928,611,642,734,840,761,505,417,505,323,252,159,824,698,705,575,154,433,641,377,567,211,526,143,442,724,836,404,152,914,194,554,333,765,596,427,299,720,402,589,590,74,283,995,47,452,314,978,56,814,455,627,717,583,293,662,108,136,920,802,443,909,100,325,18,28,295,460,697,430,460,992,83,838,194,140,984,369,964,254,164,153,865,508,26,572,808,505,938,856,480,278,722,127,681,607,830,610,768,208,588,312,496,70,849,565,548,95,45,868,952,612,207,621,670,178,712,91,85,113,628,598,76,513,927,767,432,722,104,92,574,91,825,261,121,729,167,688,538,624,372,237,25,486,801,511,980,479,852,692,260,309,220,331,831,845,838,471,411,967,339,850,10,376,753,296,579,493,284,250,694,807,582,226,874,70,729,193,342,504,598,758,500,846,370,371,486,991,198,722,598,721,744,684,871,14,264,494,696,866,957,627,723,170,595,799,544,816,10,338,463,269,947,347,671,552,972,578,203
399,107,449,663,393,327,481,702,626,832,241,315,2,223,312,262,242,592,470,216,626,947,666,696,619,788,256,528,743,200,465,898,72,624,122,513,35,738,822,216,912,912,686,370,593,282,173,777,423,10,873,370,603,661,927,189,461,809,725,942,390,765,89,789,276,575,164,1,150,844,762,622,767,235,519,328,554,342,808,439,972,125,820,484,326,263,276,103,844,905,65,213,142,760,808,616,877,331,880,25,779,417,345,379,216,307,866,491,25,315,693,324,648,284,464,402,658,518,839,748,464,304,800,304,6,581,474,108,713,197,164,508,452,859,635,150,569,740,188,201,817,902,328,498,732,667,544,391,238,946,176,154,174,238,364,577,797,447,698,689,426,99,477,865,81,702,794,914,711,999,856,617,275,621,104,841,331,190,486,141,940,828,214,371,422,425,43,46,618,563,323,3,353,740,793,88,841,331,432,535,82,224,306,68,869,449,769,22,289,794,603,509,654,284,808,571,630,871,758,457,158,588,30,375,631,521,495,284,614,261,425,243,649,60,721,1,296,980,866,806,696,3,343,819,595,351,750,915,119,481,6,592,120,119,740,408,313,527,162,363,699,960,499,192,225,85,46,234,186,265,619,753,588,465,79,826,571,572,372,315,669,980,723,33,569,895,296,190,662,591,932,12,423,215,455,245,196,717,190,856
933,366,868,453,527,705,814,669,185,339,220,445,31,230,889,429,464,146,416,683,583,558,460,555,173,990,123,746,926,949,38,436,273,681,93,762,160,358,807,458,227,558,532,537,121,716,480,38,159,103,609,300,660,419,913,988,989,722,560,872,452,372,468,593,166,442,493,645,958,869,10,840,381,2,857,4,948,967,611,719,356,7,974,44,421,238,613,741,342,556,780,984,351,224,858,359,733,930,624,689,974,412,63,313,797,401,764,755,864,854,267,535,647,763,876,178,769,911,299,869,302,383,707,239,256,357,101,337,871,705,850,700,702,209,75,486,13,174,728,831,880,888,322,359,602,835,147,899,640,107,808,988,930,106,416,120,176,130,74,704,993,78,870,326,692,942,221,704,835,107,746,845,359,674,939,265,983,216,539,693,188,736,848,202,765,292,210,131,807,149,354,898,457,431,666,543,518,993,89,908,259,773,418,21,237,26,347,151,338,975,184,237,766,480,225,810,157,768,594,286,271,480,645,888,281,160,205,435,628,316,991,903,930,367,632,262,142,870,545,594,709,901,828,828,95,374,678,235,92,978,742,725,84,881,784,781,598,75,617,781,89,617,444,931,938,974,959,776,393,638,110,528,615,9,153,779,137,439,15,236,561,91,896,356,581,425,178,378,829,279,395,360,42,884,454,420,206,731,601,361
178,258,613,643,1000,767,371,208,581,281,495,322,824,104,399,960,10,852,584,98,816,831,172,350,120,388,550,342,883,950,5,480,75,949,636,173,870,666,443,963,366,60,976,696,621,706,770,807,946,823,331,305,714,542,938,612,634,653,16,69,84,606,5,654,983,456,984,638,127,237,119,295,609,646,610,126,667,721,41,782,673,139,134,1,526,371,532,187,994,630,505,829,657,283,226,126,126,115,43,336,544,902,426,504,148,6,631,677,565,388,338,826,845,105,74,303,248,868,183,126,860,262,329,756,401,872,300,228,282,972,4,309,194,365,856,513,290,10,412,791,410,64,959,601,747,215,539,197,234,219,158,262,54,396,467,802,75,63,261,114,697,451,48,974,600,143,791,333,697,247,689,788,780,335,741,578,819,290,852,611,659,582,591,504,442,850,112,115,319,991,636,343,289,463,556,341,396,197,415,851,10,65,579,989,47,904,179,944,351,870,803,849,921,742,827,178,407,4,793,216,845,872,132,239,916,900,937,885,196,983,30,791,671,100,719,461,52,20,764,195,336,829,104,731,734,539,452,36,697,933,640,639,94,585,42,726,430,643,140,331,979,284,446,928,142,205,28,452,478,144,383,545,105,163,698,810,927,970,24,476,266,298,582,517,988,415,473,201,511,539,237,442,184,913,596,786,360,169,218,502
768,815,114,576,560,790,111,188,664,738,278,570,557,50,777,565,516,249,380,394,88,174,600,559,147,900,737,693,142,891,852,42,551,623,21,817,267,189,863,781,66,965,405,803,387,422,103,426,613,943,911,81,459,741,546,688,144,136,585,49,986,192,733,599,184,781,106,620,527,577,756,740,188,717,381,686,180,653,891,216,306,222,351,651,254,636,285,579,414,504,158,885,272,365,395,314,921,745,632,717,112,199,697,602,569,142,353,864,832,26,5,984,308,93,183,377,316,625,961,182,941,956,713,200,684,700,464,832,263,934,307,616,338,48,316,560,880,147,314,617,261,640,708,629,576,720,944,417,842,302,846,403,239,724,525,90,485,70,18,455,359,708,706,564,876,506,560,9,632,586,692,352,641,180,736,426,259,834,211,755,776,546,460,931,996,544,252,910,37,421,331,101,244,488,786,647,89,340,543,303,463,613,25,584,364,991,156,943,202,379,181,963,86,317,891,632,697,22,873,275,688,28,435,816,701,394,335,710,590,150,829,173,363,704,849,786,583,333,745,578,378,224,723,154,751,383,67,745,838,828,168,822,905,37,374,317,327,903,392,94,616,89,414,879,301,782,892,306,857,772,873,208,221,646,559,77,351,278,729,612,535,283,210,221,494,896,673,169,869,938,573,660,676,58,741,341,241,663,304,326
946,156,435,607,958,850,755,599,618,37,731,265,218,309,123,609,778,653,225,365,616,424,62,786,131,832,485,944,653,517,454,33,61,807,195,989,418,804,907,627,335,982,280,328,855,269,528,530,237,346,995,480,957,298,375,608,799,440,454,195,230,127,380,706,77,664,737,384,588,506,482,250,504,678,647,381,264,355,542,836,465,495,811,577,928,486,405,350,240,473,958,130,667,417,488,803,752,211,993,85,721,512,282,959,939,584,460,405,436,570,472,171,560,572,814,341,260,325,685,964,228,216,688,984,80,839,299,668,800,697,826,19,484,187,304,215,656,222,594,426,607,405,401,946,24,553,772,309,689,530,767,699,288,12,240,397,744,811,117,564,823,769,66,498,31,89,967,848,674,443,134,713,546,715,617,559,540,339,258,854,778,238,523,421,577,658,813,415,79,213,580,803,507,244,713,258,223,751,311,426,320,807,355,654,852,122,606,502,470,579,305,588,229,796,879,787,71,345,98,690,169,231,760,285,327,312,973,207,527,571,72,83,486,837,565,937,151,422,849,242,945,777,374,700,847,130,789,131,254,31,941,159,483,267,576,203,112,858,734,901,267,306,353,616,608,763,872,469,245,713,813,438,408,807,366,395,831,578,778,565,129,246,730,405,816,73,532,286,390,710,309,225,366,494,231,931,615,149,613,756
516,659,468,359,71,638,827,752,758,978,574,919,385,507,491,402,69,450,535,997,276,69,846,478,218,928,313,48,321,700,321,876,942,664,676,410,395,313,63,266,239,462,598,700,911,677,252,839,129,893,593,3,544,165,50,541,648,323,227,52,15,388,797,307,73,437,141,316,635,524,436,823,757,405,897,853,861,234,401,389,429,315,936,244,780,287,689,162,497,648,112,593,78,92,833,425,841,60,354,750,49,57,924,854,112,710,220,755,204,12,448,248,764,297,853,219,773,46,848,745,894,672,272,577,683,791,866,839,777,686,875,416,690,11,27,712,985,455,538,647,140,989,662,832,823,5,514,48,185,830,158,320,51,676,748,462,543,547,810,360,274,184,550,686,921,705,132,873,407,15,530,237,321,38,680,163,850,95,628,279,615,681,946,376,708,912,890,921,488,902,359,219,189,961,117,74,228,659,561,755,987,974,684,177,231,346,695,964,188,741,611,145,933,919,12,109,131,352,885,662,410,921,840,75,357,19,62,896,156,815,562,857,674,888,644,923,554,861,261,99,480,993,588,855,287,793,402,971,795,458,151,644,545,103,680,454,908,797,15,184,811,303,376,110,307,475,349,800,95,616,678,658,9,557,245,850,544,167,899,859,299,725,215,457,373,165,623,734,127,16,759,682,623,78,768,531,315,56,676,305
975,592,978,46,440,975,678,18,163,585,410,965,787,460,337,338,918,735,509,421,494,107,743,526,388,568,725,446,343,333,152,296,850,293,418,208,650,970,299,431,961,968,536,411,335,337,975,7,817,287,634,295,850,964,214,205,711,941,900,452,517,957,106,285,765,482,75,742,328,447,491,607,380,723,759,796,295,114,535,915,850,460,827,902,210,761,299,251,953,8,364,177,329,570,347,674,170,356,174,271,324,787,390,28,878,173,147,781,584,171,265,307,986,118,865,72,723,842,481,125,686,137,127,301,907,864,53,113,516,617,294,121,448,872,391,533,391,859,954,50,810,855,366,570,310,991,336,741,898,572,245,555,423,723,125,783,944,104,683,68,387,359,900,488,382,873,594,793,190,476,703,776,689,657,623,821,913,357,394,129,266,261,518,729,500,699,174,591,457,768,735,571,424,50,329,112,757,315,68,556,548,206,959,127,638,534,498,156,356,882,889,424,189,444,72,279,924,868,927,808,515,646,950,940,238,401,564,841,253,846,92,622,717,982,147,749,215,316,522,840,44,515,794,980,845,671,822,851,662,878,184,928,377,445,556,202,452,711,304,535,921,927,682,535,136,902,621,998,693,869,312,27,186,264,279,548,230,386,733,166,419,950,172,460,61,967,568,611,982,13,254,856,784,698,49,455,675,977,151,655
726,891,804,298,612,463,935,999,36,386,507,956,39,737,232,539,922,148,881,84,506,629,125,548,941,984,375,767,357,408,307,610,710,325,229,836,7,286,983,824,744,746,112,386,351,929,31,548,836,684,548,789,238,792,214,537,224,724,665,664,890,546,743,227,603,55,713,805,524,504,826,620,946,710,753,945,683,14,801,797,103,772,356,124,390,431,18,863,968,635,992,732,560,615,766,251,45,369,83,931,150,760,827,687,219,798,611,2,135,106,547,898,345,192,664,572,33,710,124,482,613,573,811,608,754,455,70,957,603,768,327,981,230,940,103,473,910,604,300,982,957,495,222,161,974,928,660,799,743,409,849,891,516,713,747,926,965,250,476,264,165,998,647,117,511,760,853,661,408,155,594,335,412,411,16,143,436,92,752,858,452,906,923,745,90,681,922,203,677,138,880,418,150,916,72,956,872,672,844,992,28,705,413,705,493,833,286,738,768,726,291,713,161,328,773,764,357,863,256,261,411,185,912,996,554,990,277,617,983,135,787,930,700,690,380,635,121,63,647,757,918,598,435,511,656,169,45,683,511,128,89,75,981,556,672,10,772,763,187,150,211,3,760,523,535,726,586,852,843,79,987,237,878,401,774,525,615,999,249,557,866,221,525,770,135,190,981,478,195,627,620,325,184,514,593,658,419,489,514,839
652,239,584,108,382,899,176,351,501,116,382,800,938,194,578,100,502,406,832,89,517,752,913,157,860,113,385,700,190,408,768,952,488,77,753,14,728,154,651,436,321,375,772,446,258,146,854,330,421,125,521,219,489,502,246,157,968,436,964,91,760,683,139,711,76,556,861,504,174,267,750,1,241,450,228,148,891,203,179,257,623,241,382,393,44,307,170,541,161,918,385,234,29,415,123,524,186,572,740,782,526,662,360,999,273,638,122,623,266,572,35,286,461,641,468,272,516,733,379,985,727,751,333,568,228,668,771,586,487,734,665,504,312,595,528,783,132,268,360,996,750,413,36,635,846,824,620,422,281,991,940,767,992,123,693,131,693,354,980,612,706,593,421,262,712,524,77,754,431,279,893,718,178,818,302,190,451,368,294,801,914,478,14,964,411,671,14,725,51,926,103,696,466,732,902,799,503,793,444,606,218,953,857,103,427,88,115,658,386,268,187,953,543,952,632,595,802,525,847,241,617,916,824,965,462,488,968,602,610,167,956,474,779,752,36,515,141,278,578,701,54,305,889,751,879,485,78,55,134,231,280,770,955,999,154,752,568,173,427,571,938,802,662,607,841,231,285,139,809,853,419,558,157,402,351,613,308,765,434,674,329,577,600,344,232,709,510,985,760,931,189,894,501,396,776,101,770,464,625,961
322,711,860,666,891,508,76,126,595,493,745,747,884,93,111,754,428,682,667,688,626,121,646,464,510,393,469,908,823,267,552,751,105,806,498,740,278,224,874,800,947,567,929,305,784,887,203,288,801,527,426,884,59,810,781,332,977,35,790,366,100,507,228,583,330,809,884,651,721,760,216,853,231,423,716,310,687,993,370,631,155,89,306,82,239,201,666,508,959,58,430,306,67,317,14,985,97,577,872,848,280,257,881,932,149,839,229,708,457,377,251,496,637,353,203,713,550,427,98,189,713,522,382,64,708,23,797,706,390,930,106,824,350,76,687,715,939,962,685,514,764,496,442,242,412,850,365,26,615,326,941,914,450,541,52,807,731,986,621,594,905,892,873,495,151,51,877,944,544,927,786,482,618,540,100,646,965,316,698,548,313,358,249,51,761,546,498,173,374,764,607,227,161,338,704,409,715,772,505,496,171,359,788,799,953,371,627,290,96,358,493,521,598,688,665,977,497,195,898,886,431,997,574,140,827,524,675,756,639,259,758,889,475,947,531,6,504,918,294,255,763,142,386,160,993,324,415,91,959,377,191,218,206,434,657,171,102,731,961,188,515,861,717,875,463,81,6,858,145,498,754,671,217,969,403,751,460,725,771,988,259,901,552,125,60,378,399,849,7,57,911,315,977,623,427,910,938,971,546,330
186,878,866,493,449,863,904,642,731,791,517,678,649,742,926,671,758,220,359,824,429,572,323,273,983,611,226,814,552,13,12,457,350,763,765,635,337,437,862,585,831,682,835,100,472,436,343,311,678,175,779,241,331,981,86,793,65,636,737,594,168,175,97,150,197,410,801,282,515,321,597,947,224,834,804,819,196,794,386,870,898,137,670,753,395,462,649,444,608,644,20,827,420,730,581,275,725,614,804,445,629,409,38,748,326,225,349,420,753,657,579,390,608,826,140,399,698,311,490,472,518,384,293,235,218,252,68,718,498,928,753,877,335,257,59,341,965,337,482,159,333,904,766,145,80,269,180,384,554,920,398,424,147,861,369,689,937,69,820,619,572,456,536,610,190,920,360,181,982,846,979,880,81,549,517,30,583,851,438,196,362,413,606,20,781,496,720,198,157,37,440,525,964,137,956,618,145,712,518,521,746,159,862,77,561,477,64,753,831,124,984,117,698,976,237,163,326,363,354,745,483,439,775,756,50,458,495,709,739,489,731,759,769,105,853,607,965,748,601,527,533,700,659,422,471,559,452,392,332,308,583,537,148,761,335,63,220,554,132,235,209,655,859,260,600,22,567,757,864,19,968,102,444,203,67,712,446,497,857,785,339,218,840,855,639,858,144,819,379,746,207,984,761,508,998,536,84,728,579,758
518,441,827,624,849,163,327,410,696,307,992,121,373,119,420,153,878,254,579,952,665,499,271,557,84,511,884,997,744,659,182,165,958,205,358,176,911,776,686,886,213,699,195,863,345,395,259,963,812,982,227,172,407,642,979,805,321,895,205,406,681,157,812,229,12,39,899,173,961,209,290,916,614,51,0,183,985,969,631,904,299,211,992,705,901,336,277,366,49,341,140,934,234,382,453,207,559,485,875,951,220,321,844,982,32,490,97,681,360,345,327,142,965,953,884,796,757,751,407,583,923,838,565,105,557,228,312,551,515,459,945,396,504,280,17,738,664,106,351,84,400,551,702,585,808,289,327,340,436,676,70,488,391,349,656,467,871,927,798,523,749,372,467,161,725,429,978,675,537,140,963,257,793,127,411,167,528,311,451,899,794,920,455,205,103,82,243,976,316,413,678,500,360,598,205,552,332,552,247,358,567,224,289,21,845,651,384,286,711,498,872,869,215,521,539,907,334,887,469,873,211,966,591,183,142,805,697,586,25,539,168,826,234,390,505,251,288,824,544,728,553,339,275,710,681,381,590,229,751,172,46,719,690,58,210,938,543,322,663,370,725,104,483,223,568,134,433,269,20,652,928,883,527,466,699,636,493,902,72,923,671,915,966,182,768,275,984,331,447,989,651,188,919,704,928,134,567,889,659,966
432,212,906,616,19,826,281,835,658,698,455,957,755,160,342,419,301,425,586,373,245,31,231,476,107,206,960,818,482,528,835,895,685,628,591,177,109,711,570,835,289,283,892,590,902,479,224,672,527,909,502,830,458,494,317,289,359,204,574,193,647,127,82,276,379,905,431,984,668,349,298,134,796,394,535,938,636,341,659,57,236,671,70,369,288,21,260,112,773,374,891,345,475,301,811,538,301,231,86,780,23,341,906,647,366,490,923,505,697,30,964,380,481,388,652,236,666,161,408,360,101,723,175,416,159,11,256,228,427,214,496,34,387,842,504,119,734,399,706,633,124,922,640,704,750,108,1000,817,685,161,97,108,212,823,241,658,738,743,961,749,188,960,289,791,209,465,1000,471,942,438,27,172,754,611,192,844,595,270,240,882,527,298,898,91,812,571,587,597,823,749,183,185,835,883,700,330,266,582,383,741,567,944,931,301,545,405,524,910,6,911,60,789,325,195,822,223,114,33,851,375,109,904,226,717,44,487,128,307,354,741,940,181,699,347,341,856,828,49,454,568,159,635,741,780,61,964,475,72,932,484,647,770,721,401,190,465,950,654,155,199,97,350,311,769,334,412,847,570,226,598,933,40,212,816,584,510,159,987,173,264,994,739,170,847,170,613,613,914,566,797,41,543,395,540,524,135,12,947,276,617
334,214,39,167,231,192,646,460,51,970,454,770,498,635,809,418,596,286,281,925,782,129,480,714,633,504,276,3,989,94,517,151,521,102,25,881,75,921,170,651,919,943,818,450,43,502,330,952,750,130,6,271,709,651,886,886,557,616,757,336,263,34,930,99,591,510,936,900,233,277,933,485,452,602,386,630,771,859,49,333,21,261,533,561,676,238,292,430,891,92,231,822,692,550,278,751,270,575,563,74,335,941,577,698,680,283,204,739,289,758,592,262,518,984,940,824,789,473,77,180,850,884,254,180,733,391,452,298,259,8,830,646,43,273,998,60,746,759,136,158,221,358,540,809,662,18,54,926,927,870,184,424,727,704,997,739,207,263,199,887,806,659,914,916,323,255,307,114,502,45,582,251,442,120,79,600,381,466,690,471,75,705,247,150,930,323,185,971,480,184,856,467,122,813,798,250,965,227,981,32,421,432,640,20,228,304,831,186,387,882,368,932,961,515,546,972,285,917,34,739,373,862,243,970,253,130,943,35,289,872,899,654,216,530,775,606,577,930,846,659,313,650,732,436,332,360,675,929,461,562,895,265,457,412,706,826,581,385,741,844,953,952,667,107,184,410,46,40,326,144,864,218,381,214,770,220,454,801,960,322,149,563,605,307,257,88,709,227,339,262,722,398,189,712,348,613,11,350,323,887
463,994,833,992,610,601,174,284,155,145,47,816,431,612,45,189,732,712,801,732,320,192,661,824,686,819,330,128,446,87,360,190,785,250,536,774,280,693,282,931,597,582,253,53,658,667,936,425,814,246,54,727,772,707,634,529,466,437,135,563,139,756,288,140,909,762,568,910,167,289,476,219,702,107,518,395,577,501,486,33,611,714,37,784,110,82,887,629,722,104,680,932,242,714,910,757,677,476,502,52,892,621,588,143,171,344,572,932,399,260,794,475,448,494,2,554,370,812,350,58,311,375,602,680,561,614,186,395,248,931,470,545,4,198,0,314,618,130,314,478,849,44,224,361,778,465,308,787,832,956,373,387,408,553,694,292,875,532,248,205,459,838,209,91,13,20,690,213,980,932,873,563,827,549,195,92,924,750,653,734,385,581,55,654,696,285,479,984,789,671,130,329,58,596,560,262,635,483,958,780,905,905,4,860,678,764,384,783,72,880,910,41,616,730,193,255,286,872,115,696,353,476,0,673,679,787,74,727,746,218,3,931,349,965,132,190,612,778,178,503,473,133,247,691,894,850,279,285,810,543,830,702,531,837,814,87,505,196,352,603,259,274,961,816,578,946,919,960,709,559,443,806,798,426,602,385,178,939,975,478,266,892,496,849,120,868,541,322,659,305,333,237,102,158,582,622,516,160,261,629
802,192,773,803,100,874,747,879,31,985,312,1,272,569,347,344,999,471,876,844,358,478,357,773,436,251,915,631,500,437,654,214,71,671,117,291,12,527,794,774,317,289,970,240,266,19,225,9,250,841,710,14,507,152,819,24,918,910,395,918,459,953,699,952,162,703,676,390,369,96,464,894,869,879,992,335,708,920,419,39,927,432,855,385,513,885,983,765,667,268,275,981,900,60,256,357,203,979,726,41,179,863,408,914,99,622,270,790,717,725,877,298,35,79,369,25,21,753,838,447,452,187,238,462,913,311,391,389,971,291,452,814,456,294,99,396,61,398,538,829,393,993,28,225,931,107,897,978,202,893,238,54,827,270,441,942,777,429,923,86,17,671,387,236,146,715,501,641,229,228,173,832,104,153,934,677,586,721,148,303,668,671,956,71,683,300,924,370,1,137,484,960,414,159,221,933,556,675,427,441,522,182,995,713,789,871,850,488,509,339,671,451,376,283,950,516,723,339,193,52,828,796,763,526,960,176,19,969,713,957,192,953,223,997,61,387,774,81,257,310,986,23,707,22,167,304,875,161,519,578,916,538,107,561,903,759,942,171,756,238,588,629,269,236,913,421,874,570,612,854,810,513,635,648,957,856,248,721,668,629,980,838,317,280,126,648,722,432,22,313,128,355,761,178,362,869,756,325,984,627
985,110,998,627,84,960,238,680,134,56,929,449,320,744,274,614,617,14,866,519,487,899,642,721,56,335,269,637,328,53,7,923,151,351,161,835,80,795,376,977,437,480,273,680,119,141,53,359,817,575,300,820,322,618,38,245,851,663,122,699,288,6,210,31,57,203,878,312,946,118,385,160,301,458,248,25,269,414,83,540,836,210,628,393,703,994,284,116,46,832,992,966,791,435,416,459,46,146,530,633,873,508,229,193,824,324,730,396,804,524,834,98,393,834,225,556,97,887,161,688,187,120,769,780,476,984,337,914,69,586,508,585,973,297,740,227,764,940,468,801,163,356,244,576,730,688,562,553,324,305,243,159,271,179,879,189,727,757,319,30,434,107,473,297,295,295,28,999,719,247,216,808,857,923,724,309,545,605,329,385,220,357,169,202,195,610,947,716,315,454,6,738,648,41,577,272,13,789,351,188,590,478,177,939,695,645,360,913,221,156,524,963,838,746,228,464,850,462,241,141,829,701,553,107,191,771,907,140,370,521,26,648,29,460,5,707,598,622,440,733,980,814,476,284,58,631,432,424,427,239,540,231,197,945,180,762,122,802,339,604,52,436,317,263,202,53,351,106,680,859,763,310,463,28,860,119,371,908,506,479,135,794,860,397,575,893,661,221,13,274,98,239,480,28,641,615,277,845,294,758
865,33,53,15,871,984,913,676,39,352,741,877,435,527,978,242,472,360,480,518,516,138,869,979,993,253,227,391,454,989,968,567,433,604,197,939,781,102,205,165,571,352,418,816,839,980,102,907,408,896,985,303,597,259,171,222,663,852,772,595,257,65,410,564,139,524,375,561,162,289,418,407,306,339,150,471,748,845,552,202,591,973,434,255,820,493,992,484,287,826,15,612,366,235,626,539,265,768,423,268,263,342,518,46,601,106,786,52,121,493,199,356,196,947,513,34,721,877,523,211,495,690,652,922,195,845,972,702,189,945,570,265,395,319,149,731,5,795,553,670,368,232,558,200,900,618,649,843,82,652,914,525,962,90,446,661,142,432,731,227,996,287,998,967,940,516,916,229,60,744,146,707,229,5,180,251,662,563,838,147,184,17,581,163,269,605,330,40,116,617,950,14,112,451,335,89,242,863,699,955,150,816,61,973,484,732,602,55,490,25,493,358,253,784,900,100,566,501,351,182,931,924,725,774,762,893,952,168,902,768,4,978,759,372,354,478,717,407,912,479,483,934,655,668,811,26,929,596,217,679,852,480,777,442,269,85,801,182,598,874,374,970,2,205,184,885,899,495,588,516,621,797,314,696,521,14,830,130,566,876,828,869,470,459,793,880,533,975,279,272,729,520,348,403,850,964,160,565,763,873
287,113,227,548,693,521,410,202,876,397,850,344,698,336,886,694,993,533,243,594,783,298,660,919,24,997,90,209,752,996,444,505,495,166,661,504,31,64,896,3,978,144,782,344,832,684,720,464,201,109,812,905,19,89,349,366,674,360,143,84,279,731,855,147,368,135,794,189,611,901,771,844,10,280,857,655,931,594,123,377,130,806,718,836,230,728,802,979,563,203,347,959,985,439,8,887,929,897,560,112,345,370,701,698,784,32,668,902,819,397,844,146,348,83,813,582,711,244,3,20,698,37,606,48,300,43,543,376,875,621,839,572,905,880,495,918,369,779,604,689,70,674,320,407,317,271,32,36,924,238,726,636,254,794,137,620,632,419,154,486,220,669,898,32,493,879,468,655,875,996,79,222,346,675,365,137,607,306,898,763,341,415,98,231,718,225,752,683,478,530,153,986,124,37,578,662,175,562,702,529,16,313,291,508,463,219,459,481,77,398,404,363,904,952,23,277,582,736,317,966,886,771,613,33,371,72,917,529,762,358,385,213,695,277,488,201,854,904,343,988,138,620,840,6,129,873,445,836,474,180,783,161,498,600,911,102,368,338,91,393,455,202,523,1,337,556,444,418,484,548,543,15,943,814,552,930,416,510,356,334,125,323,812,444,796,845,346,825,418,675,636,20,113,758,659,976,183,165,962,325
828,113,185,411,148,534,810,675,283,777,268,9,746,76,711,273,563,912,247,355,651,515,856,292,521,260,153,533,658,268,492,279,387,681,913,79,587,310,314,385,981,392,623,504,469,701,314,111,65,426,629,583,974,557,392,441,19,608,404,213,995,946,821,980,401,318,623,465,258,676,705,879,118,915,59,131,662,575,375,178,38,932,560,745,128,161,906,434,683,44,38,798,7,448,781,943,501,85,118,808,201,773,746,229,902,424,711,184,7,731,196,642,865,188,457,134,46,617,500,556,59,731,529,748,72,399,103,443,502,548,129,743,644,861,437,317,386,377,68,663,939,45,41,434,297,863,268,886,932,493,930,770,631,745,249,585,783,414,676,311,956,138,266,804,333,566,908,734,788,253,686,613,701,688,644,912,166,684,979,339,447,410,203,69,853,15,38,10,516,922,973,455,642,214,643,201,186,735,913,704,88,934,254,847,797,326,42,971,982,676,473,382,633,614,998,649,253,82,598,286,984,505,279,890,434,25,169,21,81,355,263,492,631,311,310,59,222,232,177,944,369,444,619,626,338,547,642,754,926,765,657,660,959,909,6,755,983,940,222,38,880,567,702,731,236,136,967,347,357,123,942,550,820,4,670,940,60,687,111,231,815,241,271,349,770,209,293,126,740,294,10,663,531,957,513,737,736,148,316,574
841,119,434,324,763,759,380,252,135,199,801,413,319,668,287,988,683,46,913,379,3,36,105,703,94,370,431,352,952,753,536,128,465,760,809,282,925,456,792,53,461,623,726,279,994,765,7,936,382,583,392,759,845,917,131,420,992,234,516,834,958,25,46,758,797,989,837,335,171,805,854,576,191,698,199,719,562,32,899,458,272,99,946,925,224,941,50,810,145,199,970,573,354,547,494,405,230,912,879,372,921,891,134,489,831,294,10,800,478,131,533,111,702,569,716,946,845,888,432,511,865,674,875,997,96,169,697,477,218,885,252,457,281,470,932,248,931,927,485,488,709,38,906,177,589,966,935,288,773,996,897,397,2,509,920,939,210,355,245,938,771,570,81,971,639,725,118,205,185,919,230,838,220,900,311,955,72,606,176,490,793,564,571,808,950,369,54,548,224,59,724,289,785,927,108,800,844,52,446,525,290,648,921,727,955,229,287,451,494,502,22,989,543,639,104,63,671,892,871,454,722,550,465,573,282,327,471,56,662,34,78,515,781,685,56,324,231,453,464,912,410,901,297,139,994,37,931,739,324,386,217,38,433,916,573,541,693,766,619,365,496,240,96,265,410,535,61,593,516,752,439,354,997,725,755,908,449,220,490,147,282,214,805,813,765,437,386,686,624,86,737,694,215,631,171,987,67,428,130,972
834,827,737,746,402,36,388,27,899,988,397,91,293,835,795,61,26,338,92,146,346,364,121,645,734,297,995,217,946,414,175,501,432,734,159,342,904,806,74,307,216,511,280,725,975,906,47,299,513,598,724,349,172,430,949,573,857,842,450,870,295,246,949,298,38,8,396,244,515,204,999,310,69,618,581,734,123,626,867,360,785,285,670,398,358,158,811,684,535,877,232,659,180,685,709,865,417,897,408,190,185,402,987,110,257,538,239,342,445,729,81,659,495,965,372,58,185,815,377,377,84,669,533,75,880,713,18,923,411,166,473,776,772,825,551,188,293,84,771,768,453,283,585,869,936,18,161,374,890,265,304,748,881,814,311,346,609,707,814,871,593,293,939,902,894,527,429,524,28,676,711,454,575,101,850,808,202,595,625,0,639,527,227,157,425,845,85,288,645,721,287,328,905,609,110,839,69,124,524,740,913,467,34,13,230,548,885,457,189,709,158,587,458,651,635,451,955,648,714,51,140,321,500,68,320,218,350,446,997,636,123,110,790,726,602,601,631,539,433,806,375,968,49,196,885,243,44,783,927,260,728,737,350,148,535,345,79,618,706,273,448,545,331,379,63,410,392,757,663,168,45,882,210,728,459,381,797,865,203,730,742,660,324,522,890,914,715,668,997,456,989,365,377,946,260,574,756,691,220,516
445,113,938,551,660,91,596,653,192,636,713,503,715,93,18,958,285,513,374,419,791,77,982,28,325,149,316,980,373,136,496,414,57,634,627,252,365,569,124,460,517,120,865,750,199,332,155,986,398,103,745,751,206,995,157,599,840,773,926,499,466,981,487,719,414,917,945,627,714,129,89,498,650,791,221,980,533,712,583,796,581,57,688,629,850,964,486,865,924,715,495,809,900,702,967,346,804,471,516,801,191,660,505,899,695,207,58,100,538,843,947,648,885,360,797,731,58,801,32,766,839,619,200,44,863,279,547,901,21,932,178,78,775,317,556,887,48,825,527,46,286,250,746,507,705,976,832,625,637,582,964,653,496,682,733,828,724,882,317,760,910,339,510,392,922,799,44,608,489,865,510,755,3,182,216,54,358,820,184,606,86,961,317,955,727,668,639,485,133,74,846,871,481,993,963,969,699,706,152,274,193,403,49,790,707,551,446,80,780,641,744,680,800,202,419,219,776,317,463,260,360,271,933,38,988,345,253,674,656,2,187,347,600,951,232,254,760,482,904,995,978,723,909,130,367,874,913,372,962,21,167,221,229,823,621,874,196,663,929,91,20,471,953,421,299,900,693,250,849,290,749,973,328,545,616,674,100,865,917,870,69,931,122,799,333,160,67,807,865,905,258,318,459,656,586,963,112,502,266,50
141,214,776,419,827,61,522,931,625,991,544,242,644,395,506,861,309,989,14,929,822,72,660,8,627,106,848,338,212,652,743,477,343,905,320,875,157,136,129,255,642,600,826,344,529,58,484,112,894,805,802,165,302,918,804,32,536,719,874,823,325,200,572,433,3,210,847,951,755,389,686,682,272,28,337,755,447,191,872,683,584,895,461,964,169,884,887,366,65,68,497,933,454,25,456,688,563,526,745,928,126,258,334,771,467,549,313,393,502,126,569,977,716,774,349,231,858,793,562,571,635,183,576,765,135,960,32,73,601,13,220,824,826,688,272,792,527,993,345,664,624,894,811,855,331,573,381,729,772,820,190,892,347,817,708,773,628,980,722,111,429,262,101,200,60,491,396,143,132,650,606,975,916,809,593,741,59,339,28,321,599,443,730,653,858,944,991,710,554,54,630,319,107,463,120,65,216,95,917,145,467,509,379,752,145,702,429,91,938,772,243,163,367,678,844,587,78,794,236,232,363,858,70,299,94,270,545,128,979,797,520,528,190,992,616,589,264,898,190,590,157,768,575,418,240,289,904,282,914,956,509,604,232,849,951,232,771,478,857,304,545,580,532,510,827,857,413,500,455,953,174,385,423,694,944,198,852,483,32,369,860,581,486,337,284,491,26,354,387,552,33,334,120,729,115,607,741,542,390,707
154,502,435,421,141,341,283,247,158,207,604,922,105,487,901,555,103,836,90,952,276,118,247,162,856,434,281,94,296,193,609,897,161,343,696,379,111,438,363,821,671,8,162,801,747,468,933,571,496,469,488,751,690,68,656,775,1000,486,817,625,623,790,606,602,200,688,551,532,659,578,76,852,815,906,896,778,606,553,635,6,151,398,646,11,833,794,963,190,473,319,459,698,382,526,868,735,359,185,731,550,117,133,449,215,15,564,420,114,687,610,484,149,631,150,100,227,189,977,242,655,23,293,702,415,249,370,538,412,407,519,604,641,910,738,153,407,118,874,514,794,715,743,148,59,204,541,298,263,603,389,383,913,1000,69,95,202,830,788,327,179,119,219,766,994,894,270,399,186,11,62,691,761,319,481,110,370,265,541,905,334,698,630,416,786,184,943,817,51,666,124,148,9,544,270,957,36,207,316,944,732,338,435,350,914,426,39,561,255,633,829,331,767,298,387,238,578,736,326,794,379,981,837,243,715,169,867,123,518,649,245,769,379,459,656,578,717,330,59,638,306,714,787,753,882,790,51,384,932,384,264,167,191,682,359,680,926,692,35,776,582,178,476,712,310,468,5,852,589,577,173,711,195,782,880,79,338,802,786,699,46,337,108,790,604,85,128,630,579,146,864,822,934,57,3,264,16,658,786,49,734
337,485,793,450,324,548,7,542,841,197,320,520,533,386,178,926,963,612,606,23,170,32,521,346,687,588,860,656,260,234,335,624,683,545,600,125,873,365,307,978,928,308,925,609,507,971,302,223,124,791,130,171,972,956,858,894,141,517,518,577,44,299,73,55,118,30,20,91,119,418,93,771,768,384,476,988,221,273,212,576,620,340,444,242,379,20,101,606,963,440,553,94,72,863,193,649,762,115,443,596,90,884,761,2,182,938,956,351,505,552,99,432,1000,254,703,763,549,590,128,949,494,436,710,986,190,280,888,561,465,314,29,93,470,218,518,439,339,717,91,910,514,130,865,273,958,455,654,462,1000,529,264,512,228,547,965,769,91,988,339,677,776,636,487,466,991,959,965,768,113,212,188,324,546,477,500,971,925,34,442,548,756,121,898,143,154,375,54,567,388,550,533,472,820,927,56,477,271,386,119,243,855,923,626,184,532,681,831,987,84,150,235,957,874,79,351,302,185,652,10,950,149,638,441,588,827,850,173,195,76,238,955,708,701,958,516,797,528,716,451,525,547,906,712,915,345,522,296,40,129,648,379,619,832,360,405,757,754,231,97,946,34,186,549,82,754,231,164,109,651,332,111,714,119,592,18,128,242,835,226,68,200,278,378,897,29,413,669,817,450,560,236,198,722,838,592,484,962,608,432,581
681,440,521,52,20,798,417,284,525,605,342,467,659,445,420,176,38,632,662,994,631,522,36,132,631,230,444,871,740,322,380,839,494,211,310,352,179,786,376,553,340,749,384,485,967,617,570,571,558,301,749,734,1,316,145,0,141,570,799,783,135,238,494,918,834,321,907,240,876,210,198,646,218,358,68,932,166,878,899,870,80,257,252,433,229,595,708,18,630,246,953,369,493,419,522,678,430,150,661,336,692,460,244,706,60,957,677,808,944,129,187,384,520,658,834,308,529,889,384,510,366,238,677,92,633,548,252,736,557,320,901,300,574,175,298,540,419,335,4,351,446,154,244,838,976,772,326,576,337,773,396,173,979,523,581,437,640,893,104,76,403,641,953,312,169,601,513,934,916,315,74,526,505,36,943,367,431,229,639,11,367,470,622,917,458,656,369,955,889,653,848,486,334,68,931,505,35,140,927,189,263,564,773,790,320,76,166,819,61,662,562,298,508,990,73,328,441,996,665,303,821,855,990,837,95,942,755,768,298,175,929,751,188,276,947,471,194,541,565,18,537,253,243,568,661,480,350,869,239,648,971,609,755,175,684,435,56,803,265,773,250,247,773,177,468,329,651,505,129,327,571,32,772,96,342,935,188,135,418,310,895,571,53,998,424,320,735,927,881,181,199,967,416,186,337,17,860,893,321,654
901,939,268,898,451,421,593,891,345,473,986,314,508,303,860,132,613,104,50,490,429,925,311,409,199,268,794,408,865,485,313,875,112,358,610,482,156,463,908,546,212,623,373,858,803,997,617,809,771,125,829,72,860,260,741,526,253,158,276,191,686,857,274,778,85,475,198,530,299,532,827,49,332,23,574,534,285,660,367,852,211,893,817,207,140,921,594,682,568,949,370,600,850,173,924,830,534,718,889,617,493,696,841,947,890,311,404,432,390,571,963,948,470,860,619,381,736,0,829,691,82,744,440,875,198,670,808,361,553,631,905,495,984,916,815,975,595,970,26,201,662,856,495,445,605,167,663,818,992,959,299,687,355,990,403,375,866,475,706,315,191,45,298,448,520,218,165,949,476,345,602,598,260,747,795,40,321,398,777,786,529,744,233,549,828,409,49,379,91,965,284,542,827,661,974,473,829,157,949,749,420,259,745,276,445,369,155,520,6,376,802,990,454,586,494,514,144,483,931,686,391,938,876,755,450,933,76,243,35,255,339,406,253,739,604,988,67,699,528,34,498,124,322,692,378,336,583,491,632,306,893,511,30,801,385,907,732,464,40,168,380,851,975,376,943,367,239,823,382,327,498,830,519,837,981,860,866,780,950,272,529,457,255,235,494,417,750,434,95,400,151,124,393,895,147,913,309,342,78,348
678,691,868,99,327,66,186,844,788,697,539,367,18,840,897,925,875,454,584,370,853,204,244,839,394,128,117,230,640,973,75,357,832,807,39,513,931,911,236,987,185,504,457,410,944,784,25,428,49,966,123,276,612,582,984,343,643,341,780,560,476,917,396,509,257,87,147,456,382,177,195,130,585,202,963,161,156,121,885,368,666,444,538,987,77,917,905,578,644,297,558,497,231,11,153,679,813,101,44,409,407,869,162,203,181,135,9,805,776,757,375,932,150,783,710,988,970,862,717,882,373,183,772,716,932,819,249,94,29,573,119,314,812,384,9,408,556,737,275,534,634,12,905,824,323,373,607,854,309,415,21,492,58,181,910,456,654,542,299,946,937,408,161,563,897,776,95,780,31,595,440,530,555,260,659,153,368,366,166,225,783,908,685,238,254,955,418,209,662,615,727,297,115,684,838,670,418,481,969,804,471,360,607,847,406,709,945,689,253,722,407,700,581,272,123,305,811,606,554,824,938,434,287,816,992,510,263,561,801,921,296,566,942,981,743,994,741,765,932,309,453,730,265,385,368,549,581,861,225,620,597,535,193,146,250,738,316,357,985,368,980,415,157,876,128,374,990,750,627,265,629,364,716,803,518,868,402,999,967,681,22,455,18,562,525,527,744,745,956,979,199,368,673,918,788,728,515,272,44,952
601,617,314,704,168,140,415,683,342,519,770,425,251,166,356,710,256,517,82,670,793,505,733,333,512,350,529,357,802,969,474,403,86,617,819,469,740,728,75,880,235,701,613,937,66,883,524,474,593,958,180,605,95,807,548,927,281,276,578,193,807,382,438,69,363,932,811,359,385,373,849,129,292,201,47,388,69,212,111,154,955,336,174,907,280,825,289,100,103,332,977,779,987,938,146,7,665,883,323,793,940,153,424,150,837,293,418,912,135,614,328,845,973,398,695,995,414,264,28,69,889,844,828,775,165,702,592,488,99,96,185,532,171,735,465,597,379,712,931,664,223,759,891,201,825,672,726,966,640,729,714,954,653,399,444,764,187,939,833,272,947,568,108,54,19,423,134,55,605,73,913,569,27,395,820,2,247,421,919,568,830,312,324,314,69,740,678,634,292,65,664,458,839,959,287,388,775,705,615,767,11,870,432,428,188,5,669,803,909,615,200,631,794,422,895,543,440,199,827,65,430,287,40,87,254,563,850,347,4,283,876,212,637,758,463,778,953,692,593,734,677,451,167,246,808,126,960,335,329,470,308,778,5,316,968,537,891,321,59,943,60,894,142,934,495,349,913,906,82,359,148,728,962,548,852,533,544,684,261,648,114,686,390,341,195,605,623,604,616,666,413,687,699,297,382,51,674,105,752,124
241,815,450,980,275,376,911,383,851,450,525,658,370,216,791,667,680,732,264,736,128,826,958,705,693,846,829,39,976,336,664,723,675,504,538,807,140,544,93,560,977,991,326,130,679,32,764,275,585,776,834,283,231,122,702,687,49,172,921,599,44,518,405,743,68,702,242,707,870,205,640,373,405,10,259,42,25,312,514,829,606,806,644,833,802,45,538,402,598,895,137,370,819,856,376,1,238,24,756,753,691,644,792,996,20,430,862,532,543,530,570,932,943,990,647,360,366,527,770,352,756,535,714,123,582,861,622,428,735,97,817,677,550,747,359,723,925,628,404,527,400,942,685,742,57,754,695,459,251,974,679,76,34,51,261,718,667,204,609,896,997,418,541,826,832,711,247,774,378,266,861,607,221,578,116,474,915,778,269,602,274,125,189,289,56,654,999,454,694,560,414,0,899,345,251,929,636,247,884,745,677,69,793,603,714,90,93,880,273,801,215,823,197,430,587,291,277,597,322,95,728,701,92,361,875,183,326,492,41,204,867,355,599,386,745,522,359,609,286,234,260,324,649,597,316,964,516,316,844,416,264,948,619,436,867,351,145,214,397,481,206,784,780,154,799,290,628,830,875,999,822,859,75,965,899,802,395,557,536,232,144,946,78,837,80,965,955,561,30,317,519,619,544,239,938,53,342,564,738,623
717,229,380,728,358,140,165,316,294,204,821,267,512,178,343,455,638,715,364,149,664,852,582,820,955,83,128,862,396,375,275,865,684,423,306,439,285,685,161,778,315,77,805,467,697,6,612,732,896,870,577,748,27,934,629,826,531,227,831,559,535,155,813,20,728,624,734,968,174,27,12,317,413,561,391,675,470,845,971,828,548,397,679,462,27,758,237,342,618,897,118,946,345,490,999,624,208,123,488,894,394,651,412,579,295,692,179,383,8,404,251,16,887,219,570,491,322,832,686,816,290,130,41,964,472,476,941,549,110,141,389,915,278,710,173,873,418,681,981,817,644,386,508,467,118,818,915,548,8,162,984,450,200,651,249,660,559,708,944,388,78,605,139,466,647,572,672,143,19,893,81,187,106,232,883,273,812,86,72,544,906,99,518,410,531,559,504,30,521,587,450,544,497,979,275,10,633,485,133,241,85,374,95,990,163,550,295,564,668,996,685,228,755,846,994,879,496,605,826,743,397,381,277,83,890,675,797,284,827,691,755,606,75,198,474,663,332,662,77,315,88,353,413,385,586,905,391,340,609,223,268,477,538,907,496,527,890,796,588,171,294,233,730,760,298,416,305,945,855,751,3,501,179,275,612,673,406,208,141,119,423,727,194,954,819,204,139,639,363,932,6,166,744,167,602,455,705,803,163,751
248,487,260,235,368,466,318,966,234,200,49,308,491,588,372,681,246,828,624,81,412,730,932,834,315,866,691,527,723,318,875,402,193,696,105,275,324,174,237,234,312,132,463,140,820,654,263,692,540,119,464,928,619,182,43,101,36,977,415,916,466,773,32,628,769,485,733,834,528,466,51,798,563,323,123,532,765,400,766,555,280,857,328,604,150,210,640,426,162,257,723,893,81,200,201,97,861,19,720,434,630,983,822,578,372,248,537,564,486,274,848,309,783,698,916,380,539,586,802,823,192,84,104,228,713,825,795,438,827,294,240,687,962,401,215,762,326,426,514,279,868,49,405,14,688,295,733,772,427,968,567,378,1,67,160,569,240,76,920,108,809,885,442,848,379,627,47,210,279,616,494,199,661,401,328,136,442,367,361,316,336,805,190,905,979,221,915,202,413,482,682,822,17,581,530,30,170,791,144,927,854,642,767,65,323,27,643,670,210,697,518,749,586,97,229,708,716,63,541,168,617,260,92,554,633,655,776,330,684,515,763,675,559,386,377,260,742,817,581,445,625,841,980,595,563,811,553,1,654,854,208,616,881,82,661,590,195,852,151,400,549,703,281,258,17,26,531,591,704,96,214,945,222,206,473,768,250,704,26,791,788,347,494,165,378,101,974,533,927,661,686,679,108,245,342,641,279,980,736,758
581,914,923,656,568,851,311,67,487,331,890,715,433,621,773,63,619,447,429,255,117,545,48,195,936,644,650,632,974,235,465,157,941,657,236,212,591,440,61,395,547,549,699,843,449,739,585,133,206,424,40,933,576,698,162,149,940,14,2,787,739,564,340,200,969,392,793,659,466,252,743,398,457,299,686,338,951,343,521,890,971,380,857,64,797,340,286,19,927,51,582,302,142,753,663,257,37,710,22,189,695,29,672,568,124,523,522,836,452,724,785,725,380,316,821,548,150,69,440,36,417,372,259,299,210,39,380,976,989,805,316,176,243,723,685,624,993,494,647,751,186,503,773,476,771,155,6,388,845,528,426,180,540,620,890,206,100,798,211,914,129,67,686,91,213,254,849,721,175,93,803,913,767,717,171,718,432,998,64,104,659,419,955,644,151,791,319,210,710,240,125,874,896,302,681,419,575,996,685,74,355,493,372,431,44,659,199,697,760,13,287,684,441,925,326,259,452,626,345,687,222,62,71,652,145,885,260,933,172,974,38,22,598,678,742,565,345,898,828,553,60,212,55,41,175,600,353,583,230,957,886,452,141,904,518,862,782,314,674,399,834,547,376,90,492,416,442,863,289,244,381,587,188,82,434,553,148,581,667,752,496,856,237,853,928,852,446,468,715,416,515,35,344,228,80,40,3,294,937,906
704,346,23,957,585,281,636,441,669,457,210,967,606,617,667,77,761,276,683,804,974,214,604,972,484,318,719,472,139,517,272,785,47,598,481,922,541,893,574,272,152,491,425,794,39,709,377,213,755,470,197,974,193,367,86,290,595,344,927,380,842,843,824,690,739,605,671,524,877,848,450,456,84,389,80,1,865,374,863,625,249,153,866,614,573,763,268,237,429,8,750,791,170,675,554,405,935,915,360,669,464,618,502,905,376,596,576,331,905,249,415,176,14,268,1,16,390,2,640,398,601,555,67,522,71,722,178,520,533,820,643,127,672,715,494,898,840,373,920,275,741,588,808,345,385,238,333,676,764,253,925,695,118,332,231,943,394,516,565,11,761,936,223,418,904,901,785,359,652,115,239,535,792,356,775,225,572,705,122,68,138,120,901,56,115,909,821,527,979,817,492,740,846,16,576,159,623,174,867,117,880,862,655,11,391,193,367,435,775,400,404,282,938,225,215,892,268,380,999,460,155,742,863,337,711,618,876,967,647,77,671,388,701,688,749,142,959,945,333,837,89,543,765,38,587,72,931,347,576,407,516,382,17,999,378,595,494,296,892,668,996,975,130,511,109,792,609,583,377,72,438,175,467,355,971,194,477,752,773,502,203,538,667,244,627,398,33,447,551,554,354,376,839,393,930,900,139,530,530,280
508,669,766,686,821,630,189,283,768,984,946,200,9,182,725,328,130,721,786,228,999,284,876,708,647,173,232,510,196,13,433,57,645,259,998,569,622,678,722,61,936,228,671,722,66,306,993,382,825,595,741,461,483,38,390,74,871,241,147,218,698,779,45,987,841,832,460,965,211,734,345,365,990,804,579,895,931,308,200,178,407,750,978,414,906,796,631,740,712,803,573,196,123,549,346,609,478,976,257,214,564,757,266,796,358,903,797,859,676,561,796,326,134,566,426,50,619,54,705,406,976,285,762,969,428,605,1,433,985,392,385,173,231,675,83,497,810,214,348,752,292,508,691,316,731,341,547,253,421,840,277,942,842,767,442,788,734,322,168,261,388,411,970,339,973,55,583,374,22,824,504,903,237,235,972,959,545,207,672,404,947,377,44,637,171,169,125,518,749,649,749,915,901,310,399,185,432,771,554,631,880,795,833,920,996,14,663,934,387,333,301,799,275,785,247,423,661,409,189,984,669,694,821,740,799,951,180,456,832,722,818,241,484,746,72,147,105,763,455,990,879,85,163,730,811,353,769,450,776,613,978,621,687,94,422,132,762,80,238,763,873,932,689,30,880,199,7,443,150,528,240,369,1,559,597,496,518,254,203,378,493,575,35,793,244,794,999,550,991,108,426,788,368,588,132,623,504,55,257,47
448,493,516,189,870,134,481,717,904,69,668,188,884,305,441,776,642,742,581,245,987,68,32,498,196,292,563,757,119,275,139,416,141,696,831,4,944,958,324,167,788,919,350,965,236,6,955,156,500,539,499,995,189,779,171,63,916,584,564,138,605,253,751,821,86,791,46,521,909,144,950,556,621,53,633,366,819,363,677,535,26,34,598,1,392,529,146,210,389,281,140,486,135,675,508,961,977,586,600,48,216,396,888,122,798,821,138,597,682,254,959,657,376,317,383,62,571,875,333,994,29,735,674,824,483,4,880,814,320,715,35,509,503,95,740,477,968,173,197,500,850,846,374,498,301,378,467,430,357,845,314,387,329,204,749,782,218,578,680,694,936,605,348,571,924,750,914,230,389,745,956,38,853,492,358,560,128,541,299,317,227,481,586,669,414,923,289,731,32,536,160,376,32,272,32,630,458,90,344,897,369,225,30,462,320,749,436,544,863,410,145,129,401,521,401,450,178,964,950,381,332,205,489,693,517,801,720,739,763,832,553,491,686,966,337,667,381,774,684,346,866,761,344,789,831,540,524,268,459,731,714,365,380,677,30,324,234,466,419,13,641,440,545,826,181,87,970,393,761,968,553,602,886,875,480,558,301,474,585,553,713,192,282,789,957,534,204,980,774,432,182,810,699,767,328,846,541,451,392,676
553,28,762,758,219,930,90,95,603,961,410,301,385,87,794,755,820,837,712,331,314,388,125,236,5,694,392,527,510,249,793,25,934,149,23,847,429,586,381,122,7,960,244,386,73,272,772,808,298,611,537,539,34,38,386,126,262,98,672,712,904,4,35,544,461,52,765,311,656,939,180,564,188,396,228,807,256,202,578,812,280,62,531,374,501,459,881,277,648,121,946,264,366,887,707,48,71,46,454,77,560,20,94,672,663,825,231,402,517,290,169,412,381,371,348,841,101,542,307,510,45,207,997,572,481,944,875,355,394,737,103,962,907,889,826,883,290,778,343,309,847,345,153,517,446,33,136,195,215,546,598,672,914,993,344,564,808,563,817,800,132,366,478,182,401,1000,980,306,430,542,262,110,7,220,246,929,299,647,721,87,68,178,240,510,25,236,502,571,178,805,337,313,606,671,520,656,910,850,433,864,535,871,340,691,231,0,137,814,757,8,50,523,891,326,400,862,179,722,156,917,846,673,882,947,985,996,596,824,644,84,263,173,261,105,372,780,642,34,924,652,482,43,458,219,348,836,934,896,546,640,163,824,520,899,277,853,726,29,4,514,839,890,983,292,641,289,507,552,592,54,550,496,403,848,583,558,470,20,663,103,811,99,115,635,65,322,111,531,593,178,684,600,781,194,935,560,49,215,849,741
94,936,965,917,821,901,222,684,166,396,622,324,748,59,144,214,806,550,862,63,525,83,689,515,207,462,331,138,69,43,963,83,180,659,853,93,5,856,893,187,247,854,112,820,647,568,902,18,526,685,646,25,58,782,654,932,664,607,57,121,537,551,92,470,935,382,865,683,539,730,45,809,957,124,237,765,94,120,759,901,461,202,281,599,893,998,426,814,34,595,893,141,55,733,171,970,617,205,252,582,316,963,383,979,294,199,773,204,633,215,347,969,765,100,823,212,914,457,160,242,897,244,793,845,845,127,159,163,868,470,599,180,280,318,240,262,704,437,397,456,897,128,828,341,867,563,86,413,814,166,210,161,71,784,980,323,359,5,169,569,735,648,476,737,464,147,116,729,392,984,882,20,678,79,84,227,470,730,894,790,405,185,12,397,499,909,111,251,837,16,380,170,611,694,909,686,140,422,39,684,176,252,476,424,237,537,482,527,890,872,199,440,98,672,546,129,919,64,599,241,663,300,414,1,358,720,658,468,617,544,508,6,949,683,329,241,8,811,284,141,647,174,348,994,795,98,646,922,393,715,667,370,716,738,755,995,94,408,114,125,248,750,478,712,237,252,994,377,627,179,849,316,229,838,785,480,687,796,370,754,709,763,812,716,713,889,882,106,217,954,82,353,391,376,913,764,514,989,251,120
38,956,570,284,892,820,205,893,216,872,949,160,184,819,916,398,276,744,2,108,881,139,861,341,11,436,359,266,701,7,891,482,49,419,910,97,418,210,659,83,244,929,679,602,617,816,160,33,81,906,181,343,462,564,592,596,860,645,54,743,438,427,936,890,797,103,323,667,41,293,965,206,926,704,698,906,997,127,734,350,529,914,777,958,982,420,323,143,245,96,583,436,689,775,898,366,558,986,365,619,612,844,140,97,364,569,903,822,958,194,276,687,108,157,323,581,142,716,609,818,47,759,806,589,841,245,691,891,892,575,879,106,595,156,843,900,763,52,570,200,313,996,626,97,133,537,962,873,608,729,904,466,917,50,35,922,598,607,659,971,100,805,411,96,363,358,227,798,821,763,939,102,835,339,731,718,186,405,220,170,550,498,305,699,641,740,259,252,413,775,414,846,147,77,812,761,767,485,119,886,869,826,56,177,14,266,952,679,537,375,209,897,866,753,824,735,206,157,376,569,958,925,521,743,78,715,977,809,14,689,4,984,452,101,926,918,519,24,229,565,159,322,571,695,426,11,292,895,895,552,906,165,5,1,944,67,320,904,8,699,204,966,384,489,622,773,969,170,576,587,292,435,591,572,778,550,368,900,728,883,827,874,718,673,992,376,815,466,943,909,284,549,593,317,903,241,533,988,282,810
761,850,509,780,493,124,863,992,960,330,669,360,789,565,880,146,326,384,283,859,429,671,846,161,887,242,810,627,103,630,656,676,947,434,592,526,744,859,630,55,500,579,638,677,171,342,669,703,113,847,664,857,431,56,491,238,180,85,660,139,932,437,907,781,494,545,999,740,421,708,831,646,398,513,600,861,957,310,936,162,102,73,395,867,401,830,259,634,349,78,369,674,697,918,887,178,324,236,310,462,58,432,78,351,537,731,664,692,105,887,849,787,165,633,303,853,620,784,270,948,192,285,985,300,882,977,911,11,181,842,715,595,603,118,219,393,536,881,726,169,538,589,271,770,227,167,728,136,4,870,468,531,538,894,974,599,770,15,571,373,872,21,181,366,485,671,754,912,337,38,591,833,354,587,165,139,865,51,892,514,337,449,184,425,428,761,626,256,117,563,915,149,241,937,15,845,999,258,922,868,934,38,298,213,541,894,384,836,292,747,954,75,324,42,642,327,638,820,281,715,929,120,872,900,911,444,738,486,876,169,367,540,541,51,693,361,978,682,144,497,365,997,53,92,549,967,250,900,806,511,897,287,354,39,857,68,901,981,24,539,81,37,286,851,840,418,844,877,786,58,969,695,609,706,192,341,449,554,67,850,580,817,813,103,224,922,724,316,55,366,189,472,671,898,51,596,540,99,755,905
159,400,261,978,427,4,170,219,37,693,206,959,202,911,598,937,522,205,823,560,701,769,807,56,350,176,869,482,956,863,274,824,111,779,509,57,323,124,803,458,760,542,203,705,295,296,644,889,347,244,762,373,848,790,347,136,519,734,34,466,917,98,932,439,944,723,496,328,729,18,370,243,270,635,366,226,915,247,313,809,250,734,359,63,393,360,367,13,697,220,191,998,582,251,731,941,585,810,280,918,899,536,478,625,342,860,212,114,132,681,733,51,310,15,881,151,268,364,629,129,874,929,241,4,372,57,28,498,77,849,299,254,492,641,996,961,763,422,81,526,398,25,877,671,166,502,772,830,786,357,875,878,110,471,214,219,290,734,225,357,404,974,787,978,451,47,249,23,622,718,398,50,0,346,765,746,562,547,82,534,225,453,121,850,582,277,940,622,285,478,863,119,57,931,244,632,512,556,590,598,696,742,748,573,673,522,667,302,935,914,719,93,203,485,258,146,210,964,697,911,565,907,554,96,163,82,271,408,758,295,983,60,706,497,171,789,573,458,947,604,286,493,538,222,610,212,341,193,917,488,443,847,119,575,685,319,30,210,159,499,983,252,779,811,446,43,716,16,745,747,494,806,314,254,706,723,647,830,760,87,674,137,848,898,367,869,679,800,719,38,794,491,484,815,379,225,797,458,489,92
405,16,858,68,944,960,171,540,200,297,626,638,729,391,856,503,63,437,435,909,725,806,756,27,216,399,626,693,61,682,5,335,162,474,361,374,613,869,979,350,957,4,888,802,190,400,723,40,52,531,985,23,231,956,501,884,937,827,91,125,856,720,166,396,552,802,45,48,371,785,592,979,395,485,845,768,444,899,656,300,181,274,943,309,868,328,832,65,255,976,222,453,391,916,168,170,917,461,799,394,103,511,844,321,960,499,219,628,587,82,274,906,429,204,119,228,27,293,856,847,43,932,706,668,447,314,663,11,284,130,922,957,475,51,873,703,597,611,414,125,990,859,469,52,4,464,556,160,645,195,384,126,337,470,535,135,365,785,916,217,427,804,1,484,156,378,873,508,168,233,546,509,312,419,609,486,290,308,339,338,122,320,602,157,992,30,892,260,989,352,302,587,573,718,452,54,174,189,999,184,766,53,605,244,993,997,449,161,532,191,953,112,886,183,518,760,759,208,418,700,381,127,805,755,596,505,103,974,100,578,978,950,895,142,369,450,522,148,653,358,820,790,34,25,498,834,187,781,647,716,842,951,636,266,478,669,605,233,937,784,154,727,157,845,576,310,657,873,624,281,762,59,196,237,796,970,239,222,460,911,574,807,660,262,26,780,218,416,91,288,695,299,184,122,756,228,355,937,629,218
379,368,728,73,663,782,499,998,27,646,330,281,217,669,636,246,889,570,524,918,1,249,152,263,218,109,928,62,636,490,494,220,642,90,74,156,676,372,585,793,676,659,797,926,603,166,892,976,717,194,242,856,939,767,599,76,926,566,920,310,51,549,874,141,911,564,951,990,763,545,147,339,938,361,778,99,366,156,655,435,249,275,171,442,347,784,836,606,503,577,571,77,524,886,807,693,509,451,458,458,34,980,597,927,957,540,381,947,629,534,267,704,894,480,669,26,107,10,860,663,738,775,596,447,20,62,645,915,484,564,939,477,112,550,642,375,633,137,362,114,749,978,303,713,456,269,125,610,850,466,354,365,958,137,627,69,913,502,986,841,60,968,344,310,555,396,139,972,895,322,142,93,318,7,918,959,353,663,55,837,861,542,296,572,92,33,372,472,300,567,698,649,642,890,441,570,994,260,106,672,23,862,194,248,7,54,784,976,390,863,409,190,902,989,242,607,446,711,756,439,457,71,156,113,139,639,406,782,98,430,301,353,113,550,169,619,738,10,630,2,823,788,630,559,254,482,854,68,361,224,580,395,353,80,986,423,212,191,203,104,457,122,860,15,478,960,418,122,804,638,760,944,990,573,924,80,418,879,131,358,370,278,954,900,324,74,999,784,491,36,668,267,43,496,485,128,258,52,211,363
159,523,272,977,861,845,43,332,423,772,635,310,88,29,375,126,443,685,562,492,30,57,45,180,641,727,782,674,150,814,239,916,211,421,939,615,262,36,903,749,447,410,658,788,806,390,425,513,926,662,815,583,845,883,172,746,592,319,241,12,445,244,694,679,242,406,238,742,72,656,240,81,888,383,484,471,49,1,938,490,891,388,212,35,911,97,731,940,139,359,361,486,443,748,171,990,508,55,213,102,544,634,246,236,420,541,210,947,149,998,203,696,118,43,184,458,726,140,505,595,825,374,999,985,646,37,608,893,313,599,228,36,266,267,57,276,769,399,523,460,119,533,633,783,470,569,497,776,406,532,16,76,655,967,67,10,464,341,159,439,196,308,469,302,697,121,867,939,922,851,604,668,556,669,515,404,279,821,973,352,598,286,739,353,328,264,189,443,691,523,965,166,410,735,552,445,508,24,246,8,369,745,694,266,873,202,153,959,925,145,369,372,793,176,182,731,78,375,976,924,433,211,201,142,101,119,587,489,724,290,859,211,73,209,885,391,451,689,75,435,199,239,645,47,558,197,164,852,82,337,278,698,542,797,303,238,534,361,997,117,854,426,311,213,909,597,602,751,807,208,410,431,212,389,841,108,781,555,877,876,130,888,736,479,62,956,273,505,186,979,69,189,226,397,656,58,913,104,199,915
938,527,52,145,399,262,763,854,195,726,443,871,173,628,476,681,295,402,339,797,236,718,727,631,184,637,397,172,543,905,680,788,712,506,937,675,896,25,901,127,296,970,154,904,104,303,418,330,299,880,737,870,717,756,24,626,782,662,183,709,613,572,994,755,3,476,364,525,807,370,375,232,207,604,385,345,531,853,117,588,344,316,361,271,260,939,291,401,103,601,197,896,883,749,205,575,270,304,971,813,80,205,327,121,513,307,783,914,718,607,423,528,825,561,694,705,814,624,8,276,616,862,765,623,520,269,945,202,51,723,509,27,503,560,35,855,137,153,733,904,930,570,711,329,876,412,740,679,545,943,285,650,899,505,887,291,610,460,887,486,482,144,554,622,714,234,49,317,295,544,14,67,956,142,798,66,381,608,237,796,834,232,195,432,857,158,931,765,682,648,615,323,237,296,956,717,755,879,268,798,958,401,427,913,416,293,160,786,77,22,678,292,349,473,196,808,971,380,310,229,170,586,259,101,711,596,951,992,493,282,985,170,569,587,711,303,135,391,376,873,841,813,979,244,437,888,294,221,800,940,970,23,373,131,256,788,936,412,885,234,229,185,256,666,290,641,98,365,129,925,44,520,386,140,624,634,945,260,215,915,668,166,999,656,600,474,895,954,402,64,150,229,835,326,71,36,909,636,55,176
245,587,988,422,587,72,169,890,357,762,678,218,842,560,553,928,613,301,566,366,566,383,818,42,408,159,425,349,506,549,143,40,118,598,822,326,83,217,356,447,765,804,672,343,183,350,789,707,425,924,368,325,936,632,350,509,252,421,440,757,984,94,441,39,927,837,136,938,357,125,970,445,785,319,103,296,57,601,66,348,907,130,875,559,444,883,682,578,283,454,197,299,123,112,136,849,392,651,682,310,1,239,202,409,704,401,212,948,565,505,576,691,42,118,210,926,530,287,917,678,706,634,936,427,339,424,928,760,811,288,711,597,131,981,622,510,208,132,770,790,161,509,699,101,650,746,448,210,508,51,361,74,1000,352,115,462,610,260,371,871,617,398,26,306,198,899,101,135,284,331,528,742,696,517,295,689,451,957,205,848,537,812,708,579,981,13,889,145,280,623,239,767,404,274,910,678,273,746,893,976,893,347,511,546,176,162,452,583,490,850,116,809,796,335,128,726,900,896,961,388,869,26,787,430,566,486,161,209,475,36,217,861,752,738,83,419,837,552,606,153,21,874,529,288,46,887,365,298,483,592,235,532,49,887,142,492,114,418,58,423,263,500,784,88,640,85,113,603,937,534,693,692,382,67,351,40,247,625,699,324,938,672,751,701,476,540,161,374,193,475,574,157,696,291,880,60,32,46,32,511
479,86,839,479,983,380,593,861,760,865,726,615,504,363,5,258,166,886,423,838,313,825,762,446,459,159,501,676,515,814,451,551,781,934,122,695,252,128,773,841,508,839,27,266,967,408,686,509,387,118,147,904,648,375,344,123,325,305,489,781,947,867,315,328,378,288,49,607,380,153,315,16,915,832,765,803,488,269,656,239,191,871,492,427,212,26,230,477,370,751,556,322,246,848,451,441,141,202,670,574,121,571,902,435,21,91,781,250,817,303,962,517,63,142,591,901,236,229,653,356,731,13,228,249,434,557,614,649,15,999,626,465,691,714,90,720,44,617,557,865,795,270,577,818,897,921,455,285,581,451,327,888,828,333,597,900,69,187,596,536,683,803,851,728,954,647,730,109,866,792,794,669,292,658,779,823,201,690,392,14,812,634,408,643,862,34,696,380,809,768,416,846,176,29,117,930,908,434,370,692,22,78,683,325,207,346,410,871,772,651,874,995,263,258,798,326,174,693,417,963,642,707,683,575,512,594,595,562,710,358,845,630,765,592,794,474,925,12,736,869,32,164,71,219,851,584,418,188,697,30,814,51,521,297,388,652,92,599,651,52,677,492,165,399,585,387,963,139,122,608,855,499,320,417,441,480,350,798,433,476,729,258,624,609,666,203,939,41,562,583,538,420,466,193,589,168,358,213,607,129
358,997,5,419,78,447,932,558,296,659,283,391,71,37,747,966,29,685,228,311,115,878,611,196,720,168,57,572,199,429,112,947,512,872,407,256,591,156,721,782,51,779,781,82,158,892,840,703,299,307,598,210,908,997,400,177,355,221,453,177,745,276,867,718,802,655,919,958,807,750,824,969,877,905,6,114,226,54,168,93,27,182,524,837,240,801,974,864,45,318,102,616,180,553,619,894,323,267,200,416,484,895,66,811,621,720,243,718,173,598,493,155,312,795,468,158,682,810,278,548,920,590,1,152,762,437,563,337,448,777,554,498,839,459,654,268,883,115,873,136,564,443,63,266,769,867,306,858,299,972,825,237,455,730,274,975,816,275,389,206,693,829,829,746,920,653,535,622,100,601,908,816,323,588,224,235,348,811,856,78,873,640,534,943,753,795,191,483,796,737,656,893,902,204,206,566,683,589,233,162,710,827,306,288,617,523,166,972,605,985,771,389,672,134,225,712,633,789,550,945,388,965,222,987,451,16,994,608,477,707,958,797,348,218,744,877,192,871,399,686,174,892,604,242,660,626,702,344,298,883,539,888,113,492,370,468,225,685,488,544,635,73,921,656,432,86,372,509,341,375,841,562,808,587,855,170,805,132,360,430,419,69,473,444,14,587,292,962,697,651,874,694,541,508,682,580,373,46,163,441
482,769,361,628,610,104,467,418,351,49,649,452,27,835,629,392,177,87,60,164,961,748,811,175,520,267,821,28,7,908,331,70,555,913,643,148,563,375,847,288,70,139,118,226,118,146,576,792,622,885,295,551,773,990,911,169,726,82,904,556,480,607,72,847,77,337,666,838,807,942,116,511,671,494,218,635,527,749,640,430,366,77,427,891,666,925,998,47,455,428,769,637,398,120,517,296,879,551,972,863,968,494,415,257,262,344,625,689,29,190,339,478,630,168,146,238,796,583,345,214,403,41,409,118,206,251,195,626,880,937,752,244,537,540,770,78,523,605,981,67,560,903,44,410,375,533,241,255,310,958,205,959,864,687,141,336,979,375,690,196,668,547,723,760,228,690,933,585,163,8,912,530,59,388,110,960,621,489,329,307,932,79,811,985,62,481,803,618,994,615,259,59,989,575,1,109,307,342,940,829,704,127,255,553,28,307,919,835,445,809,87,765,775,993,608,587,897,480,945,997,610,897,369,218,524,187,207,558,958,754,479,833,133,928,334,59,37,181,571,485,845,159,696,300,929,575,831,138,577,358,600,363,218,100,259,357,989,7,199,917,640,701,397,546,601,560,43,304,757,189,216,108,777,139,259,799,563,396,254,147,439,960,873,675,704,788,189,433,120,231,66,574,654,115,715,286,552,346,271,976
489,411,122,318,646,4,323,78,692,446,441,92,756,758,752,34,499,877,166,561,348,301,358,637,525,279,881,300,450,391,846,750,401,223,548,39,804,195,97,961,478,78,575,854,19,686,908,20,29,148,439,950,81,652,33,218,781,737,917,463,449,12,95,873,843,908,790,930,221,507,23,36,579,332,446,367,382,481,463,604,934,510,255,612,863,667,168,513,999,925,963,300,346,309,790,538,460,581,575,737,801,340,136,40,379,710,616,258,782,908,255,173,597,899,601,231,99,697,159,478,483,452,449,351,279,916,42,284,133,69,981,233,550,331,758,566,968,289,453,484,311,501,410,181,951,565,208,632,714,60,159,893,504,180,521,975,425,329,449,357,298,567,290,881,845,699,639,989,527,458,417,387,419,585,640,122,355,900,968,956,518,935,252,2,76,629,728,806,376,360,48,986,971,66,718,8,475,726,34,771,260,839,603,589,334,999,222,709,278,836,634,842,638,481,877,959,904,388,262,979,228,807,589,902,208,54,217,942,753,35,733,67,950,413,742,692,355,825,896,883,56,749,299,842,629,712,523,656,665,662,437,591,200,640,363,556,560,330,459,29,248,441,158,708,601,220,554,184,131,69,376,425,327,961,821,532,793,821,177,12,893,339,267,270,156,308,532,32,612,412,848,618,36,569,885,760,909,343,757,111
107,269,952,532,53,367,567,182,236,692,686,281,662,259,380,624,443,437,468,422,897,149,380,618,66,185,252,34,861,179,924,927,226,465,164,849,411,372,467,489,535,809,125,100,927,618,355,314,81,490,751,600,737,539,364,812,185,105,44,19,231,757,743,820,461,237,879,108,167,572,605,835,525,198,419,442,756,606,862,216,687,698,903,602,567,868,636,674,662,646,577,344,334,835,215,686,588,948,414,380,836,532,319,529,184,275,748,273,915,448,15,794,737,348,385,266,139,222,247,868,926,713,364,984,486,115,915,660,313,487,502,526,460,345,140,595,183,783,854,489,797,967,834,315,370,4,630,760,732,131,468,856,139,595,569,223,189,494,227,34,169,636,251,48,702,286,660,598,785,935,684,704,289,779,880,783,546,693,701,783,726,254,79,868,663,366,112,600,998,535,72,796,253,228,737,612,722,305,818,422,815,108,70,425,726,864,735,784,134,691,310,205,614,725,752,575,197,316,673,358,432,370,825,785,393,504,941,712,374,62,384,813,978,403,845,957,710,535,211,620,558,836,949,796,605,382,171,866,459,439,729,114,56,143,278,17,617,244,282,928,913,71,37,487,470,717,48,136,960,422,106,603,673,643,762,490,94,307,295,121,260,266,826,261,995,711,628,504,208,804,774,418,694,693,800,73,326,685,734,854
415,768,582,769,48,591,83,199,985,255,646,645,566,82,593,264,69,863,958,716,477,729,648,265,166,480,391,942,826,434,273,39,490,547,285,927,243,397,682,776,642,184,581,505,709,545,462,849,340,720,534,448,348,349,90,456,142,942,251,207,408,812,460,171,910,30,11,890,110,135,815,244,616,805,9,195,939,832,32,110,149,805,14,388,501,561,918,405,946,219,586,291,27,4,84,948,437,846,196,677,265,745,482,77,306,719,407,146,225,907,725,103,48,363,584,373,584,448,18,187,473,746,743,950,499,7,655,970,614,507,37,0,234,34,728,848,402,235,388,860,925,639,171,254,146,580,858,52,70,811,324,25,501,708,633,683,31,552,706,11,276,28,874,889,244,11,151,979,126,76,722,241,136,433,850,550,370,38,280,605,666,965,379,287,878,414,624,516,291,716,599,849,655,279,84,738,513,406,646,933,783,249,909,130,347,56,757,173,741,285,783,982,295,149,750,238,432,55,127,173,935,896,931,115,981,916,188,412,12,901,805,110,540,619,667,490,855,862,174,97,126,139,309,858,11,603,995,587,724,708,206,221,807,877,690,816,229,282,266,358,519,312,578,347,657,921,98,518,978,823,112,972,185,497,759,844,742,217,199,920,284,597,767,812,880,879,519,230,990,343,630,127,518,677,733,28,271,683,602,245
236,327,431,219,523,579,934,862,10,192,76,874,820,151,977,448,77,391,428,414,463,884,940,175,891,71,614,803,940,873,927,401,259,369,877,424,568,287,984,225,1,588,81,779,783,118,76,916,113,77,923,268,784,273,80,610,382,502,410,7,129,487,694,446,99,396,61,875,566,864,142,78,453,720,498,676,339,498,928,538,426,826,634,922,554,445,900,72,932,626,318,985,574,267,197,591,384,506,313,865,137,495,372,440,937,782,704,681,119,792,641,465,57,312,527,948,65,360,782,971,808,502,967,954,355,117,272,195,953,526,777,275,514,946,108,541,191,638,433,490,816,206,210,623,757,992,248,129,911,826,898,261,182,363,400,440,608,354,652,814,597,86,412,214,639,708,86,606,644,971,349,516,185,97,865,762,805,294,530,375,978,797,654,579,820,833,770,346,186,370,433,473,322,400,477,421,164,245,105,703,448,140,996,266,409,44,219,466,942,689,165,440,441,971,492,471,350,142,989,311,542,450,533,395,983,199,660,597,175,376,467,580,422,667,539,773,613,64,989,417,807,758,123,327,948,764,93,432,401,122,193,850,333,310,943,936,534,553,157,66,795,113,592,378,641,931,35,517,180,162,179,234,232,643,956,113,277,208,748,380,678,140,368,255,448,663,328,517,487,147,492,824,828,839,608,438,243,346,18,44
255,14,569,775,131,680,87,758,937,553,164,616,22,699,166,7,471,15,473,421,987,597,821,100,833,154,816,750,19,929,259,125,131,34,984,75,544,980,694,331,955,107,502,445,750,776,617,676,656,194,919,586,104,729,167,343,638,517,108,83,75,272,473,219,915,310,568,214,340,615,713,880,749,551,328,364,950,862,586,78,221,971,324,143,50,884,261,331,609,617,400,823,530,798,740,831,356,576,909,480,676,156,269,96,894,506,434,546,492,183,9,891,325,367,659,468,699,330,892,71,281,687,876,555,610,97,343,545,506,748,144,266,54,680,358,560,938,627,519,703,922,861,291,407,277,552,344,18,40,921,996,77,740,977,699,742,274,45,407,446,150,246,205,166,286,704,466,80,795,481,854,404,231,790,805,829,875,212,761,662,865,797,311,482,981,731,249,157,824,29,573,906,621,822,385,998,963,853,267,180,654,457,259,626,965,577,771,906,817,711,919,712,181,79,780,151,664,383,987,786,955,246,509,358,88,967,345,484,25,299,410,414,928,802,78,910,648,1,777,312,149,536,845,214,836,747,239,945,543,860,92,611,542,423,36,45,732,506,684,612,64,205,172,936,962,571,952,603,649,274,472,644,718,201,569,616,277,541,24,569,457,468,868,527,460,47,722,197,148,926,917,784,610,533,520,935,818,411,453,360
327,23,703,71,998,67,626,649,615,321,920,749,970,616,321,799,883,635,516,938,442,676,38,436,93,707,38,319,497,64,829,326,116,57,451,745,700,9,463,897,815,505,199,126,872,397,679,254,57,180,751,861,739,910,508,288,580,678,954,563,361,329,676,966,972,879,940,922,504,300,665,900,638,421,592,795,7,338,372,786,41,547,573,102,825,804,900,475,940,158,37,675,502,779,752,131,411,901,379,822,86,667,491,124,385,896,261,546,140,480,580,608,165,954,607,562,445,517,7,662,214,14,220,357,674,265,781,530,131,516,602,863,693,524,598,40,264,106,573,867,961,296,861,17,173,53,48,291,479,134,579,1,506,430,233,806,501,290,965,887,548,147,579,176,853,505,721,492,154,939,120,662,230,708,475,623,137,238,95,833,825,457,666,407,126,605,355,215,150,434,408,862,547,395,194,12,145,324,588,765,273,638,928,981,629,723,595,441,37,927,890,305,551,889,506,854,692,633,326,349,919,23,581,517,298,769,513,402,687,845,191,965,529,165,911,641,961,403,376,723,381,822,503,545,273,884,194,535,619,500,316,133,52,569,225,604,227,259,109,399,523,445,939,643,476,3,798,469,146,670,572,617,222,871,794,351,209,392,51,346,828,6,805,65,280,21,249,871,725,101,591,69,823,368,97,518,70,199,229,785
572,146,308,994,462,526,648,336,55,295,963,214,667,205,647,955,861,934,758,245,604,218,25,966,953,795,95,190,253,478,633,670,842,477,205,472,0,528,391,229,949,61,706,89,26,808,558,772,787,452,672,467,325,965,323,399,69,840,666,477,866,82,82,207,572,308,844,324,38,22,700,493,508,129,272,474,553,999,975,573,378,297,159,803,162,48,517,7,825,625,915,221,139,321,78,651,946,72,267,175,745,585,410,463,302,274,221,700,872,935,107,577,84,2,55,619,238,664,182,877,599,311,355,987,7,838,868,626,731,551,914,496,383,253,525,23,269,418,487,490,928,994,781,140,466,399,658,509,844,710,808,418,478,933,683,526,421,834,75,54,929,542,440,687,855,502,588,202,840,833,205,318,967,993,48,821,496,837,560,435,773,620,265,120,229,664,442,15,185,538,96,46,607,474,665,291,549,246,558,800,808,894,239,114,403,742,85,831,948,107,291,525,776,191,99,197,572,985,370,59,715,704,905,547,312,869,136,128,679,726,633,882,666,556,73,542,238,577,458,474,564,539,635,113,74,346,285,597,52,551,347,480,394,25,697,616,494,633,364,726,422,371,367,506,377,690,323,321,168,394,847,146,151,566,890,860,139,179,717,82,689,772,986,184,354,184,385,719,69,546,406,44,449,200,691,191,578,449,40,190
706,144,153,652,962,695,940,414,232,313,893,956,39,737,853,177,977,133,893,367,593,794,508,44,502,605,754,342,56,217,987,91,176,694,832,727,259,940,79,2,284,72,992,209,596,595,885,615,820,36,890,431,518,973,482,520,914,246,716,941,703,283,839,750,215,426,386,158,959,989,599,662,616,528,643,433,484,719,45,945,114,639,628,4,410,354,848,3,194,587,73,957,268,282,907,777,816,100,378,778,683,725,445,489,113,168,894,902,968,607,240,844,185,405,546,503,769,904,144,840,501,43,731,65,687,495,859,474,91,220,387,150,61,902,165,411,334,355,242,973,133,846,703,610,675,683,575,779,476,466,682,160,164,364,658,122,869,803,988,972,87,937,510,52,302,102,630,448,373,257,630,756,764,791,142,122,801,201,578,877,659,536,647,350,46,529,341,830,368,355,998,821,534,12,409,105,335,187,640,338,177,419,820,4,964,852,932,726,901,745,660,421,178,732,149,428,945,941,803,719,288,684,513,293,484,656,392,599,89,65,388,490,147,0,137,745,747,912,832,630,915,705,252,315,680,762,407,171,191,554,647,881,234,302,663,995,970,562,628,687,710,662,260,784,661,520,224,550,408,211,131,148,415,628,669,29,609,467,480,660,865,437,78,567,982,681,951,312,493,781,550,351,846,602,124,926,101,980,783,845
117,994,551,396,868,103,173,353,825,653,325,597,914,564,714,696,466,921,303,16,62,151,700,197,361,286,428,726,82,142,143,547,807,850,283,513,938,236,325,815,325,423,903,315,314,950,804,771,257,501,249,30,296,293,738,463,460,325,85,475,393,862,509,915,889,177,330,895,261,721,382,782,540,856,697,341,83,788,457,404,98,781,132,338,686,318,449,43,542,675,800,283,180,810,766,25,396,511,836,532,118,808,167,222,951,291,464,663,70,765,234,605,869,977,500,790,569,302,411,745,465,908,535,261,416,888,501,481,99,234,290,203,972,584,424,78,378,666,563,846,482,115,840,855,274,867,613,502,625,292,901,385,553,849,385,422,812,432,141,960,287,180,64,9,238,247,169,526,349,553,395,717,357,519,660,529,766,972,915,330,812,131,448,206,80,109,559,606,881,440,749,189,288,164,858,523,297,24,750,973,290,553,652,663,502,821,75,261,952,223,835,407,968,662,937,91,508,438,378,318,239,391,278,641,726,31,370,892,94,685,35,607,712,993,220,131,646,212,383,849,635,669,327,58,742,100,488,335,408,688,813,461,248,673,202,485,596,223,459,525,139,687,471,953,433,865,778,892,389,979,315,972,184,706,299,642,284,155,206,125,91,481,581,633,880,846,824,855,604,101,564,372,881,446,733,645,714,568,617,493
223,452,689,479,383,312,112,742,531,669,158,829,167,817,836,111,214,573,229,727,376,622,599,552,847,827,146,61,69,838,758,638,625,863,463,487,431,456,893,408,261,70,143,949,204,655,307,254,546,918,107,500,642,503,996,737,263,319,323,848,383,633,916,226,392,869,599,834,744,888,541,32,432,680,325,624,119,948,139,337,343,724,311,917,472,170,714,33,952,819,377,407,978,233,270,168,596,826,111,858,452,60,927,549,678,58,883,766,942,120,660,194,451,544,202,987,468,822,979,232,42,55,148,767,535,290,178,235,929,898,947,871,328,437,224,722,106,297,576,393,59,238,863,480,483,759,657,900,542,899,840,88,999,913,910,240,583,445,68,792,878,247,271,399,350,157,371,809,221,704,283,535,613,105,219,107,380,90,781,208,327,774,882,220,113,734,18,78,42,0,942,537,676,822,302,256,555,860,956,32,105,707,841,466,174,455,796,361,930,181,360,699,713,255,320,442,785,932,472,584,300,527,410,659,572,466,883,519,945,348,253,973,153,519,241,635,754,978,273,431,578,773,224,196,773,812,625,825,187,148,507,462,97,276,718,451,441,933,288,33,40,800,490,90,406,52,302,483,369,305,700,18,734,623,24,510,815,423,74,726,999,623,753,865,339,714,576,713,195,16,625,422,816,771,271,571,27,740,449,159
253,639,692,950,826,926,904,590,171,766,225,384,521,974,960,221,769,825,947,645,506,408,227,424,761,211,824,745,24,816,385,942,103,703,672,744,257,854,7,182,780,953,528,557,337,184,595,843,571,424,633,842,662,883,570,204,521,331,329,99,899,381,575,230,75,68,541,137,403,165,111,321,635,785,58,827,963,816,780,11,462,953,835,607,85,237,4,325,375,238,933,962,436,805,4,28,292,193,240,860,528,728,44,354,518,183,520,221,932,870,556,693,746,399,800,99,209,383,340,97,210,589,461,247,248,679,935,553,893,721,330,402,688,182,1000,310,561,816,496,823,675,312,775,411,123,484,519,217,152,118,274,448,999,97,303,565,216,104,368,632,417,507,836,136,63,17,427,735,887,248,461,395,65,583,304,47,97,954,657,357,734,453,849,102,182,608,141,5,74,581,544,908,238,541,856,727,566,749,220,12,401,184,78,308,167,103,546,731,346,927,620,147,908,925,84,220,797,991,474,882,23,682,155,696,153,780,668,603,857,494,201,186,184,120,30,356,486,33,704,430,348,882,994,1000,479,922,975,418,763,467,701,752,455,755,728,429,397,774,276,343,479,810,592,508,183,361,26,181,195,491,575,530,278,31,889,775,523,321,684,22,344,669,856,801,588,239,231,805,29,311,505,396,866,786,83,484,27,91,452,575
272,30,776,163,688,56,821,554,802,456,488,890,28,573,1000,330,686,22,98,328,808,633,387,87,621,930,75,59,704,381,948,469,433,811,658,877,435,652,398,318,414,429,213,709,414,960,723,658,468,196,996,175,951,766,788,305,665,439,826,408,583,468,9,973,290,848,399,722,151,169,325,582,20,647,826,857,155,124,685,489,245,367,12,245,369,729,68,316,107,368,324,379,27,893,453,818,574,43,555,93,607,280,391,49,734,750,284,551,506,491,848,558,759,200,424,889,797,172,449,324,163,497,764,663,800,469,444,347,155,474,246,441,28,362,293,246,963,649,716,746,651,246,325,652,599,345,256,98,33,626,953,906,257,151,16,824,829,363,751,35,675,176,132,310,316,210,860,977,74,692,5,212,197,45,861,180,228,573,32,872,210,68,607,626,447,655,830,776,492,547,894,709,331,270,154,234,647,956,973,882,25,689,423,620,415,111,979,171,749,902,403,483,766,818,8,101,492,316,306,506,831,699,278,768,350,871,911,697,550,21,757,849,50,537,938,597,147,193,933,512,724,94,955,800,7,494,840,394,794,58,628,450,733,964,961,321,710,278,767,860,426,698,866,922,817,743,884,400,9,451,136,273,49,330,192,446,484,357,341,591,16,333,600,93,507,27,928,162,991,349,964,156,274,246,645,143,415,429,694,608
749,556,947,661,781,70,825,583,176,644,628,945,373,367,232,526,860,942,823,646,660,206,949,174,333,867,885,794,382,625,704,17,279,287,773,425,366,451,839,456,342,413,281,79,689,617,444,342,297,361,902,675,129,229,266,97,478,562,387,600,954,344,274,201,840,725,690,828,62,429,478,3,782,871,504,64,981,993,590,372,964,173,110,893,891,157,45,618,349,612,168,928,154,120,3,514,483,750,407,544,346,37,466,544,190,697,573,438,742,4,426,201,671,384,214,977,409,763,112,729,372,190,527,347,802,966,564,994,846,518,136,80,706,930,906,117,761,658,86,185,492,9,348,12,37,978,107,905,620,852,489,677,842,584,416,230,569,668,161,949,428,637,746,722,519,82,432,4,208,705,482,741,192,886,956,933,610,333,614,887,302,179,430,248,809,563,77,776,291,294,644,296,391,832,113,242,652,111,805,917,399,985,756,182,599,227,108,218,397,170,330,290,277,547,155,212,544,270,108,440,812,615,122,46,841,281,985,580,13,345,300,520,749,470,112,392,997,256,888,372,3,354,162,931,788,631,480,568,827,36,127,135,862,697,79,412,830,150,553,42,941,928,91,501,459,859,271,349,142,730,335,596,139,104,641,235,651,660,507,638,428,212,289,0,640,954,17,952,398,990,415,34,1,470,567,132,676,423,569,693
796,426,404,828,738,414,777,835,217,570,309,741,48,151,689,565,317,144,514,176,394,533,18,566,887,34,264,569,10,646,633,947,174,532,97,13,829,602,317,769,564,959,255,361,0,958,94,427,188,765,568,41,44,810,172,1000,149,375,84,780,401,709,117,890,383,758,38,310,520,492,255,659,265,255,924,253,749,31,171,928,333,323,157,833,632,447,392,223,222,383,959,234,492,988,356,349,604,464,653,391,612,276,538,889,793,843,719,729,563,433,980,712,912,897,295,53,623,963,395,819,840,459,666,447,407,469,140,715,294,260,45,328,230,566,834,135,968,975,955,613,712,769,682,301,341,784,161,307,622,929,315,223,453,743,847,295,954,350,691,143,641,359,831,322,810,517,817,590,719,384,992,400,934,781,341,44,439,750,824,701,325,799,46,415,264,137,841,940,154,611,910,255,35,516,245,683,709,268,539,763,236,898,846,62,23,973,755,293,144,939,291,812,390,828,424,212,615,712,925,410,169,757,72,233,676,977,704,751,312,784,101,515,554,615,986,998,417,833,8,528,149,291,246,987,888,332,830,24,777,727,361,409,231,160,907,859,710,96,868,124,10,625,162,582,672,373,637,78,61,607,400,610,904,739,971,910,100,48,196,308,59,167,829,116,854,600,445,450,249,884,794,225,75,425,852,658,229,991,759,803
300,983,900,103,207,945,596,168,927,740,152,685,697,680,628,596,603,983,531,117,576,72,754,223,875,796,492,929,305,92,612,878,222,617,80,919,257,403,464,847,896,716,533,435,371,741,379,77,944,597,899,299,537,801,12,889,917,656,825,534,596,128,565,531,330,497,154,572,971,936,929,234,61,99,520,501,554,898,927,982,225,32,52,218,318,529,372,456,84,858,652,150,776,52,117,582,255,66,735,14,167,746,234,762,191,554,71,700,695,899,711,979,485,836,934,670,682,524,964,645,457,684,959,899,74,218,765,225,244,833,68,633,15,778,778,345,266,774,730,647,23,859,416,610,892,918,788,557,301,186,376,515,447,678,464,910,629,548,967,341,604,73,595,92,61,564,725,786,419,832,164,496,696,548,913,732,265,175,488,389,429,151,64,319,633,213,50,643,62,269,559,306,257,645,437,145,93,313,742,550,145,838,341,20,647,497,56,846,379,845,548,583,398,253,806,520,512,870,954,668,205,641,919,64,285,245,416,294,181,490,152,533,366,337,530,43,405,620,942,877,623,488,196,619,594,469,808,37,593,767,367,462,170,652,920,146,693,860,98,646,627,41,329,917,651,175,435,907,584,291,95,806,911,938,175,144,26,691,233,951,565,409,799,188,552,368,233,797,346,937,810,815,968,188,227,956,683,795,561,670
215,935,945,308,723,250,369,689,387,45,611,61,653,628,312,957,135,28,940,706,441,817,146,428,173,838,946,605,119,427,149,718,369,887,983,528,590,7,656,745,583,335,564,978,366,716,576,317,86,685,210,221,828,743,615,379,596,286,616,399,781,80,757,400,667,593,352,210,839,592,301,756,682,78,819,629,933,465,49,984,211,447,542,558,337,167,310,809,763,950,487,521,902,519,663,737,182,722,175,64,419,466,218,855,745,378,987,332,491,702,59,652,463,816,932,158,906,720,476,588,593,19,186,135,578,749,763,73,394,422,645,723,916,151,366,882,665,311,874,419,951,850,799,763,388,563,674,278,79,513,441,30,292,832,848,294,458,106,620,321,220,206,171,654,467,649,511,203,688,67,697,82,4,702,238,75,506,753,870,18,141,70,25,558,867,823,765,487,719,685,737,577,880,395,280,134,385,17,759,750,925,504,806,689,69,103,988,198,130,905,215,364,684,15,126,378,375,298,428,156,868,421,375,606,326,159,709,826,799,983,244,346,638,537,391,506,839,417,677,66,907,700,243,40,987,149,591,15,792,884,803,954,987,994,401,441,945,951,178,339,661,547,448,975,219,661,892,640,691,698,211,679,36,705,74,656,718,849,541,80,146,67,493,775,361,13,146,367,235,554,512,867,50,810,639,51,724,80,986,234
441,34,107,105,827,479,615,446,759,348,737,503,162,739,286,802,964,581,631,544,655,501,194,471,999,390,410,536,409,507,86,779,255,963,298,949,892,800,543,350,778,897,163,335,776,207,60,152,998,224,599,908,981,422,900,621,137,646,335,604,827,762,509,379,877,50,788,836,518,127,955,922,353,226,824,615,296,117,967,361,969,136,180,136,26,205,668,544,930,973,37,83,91,418,214,716,751,801,796,873,419,610,446,141,892,883,201,914,122,466,21,276,393,388,855,188,469,73,249,384,839,119,305,396,218,527,771,350,291,883,601,801,1,576,389,631,88,206,714,313,223,774,305,440,747,583,906,248,952,986,527,55,457,974,973,532,99,433,63,693,859,436,880,784,164,724,590,258,642,749,188,954,71,869,743,459,125,359,475,227,348,825,836,428,685,355,825,921,5,741,262,38,959,753,287,565,608,198,950,801,232,14,725,891,862,284,348,437,318,144,25,643,906,745,569,138,7,963,364,50,953,65,181,348,913,829,916,627,743,15,138,692,860,935,298,99,78,467,3,67,245,603,354,615,591,8,536,764,31,111,940,728,583,783,923,20,438,872,253,844,483,320,732,196,161,843,182,39,8,887,393,737,666,542,959,11,355,640,87,808,909,546,626,10,921,71,789,278,862,896,404,721,630,6,693,443,918,121,654,927
192,257,29,182,489,846,22,108,338,286,401,370,802,837,774,409,627,395,890,273,22,665,913,140,678,716,545,469,471,716,850,503,470,791,12,358,738,841,904,932,482,451,957,70,150,440,922,87,846,8,69,518,215,569,111,24,767,603,517,154,911,539,313,685,289,347,766,168,261,842,177,944,279,426,287,725,109,474,827,176,603,511,543,630,80,530,128,973,281,743,617,563,373,564,88,321,223,497,865,283,521,90,816,124,167,135,66,667,486,123,817,586,18,986,189,21,175,849,815,296,829,657,312,592,411,811,414,238,375,777,260,817,186,934,498,687,638,308,554,3,333,252,308,688,244,922,125,756,824,797,894,198,216,996,410,1,430,608,252,632,1,202,132,361,706,470,26,866,207,845,587,523,500,496,416,113,707,940,502,248,336,305,13,298,573,147,984,149,584,272,639,995,80,651,947,453,486,612,759,715,149,987,117,514,327,711,186,261,271,914,281,585,665,944,696,685,303,67,742,392,287,887,371,640,933,235,326,366,632,856,442,810,101,615,797,723,280,493,78,287,306,509,212,609,314,325,641,277,520,391,541,336,351,864,419,597,308,831,939,502,450,169,559,234,460,573,79,770,638,166,489,443,196,36,710,619,822,688,369,111,235,808,449,638,95,489,791,241,768,118,612,901,641,625,663,795,789,644,420,49
938,523,149,511,209,215,82,971,110,400,383,534,53,267,909,81,688,892,83,504,749,85,61,976,785,426,12,612,829,471,285,95,228,83,849,801,625,268,220,899,889,239,35,474,710,99,738,733,118,557,487,818,823,111,111,631,800,666,75,697,373,630,805,638,939,648,835,633,703,553,492,814,497,242,560,705,13,959,542,177,505,855,886,878,358,323,512,414,732,530,472,105,274,426,543,957,544,287,889,174,35,745,229,658,133,878,242,165,605,982,903,658,824,707,199,515,981,145,669,504,436,684,53,880,891,149,80,736,213,883,315,80,692,504,214,369,259,258,939,449,272,285,96,408,600,116,324,683,570,320,339,106,452,872,576,777,963,775,884,733,693,577,866,960,829,934,145,688,527,646,294,935,889,695,11,331,191,287,798,214,452,741,173,312,319,96,419,927,597,618,903,229,149,710,788,864,549,753,368,826,940,514,899,513,709,336,815,685,500,347,754,469,303,997,644,628,527,607,711,0,480,257,841,681,462,77,614,96,728,938,424,266,591,68,255,728,16,141,267,709,851,836,735,112,276,919,458,915,622,966,817,978,257,905,880,555,690,334,392,173,954,920,927,87,272,567,698,35,245,726,814,336,517,539,312,884,256,853,205,263,777,255,878,653,395,611,54,468,788,729,812,242,416,51,471,284,176,357,790,316
980,730,911,399,837,704,436,587,767,239,398,210,820,452,505,376,303,321,884,769,276,309,949,392,195,443,752,676,629,975,26,857,983,862,624,906,267,103,410,888,159,502,628,29,501,725,470,494,292,238,205,632,284,375,436,591,899,555,731,835,399,866,365,503,606,657,633,45,913,589,413,639,727,287,603,608,529,508,331,172,647,7,920,255,959,934,250,973,653,420,99,951,921,587,516,772,511,680,457,680,683,293,128,254,953,106,251,440,601,812,92,16,288,434,619,777,685,864,311,365,878,313,597,182,587,650,12,523,282,624,821,703,799,745,660,954,777,385,70,610,450,137,104,398,637,232,423,638,434,42,978,110,796,677,59,178,544,519,477,399,314,521,290,500,978,947,453,868,351,228,532,375,318,613,874,873,520,566,406,501,174,237,938,735,626,77,120,196,711,442,103,595,503,846,54,366,150,815,902,581,260,316,67,518,149,723,73,327,710,945,74,116,773,82,444,380,745,43,332,64,987,247,830,11,746,977,495,551,652,348,881,519,293,853,682,47,372,960,685,219,9,778,964,463,424,72,468,443,50,26,974,544,940,917,318,651,615,471,592,921,565,33,786,863,880,132,924,113,975,560,520,558,50,132,140,386,867,192,161,141,532,608,940,660,437,548,888,332,330,998,53,671,132,966,968,585,857,524,145,778
533,587,34,751,194,672,445,128,928,170,635,349,906,739,642,954,196,183,942,251,967,678,701,473,732,384,812,828,335,441,30,706,659,38,591,361,222,126,612,233,783,710,262,529,62,420,86,713,927,72,538,940,738,855,546,918,914,193,372,536,634,920,746,120,243,515,607,881,521,919,395,221,543,336,321,399,786,579,286,819,39,256,374,568,163,192,616,619,758,606,60,718,293,156,835,622,269,926,491,906,615,904,154,519,407,351,951,33,116,166,606,497,346,579,363,503,465,219,984,49,689,940,150,202,858,984,261,186,670,976,253,693,109,860,333,113,442,784,108,636,400,383,533,72,28,175,34,724,939,892,876,374,326,438,555,66,814,165,538,193,523,200,956,442,47,791,397,36,17,291,681,617,797,429,348,999,629,737,912,887,199,594,462,801,761,381,998,376,544,671,173,102,177,927,530,99,205,370,579,179,99,864,564,706,108,7,718,312,897,541,400,249,279,551,829,697,599,718,498,280,731,230,509,942,905,984,676,671,428,81,791,93,695,430,282,746,713,962,997,295,328,976,391,119,953,711,58,107,517,173,319,334,576,956,420,218,596,911,891,833,394,150,962,571,164,411,12,332,290,56,198,732,731,861,642,469,71,696,325,851,601,773,200,610,243,771,972,958,376,740,945,559,724,236,773,143,409,893,492,504
516,34,640,749,580,85,61,941,665,40,568,823,126,167,963,416,961,869,36,466,624,898,920,23,780,361,647,292,751,629,898,84,780,854,256,619,448,614,293,470,182,2,983,645,757,185,931,205,333,180,298,550,620,239,522,505,783,405,875,467,615,846,719,533,752,906,669,703,843,970,980,337,550,213,922,660,783,773,134,897,600,990,119,477,698,359,272,492,235,615,219,197,101,43,860,319,818,793,963,642,442,791,951,732,300,2,764,749,32,404,450,11,120,31,653,249,808,175,700,623,398,582,834,923,115,522,342,630,881,56,665,648,924,342,328,281,448,850,202,282,389,489,832,625,438,344,676,282,0,599,38,401,212,537,102,76,215,429,615,753,587,621,791,838,197,855,935,929,806,702,38,504,647,347,216,491,419,599,764,933,143,246,557,741,864,354,907,996,18,341,789,710,256,501,890,738,780,843,666,836,233,336,505,787,420,807,761,118,681,196,833,396,63,598,641,974,794,946,770,6,280,143,620,991,230,763,12,34,396,183,575,636,980,227,964,380,935,116,476,873,24,618,126,625,161,945,651,243,479,171,462,97,923,156,60,987,851,905,511,944,438,172,754,672,898,737,835,129,914,619,352,509,80,614,853,530,137,569,332,584,622,203,986,889,642,624,435,306,864,557,174,903,339,651,399,933,159,181,709,784
626,832,208,592,580,983,276,116,760,510,594,891,1,657,477,921,81,103,915,899,246,800,658,678,929,681,985,18,381,995,498,377,212,845,448,596,438,439,790,384,43,63,590,957,385,626,777,668,161,30,913,800,214,875,666,63,850,140,660,439,241,38,705,16,554,665,20,771,574,55,611,436,377,682,958,326,41,515,614,685,370,272,473,145,832,633,215,551,487,861,432,626,761,848,116,295,377,588,438,618,256,962,376,41,870,746,768,144,148,129,758,226,69,148,887,319,355,805,996,729,573,119,583,755,237,588,245,455,333,82,289,948,613,981,924,865,939,54,360,441,655,510,603,680,569,314,316,455,903,222,5,560,560,560,959,624,875,745,260,6,127,522,282,237,750,17,896,848,68,1,700,483,381,492,291,19,719,791,241,846,718,93,635,915,466,208,986,656,598,948,856,909,365,780,662,316,32,364,541,455,554,627,310,593,850,599,859,169,896,8,112,167,181,122,634,330,218,823,873,303,695,528,234,537,880,845,563,656,668,415,727,25,876,584,673,455,813,207,640,389,960,121,770,914,586,210,40,868,468,648,44,652,571,667,677,336,689,948,825,355,566,316,802,163,601,502,90,382,344,163,989,608,561,390,325,7,272,715,606,275,96,171,281,676,868,946,438,243,301,914,372,382,598,148,880,786,982,39,808,142
314,213,26,805,159,77,781,994,843,497,872,433,684,834,927,240,834,240,42,297,186,551,163,356,708,324,685,975,648,129,965,868,1,415,596,268,118,451,458,936,109,732,651,332,44,810,202,798,312,293,285,653,83,897,782,872,258,782,597,880,551,873,244,5,564,683,903,457,422,960,895,299,472,908,896,546,366,221,216,935,542,97,719,949,1000,72,790,735,224,628,837,292,24,722,398,740,179,271,525,10,183,952,841,159,24,677,0,861,857,664,957,520,104,679,455,632,790,853,830,620,386,744,102,339,895,953,229,292,7,368,396,593,361,870,313,329,820,30,631,885,142,396,688,65,900,896,883,281,649,30,606,193,31,293,485,991,826,114,772,276,835,377,605,652,625,622,555,565,119,467,509,381,743,95,897,521,74,870,797,77,111,671,109,485,766,770,240,628,938,595,270,354,63,490,308,848,660,268,529,771,858,688,239,593,229,949,185,266,236,259,239,840,872,98,569,990,247,869,170,827,270,992,124,685,881,330,711,175,189,932,386,910,248,889,778,542,9,535,840,857,886,611,312,677,280,43,814,983,382,312,367,889,985,606,609,33,147,64,978,528,495,295,413,166,744,312,667,132,503,888,973,504,913,978,885,887,851,554,991,794,597,925,856,974,221,356,261,259,58,836,410,140,943,232,291,367,888,750,95,347
403,351,426,629,738,785,421,735,835,867,877,290,243,492,877,356,739,165,944,712,794,753,470,687,705,33,342,670,663,866,772,610,597,637,888,576,746,621,930,935,457,260,545,726,892,368,495,301,643,247,819,23,377,362,305,611,516,193,648,995,908,892,310,505,719,691,984,294,967,664,619,753,703,581,477,829,55,321,392,249,235,522,533,627,837,197,199,821,693,597,563,377,552,969,973,88,219,365,318,821,158,327,968,894,308,586,665,604,52,165,70,629,342,28,265,948,619,841,869,273,18,965,812,213,393,77,663,760,281,69,948,686,118,173,340,761,822,583,112,574,540,160,658,56,985,222,606,367,779,565,382,746,418,508,500,347,437,294,850,543,343,980,92,714,645,66,132,986,506,463,262,94,964,921,879,696,797,553,868,225,31,195,75,78,342,471,671,61,976,293,755,703,352,830,113,471,295,177,549,559,998,487,603,783,720,983,374,735,315,889,730,335,513,685,380,833,671,919,639,629,903,741,501,277,53,27,109,233,165,265,10,169,872,454,862,112,437,762,37,903,442,723,781,138,369,115,180,364,236,623,602,341,326,933,738,872,58,410,391,505,334,1,319,389,131,879,77,822,859,273,444,9,62,419,573,238,95,627,224,188,299,623,965,933,191,505,343,736,358,889,718,420,579,433,254,478,826,479,981,349
980,671,546,660,269,438,833,514,423,599,212,670,941,81,549,418,808,572,774,587,223,593,824,966,121,796,414,481,243,696,269,956,38,741,18,383,298,189,605,899,989,965,424,761,500,912,881,973,958,518,896,307,637,371,42,626,289,650,148,345,542,638,950,408,433,41,980,637,588,676,91,565,65,726,483,562,1000,771,78,568,147,898,484,100,926,171,86,184,220,494,992,368,47,220,352,459,678,627,660,923,407,444,5,920,154,125,550,1000,358,984,850,56,522,708,40,285,955,481,357,101,807,611,850,956,387,553,614,533,127,204,682,43,122,105,687,168,85,644,473,335,603,865,570,603,916,206,337,933,28,555,829,503,430,582,925,499,661,241,947,287,73,570,82,508,222,842,704,244,476,652,50,377,322,316,24,159,325,83,618,478,160,990,861,466,2,685,714,355,377,229,335,399,934,575,438,677,21,938,239,219,927,283,459,621,228,646,612,368,143,142,356,532,234,900,626,602,432,925,210,702,680,598,739,810,962,113,209,893,162,205,204,258,129,618,357,104,368,213,792,817,802,623,27,707,489,855,154,209,951,721,322,893,77,142,921,94,439,300,750,175,209,842,793,610,903,659,585,916,919,359,770,258,195,914,675,326,79,299,441,688,137,310,808,872,804,393,691,156,402,324,535,513,847,816,981,481,36,250,719,895
112,528,375,123,703,721,437,868,514,789,355,124,638,341,959,392,703,617,271,977,601,334,538,809,458,479,905,288,18,32,150,730,497,887,3,866,552,620,402,884,13,457,325,779,855,132,234,563,985,390,192,652,276,114,413,637,280,791,786,387,712,33,162,76,632,288,717,720,299,109,660,530,112,288,538,321,807,455,683,953,438,792,612,752,587,629,479,521,680,776,289,867,289,553,691,494,639,267,411,353,929,753,594,537,189,704,890,911,152,762,424,761,373,386,578,105,572,669,645,772,26,587,127,91,810,314,679,27,885,534,785,819,239,645,702,779,474,377,865,72,530,921,62,547,741,567,606,891,75,358,0,845,629,226,73,61,430,346,423,352,393,381,761,727,765,169,70,199,58,569,363,54,163,387,156,833,901,69,13,146,618,520,628,404,589,796,990,849,869,993,288,279,636,127,129,15,174,268,714,30,652,835,465,300,881,334,563,384,234,67,533,619,611,601,314,158,558,27,449,758,375,915,480,700,259,55,725,384,918,288,556,624,169,157,572,175,710,476,991,488,640,540,742,791,589,735,17,462,951,780,763,937,716,959,113,215,861,617,672,163,389,654,879,651,993,909,430,11,440,607,695,88,296,518,38,149,709,185,69,26,569,861,849,861,778,17,879,884,107,764,896,320,705,105,144,849,635,404,866,755
962,163,858,563,355,790,731,196,260,702,466,650,547,967,535,977,40,89,259,188,45,142,628,651,471,770,743,8,515,464,955,87,514,102,666,230,886,163,377,963,48,994,749,621,440,951,150,437,177,737,372,230,953,132,741,536,542,88,354,72,847,268,116,289,622,740,767,635,701,491,490,901,207,809,692,372,14,379,172,778,689,991,980,616,751,281,486,229,739,654,707,931,226,382,134,696,353,17,353,678,860,118,75,59,838,446,282,882,738,398,253,197,264,511,940,369,157,797,915,259,21,26,325,266,178,571,176,858,440,110,663,726,789,716,966,244,549,422,270,836,876,431,514,623,25,801,20,96,974,295,703,248,391,291,337,894,521,185,178,792,541,758,858,159,363,16,670,672,782,100,743,231,255,434,463,613,484,806,49,466,22,696,755,768,891,864,310,717,239,536,387,741,836,761,427,799,538,320,313,682,852,878,426,614,729,882,500,146,269,742,637,812,914,29,74,257,255,232,689,573,966,500,576,97,972,269,128,976,564,850,752,741,780,876,782,608,492,867,301,260,491,847,67,699,405,487,276,272,697,895,472,787,479,755,739,915,590,813,767,797,815,390,916,452,925,43,44,253,734,276,913,37,295,887,986,632,593,13,951,17,160,16,119,34,576,717,733,572,272,868,438,18,198,829,695,808,599,993,431,870
785,307,291,67,317,273,298,189,865,676,137,426,842,78,678,155,824,830,501,725,165,586,437,854,364,515,944,178,544,450,931,932,331,46,495,933,14,365,678,420,180,72,655,339,126,760,837,947,269,216,76,768,955,60,843,971,745,925,847,712,140,707,140,500,975,684,870,90,509,572,250,616,845,663,225,987,379,42,998,69,359,18,701,809,711,724,122,263,530,421,875,395,563,535,647,320,659,903,500,378,247,926,666,40,668,432,452,225,518,665,553,59,761,379,178,133,47,262,136,607,392,926,713,870,697,354,327,823,914,181,637,323,27,11,275,615,193,182,340,193,124,394,77,803,269,308,240,372,408,578,42,698,226,913,195,405,254,982,201,650,84,364,940,214,640,378,276,632,104,191,236,275,630,199,617,706,268,568,236,544,856,980,862,61,66,151,922,343,836,881,407,72,402,555,670,480,817,650,859,520,611,384,283,417,217,275,482,963,701,656,631,132,309,980,933,518,603,119,416,618,955,376,702,79,123,379,501,90,549,984,938,826,935,905,828,302,304,146,966,811,469,222,693,377,915,842,127,489,840,435,834,127,501,65,795,777,105,217,251,401,870,580,692,589,19,835,827,358,592,564,921,558,170,878,60,863,795,1,804,678,132,299,812,986,540,781,155,219,763,723,543,575,386,416,355,624,489,611,617,216
582,185,360,307,746,550,451,941,396,819,958,226,115,831,624,456,406,757,423,280,807,750,611,696,798,477,126,745,47,58,379,825,860,977,300,472,769,548,172,953,60,171,96,808,817,132,580,349,319,23,964,841,679,221,38,805,905,263,461,551,311,571,117,262,336,571,76,295,845,822,222,197,775,27,567,142,370,38,993,284,372,987,521,719,538,377,589,792,105,554,458,739,96,147,620,835,982,76,194,823,979,232,220,803,783,112,278,669,708,888,644,230,937,415,225,556,616,227,727,958,474,444,544,607,913,24,74,406,47,629,240,914,875,538,829,141,976,395,746,530,49,153,823,258,769,84,720,987,899,288,547,720,2,7,929,941,702,753,515,328,680,848,881,137,181,500,852,834,311,187,564,33,298,918,198,254,853,84,926,850,565,736,206,444,514,868,886,297,744,956,635,572,171,770,509,772,642,859,287,163,339,377,776,451,523,497,997,680,247,41,744,701,348,182,97,185,250,962,79,957,875,538,140,279,206,372,178,498,638,499,1000,236,480,524,537,55,603,417,194,203,148,496,31,508,132,196,152,163,966,930,478,99,782,749,187,471,522,605,619,398,563,716,593,704,41,925,370,812,37,373,767,84,426,135,894,557,307,684,855,393,673,836,872,920,478,537,943,377,383,158,63,355,871,18,840,99,255,874,501,658
455,64,485,603,922,345,81,358,222,292,229,97,807,538,115,410,148,927,774,517,273,315,332,447,378,210,710,139,988,158,715,368,292,789,634,317,725,103,630,282,586,657,324,773,941,780,176,528,651,404,530,855,892,601,665,200,674,913,683,629,677,8,449,691,402,516,658,390,298,192,233,143,113,364,651,119,547,409,333,722,15,307,648,699,773,175,625,243,404,853,986,38,130,914,39,763,805,301,166,914,883,241,258,178,808,534,820,669,391,328,438,933,436,278,302,844,406,280,931,618,668,839,649,697,395,366,195,441,459,469,997,238,55,130,687,643,977,188,7,489,738,634,386,57,918,310,793,152,16,327,291,583,206,154,668,308,590,399,351,893,959,566,941,631,315,374,541,562,81,857,551,497,116,912,38,948,542,855,319,361,730,413,829,188,421,720,958,240,815,67,28,564,454,420,358,841,685,975,471,88,450,583,843,436,645,297,840,482,421,606,555,400,372,622,879,942,385,405,700,699,139,610,753,688,235,540,968,350,139,279,431,346,198,962,544,73,152,550,606,351,6,624,751,248,304,384,148,697,713,337,758,174,153,502,899,633,606,501,979,896,536,412,1000,134,844,12,998,580,117,976,892,526,576,321,58,176,691,191,160,238,863,67,918,498,149,19,876,244,228,103,116,249,548,910,207,40,37,10,406,487
965,107,847,247,711,615,963,949,406,625,487,772,736,923,925,905,568,957,508,254,370,145,842,213,369,609,82,398,702,116,446,910,198,290,809,458,789,910,811,651,931,317,42,333,954,710,713,391,297,631,786,902,342,4,373,719,437,370,68,516,499,359,692,1000,158,718,416,21,136,766,911,580,445,659,240,442,859,164,28,132,223,292,373,541,847,231,138,843,28,46,237,206,760,910,904,529,717,928,866,862,623,648,493,214,990,962,704,433,504,771,225,77,767,816,438,666,880,318,282,493,901,25,273,633,78,930,360,626,211,278,209,274,618,581,414,591,411,754,472,897,301,775,501,127,136,740,952,544,533,507,583,807,507,487,103,272,316,391,601,546,943,484,512,983,194,881,135,944,310,998,538,270,436,927,814,370,34,22,563,718,782,919,809,415,170,454,128,181,845,475,543,299,430,647,324,407,495,919,951,19,394,89,467,433,527,991,315,556,732,336,744,481,908,148,549,267,326,273,399,186,950,288,274,123,97,480,455,731,751,278,570,360,646,215,699,423,600,525,147,565,323,825,435,533,874,780,853,352,397,631,873,667,503,13,852,406,517,793,377,420,695,851,895,542,644,141,518,654,948,416,676,288,809,131,281,69,720,235,599,867,860,42,854,88,277,996,206,824,609,555,451,699,302,792,843,351,465,503,977,885
193,820,882,573,764,388,455,323,407,671,279,10,727,189,309,594,512,508,963,232,384,615,398,75,198,324,614,120,660,600,25,56,314,198,94,964,232,980,445,304,485,570,378,896,987,317,942,296,392,356,310,692,280,679,147,340,307,928,196,657,449,902,649,77,87,108,675,521,827,587,238,161,469,38,247,789,132,646,609,230,305,286,274,443,666,361,683,453,43,869,312,617,72,906,601,515,865,215,378,267,643,626,822,335,517,365,166,305,319,711,527,9,384,659,746,999,973,373,614,613,643,540,486,107,99,674,485,16,477,87,387,870,353,45,870,165,940,382,281,744,281,675,927,190,311,946,197,660,71,48,275,376,790,573,83,826,267,755,33,661,559,452,93,842,920,156,881,965,939,30,114,893,996,526,325,139,754,394,953,70,172,274,149,443,361,264,741,372,707,183,303,550,850,338,654,516,724,13,723,968,954,193,457,619,882,903,743,514,727,129,530,727,923,175,207,602,412,462,343,202,518,131,838,779,971,98,848,691,14,488,591,292,358,744,69,147,602,647,106,344,413,600,470,715,755,339,47,701,372,620,439,930,742,531,1000,976,513,227,764,76,671,596,411,906,529,126,380,605,929,914,564,851,772,405,767,960,396,875,966,750,432,55,412,543,324,452,199,32,91,15,810,934,873,143,640,722,107,545,728,393
318,668,250,690,848,374,533,424,793,975,349,554,242,226,960,882,430,394,200,264,267,354,813,942,448,503,938,325,73,854,740,254,99,232,459,66,210,670,849,210,452,671,305,271,612,183,384,655,216,202,346,57,91,296,404,269,472,542,525,13,593,231,636,327,69,649,312,898,141,278,738,453,815,723,737,757,447,630,272,799,363,536,855,778,284,539,580,4,401,704,718,126,663,481,760,311,88,895,486,107,112,184,878,142,90,386,60,97,79,44,275,380,203,341,842,100,283,961,867,475,422,556,969,865,227,956,31,26,15,257,946,449,113,680,556,144,494,653,907,691,347,202,860,252,581,62,78,623,118,701,331,267,568,882,653,456,754,861,592,445,459,758,967,285,464,176,976,323,658,656,256,19,525,132,583,882,458,897,309,958,995,247,66,570,771,12,206,50,498,406,576,659,110,988,699,827,151,517,939,602,493,72,633,268,482,520,988,999,277,453,852,848,854,366,488,282,32,172,519,682,445,786,21,533,686,934,705,175,679,404,939,978,807,894,180,41,853,548,417,403,892,843,711,398,225,627,366,330,968,757,96,266,239,489,836,871,593,717,58,728,592,681,443,122,773,757,624,650,909,34,252,546,967,98,717,25,354,184,932,504,84,801,112,758,880,685,729,893,29,429,459,3,255,221,541,715,558,944,795,115
7,877,317,779,96,469,968,565,544,804,900,212,448,186,780,126,228,333,915,331,971,448,373,503,154,895,411,844,76,950,646,410,267,692,975,284,79,935,413,795,730,174,694,126,506,617,193,260,247,253,399,605,741,46,980,476,916,752,315,530,233,981,827,587,661,47,557,1000,749,439,653,149,181,611,288,355,526,247,489,88,230,8,863,877,256,651,829,862,179,891,858,447,932,738,956,795,668,852,716,985,516,239,969,20,63,459,338,311,639,313,795,192,753,821,437,834,958,348,339,140,956,203,710,576,765,203,89,355,599,779,896,600,826,733,449,925,762,601,801,644,990,305,618,999,244,386,968,656,535,620,299,997,228,638,334,711,690,195,226,261,894,596,874,245,960,75,546,987,761,464,390,967,668,623,619,406,487,454,48,317,380,694,390,564,873,247,425,932,996,255,464,329,993,75,294,191,526,958,321,982,512,669,193,441,730,997,961,795,835,225,52,111,67,816,923,266,392,328,346,723,317,520,445,602,334,718,248,595,764,278,623,757,687,575,127,836,54,867,157,443,984,967,553,823,163,930,871,946,469,846,155,357,528,975,717,10,168,504,52,763,683,898,277,865,986,788,970,414,562,351,560,922,482,243,351,271,681,187,251,64,777,590,330,651,811,560,245,304,856,506,257,488,699,441,523,209,505,15,715,80
993,374,180,262,806,88,896,507,687,437,483,772,249,838,264,485,130,141,515,306,317,289,533,671,308,282,683,327,372,927,954,939,873,888,267,225,935,915,715,95,444,866,364,113,268,682,259,729,642,867,696,961,623,632,194,654,926,136,332,174,115,162,284,590,122,313,170,300,895,528,601,885,599,47,894,47,41,662,243,554,341,953,875,708,209,131,545,614,145,110,476,796,456,208,905,341,73,931,162,156,870,569,172,544,405,44,400,773,424,226,998,409,933,729,962,626,365,466,340,966,779,894,526,976,474,625,314,167,93,570,210,574,195,162,240,273,995,591,904,576,577,652,711,929,395,527,397,222,626,603,309,923,893,623,409,866,697,322,985,737,306,398,308,917,676,603,149,721,375,359,624,133,208,718,14,80,707,277,896,650,77,6,583,689,562,798,380,866,925,296,645,147,215,192,418,995,837,696,954,369,468,375,830,242,889,869,511,434,191,533,728,173,622,868,361,257,11,506,941,660,292,77,737,501,766,784,266,748,637,350,201,803,91,781,751,581,478,144,4,340,538,252,805,919,509,756,105,738,90,454,356,627,105,716,669,782,162,308,504,403,270,204,433,949,201,924,225,530,824,205,411,638,690,701,387,212,592,894,190,257,379,501,830,673,199,538,979,351,920,169,178,660,726,9,205,780,431,931,886,838
784,674,547,809,705,857,635,376,149,121,747,430,412,902,240,631,453,694,226,57,695,823,689,96,707,794,321,145,298,500,786,509,755,176,932,448,382,929,695,265,621,663,141,391,316,896,851,899,715,67,989,352,283,854,637,129,463,186,359,905,116,649,773,145,107,141,908,226,640,803,524,780,345,55,332,768,536,532,664,564,45,836,31,966,917,873,135,516,40,800,880,36,543,669,669,1000,737,533,529,905,789,788,988,916,428,501,670,59,158,475,1000,812,247,239,286,235,864,677,837,637,636,743,640,826,514,487,775,399,952,268,978,342,643,0,383,601,446,826,47,927,54,202,64,979,245,758,491,323,504,675,301,426,273,104,707,786,105,539,862,662,992,493,747,561,342,134,693,245,786,952,263,833,733,775,939,277,93,920,567,103,984,414,221,936,879,128,841,554,807,658,771,138,104,870,806,689,806,844,528,418,792,191,886,955,826,334,741,45,597,137,307,393,51,146,65,929,96,650,959,465,14,584,643,157,643,943,60,204,522,841,281,107,979,845,104,211,196,190,814,997,386,35,302,934,225,5,80,613,549,332,518,63,2,488,755,625,441,907,552,414,74,983,942,646,123,661,938,250,883,258,570,484,899,824,871,471,545,136,510,519,921,821,509,994,124,826,214,423,655,109,569,174,821,391,625,126,585,50,419,63
591,958,251,264,876,133,938,232,995,477,675,505,846,491,616,913,800,181,309,828,583,253,791,449,646,750,761,70,705,850,949,634,188,123,753,464,560,157,552,727,552,542,38,521,148,433,791,158,393,394,648,779,55,848,253,713,472,508,566,943,648,302,495,27,566,915,701,627,327,456,761,954,933,204,555,859,979,760,450,950,489,337,327,697,697,498,597,740,177,462,990,704,186,997,673,314,572,114,89,116,344,167,472,207,585,320,62,219,997,995,725,952,160,148,288,198,682,994,592,534,347,677,951,490,575,762,664,66,167,790,244,703,18,380,949,55,516,233,278,340,660,219,855,527,830,962,680,107,819,30,184,710,726,194,208,617,827,846,74,203,378,359,801,888,37,246,830,446,876,834,769,99,758,65,160,144,431,341,669,754,477,527,627,163,938,658,950,292,790,405,417,44,935,140,596,967,485,140,591,316,677,123,54,751,212,782,894,48,955,586,989,334,300,409,785,236,458,661,848,512,858,637,147,151,311,261,244,643,755,774,257,196,834,595,569,333,127,400,739,631,663,106,386,556,970,586,853,924,168,96,533,466,608,804,844,48,257,983,691,151,605,23,863,850,52,94,738,764,36,619,203,79,983,914,862,140,527,478,292,6,987,54,163,734,792,495,706,612,148,286,694,26,925,308,687,442,972,732,125,439
57,379,784,414,936,458,748,270,576,435,876,291,233,317,275,166,38,702,841,273,895,116,68,663,991,208,854,500,635,17,890,252,408,146,258,16,531,198,945,535,891,889,597,201,504,341,594,509,362,231,232,604,61,184,796,27,284,812,600,386,820,16,142,570,669,579,143,645,776,367,476,698,348,896,8,66,6,200,985,918,562,880,365,339,445,198,593,581,398,275,416,89,912,225,184,535,818,836,684,775,219,288,511,409,83,179,480,375,25,616,970,401,66,175,244,1,561,709,229,567,688,492,373,873,297,782,527,988,977,12,1,884,995,991,520,746,987,233,774,455,432,576,24,872,191,388,856,751,354,744,493,820,652,873,392,336,856,879,545,198,313,43,84,459,352,868,736,895,455,841,685,423,656,738,103,111,285,111,752,714,711,589,933,3,963,869,564,388,125,237,372,548,747,554,623,485,265,84,928,712,466,262,303,424,480,46,290,287,853,105,410,610,147,274,739,647,15,379,391,658,911,950,282,30,903,113,295,27,690,569,738,694,128,668,660,964,876,7,866,312,688,585,148,420,432,128,175,691,866,923,607,177,577,985,454,393,692,588,851,96,413,987,907,232,923,556,459,778,408,966,836,267,300,452,749,362,184,738,643,786,666,887,560,816,166,295,64,739,111,146,226,215,431,448,90,634,289,736,313,165
591,472,622,65,317,189,923,528,98,347,863,737,512,800,368,232,798,676,770,497,734,24,79,740,682,547,530,872,802,834,79,188,851,254,555,174,912,463,118,290,155,569,229,636,683,978,461,442,114,921,463,371,772,117,517,229,7,370,750,367,634,231,235,244,578,944,927,160,436,936,72,311,360,471,166,95,490,915,925,15,364,349,727,215,553,572,67,933,85,614,994,142,656,924,550,88,750,266,810,328,560,895,12,991,779,557,282,386,383,22,493,969,622,82,821,910,323,661,987,2,8,120,793,842,579,349,902,373,473,109,101,744,392,221,443,106,563,687,910,852,986,359,12,205,192,327,862,913,228,39,91,824,933,564,182,966,786,131,571,786,879,991,681,465,742,882,198,961,655,158,56,730,896,545,825,388,763,880,936,311,480,144,5,377,663,492,877,827,378,367,306,567,389,422,51,327,493,426,850,189,314,773,464,837,566,10,1,533,334,764,237,705,159,0,202,898,572,231,560,710,142,609,980,120,757,827,665,526,71,645,558,544,450,566,592,81,567,141,64,284,754,815,948,153,560,70,471,292,948,433,797,81,16,184,13,392,646,62,287,502,425,210,210,828,628,107,116,351,355,982,551,84,823,422,119,572,450,644,209,254,641,860,560,986,0,435,652,178,538,40,798,626,478,385,175,377,551,525,563,203
556,335,24,521,450,746,655,478,379,864,511,463,326,317,699,11,218,233,84,552,190,121,198,970,977,294,196,171,50,280,656,789,724,519,166,576,651,827,167,185,43,631,573,580,429,195,227,238,627,90,986,547,958,573,774,548,408,264,81,992,292,919,406,144,649,170,358,225,579,556,738,47,923,293,818,193,691,760,184,874,185,714,898,552,871,48,374,928,718,578,980,608,122,897,929,182,713,594,661,822,15,910,810,661,780,14,770,869,559,39,182,540,412,849,724,11,546,902,244,319,940,494,740,456,169,275,788,30,915,715,231,730,579,194,259,967,932,886,607,250,507,535,762,984,778,92,584,409,819,895,458,796,94,521,650,805,428,242,873,751,92,799,683,275,172,22,380,26,191,712,548,191,216,2,714,667,856,411,790,826,65,335,520,868,833,191,867,341,534,300,471,898,532,606,75,688,63,287,853,29,428,541,376,313,806,944,507,420,706,926,76,972,679,769,108,0,28,280,677,639,642,178,972,790,551,889,837,394,768,117,564,428,385,150,304,588,659,105,18,126,777,359,602,656,392,666,662,43,569,11,24,370,380,84,220,2,209,99,565,832,604,934,179,288,532,687,756,434,594,7,291,647,679,147,828,97,683,833,948,49,876,122,547,716,162,886,828,855,761,780,826,226,32,474,78,669,560,945,918,32
88,49,102,339,230,464,668,17,20,134,488,361,917,765,393,658,320,856,554,798,886,783,622,55,763,877,261,813,218,629,142,146,540,456,730,917,690,294,31,249,910,246,514,407,686,676,283,192,994,523,264,37,253,821,275,411,431,461,997,43,600,287,352,97,93,205,574,751,848,911,826,443,760,622,128,515,162,751,648,483,698,624,153,953,276,698,717,130,124,852,410,600,910,818,894,205,882,31,851,821,8,41,579,567,111,905,785,426,438,863,330,650,448,781,551,893,132,806,5,891,728,28,7,654,810,438,299,868,280,311,138,55,65,178,100,861,995,719,128,615,140,898,212,470,501,749,952,923,72,841,398,337,700,387,206,281,584,959,711,798,578,97,121,970,541,219,245,928,57,215,237,269,743,919,64,840,234,317,248,441,78,687,822,588,320,559,833,759,513,775,816,419,489,121,311,415,914,461,911,657,161,264,9,895,322,360,317,42,551,463,219,153,927,829,802,724,143,616,65,868,4,775,366,25,180,346,533,381,180,246,640,909,876,974,570,137,57,893,128,400,341,630,111,390,757,317,333,918,583,674,533,63,153,48,33,209,131,453,484,924,667,250,820,293,641,550,930,973,310,807,139,998,941,146,337,398,174,863,319,760,108,772,496,217,232,875,984,554,759,997,179,995,970,150,292,785,138,809,866,584
913,528,800,685,141,537,398,803,384,982,355,43,206,372,703,387,386,170,766,222,347,61,683,81,956,218,738,214,348,0,160,109,393,20,815,333,854,373,200,283,373,487,869,190,947,31,138,12,378,173,945,577,930,569,730,554,301,377,416,874,819,601,54,761,394,545,327,613,209,130,131,748,490,456,663,932,606,317,39,769,821,234,827,8,865,301,570,176,486,950,479,687,3,275,481,845,749,63,3,996,702,364,966,474,330,650,546,244,275,836,736,250,0,168,630,981,865,146,529,803,445,783,255,880,104,249,244,648,772,471,489,42,61,647,748,947,609,49,763,297,52,735,363,322,739,622,606,148,175,211,303,892,351,937,535,13,45,814,135,28,172,215,323,152,187,545,635,178,903,132,909,759,561,284,506,963,503,101,890,295,608,552,970,417,644,220,1000,855,2,367,348,10,86,225,681,133,559,517,730,188,517,852,716,705,717,370,762,32,692,175,659,497,622,726,240,812,67,347,499,303,785,14,174,685,1,380,193,454,267,831,362,45,3,580,535,811,778,776,770,317,705,215,839,176,76,819,917,144,910,224,460,244,196,907,338,918,839,396,299,102,573,703,578,529,486,562,739,403,680,155,198,22,285,27,838,474,681,698,374,602,135,905,608,987,757,716,491,963,504,324,283,127,941,452,164,118,332,312,446,881
678,842,54,308,717,453,317,723,446,732,109,433,738,933,815,695,938,615,360,203,572,644,515,961,522,702,591,863,910,700,760,642,416,417,106,260,392,840,351,250,676,201,47,80,688,408,989,421,950,605,87,956,158,216,154,914,861,118,383,920,122,836,568,658,860,768,469,397,324,851,587,837,362,574,214,704,452,565,816,281,396,365,104,194,648,82,239,888,568,90,787,669,443,541,175,442,363,140,798,827,976,708,210,33,404,530,694,829,402,833,819,147,318,78,628,77,282,771,954,186,936,608,204,704,649,347,932,609,776,478,393,478,605,453,852,996,424,470,260,722,199,72,872,494,497,211,627,192,516,3,874,748,71,265,802,774,622,542,207,474,36,305,793,694,769,425,637,876,130,865,493,306,733,183,629,251,461,950,677,983,666,9,35,403,448,632,298,57,784,155,591,606,2,348,510,216,42,893,982,814,617,161,950,939,901,322,160,232,180,852,569,988,308,499,213,47,819,925,272,172,70,928,287,290,127,107,109,754,781,891,150,717,362,656,978,255,645,607,491,588,90,927,185,863,980,839,649,50,6,347,941,819,376,520,346,547,558,8,34,537,17,171,19,83,539,631,158,275,665,130,849,97,478,197,864,154,952,877,179,949,791,344,548,38,243,541,485,750,877,10,393,799,472,557,397,807,569,454,173,324
66,258,22,230,732,35,67,953,281,661,678,242,988,805,522,813,857,720,620,984,87,513,22,505,728,166,825,658,455,576,240,398,282,107,898,997,896,203,169,703,409,579,543,338,381,287,223,505,756,676,5,919,256,113,347,527,841,489,898,455,249,78,786,132,980,875,705,137,61,416,816,923,533,618,866,640,787,212,872,391,281,934,484,393,565,563,269,437,660,99,333,937,837,955,453,620,279,296,634,611,622,563,898,692,6,360,148,241,141,754,869,323,468,614,735,436,647,540,374,908,376,4,559,201,324,955,49,808,324,441,379,853,873,357,75,53,909,834,137,483,515,659,388,169,746,513,263,820,225,713,692,218,426,61,496,970,99,922,262,75,320,288,88,85,446,295,447,681,143,23,548,853,712,640,608,577,658,886,932,623,232,385,131,93,230,111,243,273,481,595,692,820,772,989,653,13,795,181,971,669,93,368,331,936,655,942,270,855,422,231,607,496,110,731,598,887,46,271,459,351,704,521,114,488,944,152,109,997,0,476,324,303,459,394,535,510,544,233,358,412,400,143,826,584,939,167,762,132,35,415,387,863,996,286,755,753,727,129,261,132,956,228,492,956,421,528,443,52,700,635,527,721,269,228,310,161,839,837,976,855,253,2,277,477,116,374,679,191,743,444,474,237,587,522,972,51,879,598,125,868
632,166,307,900,191,738,509,512,469,601,362,58,412,978,192,328,884,778,535,1000,163,940,429,943,235,9,154,940,863,591,665,766,368,406,367,329,596,302,99,773,671,757,528,877,908,491,795,772,325,730,995,797,148,599,863,604,664,499,191,735,474,166,841,584,897,87,19,941,805,535,53,253,196,520,640,800,747,582,276,548,868,991,229,28,516,454,221,260,429,19,737,267,458,301,723,283,917,287,26,586,245,456,659,908,208,272,945,508,233,749,723,871,752,343,18,146,330,568,764,219,740,103,517,576,242,270,929,630,823,442,154,358,856,427,881,766,913,840,715,104,685,473,902,279,477,259,976,867,371,683,807,426,61,823,495,30,746,203,315,933,808,632,104,757,781,825,112,382,216,697,119,990,685,88,736,408,77,491,52,527,300,643,223,931,892,6,644,700,587,350,613,828,392,696,884,13,411,449,461,166,395,528,583,945,765,741,630,836,543,732,159,271,756,321,150,892,905,401,250,350,938,663,883,642,146,781,105,769,101,54,630,137,190,876,984,4,112,535,428,983,345,42,1,270,689,11,198,366,848,240,148,476,163,570,426,797,302,975,861,528,191,296,499,354,910,490,927,881,907,818,510,148,927,182,575,107,786,147,701,795,677,920,585,412,442,854,426,337,989,229,53,125,730,81,716,683,940,720,810,378
833,246,229,299,583,594,746,607,245,230,196,182,952,886,260,493,82,345,616,788,356,472,795,358,531,41,988,599,667,768,816,726,445,944,674,613,36,121,485,669,457,144,811,554,662,955,519,585,698,186,10,521,92,970,491,881,408,450,351,301,233,31,577,445,340,587,808,547,518,383,346,974,914,128,707,831,501,393,527,640,334,283,933,299,311,71,753,833,948,90,818,804,44,807,798,20,49,696,754,607,183,902,271,974,687,292,447,477,19,695,79,286,24,428,639,94,366,917,642,377,353,186,748,393,414,536,527,764,661,678,281,841,571,445,665,95,388,170,236,887,449,44,604,7,198,334,413,11,312,887,789,463,792,539,86,585,935,499,973,419,31,318,717,185,728,974,301,695,755,701,470,751,106,854,945,973,829,683,199,888,280,497,911,970,267,405,528,183,619,987,885,945,148,451,495,650,57,26,843,97,91,111,973,111,301,658,882,523,182,580,117,448,128,894,448,725,817,423,405,934,396,463,162,486,110,76,325,912,595,835,847,212,750,729,925,387,934,273,255,752,608,687,917,718,998,643,871,415,181,195,787,839,242,305,788,616,683,967,299,853,478,805,670,715,145,84,815,163,829,345,894,135,261,885,832,90,320,243,811,725,645,627,304,642,995,668,287,148,181,646,713,635,327,714,529,798,789,358,423,208
597,944,828,423,675,396,646,697,565,820,982,613,552,749,491,13,946,308,69,18,387,682,303,306,497,327,95,82,441,698,899,437,714,36,341,9,94,764,654,903,181,489,622,211,932,577,250,313,820,274,120,477,643,176,817,768,586,240,948,964,524,339,943,259,581,461,651,48,354,352,827,727,238,265,957,918,439,764,35,242,607,927,941,209,834,968,410,761,274,270,685,938,945,97,379,33,359,263,390,569,285,828,875,608,480,765,175,78,197,1000,648,495,974,986,504,151,924,328,805,882,782,780,889,606,961,335,570,16,912,103,424,173,973,521,546,69,151,196,737,170,732,187,449,365,972,876,81,414,877,663,544,377,732,508,683,369,144,911,13,543,957,604,922,543,558,648,131,248,292,801,800,520,703,660,556,756,83,855,21,34,601,94,202,996,861,239,732,742,145,970,980,526,799,638,565,531,462,631,570,868,787,342,275,922,317,411,397,336,224,248,376,707,563,902,612,879,972,793,281,165,129,646,697,217,914,69,232,927,26,849,454,679,112,919,253,906,547,494,736,754,597,980,138,348,516,72,524,680,330,285,633,442,468,299,231,824,992,744,185,835,647,237,51,573,507,96,478,132,273,389,71,426,617,435,774,589,596,944,669,64,232,427,572,656,669,55,250,123,806,927,649,711,917,695,796,519,793,165,117,111
666,358,132,918,56,556,512,493,118,734,352,298,837,396,307,871,3,279,589,812,918,412,563,849,355,328,120,888,578,821,551,402,42,983,429,337,191,583,135,519,795,5,635,162,110,179,850,918,64,855,824,580,606,130,963,781,317,529,818,274,795,585,261,547,348,364,95,136,81,331,627,276,817,574,667,178,868,168,616,797,550,481,314,221,503,612,272,778,311,656,989,780,196,40,226,991,655,190,61,701,692,930,470,230,835,165,575,826,380,17,275,739,279,314,772,978,236,369,398,98,317,436,997,851,736,330,363,373,884,251,199,27,214,211,351,915,91,442,95,369,119,197,544,319,722,137,80,722,324,965,484,418,871,555,414,522,158,263,343,224,351,610,869,493,90,58,90,167,592,509,545,503,960,703,237,492,712,69,327,792,198,383,953,746,794,997,871,32,109,753,682,439,672,802,273,223,208,427,23,38,821,806,158,908,479,297,13,883,526,521,14,435,162,428,960,768,114,367,78,309,598,779,640,648,740,510,390,779,983,105,891,215,884,615,220,620,3,855,369,44,25,625,135,27,893,289,513,295,116,224,18,149,279,877,286,163,158,606,940,966,137,652,662,907,112,794,65,590,450,414,572,741,148,373,247,807,466,649,227,369,924,947,79,462,768,685,462,460,592,290,670,94,813,663,518,917,124,348,740,865
103,694,975,810,46,823,315,58,724,517,721,8,257,733,254,622,909,268,78,795,83,114,911,865,375,46,392,943,907,305,635,891,198,389,637,840,243,654,745,94,440,849,345,452,761,21,45,582,120,945,338,451,350,323,724,633,687,873,817,274,595,825,869,751,265,645,515,992,420,891,103,761,265,81,349,566,923,74,292,167,626,706,384,835,683,646,721,495,366,504,515,950,377,62,331,849,37,466,348,664,890,605,593,542,493,37,29,570,254,122,192,657,323,585,388,909,570,808,626,413,150,681,285,899,713,346,827,920,367,217,625,935,58,652,587,936,242,146,421,801,940,357,353,395,258,750,292,634,899,570,88,962,724,267,206,32,748,0,354,19,705,947,180,737,6,277,125,781,951,582,645,615,551,26,936,883,293,701,878,177,154,767,438,834,696,858,858,226,951,879,41,713,595,654,647,732,239,83,952,451,797,169,110,466,764,919,222,11,135,247,468,800,403,809,724,519,143,651,116,696,49,459,93,625,499,682,121,815,478,386,231,968,891,484,415,516,273,149,450,262,890,203,201,211,559,858,745,134,695,222,500,321,96,98,542,187,551,311,464,741,801,712,52,416,878,659,904,141,484,578,806,426,696,227,659,481,686,172,789,448,295,450,187,334,949,758,545,223,519,877,474,28,703,300,827,762,29,449,966,538
381,160,615,521,611,903,60,728,743,87,237,559,553,607,41,258,953,291,236,742,299,978,928,695,335,742,417,572,320,461,497,51,244,961,628,232,924,550,677,221,893,90,593,662,287,375,805,115,493,868,939,914,186,104,371,947,594,122,691,260,673,411,843,809,615,943,803,114,130,764,818,26,619,860,339,943,489,366,706,126,429,903,111,798,32,353,64,366,263,488,468,186,748,820,722,143,204,629,695,88,565,535,211,334,517,394,547,754,810,426,335,363,548,68,48,994,558,328,930,823,631,657,671,8,389,558,646,539,293,591,839,710,633,395,441,313,466,602,991,112,968,541,589,499,371,732,672,200,913,231,143,873,891,86,691,919,992,95,901,51,576,462,149,672,706,291,165,809,643,722,10,502,527,190,430,288,684,157,693,157,823,954,161,77,692,960,716,65,983,860,937,582,694,293,997,679,208,61,720,388,612,133,232,793,53,656,488,464,999,816,874,671,787,752,139,879,920,225,524,169,401,636,315,601,932,167,646,358,273,484,953,26,771,689,228,918,362,106,308,636,620,361,913,883,556,403,185,819,712,292,35,537,942,545,326,554,502,486,153,838,302,325,893,901,818,26,890,228,694,671,3,234,934,414,586,704,54,530,493,950,149,151,129,753,146,620,945,11,304,145,10,28,313,754,64,374,286,506,478,637
453,719,890,130,654,588,940,534,578,331,614,913,964,518,39,294,600,783,932,340,232,203,947,329,878,538,650,356,262,516,516,843,286,443,930,863,695,73,272,368,437,349,550,938,321,587,654,28,318,423,824,627,968,827,195,27,488,221,588,289,945,660,774,480,542,160,458,2,762,110,563,432,981,569,354,701,522,25,415,462,684,994,334,975,111,539,13,388,161,478,581,9,244,871,602,877,129,504,504,21,534,565,184,322,576,422,796,229,39,444,521,488,495,160,895,461,443,581,91,584,136,192,727,914,369,637,743,346,799,48,209,779,257,608,144,441,345,145,463,604,214,980,839,17,875,152,993,473,765,75,780,764,226,364,57,748,24,598,473,598,412,260,681,964,544,599,542,922,337,267,284,799,149,37,510,468,68,32,530,54,31,44,75,631,989,162,56,812,658,628,237,94,45,377,479,155,639,958,692,63,193,13,360,607,318,490,970,461,784,538,518,79,647,779,740,352,919,357,930,683,949,451,145,975,737,2,27,875,964,591,852,137,254,101,170,396,888,196,465,350,579,983,789,662,253,553,966,797,514,739,39,217,121,353,590,258,351,652,312,39,372,917,395,148,642,2,307,110,695,273,15,567,112,840,198,99,788,426,533,411,439,311,763,115,716,625,613,209,450,563,771,778,53,496,695,860,820,995,197,347
361,518,571,563,298,583,881,532,317,176,505,1000,42,625,620,207,267,383,105,360,300,698,727,294,171,430,839,485,28,292,520,810,557,356,277,843,427,32,820,458,152,573,642,716,153,722,35,142,908,376,395,56,202,208,59,323,712,585,421,660,538,408,198,831,630,104,624,502,276,792,325,174,434,373,477,589,630,859,975,95,524,488,583,12,953,513,52,864,757,117,692,868,637,301,750,455,320,988,502,653,442,701,370,509,124,563,765,917,801,312,627,871,617,235,587,259,425,194,236,565,452,861,579,695,265,475,759,347,788,223,684,411,233,813,247,375,747,811,661,623,76,470,33,441,182,682,366,861,603,435,213,913,874,375,933,774,590,986,97,392,13,652,128,777,914,534,954,778,119,200,990,968,43,339,435,503,726,313,688,278,411,901,523,274,802,539,208,404,613,91,236,922,532,33,743,768,322,93,291,713,996,514,655,256,925,712,31,713,695,269,185,121,429,674,345,300,605,781,311,799,621,641,148,761,252,700,768,40,323,473,578,578,962,743,742,188,927,558,696,976,283,653,293,141,364,31,666,53,270,155,506,32,872,408,974,721,998,241,557,544,301,653,58,271,513,629,7,265,380,254,486,238,622,577,206,163,978,85,210,116,594,224,99,490,721,338,125,865,454,147,362,703,67,979,51,437,102,699,560,779
588,578,335,146,383,448,429,393,191,72,232,918,811,890,974,967,943,944,946,733,867,70,332,41,501,946,807,542,104,712,303,20,7,931,173,418,828,595,261,996,401,296,285,426,612,736,19,246,773,524,31,545,800,861,1,436,249,641,592,127,220,399,389,526,657,59,362,336,131,721,577,619,801,455,105,466,68,620,137,575,48,416,575,668,96,783,331,611,384,791,375,96,423,122,256,550,634,260,44,474,872,634,951,33,791,593,116,358,580,712,507,120,65,404,537,690,402,872,408,953,473,408,502,919,105,36,955,842,49,754,111,849,924,686,562,213,80,727,408,269,139,448,509,648,236,728,184,501,652,635,665,598,408,467,383,60,663,684,682,0,988,483,348,585,554,5,177,149,426,853,734,335,448,828,904,42,216,494,889,805,589,650,486,876,650,36,792,259,246,697,797,435,48,517,600,18,16,982,385,503,299,350,181,550,902,840,155,134,602,776,393,59,900,662,410,282,417,529,216,336,857,796,86,676,686,677,677,16,237,824,838,465,905,273,15,217,731,466,41,939,315,640,742,112,99,760,551,553,288,934,722,546,732,205,352,774,228,923,500,107,140,980,23,135,134,644,329,975,374,447,9,997,89,536,539,873,593,60,684,614,898,23,886,750,635,420,695,239,397,930,509,373,421,395,559,821,540,703,199,334
596,295,260,581,26,853,113,225,564,435,50,734,756,541,758,740,647,539,17,706,851,787,289,202,599,120,219,430,662,988,281,548,700,105,193,775,179,933,718,182,571,375,178,460,438,108,478,229,434,852,565,10,569,554,435,421,424,143,302,425,949,96,453,660,557,657,408,101,961,30,284,918,345,304,517,774,854,657,859,190,611,495,835,534,315,370,906,135,384,455,830,640,223,151,819,351,627,476,640,849,561,709,340,26,334,847,204,499,133,903,735,841,592,388,157,662,804,907,293,356,279,108,426,601,600,497,247,551,737,149,191,450,326,41,270,206,995,294,975,24,103,802,232,781,413,452,958,781,645,283,327,76,424,676,192,662,204,19,704,999,700,831,431,665,717,56,479,408,159,99,345,483,345,897,781,298,785,297,146,383,75,144,14,972,491,612,437,580,953,852,501,39,22,636,819,416,338,354,659,965,828,565,364,685,816,590,176,61,329,707,958,449,745,200,118,540,988,88,493,904,924,395,917,385,319,89,46,8,742,397,939,897,669,948,762,460,562,147,375,98,35,968,888,533,43,350,304,199,795,484,999,446,713,528,224,248,972,791,897,695,63,689,645,937,248,485,860,479,37,995,19,339,125,105,614,307,163,741,205,957,408,915,225,967,336,230,404,219,340,54,245,486,468,691,255,562,390,28,835,186
690,120,98,124,864,389,933,518,639,772,950,272,644,768,595,553,511,93,621,20,888,605,993,921,725,265,689,721,890,377,603,964,527,953,771,743,674,644,825,824,628,150,426,321,291,715,744,572,857,902,518,189,192,735,952,896,629,113,267,727,464,426,580,288,224,653,957,111,162,516,193,924,965,93,300,190,693,712,895,97,855,841,977,586,56,48,378,622,761,679,952,550,96,293,844,91,940,503,862,122,748,834,633,26,952,616,890,709,417,378,726,592,219,796,643,50,477,938,476,272,362,564,546,604,511,686,604,632,789,9,532,540,352,22,732,6,504,397,633,112,226,11,146,96,18,827,816,648,255,384,747,652,803,121,391,927,821,493,442,479,909,140,0,713,208,11,557,965,503,66,854,134,362,248,194,689,30,444,298,124,822,240,904,636,519,436,620,877,7,766,34,251,608,130,774,639,380,63,116,364,979,871,241,588,146,19,840,608,275,67,937,814,996,458,998,547,560,925,902,112,787,320,297,718,871,29,168,597,5,240,367,112,694,613,248,283,904,436,515,85,562,909,582,887,376,777,182,212,151,184,168,330,134,392,885,308,468,201,84,337,64,563,11,552,391,142,82,845,115,102,407,302,572,201,263,983,570,720,106,72,740,118,884,408,726,141,545,420,472,765,753,72,570,849,983,864,766,901,96,710
934,677,927,536,112,712,471,704,33,883,584,999,977,917,836,947,752,77,220,273,141,48,376,73,451,667,855,29,702,866,581,226,142,996,314,728,749,607,530,498,610,110,715,710,535,966,952,498,518,805,831,894,22,591,793,87,169,213,751,228,417,949,967,541,547,976,721,571,748,590,95,734,965,832,507,436,451,307,852,930,170,905,362,343,619,221,788,142,171,289,916,783,558,827,176,586,2,572,30,994,500,108,585,374,208,885,284,13,328,277,611,557,322,102,379,950,679,802,994,479,430,553,156,419,698,66,445,634,143,112,118,346,692,132,444,909,692,521,26,707,847,238,196,83,65,876,735,812,532,320,62,500,76,554,866,606,513,395,278,323,272,603,153,18,151,923,940,38,972,607,873,974,551,455,831,683,382,900,933,408,100,353,297,389,979,764,479,247,546,560,16,742,787,3,597,971,747,952,252,828,845,245,857,313,449,456,808,636,497,752,111,686,794,961,82,163,760,245,112,612,748,21,633,471,145,661,829,550,750,474,707,8,905,113,789,73,954,77,561,62,701,181,582,737,543,636,875,534,638,379,862,639,515,637,954,283,588,217,515,717,625,127,112,566,364,249,108,552,301,210,770,886,616,695,958,4,975,204,515,673,514,142,578,115,517,269,594,528,765,854,173,85,904,431,329,628,425,226,815,344
775,455,102,181,222,311,452,183,281,257,919,744,781,272,331,938,73,358,124,492,642,98,245,689,637,891,104,853,132,134,963,251,948,269,969,189,856,261,325,822,919,407,428,154,518,111,255,982,687,151,328,647,111,805,201,815,914,505,888,751,995,10,955,18,948,909,36,117,136,502,819,84,265,424,338,492,296,639,820,211,198,726,345,237,328,921,529,364,546,201,793,334,41,936,482,369,14,759,827,846,500,767,136,798,936,929,222,135,445,752,50,200,966,964,599,799,754,964,580,702,900,588,261,981,878,305,781,400,276,557,88,971,621,594,791,770,918,803,522,283,154,69,543,863,797,522,786,494,565,380,662,602,612,416,37,481,352,823,549,791,75,943,105,230,179,597,974,511,459,194,23,775,332,190,471,184,204,372,43,295,314,743,594,869,559,177,830,944,160,802,993,20,771,252,280,138,318,37,836,214,797,250,988,983,641,175,234,435,884,292,543,730,119,860,669,412,924,832,375,518,873,832,465,808,762,859,66,741,522,132,262,655,755,836,99,913,367,547,435,165,247,447,82,475,837,494,602,540,374,69,177,790,123,963,910,128,555,983,376,912,51,465,697,858,576,502,833,136,604,730,720,606,669,708,965,712,705,598,213,517,639,916,998,637,574,673,456,582,344,804,592,482,556,53,955,957,304,337,1000,747
323,868,1000,138,322,959,313,871,99,330,162,327,314,96,194,328,534,910,666,344,418,301,409,759,834,656,129,155,967,447,850,245,187,910,485,763,174,183,883,745,337,1,479,45,160,848,825,941,947,936,421,243,271,92,284,979,422,308,289,67,630,873,301,838,935,92,60,175,346,651,289,437,781,282,450,926,562,684,966,87,102,418,374,722,941,372,593,17,959,753,805,96,102,753,203,223,175,981,629,312,693,652,107,460,823,663,866,889,423,550,916,846,902,492,173,664,275,930,471,300,869,951,622,199,639,192,24,699,517,44,521,523,797,504,785,226,519,230,86,999,366,246,729,137,439,413,366,479,923,548,153,475,575,956,849,948,882,162,956,140,715,519,611,841,219,112,903,956,28,8,752,120,434,494,832,31,601,58,452,588,414,703,785,52,107,723,176,334,373,597,96,433,458,942,880,907,210,87,1,693,778,159,119,883,513,153,340,323,609,566,678,778,193,455,719,559,356,28,594,880,976,505,952,295,186,974,12,455,568,126,63,422,97,890,84,104,620,490,98,624,151,883,823,200,87,384,234,639,222,968,364,82,942,287,862,964,495,308,782,952,308,675,258,107,908,97,362,6,832,598,384,652,957,732,772,117,987,78,873,83,400,837,303,588,13,851,317,387,300,519,645,431,421,869,468,11,994,66,713,889
911,675,72,368,679,278,966,692,222,711,732,965,565,102,951,659,657,942,90,424,954,628,588,691,469,923,647,530,515,717,996,384,442,629,415,176,743,269,259,240,137,452,212,784,569,209,503,191,560,524,830,677,259,28,569,3,583,847,47,491,486,540,163,406,497,932,131,265,161,23,816,119,871,197,161,570,67,285,15,820,918,335,418,53,926,444,40,718,49,852,952,429,857,261,953,873,901,538,649,808,47,912,843,142,503,637,361,28,47,143,435,551,566,55,655,27,142,303,356,493,210,97,477,540,500,769,924,779,253,282,813,967,587,455,602,144,145,708,66,210,956,881,478,533,205,756,970,708,146,110,853,503,572,95,390,446,259,321,460,566,662,180,754,625,854,856,63,465,599,18,439,547,599,754,606,439,383,239,331,994,253,171,234,329,92,267,908,218,183,582,590,205,791,336,834,3,827,266,244,136,249,350,304,461,378,259,764,73,764,390,127,21,336,881,428,188,759,963,481,429,119,372,613,625,256,766,247,942,142,737,417,362,293,927,683,625,288,516,59,643,251,370,153,235,995,608,253,841,872,249,862,877,458,236,768,339,674,564,537,440,728,609,38,226,105,980,841,880,705,133,740,974,857,653,60,739,759,973,846,682,670,75,433,548,724,597,967,720,529,340,260,689,457,476,291,485,60,250,542,722
444,73,996,271,735,42,470,360,33,389,491,439,268,797,933,119,459,582,339,358,955,244,668,339,64,753,437,581,516,573,722,463,191,256,193,997,539,956,86,304,137,668,145,542,964,67,775,445,556,511,98,99,267,514,256,402,936,499,110,581,692,949,112,881,109,781,594,772,747,100,808,454,319,175,79,941,437,693,458,341,553,523,31,513,322,880,974,575,757,187,35,562,0,234,475,644,912,207,432,197,199,972,984,24,315,306,647,459,754,927,682,574,722,281,229,406,457,277,272,461,175,670,816,642,814,777,652,738,407,980,314,154,874,851,951,84,670,954,743,295,628,279,644,285,946,310,258,309,780,980,809,104,113,331,991,961,795,138,588,386,649,342,776,457,654,750,657,609,976,194,129,299,608,513,939,433,468,54,619,954,568,351,853,309,215,547,305,317,838,407,622,278,101,784,464,742,212,994,961,911,57,422,516,222,554,265,243,399,94,383,492,939,62,933,595,429,923,838,876,516,954,95,24,163,769,692,132,303,30,197,824,179,25,56,794,536,931,94,266,277,175,644,921,39,634,144,28,650,906,93,801,318,268,877,988,343,967,137,889,274,315,338,938,89,467,926,642,856,169,689,283,882,657,152,167,720,484,582,81,33,161,561,594,726,405,461,930,732,479,705,173,906,176,654,873,164,821,65,942,199
704,803,765,233,864,554,912,203,690,879,338,762,380,512,76,906,52,341,920,890,503,416,696,698,279,982,717,33,72,534,235,568,52,369,985,673,778,610,350,591,93,934,976,214,503,304,871,264,408,50,532,858,724,685,186,908,271,261,302,245,110,32,710,453,560,536,68,689,154,867,472,365,876,246,588,14,173,277,214,90,381,466,808,712,658,655,700,894,107,725,711,689,364,468,332,446,53,881,597,638,355,275,603,986,200,844,181,560,674,440,80,505,82,553,839,772,123,366,963,449,296,966,524,256,485,899,907,514,426,782,99,88,613,115,937,336,47,726,35,398,7,506,36,528,132,616,798,789,197,57,288,430,817,514,824,780,206,47,973,869,636,641,163,46,866,251,463,421,72,196,623,245,390,329,573,726,662,59,5,47,469,343,287,393,534,816,602,519,184,252,741,974,554,653,732,463,65,343,1000,461,223,686,135,611,833,109,51,722,744,157,538,371,50,53,506,666,596,627,543,253,464,510,171,839,333,345,760,207,641,256,763,206,186,354,551,119,237,125,144,934,180,234,590,444,248,913,765,539,607,860,571,982,346,954,48,857,381,194,678,908,261,372,626,797,511,16,83,166,846,382,733,185,561,824,158,117,540,407,806,230,428,332,897,35,755,181,159,173,779,129,789,286,900,791,841,73,62,809,989,527
604,321,611,654,158,566,588,67,906,118,626,392,709,742,906,382,730,334,729,451,79,888,676,863,130,10,850,324,317,547,590,954,840,865,372,199,732,600,409,579,868,369,574,993,912,93,82,665,515,119,511,614,688,955,964,271,365,968,655,883,111,446,656,457,352,206,624,387,94,798,194,62,582,296,567,670,823,461,849,203,56,553,55,606,120,768,929,680,654,911,273,789,452,324,824,788,977,364,9,871,200,611,953,950,125,649,888,515,452,172,352,679,629,91,279,237,563,510,892,835,152,412,764,487,639,249,919,819,189,47,261,24,70,95,859,547,163,47,338,483,735,364,159,746,484,899,1,973,557,412,609,997,28,876,676,848,485,331,502,80,204,406,343,541,669,551,771,185,97,376,930,838,551,583,648,196,585,403,457,126,190,453,656,265,461,542,39,528,812,54,639,601,748,825,201,386,388,953,857,808,684,447,36,39,861,218,248,38,518,312,517,855,387,394,769,541,368,356,461,509,288,68,500,989,183,832,199,439,100,756,878,665,480,951,648,454,382,667,660,211,389,301,787,291,59,641,718,177,515,422,510,508,54,157,877,85,201,979,696,186,569,604,884,990,144,306,42,897,19,723,538,655,671,365,449,516,202,974,146,533,51,736,894,556,44,452,293,286,213,972,5,218,986,125,532,133,107,462,352,783
77,942,394,691,30,251,711,912,168,756,708,548,905,348,458,219,827,821,619,669,545,772,391,747,749,133,623,3,61,326,210,438,355,463,909,337,516,555,737,160,70,210,655,613,39,827,174,992,517,274,26,65,634,566,241,867,92,154,452,672,596,567,605,873,983,581,219,498,283,794,79,912,187,55,368,207,778,69,569,835,946,496,728,992,308,298,924,36,692,349,839,266,707,931,254,163,627,995,644,6,506,112,900,415,373,382,841,522,879,482,77,268,305,282,827,816,80,791,757,873,536,261,330,857,740,348,349,801,72,163,689,533,104,725,865,383,33,470,319,443,565,240,365,311,925,854,644,770,51,662,739,684,737,194,504,1,92,160,552,72,208,809,412,456,449,480,289,517,833,650,4,1,10,1,560,417,561,995,540,19,478,107,602,886,942,826,587,111,428,17,294,745,216,979,77,159,342,526,534,68,474,186,296,56,979,605,475,466,628,37,447,898,936,905,515,747,347,182,614,186,600,186,574,596,737,876,665,953,910,929,825,796,794,940,465,338,629,565,552,193,991,514,478,674,20,714,856,999,883,421,737,575,157,289,141,672,164,950,278,609,658,692,880,903,106,102,497,293,400,760,118,313,626,688,53,177,330,136,430,808,765,271,800,520,578,255,27,739,444,618,949,352,502,900,475,789,116,872,236,44
711,473,582,785,702,758,629,172,116,373,926,662,588,311,539,21,157,496,131,991,443,132,741,669,938,294,128,328,636,287,610,636,368,197,930,711,431,601,615,164,615,789,89,298,938,113,493,385,31,644,134,650,474,193,740,310,895,962,140,921,103,64,851,66,415,328,49,558,663,718,454,355,870,869,3,21,109,528,669,303,974,577,892,831,638,430,258,774,796,895,345,557,293,999,638,478,928,302,880,209,118,910,885,697,88,77,507,746,125,244,885,865,713,746,244,306,835,599,753,446,337,679,743,668,79,386,527,790,911,987,354,993,897,656,191,347,913,686,808,77,322,650,64,893,874,450,680,258,626,488,43,418,693,921,697,409,244,671,263,840,821,191,418,328,27,98,462,147,304,878,620,73,236,707,496,970,27,572,208,829,497,643,421,285,700,218,660,350,713,483,901,404,51,481,516,835,317,958,478,506,852,113,272,698,871,435,809,770,903,687,460,234,719,299,781,72,492,26,120,179,584,409,954,700,288,797,899,23,820,254,935,682,543,868,42,300,507,164,186,356,666,613,103,704,319,460,175,52,334,121,161,722,240,530,203,138,18,692,707,118,218,272,914,264,240,905,148,425,395,706,969,386,256,517,880,44,706,744,637,659,352,719,995,31,42,468,462,447,66,732,365,885,144,258,346,907,861,784,743,984
979,391,68,911,909,535,683,528,455,59,726,885,517,958,909,226,655,599,159,45,151,618,378,810,554,61,365,215,922,907,79,624,774,686,456,560,686,581,740,751,271,726,484,947,375,648,862,60,262,951,931,621,800,89,199,637,325,550,314,345,114,420,838,442,729,261,966,506,534,876,526,831,784,607,421,853,615,725,693,161,759,143,201,565,90,416,817,601,579,824,806,639,568,723,807,762,513,213,655,82,474,652,49,566,931,619,103,437,230,438,372,157,837,38,890,347,808,901,617,125,15,181,161,254,657,161,432,479,594,776,438,538,972,985,414,945,147,993,701,577,792,702,754,466,752,439,928,340,432,137,223,90,477,955,361,145,22,769,842,88,87,242,213,90,338,503,657,910,274,593,90,158,764,12,299,472,99,599,648,827,416,858,770,128,725,934,923,883,526,494,60,370,595,883,136,613,311,664,842,144,845,842,719,125,629,498,815,619,428,29,512,566,915,65,75,692,563,118,713,734,431,741,54,956,608,815,193,214,793,61,646,225,775,407,524,385,913,398,686,911,659,910,876,53,165,248,367,432,293,109,70,858,860,61,997,763,324,513,463,992,517,490,571,265,48,227,281,254,350,420,822,769,348,331,96,770,367,915,570,198,864,238,992,100,918,488,425,832,423,314,844,672,988,595,477,770,581,121,979,477
172,900,382,507,405,844,723,420,97,777,703,74,765,109,490,431,163,11,829,203,604,19,106,223,418,25,115,616,802,494,396,615,86,536,436,984,190,227,146,537,431,478,585,338,851,763,106,531,918,904,328,104,230,279,10,262,218,331,675,49,933,227,278,56,695,30,629,542,517,147,972,633,61,481,146,212,402,68,614,226,864,8,919,961,410,533,709,914,690,827,106,964,296,796,156,250,139,109,572,351,140,924,624,90,595,826,699,636,716,225,987,204,531,217,366,274,459,893,913,561,115,705,307,797,523,693,80,647,854,444,706,220,58,35,964,372,93,437,53,528,825,364,670,477,933,443,657,803,290,569,600,536,357,573,531,26,160,585,185,183,240,826,824,771,915,44,970,592,971,761,946,204,70,607,600,31,178,842,237,218,545,899,174,163,2,327,963,652,999,859,301,140,997,548,219,237,13,172,741,149,38,375,875,354,527,167,357,480,936,837,584,763,956,107,22,846,190,151,875,928,263,308,733,173,645,404,419,195,578,479,515,810,773,92,973,737,967,386,595,757,752,391,317,463,714,591,952,720,273,518,424,201,888,205,720,938,678,722,20,223,546,316,584,431,792,423,708,909,29,270,192,572,861,483,678,839,846,237,559,671,262,543,386,98,10,936,95,45,358,443,773,741,192,494,376,970,440,113,961,719
68,940,108,897,544,29,782,373,268,966,135,503,807,761,454,31,956,779,928,343,150,87,405,835,49,261,766,867,651,964,136,511,551,612,867,818,430,772,381,23,196,294,921,392,234,886,350,94,990,252,608,280,947,291,730,324,838,966,282,754,393,964,662,991,859,631,806,728,66,184,411,231,524,226,436,465,195,21,508,617,480,372,757,462,449,627,297,683,193,414,161,340,837,557,444,208,323,476,808,606,161,22,131,745,626,541,395,333,852,567,149,664,851,325,496,970,995,940,193,405,467,607,11,966,864,340,791,240,744,229,923,489,860,371,623,123,831,542,524,790,443,544,633,901,92,416,593,474,428,96,258,175,9,971,636,992,11,489,512,292,82,637,807,694,976,999,170,884,756,619,57,870,24,596,446,363,381,168,176,892,822,102,962,881,135,356,480,279,347,568,210,305,175,887,256,543,112,28,190,876,983,768,710,502,177,887,463,884,871,875,221,695,293,628,607,206,23,400,555,295,174,829,905,645,117,570,330,727,185,111,866,500,683,792,449,944,268,993,870,753,118,659,1,169,411,13,194,231,684,596,374,806,441,44,276,883,76,684,460,723,420,726,246,390,228,464,988,798,510,486,87,715,806,679,532,847,408,222,67,851,423,575,798,331,531,869,313,92,769,652,300,350,0,717,290,419,171,710,887,687
400,370,624,616,512,764,119,740,116,590,655,202,144,675,60,940,329,108,416,184,550,640,529,146,759,342,670,358,657,512,890,848,15,829,810,745,624,531,364,480,184,205,699,809,42,980,852,850,165,722,91,982,882,780,589,501,380,900,685,321,539,508,567,41,49,85,500,743,159,524,434,621,631,625,816,170,442,261,249,228,66,585,938,540,874,851,960,151,321,357,521,468,733,359,252,330,531,563,270,541,977,6,391,605,128,704,996,597,989,918,479,389,788,384,562,678,192,929,301,751,104,159,592,767,891,32,171,455,639,493,378,457,474,327,792,913,428,587,573,866,969,181,54,491,815,469,171,777,628,369,970,330,516,261,847,689,910,529,897,216,771,431,963,80,993,462,105,446,943,179,874,836,183,635,119,580,854,93,285,484,245,746,231,42,935,972,396,224,604,371,145,610,382,957,809,749,422,610,396,161,828,95,737,644,962,440,434,204,683,91,917,271,403,537,102,695,7,736,837,394,713,850,921,261,331,769,3,136,19,34,428,822,168,820,249,359,949,669,868,984,227,738,701,774,32,968,597,995,470,256,560,325,98,234,164,827,450,841,602,804,532,883,49,261,350,646,371,768,571,315,561,972,329,410,633,999,852,264,512,160,186,348,232,857,38,547,872,152,867,984,739,533,863,990,570,484,147,543,766,685
421,877,567,347,438,318,68,777,977,313,569,570,65,882,297,655,218,756,145,757,399,485,563,287,848,387,563,348,430,230,88,255,686,738,805,265,408,643,2,766,35,905,704,293,349,221,438,620,810,177,478,400,45,422,837,840,487,936,222,584,597,451,174,742,899,475,553,383,32,375,497,257,404,406,779,775,537,183,651,404,97,106,691,693,872,310,52,132,902,353,837,796,754,95,844,81,672,300,654,841,599,640,281,911,805,10,191,362,18,891,593,835,569,656,514,729,447,165,969,518,122,370,732,265,481,33,32,285,819,29,437,619,852,303,201,88,998,913,65,557,290,94,586,694,266,560,87,616,36,630,801,795,332,656,218,648,185,264,468,196,747,301,71,54,748,69,251,865,122,328,482,762,465,957,950,440,783,847,135,674,881,74,317,849,41,52,135,912,882,522,571,563,184,715,8,918,512,858,421,499,206,385,971,673,101,772,394,771,852,87,191,912,325,666,887,323,6,90,26,961,880,556,114,432,33,819,386,605,69,16,890,175,194,858,409,565,138,813,232,702,620,498,422,712,988,33,365,770,479,429,41,781,15,220,477,887,483,911,781,309,135,353,75,191,786,342,162,672,746,497,866,13,730,730,375,375,590,871,334,556,893,81,904,790,242,9,607,804,35,648,830,70,905,948,649,162,154,539,365,565
89,592,377,815,535,547,610,457,451,604,87,623,829,565,506,112,239,25,330,155,277,308,740,534,932,574,106,786,177,700,741,296,702,290,822,147,774,623,902,139,626,828,795,506,127,585,415,979,120,154,228,696,558,720,288,753,611,746,820,107,321,3,937,530,137,111,411,692,185,516,556,508,712,585,306,999,957,113,47,981,147,590,987,941,54,255,716,858,220,83,509,237,362,602,648,167,340,787,835,19,72,377,264,43,877,127,369,672,188,287,295,459,84,4,293,582,496,896,846,227,91,787,355,797,415,897,831,845,547,779,950,611,153,152,288,543,182,935,106,466,498,409,295,837,868,313,806,373,747,842,727,489,144,308,769,187,891,99,472,522,336,337,498,649,535,521,216,244,899,61,333,352,783,501,637,563,206,941,59,16,446,833,686,716,579,59,360,102,203,302,339,351,382,993,630,759,42,765,979,235,415,369,964,390,758,450,822,770,351,627,390,927,711,367,713,180,446,604,271,268,456,77,933,158,250,313,73,348,546,879,369,259,37,479,385,385,84,687,16,357,185,925,852,89,410,762,964,58,556,761,282,2,158,791,956,246,741,517,455,346,664,456,396,71,103,398,768,577,999,606,437,951,301,941,858,794,529,677,655,496,710,675,505,838,344,68,203,268,558,477,265,134,731,266,512,897,853,655,717,967
333,364,616,784,333,950,674,103,330,138,690,582,589,975,664,944,897,180,743,90,191,608,386,30,374,562,379,345,279,61,89,452,75,718,64,802,379,3,9,688,780,505,504,833,810,145,571,696,292,304,398,417,396,130,697,307,703,910,357,374,46,997,430,245,505,940,855,955,163,181,971,171,590,306,413,755,875,50,722,847,609,599,424,871,591,52,697,890,148,440,353,662,89,912,17,663,484,924,370,272,935,65,235,956,288,862,801,725,128,770,142,359,751,804,999,999,606,0,647,829,476,652,754,631,203,417,486,588,787,273,958,255,113,987,642,745,934,323,85,956,966,683,169,56,57,332,305,170,383,906,727,364,153,785,207,115,888,338,789,323,953,676,80,830,113,528,980,939,131,290,847,237,812,692,247,274,829,417,3,638,278,401,319,265,324,300,658,665,319,383,21,899,375,418,284,476,312,169,293,945,947,360,270,157,604,14,370,713,154,571,234,557,463,587,432,407,632,723,516,449,618,244,910,73,315,598,838,323,554,546,298,855,687,909,933,293,775,117,834,835,940,876,683,633,714,938,770,226,83,311,87,569,863,471,447,439,950,894,93,257,20,685,415,328,848,770,641,117,841,624,824,802,335,746,850,23,333,105,687,616,52,604,579,882,846,370,860,667,507,722,840,160,658,852,410,939,560,665,346,345
774,555,582,72,718,338,314,966,906,754,387,657,729,29,286,179,810,96,814,723,318,706,688,333,190,217,289,237,255,607,923,479,917,949,839,15,140,671,670,598,822,292,20,90,789,162,17,559,236,369,544,837,629,502,341,841,498,48,515,467,724,90,45,216,155,427,489,645,482,203,223,667,985,340,715,469,249,919,531,264,617,27,879,946,555,754,623,355,504,91,996,629,817,22,849,702,832,721,203,283,688,696,860,288,259,269,811,290,522,109,194,315,654,75,707,921,469,255,314,125,715,164,266,644,343,398,720,534,613,719,979,148,71,15,487,440,8,438,161,330,12,344,660,757,172,291,91,250,504,232,254,722,684,418,251,338,944,923,58,10,430,485,959,913,892,475,750,97,668,803,952,620,243,414,84,362,16,773,482,101,922,936,755,874,263,291,94,433,905,197,756,577,119,57,932,733,466,373,709,747,432,855,418,506,251,688,172,349,556,279,24,599,735,729,571,682,304,877,489,850,821,431,505,929,149,950,364,242,849,462,725,162,713,555,305,243,707,760,765,867,345,714,939,715,486,832,372,896,477,746,319,753,714,733,340,152,938,199,645,201,65,371,985,838,405,247,43,850,792,944,397,456,926,956,632,839,365,579,561,53,691,290,374,426,167,755,354,547,551,559,392,657,402,522,458,868,224,261,575,116
239,120,546,140,387,479,598,315,750,699,488,108,285,147,77,435,164,735,404,428,313,946,688,183,216,840,240,455,198,473,184,685,763,160,224,399,11,788,40,208,676,381,35,74,732,618,16,746,429,315,336,417,486,465,985,366,744,729,538,583,434,196,359,247,310,795,316,950,320,973,339,94,485,265,157,649,208,770,225,967,837,681,746,244,446,256,554,870,29,589,296,523,22,379,186,991,423,497,137,383,797,580,812,952,280,780,799,161,706,527,865,898,649,108,998,216,347,368,273,815,770,639,626,791,311,730,614,453,208,339,741,384,414,708,83,551,702,938,40,992,494,492,980,899,422,7,285,483,158,249,191,510,418,174,474,161,79,137,258,284,829,3,192,528,388,630,369,337,404,640,282,214,804,247,959,416,226,680,40,589,776,520,746,848,423,843,435,543,65,912,587,462,666,824,204,980,632,844,216,277,590,959,34,478,436,148,239,711,232,879,216,960,746,749,974,669,187,939,702,919,841,106,174,813,812,60,179,592,943,840,863,790,532,41,230,374,298,771,606,812,566,257,263,389,311,611,930,725,976,648,561,331,52,588,379,685,939,982,577,274,319,178,727,885,793,341,606,231,590,551,319,653,194,717,649,397,53,502,880,739,31,737,668,468,970,817,998,598,872,300,169,36,110,627,282,643,320,384,362,11
154,652,910,757,567,420,808,174,379,9,850,816,4,989,622,115,137,234,343,17,323,185,158,174,529,561,309,570,609,314,84,552,666,361,821,897,481,386,897,428,476,117,145,908,365,597,764,850,655,613,17,378,213,131,603,66,971,344,92,99,237,691,629,69,243,280,304,557,416,422,961,500,406,143,508,642,535,755,463,846,469,358,98,523,783,992,182,141,232,46,151,1,991,62,61,542,931,551,825,113,627,443,707,635,136,248,201,947,230,572,329,109,44,229,549,501,446,568,557,764,217,708,34,852,474,71,825,718,745,368,688,25,831,947,701,8,846,849,606,420,183,375,415,960,107,158,214,767,657,934,664,95,755,177,355,833,838,60,724,755,14,876,153,203,296,310,71,90,770,463,624,563,479,281,305,430,965,56,307,954,679,923,368,820,516,24,348,95,909,7,389,134,86,787,996,623,232,893,459,211,875,902,367,586,0,562,322,553,554,873,313,395,850,415,611,591,238,732,966,937,448,513,901,233,400,961,102,314,554,827,161,584,478,691,945,7,354,406,485,646,813,240,137,644,105,527,310,489,770,258,462,634,674,410,171,791,619,955,113,988,232,893,400,456,976,576,39,865,623,476,311,287,180,156,553,62,496,833,422,903,30,486,231,635,354,971,284,28,338,706,139,344,566,146,196,532,632,955,623,40
824,318,707,285,882,178,588,646,92,925,577,834,480,718,993,967,788,760,501,522,553,687,318,297,534,560,114,486,190,964,498,89,763,551,911,459,206,168,349,902,593,415,9,731,495,369,103,341,1,417,371,317,242,235,492,34,122,531,208,603,575,792,215,771,568,452,616,353,907,89,756,660,276,154,307,317,457,590,379,954,458,297,990,189,501,98,602,978,414,842,276,712,52,275,217,395,736,833,388,490,106,699,517,352,206,406,64,79,984,107,860,441,241,357,412,499,430,389,584,573,0,940,479,304,865,197,969,337,820,736,243,291,48,50,186,675,18,999,837,459,365,113,400,453,981,224,21,776,604,931,971,452,355,653,545,742,153,847,213,266,379,292,679,107,259,353,58,794,42,192,611,437,257,798,718,665,903,178,373,806,180,620,61,698,213,728,769,682,91,904,684,819,219,326,121,227,94,389,269,918,853,590,935,168,307,425,901,859,281,363,992,4,939,361,757,910,986,971,877,538,740,568,398,120,720,600,504,609,873,479,916,602,243,874,428,685,840,625,117,313,404,787,185,360,557,636,32,660,533,16,194,520,39,988,352,603,406,611,646,857,279,18,357,564,186,236,615,894,58,562,491,347,233,695,781,417,489,178,602,844,769,292,346,271,761,912,320,3,55,734,67,947,192,447,762,638,172,865,687,581
181,196,351,441,510,359,154,202,600,393,753,108,344,464,679,736,675,790,931,412,331,820,519,565,641,643,864,542,850,118,29,485,491,755,49,637,835,79,455,147,463,361,621,40,608,249,751,798,249,1,672,661,390,200,85,927,621,494,625,898,717,720,704,39,785,916,712,801,242,74,377,715,87,448,241,458,423,612,958,390,969,194,952,415,165,706,113,300,319,662,4,982,170,443,186,570,542,142,119,333,924,164,693,886,4,908,820,609,619,361,539,426,188,698,19,392,817,628,969,736,110,27,490,847,932,517,978,274,867,615,528,385,759,55,576,189,740,665,802,587,969,862,532,389,638,27,130,82,879,101,125,664,508,357,577,496,855,831,942,355,482,914,418,123,529,797,743,268,352,79,188,468,821,71,806,745,723,587,324,102,185,369,533,30,781,736,321,545,560,701,432,943,409,350,876,415,954,422,278,274,904,431,65,678,387,935,660,432,304,980,774,802,173,844,4,1,825,2,347,840,194,333,504,729,119,396,748,658,759,79,369,199,623,672,881,777,212,241,164,642,540,607,524,324,617,684,169,365,76,625,733,315,919,247,884,722,677,394,423,224,850,925,862,884,581,31,946,61,37,664,108,847,930,988,482,14,975,354,419,615,295,763,441,939,100,945,449,153,985,243,703,891,62,536,508,821,624,825,510,224
796,887,548,507,35,215,908,923,786,695,388,617,389,280,549,917,798,882,316,601,797,408,733,772,80,926,517,193,193,81,209,124,435,991,429,356,745,965,921,440,241,0,381,268,177,912,278,264,680,266,273,859,312,153,82,500,325,885,778,147,245,439,832,799,468,448,438,677,400,485,573,464,933,331,70,980,639,23,352,225,247,642,778,256,896,832,939,32,489,989,769,93,643,635,721,181,312,866,497,718,224,230,644,602,864,25,25,660,941,856,824,995,564,302,614,681,887,146,495,158,996,213,386,103,994,189,750,819,191,604,219,767,295,542,703,307,768,384,387,124,841,960,309,485,479,329,594,817,935,250,219,309,151,547,924,557,249,845,589,761,828,238,552,841,801,892,280,557,647,17,191,325,876,415,379,584,219,815,342,737,636,948,836,420,548,799,610,883,26,832,466,373,872,149,540,418,905,304,95,646,813,85,508,552,455,351,594,289,99,683,778,726,734,789,789,615,504,73,420,110,479,191,450,244,639,867,320,661,739,493,930,192,98,980,611,809,568,188,143,352,946,722,813,452,664,794,848,723,250,939,946,164,266,620,772,348,123,119,422,75,298,236,699,532,606,823,633,344,929,938,381,641,896,947,385,171,621,698,570,329,558,166,921,35,503,858,707,76,54,900,980,385,896,686,11,432,275,18,600,742
19,990,492,305,375,133,513,564,591,171,268,245,552,907,38,273,87,572,59,727,290,849,117,703,208,580,386,504,374,415,491,285,199,435,159,548,831,550,56,722,318,840,446,776,803,920,545,268,792,557,157,416,55,529,822,109,782,250,187,315,370,865,597,475,371,989,265,89,120,109,960,780,955,194,405,765,458,992,194,76,256,200,634,170,704,896,745,151,628,453,614,629,253,112,186,546,201,993,996,67,767,815,411,529,937,935,213,333,374,493,84,219,271,615,673,626,66,302,684,901,838,598,357,455,713,159,260,568,336,929,913,226,510,735,230,677,133,178,136,552,8,750,688,762,762,626,737,450,377,240,650,558,340,382,321,938,596,372,997,855,792,15,411,900,603,969,162,957,359,295,180,161,141,835,458,152,292,301,611,505,551,368,591,58,473,40,66,964,413,634,570,202,217,677,134,517,13,349,15,562,537,630,184,126,965,371,902,749,430,554,341,625,373,448,165,938,154,919,912,260,640,366,130,212,564,65,22,898,898,782,87,705,782,873,203,471,623,54,283,689,150,813,937,977,401,564,285,993,466,120,106,871,303,115,773,858,552,118,745,167,866,243,724,571,70,573,455,225,464,433,25,165,553,827,419,1000,541,489,855,549,656,814,371,342,504,417,243,877,746,838,858,624,751,806,245,872,185,321,716,601
222,675,65,847,542,114,110,436,570,57,195,828,751,989,242,381,496,242,847,275,778,823,18,724,570,385,210,500,711,68,703,678,470,923,136,992,333,36,438,887,862,551,40,357,527,433,618,522,614,349,353,252,539,484,779,755,84,541,63,45,574,498,375,182,986,645,129,550,189,15,102,603,743,587,465,847,678,55,472,247,866,632,782,302,340,153,759,466,160,282,578,473,310,974,876,48,801,476,811,165,453,89,975,513,664,876,653,594,244,991,914,495,910,907,227,847,232,341,654,388,804,532,346,616,833,393,352,608,86,375,204,280,247,652,681,522,453,89,30,567,980,511,121,204,614,466,85,117,27,355,986,977,512,599,764,773,461,577,20,177,795,598,862,44,760,8,697,320,153,210,49,250,202,797,582,480,685,876,349,434,63,75,294,341,775,627,988,244,988,167,810,848,326,446,856,318,866,44,334,44,802,750,427,176,334,22,350,859,694,337,753,529,934,785,421,587,356,921,450,735,643,467,370,588,955,248,912,545,14,125,252,768,114,684,625,44,88,367,306,810,221,309,529,460,85,210,788,298,550,596,798,927,744,544,619,473,857,846,155,85,401,143,555,44,29,118,682,553,505,774,116,196,811,88,199,160,963,843,733,592,929,450,431,538,461,814,410,993,584,787,34,832,758,660,849,983,783,192,363,629
704,277,770,236,460,816,205,227,249,308,416,135,718,451,27,84,613,338,147,257,565,695,613,91,923,855,880,29,108,88,455,867,720,998,823,47,296,145,142,925,43,992,475,948,368,881,904,362,180,546,641,855,558,84,540,993,550,480,620,907,283,872,844,166,26,968,981,921,253,323,416,541,437,739,206,780,752,256,502,796,87,178,912,677,979,183,751,414,335,515,295,787,278,769,923,614,695,295,174,304,13,886,434,837,880,174,405,265,957,546,698,323,352,847,211,469,915,544,903,612,259,88,605,704,564,500,73,591,463,615,483,640,733,223,254,263,448,133,169,87,326,443,843,786,84,686,367,782,152,776,366,57,687,222,173,100,255,905,320,612,139,851,823,737,648,179,841,725,53,58,95,213,666,919,570,13,911,363,94,227,303,533,96,634,769,887,670,626,395,105,441,963,83,322,253,278,436,109,582,565,833,24,776,628,604,98,104,240,931,693,249,108,345,81,197,967,345,56,200,411,411,712,239,572,696,53,640,701,503,165,581,86,549,585,711,7,610,337,517,713,527,770,632,91,237,632,962,128,280,103,378,104,427,715,913,145,359,204,438,100,744,104,671,628,435,371,403,548,395,536,637,899,756,390,360,625,41,783,155,365,547,435,335,606,427,124,714,727,473,945,437,87,628,242,643,309,191,923,967,919
727,166,83,141,610,623,352,959,740,601,586,928,662,756,616,125,213,140,700,748,365,65,859,114,51,629,459,687,998,7,417,561,105,400,7,26,805,620,221,953,504,817,267,447,322,909,72,700,146,639,109,216,881,309,747,524,378,833,796,586,883,970,371,776,578,649,830,511,96,843,342,960,103,164,473,191,958,459,239,907,436,413,494,414,806,373,572,238,404,139,295,800,729,278,54,745,970,641,337,663,412,982,206,987,715,863,493,20,666,792,230,559,17,186,26,275,818,858,779,133,220,830,880,166,510,251,894,470,104,931,900,841,418,499,270,374,408,193,757,636,555,326,899,65,926,254,161,975,896,54,631,803,411,906,198,533,176,81,242,365,342,547,37,277,156,431,666,888,122,105,720,693,149,158,696,422,580,819,384,708,92,431,381,57,315,616,633,19,716,262,934,884,47,561,268,110,930,459,87,1000,137,448,367,564,76,159,313,499,29,541,801,551,933,777,699,158,899,246,359,489,268,344,16,573,793,348,150,407,99,926,595,978,532,707,591,501,556,990,244,49,605,857,94,477,611,809,754,640,334,596,769,412,934,247,586,494,115,920,884,889,332,437,892,716,738,247,200,291,30,372,228,137,767,990,940,107,445,53,590,724,162,615,640,957,328,69,777,740,731,401,918,380,799,563,776,802,275,22,671,406
674,682,918,488,912,271,907,582,324,571,935,784,693,515,205,755,667,886,528,50,696,19,257,436,993,991,419,257,644,900,849,85,816,588,397,547,346,644,969,839,898,847,323,521,396,778,418,573,595,679,406,107,134,61,288,795,94,18,330,247,746,335,556,469,304,916,744,726,151,943,595,552,84,718,442,615,953,524,875,200,956,6,636,235,287,266,707,927,995,86,237,588,708,29,438,924,464,228,828,651,26,285,561,730,969,527,950,138,631,549,379,861,38,483,503,43,402,3,832,704,954,84,153,32,815,254,932,312,607,162,483,604,239,481,573,685,64,55,668,507,147,758,960,783,942,630,297,866,848,227,10,572,539,326,916,753,325,859,397,357,420,99,722,744,723,877,552,480,611,574,324,822,534,830,75,463,675,200,780,700,52,564,367,884,170,401,210,872,69,682,989,381,843,584,287,591,282,911,570,770,838,972,380,244,155,450,392,834,151,329,566,364,381,337,161,350,766,700,612,212,510,518,540,861,696,399,360,719,482,17,929,900,104,634,104,683,79,534,411,567,169,745,245,903,783,338,449,403,371,230,518,241,280,302,931,715,589,810,816,609,75,240,963,925,538,689,478,911,934,732,93,752,563,449,257,957,271,920,592,3,433,970,902,982,353,602,65,128,365,633,445,343,968,327,450,397,865,974,522,236
218,110,106,128,983,326,585,877,232,714,800,971,839,48,835,611,984,988,526,983,824,337,435,86,574,179,873,693,421,343,713,406,961,809,435,609,850,50,300,207,246,953,509,880,543,665,62,843,412,726,490,597,763,930,158,170,97,719,834,522,952,893,656,725,362,498,750,840,214,933,537,754,139,695,404,338,629,453,402,738,542,851,288,539,263,12,973,428,884,505,934,132,394,505,318,718,687,57,919,84,742,25,644,782,217,986,864,259,449,898,913,150,341,401,470,60,858,494,334,524,996,124,393,509,867,926,946,440,270,291,313,771,754,88,358,300,215,5,966,732,230,19,444,182,327,691,360,980,418,83,724,759,657,202,578,311,159,198,998,152,815,338,877,85,442,361,33,695,357,546,987,115,980,677,771,931,782,472,254,996,321,177,229,651,125,393,937,740,280,549,710,364,554,13,890,520,860,990,137,891,709,874,888,789,391,541,887,580,968,345,619,104,157,650,372,403,12,736,429,656,838,322,491,529,719,284,575,316,639,446,843,752,133,851,945,512,923,162,117,809,607,152,325,320,351,25,854,58,928,747,87,777,939,810,701,466,371,182,632,379,258,71,165,461,593,843,620,14,774,987,626,210,674,162,597,457,600,887,201,276,258,836,429,395,77,500,950,547,396,215,992,147,957,953,57,862,75,960,140,379
114,603,307,960,724,850,707,514,675,710,420,85,741,480,360,1,337,806,455,547,408,696,387,410,866,779,557,774,69,853,7,908,721,8,698,856,569,623,528,731,320,112,200,263,330,877,617,827,389,913,27,153,451,672,329,588,342,378,680,957,19,228,440,90,24,425,113,495,126,951,660,273,462,40,679,355,538,62,861,651,545,294,63,482,74,60,423,795,145,619,445,486,494,597,965,315,613,62,977,9,473,411,331,513,960,475,890,411,503,992,664,350,437,675,865,315,942,447,748,338,694,314,472,652,147,722,185,350,665,295,875,618,403,703,811,969,416,814,953,15,659,152,71,17,95,311,387,37,381,126,729,938,195,542,437,284,704,982,587,483,564,777,380,572,607,388,817,493,598,57,867,110,701,431,277,474,513,981,51,962,986,858,652,680,111,911,67,30,269,947,929,211,432,887,256,275,862,94,177,440,792,315,893,858,182,375,893,993,132,894,2,354,90,752,124,815,56,211,559,115,909,87,761,540,546,185,232,485,819,201,91,456,933,38,984,23,24,447,676,168,298,523,647,987,394,652,523,909,424,100,490,445,764,631,947,592,237,233,816,417,954,836,687,547,214,189,695,462,649,688,232,944,679,554,171,117,98,217,841,991,510,125,445,575,218,187,908,347,998,411,801,864,826,773,421,568,491,197,925,421
32,181,524,130,757,914,531,303,784,544,714,872,454,163,360,716,184,845,904,16,840,994,499,510,295,981,251,753,860,364,420,159,653,581,251,435,400,536,603,219,285,948,852,614,862,925,531,427,197,365,218,844,945,872,926,973,206,78,505,901,364,299,908,549,930,551,549,881,802,700,932,116,577,64,746,846,792,594,489,116,589,940,803,917,950,43,154,805,722,824,695,708,965,558,68,619,52,205,367,440,748,428,874,24,387,576,734,402,301,120,456,978,649,263,441,696,151,398,969,895,412,302,902,556,312,551,507,1,824,787,158,614,263,491,810,937,62,888,988,352,333,393,571,824,683,54,630,15,294,487,708,923,164,325,785,763,5,0,725,551,225,266,379,797,594,408,154,988,422,398,838,746,144,780,2,872,478,627,467,793,454,503,720,395,165,207,922,523,884,65,631,724,839,512,483,273,966,173,881,835,375,676,710,583,648,714,493,2,442,256,350,500,330,672,703,241,188,341,423,231,147,732,214,813,869,144,127,269,456,779,146,354,703,304,724,858,211,31,856,376,942,261,831,709,312,203,917,802,515,184,949,388,620,423,607,947,922,198,639,384,938,234,17,191,133,93,798,670,197,311,455,311,121,456,442,827,239,217,871,393,452,428,812,385,120,196,273,945,332,320,426,967,185,881,644,460,195,410,831,575
241,456,32,478,57,170,702,699,917,411,569,90,450,665,404,935,990,343,535,217,926,689,797,925,912,683,438,729,883,784,520,535,740,592,267,186,405,152,817,577,103,450,687,687,154,765,156,562,937,481,140,346,297,131,347,31,510,9,13,514,348,699,117,475,24,647,155,541,444,884,22,942,653,249,151,518,348,967,797,227,450,355,127,296,629,797,992,459,685,427,741,565,441,57,32,552,561,559,480,740,708,700,596,478,899,633,696,183,867,815,76,935,497,355,552,741,642,998,968,51,950,7,671,591,148,703,684,236,420,787,72,799,928,946,609,397,347,8,595,515,12,346,143,764,59,501,280,330,228,295,736,932,925,566,227,95,763,562,812,437,177,845,134,296,850,473,497,198,113,173,189,665,903,652,572,515,134,688,323,884,148,405,289,650,33,702,574,183,205,294,896,431,162,466,816,748,988,902,451,764,890,695,502,353,769,895,614,279,30,903,780,766,698,455,708,649,52,979,831,220,516,596,984,438,334,131,796,410,99,247,365,321,867,746,113,549,342,620,575,258,849,490,861,851,313,885,235,678,81,21,296,637,298,971,781,965,839,651,405,231,553,904,69,59,322,219,62,598,128,947,587,940,560,226,787,365,224,355,540,217,799,132,336,229,708,503,129,590,421,724,824,15,231,506,785,377,653,464,321,61
73,118,67,392,151,656,90,196,892,361,607,943,959,88,547,995,17,327,532,106,400,695,398,892,122,142,82,265,812,912,559,522,985,278,284,308,650,313,259,497,393,461,577,102,392,660,169,650,947,14,402,956,65,889,536,133,260,467,538,817,9,531,620,973,515,469,363,662,607,805,630,661,35,56,798,627,379,540,714,892,764,484,585,589,395,527,726,435,598,151,949,13,818,848,512,64,578,809,313,553,138,846,806,195,52,456,882,849,820,670,560,928,571,606,917,753,308,379,628,575,723,844,121,85,462,826,29,488,514,661,515,879,916,918,120,646,611,964,245,545,762,978,357,150,645,580,831,911,852,216,227,60,549,566,851,127,987,329,552,124,545,12,148,669,135,119,900,7,652,775,933,268,889,66,229,873,580,233,824,469,764,525,904,524,976,107,278,806,883,383,507,33,581,19,647,496,672,984,734,887,721,853,883,339,374,361,415,273,289,675,276,540,132,590,271,532,258,567,117,811,507,376,227,161,548,363,114,702,169,549,25,129,94,38,845,56,726,489,327,38,994,948,418,645,551,620,825,455,432,278,675,627,801,778,589,394,564,796,777,672,272,365,545,492,948,939,132,678,907,133,841,658,436,604,845,100,814,659,959,436,167,8,390,133,352,214,366,420,643,313,311,603,323,302,999,452,916,257,878,311
463,646,816,46,121,201,169,646,556,740,113,321,316,231,17,992,507,347,455,330,141,362,977,703,273,471,973,163,412,272,170,114,827,520,51,592,885,914,911,21,515,535,870,252,537,503,886,451,482,992,441,793,739,290,699,413,335,929,470,142,518,21,87,261,1000,729,788,77,871,230,745,415,52,0,697,14,899,482,351,48,175,184,450,107,803,643,764,468,111,784,745,667,766,909,615,498,454,85,458,333,72,57,501,359,53,877,145,918,14,437,337,46,445,895,796,191,414,711,847,819,221,19,190,560,528,962,685,224,254,894,896,347,436,473,436,613,170,278,152,719,119,70,877,356,966,294,905,940,27,788,875,836,132,964,391,668,61,115,860,247,378,299,617,891,639,159,404,389,7,339,16,992,54,503,910,65,129,993,386,677,131,394,106,258,976,104,507,887,934,241,253,754,541,940,434,262,504,733,190,753,754,286,668,527,252,693,554,739,642,407,11,24,458,534,765,171,478,119,91,918,267,370,789,83,460,569,7,524,476,103,7,161,444,321,236,907,925,754,696,302,574,599,47,124,717,662,41,984,240,214,357,827,639,302,677,485,485,864,696,429,830,66,872,631,541,352,172,445,228,614,536,251,911,382,178,938,906,847,236,971,630,201,399,376,371,31,686,620,262,451,620,965,492,717,830,731,653,950,199,686
148,114,954,843,292,947,813,177,123,694,50,923,788,316,794,180,67,110,190,793,500,811,429,907,442,211,279,613,46,276,586,945,403,714,17,359,258,450,766,156,765,781,903,307,267,709,720,89,130,137,105,103,222,952,6,496,768,415,685,121,652,320,262,797,493,887,848,359,504,747,472,781,83,883,821,297,65,73,909,808,828,183,762,861,3,473,639,886,112,902,839,264,856,577,261,574,354,537,347,506,350,479,492,673,214,55,501,860,284,827,222,751,756,113,250,845,478,546,869,921,799,28,552,94,583,427,956,92,937,133,301,185,428,371,429,767,320,298,349,856,381,430,87,643,807,105,355,469,341,866,115,183,478,460,511,633,981,587,512,697,565,495,513,349,877,103,341,48,843,232,23,105,296,700,102,208,8,752,543,313,476,779,604,189,710,127,32,575,416,442,105,637,822,45,920,314,389,384,222,743,178,839,47,739,920,900,271,837,960,215,133,781,538,271,593,557,310,93,111,134,868,515,930,544,754,223,684,86,884,566,93,891,168,149,232,621,742,798,728,1,805,459,420,408,904,69,479,219,840,981,60,210,884,723,765,128,140,571,932,97,536,288,229,693,538,469,714,761,726,10,882,717,355,663,284,272,464,435,696,31,66,372,882,211,26,715,401,650,736,481,373,327,71,316,714,247,388,367,602,523
801,31,852,793,444,396,94,503,14,189,674,0,975,653,611,414,663,600,714,783,105,376,730,855,481,281,398,61,280,171,495,760,671,618,206,454,831,467,409,247,665,563,104,403,420,466,544,523,499,977,730,998,302,658,42,571,727,498,611,667,19,940,154,550,580,800,266,602,136,496,280,870,967,810,904,506,668,469,393,844,30,448,459,679,436,292,941,64,620,654,328,397,132,499,443,154,691,782,63,558,893,878,72,191,472,418,552,191,320,969,242,503,941,56,831,713,383,692,847,289,99,188,718,712,975,575,760,151,240,306,396,266,615,471,124,270,139,476,284,321,342,980,995,331,546,650,648,158,559,301,80,229,614,999,219,465,429,607,642,910,411,328,448,818,95,3,460,584,624,773,236,918,7,27,306,311,792,266,563,796,794,70,422,489,140,991,274,237,285,567,216,482,331,96,828,686,898,64,743,465,915,856,809,245,170,697,320,900,983,934,651,967,739,422,487,750,726,865,411,433,421,965,2,894,240,541,343,353,845,984,831,128,973,738,690,130,554,766,512,861,602,681,435,382,73,48,957,729,25,328,284,280,489,248,903,379,665,557,990,25,808,20,63,658,643,201,916,566,556,68,862,818,431,297,387,654,144,197,79,660,308,708,125,466,86,183,2,78,59,487,628,52,944,418,134,817,414,769,951,374
857,767,104,319,368,485,481,503,780,193,440,513,891,421,226,813,202,120,598,861,923,363,331,846,128,707,186,676,998,957,427,359,631,820,750,861,404,740,558,72,300,41,725,185,166,242,680,135,435,904,384,487,687,403,716,647,949,858,532,757,422,402,905,294,369,266,365,710,267,247,347,958,982,177,257,685,210,518,683,939,187,974,250,168,919,752,10,81,574,752,814,60,720,447,364,596,455,150,748,545,206,47,226,318,363,133,410,79,255,911,329,569,952,604,593,90,425,690,689,391,262,924,937,602,457,634,425,145,263,961,521,525,189,233,560,985,871,28,923,359,802,902,72,138,640,482,144,700,281,567,847,657,100,447,379,497,342,441,639,655,930,50,51,697,54,408,832,313,166,720,834,888,935,470,335,655,730,373,506,606,309,943,418,873,389,759,184,803,599,122,368,951,223,912,831,834,228,137,608,291,370,654,186,531,118,272,249,536,226,542,953,647,772,667,221,332,744,102,47,306,812,628,233,879,178,656,129,156,752,765,774,996,431,749,804,521,57,119,926,620,93,514,99,328,15,600,144,886,845,430,603,603,629,600,909,181,833,361,272,974,157,620,782,590,8,798,707,140,881,189,596,947,263,944,701,41,98,130,759,347,778,584,160,34,289,613,234,482,10,465,502,176,448,804,802,629,682,380,251,37
675,338,72,993,543,575,165,709,370,267,954,978,451,316,900,151,644,39,684,96,783,473,977,529,185,988,82,207,62,543,124,710,705,277,973,829,787,440,379,678,645,159,442,732,484,128,222,973,672,791,211,558,891,630,633,917,770,44,490,586,986,270,533,513,872,307,367,552,859,788,732,188,736,338,398,578,73,880,891,587,300,531,207,931,840,781,426,71,816,167,172,478,115,108,264,487,805,318,663,696,19,654,691,842,525,272,643,916,856,977,809,897,614,80,746,598,554,492,240,410,479,700,11,628,601,426,300,177,236,184,62,536,581,20,914,58,134,198,283,978,792,144,798,355,24,313,589,85,412,579,579,571,50,258,729,108,975,3,454,671,620,707,6,221,588,484,170,172,865,225,628,658,3,885,331,859,701,325,649,774,861,991,693,306,395,822,496,138,360,335,7,556,135,560,430,869,394,362,499,925,502,80,488,507,64,586,45,988,158,978,568,130,498,184,627,906,236,846,845,457,853,283,972,639,265,496,170,988,950,776,937,638,910,348,879,325,956,887,437,501,59,418,649,112,979,259,891,266,545,872,460,271,250,901,793,831,615,765,968,55,921,545,356,479,462,384,69,796,655,815,213,63,427,726,836,618,318,456,868,432,854,881,100,443,519,255,263,351,197,653,413,454,343,555,735,208,935,527,875,88
777,492,637,55,85,812,645,66,25,282,481,450,57,299,376,733,904,502,412,478,404,547,184,315,197,847,795,427,173,424,713,237,491,908,982,867,765,639,964,772,772,846,257,579,398,968,692,319,969,39,772,103,426,867,845,420,224,475,406,119,379,113,714,208,283,668,363,537,179,686,384,412,601,498,426,75,692,914,481,30,519,628,86,815,373,419,827,697,388,376,82,947,977,905,975,774,17,769,972,854,806,53,529,83,889,413,242,739,55,110,720,759,959,732,471,674,521,860,731,515,512,757,363,954,165,669,329,443,133,49,624,624,81,854,922,559,873,499,935,87,854,844,343,418,645,225,581,842,183,188,241,616,318,487,586,865,109,811,110,19,876,811,402,253,878,790,553,743,798,53,968,36,357,3,624,922,317,669,221,972,690,932,100,339,102,361,263,560,796,39,543,78,444,790,952,168,730,162,745,784,551,559,75,846,973,519,928,791,236,464,95,620,939,255,603,126,658,930,227,447,643,262,94,326,220,681,942,604,632,315,531,52,116,829,719,299,124,600,240,334,37,475,985,491,932,602,465,366,702,699,831,53,324,284,876,24,852,605,163,145,964,876,538,88,325,143,726,438,545,385,342,386,626,322,989,848,820,904,237,448,25,256,825,764,900,371,54,227,965,78,130,380,605,79,138,967,782,879,841,236
18,17,29,553,545,269,60,843,96,698,840,755,205,263,882,864,210,252,831,802,174,440,519,71,484,414,176,621,94,74,176,894,788,473,385,22,878,893,980,546,124,663,628,16,726,611,735,392,781,121,819,67,458,542,178,123,783,470,359,711,617,501,532,746,825,134,945,749,11,936,713,439,284,305,442,176,494,487,278,698,273,557,66,183,337,990,622,538,256,603,715,991,106,430,658,220,489,111,531,525,646,648,52,43,997,184,623,810,810,88,3,63,976,621,895,460,302,765,640,620,65,116,828,477,929,788,756,806,343,749,29,515,736,325,994,271,934,803,111,457,851,803,625,892,963,46,306,84,227,794,920,401,781,631,49,749,418,32,990,16,627,781,418,26,464,466,774,591,579,351,263,133,803,707,147,254,674,370,858,847,121,432,246,804,667,398,945,747,195,175,477,343,697,50,872,388,642,587,260,199,154,453,114,254,709,870,455,9,266,661,795,789,631,860,405,286,506,801,421,984,68,95,163,231,318,597,219,442,802,968,443,667,229,192,397,371,654,86,539,796,1000,402,871,860,672,256,472,350,685,328,947,568,231,487,285,452,476,11,106,577,429,332,677,785,69,923,61,500,167,235,664,235,878,757,639,135,313,289,997,625,973,25,173,878,187,362,797,658,94,845,43,527,220,588,666,391,544,140,527,565
605,10,761,970,727,186,488,492,367,640,176,472,341,919,267,520,771,10,703,923,172,970,116,744,513,505,422,273,508,442,637,516,56,603,938,612,299,930,76,872,870,767,809,112,801,855,862,980,683,433,211,526,791,262,411,779,410,28,174,396,810,152,53,325,36,23,394,862,582,846,455,868,170,483,440,726,934,656,899,667,700,226,822,706,13,663,185,591,925,154,358,223,645,725,219,540,681,872,428,292,219,497,999,226,441,309,503,936,399,278,467,531,144,552,824,652,671,505,220,357,166,991,115,958,688,553,132,49,988,60,549,552,788,953,791,716,206,214,148,459,101,181,462,747,631,508,289,973,283,454,5,281,152,109,983,734,141,411,238,440,455,632,625,850,540,588,21,440,543,909,397,720,498,307,805,355,493,207,688,14,285,551,289,146,103,477,679,172,808,962,441,573,204,527,79,169,224,915,711,452,412,636,962,410,353,490,620,677,565,667,408,917,216,245,39,158,677,992,28,874,474,670,469,417,885,689,11,66,991,860,848,868,644,473,704,316,668,450,854,884,483,784,175,862,637,567,411,134,341,402,165,439,154,952,977,596,493,129,260,911,747,987,970,860,358,819,388,984,127,525,47,658,974,885,71,599,356,588,617,619,191,968,817,820,568,890,100,149,975,412,968,335,146,875,19,381,397,614,36,421
555,18,645,313,300,388,629,734,350,134,12,121,846,186,963,259,135,528,238,460,201,491,285,519,456,750,731,227,478,560,604,931,328,637,522,143,87,897,522,861,882,905,825,627,289,652,399,30,700,577,704,423,549,411,963,984,48,684,359,979,161,227,533,41,487,563,161,263,545,746,726,818,420,18,955,225,690,379,449,932,324,885,769,46,619,101,82,239,327,5,221,112,708,784,584,257,917,63,973,61,417,304,698,887,574,33,105,771,349,548,355,103,906,778,46,623,518,792,399,899,771,967,329,681,481,810,239,979,377,689,887,135,825,558,617,593,281,333,12,278,413,186,370,187,480,405,762,92,617,729,822,759,229,97,635,392,24,621,10,917,699,946,277,507,234,308,910,551,412,624,604,858,881,764,506,68,472,247,542,609,805,8,848,271,73,904,317,318,395,121,753,580,521,886,194,668,269,538,300,8,657,229,924,140,506,985,346,277,873,809,927,351,825,405,6,796,654,803,432,808,257,538,620,241,117,619,265,227,730,282,288,454,90,305,430,576,321,424,225,966,658,604,328,292,219,911,833,526,213,274,831,81,0,399,166,819,229,956,392,817,15,671,706,811,919,56,716,432,679,782,848,626,304,453,512,222,933,399,233,666,709,983,34,882,475,933,828,400,917,255,5,771,77,85,349,131,868,631,458,601
400,812,52,430,872,118,418,113,540,389,270,255,233,354,19,438,145,762,45,574,899,557,143,971,433,358,942,656,801,718,603,951,980,446,962,970,51,442,784,103,964,210,229,864,43,942,36,697,305,451,986,337,223,813,878,625,69,434,965,777,123,297,50,354,153,399,683,675,55,189,330,176,438,203,320,385,462,914,589,873,523,242,939,150,31,775,594,380,720,139,849,305,400,146,148,974,486,865,918,3,965,100,941,775,5,219,588,678,942,189,333,944,828,167,817,82,548,615,621,209,111,494,20,565,999,791,115,726,319,157,42,142,399,513,184,876,631,187,582,471,467,993,271,259,646,82,597,906,5,269,217,819,779,350,334,937,11,529,387,782,43,810,984,766,550,848,28,281,319,403,861,65,758,863,312,182,26,258,6,14,671,931,112,337,446,984,94,1,570,454,163,637,237,444,778,404,611,766,453,359,187,409,254,670,741,759,468,837,663,504,874,962,834,671,116,286,417,436,405,725,365,924,214,187,872,540,472,957,485,188,57,835,139,85,417,44,105,646,698,92,293,967,227,0,370,199,750,592,965,495,165,869,913,320,258,478,498,702,283,717,897,209,48,880,805,751,116,182,891,339,845,643,481,222,979,890,495,521,628,290,847,77,528,387,873,483,688,330,798,123,445,178,802,572,498,966,916,584,703,217
901,135,265,951,441,529,0,777,122,771,584,297,345,784,669,351,180,905,206,592,278,567,786,356,505,736,330,255,998,661,222,375,833,227,594,543,991,607,808,936,289,51,76,53,687,126,466,583,645,939,627,954,512,503,691,952,169,883,668,839,608,925,173,992,478,72,644,819,369,268,425,788,80,418,817,239,166,762,10,29,590,105,725,810,635,690,314,172,159,700,295,861,877,255,552,16,895,688,318,662,506,285,732,779,229,708,117,102,977,909,612,896,143,124,604,585,541,334,912,850,825,895,374,477,153,216,454,286,565,688,292,472,168,556,502,740,286,107,803,375,938,324,563,727,210,709,648,471,662,24,91,296,851,635,268,481,989,391,487,341,811,139,126,96,493,520,182,50,108,892,0,308,515,185,451,663,547,891,207,242,481,374,102,693,200,227,26,502,46,300,182,637,355,956,789,842,524,843,998,459,181,53,737,361,278,31,451,269,539,487,70,658,309,700,193,234,382,505,422,570,313,609,662,240,564,258,877,827,322,369,809,509,470,934,773,647,310,48,293,120,343,512,769,275,667,324,87,106,563,269,68,823,512,204,175,651,332,251,487,178,603,264,177,396,413,475,28,723,863,385,394,138,986,825,256,851,493,897,473,522,707,126,925,656,820,673,440,91,983,183,962,610,927,115,597,799,740,101,587,169
69,63,822,817,511,715,451,377,230,553,565,70,738,632,406,800,627,129,965,387,830,547,612,46,339,615,18,221,190,929,351,550,388,735,6,543,18,584,34,217,475,653,644,606,277,629,719,850,714,145,23,275,912,291,451,550,36,200,753,564,971,456,525,911,3,707,290,777,534,814,255,297,58,731,618,934,721,474,786,417,257,586,635,828,519,234,762,280,328,946,382,813,792,821,911,431,160,669,18,284,473,29,616,23,366,255,611,337,995,361,42,340,900,975,168,901,962,474,10,220,704,330,524,736,839,713,144,348,2,600,722,337,633,348,970,494,137,216,518,27,886,838,895,172,932,639,974,914,76,967,115,321,836,854,889,587,801,122,916,937,892,933,522,469,800,829,394,139,687,153,119,564,519,235,835,402,437,993,501,674,846,66,523,912,954,871,284,488,599,654,3,567,693,579,945,470,520,917,80,661,584,128,189,377,703,190,334,96,991,540,510,62,664,743,385,698,929,900,721,77,391,513,300,817,407,406,522,10,747,556,416,240,172,115,185,930,506,287,847,324,698,788,507,896,154,601,71,664,341,521,650,278,344,829,489,501,266,802,553,655,697,83,85,134,357,374,569,677,274,445,831,506,723,352,423,766,762,102,642,565,544,359,52,196,762,483,584,251,927,388,629,717,9,589,560,784,77,391,583,506
407,579,421,72,198,379,503,125,12,93,397,922,789,964,611,933,615,441,808,2,166,550,890,534,151,934,243,873,23,816,72,235,771,428,150,258,958,21,460,849,79,155,172,978,225,892,691,753,958,97,569,674,374,327,795,296,364,644,846,267,261,234,246,842,151,758,530,539,331,792,609,388,663,285,305,771,923,846,127,413,372,343,944,8,75,70,573,431,496,832,979,301,117,667,224,551,208,713,502,773,627,678,598,265,723,214,745,152,791,528,564,662,572,726,822,828,902,305,746,411,78,295,293,975,394,114,506,295,790,807,477,255,16,755,287,437,718,638,654,891,992,47,918,400,614,912,676,555,55,810,364,543,230,6,31,3,673,470,506,903,49,986,859,174,710,891,767,965,922,293,534,644,260,446,414,701,543,868,450,629,955,197,739,956,174,88,357,422,928,925,798,231,155,385,514,208,749,284,146,894,810,455,642,266,171,210,805,525,410,820,400,608,332,153,127,335,611,111,608,125,289,249,439,637,958,17,101,469,45,850,715,483,750,469,757,244,659,445,457,375,842,75,229,976,323,839,456,679,842,551,132,352,9,600,502,887,348,508,587,161,192,233,938,480,875,176,596,427,337,837,447,409,484,173,1000,575,962,934,596,224,546,657,387,196,261,589,209,633,342,368,749,800,335,875,62,917,859,251,672,765
112,765,829,331,314,504,124,262,228,13,240,881,106,275,58,618,216,661,703,568,366,1000,313,833,600,363,903,178,350,950,875,213,170,627,881,497,40,411,64,877,638,743,921,866,826,207,431,83,64,324,290,130,172,678,954,949,257,448,593,755,868,236,962,497,467,390,331,112,832,763,430,313,119,408,874,385,308,611,393,505,371,991,870,755,968,632,957,408,222,706,915,168,515,908,475,167,277,43,866,582,702,324,593,289,708,746,426,51,52,634,87,48,362,313,135,503,731,23,451,721,750,313,693,28,916,155,766,251,418,411,584,541,264,157,810,519,0,956,515,986,263,663,463,633,914,283,741,6,328,68,297,50,544,785,925,523,833,760,87,97,632,639,369,675,827,251,519,801,86,792,755,90,506,716,447,814,965,158,197,331,624,34,619,503,577,659,37,801,597,725,409,295,615,398,169,693,610,649,19,247,378,437,228,490,421,874,679,851,798,222,591,958,122,381,668,203,74,734,327,356,516,996,615,719,495,593,306,2,879,923,67,709,265,287,427,636,312,541,567,357,898,857,911,255,112,13,95,487,13,69,195,519,203,225,723,168,83,946,51,127,455,503,838,267,644,516,550,797,529,200,759,219,197,955,114,558,213,577,490,253,563,792,479,999,876,101,203,115,400,188,768,629,999,234,917,522,367,664,409,248
660,869,691,755,226,832,947,129,119,115,779,500,756,293,483,849,665,972,854,164,490,163,847,872,17,371,94,932,754,565,544,231,230,388,660,162,120,700,89,345,506,487,692,80,804,616,511,843,204,573,611,4,251,82,577,385,224,689,880,364,900,991,53,71,905,188,751,497,586,633,453,940,82,596,174,849,100,178,350,68,708,767,196,565,746,610,781,845,742,909,276,182,487,351,311,914,654,913,761,31,652,260,43,659,136,483,71,692,570,471,398,975,908,914,843,870,95,242,670,532,482,99,842,28,642,240,984,934,863,126,359,812,351,108,305,297,663,216,663,11,977,567,797,555,973,958,423,814,715,488,861,711,494,915,835,184,633,995,140,185,949,965,160,646,385,677,150,851,262,24,315,86,643,546,418,591,814,868,541,279,92,747,553,465,829,666,723,185,994,311,860,198,89,866,425,413,519,52,430,125,0,316,667,550,999,824,121,915,576,699,409,592,598,682,874,882,872,919,100,909,674,797,396,355,699,50,629,389,117,315,680,948,904,849,720,52,897,754,539,491,991,833,626,911,169,772,628,70,914,38,14,561,340,819,790,296,795,612,19,619,290,660,337,37,989,107,625,170,154,744,280,733,930,901,165,700,814,378,863,660,108,633,767,697,596,100,121,438,152,367,294,37,488,23,100,817,269,273,331,918
330,736,526,891,932,535,316,487,505,391,294,206,505,726,90,845,396,675,272,177,842,8,960,292,669,509,765,211,376,793,142,201,387,615,357,576,949,338,486,187,81,201,407,549,223,851,84,818,60,366,786,756,904,482,821,272,432,599,937,435,699,632,547,161,343,992,798,799,296,997,852,475,448,49,140,389,423,381,78,150,97,558,669,523,784,126,774,804,298,823,214,853,179,857,513,498,996,320,655,843,1,221,478,125,711,696,782,514,224,355,30,97,414,210,510,430,450,409,740,745,854,687,821,601,237,786,549,993,625,129,572,976,256,271,624,96,304,826,567,688,127,941,5,709,811,709,701,695,356,415,163,8,552,358,0,257,109,947,235,872,773,352,457,430,522,310,953,607,360,383,689,244,923,801,555,643,169,838,690,771,685,890,129,320,718,300,842,122,707,816,616,662,37,705,388,369,443,143,67,2,768,567,20,631,457,457,170,228,343,378,570,811,584,767,871,235,593,547,790,799,377,485,596,920,729,510,883,745,791,394,616,791,451,408,90,961,667,875,638,690,979,33,157,419,885,225,328,131,66,427,537,723,363,266,831,608,403,237,535,209,431,790,43,86,327,408,334,987,920,683,155,851,218,856,879,327,137,574,642,177,702,381,124,115,764,449,241,13,740,26,244,518,624,891,622,295,421,735,13,274
716,646,101,643,525,468,725,925,823,904,342,37,348,819,877,228,128,594,681,428,126,715,899,330,359,543,233,996,571,65,138,817,259,10,843,7,988,91,132,261,641,213,315,68,131,425,462,606,455,886,769,474,470,746,253,435,209,996,241,755,215,303,139,210,525,119,5,690,928,637,295,281,357,208,160,205,872,505,524,74,824,481,945,667,999,893,57,395,873,259,292,342,732,78,424,715,523,832,885,627,851,602,427,207,417,496,706,536,84,330,783,218,857,161,347,882,724,903,138,661,682,561,953,892,709,292,596,776,19,186,215,35,344,814,700,910,798,696,616,197,165,13,555,981,538,766,339,188,736,793,635,155,215,309,257,878,151,133,126,339,546,299,157,136,722,225,750,133,936,367,430,462,843,623,400,564,95,268,40,803,914,79,983,606,234,804,259,169,755,926,735,60,452,643,5,761,330,699,176,669,524,48,285,53,130,409,982,105,207,330,676,339,896,3,876,513,80,926,967,96,277,763,262,593,776,13,29,617,186,37,910,622,328,553,984,245,726,858,13,267,887,826,575,907,133,931,245,52,626,445,609,150,929,71,392,71,627,262,274,532,513,114,413,570,984,259,570,316,328,516,907,449,698,296,383,176,188,797,234,724,455,343,477,56,799,951,306,629,262,385,691,982,473,63,846,350,407,381,874,791
471,788,366,172,365,486,175,822,54,240,273,641,821,374,631,124,489,422,172,56,75,917,146,856,893,372,580,303,272,246,51,754,546,15,415,473,375,317,816,586,283,196,330,663,746,812,932,74,717,204,660,417,794,718,448,575,859,201,72,783,124,302,779,284,137,697,406,56,55,397,752,820,346,839,296,978,467,136,771,76,820,600,919,214,37,377,548,810,878,913,422,367,31,91,369,649,641,601,759,487,938,225,614,673,616,671,559,143,947,92,679,681,984,953,269,106,979,600,827,419,85,275,753,299,528,880,442,186,263,957,375,279,239,196,751,636,469,284,207,249,127,701,113,499,826,612,571,209,208,102,438,318,796,179,902,294,687,755,449,308,39,438,85,754,534,198,414,805,420,137,745,13,832,874,680,433,29,639,467,297,482,321,508,805,248,754,778,62,796,735,544,112,961,402,980,846,423,402,667,317,375,12,239,7,553,722,760,938,878,483,583,438,654,363,735,144,651,786,487,197,388,837,661,859,242,241,351,548,353,926,463,466,420,643,31,878,782,349,312,801,483,397,105,347,722,479,703,628,273,282,879,3,379,879,85,357,776,18,359,559,773,751,90,96,743,955,709,820,467,552,54,469,851,866,779,735,478,442,1000,826,946,794,895,281,473,537,407,818,845,338,457,729,225,279,328,892,741,214,837,687
526,152,38,878,317,868,623,889,199,431,100,758,254,390,417,341,996,723,680,97,543,378,435,382,470,902,246,617,303,930,964,603,692,387,183,1000,759,798,735,680,345,254,587,889,856,400,824,614,502,632,71,614,65,202,27,971,766,70,897,270,92,368,575,58,298,369,983,355,627,252,203,493,752,382,730,881,128,64,292,661,397,738,893,349,853,34,964,956,439,953,742,935,627,215,800,357,871,386,152,60,573,208,961,179,114,903,402,96,652,339,6,758,197,0,883,817,730,917,967,581,403,261,578,12,62,661,602,383,551,714,669,878,923,190,81,996,212,642,42,125,855,553,759,807,177,489,985,174,371,242,742,322,979,389,346,452,648,38,585,218,79,352,155,765,181,876,151,362,869,268,134,296,930,633,5,975,763,819,168,735,385,939,251,73,700,373,898,146,498,798,156,422,654,161,46,118,427,378,543,579,988,519,939,419,219,571,236,667,679,184,690,819,935,868,856,780,410,628,909,328,430,569,678,610,418,774,584,940,979,927,429,924,738,745,215,652,86,147,732,781,778,658,915,288,55,366,726,408,519,870,850,684,101,303,784,880,842,627,775,370,687,280,209,911,990,328,216,845,821,522,349,925,255,687,470,758,883,980,825,790,599,37,677,286,657,914,680,956,152,337,948,170,901,882,215,102,177,909,518,377
102,743,435,269,187,39,60,298,146,327,85,336,188,905,517,887,390,736,712,478,883,656,663,212,214,413,161,670,242,94,676,989,769,80,387,873,299,181,832,109,412,108,177,420,219,539,140,473,157,986,213,212,168,329,907,109,619,750,483,476,100,129,207,199,47,727,740,70,41,928,946,119,167,757,608,591,997,688,293,204,273,116,460,493,727,898,277,225,369,617,459,894,196,78,185,279,505,172,768,780,811,343,310,726,654,232,441,135,872,945,44,768,827,476,246,474,236,810,818,897,28,903,75,928,40,436,466,846,44,386,754,617,526,329,458,829,39,467,13,191,541,333,251,361,75,563,151,515,107,479,110,173,784,373,665,489,627,271,56,75,447,454,625,265,231,13,592,558,940,44,710,770,667,153,841,21,516,963,968,459,839,626,885,250,994,963,933,745,729,499,355,652,142,528,444,485,751,609,636,889,650,636,696,90,554,886,621,377,184,160,98,448,617,789,646,117,966,952,113,176,258,174,239,907,531,916,659,382,423,966,781,118,854,538,602,582,112,409,735,327,393,953,686,547,368,753,706,989,156,967,736,24,10,618,722,422,151,126,964,547,951,913,325,700,471,539,167,133,590,510,62,223,515,665,674,738,814,334,69,452,884,712,664,335,559,894,844,921,866,479,461,152,798,390,400,912,416,148,654,952
901,294,431,431,705,563,781,534,751,498,437,15,728,168,509,641,164,489,452,341,436,361,814,548,452,644,744,975,473,389,297,518,910,299,964,772,668,1000,404,192,310,795,59,486,154,366,277,660,707,740,355,383,3,550,802,511,791,532,84,132,358,552,935,268,113,362,455,738,608,8,738,661,540,618,662,272,799,381,698,33,508,760,890,752,604,145,340,631,619,721,913,600,419,71,301,229,769,90,630,768,799,475,376,256,833,722,776,494,802,87,16,43,477,200,801,23,631,272,26,694,478,313,585,124,372,294,797,781,777,369,885,768,245,26,263,995,47,574,403,933,245,240,103,655,700,312,640,93,898,243,26,817,895,166,81,823,256,228,390,327,681,481,90,343,200,285,663,933,331,76,600,586,757,664,263,363,312,578,516,797,750,721,869,352,364,236,790,653,656,948,375,782,732,721,513,842,674,702,2,349,713,160,268,221,899,313,350,566,82,829,495,963,982,875,806,956,553,508,440,914,93,669,746,754,434,304,786,45,483,550,406,511,708,365,177,142,978,464,112,482,636,570,123,288,266,965,187,484,242,695,317,371,114,193,445,224,432,893,215,104,139,671,133,611,813,719,895,721,156,15,346,450,838,50,173,439,298,512,439,342,147,695,137,943,166,579,520,821,830,303,918,185,180,390,897,741,249,348,726,402
468,491,440,173,824,739,368,299,721,804,751,477,17,443,477,442,444,982,882,26,69,169,65,439,691,869,610,919,635,280,109,874,687,61,60,106,250,286,301,730,894,988,489,121,798,877,30,259,307,625,6,768,554,512,534,289,380,563,725,911,455,442,131,312,648,557,449,389,344,346,162,483,67,161,664,851,970,42,952,284,702,225,896,70,903,389,735,443,44,69,973,148,267,556,516,528,977,116,942,708,684,819,75,613,137,658,299,121,356,14,323,1000,644,913,158,722,228,796,508,760,546,241,830,208,669,887,777,444,700,423,36,871,135,684,789,496,292,620,376,872,67,925,778,901,529,171,172,146,676,845,246,126,54,921,646,798,229,784,273,875,760,648,931,853,911,769,353,303,655,750,898,31,965,198,961,459,977,584,515,513,12,550,334,931,670,404,906,995,965,534,899,144,700,653,453,142,926,584,455,616,914,133,416,377,389,728,43,347,39,318,1,304,932,565,31,796,984,800,568,175,521,384,406,83,515,886,781,789,604,831,185,458,840,284,803,677,642,951,517,148,789,891,753,735,762,818,44,152,98,395,148,709,980,208,49,953,606,126,301,885,745,840,860,915,197,658,62,800,213,335,259,835,457,776,932,548,616,67,488,994,759,25,3,34,153,145,427,611,128,984,906,270,465,444,56,502,526,678,924,615
788,6,113,773,126,837,226,638,776,663,805,176,644,261,127,473,199,454,863,195,408,911,550,562,384,562,868,530,873,283,604,684,173,128,238,753,819,412,758,547,796,759,393,832,971,504,192,454,335,55,163,465,135,914,1000,397,287,895,590,304,108,78,619,327,895,828,566,185,852,260,186,24,887,229,789,353,236,830,72,239,483,227,498,558,651,778,919,9,604,6,868,579,133,983,755,451,820,496,814,620,602,96,124,810,703,157,196,157,937,191,105,44,754,916,202,819,673,190,766,623,180,773,974,836,75,379,362,669,501,904,267,888,125,827,678,449,250,622,403,157,153,929,818,859,335,771,176,214,832,647,898,768,307,227,128,382,240,140,876,486,787,711,325,713,69,546,36,315,464,746,784,740,729,175,847,872,475,785,193,574,911,257,723,733,515,123,944,440,21,763,194,830,654,156,532,470,619,983,618,637,941,155,544,391,831,317,886,839,110,418,899,538,71,868,591,869,529,115,118,662,521,552,912,493,80,778,209,530,52,527,517,865,415,170,618,557,747,868,802,49,600,372,803,463,400,521,986,825,565,57,70,422,712,962,186,505,739,57,510,829,649,416,451,832,253,366,591,134,239,675,632,588,468,89,992,26,795,989,995,686,49,554,50,474,943,210,758,545,212,928,849,474,73,45,851,98,658,225,476,822
383,367,26,451,399,785,173,330,671,228,52,879,472,997,966,389,362,641,344,754,44,718,155,464,857,535,329,710,258,967,787,4,47,831,559,196,26,75,967,64,946,993,564,270,642,609,168,998,665,247,405,730,293,217,766,326,639,939,245,878,358,948,474,458,634,461,870,480,293,653,151,820,523,673,303,418,400,46,547,702,148,384,360,585,279,212,796,548,897,659,434,88,984,234,185,638,731,401,690,662,7,364,817,478,371,231,371,404,949,957,6,763,134,491,883,436,66,364,557,656,20,264,735,138,920,411,960,340,880,723,915,62,4,192,447,68,242,823,243,977,446,127,405,71,300,493,450,290,88,790,813,219,495,459,981,479,708,97,805,445,154,221,236,147,185,798,30,295,807,509,614,28,423,401,804,363,60,214,982,362,185,366,670,169,283,399,729,161,687,315,231,505,217,916,314,288,100,846,323,940,263,914,572,727,914,731,57,656,836,124,215,190,115,550,760,781,877,824,629,439,592,847,548,501,376,172,469,589,933,467,199,407,658,687,580,675,942,333,487,459,259,514,117,10,899,79,437,168,289,422,234,231,279,569,608,952,177,81,219,65,102,776,543,723,255,409,230,645,317,328,162,784,767,588,430,325,599,193,265,614,680,177,328,603,215,786,881,438,560,348,415,455,732,958,306,435,564,518,616,347
911,248,244,387,891,747,475,618,568,781,845,537,728,2,911,801,970,312,477,405,702,18,485,960,682,58,31,216,446,534,99,483,731,222,316,823,665,105,243,889,958,914,428,294,261,990,875,558,180,191,500,67,936,369,324,834,761,95,471,603,722,830,488,194,152,5,301,766,145,374,872,605,861,858,792,906,24,113,19,610,784,88,345,826,107,33,446,149,95,107,928,638,57,831,882,530,377,279,156,747,962,225,463,403,909,449,944,285,812,746,301,312,897,641,365,318,248,403,428,709,493,332,264,743,769,276,328,66,231,179,112,998,652,174,299,736,970,435,772,435,759,429,393,34,442,197,301,108,946,483,859,126,553,962,618,686,5,552,459,702,986,239,41,48,852,631,605,857,137,821,142,344,468,22,191,857,875,855,835,350,899,783,931,767,507,805,260,537,219,492,932,381,126,11,396,470,416,321,318,982,937,826,70,299,694,21,35,592,895,75,950,635,124,472,456,702,729,758,505,603,290,385,322,190,948,435,277,602,845,143,696,364,286,733,458,427,861,604,141,395,483,53,907,608,475,677,727,531,832,494,239,47,489,193,14,359,894,827,116,685,292,882,651,405,540,649,530,938,665,594,856,434,3,224,770,36,968,526,151,504,393,772,929,678,736,319,219,578,319,327,318,668,945,642,28,138,868,175,111,853
354,290,774,197,956,579,340,351,183,438,808,921,949,492,447,999,614,642,443,721,331,56,444,762,545,463,949,331,819,156,923,442,442,951,750,103,253,810,327,409,795,416,862,833,642,981,132,353,978,648,982,76,910,867,125,740,624,866,446,789,139,899,954,106,132,48,490,709,841,620,389,290,250,649,955,898,167,634,357,609,697,377,416,927,499,771,931,790,276,966,442,834,298,52,56,784,51,739,916,613,96,337,173,168,892,858,235,600,486,683,841,815,968,280,750,629,954,674,40,212,764,408,101,551,576,513,942,638,363,799,129,833,417,115,60,241,243,931,889,58,552,51,151,946,318,698,569,165,88,607,653,169,338,664,662,685,601,737,561,844,402,23,28,275,833,85,816,214,593,298,46,455,845,724,502,34,413,389,648,519,543,857,929,938,81,48,502,457,132,619,207,870,472,928,770,246,510,487,148,97,948,689,575,701,75,902,140,759,443,250,110,499,351,952,922,324,911,950,639,260,40,726,656,742,510,914,989,278,890,484,62,160,103,545,646,767,354,461,975,609,298,790,216,755,304,392,793,846,701,127,339,394,68,57,1,196,594,169,718,852,759,929,920,52,670,197,438,945,918,223,977,825,180,960,762,435,200,604,702,513,136,62,699,35,961,790,699,147,710,579,179,475,714,412,610,806,540,161,791,87
926,761,874,762,383,290,88,291,411,520,555,108,120,966,522,307,18,923,947,157,328,760,257,69,911,66,724,264,844,715,26,380,533,190,161,904,235,449,730,215,412,363,925,842,460,803,561,581,554,976,185,80,169,160,466,99,455,531,250,262,933,821,712,188,504,314,129,72,849,445,246,37,498,327,285,309,458,691,537,534,265,378,393,860,175,700,363,669,801,235,473,482,721,815,755,866,613,281,609,681,860,549,780,976,475,83,458,692,536,783,488,312,26,430,493,128,980,991,259,429,940,915,554,951,207,78,545,404,178,794,140,9,120,330,381,317,50,290,556,732,792,430,45,273,477,965,86,886,849,995,110,233,21,597,600,895,182,768,393,83,292,155,157,587,942,966,112,92,674,895,381,225,584,753,522,544,654,990,932,221,145,947,367,537,969,26,800,246,730,716,560,765,172,359,318,25,94,17,300,211,152,622,941,812,313,750,767,153,828,868,261,798,259,855,777,121,354,626,201,647,888,856,189,544,543,359,115,552,172,581,551,905,269,697,276,718,368,584,821,548,212,705,919,482,24,973,556,247,871,287,938,401,408,168,852,200,263,148,832,67,783,562,661,246,440,468,972,361,436,485,499,988,524,324,938,860,391,252,324,156,280,48,13,334,231,985,475,245,849,467,629,192,441,438,711,390,367,775,716,501
97,343,521,102,602,510,213,233,561,251,560,520,202,317,915,785,347,14,687,640,780,843,139,289,795,911,243,44,967,111,916,936,438,928,489,592,208,116,667,626,998,348,409,917,536,369,223,394,139,654,880,160,473,594,668,744,430,893,835,108,75,340,977,116,195,598,163,488,888,676,922,487,913,309,500,413,926,143,962,481,617,840,477,398,537,946,202,515,867,172,244,904,3,100,896,332,351,902,657,963,664,50,694,285,681,343,817,455,76,971,519,453,402,944,284,995,129,335,441,274,201,847,706,636,840,501,649,146,292,310,281,757,203,841,785,481,265,890,744,469,157,572,841,358,227,968,729,844,816,370,837,411,493,336,768,480,335,354,861,211,771,17,808,121,588,210,279,721,346,843,316,911,481,784,194,178,363,378,596,616,473,640,469,56,741,300,966,654,408,862,496,226,615,352,90,361,204,222,567,312,242,81,520,810,929,490,831,849,275,774,582,4,985,545,449,878,824,301,476,390,800,448,646,567,269,200,36,959,923,56,682,251,549,896,541,457,355,533,644,856,645,460,293,78,575,819,122,160,712,324,760,456,906,887,941,396,297,276,933,388,466,889,663,714,14,484,750,687,440,389,362,975,439,582,96,361,142,979,934,977,282,422,63,53,460,554,55,322,41,512,266,775,122,443,317,265,723,931,781,363
901,1000,73,756,14,776,895,240,95,580,495,983,948,974,520,823,294,271,621,317,719,388,730,12,630,668,350,162,937,557,566,967,781,555,253,383,385,733,522,369,516,779,727,627,951,58,12,513,917,284,610,967,580,34,39,9,602,239,450,115,391,278,57,825,115,157,290,403,991,293,884,875,794,503,538,412,308,496,880,973,925,587,903,373,88,55,891,634,955,193,464,266,301,128,333,787,578,308,456,385,597,628,598,36,774,712,397,593,684,872,888,403,87,1,423,141,419,836,492,261,498,898,684,115,612,716,230,916,86,663,25,975,266,532,419,848,746,174,940,276,760,521,350,813,638,855,389,527,572,32,372,192,633,114,60,967,304,822,995,236,626,154,303,393,633,414,667,999,712,493,70,123,577,735,939,43,973,319,454,91,171,550,450,240,314,30,664,914,926,244,661,378,940,862,252,761,159,392,394,18,313,892,789,735,916,266,489,846,63,223,725,86,254,515,854,168,691,798,220,10,267,799,358,149,821,489,556,129,920,736,264,218,674,665,753,930,596,380,177,639,72,980,856,641,655,309,168,828,699,995,333,116,199,951,143,50,317,554,463,698,513,160,862,81,971,603,439,594,768,671,702,14,327,156,706,608,1000,237,600,27,682,848,648,315,775,800,103,274,121,899,704,361,958,586,107,10,252,644,536,823
321,153,586,320,232,86,70,392,604,46,405,773,505,954,161,782,182,82,646,556,177,418,726,757,357,106,740,362,135,506,503,711,915,461,933,130,477,664,225,56,167,547,876,138,741,343,591,245,461,172,932,527,853,117,56,53,331,275,578,543,424,948,984,947,547,698,736,121,848,816,700,442,279,519,762,624,272,811,587,746,948,611,290,754,911,837,954,406,637,93,345,434,323,462,898,110,301,300,488,570,758,931,695,251,704,939,305,130,233,339,992,562,609,182,760,227,859,340,803,285,275,176,282,583,682,374,58,378,685,312,711,915,168,699,548,993,877,983,339,62,86,641,986,189,93,955,232,37,645,576,706,95,845,312,484,212,696,970,606,920,231,892,4,302,650,160,215,867,616,993,467,785,962,502,626,604,612,306,5,248,891,130,344,468,110,667,279,874,911,134,489,476,653,1000,771,250,75,549,486,521,823,905,64,29,152,937,676,133,433,232,206,476,827,251,847,305,702,628,719,543,828,52,485,684,504,627,434,487,227,508,287,323,100,304,576,290,479,880,736,580,197,143,563,215,660,958,879,417,174,358,356,25,556,45,411,96,186,644,894,641,569,755,611,391,350,804,834,123,730,743,488,997,811,251,549,827,406,432,692,374,160,498,390,2,429,17,948,37,422,155,172,525,248,583,97,280,669,122,802,405
753,919,264,323,523,535,381,746,875,57,248,671,483,786,17,249,182,47,163,96,724,856,723,807,201,956,494,18,375,33,90,989,579,485,332,494,449,41,536,457,158,989,193,180,889,931,997,408,837,380,129,638,750,756,565,771,582,144,965,37,243,791,423,314,174,585,908,143,229,540,307,64,935,760,309,173,603,785,233,328,724,247,621,302,864,517,815,962,99,368,103,621,257,626,568,316,460,61,599,104,31,50,808,970,812,899,790,874,703,57,256,85,296,936,91,92,924,557,177,41,737,990,350,940,572,699,521,143,319,107,536,19,770,672,404,994,781,157,29,273,637,354,50,35,761,275,60,147,67,971,108,15,153,752,962,705,377,135,543,173,967,963,29,30,947,149,62,421,94,963,946,15,454,60,701,481,791,870,764,585,697,912,988,678,740,428,411,53,115,424,353,101,129,71,324,295,451,594,523,214,238,225,147,34,330,458,352,591,844,484,861,969,549,501,709,774,312,264,679,712,400,946,800,386,207,352,4,977,94,396,615,510,335,8,725,166,338,294,505,424,807,844,470,36,830,836,233,751,318,542,391,4,926,206,100,610,857,816,613,868,99,683,801,500,903,985,970,888,223,689,165,446,76,802,921,195,557,693,186,674,750,656,181,618,642,514,670,424,626,676,399,526,322,576,95,624,870,700,103,312
980,734,993,868,964,569,248,945,264,568,163,225,983,343,847,603,221,7,1,536,870,313,107,990,847,104,567,49,470,968,207,451,699,469,683,124,928,109,521,842,39,42,981,725,498,3,28,636,861,440,260,315,773,181,884,284,336,119,228,726,691,422,443,319,627,163,751,317,789,959,975,495,888,447,450,125,270,467,404,789,204,66,230,523,851,612,636,979,465,120,464,400,792,671,350,442,932,646,351,852,376,205,989,348,300,836,474,226,353,65,915,602,799,471,166,998,842,361,342,164,638,289,545,105,193,934,705,773,354,885,320,936,135,748,441,920,892,225,422,28,282,729,34,810,385,368,724,544,659,19,16,523,213,650,375,587,438,890,949,443,534,83,463,166,619,549,573,714,449,246,609,948,870,446,267,855,576,539,95,468,802,918,562,613,679,181,893,775,600,194,193,367,280,783,777,540,598,831,118,73,628,19,333,491,364,773,261,796,274,175,1,147,304,997,337,619,289,301,759,411,537,232,568,472,466,739,803,180,44,584,792,125,479,971,287,940,262,680,583,685,896,676,689,928,754,764,500,757,825,672,543,111,957,561,331,477,27,352,240,522,257,440,769,835,615,226,647,847,875,413,634,857,687,707,248,821,510,443,780,807,664,319,747,612,560,303,692,16,132,412,926,844,831,149,103,823,421,584,107,684
497,316,414,569,454,127,956,769,136,956,943,306,795,841,306,510,526,147,270,973,129,185,962,710,768,100,924,434,781,301,643,785,86,51,90,656,632,349,46,947,718,830,229,559,508,817,85,336,174,466,883,408,759,209,915,464,701,269,873,601,74,637,670,138,609,845,98,111,473,391,397,67,965,416,375,641,621,489,520,498,97,732,841,447,188,769,161,155,758,544,361,452,30,774,762,503,56,645,124,36,34,589,819,292,411,55,825,525,545,649,83,618,244,622,590,906,898,793,850,774,443,533,141,544,629,970,306,506,790,571,419,166,463,823,0,841,906,536,256,702,909,783,840,395,540,464,0,330,210,177,193,789,646,676,607,298,985,63,538,260,371,447,417,661,657,786,474,674,941,318,442,897,169,72,307,474,319,886,150,396,248,346,12,799,810,447,754,871,514,681,589,465,158,340,844,693,957,575,803,553,447,445,921,285,841,414,102,500,3,346,793,895,956,556,852,54,437,25,468,923,438,662,848,660,218,972,31,635,260,337,733,789,827,696,660,807,538,846,696,899,650,964,401,235,209,615,224,436,23,904,775,502,840,885,576,396,630,212,167,388,270,824,216,934,346,537,429,505,694,490,552,222,109,41,563,717,890,10,354,675,192,228,213,505,645,984,748,426,431,547,998,688,641,200,270,924,952,507,918,727
283,257,536,445,551,165,636,610,824,671,327,265,696,798,80,266,830,398,18,192,569,30,23,547,575,278,443,905,989,780,662,18,201,754,1000,991,197,18,924,378,826,38,917,608,856,204,256,347,188,702,692,6,864,762,62,414,84,147,583,859,959,385,480,155,865,333,488,787,552,749,55,372,686,526,703,473,327,443,80,882,83,216,909,743,811,137,687,969,254,797,381,53,691,608,812,675,774,18,809,426,437,175,154,848,768,419,478,148,881,570,761,892,133,494,555,688,20,324,596,928,492,120,480,760,976,813,455,225,884,807,886,147,346,455,776,2,836,836,474,969,412,336,783,68,662,349,202,795,782,694,507,502,959,887,478,240,575,789,362,686,442,836,318,186,755,282,963,226,514,243,18,823,669,206,200,89,513,68,492,210,270,482,580,802,131,921,91,665,1,22,671,474,465,828,938,600,860,721,744,25,999,411,17,224,738,815,745,265,340,351,932,500,47,242,310,623,912,645,548,82,210,397,439,864,958,455,545,435,844,922,530,571,114,546,676,920,747,325,16,159,699,565,670,690,899,374,346,643,550,11,909,585,628,356,563,209,893,411,22,937,604,679,779,700,121,90,177,453,71,759,241,540,800,307,923,670,811,675,953,483,9,270,369,941,115,879,552,836,294,820,205,530,417,360,473,402,449,624,25,101
614,824,612,414,308,329,720,132,403,632,288,213,474,739,368,443,859,160,303,922,443,275,491,778,742,553,149,865,323,209,219,671,122,379,94,182,545,364,829,859,679,207,121,246,656,112,63,157,338,130,446,815,102,200,595,462,155,245,304,8,879,705,701,280,255,640,773,271,113,573,587,352,307,326,295,767,642,24,359,687,679,740,131,219,328,983,974,37,830,225,340,125,401,904,647,677,396,283,146,366,760,375,900,216,893,726,805,948,194,862,818,216,969,276,401,40,45,421,631,668,808,177,960,96,172,917,230,515,968,833,981,948,301,86,281,618,792,609,333,888,384,573,803,0,791,708,902,492,559,108,59,679,701,484,795,123,988,631,169,299,116,698,558,170,462,450,144,599,450,293,957,53,0,598,839,192,723,398,863,402,526,678,773,399,604,841,295,16,684,196,1000,268,263,138,489,556,141,216,975,517,668,231,508,450,97,904,197,316,620,687,403,313,561,519,793,295,177,990,792,519,996,255,640,101,253,878,492,18,364,344,313,195,619,980,489,522,215,681,740,697,833,396,38,650,550,239,88,48,0,339,450,93,678,567,808,89,509,532,948,756,534,803,722,849,588,389,997,843,477,493,208,957,322,101,438,588,341,383,952,821,649,153,914,494,235,480,56,957,914,771,605,698,957,469,714,942,34,338,845,112
463,594,158,96,482,871,780,530,803,802,358,407,314,930,427,131,394,344,988,417,181,743,384,305,629,344,649,643,239,740,998,495,14,318,396,975,942,604,753,385,56,890,232,894,112,161,72,921,171,479,531,302,955,819,495,975,609,852,417,508,460,438,256,438,381,863,299,669,566,746,876,433,82,679,728,763,593,328,43,1000,558,873,821,82,445,220,143,202,591,516,566,605,559,442,866,512,472,885,856,692,145,484,166,41,962,574,596,131,11,187,597,507,162,851,824,794,886,184,312,638,15,782,159,991,280,594,110,205,625,739,294,427,487,139,507,388,212,642,783,919,52,181,834,432,465,667,423,247,220,809,863,337,596,80,791,69,237,284,814,790,859,757,579,687,595,247,409,209,593,280,650,920,673,348,914,292,22,79,561,328,303,124,4,407,381,360,367,684,397,228,641,614,813,788,281,403,341,41,147,998,938,246,468,363,998,184,150,830,5,73,75,551,527,352,977,843,637,741,360,468,925,355,127,799,884,946,766,899,479,938,83,640,646,984,490,111,620,434,33,913,837,771,686,809,922,324,47,845,888,864,544,945,473,603,649,385,686,3,108,904,297,787,872,97,470,45,548,740,425,125,919,492,221,496,32,23,553,810,165,360,104,370,518,454,741,919,207,549,797,831,641,926,355,188,962,992,744,791,313,26
565,494,811,134,865,149,753,639,457,432,988,830,409,590,687,906,752,623,605,939,583,576,353,411,364,310,729,239,727,90,70,645,655,690,908,842,315,340,519,981,346,674,184,642,26,248,546,752,589,973,922,189,520,0,730,622,846,995,598,900,551,291,970,611,237,779,63,357,577,879,696,96,944,947,24,648,42,159,903,188,768,410,904,718,613,543,741,243,369,156,505,577,479,368,635,870,671,267,123,936,851,677,363,588,20,112,982,334,78,653,787,186,610,932,786,32,813,561,352,289,413,110,492,743,324,115,612,639,19,518,681,318,110,754,31,927,90,871,787,394,547,446,945,281,21,885,817,761,197,21,190,500,633,936,302,455,706,948,317,320,481,795,125,53,785,412,467,618,846,72,834,783,109,292,341,722,548,815,647,42,661,302,466,700,689,670,634,720,426,963,531,760,823,850,742,414,17,214,412,802,842,879,571,205,598,910,285,624,868,150,138,616,919,516,761,804,194,450,729,15,697,184,431,516,886,901,504,972,322,701,579,174,220,721,102,158,451,440,306,611,140,317,106,778,610,710,119,283,569,457,943,483,913,97,470,71,469,956,872,283,322,847,47,765,10,955,949,843,60,670,250,215,27,102,380,184,379,834,611,562,578,392,519,551,395,404,870,212,529,292,534,336,957,137,143,926,708,232,590,648
531,22,449,885,549,474,115,84,364,723,624,847,952,195,876,247,251,592,318,286,482,972,695,524,649,142,417,920,717,629,390,714,166,412,499,425,655,177,782,909,847,69,130,308,168,517,581,282,61,619,934,128,282,653,516,346,955,209,188,496,975,598,456,951,386,95,393,794,891,837,927,654,892,822,615,700,0,327,986,555,427,39,199,269,871,620,0,13,561,321,348,656,880,161,153,347,80,642,100,185,632,850,111,817,610,803,414,355,257,700,554,898,356,860,733,68,411,171,134,956,665,123,858,267,722,247,35,936,229,56,76,796,459,493,627,738,672,481,303,31,272,397,819,752,177,61,362,70,565,974,18,292,221,841,32,978,486,799,648,819,36,633,986,671,539,374,149,916,949,576,715,92,28,36,649,710,870,72,194,329,860,514,131,696,674,208,568,367,32,848,730,711,799,295,395,298,125,232,479,377,301,663,868,241,121,302,579,643,139,183,63,256,325,328,130,989,520,837,239,207,57,986,703,396,629,652,508,701,376,114,591,331,173,645,601,314,403,821,854,59,587,975,265,383,715,217,906,658,273,290,788,659,383,988,571,191,620,410,307,24,584,844,922,411,77,95,176,112,287,602,757,359,540,947,646,761,129,648,237,572,439,43,609,92,800,100,160,4,304,814,298,792,628,856,802,351,42,363,430,78
501,853,6,585,379,656,547,404,55,511,849,360,540,347,624,856,134,61,105,136,632,926,43,630,338,845,670,916,966,905,544,295,759,90,597,343,715,952,645,229,911,252,988,736,204,992,622,123,967,944,869,182,594,386,299,986,880,526,882,94,735,689,330,945,461,501,828,800,466,31,269,827,628,430,562,341,359,973,918,916,982,279,373,878,991,873,672,49,754,603,528,273,301,808,767,217,286,622,49,622,169,752,772,537,932,406,492,233,721,374,524,970,685,88,756,405,360,21,887,809,28,786,953,497,574,966,796,537,660,290,166,668,404,331,694,250,877,59,563,858,802,898,358,158,75,467,52,64,973,298,137,798,124,107,604,362,128,697,931,680,9,791,745,827,780,998,740,602,295,393,880,392,449,985,62,251,751,956,412,190,83,965,463,743,331,794,390,69,370,786,67,400,832,338,450,425,365,78,98,862,578,492,878,375,463,870,230,234,107,128,384,911,336,398,819,411,951,675,785,584,554,259,802,437,393,958,274,26,88,983,523,588,183,867,246,929,239,347,955,786,694,765,998,512,429,2,515,687,274,707,292,442,145,696,737,982,538,923,267,189,420,539,65,82,970,936,619,75,305,890,105,952,992,440,156,28,608,139,283,564,397,646,451,7,196,873,765,547,976,491,572,325,738,418,944,843,311,16,889,349
864,472,364,210,43,288,298,302,504,238,693,312,655,623,220,600,333,488,186,942,679,12,784,191,519,914,290,438,835,112,314,753,357,577,835,846,819,174,981,357,890,999,412,216,964,111,27,246,722,803,151,506,531,193,662,595,776,534,503,769,458,745,700,223,363,154,541,236,166,327,308,301,231,77,562,815,952,777,830,158,801,822,910,613,894,841,732,73,801,379,782,933,806,728,888,528,647,901,196,790,632,135,253,632,637,666,758,276,710,899,275,354,736,303,189,61,989,295,747,688,32,361,863,527,697,701,491,104,75,6,78,260,766,474,998,473,816,936,533,164,116,248,248,404,221,965,612,876,23,936,343,971,887,768,263,422,424,864,709,187,122,216,664,227,838,539,508,305,140,117,592,847,644,776,643,951,943,169,958,109,295,219,759,888,185,780,735,766,737,571,270,61,232,847,23,949,78,764,87,760,638,668,59,142,82,968,974,180,254,247,620,323,71,955,625,208,39,375,5,426,858,786,207,315,740,422,733,143,746,873,937,876,261,739,984,854,284,759,607,462,164,770,829,710,189,153,245,660,706,132,21,266,281,545,469,472,529,450,527,988,970,131,146,609,289,523,680,455,999,406,115,481,316,784,511,486,339,356,738,670,636,933,686,967,829,531,829,831,939,820,636,723,456,898,664,764,898,751,749,768
459,586,272,973,804,197,792,54,357,840,837,167,929,398,70,380,693,407,298,674,754,938,469,468,207,148,181,614,825,54,718,511,869,130,517,339,797,256,111,772,740,126,481,709,759,495,919,470,454,429,877,303,397,76,190,663,304,361,737,94,939,779,244,128,730,94,963,855,1,13,306,737,678,98,316,763,854,498,232,501,95,109,381,192,307,929,665,482,13,771,379,644,638,28,814,163,197,757,304,766,289,804,991,343,354,78,92,729,290,672,294,775,7,34,497,319,995,563,940,465,23,273,112,104,797,944,173,1000,544,149,844,654,932,679,841,175,334,736,71,835,285,563,420,855,520,560,943,145,716,170,48,753,713,127,808,420,538,428,661,194,907,97,759,75,85,240,407,453,143,296,844,942,285,38,177,708,740,656,678,190,0,33,227,911,525,735,571,434,603,682,592,19,256,615,288,926,911,588,660,117,39,482,793,145,127,445,171,982,948,723,934,308,280,30,862,251,866,769,632,435,968,361,582,915,574,97,408,147,380,227,357,212,965,246,278,106,864,219,642,885,978,525,13,972,522,431,849,625,749,957,553,141,1000,676,480,550,506,543,997,331,229,830,760,244,21,32,337,668,796,557,584,868,55,824,845,256,647,923,584,394,898,145,751,652,608,297,896,211,892,64,67,99,905,208,986,977,102,519,847,799
24,364,468,251,594,906,187,605,911,909,204,864,566,324,116,2,297,127,452,41,38,646,871,450,168,132,552,381,207,767,898,956,822,407,745,549,745,74,562,327,778,983,209,778,718,419,612,549,360,369,192,305,801,29,859,270,166,689,235,250,256,137,341,151,269,637,615,702,116,965,218,536,256,329,247,875,540,395,955,576,562,245,254,415,127,774,54,62,588,728,724,387,351,614,639,145,541,649,63,735,909,979,789,385,25,78,497,162,864,956,275,490,292,430,288,873,810,885,958,740,75,269,724,941,172,828,571,870,816,72,465,572,720,761,206,553,998,791,930,816,816,451,438,453,7,717,451,885,995,445,767,124,141,605,77,599,129,533,412,382,500,803,93,171,86,460,687,761,143,102,142,822,770,597,408,115,657,474,275,354,474,553,275,149,553,645,486,935,135,334,853,787,429,970,322,17,497,653,111,597,806,78,325,492,929,229,679,887,633,937,543,673,952,801,776,192,512,345,111,255,371,218,605,825,431,379,51,229,370,738,633,444,517,577,274,112,561,265,187,795,735,939,862,306,743,947,456,660,850,636,139,848,702,603,313,611,975,908,172,160,956,290,779,329,836,197,713,233,51,623,694,532,517,553,946,564,83,107,164,797,790,828,748,159,522,235,139,448,654,930,698,186,299,466,166,614,712,411,894,709
745,255,96,533,606,825,916,752,381,290,461,948,871,641,788,418,45,572,821,953,124,721,507,741,650,303,947,868,130,46,344,359,62,519,899,852,912,658,92,59,598,881,539,766,802,966,942,56,174,886,85,238,11,254,181,406,991,993,324,839,836,631,93,544,391,738,979,547,531,907,359,157,535,133,133,940,246,879,803,11,22,95,597,482,384,163,205,412,179,173,649,588,348,495,618,591,885,104,527,320,632,573,502,732,856,190,414,840,871,243,723,874,855,119,232,456,562,393,45,13,333,337,978,236,27,502,290,897,92,942,142,959,338,390,687,990,394,819,724,744,968,799,695,157,934,833,995,324,671,443,113,488,0,696,286,564,727,448,689,745,837,502,686,689,557,624,546,94,526,88,295,705,0,209,517,86,365,949,772,946,745,382,289,548,201,135,219,978,278,222,804,193,243,194,533,69,841,426,824,874,87,257,258,376,132,340,686,294,91,884,112,375,806,3,118,533,587,724,547,178,987,56,727,943,183,967,991,245,288,77,698,70,589,635,930,470,746,131,858,268,434,557,263,689,177,624,278,337,613,755,574,175,849,542,588,598,80,189,560,234,520,757,841,713,61,213,221,124,230,714,222,223,508,35,867,26,869,369,581,942,807,112,940,399,709,932,419,516,640,714,472,798,371,632,125,144,245,766,32,526
597,582,239,410,339,826,40,481,483,129,336,474,565,915,296,907,869,93,446,724,939,5,949,462,970,46,948,637,891,359,686,218,45,691,727,149,55,330,950,833,368,276,733,379,932,887,162,254,689,421,955,775,824,318,388,956,105,695,240,482,324,489,998,464,700,678,671,755,399,40,768,127,559,742,381,239,433,58,83,816,204,508,330,92,636,123,740,399,313,908,769,749,23,158,907,308,451,7,846,650,633,570,129,44,783,357,607,984,401,472,325,67,531,340,484,9,294,721,274,816,907,657,647,442,12,666,381,582,620,92,979,725,582,544,233,686,318,710,746,817,205,521,88,784,885,985,234,918,734,49,817,665,203,480,380,764,568,779,965,401,327,961,267,919,611,218,841,495,215,663,199,947,420,383,192,316,485,613,4,23,86,474,807,394,141,267,54,773,137,768,359,37,206,48,275,66,757,3,552,386,585,830,78,393,598,558,12,443,265,612,818,338,104,851,701,643,18,697,303,254,747,504,932,645,992,498,732,614,482,536,275,129,470,317,654,757,380,315,864,762,998,535,99,578,189,164,602,774,386,801,480,859,313,444,369,707,979,103,986,891,715,206,387,486,768,25,489,967,239,178,937,386,402,927,637,18,284,772,566,620,865,260,873,939,646,916,81,22,113,77,505,123,936,935,594,972,97,168,594,109
727,954,507,678,673,439,778,44,960,991,336,796,221,450,703,959,708,653,491,9,840,940,176,918,75,110,969,300,74,199,306,865,677,599,877,430,681,737,53,841,548,463,301,486,833,99,90,415,777,477,469,226,336,659,826,232,319,839,461,59,54,49,678,190,699,537,743,946,990,114,153,199,36,202,967,92,439,209,513,323,653,145,121,856,649,244,244,779,404,27,274,446,666,59,714,992,253,597,524,509,423,454,614,386,699,914,565,990,570,540,50,90,136,197,214,603,678,68,982,287,53,114,785,983,467,633,25,659,972,874,747,978,84,775,686,705,667,0,488,446,420,708,211,107,247,935,46,812,410,790,836,362,189,291,186,352,142,498,419,113,461,291,786,299,486,81,1000,557,70,129,572,566,495,403,301,925,33,646,497,617,199,296,792,209,337,439,754,871,143,699,808,129,299,357,940,598,250,127,645,886,813,75,444,14,708,381,976,841,881,683,392,858,165,196,450,556,185,786,187,50,26,188,768,664,68,634,132,892,934,398,738,858,282,325,149,864,892,338,919,664,561,821,194,411,766,217,696,474,951,74,828,30,726,396,20,886,80,468,546,267,909,883,350,133,948,298,605,575,410,367,751,658,911,35,175,865,738,823,666,627,746,639,992,567,775,731,690,628,223,258,349,878,72,882,611,799,846,160,744,337
120,660,0,925,92,161,642,100,491,865,643,375,292,350,249,760,622,903,428,391,780,665,415,609,675,618,756,624,93,815,547,145,853,34,587,246,557,631,835,463,577,311,343,598,249,679,788,415,4,285,885,561,328,800,954,328,528,979,535,222,205,229,103,656,860,592,507,315,985,45,105,574,996,607,631,431,995,166,552,79,136,896,92,205,774,301,385,192,556,612,610,446,722,354,251,924,12,270,441,303,433,342,272,9,737,984,644,932,366,172,210,237,781,783,916,47,859,33,853,607,80,926,31,126,64,69,54,515,483,434,973,932,478,495,899,253,678,339,377,292,10,652,411,766,210,731,826,490,98,331,52,789,779,112,249,888,321,38,520,328,509,569,425,315,196,600,306,878,860,496,39,934,710,798,433,953,376,831,984,906,784,603,807,738,7,282,611,769,33,681,503,204,285,261,276,652,614,48,849,88,870,209,344,950,920,843,694,782,820,334,44,814,209,768,36,289,607,779,359,344,116,259,511,430,78,618,611,334,514,369,987,82,320,834,699,249,86,479,606,862,851,895,666,714,921,756,8,541,511,791,765,241,621,503,462,892,821,944,255,135,203,465,724,602,347,471,368,136,673,642,598,100,606,807,123,957,754,406,747,665,809,675,743,755,234,919,290,783,641,787,657,103,773,53,645,240,707,160,623,972
880,515,937,669,724,358,438,938,456,715,648,957,770,57,850,414,36,959,144,517,638,239,480,368,399,516,857,979,121,948,997,881,262,211,668,905,656,817,637,810,456,856,355,625,625,153,76,248,272,683,278,654,607,759,801,757,65,422,575,80,343,860,607,62,735,950,352,196,22,502,411,391,366,169,665,91,673,19,412,855,365,871,585,798,861,728,832,551,579,995,128,169,973,558,343,603,28,413,238,755,278,335,764,972,848,262,464,69,642,665,599,649,549,830,350,378,791,478,237,688,906,687,801,265,797,525,678,296,671,826,656,103,437,354,943,267,403,877,336,351,72,511,260,238,551,649,790,945,264,951,517,134,684,577,410,468,821,671,258,557,351,10,3,996,980,247,545,590,747,801,766,760,572,23,114,15,480,919,362,441,724,97,693,811,577,155,366,283,542,799,272,311,838,368,986,199,957,447,187,77,394,381,664,984,872,417,476,165,520,323,962,232,196,931,270,579,39,503,650,9,104,864,684,876,508,838,149,920,442,118,245,858,94,271,569,474,374,9,120,231,276,73,647,750,785,147,489,282,238,909,151,142,574,908,359,924,475,636,889,285,105,118,929,72,305,646,72,322,126,911,549,197,376,211,743,152,902,289,169,635,763,308,645,983,817,250,271,703,640,435,533,424,311,277,2,358,243,713,357,525
805,97,378,85,176,603,313,476,677,664,749,743,510,251,366,683,959,558,594,674,786,859,581,2,534,201,819,244,374,938,952,919,1,882,954,436,877,707,955,60,456,906,17,648,950,574,645,789,680,970,165,866,876,388,690,469,970,802,597,877,2,179,252,582,563,561,717,680,325,497,329,969,433,938,278,161,830,82,905,497,279,937,506,256,644,374,514,970,72,100,657,834,823,157,439,732,225,344,353,68,486,834,255,603,802,191,438,439,350,645,348,515,225,718,195,817,909,444,495,402,433,579,69,508,330,50,661,506,613,360,177,867,1,984,570,641,449,494,265,5,951,611,4,427,426,684,653,812,107,474,931,52,316,72,938,39,204,363,632,167,941,738,169,762,586,329,702,950,314,144,316,64,711,433,744,680,784,918,449,542,284,382,898,551,193,380,440,930,681,63,986,380,192,19,53,927,299,200,373,950,822,807,625,938,545,25,650,92,694,608,457,337,156,154,534,872,29,625,944,203,138,674,651,334,56,99,161,236,559,932,657,846,390,273,933,580,173,678,222,251,126,157,257,923,536,471,36,893,831,667,815,226,481,865,833,870,170,287,168,592,63,752,475,997,613,223,340,863,433,451,152,61,915,15,726,15,330,757,495,293,958,13,126,374,495,632,273,826,303,703,903,599,784,435,750,70,377,829,802,558
311,194,25,194,363,957,494,31,488,206,821,386,847,377,845,141,251,802,600,374,423,453,415,17,126,94,197,185,515,294,708,418,7,297,511,163,837,480,111,437,520,260,467,835,40,601,925,882,255,734,658,34,663,907,791,98,151,294,559,54,118,52,45,219,441,892,300,903,200,289,827,733,189,609,554,701,971,503,716,198,825,549,66,457,758,444,205,4,714,872,267,948,23,935,77,475,354,677,530,587,28,438,346,279,952,201,887,710,880,35,852,45,967,66,977,775,248,128,701,141,149,139,746,165,666,19,575,474,877,502,698,972,260,390,870,667,759,125,364,442,302,864,889,117,829,198,272,367,790,157,839,116,388,643,378,354,923,896,636,301,163,237,806,367,710,669,89,330,376,839,525,627,880,98,210,324,79,604,861,263,397,477,191,879,965,149,535,956,552,594,414,157,537,327,51,963,430,428,80,341,526,837,436,741,850,745,352,8,280,346,20,814,310,172,252,866,325,888,357,135,911,755,400,63,953,280,600,274,118,828,854,578,485,951,944,676,963,488,138,3,159,744,226,812,145,591,862,116,737,869,752,47,79,559,342,649,845,24,0,655,569,969,420,813,325,844,791,806,308,470,59,661,615,414,346,826,478,583,766,550,291,703,51,684,261,827,831,889,494,679,940,71,868,438,691,807,734,156,552,649
611,653,518,45,879,245,14,644,457,752,544,844,489,283,748,582,120,251,592,987,629,162,192,726,547,256,273,566,288,519,62,102,234,163,616,444,518,433,617,561,735,258,605,651,947,21,454,85,173,745,774,127,706,149,867,464,394,605,57,923,805,293,578,619,155,468,108,686,615,486,137,378,331,284,25,965,305,479,320,227,746,150,310,279,310,641,150,684,574,231,420,508,330,883,853,702,523,965,393,883,134,279,608,403,270,892,437,493,431,41,933,52,248,799,825,966,525,999,282,420,424,401,62,912,771,119,277,420,688,171,853,626,709,901,68,287,991,669,692,101,207,626,21,359,1000,11,795,414,816,677,788,973,725,315,190,365,25,713,365,483,565,557,683,58,436,227,447,619,379,210,954,424,623,720,746,690,934,606,188,189,421,961,68,601,78,560,117,5,414,553,322,718,295,136,707,909,767,518,728,464,335,537,939,149,102,648,947,907,432,497,416,288,0,385,379,252,219,35,748,471,468,199,227,936,32,603,635,298,147,347,285,202,178,421,430,524,288,449,740,840,779,21,375,138,885,809,305,253,298,538,687,816,769,558,822,88,334,618,672,363,701,320,816,440,824,928,17,905,455,489,634,130,489,885,425,621,257,253,592,269,92,604,48,14,436,994,166,203,604,353,695,488,814,218,746,256,409,137,412,331
805,815,410,517,951,714,366,121,178,88,281,230,244,323,848,854,50,246,674,371,653,128,814,54,585,741,217,676,672,155,307,41,928,994,254,514,484,704,257,834,253,822,994,576,624,642,841,828,355,288,796,83,536,101,408,567,591,2,153,239,263,156,969,831,160,459,427,46,638,378,541,879,527,258,966,599,763,312,134,799,720,409,937,294,266,397,390,76,260,714,601,719,684,731,554,936,930,44,862,611,832,667,836,48,286,920,505,716,350,249,294,503,981,815,137,71,398,187,762,511,697,937,209,622,740,697,369,588,472,224,252,357,870,958,316,932,238,357,894,267,703,584,870,819,408,479,520,179,225,241,621,704,168,519,785,553,992,523,428,301,480,84,811,287,553,966,926,380,229,662,251,55,5,427,59,400,837,995,305,896,936,451,904,953,646,276,235,541,430,809,16,19,870,784,269,63,740,432,933,466,783,816,466,767,983,254,329,836,932,174,807,410,815,823,660,67,708,430,414,977,34,930,173,237,626,331,560,673,844,865,145,589,291,25,862,406,659,599,730,431,972,926,843,716,95,866,493,759,515,801,797,243,356,957,359,932,216,559,206,774,101,672,579,731,358,562,683,710,440,228,631,829,918,327,661,486,352,458,92,152,650,870,743,706,486,939,72,691,796,884,963,123,909,760,553,959,451,84,869,774
244,377,441,844,855,805,629,931,153,935,140,886,652,437,660,212,242,894,981,786,350,224,436,881,142,265,867,24,107,344,218,109,668,999,853,913,469,983,223,156,332,9,953,643,888,616,431,301,781,471,333,86,337,795,606,710,1,609,719,758,185,930,293,911,687,736,777,944,891,341,770,612,396,147,885,314,125,847,894,812,278,827,219,659,765,323,332,31,948,500,528,736,449,144,390,74,937,259,399,269,629,211,580,766,884,360,527,128,609,822,515,772,314,872,776,740,410,702,986,509,333,313,597,914,299,247,352,360,68,195,665,590,27,642,281,214,251,539,213,740,834,382,578,389,816,570,177,937,616,752,331,856,357,2,562,710,256,681,54,238,272,729,344,363,704,646,594,925,105,40,229,721,307,553,458,730,797,938,103,743,166,849,351,898,72,484,604,8,316,771,310,581,289,516,882,541,976,708,990,370,586,864,388,516,340,345,748,404,919,609,144,341,928,413,976,800,605,392,132,850,833,918,650,428,130,753,279,95,608,438,991,85,520,913,337,804,400,910,69,323,731,938,804,383,639,32,179,922,200,7,318,980,504,70,25,682,41,971,671,910,335,600,178,787,23,250,88,108,251,463,22,752,386,280,396,274,209,565,633,61,466,702,83,937,843,643,481,939,133,151,793,788,988,513,417,105,894,533,738,759
316,547,824,733,22,143,852,639,246,477,310,655,590,963,729,309,799,931,40,671,583,416,51,3,846,682,580,328,211,829,988,820,193,462,521,8,217,451,119,763,273,893,270,527,291,854,457,797,402,625,696,981,276,212,350,123,292,412,792,98,930,385,902,888,957,661,264,430,165,483,620,356,516,358,125,765,555,798,862,491,941,189,135,831,61,43,432,18,366,2,604,583,570,982,983,17,990,428,729,781,213,266,737,438,81,542,232,425,730,412,405,463,473,778,1000,588,925,190,358,39,271,866,687,561,774,542,487,734,427,452,72,313,209,336,623,974,664,75,165,17,692,657,681,519,683,690,413,530,369,530,499,306,650,716,735,261,384,83,932,226,79,669,465,768,865,604,7,694,612,27,549,474,634,316,101,459,967,961,349,52,743,549,627,200,521,477,382,250,672,588,378,724,358,941,703,526,836,940,405,756,575,482,878,322,435,603,994,779,461,298,62,207,553,644,951,787,684,6,775,506,813,426,306,827,508,572,61,111,311,178,731,959,545,612,488,749,349,108,177,803,298,566,49,30,919,22,406,101,915,215,249,768,51,343,192,680,173,125,235,620,256,934,874,427,670,151,77,423,805,392,112,188,533,693,221,488,163,117,513,283,294,710,361,888,823,902,483,483,405,784,483,868,828,491,828,303,790,917,145,438
340,326,860,909,46,387,579,105,807,998,356,993,105,363,870,136,953,614,542,782,202,981,149,378,808,176,775,545,84,506,796,149,25,156,372,194,549,687,779,391,841,668,281,649,841,207,651,103,12,235,321,49,56,157,152,118,440,962,717,930,326,962,890,700,540,69,802,982,933,533,775,538,353,219,620,40,94,749,894,441,378,625,670,261,938,585,352,16,21,431,595,941,746,57,650,376,40,707,634,188,970,558,288,473,174,392,166,913,15,998,748,554,973,679,604,372,368,479,211,390,114,589,109,863,148,688,405,484,147,244,464,211,753,33,996,660,250,143,410,361,294,967,142,630,733,126,643,873,671,726,215,913,957,811,886,959,6,22,223,463,71,143,394,366,806,797,633,428,70,703,933,736,35,225,263,93,295,533,171,862,313,660,344,202,389,135,88,631,860,75,472,873,837,1,719,637,758,79,526,89,809,53,405,822,218,94,482,733,618,41,322,15,633,688,863,270,387,38,853,24,881,638,364,849,830,376,399,744,460,437,675,518,317,968,402,808,79,167,801,265,253,173,607,265,813,232,472,120,590,148,147,574,966,238,568,275,97,454,474,884,150,767,108,36,459,372,369,46,923,789,950,179,780,485,961,955,482,308,921,788,414,908,131,134,899,709,302,554,561,941,888,811,325,341,678,610,952,797,740,861
712,225,380,371,374,775,959,456,881,819,726,767,91,919,454,753,857,865,771,909,339,28,432,579,959,86,342,623,216,915,80,555,479,245,354,543,937,547,420,546,10,795,988,64,415,732,131,248,558,834,321,784,211,543,833,63,819,276,817,63,798,950,320,390,560,271,124,427,292,489,728,784,841,678,854,499,916,78,24,638,800,864,569,289,752,746,302,540,623,133,599,952,339,878,530,15,635,474,695,510,877,662,908,181,131,862,59,850,778,877,316,209,330,73,984,616,463,663,879,122,535,887,494,704,636,47,631,877,267,580,256,795,249,390,217,185,86,629,794,30,790,61,502,507,219,1,60,359,351,350,25,49,637,280,996,603,421,414,784,295,894,793,983,290,774,214,615,315,821,596,323,339,382,674,683,587,663,736,788,736,87,857,662,894,736,43,461,18,271,494,720,158,100,565,892,814,560,680,201,811,484,672,951,384,645,169,100,719,807,207,854,34,282,413,41,272,552,90,637,318,158,555,102,187,965,655,242,855,338,665,520,808,699,775,230,249,310,349,994,123,78,725,488,153,827,732,368,991,786,797,798,21,33,144,933,233,334,743,442,335,933,509,296,590,215,340,925,597,804,466,708,156,279,291,514,179,537,10,706,791,449,283,542,906,753,596,890,660,904,721,964,790,894,577,203,284,617,925,308,713
174,473,202,397,650,796,208,540,961,421,91,588,575,250,225,898,923,940,307,970,738,599,271,635,689,502,876,515,201,709,811,433,52,48,386,231,154,681,404,468,379,142,718,804,624,735,208,774,47,446,705,249,616,774,92,642,742,922,973,1,894,708,803,317,7,385,256,232,183,682,922,681,586,484,729,816,838,210,873,246,365,510,258,232,48,304,613,279,682,603,507,985,71,858,185,332,52,41,735,918,940,163,898,424,694,74,961,132,863,886,738,27,0,442,555,863,617,362,156,26,925,668,899,345,320,781,740,718,449,731,528,184,357,281,6,168,603,972,430,343,918,466,603,795,368,539,799,864,365,191,247,719,813,47,428,642,895,599,422,362,352,998,734,221,114,789,782,378,732,293,142,322,316,663,735,719,912,0,365,547,834,570,857,214,807,871,958,972,226,417,522,869,343,447,547,947,330,322,766,405,288,807,631,848,118,803,19,921,593,947,678,535,211,107,140,950,771,549,101,834,216,486,606,345,351,498,393,607,846,686,572,74,983,647,84,326,882,676,566,6,538,873,243,433,299,831,474,968,708,980,489,730,758,401,468,848,76,686,767,491,758,526,589,646,224,163,237,453,925,351,558,720,856,243,613,62,465,574,201,61,340,40,519,15,298,657,303,971,363,864,736,675,950,540,256,620,700,110,328,749
13,59,736,85,655,480,708,892,810,744,86,272,698,419,27,417,518,171,862,983,994,13,408,33,200,859,430,627,504,422,971,408,944,109,547,38,831,371,977,293,0,530,602,927,628,172,825,948,979,502,564,731,1,578,988,175,270,993,90,806,947,229,591,837,936,641,982,325,435,901,594,592,47,852,298,487,396,893,149,49,58,950,957,295,45,648,982,956,660,56,705,524,898,294,935,641,321,524,385,531,752,784,813,374,941,182,218,310,961,335,639,448,208,212,283,915,95,779,147,8,448,308,750,58,323,64,695,848,781,600,652,139,620,229,656,600,824,886,716,37,979,878,358,798,184,242,876,763,695,220,943,325,453,68,374,486,827,159,768,308,345,280,998,559,369,144,899,350,114,326,305,353,267,225,2,666,468,786,93,582,376,995,538,544,428,280,157,552,446,110,101,74,841,426,453,802,221,892,442,918,627,668,431,902,339,780,451,283,392,771,37,13,945,49,297,329,175,138,182,77,188,126,183,403,79,256,705,430,862,129,864,204,740,251,275,959,580,191,669,120,175,72,822,824,575,180,350,617,880,856,856,632,832,56,208,728,363,640,240,67,98,811,624,174,344,116,211,587,782,569,950,920,959,662,972,567,315,682,527,406,742,742,576,57,888,871,46,207,264,63,395,390,16,768,409,831,128,490,652,512
456,503,530,356,825,60,289,77,499,545,176,415,634,959,384,780,481,782,475,985,607,213,390,666,788,539,139,799,541,336,956,401,809,836,84,575,88,404,374,287,920,514,873,402,766,511,374,457,18,84,293,1,852,5,971,6,619,819,788,17,173,824,370,112,689,758,237,65,691,436,639,665,147,87,363,505,131,402,754,802,987,913,931,908,196,648,80,828,74,112,787,989,476,501,681,467,217,527,803,473,728,341,251,166,968,895,195,758,196,241,847,281,381,391,7,120,350,238,4,534,369,415,805,125,768,983,667,358,825,750,324,367,588,584,871,788,544,568,520,30,817,651,427,335,583,770,207,217,234,998,788,140,490,690,990,848,163,31,706,681,683,704,500,393,708,357,798,13,969,804,262,813,683,622,377,256,163,322,633,281,502,859,463,223,487,625,742,743,408,105,888,984,95,458,124,323,715,218,137,802,673,958,486,986,892,203,778,281,78,759,89,250,216,688,876,834,723,150,460,926,795,239,71,962,489,877,780,659,682,883,517,981,937,795,996,826,82,108,644,894,815,708,117,630,71,196,607,759,928,368,730,544,528,855,874,140,856,258,405,540,134,463,479,87,558,288,900,277,570,716,639,699,531,44,529,949,423,333,402,440,343,705,301,100,868,732,671,538,422,275,698,92,82,65,139,24,382,589,856,414
582,69,815,0,468,318,961,512,790,977,114,931,441,842,728,54,416,325,209,687,392,533,785,639,510,978,585,385,568,260,667,468,707,340,522,108,997,956,680,5,784,66,620,471,364,754,702,759,59,309,806,563,84,380,147,590,627,883,900,331,711,809,288,483,940,371,100,428,73,241,108,557,828,979,414,241,935,986,353,254,636,742,249,387,112,356,832,348,693,992,626,175,35,305,0,954,966,882,10,198,695,106,10,443,771,256,121,271,972,852,425,869,526,980,783,510,243,8,377,965,90,929,857,860,8,912,427,991,179,224,190,373,66,834,488,925,281,809,56,419,869,368,178,811,154,723,142,931,647,273,152,877,254,845,39,288,435,910,779,114,751,328,342,52,830,76,447,380,672,442,112,623,815,607,47,870,518,870,735,348,937,911,151,737,326,127,50,492,415,235,797,443,922,857,191,538,376,223,371,698,425,308,245,442,235,491,53,389,215,407,37,47,627,584,898,375,453,958,158,847,734,67,726,987,730,969,152,885,552,451,444,977,725,714,916,903,726,198,778,779,603,626,485,220,636,644,680,637,89,207,992,701,320,645,910,258,873,766,394,439,960,458,679,728,161,771,655,23,306,190,460,165,111,740,739,812,109,784,230,332,758,620,344,532,72,941,823,528,969,724,320,79,455,638,913,724,408,53,88,830
412,503,601,955,433,953,90,277,746,636,145,264,210,623,27,78,652,67,917,381,366,95,292,169,93,618,107,889,767,118,243,670,260,355,76,54,336,295,188,726,578,341,261,331,868,543,979,672,571,400,811,500,316,73,178,513,229,137,278,468,596,941,896,525,746,503,502,7,87,17,246,80,197,771,12,710,709,993,348,889,25,339,227,242,762,769,393,674,568,66,422,458,39,609,426,839,865,846,925,887,996,216,104,449,337,21,44,395,262,317,588,320,346,716,113,406,765,365,796,809,625,877,26,784,865,389,357,491,208,133,834,880,664,408,401,979,542,167,991,971,275,635,57,212,135,835,923,853,276,896,578,76,117,767,86,849,378,23,139,771,234,738,402,377,380,153,274,490,738,528,310,265,889,91,631,680,883,159,224,21,92,953,764,433,508,346,142,394,937,953,126,300,991,702,606,305,715,931,994,420,720,781,819,523,722,232,40,796,218,394,343,117,739,376,432,362,992,93,902,916,126,574,728,711,50,479,858,917,868,835,535,398,809,274,61,191,78,123,315,149,45,632,38,864,359,495,362,763,705,104,429,682,819,630,896,677,157,215,633,678,619,637,958,868,233,744,329,791,738,885,728,848,643,292,190,271,858,254,834,305,167,929,408,399,864,852,461,899,989,800,341,754,334,592,736,798,229,168,639,385
107,681,104,865,769,330,705,968,58,809,299,642,35,914,253,258,332,892,574,904,882,97,960,183,77,472,204,516,463,720,884,473,663,968,508,549,874,987,193,875,945,617,856,814,571,788,976,537,510,681,922,716,256,324,450,212,159,247,766,142,244,634,91,12,429,295,861,264,282,95,113,517,678,670,990,254,505,622,563,232,88,771,150,150,402,3,235,887,11,162,828,100,213,678,690,907,764,322,790,741,897,679,181,310,155,261,610,612,572,940,595,369,969,708,763,669,278,641,906,645,302,296,918,370,4,583,929,631,155,676,624,849,29,953,174,905,47,44,1,741,863,698,867,817,127,933,158,509,578,470,702,253,577,128,406,874,700,709,833,74,12,812,134,771,476,583,912,239,623,760,935,731,247,190,41,937,713,616,300,375,798,719,204,999,255,572,723,371,185,292,992,428,184,691,272,669,626,39,707,933,154,78,728,689,506,673,651,713,954,257,366,464,811,71,797,232,727,634,807,342,520,786,373,246,389,618,22,320,728,560,976,848,874,664,892,458,403,941,423,911,386,93,239,379,566,853,15,711,578,316,840,149,378,728,6,648,154,151,708,348,163,315,544,477,521,910,844,245,412,170,601,982,36,937,577,563,208,636,859,981,167,317,753,13,936,191,570,701,912,371,133,59,391,624,392,283,757,846,43,1
375,632,358,108,211,149,944,587,825,196,398,845,6,423,945,24,681,672,614,573,79,520,689,937,871,115,780,631,660,414,642,903,329,480,799,583,741,262,940,814,740,96,629,154,23,97,308,804,996,211,419,215,615,201,43,283,862,101,328,286,544,255,489,240,627,112,304,736,830,416,670,11,21,696,996,978,27,874,56,457,396,925,466,217,931,101,21,79,951,447,713,100,704,753,258,496,625,979,782,338,280,309,916,956,262,800,185,970,117,830,291,551,127,46,244,185,323,431,475,45,304,497,949,522,502,498,926,93,999,9,695,474,807,567,916,717,863,172,493,750,529,580,192,260,228,421,868,565,41,861,123,942,396,959,97,459,746,163,775,145,198,28,818,333,406,443,239,194,535,214,102,50,979,157,938,871,34,819,508,416,418,863,502,337,380,870,988,600,771,908,219,785,323,207,9,247,848,442,947,97,12,102,980,474,338,809,473,945,479,835,166,852,916,753,117,318,151,145,848,584,162,418,262,184,591,937,651,922,68,607,859,570,340,22,67,718,295,118,504,775,453,940,545,925,179,186,531,246,145,360,300,362,57,104,948,284,301,513,237,192,486,519,192,993,857,23,194,175,65,937,79,6,593,12,957,838,944,890,146,616,678,91,18,97,427,583,209,643,513,896,650,64,524,724,623,993,961,466,788,671
397,936,781,896,158,873,568,836,730,746,521,866,756,197,984,414,841,510,994,159,138,952,52,579,603,944,143,272,548,541,554,334,173,253,449,303,416,537,783,112,811,714,659,621,504,200,1000,293,698,272,537,347,834,760,217,857,369,842,326,6,803,902,734,559,946,396,171,621,594,522,831,524,383,835,98,865,539,352,290,362,579,947,262,142,881,285,198,17,760,112,708,694,233,532,888,46,187,36,401,494,366,431,957,809,381,281,620,701,474,795,7,610,766,837,56,326,418,303,485,632,786,661,479,571,677,598,593,511,518,220,189,384,735,251,730,935,523,789,499,884,164,227,114,243,289,520,860,230,261,106,668,34,654,442,337,241,901,242,197,231,113,196,286,593,537,914,292,128,203,963,968,982,802,95,605,488,925,261,842,903,162,197,711,311,179,966,567,589,577,364,185,838,759,888,380,367,838,1000,946,759,845,212,147,958,927,502,717,568,495,833,228,970,956,546,846,542,57,728,273,879,198,28,472,624,436,290,734,231,56,694,777,272,688,678,824,527,50,752,654,35,354,142,23,361,869,324,251,385,719,2,921,312,108,551,524,92,526,408,494,396,92,328,217,505,146,264,671,637,537,48,720,160,113,909,522,984,589,585,86,320,927,272,964,772,484,87,253,604,314,86,404,316,741,164,716,331,295,565,708,56
270,0,562,749,204,969,26,835,947,328,7,2,522,170,207,952,233,891,458,694,78,244,389,106,919,493,273,269,42,471,207,613,211,456,161,430,811,231,864,229,941,287,625,560,579,881,242,879,30,277,922,826,254,152,398,347,682,962,416,935,999,884,677,671,270,147,482,356,960,993,1000,892,834,849,441,97,834,648,333,379,13,78,303,656,608,341,357,868,136,653,827,959,111,880,407,952,111,387,580,338,847,846,625,807,49,547,48,743,399,901,998,703,370,832,411,494,444,217,599,633,609,939,193,344,486,579,133,908,862,599,489,719,82,73,121,444,722,265,631,130,868,360,486,480,709,700,39,954,634,333,785,547,628,475,433,387,910,395,290,581,513,929,90,843,704,516,481,310,437,554,14,172,232,629,799,40,150,730,893,888,376,39,925,12,351,444,943,486,543,673,121,639,698,274,377,90,831,5,389,205,721,235,630,995,773,581,81,579,582,890,562,915,697,235,837,257,39,705,181,789,778,141,746,768,30,765,783,321,244,878,452,733,685,985,681,303,528,755,294,865,384,297,97,522,975,112,525,496,78,972,763,437,799,713,556,611,187,994,225,582,265,139,782,346,565,882,516,615,292,472,514,665,965,953,261,835,610,649,838,289,763,521,565,894,694,208,398,298,690,435,482,240,230,127,58,755,816,189,509,41
458,613,865,145,546,944,232,764,186,453,758,231,957,781,227,612,306,954,555,799,351,377,70,379,231,480,445,767,357,362,375,865,485,142,248,288,313,7,540,933,30,608,977,195,13,690,441,628,406,242,594,823,860,414,699,486,455,837,108,575,822,180,437,615,702,471,338,427,853,71,610,692,549,680,491,701,274,539,29,608,177,777,769,343,102,495,56,402,528,884,74,340,166,827,260,690,438,38,59,224,438,329,961,406,472,786,151,854,398,62,484,225,492,159,296,843,73,446,731,414,998,854,574,426,422,432,222,869,9,972,317,506,973,868,189,870,449,432,576,79,173,451,347,715,242,637,792,891,462,221,468,215,390,540,197,787,781,960,401,763,960,230,341,659,654,929,836,147,473,296,68,450,812,498,784,634,577,505,881,808,279,681,249,759,334,633,620,818,612,846,603,668,498,702,912,469,368,711,808,279,559,468,958,717,427,619,78,711,979,144,19,187,82,497,680,871,246,222,192,379,29,948,84,248,50,651,300,560,132,706,756,464,2,880,81,55,462,695,872,884,929,955,629,729,114,433,242,716,777,350,557,66,32,647,894,502,644,836,339,272,500,115,109,274,845,760,630,850,372,573,253,930,95,856,448,495,347,207,104,41,65,16,15,624,803,237,90,612,989,148,232,790,441,459,658,679,62,869,442,670
47,68,992,921,436,817,446,935,716,745,935,206,977,159,137,279,367,268,648,968,280,277,313,243,687,987,895,913,164,403,713,639,913,364,821,225,864,488,741,897,482,197,125,339,864,737,621,851,352,408,897,73,978,800,410,154,223,166,387,244,123,163,949,367,226,657,805,269,32,845,73,914,594,532,286,81,147,917,519,570,317,286,120,216,977,374,385,783,62,905,943,827,854,295,233,729,462,441,260,159,29,623,201,924,553,286,139,775,720,309,371,444,254,600,130,597,458,569,781,338,187,99,166,55,782,266,170,461,578,208,587,923,38,859,99,633,933,727,299,178,961,35,783,111,926,605,621,841,474,138,113,916,609,375,74,585,688,923,794,423,253,483,913,101,468,77,266,506,558,685,745,580,427,401,505,58,543,847,385,651,435,14,392,653,263,197,28,131,650,460,221,558,715,337,581,277,24,202,35,461,180,520,956,99,59,239,849,62,637,119,366,497,646,438,337,892,37,441,216,103,83,117,636,764,15,847,854,392,530,822,283,328,834,275,700,662,23,395,301,403,906,929,175,688,679,574,396,399,73,252,351,965,789,561,96,613,800,729,106,693,867,262,215,475,889,784,876,311,357,396,47,977,180,718,623,635,367,713,936,37,281,281,905,558,543,94,597,485,926,240,679,14,37,545,205,650,607,203,114,976
872,581,746,700,394,15,341,693,40,857,109,382,756,603,460,841,603,190,664,101,58,164,924,507,50,324,958,862,517,4,138,571,777,641,980,270,298,848,135,583,417,794,404,53,984,445,493,585,112,39,808,26,734,204,289,191,56,83,634,786,317,124,657,19,907,629,589,223,919,570,689,539,207,131,380,248,108,781,125,6,982,96,572,167,956,135,26,652,745,264,360,653,933,206,79,649,548,785,261,913,861,674,751,469,747,986,548,112,426,482,114,902,197,301,791,41,515,380,552,194,232,241,389,81,430,576,204,96,680,725,153,356,447,282,600,346,785,208,335,174,42,574,406,385,624,116,131,754,332,136,2,819,708,504,345,666,289,996,678,296,850,116,105,44,302,929,885,231,437,499,607,464,774,917,571,959,987,909,453,31,69,806,904,988,624,307,332,310,177,395,279,159,280,868,762,735,533,618,983,938,313,599,167,743,756,63,167,828,556,474,448,224,333,110,471,560,364,854,387,807,56,17,70,558,446,10,256,912,694,468,614,734,366,316,545,366,291,704,771,953,610,783,559,828,109,142,501,598,216,933,838,755,465,107,721,300,269,784,876,222,150,620,621,971,316,700,337,283,357,330,654,161,570,929,529,792,117,297,876,98,775,965,802,330,223,675,985,832,155,283,0,789,188,95,307,861,989,359,870,103
803,380,680,442,355,453,17,82,607,216,899,607,759,646,205,973,923,742,869,182,779,172,520,589,496,927,112,749,572,221,321,237,738,439,508,712,289,360,726,231,808,19,544,652,952,445,722,668,906,287,496,946,837,621,518,59,952,504,862,64,378,62,515,181,38,741,575,957,693,663,345,289,583,171,897,96,328,117,608,508,430,559,778,850,983,396,989,571,931,675,975,723,878,283,826,788,707,324,122,654,218,207,924,607,846,712,173,385,818,278,536,677,288,98,468,417,955,680,243,537,785,485,956,694,981,23,795,237,896,232,94,611,936,861,725,556,804,999,714,369,877,312,59,262,725,430,5,285,90,741,424,814,574,786,74,373,392,725,555,265,661,814,339,559,220,654,437,221,42,892,952,163,583,454,913,757,959,337,668,200,683,820,653,169,720,341,541,552,239,370,920,900,638,855,683,593,640,794,848,226,870,552,182,993,855,607,620,384,344,538,257,164,532,868,376,112,298,872,116,527,475,579,702,470,345,331,863,475,7,192,727,366,152,683,569,387,758,625,519,248,371,893,202,426,732,799,788,140,955,70,539,627,879,465,275,393,354,780,816,909,362,695,672,173,659,677,208,700,30,652,111,313,688,706,546,453,688,445,662,13,449,527,848,836,810,548,657,241,928,286,935,813,890,226,117,705,559,508,73,272
819,193,269,335,448,583,551,503,88,131,885,137,402,752,697,704,395,746,389,709,192,13,693,112,744,57,208,314,837,930,33,77,920,574,231,905,220,41,829,70,781,805,627,373,127,682,661,445,870,70,868,948,762,446,848,277,655,608,80,54,407,437,273,905,501,260,104,749,712,723,623,190,334,424,855,255,464,399,240,486,240,380,215,946,109,278,249,403,544,349,31,746,147,101,829,257,357,857,625,353,899,662,15,319,712,957,18,62,165,38,865,147,426,233,352,592,391,395,265,87,964,461,84,238,912,488,146,77,29,87,755,300,34,15,485,866,459,49,151,885,701,737,294,929,865,612,599,344,854,60,135,934,616,483,894,394,571,300,632,419,175,521,692,160,170,999,465,495,875,604,300,490,667,649,476,450,489,859,668,416,596,207,460,155,661,810,661,536,255,817,724,513,475,685,660,857,457,503,830,382,820,945,40,329,201,590,689,935,109,540,898,931,685,165,857,359,718,925,264,444,325,579,439,251,193,661,201,822,800,263,709,315,311,181,699,39,123,400,882,326,917,960,191,892,115,722,466,766,825,376,628,121,807,874,524,635,757,415,115,626,307,673,794,915,970,297,644,486,788,247,354,95,682,197,970,586,22,872,908,848,422,756,779,730,373,16,12,463,185,264,657,513,967,856,146,709,426,755,378,133
220,617,738,18,112,191,221,957,374,125,650,407,522,159,909,99,39,89,791,490,883,159,658,888,170,994,416,76,397,187,622,467,302,14,638,800,113,17,967,626,608,965,456,550,108,236,366,841,171,665,306,623,856,531,247,773,852,138,520,973,236,879,89,104,164,138,474,194,810,654,467,404,163,868,183,687,641,239,996,498,615,616,83,884,631,609,282,390,854,293,944,579,938,368,454,682,947,652,930,888,240,42,268,46,862,72,22,736,283,281,258,45,437,603,448,162,159,499,786,404,287,217,271,348,482,553,394,510,596,958,891,683,468,547,968,230,307,8,636,65,907,420,16,174,892,125,946,938,433,250,656,417,176,47,460,92,541,891,713,572,605,603,695,608,957,968,192,352,188,452,120,613,983,395,114,218,110,372,13,667,913,626,575,517,662,391,314,616,186,742,239,999,267,138,105,876,402,997,754,714,522,881,272,354,550,453,704,307,827,768,549,579,797,273,667,696,136,580,130,491,952,813,586,445,878,911,960,131,493,406,231,532,731,455,685,309,233,781,306,676,484,532,6,158,850,377,68,762,342,241,797,131,77,960,893,927,173,20,573,899,374,341,815,827,923,434,662,815,955,874,602,832,884,807,957,566,814,745,617,513,519,241,63,751,575,596,539,688,483,706,877,933,865,260,419,771,843,433,594,405
202,497,264,349,960,126,498,651,574,253,761,606,115,763,60,195,48,718,620,15,202,22,93,220,131,847,513,779,632,316,677,914,826,409,233,387,513,241,916,80,214,253,248,875,51,836,80,807,390,715,829,377,849,172,205,474,198,337,65,659,823,259,679,53,37,467,366,220,977,391,578,491,921,683,929,440,462,1000,347,770,586,395,671,504,836,245,189,451,185,178,682,249,428,384,970,562,537,540,948,389,455,23,323,183,594,478,75,365,939,992,400,822,609,482,639,113,281,64,743,884,656,431,729,358,740,431,624,741,736,498,404,239,164,770,501,204,865,410,599,70,796,213,356,878,112,601,186,897,300,563,685,293,754,7,677,419,267,348,675,90,394,538,617,937,815,547,326,281,382,276,636,381,959,318,916,808,906,946,590,62,18,720,502,819,942,63,950,786,418,490,42,73,821,265,82,649,732,941,627,27,546,475,257,925,146,148,813,593,676,836,855,739,1000,883,714,891,918,564,940,218,881,884,582,639,501,467,602,10,535,295,268,447,11,368,294,102,1,774,759,420,247,383,707,503,801,895,955,935,194,931,247,42,850,806,792,621,84,705,907,785,679,787,626,406,246,320,480,775,915,733,280,515,287,838,901,127,12,696,961,874,92,671,656,370,369,354,644,931,617,124,5,119,792,588,244,536,540,86,358,179
156,766,118,59,892,934,705,361,638,274,8,85,615,110,696,715,183,335,870,316,439,496,725,789,406,4,989,352,576,880,488,487,165,549,621,14,233,477,754,653,790,499,638,25,772,376,715,410,487,561,131,164,422,252,533,218,99,513,847,759,299,479,424,389,61,395,824,694,329,12,718,456,373,729,5,538,994,20,151,972,336,311,7,847,96,754,354,668,409,970,861,624,828,448,293,501,885,562,953,413,1000,806,890,877,842,885,288,637,193,597,807,170,588,700,18,207,366,192,450,953,785,915,404,47,793,44,469,20,363,562,146,206,684,233,221,189,332,849,688,347,477,235,35,605,10,747,765,709,743,371,244,962,385,993,543,463,4,197,367,273,158,449,780,922,114,614,543,168,128,997,419,799,764,38,271,735,521,241,587,918,215,740,281,374,970,317,232,197,297,549,120,925,60,180,682,616,591,972,704,613,389,488,914,112,105,439,622,979,306,779,122,442,526,804,75,525,790,476,586,140,229,603,859,319,107,519,258,279,981,251,400,677,785,236,467,543,497,372,166,925,345,369,725,659,968,457,957,228,285,447,568,61,26,954,15,65,205,661,414,237,830,448,841,257,23,882,686,831,800,612,541,266,976,230,608,126,275,833,981,463,473,229,317,892,506,207,926,729,151,649,191,956,563,874,655,176,55,344,260,903
637,968,259,924,409,780,341,359,950,171,659,887,527,101,214,314,396,36,173,257,840,89,957,791,844,610,651,507,638,49,84,280,592,279,340,476,289,818,154,615,1000,45,899,555,195,975,214,144,377,784,756,613,841,721,880,996,360,585,416,796,541,137,337,120,291,982,780,739,195,279,258,837,513,359,286,582,539,705,240,4,693,804,350,712,269,421,519,248,792,166,716,689,748,692,71,576,999,336,765,46,951,332,90,343,417,864,342,88,473,767,591,354,534,569,404,883,323,616,670,764,653,821,573,97,209,428,208,769,185,323,357,873,374,178,331,150,181,522,331,233,206,44,197,752,720,213,260,938,287,522,887,334,778,347,81,429,868,337,670,908,898,528,990,841,512,178,715,637,468,890,953,689,194,717,965,260,909,413,120,861,105,982,39,423,126,625,781,56,150,461,47,264,805,296,25,86,841,68,650,160,638,176,609,194,229,199,489,235,257,666,325,250,638,65,216,922,721,36,465,207,39,853,488,743,432,315,383,112,146,130,769,396,220,888,754,151,657,114,586,19,446,239,7,75,753,473,764,130,659,462,887,992,514,277,239,239,619,452,576,452,517,713,925,464,874,223,725,497,925,481,388,113,383,680,477,561,922,407,801,126,924,771,483,838,883,901,486,5,807,607,185,15,807,160,236,76,97,657,294,567
237,295,161,768,269,677,712,457,588,505,261,829,459,864,282,456,35,951,436,834,420,298,597,359,788,291,54,670,643,633,507,928,622,697,856,694,525,927,876,699,318,726,611,608,853,548,209,889,392,384,858,71,340,429,15,954,370,961,733,451,543,857,457,15,512,803,834,697,846,56,380,325,48,701,875,841,32,277,952,376,552,165,921,658,565,606,644,453,365,742,292,10,332,372,147,69,571,997,569,822,486,3,82,310,618,400,449,440,653,35,251,261,788,937,83,976,784,883,1000,430,291,259,494,168,554,483,468,296,827,528,173,336,211,520,934,414,244,398,752,744,800,839,411,73,60,537,380,188,103,662,167,523,498,797,850,596,140,102,74,216,776,7,859,161,880,88,227,145,950,5,366,941,225,237,391,113,389,765,903,634,94,22,918,22,647,946,592,472,805,701,482,998,395,252,697,12,834,956,512,241,492,12,472,24,998,893,672,556,532,661,755,786,614,232,181,280,992,743,408,219,59,74,823,734,988,679,518,66,316,49,51,543,193,906,754,814,847,288,336,827,288,928,344,878,24,887,700,840,653,745,418,186,1000,708,600,590,398,881,838,843,917,744,240,214,358,40,25,826,790,320,222,618,337,593,476,404,201,618,675,391,964,839,527,400,209,0,810,865,579,883,202,153,810,847,326,60,526,433,383,354
797,110,272,578,245,664,189,165,762,141,326,432,86,200,104,193,135,641,814,929,612,346,164,985,12,595,581,600,689,572,847,490,103,224,603,87,789,494,556,391,930,513,297,841,549,591,890,675,466,215,258,773,757,676,655,563,349,591,413,807,304,413,537,107,729,318,77,161,48,257,657,229,304,193,960,37,977,256,691,850,89,565,396,254,998,557,390,627,26,583,68,944,451,141,472,863,819,897,244,488,357,460,435,978,415,36,228,970,815,893,890,449,610,775,959,67,248,870,166,617,464,970,26,340,908,730,508,772,264,582,856,898,684,522,974,123,841,593,800,696,964,191,726,77,347,706,227,36,253,763,316,6,943,953,825,485,507,290,488,797,14,230,495,409,954,910,206,490,595,795,736,897,578,966,11,392,392,871,470,988,342,972,509,205,15,169,340,682,94,977,505,336,573,469,474,874,456,406,260,400,178,998,898,983,868,683,434,809,68,866,603,204,384,521,899,337,197,774,327,782,939,797,91,846,337,435,805,397,593,554,824,439,336,279,713,469,295,782,452,962,615,757,448,728,610,132,829,344,369,187,377,618,389,860,518,912,508,210,574,815,903,263,698,420,170,462,970,586,678,823,68,64,468,279,702,913,339,261,105,206,277,412,274,562,584,230,594,36,50,644,365,440,1,21,931,213,672,381,959,442
293,27,761,733,277,940,841,514,119,971,21,753,236,8,470,462,673,103,455,746,140,828,701,77,422,249,678,721,900,457,629,783,749,647,81,595,750,108,175,667,279,897,481,358,726,109,593,283,759,287,516,844,658,879,854,109,436,844,541,189,507,800,116,804,82,429,619,628,723,222,560,180,928,619,949,532,225,543,948,907,575,203,503,456,180,615,509,83,652,193,652,722,950,832,480,257,198,613,129,481,264,235,674,507,555,53,454,345,115,740,726,797,587,839,162,979,809,431,82,168,209,88,467,772,489,417,503,278,967,374,157,838,183,560,791,101,329,980,655,675,719,224,303,102,986,111,711,652,750,549,14,323,761,207,295,376,403,509,827,947,80,742,905,726,716,431,977,336,481,20,469,589,559,281,664,699,510,545,52,240,285,815,77,179,874,180,377,877,615,45,905,247,384,492,465,624,716,127,975,458,397,916,3,756,446,134,690,520,267,346,368,251,704,505,139,181,656,302,361,960,130,144,633,710,358,680,658,894,399,894,205,338,671,195,764,389,282,806,429,819,832,2,768,257,915,370,728,428,616,119,417,406,515,144,222,107,155,893,414,101,439,599,215,558,999,281,420,475,315,975,899,76,43,918,836,383,808,540,471,913,654,348,558,946,777,439,766,658,147,798,646,20,963,321,133,838,702,521,76,909
844,221,525,735,310,843,436,816,141,28,587,431,193,367,106,335,651,58,401,23,462,375,244,80,394,837,636,887,448,288,403,839,503,944,696,133,914,95,117,851,843,543,418,621,629,611,180,995,127,203,524,423,76,3,799,407,904,786,757,874,338,244,958,521,113,115,360,684,873,530,449,660,13,842,467,848,722,549,481,977,195,58,854,590,334,49,460,577,179,571,567,883,640,45,607,62,688,319,638,777,545,270,552,145,349,65,809,898,156,31,632,963,626,123,115,330,817,693,801,99,136,643,581,906,479,943,820,739,346,543,930,7,330,855,830,533,483,81,380,242,761,764,229,298,137,648,976,428,866,585,810,879,560,954,646,66,785,686,82,564,924,511,928,124,621,499,730,946,532,339,262,752,283,688,204,448,492,604,965,419,413,235,589,549,154,920,935,203,168,265,657,370,905,166,454,877,78,562,492,61,920,954,251,223,964,799,363,780,136,74,43,266,449,11,135,195,587,214,134,343,7,127,665,895,84,778,330,304,918,269,206,658,826,787,596,73,905,105,500,666,528,42,770,773,76,334,259,353,257,43,624,174,146,602,80,868,318,229,906,644,834,887,716,12,204,228,937,966,294,803,74,149,538,825,344,403,8,538,816,205,587,295,281,393,482,442,823,384,505,81,738,51,625,553,1000,241,773,53,946,260
118,615,688,787,785,666,578,920,986,300,523,628,339,95,626,863,498,286,612,746,373,495,121,286,610,721,410,486,453,626,41,348,486,126,244,944,285,207,814,311,206,287,912,27,662,145,466,145,426,473,728,696,515,631,727,27,927,447,29,608,39,447,327,934,151,800,996,988,207,259,22,654,389,268,328,954,561,427,249,746,330,246,245,609,103,677,616,859,742,667,941,714,692,104,144,733,443,25,166,339,485,800,437,960,923,304,139,393,748,336,827,674,121,625,303,847,690,712,582,583,242,70,8,681,813,675,912,926,873,501,281,56,310,340,371,852,146,655,102,833,143,215,787,323,854,779,726,406,23,904,305,439,371,868,259,138,90,630,530,62,650,987,492,930,474,265,899,123,374,98,801,34,538,865,600,229,72,334,1000,364,56,282,688,298,528,293,215,11,280,256,558,601,384,541,84,895,85,823,778,991,129,780,875,723,901,508,977,597,770,490,990,971,70,498,775,685,601,338,129,565,8,198,811,534,98,601,727,581,531,471,597,383,953,412,690,425,799,528,489,413,414,977,204,685,193,509,505,102,553,66,669,435,321,82,339,96,668,688,114,722,887,656,283,292,284,493,545,581,466,836,162,401,584,921,549,658,275,795,743,749,763,619,74,147,220,343,851,631,755,501,707,247,777,278,876,778,519,33,200,734
649,889,951,747,817,261,587,383,38,608,509,163,821,60,194,819,970,205,79,122,844,639,730,377,642,271,467,196,932,711,88,432,240,114,986,671,499,901,364,564,466,996,328,497,989,896,18,8,104,702,217,268,548,579,254,896,102,604,145,684,482,356,921,446,517,610,154,431,963,206,276,783,504,73,992,439,203,313,784,770,287,645,177,79,678,11,955,508,432,258,248,29,648,601,360,340,246,821,577,120,903,177,746,866,891,945,442,515,42,340,249,508,27,131,669,366,218,807,217,540,298,345,528,417,297,636,863,671,641,533,106,774,300,190,553,527,793,867,535,583,708,394,917,676,733,500,50,478,605,770,716,320,968,118,481,621,146,191,523,321,246,861,140,224,893,387,945,246,156,210,39,622,224,474,512,706,397,882,772,991,834,891,624,581,686,938,127,497,388,67,371,604,232,457,891,364,693,544,865,958,747,537,792,174,871,960,188,651,533,555,567,318,259,728,134,839,914,931,593,760,281,542,131,999,508,596,603,955,502,106,922,807,273,238,71,251,426,322,25,958,9,760,431,489,461,702,59,346,182,758,546,596,570,847,770,926,80,717,648,604,894,960,521,694,435,75,249,893,250,586,542,865,857,374,782,322,119,725,375,925,639,342,101,388,624,373,999,512,445,422,266,272,829,537,399,388,232,432,674,831
64,836,638,74,970,624,630,188,778,487,669,588,220,307,911,816,513,858,673,474,916,543,457,303,787,719,512,631,15,933,591,458,9,985,484,656,689,329,227,170,307,482,605,51,945,19,693,3,742,804,147,915,934,450,99,408,553,702,175,276,675,496,952,873,635,933,666,835,45,865,397,378,959,103,23,991,278,261,667,860,232,922,456,904,165,982,60,212,310,223,455,315,519,206,288,957,885,426,359,884,651,358,689,205,390,454,667,504,505,711,587,567,140,794,538,887,307,106,932,396,895,407,723,163,115,7,466,352,108,304,693,781,990,207,503,924,827,991,355,779,206,691,615,104,188,491,178,974,225,567,326,724,465,863,152,720,269,872,89,21,291,361,139,786,461,734,513,491,607,451,248,950,753,457,491,542,129,598,766,551,735,916,545,345,253,167,244,180,854,340,303,107,885,614,165,9,835,180,849,249,690,856,234,481,390,913,615,553,141,655,274,123,415,927,143,108,598,331,806,661,14,285,413,598,508,146,366,756,460,381,327,629,822,259,999,752,794,864,773,154,9,348,859,716,83,531,883,34,843,492,490,676,148,302,329,93,675,90,345,106,497,114,103,673,624,538,124,787,149,266,770,182,940,634,462,690,412,246,893,309,342,828,154,950,341,91,771,274,454,926,860,694,5,782,921,502,773,930,669,969
805,541,74,125,667,958,700,517,703,379,370,738,999,139,940,133,340,517,792,473,137,15,152,363,792,747,708,52,106,259,433,202,644,795,570,406,138,554,20,448,616,461,486,327,367,864,66,799,348,587,104,474,469,421,923,552,472,601,431,495,321,837,969,590,536,356,439,952,530,187,372,218,396,434,142,369,91,575,89,755,690,201,895,579,990,379,988,380,65,939,589,205,660,859,434,458,904,911,912,52,112,596,590,8,985,83,355,792,354,235,776,338,427,165,31,745,152,298,866,927,603,614,256,839,78,501,651,177,508,608,109,685,471,75,662,202,797,621,881,41,807,888,852,22,187,301,67,607,311,440,323,844,189,228,375,940,904,232,367,993,320,180,388,239,516,96,700,387,436,620,143,190,523,2,847,38,300,347,333,583,33,626,684,95,522,656,790,21,375,456,68,211,858,164,496,963,568,673,630,167,904,702,631,272,986,550,179,860,484,810,23,754,685,66,698,880,64,283,700,625,794,92,964,42,334,442,564,289,628,821,794,675,850,611,619,276,186,368,265,964,593,194,634,705,413,78,336,555,183,599,447,873,651,963,109,839,628,459,336,242,589,352,614,505,391,220,504,192,901,966,907,763,288,800,93,660,132,873,610,83,815,632,861,732,357,225,57,842,791,188,252,291,767,550,397,393,291,517,580,958
367,260,728,372,836,105,881,489,91,379,96,241,368,22,479,20,843,649,694,817,614,964,267,813,333,196,378,886,878,694,703,98,135,306,726,630,444,721,915,478,397,125,706,805,564,591,252,148,876,171,735,229,713,263,184,439,419,953,80,586,53,152,69,63,409,552,192,382,250,238,848,497,514,399,827,970,442,594,167,304,267,162,613,799,768,314,506,547,194,51,761,903,45,673,950,328,576,652,809,939,73,662,478,286,839,533,192,753,403,360,944,52,603,967,863,484,613,772,204,431,828,669,314,329,496,993,908,28,380,216,791,620,639,359,781,285,118,642,584,860,141,509,910,323,594,496,329,657,186,123,772,32,290,510,299,172,367,957,354,228,876,175,77,382,632,990,882,942,683,729,487,481,191,134,362,231,714,15,397,192,218,997,85,772,695,315,950,953,97,545,871,957,991,725,97,489,159,790,838,354,761,973,783,870,725,951,865,868,744,162,225,860,661,84,974,883,184,712,42,819,687,411,277,858,601,873,670,658,194,99,693,133,784,139,956,222,711,633,583,151,451,902,258,101,83,773,53,285,34,8,430,234,611,550,512,623,174,214,635,396,683,967,560,681,270,918,599,354,881,185,489,337,751,543,212,812,936,956,994,934,801,57,844,956,212,709,360,334,554,563,74,132,656,139,649,927,544,509,562,831
599,262,712,630,185,418,166,122,408,353,337,966,510,30,97,973,54,305,419,1,653,779,741,382,527,240,294,184,584,615,686,707,163,193,475,567,32,752,811,178,238,385,763,409,199,143,804,708,426,113,257,544,630,561,12,512,822,348,497,139,128,85,766,642,561,637,575,734,396,328,671,252,575,131,570,93,43,52,756,0,624,728,11,433,453,731,428,617,214,989,451,430,619,882,374,92,521,490,815,308,559,517,102,381,290,388,544,449,973,41,339,602,969,354,476,923,685,946,613,982,218,896,786,410,223,357,370,240,970,413,91,452,318,258,663,504,195,3,587,31,132,866,815,1000,720,154,613,729,216,976,610,998,444,784,727,741,876,822,519,755,921,561,108,135,812,362,442,77,852,379,510,495,821,418,483,266,462,8,883,862,824,835,565,291,956,131,923,908,406,820,237,98,331,8,223,442,399,531,948,608,894,530,410,846,234,563,512,179,792,221,678,251,309,668,110,981,872,146,927,901,147,529,212,283,16,1000,760,453,31,732,629,733,14,964,614,534,363,532,271,811,423,668,470,839,945,395,84,723,396,687,301,939,248,808,224,687,262,962,342,996,957,66,523,925,27,171,166,130,489,716,905,112,163,866,4,632,582,916,60,75,45,870,383,212,822,351,195,213,933,813,847,809,683,402,322,715,839,810,593,728
830,814,522,146,814,253,895,666,428,624,494,681,367,72,671,138,973,224,542,313,560,946,719,161,852,384,554,218,498,424,364,314,396,998,627,99,633,759,47,973,553,837,101,272,958,793,40,648,832,388,667,334,968,236,142,241,797,854,539,186,43,801,773,447,230,916,387,370,426,774,378,28,792,675,717,153,500,32,28,17,136,615,798,458,376,46,42,448,666,900,501,129,705,118,615,664,314,381,218,74,366,713,719,513,785,60,877,608,292,129,36,874,32,491,533,232,877,867,301,445,788,500,373,137,118,812,973,570,872,706,563,752,367,962,105,745,682,319,103,169,483,820,503,146,868,521,329,388,792,361,585,21,104,434,712,452,13,740,513,107,196,492,725,723,484,955,412,949,415,482,91,75,606,962,23,145,859,244,986,777,30,964,41,883,399,547,970,808,870,127,32,133,587,127,958,949,757,919,337,856,159,348,456,830,945,251,783,621,807,727,798,291,812,148,597,632,950,288,249,145,27,612,519,263,417,802,63,403,49,973,874,559,798,143,653,360,743,838,274,283,419,772,433,651,275,588,84,722,389,65,470,860,954,48,826,61,241,907,134,784,45,987,908,941,526,528,381,541,882,302,229,297,584,285,792,889,844,40,412,268,903,112,902,375,52,774,615,106,203,839,739,689,589,970,743,813,402,941,585,181
309,378,428,210,941,892,723,325,408,324,493,944,668,677,150,838,211,293,290,340,900,897,786,803,41,649,958,910,605,270,554,650,826,325,325,93,942,488,35,195,64,285,882,535,968,245,734,933,603,500,71,713,928,92,196,687,197,960,264,297,292,379,0,353,813,194,731,506,108,195,666,990,491,320,750,865,10,598,437,700,916,137,143,306,598,79,171,724,911,971,932,924,446,132,414,755,78,986,680,418,810,598,21,677,905,747,389,913,661,418,209,461,385,321,168,699,688,185,94,914,738,906,175,684,318,378,32,420,172,847,667,315,837,23,81,587,754,950,352,317,1000,394,395,100,701,923,461,289,803,361,869,955,426,7,142,238,56,985,594,796,717,456,926,928,146,408,117,378,574,271,277,337,775,19,611,143,951,807,481,563,444,278,504,547,444,918,333,318,603,925,814,780,105,272,941,906,812,499,300,681,938,335,704,495,369,824,463,771,306,762,222,4,206,514,767,358,397,446,459,828,783,380,668,622,428,140,440,285,133,740,60,144,934,972,801,719,99,591,550,102,24,129,442,897,886,430,803,770,473,331,788,900,61,309,637,499,883,876,984,278,45,153,203,554,23,720,399,430,45,347,677,441,480,516,625,558,530,331,0,764,209,655,618,199,999,147,772,735,623,86,51,699,984,508,274,911,484,733,360,788
684,636,759,244,65,902,180,398,385,485,570,751,103,114,166,921,798,183,673,240,722,301,409,620,423,475,46,669,659,106,143,84,930,577,622,415,789,850,184,393,168,744,519,325,71,79,852,161,556,40,87,191,630,517,107,115,534,272,47,220,876,138,60,773,980,497,498,679,680,15,850,9,392,469,405,213,984,438,926,806,154,943,896,237,18,784,883,471,868,106,562,150,942,237,153,942,576,245,367,552,89,401,257,855,111,87,626,528,638,337,174,502,955,71,744,387,386,724,977,17,949,180,707,683,889,570,975,564,124,595,574,33,622,798,196,533,150,573,643,744,397,189,923,888,696,944,3,491,658,250,734,891,434,195,687,775,408,553,896,344,698,263,673,347,616,15,25,153,67,524,942,261,331,484,822,197,189,855,546,705,696,47,526,256,985,948,629,750,697,707,645,782,911,949,486,716,509,282,93,848,921,872,880,736,43,777,193,81,904,622,177,972,507,380,936,566,181,888,941,414,92,711,305,576,553,723,65,742,297,926,874,319,22,946,455,515,557,185,315,341,926,920,342,732,46,703,479,405,955,257,649,251,779,918,854,181,957,729,499,508,439,880,373,847,391,765,963,183,809,493,753,812,597,769,62,761,528,21,489,238,347,157,113,137,915,644,16,267,812,205,828,987,676,634,720,966,211,418,381,2
840,342,231,21,971,665,119,894,734,426,338,330,399,521,252,373,731,9,140,479,796,859,985,749,542,388,814,896,805,331,622,294,688,275,916,241,169,112,129,98,946,346,731,304,148,345,19,103,128,548,767,66,310,580,228,30,802,89,77,693,646,571,890,742,955,130,595,835,987,542,58,442,467,7,789,670,112,316,735,38,112,915,529,856,232,566,448,748,421,982,115,458,748,390,87,682,41,502,332,406,242,45,9,581,223,449,548,145,254,686,94,493,421,359,278,828,704,313,890,246,473,459,807,195,376,383,377,954,98,700,320,430,854,983,551,338,322,758,659,762,649,718,489,586,181,987,486,26,843,648,791,245,149,586,993,734,239,468,26,310,617,302,462,212,377,496,828,905,418,709,107,60,642,253,453,875,744,629,108,910,278,571,138,194,8,885,192,446,54,701,108,73,977,693,45,336,787,764,494,725,930,102,238,670,659,225,344,856,359,968,512,307,281,283,343,164,434,886,271,36,455,349,796,133,329,910,602,974,109,360,755,910,31,953,697,442,784,603,128,712,222,810,131,743,565,728,503,117,418,895,110,126,143,232,419,970,184,279,505,129,943,502,565,0,330,103,688,556,666,165,630,533,604,557,254,241,568,420,498,465,2,542,871,368,902,411,81,8,548,701,558,796,382,164,880,146,21,744,14,901
797,479,438,690,422,970,908,540,82,41,539,580,920,699,972,567,892,160,907,115,720,936,798,102,325,213,669,73,676,639,622,709,231,104,901,486,561,71,614,692,40,450,231,796,982,840,450,955,175,48,329,756,290,132,527,33,94,104,99,508,898,581,449,219,342,675,880,45,874,940,719,848,560,358,870,742,412,974,94,55,437,182,458,708,558,421,956,521,425,468,463,592,661,385,915,482,510,985,414,517,940,837,852,552,772,86,977,506,630,63,466,973,116,501,224,830,525,681,774,403,610,443,626,442,846,270,369,197,678,637,885,811,145,550,271,19,446,772,622,245,280,939,9,726,268,17,37,348,114,550,54,106,5,557,210,91,652,970,707,348,551,8,460,443,343,330,816,750,295,355,901,712,287,998,217,219,313,346,694,967,921,90,261,949,789,293,134,87,817,927,469,759,917,317,574,999,159,402,472,313,429,112,406,282,334,249,986,152,118,320,64,246,30,690,524,92,440,650,838,575,3,299,937,899,768,642,313,722,936,733,7,268,421,819,985,302,427,366,943,496,263,337,329,892,6,265,590,693,193,373,492,648,824,817,470,84,524,906,547,971,57,199,904,230,72,349,939,203,608,683,241,344,873,809,963,29,341,358,616,999,424,12,673,10,6,754,835,142,93,423,735,512,710,527,471,29,60,199,828,773
381,197,455,827,99,986,475,756,243,575,356,164,634,942,826,561,152,575,77,786,212,499,575,483,354,490,433,41,801,515,418,169,260,712,190,578,856,812,72,269,899,278,168,185,613,566,572,385,45,661,189,543,867,299,250,127,928,538,126,431,843,658,84,746,959,359,559,926,700,673,350,352,845,673,124,223,64,606,482,716,351,89,54,635,963,206,590,797,288,322,714,165,638,248,977,22,883,589,886,331,630,177,917,158,982,481,954,92,440,690,549,751,878,469,196,668,180,730,826,350,611,144,645,963,203,419,346,828,226,314,958,47,528,35,612,611,253,703,381,69,303,41,922,596,369,679,791,523,839,561,837,351,131,639,718,889,689,600,37,720,316,291,471,543,287,234,939,529,176,107,351,668,22,460,465,526,304,847,102,694,717,340,448,364,654,477,63,488,760,474,44,183,953,194,549,385,912,704,235,413,443,442,503,967,497,249,230,154,148,482,319,551,636,162,858,67,318,365,666,896,339,467,140,629,299,261,273,723,274,498,2,162,299,890,685,124,86,494,315,9,121,900,166,333,24,952,6,58,607,139,466,299,327,300,57,520,896,309,791,98,25,638,101,325,486,332,668,808,627,139,529,269,246,885,659,292,469,64,810,109,728,747,685,770,7,589,961,101,924,199,171,999,891,809,268,798,775,967,281,493
8,647,442,568,828,92,487,945,476,287,120,314,645,973,958,981,32,2,372,74,430,469,174,524,241,595,92,586,13,532,325,133,148,395,102,55,190,495,913,402,186,234,626,212,176,918,13,503,742,647,361,695,420,605,303,797,748,535,539,462,24,890,853,458,662,92,665,477,341,668,39,271,974,854,930,257,697,253,43,946,196,175,265,418,193,469,331,781,507,807,296,852,249,881,65,198,776,778,877,561,118,999,562,836,931,196,155,918,832,508,724,455,181,158,674,126,12,871,699,608,997,571,121,225,570,56,322,331,180,540,394,482,882,898,831,108,862,110,783,509,355,828,973,817,863,60,46,237,776,499,521,980,964,267,283,461,1000,553,811,818,328,613,609,485,931,99,809,438,531,478,531,496,775,799,130,161,488,530,543,695,900,163,250,239,268,931,303,477,410,721,678,887,203,702,84,813,197,512,979,911,647,617,78,946,204,310,986,10,204,808,825,337,950,424,463,969,969,653,733,997,191,520,143,74,806,873,467,703,608,107,610,597,846,420,326,831,418,2,156,104,723,854,231,787,696,351,279,880,34,562,2,992,107,710,684,744,33,993,210,391,267,526,929,343,760,717,944,533,31,823,218,880,179,939,97,86,803,270,569,59,775,231,599,926,235,732,227,162,420,924,190,254,965,618,892,821,847,100,208,392
468,878,674,293,479,915,526,526,34,409,231,229,886,907,26,365,929,976,242,306,518,478,326,17,255,525,658,188,563,661,511,835,143,509,714,943,476,896,792,964,749,866,362,45,149,714,648,486,278,43,696,519,163,955,718,291,200,27,406,484,200,226,696,569,263,165,103,522,989,931,352,119,497,92,307,293,626,415,934,702,51,591,408,521,735,601,515,633,224,878,559,439,56,809,869,863,864,424,994,412,430,69,599,74,322,188,595,236,88,570,910,237,541,734,40,104,72,557,994,401,632,284,318,690,586,959,971,966,204,951,544,244,845,413,197,498,865,438,764,403,516,442,926,451,749,822,480,831,876,638,393,809,530,122,845,73,617,790,538,61,284,368,251,869,667,681,655,305,669,928,62,783,440,298,1,744,1,454,786,725,628,797,628,650,268,204,481,802,376,71,166,136,610,3,661,989,377,223,485,686,924,160,998,46,655,242,33,186,117,114,149,858,786,963,839,633,61,732,741,983,311,172,622,491,838,215,988,85,723,34,438,745,373,604,373,538,594,905,855,346,810,184,985,44,996,182,311,535,667,131,361,686,380,356,276,25,219,277,72,681,490,484,120,972,46,860,141,867,704,280,334,256,663,827,238,716,732,354,617,179,8,315,83,278,122,246,964,984,177,132,66,789,557,647,545,575,315,423,384,845
224,504,709,336,711,882,970,205,250,878,285,255,409,31,920,975,326,195,593,331,261,780,74,460,82,13,668,383,463,417,895,137,172,797,126,961,573,4,623,657,244,593,207,265,215,529,211,5,935,158,202,922,433,572,129,140,812,750,951,548,482,73,938,379,147,434,230,896,600,4,841,380,793,607,556,874,282,543,658,347,719,568,628,922,229,828,703,507,409,140,141,919,425,625,630,446,902,862,750,766,855,266,319,866,63,632,428,390,548,913,575,146,888,826,764,806,775,82,555,28,320,270,96,314,318,194,943,648,319,770,237,717,441,913,390,565,288,348,81,897,368,516,287,180,273,533,568,808,75,502,38,545,587,989,948,250,299,154,116,906,582,756,32,144,140,618,915,271,732,879,581,893,515,471,841,717,332,39,438,79,637,944,801,252,349,874,17,925,177,238,36,133,396,974,363,42,790,459,185,256,506,77,763,812,806,115,449,149,560,932,224,3,522,865,574,251,76,522,710,358,137,456,207,773,370,273,870,555,542,263,637,497,253,831,784,25,89,204,129,551,689,50,424,421,396,32,372,139,982,478,738,680,553,520,215,886,795,637,14,163,610,234,358,173,543,399,376,416,14,636,792,57,669,471,568,507,474,34,148,413,129,760,635,307,753,585,933,58,125,43,29,648,653,702,378,938,788,414,635,458
