356,542,387,33,60,773,889,250,773,684,496,69,298,977,695,270,482,426,390,184,962,807,43,941,8,319,483,970,512,424,920,94,62,556,445,929,826,366,944,576,124,222,621,867,174,715,366,537,754,435,695,365,458,704,320,910,280,213,648,187,719,606,328,750,754,31,184,244,621,894,146,811,577,329,203,49,54,587,274,186,510,298,528,578,522,844,489,280,48,755,295,294,209,515,218,759,224,775,465,656,622,590,987,737,619,194,434,673,836,272,429,217,958,220,307,29,157,68,836,426,623,221,280,878,560,414,895,401,600,769,648,6,869,155,625,104,636,89,251,564,418,298,345,996,357,68,524,419,314,233,281,698,559,276,792,473,459,947,771,501,15,439,171,479,952,571,974,159,787,690,686,263,992,781,176,249,98,277,629,191,532,977,726,734,629,767,516,367,813,819,931,743,853,978,584,11,545,843,693,584,871,238,415,52,476,786,885,516,569,822,140,719,898,724,358,225,337,715,833,442,501,29,8,575,751,380,616,200,925,266,451,112,737,305,941,724,986,855,219,93,263,871,554,22,822,968,860,765,51,328,113,172,107,620,818,993,168,164,327,284,757,341,438,115,558,61,122,29,144,986,557,114,480,961,233,720,985,587,347,540,35,223,436,619,700,319,837,274,743,508,307,941,644,334,465,765,204,605,294,758,847,760,884,84,179,211,286,715,5,818,944,133,577,907,862,558,663,583,366,138,665,544,321,697,981,93,619,244,486,56,694,976,291,447,710,687,567,586,19,200,418,153,256,915,250,599,629,514,953,353,993,533,446,705,312,840,996,184,107,561,338,893,44,358,237,799,946,532,107,660,142,392,354,998,190,884,183,575,995,448,658,176,976,406,300,283,648,993,665,186,836,724,940,332,198,827,934,768,198,1
58,209,302,13,261,743,605,188,500,904,534,989,841,441,365,715,755,671,190,82,611,184,502,200,226,749,111,547,986,349,420,46,406,167,12,422,23,745,494,636,129,534,800,714,404,901,471,149,831,965,455,625,924,320,386,95,235,808,862,238,472,551,21,22,427,750,464,828,553,59,553,582,659,348,262,633,892,904,982,982,123,694,334,837,457,118,900,183,404,9,393,539,184,596,766,691,609,504,795,663,266,677,267,87,732,670,731,975,708,809,84,577,156,375,291,592,696,877,618,388,34,783,163,452,664,66,530,367,279,465,583,693,847,137,470,53,58,820,473,748,387,914,181,899,448,918,775,506,439,77,808,237,182,77,867,180,6,115,994,1,248,251,50,679,954,387,125,447,397,871,609,245,124,564,999,212,330,905,257,399,388,546,508,749,40,160,63,664,19,539,659,52,855,601,563,240,89,938,128,704,751,904,759,486,164,144,557,251,70,769,441,579,249,669,552,230,948,578,733,38,239,106,741,853,982,505,626,306,799,428,429,385,532,744,902,981,377,225,416,450,141,200,786,183,384,861,189,395,556,288,266,694,970,886,682,888,876,442,926,176,239,651,960,119,655,561,524,30,361,226,778,558,74,94,860,640,303,11,234,691,358,20,639,846,670,524,556,520,597,273,64,979,639,774,583,890,678,427,499,150,596,584,800,163,277,178,46,900,912,386,323,430,885,378,605,914,734,869,995,941,86,664,737,924,378,469,522,876,51,227,731,587,588,640,705,623,649,853,598,570,90,289,211,904,78,465,83,615,222,422,397,344,539,420,909,203,742,155,983,964,429,614,402,680,177,510,47,94,162,776,178,658,573,204,531,985,182,492,535,129,99,10,855,676,838,372,648,277,430,255,997,389,529,562,521,160,999,6,452,762
287,835,968,33,611,942,228,397,803,568,565,501,336,832,19,531,171,556,50,789,822,99,858,669,833,81,449,442,493,203,877,715,689,370,215,615,917,413,417,483,811,578,556,360,259,683,312,853,391,90,694,963,847,761,122,131,709,168,998,331,578,573,933,939,139,550,726,136,975,908,235,238,678,139,786,327,851,800,15,234,929,984,592,672,322,165,595,105,303,228,449,398,864,430,263,724,820,84,211,979,820,19,10,800,408,89,909,20,613,201,455,202,251,160,279,31,639,778,948,1000,156,225,354,91,181,766,533,971,619,543,548,606,372,933,252,777,662,927,163,882,212,876,756,685,938,932,115,348,369,464,323,299,865,742,776,24,809,20,421,307,261,817,55,163,283,206,421,936,483,701,306,958,397,655,419,194,132,687,809,367,622,973,529,238,782,832,163,939,67,972,289,76,613,730,519,571,296,629,885,15,978,52,776,589,128,853,552,844,291,90,88,653,448,776,969,7,130,799,772,393,76,556,743,19,785,766,967,344,860,749,681,770,289,156,836,921,156,618,70,435,606,900,785,812,107,535,320,952,701,104,438,123,579,626,115,648,825,544,567,257,654,886,759,405,506,530,2,847,933,259,745,955,813,521,855,26,468,502,329,751,39,733,832,60,277,580,464,890,484,390,405,529,598,633,158,170,303,493,772,196,455,769,913,111,270,667,486,760,419,32,446,188,62,486,638,410,181,275,835,241,114,634,87,556,605,795,738,206,505,934,23,722,98,304,906,738,352,33,567,7,240,196,801,183,164,250,361,469,644,130,474,643,404,565,424,204,519,947,713,548,845,694,776,823,203,904,40,241,163,605,171,279,467,35,922,940,149,436,53,576,184,246,259,301,14,431,589,427,421,294,963,538,740,93,826,473,71,109,453,905
246,488,745,116,286,705,360,731,718,745,125,351,654,401,148,679,373,222,321,1000,895,406,558,358,542,523,724,828,835,790,406,688,212,792,605,471,795,737,833,765,405,658,160,318,502,751,746,32,976,283,288,159,18,425,401,610,445,958,826,11,874,331,694,963,362,790,275,301,244,501,311,911,658,797,164,635,448,12,79,830,674,514,4,595,131,506,359,11,118,455,166,768,967,943,62,527,940,17,13,651,716,750,217,601,266,654,689,483,598,60,58,684,216,144,802,521,163,553,798,444,925,993,160,166,203,367,128,424,233,877,850,876,987,87,846,695,193,470,446,111,847,392,559,452,312,276,734,377,829,519,123,223,218,652,843,785,657,548,574,115,491,277,870,773,351,76,943,426,446,177,804,293,496,560,350,275,630,461,218,123,414,717,267,811,799,637,465,67,687,313,697,69,226,227,759,978,612,809,581,549,618,487,931,221,778,554,227,196,27,436,719,958,565,63,726,840,690,674,602,370,379,360,301,128,994,705,23,16,802,494,336,561,682,35,383,124,790,80,355,309,781,707,595,96,334,420,691,303,484,737,881,730,727,440,225,64,373,468,611,164,201,326,733,673,254,254,92,463,954,533,886,104,535,501,625,38,783,779,342,796,761,76,24,487,425,6,869,780,780,148,866,95,426,996,737,157,514,34,438,133,950,692,611,787,354,388,987,817,515,369,748,466,403,627,874,469,320,705,561,228,950,213,959,842,60,502,91,901,616,403,391,981,220,661,391,21,953,876,781,901,638,208,105,994,880,347,903,908,518,841,723,214,201,392,49,661,914,200,119,615,57,996,37,247,257,138,69,401,992,614,29,849,304,409,186,837,193,409,518,574,120,973,783,460,224,712,487,704,336,3,811,266,65,406,847,140,495,296,909,890
77,234,877,926,74,849,169,604,141,880,207,872,281,675,460,717,929,124,786,964,452,59,225,945,308,614,695,394,308,663,649,397,749,713,144,115,917,977,402,849,812,493,400,672,717,247,358,400,656,15,723,954,469,972,639,733,666,199,863,922,745,862,645,395,515,458,754,893,760,441,459,512,942,898,706,641,49,885,266,98,921,345,663,634,969,576,199,131,399,112,90,542,849,135,170,29,186,891,77,743,582,90,549,196,162,750,273,0,783,243,816,727,339,370,539,629,776,120,603,316,238,679,234,8,224,610,493,912,453,411,346,835,892,589,123,3,499,668,112,926,190,794,889,99,578,698,430,834,593,976,373,548,553,26,391,688,182,829,16,749,905,895,363,954,971,442,607,480,715,818,887,79,219,635,596,263,35,703,794,427,517,319,963,733,462,299,159,513,324,838,379,316,908,687,358,829,263,918,176,925,11,394,757,439,867,688,256,462,32,309,897,676,674,55,662,732,659,646,390,557,852,543,407,111,898,12,812,307,127,585,145,986,501,974,587,925,500,679,394,145,810,67,144,803,693,5,110,322,570,834,987,264,436,845,169,180,589,570,670,334,470,903,218,673,292,767,176,419,167,977,682,469,48,193,488,766,254,902,239,440,270,980,291,437,108,69,143,86,315,793,178,990,760,103,42,430,876,536,423,54,733,833,303,373,432,697,120,771,231,730,348,646,256,870,668,159,663,796,924,572,669,15,684,709,436,369,103,994,138,532,394,476,377,587,576,593,591,983,647,448,475,704,25,688,693,41,815,430,405,730,640,455,598,42,123,498,52,460,900,380,441,166,587,184,474,986,238,902,30,805,62,596,979,894,96,110,845,609,19,354,812,658,113,75,451,285,745,410,618,41,405,166,288,520,135,467,633,700,891,740
622,397,623,576,975,552,727,919,691,534,864,368,778,442,449,554,95,522,913,617,109,353,184,414,463,679,635,851,680,537,89,948,385,810,651,294,363,739,313,341,55,956,964,437,634,478,720,397,293,345,98,864,656,724,620,687,389,816,283,652,629,449,629,251,488,696,977,672,804,908,960,265,90,627,168,679,575,374,953,195,642,512,19,944,963,401,978,210,271,544,223,431,774,417,371,625,617,885,119,890,38,871,561,931,146,205,212,887,721,618,953,229,264,235,693,851,388,621,36,169,99,38,812,81,694,496,232,661,707,141,374,235,437,209,438,11,171,647,478,716,583,405,694,935,977,992,788,805,300,230,113,351,244,638,764,215,736,880,650,853,775,190,332,454,229,755,721,772,544,520,262,367,951,483,441,804,740,541,183,330,169,215,397,66,520,95,541,863,54,506,214,129,292,975,307,517,769,165,864,491,816,939,952,374,459,225,612,252,370,228,114,226,848,165,25,661,980,816,309,677,611,85,240,311,203,814,444,770,626,141,631,729,635,242,767,553,646,334,975,259,280,737,355,197,668,467,806,9,993,836,749,590,990,108,318,896,464,584,930,766,676,985,783,385,398,38,154,199,242,364,613,350,21,257,774,429,929,392,945,572,123,124,545,140,776,96,75,74,662,185,278,540,112,467,763,953,556,549,991,236,607,149,749,899,360,164,843,390,761,967,352,848,725,428,496,129,775,449,906,705,925,480,915,873,362,106,559,606,333,227,223,854,927,772,860,422,647,16,290,666,927,923,598,52,866,908,537,460,492,185,736,618,643,891,696,381,792,208,996,42,402,246,775,185,997,662,323,287,901,798,124,626,473,407,582,442,436,755,669,913,2,151,916,458,394,221,459,454,127,989,889,26,443,66,572,983,201,694,704,227
362,95,863,666,94,917,664,781,611,709,591,317,983,453,481,541,732,987,14,471,609,896,171,195,606,695,207,931,147,144,979,747,616,87,610,852,491,194,402,530,4,424,745,970,344,999,994,696,669,126,47,770,474,566,789,528,719,998,785,973,231,103,696,502,207,112,65,807,627,976,24,130,266,921,295,549,543,840,24,449,439,890,127,454,79,38,811,73,149,828,129,318,472,958,762,341,869,543,31,796,814,465,1000,853,459,29,76,941,758,480,136,962,887,892,970,149,507,266,531,957,877,937,140,525,85,88,274,708,821,116,787,450,330,969,777,793,368,664,814,375,490,113,352,223,973,85,189,731,398,870,146,977,120,472,234,192,930,342,852,176,228,213,456,409,299,529,207,104,784,946,510,193,662,237,899,763,848,56,29,908,570,33,594,527,288,388,464,127,301,513,364,610,580,355,278,587,913,645,295,106,691,746,754,17,147,295,277,474,661,345,642,735,471,164,859,71,875,379,673,851,125,210,631,0,559,253,672,544,675,577,670,620,219,473,602,827,808,255,328,500,15,536,693,383,836,668,500,908,714,616,5,394,661,986,718,0,254,994,475,446,708,636,991,587,166,323,367,468,899,282,833,355,863,492,772,705,789,5,814,134,350,377,284,814,783,211,30,86,674,238,525,872,712,1,608,762,265,729,569,823,754,726,764,386,598,228,104,155,965,582,741,185,809,554,719,292,203,932,143,490,923,47,740,247,356,709,712,767,746,131,929,129,878,491,41,977,690,806,525,429,528,677,647,805,121,765,981,192,614,629,59,931,919,161,548,928,702,492,729,432,953,977,587,95,885,212,448,391,537,281,164,354,49,953,410,53,507,367,659,207,334,263,969,935,300,638,279,322,800,548,613,461,48,461,828,276,100,7,765,932
956,81,883,179,991,270,736,802,516,957,385,510,599,220,577,821,340,990,40,339,132,394,217,855,549,760,160,11,699,178,283,7,740,210,901,423,153,109,725,663,653,672,427,224,656,950,678,83,519,215,213,773,501,343,515,974,353,731,576,270,534,356,482,870,538,772,707,919,117,369,604,644,303,851,558,791,130,706,263,461,776,590,596,905,919,738,796,35,526,120,247,497,583,952,567,697,615,258,192,145,195,239,971,857,933,44,96,878,901,833,8,658,414,206,347,645,266,521,336,284,476,313,841,565,57,17,936,619,128,420,846,472,508,702,95,891,647,501,95,621,505,482,51,516,970,767,249,416,41,871,346,244,884,207,658,591,454,626,196,763,177,876,166,694,958,142,715,332,908,169,411,909,424,223,636,344,466,565,8,618,808,590,586,675,946,445,438,349,153,929,64,144,958,356,516,479,808,408,926,115,305,717,723,221,996,363,490,720,222,27,165,179,998,486,765,63,367,378,283,691,765,274,157,915,711,651,4,491,766,238,342,325,40,150,537,645,560,800,671,326,731,863,933,145,515,949,318,521,629,988,247,367,803,277,776,304,59,844,40,289,536,233,544,262,713,556,885,682,757,326,702,600,234,420,363,470,834,319,303,423,218,138,709,954,654,80,369,79,446,586,875,393,485,652,913,60,568,472,758,762,88,385,517,730,219,246,542,491,596,555,541,413,493,236,700,701,345,957,477,960,242,99,260,205,478,960,227,689,726,60,202,425,83,568,604,284,295,599,437,154,305,836,710,417,234,840,205,415,859,774,517,319,658,824,297,870,168,693,614,215,61,6,311,262,491,81,93,453,724,291,605,744,725,223,779,659,110,229,520,170,517,353,867,857,534,428,351,133,631,725,864,913,682,469,333,562,478,286,427,570
303,813,10,306,820,110,680,779,965,792,954,565,87,748,369,939,826,579,618,237,100,548,426,471,874,342,666,735,400,117,819,155,711,536,938,732,683,222,939,491,300,972,259,594,454,888,652,385,244,972,175,619,706,512,939,600,871,732,130,726,601,935,723,17,224,900,2,299,166,395,933,237,912,96,416,260,905,400,531,583,21,137,773,240,547,250,271,820,515,379,284,892,882,15,134,114,672,662,562,344,112,831,703,725,664,0,451,377,990,542,864,352,396,694,584,908,743,612,675,710,816,777,462,958,568,304,783,258,251,958,723,479,767,300,488,840,177,790,585,92,368,658,611,538,950,198,38,376,578,620,660,653,253,446,921,358,569,92,486,961,411,898,157,42,651,514,291,723,479,508,262,849,562,725,375,54,928,39,793,878,177,863,601,902,52,98,130,625,44,628,497,390,703,411,56,936,308,374,535,623,673,692,947,474,612,872,89,513,384,706,554,917,235,110,890,459,332,678,702,54,984,31,749,145,67,235,104,302,107,786,347,55,129,42,130,123,952,72,774,287,59,373,345,787,563,815,950,279,626,213,659,466,850,923,126,579,318,363,439,508,781,197,843,20,101,41,728,24,221,327,355,760,586,669,905,441,678,930,112,840,342,189,506,383,792,488,664,849,874,683,333,106,801,637,563,703,86,438,982,399,11,392,985,853,918,331,309,360,193,837,974,68,435,426,419,907,330,960,741,505,770,127,985,472,994,241,923,768,216,100,355,957,192,447,955,646,686,289,113,199,801,179,266,525,538,208,227,241,183,401,642,466,249,990,738,683,414,710,615,894,261,862,781,219,740,466,156,130,419,441,80,128,694,448,564,945,949,642,634,433,550,751,481,411,117,396,86,588,876,649,538,303,797,98,418,935,702,599,611,753
294,82,717,397,878,803,543,593,627,904,233,601,941,527,307,97,231,611,43,940,912,506,989,628,272,958,627,55,782,798,251,958,927,965,658,680,900,245,801,432,930,778,876,519,537,770,775,396,67,495,937,821,64,256,250,765,46,993,104,680,167,14,120,813,426,756,780,632,167,824,214,702,813,235,733,848,340,682,692,771,431,735,164,728,915,859,469,220,358,981,88,542,280,733,758,940,912,240,79,293,236,107,513,240,434,36,901,447,847,336,212,94,248,847,784,330,305,828,502,376,473,354,425,785,594,862,570,310,740,888,721,760,37,394,688,619,834,239,379,766,518,870,975,893,306,668,399,611,235,60,649,894,998,653,949,197,407,165,137,989,900,579,558,870,800,470,217,801,491,217,322,555,614,328,697,279,486,982,457,567,420,959,203,26,563,485,684,46,150,574,679,113,143,949,989,655,373,118,2,744,476,262,172,494,754,628,661,926,107,596,35,344,296,60,540,540,649,916,325,1,413,882,370,120,62,320,132,351,202,551,767,888,384,763,639,425,485,826,503,488,506,643,444,853,282,300,937,679,487,327,350,984,572,23,242,350,362,77,96,403,877,347,941,478,148,913,133,223,879,949,722,811,483,152,364,229,499,534,31,417,786,327,926,429,397,881,834,497,194,404,177,783,205,673,68,608,898,263,146,775,569,376,546,748,415,367,380,98,16,525,250,314,196,354,81,154,481,491,290,661,672,731,923,924,874,140,424,525,992,818,876,570,768,483,850,374,878,607,712,240,40,851,136,580,736,343,928,476,170,755,844,45,595,635,902,713,867,257,836,945,635,406,54,787,685,281,45,15,283,8,808,53,940,964,873,19,946,608,317,675,522,127,694,182,507,179,429,534,907,175,948,159,906,316,320,518,472,466,694,893
206,542,940,388,619,898,20,944,731,368,568,798,656,574,409,318,343,390,470,300,760,435,928,646,711,685,0,938,770,937,273,892,172,552,89,309,889,461,123,968,45,736,474,448,807,271,353,434,964,380,284,848,707,300,274,548,303,24,316,16,664,992,719,550,718,869,375,386,418,815,994,503,183,236,748,619,624,558,465,95,657,569,192,945,870,323,501,797,426,909,294,525,390,636,885,965,881,668,582,354,566,804,243,24,651,49,113,793,795,334,82,848,388,603,435,463,847,252,823,785,7,298,465,626,972,455,104,344,186,201,523,773,155,91,215,838,583,314,549,438,217,274,373,361,506,944,444,444,300,266,575,919,57,444,346,338,327,376,271,571,772,424,0,52,218,782,298,183,271,41,763,328,706,650,455,291,397,467,735,534,297,233,810,881,999,398,642,906,558,586,695,360,788,630,940,899,848,513,893,387,603,520,83,888,805,9,94,998,643,872,66,243,570,379,964,636,568,885,434,58,97,189,39,907,872,299,532,446,628,711,882,291,527,401,479,620,831,334,260,26,647,908,548,224,640,178,292,67,826,298,902,789,737,577,600,282,120,431,638,43,624,870,410,902,638,695,173,544,950,543,114,809,765,254,28,200,543,938,839,256,15,704,250,690,527,339,428,549,334,98,127,195,621,790,860,53,973,432,252,207,219,723,412,15,846,999,99,731,438,263,939,509,250,200,114,804,257,615,388,657,68,375,667,254,696,167,126,554,501,426,691,808,825,937,452,866,469,704,815,677,359,679,531,792,532,345,308,385,938,182,217,17,969,952,976,567,200,775,962,618,127,170,447,459,853,333,951,538,603,578,833,681,437,220,399,967,243,48,681,106,158,751,246,61,863,634,888,323,667,601,356,264,711,757,72,452,277,550,229,623
999,2,873,822,982,667,329,739,402,84,103,931,791,385,101,942,945,652,660,325,4,126,10,761,804,268,258,280,744,5,439,932,416,448,2,151,1,737,32,656,118,845,164,941,170,83,297,607,419,958,621,7,451,95,44,492,895,942,809,788,911,150,850,253,121,403,197,422,577,360,924,679,244,651,770,33,43,4,440,229,19,84,504,662,816,294,13,157,168,764,428,999,265,479,855,337,205,56,10,359,152,893,377,984,87,725,237,103,312,541,524,896,405,762,590,75,441,678,64,213,305,978,497,133,970,724,847,634,236,89,886,129,23,745,378,368,663,358,285,146,707,748,783,189,234,556,867,983,900,845,618,20,718,91,558,97,103,7,638,999,583,214,78,303,510,140,851,629,54,852,832,61,434,640,879,596,548,286,398,252,35,22,581,87,986,591,620,587,459,197,304,108,501,587,212,142,700,106,249,339,220,823,31,502,816,691,517,774,24,167,249,967,181,415,906,882,291,294,711,396,480,898,508,397,294,114,475,912,730,678,560,907,168,119,266,979,139,786,193,632,479,440,151,894,959,811,347,731,653,930,370,234,939,933,163,759,435,464,836,898,733,945,342,307,918,862,966,38,162,409,873,62,304,161,430,703,158,441,815,282,651,124,397,631,747,756,934,325,886,23,955,80,744,869,276,381,302,987,167,340,608,820,375,560,702,179,438,467,909,314,748,975,418,594,201,379,472,794,633,195,518,991,855,600,508,480,59,892,229,92,236,30,491,952,828,661,778,494,206,789,267,275,121,882,30,17,964,320,740,631,654,352,562,115,550,72,619,332,795,145,804,493,70,375,545,330,383,15,381,407,650,560,99,60,251,90,661,475,21,44,297,886,630,223,950,157,148,105,280,890,280,38,810,840,148,898,343,871,855,208
372,659,478,138,610,276,488,983,871,296,439,982,458,331,858,500,4,947,959,988,482,886,638,768,651,215,740,785,32,418,111,892,958,939,594,901,773,43,396,557,808,419,796,3,398,642,101,672,518,392,240,992,657,926,126,74,212,372,714,86,265,274,37,225,936,360,148,317,861,676,742,901,367,272,534,344,696,585,533,134,294,979,442,405,236,445,772,975,442,172,441,968,228,63,233,219,170,712,576,451,262,491,986,591,322,854,280,840,801,6,369,360,839,786,104,547,466,429,379,430,498,993,886,684,396,180,98,168,854,753,982,876,947,755,414,860,605,905,763,941,140,263,292,160,287,128,66,11,961,660,806,454,666,307,906,998,735,973,251,246,656,649,91,331,92,708,952,519,637,313,95,686,614,255,713,931,899,641,908,813,890,638,291,84,305,253,308,615,175,888,256,162,10,76,778,397,899,902,626,318,75,389,572,848,97,402,945,80,830,518,16,721,21,530,547,244,245,281,918,927,275,123,860,15,901,396,667,691,238,988,72,603,96,54,114,826,129,634,583,696,41,578,438,682,112,242,406,485,514,620,480,742,859,571,424,659,826,765,813,900,1,788,734,109,766,268,23,633,259,440,233,427,259,44,104,932,923,719,240,745,502,923,866,521,964,112,855,264,652,66,726,116,499,466,320,283,332,130,425,630,445,701,536,869,120,529,861,72,96,34,348,539,121,124,528,6,754,521,31,195,641,879,175,788,287,226,358,508,983,935,997,870,401,348,909,638,638,708,964,91,622,822,522,1000,106,568,979,84,654,241,773,878,95,221,20,774,46,973,822,689,927,585,867,494,763,181,201,250,299,562,100,706,726,352,347,702,530,789,363,714,709,177,923,239,865,596,545,715,845,336,105,373,30,527,25,833,503,6,564,352
829,663,716,645,477,861,668,531,902,106,514,82,281,259,64,550,201,632,512,596,953,364,291,306,887,12,135,66,460,899,160,932,871,553,310,764,153,842,488,166,907,995,974,244,490,17,641,140,359,86,414,87,915,987,890,796,495,83,263,969,139,171,150,429,240,200,507,790,335,750,350,132,209,825,67,49,973,162,484,77,776,795,562,427,746,468,949,566,976,658,741,438,114,641,39,792,372,841,36,788,745,765,524,396,233,144,895,295,700,422,524,472,285,566,519,408,131,283,756,987,77,604,346,223,935,31,727,43,562,250,584,963,107,373,168,368,640,418,799,538,624,528,713,727,401,968,211,442,347,793,866,573,798,814,456,15,641,390,486,113,910,70,20,625,399,360,25,590,481,463,997,746,181,570,905,648,727,141,875,417,783,489,559,972,632,103,707,83,315,993,675,251,446,213,799,259,48,572,269,504,457,712,182,375,372,589,80,689,691,913,747,190,968,912,351,828,185,250,249,661,416,180,887,737,86,847,948,476,901,334,253,350,362,341,575,379,746,299,717,943,300,147,82,18,745,544,512,338,80,678,143,442,482,740,217,849,632,589,194,625,591,648,183,400,157,966,334,780,217,699,909,665,866,867,248,719,279,86,929,154,943,370,973,637,802,596,561,78,431,90,585,29,494,189,210,740,139,811,726,928,260,862,878,665,49,781,192,305,870,733,76,142,265,117,968,746,775,971,922,612,195,678,758,67,410,636,346,818,27,947,495,687,965,206,50,69,852,220,132,473,665,586,26,460,314,275,815,670,786,453,919,550,716,632,60,867,955,692,869,562,750,608,536,364,121,459,868,537,350,731,413,335,178,730,776,419,401,830,569,6,379,521,317,203,963,112,512,778,78,702,387,190,588,324,803,121,889,931,127,672
958,933,280,372,964,850,438,631,831,954,827,989,437,141,188,314,314,904,501,887,964,126,152,867,398,390,834,806,725,513,632,598,822,334,933,266,667,199,915,643,92,903,124,293,484,278,833,693,327,905,762,641,44,880,96,196,609,812,773,176,94,800,257,295,190,587,476,906,130,907,716,202,211,392,789,695,786,848,947,14,982,429,93,307,236,724,589,439,288,503,632,481,948,693,400,410,31,980,914,728,712,546,42,310,582,235,635,717,965,353,739,121,200,169,877,338,211,255,569,653,185,503,728,349,307,813,462,970,759,114,565,739,245,308,578,490,271,1,561,183,482,295,39,245,299,318,948,248,258,692,475,320,3,111,697,819,190,12,511,619,889,525,633,635,228,832,683,726,92,144,382,962,828,553,904,201,965,356,309,482,312,753,298,543,746,470,64,474,314,312,49,322,794,965,64,758,479,855,656,962,572,184,139,291,810,808,333,330,222,736,657,996,824,66,135,147,661,791,874,598,88,697,531,465,176,200,687,649,911,338,804,852,342,106,970,101,845,139,257,417,570,396,686,165,831,724,464,995,741,481,223,813,412,213,60,627,472,229,23,993,295,874,928,369,86,631,783,601,926,673,734,520,926,464,412,152,954,739,898,762,839,519,555,500,760,522,340,578,723,473,109,428,332,734,592,499,571,780,973,607,637,502,411,65,285,619,533,267,83,194,684,800,392,705,363,725,470,598,579,873,861,970,987,902,380,359,350,916,548,677,856,55,190,438,802,770,112,548,852,5,488,760,651,53,464,391,401,424,329,230,924,172,326,304,444,171,829,942,421,799,826,506,740,990,185,294,72,844,727,50,406,330,982,118,846,54,630,21,856,264,405,672,270,132,364,237,815,555,360,630,463,152,969,882,184,493,867,278,287,416
136,477,25,966,435,378,356,400,632,28,558,14,749,200,519,417,925,713,706,39,216,796,388,362,558,810,830,400,377,915,132,951,474,129,157,515,418,508,935,684,840,113,220,350,501,505,569,671,596,116,695,969,912,613,559,991,789,418,817,203,598,604,1000,21,171,247,321,92,747,855,620,817,355,447,592,130,276,151,404,311,979,459,815,471,598,554,16,93,737,426,33,48,252,229,131,339,673,575,225,514,59,449,791,628,659,121,863,252,697,410,110,389,2,696,151,188,533,587,364,67,35,437,790,996,473,166,550,45,594,696,921,706,145,509,303,210,477,773,918,856,118,683,550,652,386,93,515,899,82,217,235,274,577,453,858,351,679,159,835,699,579,177,695,930,248,225,812,657,424,15,70,151,533,57,764,836,978,429,473,953,802,66,160,777,589,283,188,334,239,751,262,540,685,410,213,17,711,495,698,655,49,230,202,119,637,148,897,461,748,10,138,341,39,135,664,44,764,391,310,632,248,34,624,573,135,477,668,696,327,777,736,71,379,28,744,904,152,908,651,971,661,328,241,698,402,822,524,249,520,671,788,825,535,431,762,759,382,13,280,633,80,781,969,261,346,561,591,106,77,169,775,399,212,552,746,966,42,444,720,163,894,830,897,379,885,945,180,695,27,661,670,779,400,223,326,667,840,515,249,410,594,905,450,963,848,900,578,627,658,986,582,807,138,660,278,345,306,837,748,434,205,82,326,854,88,870,985,65,726,587,281,761,597,378,548,743,625,630,131,913,812,456,717,899,27,180,610,571,201,139,569,807,664,579,193,787,995,848,283,586,86,644,293,367,484,631,231,832,5,582,126,208,983,226,992,860,631,708,452,724,679,633,489,372,161,547,22,85,232,764,867,696,230,840,449,958,402,802,253,260
513,383,46,107,472,108,903,671,440,619,139,565,206,560,461,563,622,381,524,781,360,499,722,716,922,334,904,582,537,956,29,937,117,769,206,775,921,730,299,859,808,129,364,935,747,218,646,594,609,426,925,815,681,208,611,834,730,601,961,824,100,113,703,347,543,183,829,896,22,975,328,248,502,107,588,290,750,891,668,861,850,653,949,791,979,266,241,359,442,885,560,516,758,886,607,588,512,443,410,800,894,162,886,165,410,435,644,236,369,811,259,885,289,607,811,230,875,45,335,902,569,498,193,910,606,630,866,988,596,216,181,278,585,559,766,348,415,149,323,202,27,484,762,435,219,81,994,875,425,630,267,123,373,424,575,486,608,711,777,152,868,75,466,872,734,295,272,548,205,625,475,640,765,597,436,452,886,836,243,87,947,261,461,14,209,740,402,621,620,193,611,14,292,113,170,791,155,849,962,472,738,968,64,894,284,942,895,365,730,224,165,990,792,395,95,649,268,515,53,57,957,257,93,710,800,346,526,124,872,539,314,325,791,430,463,503,648,388,688,905,851,738,449,89,344,828,834,671,746,468,241,401,728,392,597,515,20,592,374,699,139,46,35,346,982,810,823,914,814,706,674,715,582,251,877,189,149,332,542,740,220,754,75,924,92,686,917,873,959,557,803,805,218,597,320,188,764,380,463,168,178,302,935,266,83,137,436,724,891,721,133,222,210,935,611,324,676,366,357,496,430,916,104,719,336,171,521,984,559,424,396,308,133,743,964,397,701,333,649,124,509,171,689,456,834,685,770,351,27,984,651,903,769,308,901,27,850,951,101,307,709,965,137,738,614,231,996,661,601,526,491,310,4,738,421,704,865,755,568,131,955,515,655,615,919,233,803,191,437,234,495,333,106,980,924,865,900,817,674,425
475,539,928,487,445,688,136,299,431,723,209,674,73,458,288,305,608,226,602,323,78,497,721,976,35,919,53,698,278,539,144,293,224,405,461,790,76,960,891,68,271,902,701,124,776,275,21,264,788,871,950,526,825,636,997,682,498,167,270,997,447,792,473,60,791,138,97,380,91,865,303,8,748,553,274,732,136,925,530,74,92,887,149,637,17,780,237,278,157,845,664,6,198,675,963,320,449,848,535,279,602,968,100,79,903,402,712,994,504,1000,743,738,983,462,660,67,871,637,680,335,581,218,955,233,216,783,203,757,338,665,432,506,966,862,295,35,181,428,271,534,415,844,805,910,194,576,911,214,885,54,769,131,818,44,280,750,970,216,659,537,722,243,760,584,162,638,912,608,43,855,448,973,733,741,299,6,208,765,87,306,158,492,865,842,979,131,856,613,133,498,804,618,747,534,262,66,560,598,237,371,920,903,853,694,244,961,600,567,391,338,493,241,410,440,428,149,623,560,865,186,645,449,385,971,516,643,128,54,242,326,767,433,592,4,470,234,297,210,455,808,116,768,504,629,565,414,226,174,30,944,313,274,77,932,268,764,351,311,825,779,812,162,456,432,768,915,155,212,594,590,216,94,848,979,107,137,279,845,627,399,712,610,376,864,128,365,159,20,514,956,107,290,387,385,830,929,501,911,995,673,450,141,189,91,655,165,521,883,323,704,375,970,980,16,289,776,877,661,155,396,210,534,18,757,451,299,561,347,105,640,135,578,278,351,663,990,571,142,974,864,489,948,90,858,920,645,956,161,43,482,83,227,360,73,114,390,376,594,806,486,122,165,799,668,739,630,253,797,194,685,210,673,745,122,744,298,96,997,827,633,666,589,134,445,450,421,464,48,255,405,758,535,368,191,214,462,248,956,584,92
464,809,409,582,902,53,57,450,198,739,38,643,999,990,382,435,412,335,14,820,270,870,87,54,751,418,319,828,294,792,369,753,961,496,262,871,978,977,820,389,996,10,281,695,438,757,125,166,739,304,153,736,801,8,841,397,758,642,824,285,953,426,850,862,654,985,929,151,392,870,318,229,699,683,270,489,201,482,104,432,368,875,869,74,393,53,858,642,621,105,742,450,116,200,189,562,472,191,388,899,227,107,999,692,6,285,897,589,743,982,500,511,574,318,546,665,60,440,902,463,622,785,916,102,308,551,149,665,468,333,145,700,690,246,459,852,572,693,130,564,871,670,345,914,83,524,599,625,981,132,508,322,284,841,181,641,358,107,790,774,751,556,110,259,904,602,142,298,140,13,882,703,452,327,82,490,527,415,812,792,412,110,679,205,963,666,437,670,683,884,700,415,853,976,671,410,680,96,921,333,317,310,288,648,881,115,202,916,368,47,184,154,435,664,801,776,901,459,147,244,741,115,738,61,153,501,364,383,384,227,521,420,981,722,925,646,718,54,471,64,27,982,450,174,145,477,830,839,855,54,361,741,94,720,992,114,332,938,802,130,652,289,239,297,675,457,271,18,549,84,887,386,747,760,491,469,350,694,497,396,604,900,142,285,498,958,205,120,62,325,906,49,292,239,997,385,824,138,864,1000,990,162,151,352,278,451,243,991,581,5,959,107,523,928,743,893,284,93,128,375,203,902,841,949,899,507,610,785,869,398,31,504,266,547,82,691,962,167,642,852,298,20,299,684,944,309,588,123,141,950,14,369,775,581,178,294,817,175,832,587,696,229,967,311,534,234,383,510,155,527,671,295,544,934,300,901,727,990,525,949,8,209,690,302,196,147,884,541,947,92,460,443,292,529,691,34,367,32,671,543
882,25,249,355,944,78,484,521,895,69,441,325,99,199,506,131,280,995,927,285,92,73,336,522,733,757,601,849,707,900,995,179,654,222,21,170,492,685,55,352,129,865,184,578,214,499,483,752,95,133,961,109,955,777,240,123,876,256,81,30,148,398,198,100,978,265,861,147,462,569,765,497,527,49,858,54,734,987,743,705,409,539,841,742,132,874,765,133,497,735,650,417,603,642,728,910,613,483,600,339,641,994,371,736,706,688,610,110,476,797,511,548,436,236,508,564,758,90,403,445,763,128,37,790,368,600,585,687,203,97,221,599,644,597,751,169,212,821,286,870,315,117,167,17,372,216,577,627,897,738,329,974,419,104,442,504,732,690,756,408,442,58,567,482,614,348,302,15,253,863,966,280,544,375,378,906,813,737,467,387,657,816,30,862,626,375,597,511,289,803,965,194,762,763,193,977,452,916,216,92,989,993,616,301,836,201,483,496,977,885,752,988,196,735,973,512,605,905,238,379,957,708,785,495,91,31,209,788,260,528,887,688,769,65,34,849,994,62,220,682,477,816,503,957,26,779,288,980,341,914,85,560,866,330,231,235,974,638,195,93,29,678,865,284,677,956,730,889,855,714,703,784,101,372,546,302,834,990,735,77,280,953,742,967,963,453,422,704,568,452,159,676,678,993,780,18,434,381,638,758,81,404,912,238,652,780,761,53,198,652,325,487,289,978,750,678,283,357,946,792,372,624,93,345,365,519,664,326,835,507,97,672,559,262,515,847,791,943,610,205,459,474,443,283,570,433,554,252,810,760,561,987,459,637,97,271,764,145,180,643,920,423,178,810,460,654,540,593,565,522,538,78,185,558,27,975,639,735,865,878,693,787,367,248,184,141,721,427,576,34,295,914,722,742,71,795,663,751,25,488
770,613,631,140,767,745,153,638,726,774,368,303,818,702,841,225,299,473,813,908,160,852,991,342,558,292,801,373,964,956,487,838,124,257,474,158,503,251,706,356,119,913,141,989,118,538,866,731,929,940,26,997,27,726,422,50,713,512,337,474,678,668,833,541,960,148,205,48,103,498,372,684,498,774,171,832,678,216,453,386,195,933,830,602,141,288,640,908,549,389,199,8,676,167,369,386,921,394,387,416,812,161,102,495,303,532,286,120,66,67,519,126,983,540,134,326,591,700,247,597,860,783,796,725,523,945,236,924,451,238,560,289,667,196,790,122,853,621,616,126,688,799,117,289,999,128,511,722,257,93,999,521,256,264,834,361,591,762,34,82,250,42,609,399,189,77,731,450,611,550,561,33,171,691,493,904,902,240,456,171,828,420,280,636,403,963,745,228,476,526,571,366,115,724,415,150,294,67,363,146,787,431,466,545,958,518,869,833,956,866,546,737,257,896,466,629,409,458,873,689,776,330,257,741,793,867,73,37,937,316,401,366,63,892,856,656,705,419,313,273,623,341,65,434,666,773,867,667,322,794,408,790,585,94,253,835,417,300,873,625,223,900,515,838,137,968,725,608,90,128,267,898,689,698,923,914,624,635,202,502,846,48,773,683,224,455,615,687,84,115,580,749,31,614,372,887,36,218,507,291,378,136,909,286,791,106,319,238,348,250,813,312,390,557,894,691,871,441,171,301,43,524,994,591,93,43,542,600,527,755,109,689,217,412,913,993,553,821,278,848,746,82,777,713,838,308,479,533,354,965,254,442,340,174,535,481,5,499,525,926,484,377,851,690,10,569,53,392,47,467,327,427,231,844,792,290,146,302,732,732,264,991,386,187,246,432,730,720,50,723,277,834,677,128,476,192,406,103,505,105
123,503,341,3,881,398,114,722,756,363,758,403,902,16,44,499,391,922,585,398,510,456,622,157,717,666,165,333,852,264,966,326,627,393,974,615,807,888,680,45,109,171,681,642,984,997,167,235,79,812,728,770,766,468,825,683,264,362,531,629,250,387,192,221,35,146,367,650,367,484,548,619,510,48,160,977,105,342,66,457,222,227,343,77,530,389,393,37,153,755,550,586,337,166,713,244,171,223,976,640,713,376,863,859,573,788,914,810,368,526,682,790,85,941,711,930,130,84,287,63,223,954,405,360,229,215,811,514,588,541,313,294,913,961,115,579,126,485,639,308,665,623,887,557,158,36,66,704,708,20,905,741,824,721,613,651,294,985,140,366,109,812,842,347,648,626,654,608,840,129,409,322,160,84,249,770,314,472,951,628,691,801,117,107,61,676,528,576,541,132,661,423,980,863,337,756,24,814,757,242,768,31,201,519,515,777,744,554,754,733,6,423,748,617,491,242,821,980,705,326,945,48,974,148,593,697,804,156,549,721,667,395,89,622,986,101,584,377,51,959,509,877,933,404,570,51,148,673,347,587,714,398,553,17,689,122,654,134,91,82,473,394,533,785,698,294,812,495,348,557,739,383,290,939,367,731,1,654,330,307,494,339,91,610,82,416,359,132,44,41,982,873,447,457,713,622,966,360,292,787,191,816,199,128,553,721,241,649,720,357,277,349,87,170,944,238,750,773,194,929,254,52,863,745,751,397,790,963,179,113,919,805,281,676,262,803,516,671,503,670,902,843,592,476,611,766,836,83,117,54,688,899,355,528,629,835,377,103,877,549,979,908,760,526,965,184,7,799,444,890,628,207,588,923,66,57,652,30,408,988,692,273,957,461,539,139,447,345,287,834,78,210,212,386,341,206,149,696,606,295
854,841,169,655,335,510,710,522,491,491,754,856,292,822,837,745,960,217,130,449,982,859,618,988,369,392,785,22,678,828,515,282,191,649,904,435,655,517,853,367,519,623,491,981,716,836,680,416,750,827,298,273,250,658,158,272,910,902,324,672,967,408,914,612,426,847,119,606,890,132,133,108,798,754,136,799,62,478,583,508,190,957,684,121,379,865,640,615,232,250,186,943,478,201,415,113,476,733,451,397,82,290,95,911,608,660,768,465,96,144,51,118,862,19,741,852,281,774,653,94,648,300,742,117,925,782,192,783,671,475,625,957,301,52,329,613,156,183,635,664,376,927,401,271,883,990,984,137,708,522,949,544,278,710,887,820,562,365,637,562,353,686,131,941,159,787,719,818,64,541,413,749,228,23,311,1,24,812,247,301,633,651,153,471,719,629,576,652,643,550,852,677,254,942,801,209,986,141,308,997,901,597,313,931,936,778,81,146,71,249,271,480,71,249,505,96,615,57,100,184,432,508,366,858,343,852,205,237,99,948,497,955,708,542,592,919,622,867,532,410,953,192,829,673,449,182,663,479,316,277,684,386,75,573,179,951,749,933,618,347,1,13,724,284,785,368,645,924,731,653,162,642,967,579,513,153,108,319,784,783,233,389,621,629,13,247,230,749,750,519,162,298,852,944,788,822,587,165,895,7,624,549,336,444,899,887,54,14,0,812,292,522,76,318,538,430,346,774,812,719,630,722,554,454,11,378,525,89,38,988,819,70,743,308,97,812,173,904,132,991,236,538,297,903,108,466,723,344,438,833,205,819,716,601,631,318,367,368,236,904,652,338,490,240,930,65,321,539,865,18,744,860,452,460,646,616,773,435,415,625,305,184,580,35,700,312,248,820,824,662,642,960,44,238,421,121,411,237,971,716
713,643,533,572,716,979,153,484,400,550,379,658,440,73,940,146,605,493,654,951,456,469,483,446,994,622,323,32,679,445,416,26,423,34,803,638,177,30,191,986,137,664,330,384,48,875,67,876,463,500,694,85,733,618,343,894,963,104,268,374,488,475,391,382,600,314,256,235,437,731,220,0,808,575,282,438,805,774,56,486,988,136,718,966,265,181,131,521,644,297,39,15,564,459,354,414,626,732,494,443,15,30,466,53,487,442,522,419,209,45,252,570,605,189,563,44,336,558,939,280,145,999,144,198,853,478,617,658,421,87,938,141,436,863,271,476,754,500,906,621,367,245,666,508,354,72,140,355,907,408,382,116,297,384,53,94,839,195,173,350,790,961,504,729,987,57,155,184,660,210,153,328,490,27,734,475,24,637,768,143,750,204,91,862,565,831,581,138,56,260,30,631,594,505,42,758,688,661,965,330,371,547,729,596,395,118,718,55,232,33,114,938,135,898,625,387,354,247,268,792,579,376,265,602,179,69,361,807,398,975,954,712,280,675,544,369,172,906,759,502,346,476,814,589,42,676,572,450,856,802,559,74,139,314,126,835,971,776,543,683,751,604,742,693,500,586,900,338,654,86,691,336,237,36,516,303,888,622,356,622,258,853,975,670,302,197,389,576,536,630,420,604,825,288,8,604,772,912,426,46,635,57,201,291,561,51,660,540,225,676,301,302,363,461,273,262,760,471,915,471,265,867,551,739,884,268,486,407,820,984,754,520,707,142,413,814,364,416,770,917,16,58,679,517,998,960,986,138,828,115,98,223,598,935,936,763,6,606,540,396,316,381,835,618,76,101,172,519,978,619,450,268,133,409,725,208,559,298,774,371,269,266,263,687,722,772,883,730,247,526,793,630,370,827,630,145,472,182,420,332
519,170,190,8,662,262,903,987,426,380,469,884,311,725,18,529,618,797,86,968,935,418,364,419,8,524,459,282,608,614,408,352,85,864,502,698,482,619,423,428,740,337,383,454,16,47,836,740,361,951,292,739,546,753,493,254,559,30,76,829,588,781,716,409,39,804,760,294,441,684,139,235,274,320,606,872,435,699,37,754,380,545,415,886,341,196,729,810,571,494,25,872,304,528,190,494,17,203,165,288,162,277,137,283,670,315,885,892,630,269,189,6,302,936,313,466,644,670,486,99,416,447,966,345,542,230,246,831,407,634,978,926,763,186,360,138,131,186,518,248,159,188,22,481,396,134,650,758,937,121,858,326,78,684,82,478,100,648,62,682,104,194,33,467,249,362,826,772,980,942,174,833,982,476,85,997,720,826,486,602,630,24,673,616,382,934,475,992,62,907,756,832,993,847,787,391,863,135,575,297,713,70,714,106,113,931,882,67,192,599,84,265,81,564,497,465,498,748,624,423,539,114,356,220,769,713,261,585,989,129,154,288,631,83,720,316,891,163,254,767,349,49,73,312,563,847,546,869,350,732,888,949,309,713,381,833,892,987,532,279,920,142,472,452,845,161,911,304,888,417,933,862,182,974,187,883,876,284,648,139,688,680,460,399,418,487,792,80,839,503,290,814,465,359,871,451,694,292,531,921,897,882,394,285,422,938,606,802,896,397,227,424,722,252,190,409,437,468,427,518,205,954,374,592,392,517,630,698,894,872,403,722,963,978,206,500,411,903,824,175,837,640,15,606,974,96,595,912,543,268,801,736,781,540,965,424,396,152,171,504,417,961,330,28,736,343,690,523,381,418,368,364,76,850,739,824,270,786,108,223,927,136,553,943,916,799,742,445,630,517,453,924,684,331,376,489,763,753,229,582
374,230,603,731,630,939,996,914,798,534,608,330,355,803,850,230,938,829,944,221,63,548,459,774,617,918,476,629,756,281,314,233,696,640,679,10,322,114,387,207,411,970,597,491,901,35,56,703,177,925,635,63,754,533,824,364,861,350,186,522,409,811,692,34,374,59,405,662,202,485,729,692,682,970,358,739,343,935,546,66,688,554,650,482,688,339,333,299,395,181,962,82,491,410,553,202,620,833,30,868,220,832,495,546,27,559,523,179,170,422,482,570,640,260,893,169,746,509,641,936,154,365,803,528,495,460,876,851,587,286,555,848,658,740,724,983,824,720,49,827,314,119,273,611,768,391,421,334,691,234,188,24,530,247,683,374,59,144,469,980,798,447,665,551,168,653,963,242,268,755,137,692,193,882,177,166,935,618,894,485,613,111,363,771,839,513,185,537,855,628,406,58,845,381,66,506,696,416,656,422,441,891,940,333,828,122,293,386,260,847,645,134,885,154,414,302,78,704,442,595,230,416,422,632,57,157,366,429,974,432,648,460,53,156,860,272,35,864,118,623,571,935,443,957,359,410,949,18,686,591,727,736,553,422,498,955,742,383,198,897,876,455,830,546,763,658,185,925,942,816,569,403,452,811,759,727,706,522,917,79,453,585,565,478,80,724,1,952,777,287,546,117,721,671,955,287,909,871,140,434,732,21,220,749,552,977,598,20,211,115,548,423,719,484,44,420,333,846,120,731,110,853,637,236,620,858,675,560,205,20,667,67,979,180,164,310,923,584,259,147,854,934,907,312,254,863,84,238,395,577,21,606,524,121,497,357,809,72,544,560,7,310,331,461,425,567,34,757,486,312,245,242,331,218,382,644,591,845,707,415,944,359,364,156,501,255,982,588,53,265,599,885,610,994,201,738,233,479,825,477
632,300,161,945,241,573,232,420,670,463,648,713,436,512,391,983,395,864,352,698,556,280,571,581,443,460,918,457,782,446,276,954,726,443,215,242,24,656,843,31,48,627,652,49,275,929,376,484,71,967,552,539,544,316,646,467,44,69,489,480,304,906,690,54,943,610,872,853,913,353,999,113,612,149,779,642,309,981,845,351,607,671,91,513,479,40,211,599,945,126,744,659,159,172,915,451,106,757,336,265,786,96,368,439,509,787,381,101,968,22,55,322,884,216,779,492,27,902,896,560,187,131,718,457,122,36,192,947,53,185,893,456,294,322,575,950,71,47,435,54,752,377,793,972,670,435,691,253,638,237,918,807,946,373,761,498,595,959,813,484,924,675,630,163,184,216,132,881,267,683,644,579,389,731,477,196,851,606,966,799,632,269,15,887,550,649,205,187,745,89,998,173,334,613,493,471,105,53,88,117,843,952,487,402,459,707,891,831,779,768,662,385,834,595,270,281,441,77,71,205,33,963,434,692,380,964,307,191,998,506,392,247,986,474,92,553,192,640,471,361,951,909,836,659,279,268,208,785,254,470,299,639,337,560,841,320,89,817,271,555,502,528,93,145,40,647,558,619,972,311,353,172,942,697,736,120,302,755,659,568,899,549,756,627,664,478,465,924,959,208,410,673,833,306,615,312,822,99,39,858,605,468,175,860,985,724,700,309,528,14,180,184,596,753,49,692,207,290,192,133,972,364,949,745,431,816,644,569,261,272,282,950,449,435,495,221,169,136,694,723,685,290,402,769,512,805,123,959,396,63,794,791,936,876,955,31,718,615,234,746,105,985,994,940,878,138,285,995,698,145,842,875,433,431,36,380,427,392,441,90,414,458,892,508,91,254,647,737,640,654,646,835,788,709,329,792,432,652,508,277
461,227,45,983,554,91,607,755,92,588,285,576,649,670,437,267,54,892,285,862,592,936,961,183,246,98,22,500,159,346,602,888,789,292,953,241,630,407,23,638,740,762,23,150,563,733,445,90,9,746,948,918,420,126,889,557,841,379,646,2,358,473,956,804,27,735,300,562,848,903,735,701,589,915,400,317,45,198,934,917,482,303,703,494,742,412,256,453,309,969,576,808,759,154,928,510,147,106,228,801,966,701,69,810,363,553,349,406,348,472,589,497,527,295,294,42,151,928,832,588,188,764,296,162,528,157,628,536,58,616,20,256,490,984,415,106,597,519,539,400,47,150,477,789,119,218,728,952,588,505,507,585,635,862,834,844,516,611,832,290,225,373,465,803,877,488,737,311,37,378,743,767,109,427,720,127,127,360,973,865,276,702,964,386,60,760,811,955,852,611,361,732,668,336,131,746,277,809,538,939,448,229,238,413,962,794,217,341,267,936,679,107,314,476,585,583,771,204,653,559,763,636,446,247,251,621,553,442,326,345,369,963,461,2,45,211,98,808,614,465,902,654,245,920,833,188,321,431,146,522,550,939,130,6,455,321,507,638,956,907,54,891,654,949,386,562,117,159,131,41,102,291,987,778,192,496,969,842,986,299,202,129,779,33,638,981,795,47,910,829,764,706,396,183,642,589,591,916,997,594,274,653,383,670,685,684,136,713,162,332,749,995,637,612,701,8,896,801,25,127,18,534,639,457,908,227,798,574,480,756,138,1000,208,879,274,921,767,803,728,596,317,7,945,131,544,268,440,361,424,469,558,223,516,380,939,389,433,953,677,128,685,86,228,89,103,58,741,386,439,581,760,899,143,644,118,959,274,758,929,770,959,298,604,642,294,672,194,748,148,558,319,273,972,670,215,518,308,356,462,766
948,507,204,985,610,657,254,624,363,173,372,780,914,981,880,836,955,551,622,545,505,500,301,171,900,668,44,503,867,518,258,71,45,489,845,477,301,838,958,82,621,492,93,427,982,543,369,43,956,64,619,987,914,264,136,132,41,564,189,102,389,399,423,61,499,110,220,381,836,691,587,763,294,301,922,761,945,298,510,366,610,261,755,0,996,714,242,818,984,20,240,142,790,351,201,605,382,53,1,309,909,925,220,59,838,920,353,937,525,187,344,356,604,781,575,851,4,758,816,450,647,660,689,87,279,269,359,164,547,765,219,100,262,745,56,378,434,910,569,27,33,450,544,656,563,887,532,14,901,664,173,790,470,766,278,922,957,52,937,52,322,148,333,716,589,658,307,550,380,550,283,337,988,136,164,913,519,724,994,690,579,995,437,802,714,746,696,777,819,174,394,915,724,292,262,915,490,474,110,402,547,334,119,42,387,98,103,907,810,602,518,818,539,54,258,635,690,198,460,434,953,980,34,791,219,641,751,537,101,104,773,723,235,470,112,936,350,623,651,239,502,929,201,646,793,258,529,162,356,365,736,576,235,663,651,276,521,564,129,544,269,936,574,288,363,4,905,413,415,422,247,551,134,590,904,761,166,608,627,885,920,761,311,567,699,695,641,553,846,402,402,325,219,307,963,252,321,606,134,775,892,663,857,378,313,103,628,962,155,758,63,758,991,476,324,29,337,353,135,180,395,719,190,895,759,932,65,499,427,764,315,989,166,314,474,526,231,22,666,594,836,309,667,562,581,900,623,86,540,785,545,545,471,967,470,225,366,970,518,907,412,353,412,118,774,806,62,602,459,338,593,269,825,461,755,521,324,863,754,930,515,778,906,959,227,243,303,253,670,114,78,579,371,624,844,315,471,943,227,570
607,390,661,891,268,789,841,574,263,585,576,629,39,980,364,888,375,944,972,513,72,502,939,418,820,426,736,358,376,995,106,637,942,636,420,865,705,325,236,974,894,364,392,282,676,679,856,587,655,142,639,435,320,65,156,904,601,395,298,468,688,487,990,656,364,392,160,215,556,43,235,645,282,122,399,921,953,914,104,937,85,130,649,744,504,923,955,492,734,964,275,850,798,906,478,151,302,55,275,129,33,794,824,279,577,584,983,673,887,439,696,49,372,913,148,628,352,766,947,440,346,56,130,307,56,879,87,192,898,468,744,821,969,292,609,79,873,488,85,339,272,436,777,601,165,492,100,429,73,170,345,235,318,968,20,397,672,670,675,708,650,643,633,382,842,879,262,548,73,846,56,857,933,585,211,728,873,972,647,26,996,796,342,610,360,486,45,383,247,950,926,722,177,730,772,844,220,706,577,350,975,906,555,337,976,626,933,816,546,400,556,251,84,612,328,296,181,116,697,777,962,980,721,244,20,789,628,918,89,344,431,685,209,936,138,986,394,426,904,931,58,646,794,131,859,381,244,25,342,597,436,96,180,599,673,655,675,159,439,843,248,829,449,673,194,839,629,982,314,451,218,687,671,850,813,896,189,607,329,568,485,719,837,703,197,996,856,916,944,835,55,576,799,798,719,44,244,353,514,7,190,821,205,416,628,556,630,382,272,104,872,406,823,271,223,242,847,993,550,753,339,220,673,362,664,668,650,46,701,473,133,229,156,817,222,676,417,433,323,93,813,598,161,336,793,169,822,946,831,940,188,415,544,122,782,559,452,850,77,263,71,527,16,660,386,900,306,339,289,65,462,378,450,864,150,499,664,233,292,406,589,110,949,89,667,260,212,646,778,208,1000,874,733,339,192,877,36,708,459,168
330,234,683,792,844,412,630,690,136,570,231,400,812,352,321,450,612,79,104,739,502,923,207,440,241,595,782,955,81,542,725,80,886,737,754,39,246,752,769,858,18,643,163,122,833,918,503,867,467,457,601,331,76,778,898,599,198,682,809,267,117,688,779,488,827,571,779,615,478,78,324,239,535,97,243,369,965,394,390,441,664,427,498,648,756,339,713,429,647,844,863,143,417,70,237,278,308,661,160,162,167,314,753,471,308,465,131,473,680,356,210,15,667,876,680,292,221,439,8,638,59,491,888,362,359,216,695,541,627,413,67,129,364,749,368,636,719,899,809,399,73,869,531,66,880,631,582,464,348,714,526,595,367,179,51,798,531,228,623,608,392,441,895,272,789,92,795,647,604,980,333,450,71,383,513,741,787,829,133,587,123,621,908,539,12,493,458,489,635,429,839,725,940,569,675,790,527,435,981,389,645,415,698,860,508,270,55,5,420,724,748,855,957,179,159,208,849,826,255,726,749,660,691,229,0,680,686,768,467,91,276,218,238,127,537,317,401,726,544,94,336,220,749,744,918,174,446,580,971,944,783,728,877,909,575,201,481,510,345,524,248,182,920,289,349,21,411,589,399,87,470,800,412,505,69,454,680,618,552,35,44,275,293,452,951,397,643,161,562,668,299,195,387,726,360,22,741,877,248,561,600,540,367,20,61,167,997,977,236,469,675,387,775,884,281,135,333,517,76,258,673,67,50,575,248,214,198,731,469,122,187,511,105,76,337,734,359,235,576,282,14,736,337,437,278,586,488,100,728,150,562,934,930,985,685,390,163,675,627,905,835,68,135,563,400,320,642,755,459,417,516,562,424,743,776,252,509,464,608,964,845,622,2,874,371,289,295,830,334,646,781,375,297,918,703,203,12,429,270,699
809,880,303,699,989,396,704,306,315,330,813,2,570,643,317,729,149,316,852,532,470,572,569,660,319,638,89,434,443,397,667,567,567,123,219,528,570,505,647,466,476,851,399,546,628,403,664,593,729,185,530,961,199,833,390,161,463,422,617,655,796,505,354,662,548,409,431,497,368,814,680,379,874,968,737,701,833,564,32,789,494,934,775,804,736,860,981,566,980,745,136,19,194,22,40,622,531,936,856,237,751,312,345,898,851,955,965,746,257,218,615,609,11,558,294,293,733,72,184,427,756,714,945,755,698,231,82,599,470,671,75,149,786,696,750,610,756,404,381,126,94,946,153,57,993,986,466,819,414,396,108,877,904,44,12,634,131,823,263,932,819,169,592,723,280,27,102,270,899,219,938,136,285,157,658,88,646,709,762,819,673,574,54,262,814,435,330,575,967,365,44,271,674,875,452,225,898,638,797,783,809,715,747,686,751,535,482,166,758,941,145,591,665,747,695,30,655,110,515,238,673,83,628,965,362,489,966,435,198,516,853,597,386,800,795,954,614,654,164,708,332,478,740,171,964,934,629,81,353,658,862,572,306,701,994,468,901,340,619,71,176,445,451,631,266,604,381,540,755,250,383,220,640,385,226,727,375,882,233,678,549,771,659,678,875,486,234,149,733,522,195,96,595,883,970,20,469,888,682,254,775,201,782,761,841,58,871,68,253,850,700,294,499,112,916,446,179,1000,355,433,60,287,170,336,560,138,736,35,517,589,722,548,392,319,684,143,72,698,884,615,1000,540,201,124,915,260,591,563,546,976,291,204,963,746,91,330,798,892,427,409,143,585,719,791,978,730,770,732,849,455,326,759,811,923,191,305,104,932,29,105,267,503,299,365,643,478,278,978,611,642,711,219,167,635,495,567,221,601,166,642
721,767,406,324,501,312,851,858,37,715,548,723,59,24,946,77,613,183,490,399,314,976,784,663,763,9,161,599,937,631,761,207,601,888,940,409,707,117,848,492,130,211,392,103,499,772,109,855,701,181,177,409,21,867,584,547,547,877,77,562,392,780,213,464,889,285,698,388,680,398,935,423,94,799,791,364,838,318,93,150,658,645,959,638,644,104,544,316,27,892,956,182,45,209,277,603,150,957,538,3,756,688,160,107,338,259,921,158,589,965,790,368,90,132,125,147,354,284,125,181,727,286,310,826,965,400,494,466,178,120,974,694,218,350,826,926,267,904,557,167,29,351,2,622,614,850,939,682,422,820,214,41,171,295,829,89,782,0,783,521,390,144,775,916,77,710,874,998,589,568,697,26,125,905,0,6,216,276,208,224,325,483,506,861,468,810,799,983,418,131,122,198,790,598,135,539,923,895,465,398,581,981,282,776,269,145,729,432,499,771,480,780,148,131,412,390,680,937,643,436,290,590,665,683,351,178,303,975,279,975,675,413,581,701,319,104,944,739,596,268,802,299,262,96,901,283,657,986,122,305,308,683,131,547,418,295,575,636,832,373,484,95,803,591,919,913,846,977,604,870,588,167,546,315,693,317,832,193,465,861,705,364,32,911,948,524,73,232,346,50,473,457,304,123,551,786,934,719,720,908,877,624,375,787,472,97,886,86,452,913,320,434,814,503,808,787,514,495,476,650,691,858,962,820,513,163,647,743,36,871,107,597,898,311,542,860,369,395,144,949,557,578,497,894,921,781,959,896,432,378,104,431,23,840,590,746,535,715,879,249,89,267,862,145,22,104,941,700,490,296,622,497,52,889,404,707,193,537,805,731,204,966,714,752,5,446,206,593,651,595,96,361,533,84,347,328,790,295,657,230
608,624,148,703,844,550,97,501,39,993,763,896,663,922,50,749,311,989,472,362,869,206,876,494,537,512,531,706,332,24,793,256,836,134,941,467,828,609,981,311,316,433,60,216,990,151,377,451,370,86,113,802,54,808,651,135,649,392,85,104,944,931,507,597,321,731,952,261,799,992,480,518,975,146,858,436,516,795,863,731,320,289,889,900,360,300,539,849,366,12,737,451,53,767,478,296,603,216,242,986,5,974,546,36,359,751,167,586,857,332,190,200,108,676,356,592,611,886,654,885,254,648,186,477,82,771,550,556,466,407,845,870,276,829,152,138,200,279,159,811,532,96,975,872,460,425,692,10,340,940,119,262,596,376,411,689,669,416,373,978,564,970,717,713,323,814,818,195,907,797,406,173,226,421,53,410,325,418,141,219,178,13,531,655,237,589,312,553,814,329,949,85,75,325,387,616,38,138,683,285,536,659,704,473,433,88,257,133,367,451,210,442,915,769,62,69,428,760,875,782,885,1000,883,828,526,571,309,890,611,342,614,636,324,78,789,736,936,504,352,122,417,789,535,322,362,57,769,259,719,146,407,806,236,26,202,899,777,217,801,623,213,120,955,307,800,872,507,945,103,20,204,257,490,245,584,543,960,205,438,652,666,497,932,282,697,93,359,258,826,62,12,515,854,538,364,173,382,33,711,670,731,932,122,704,526,615,819,309,807,538,324,965,970,691,959,61,506,81,316,909,160,380,137,343,400,188,763,38,542,868,588,162,219,261,455,688,400,379,167,639,566,487,134,468,795,849,502,399,848,351,497,368,670,110,623,488,74,954,144,0,961,523,289,49,158,994,47,65,638,385,8,903,0,771,918,578,631,15,325,185,965,403,258,675,332,789,651,398,724,746,749,192,520,279,431,396,549,568,372,29
982,498,305,80,998,318,433,131,286,746,584,622,772,529,693,565,118,560,592,222,754,165,414,833,419,721,439,289,103,93,410,366,82,942,190,489,842,817,288,291,599,489,412,969,631,378,66,918,62,736,259,331,363,267,344,398,958,107,13,729,654,903,703,710,122,826,285,610,201,166,510,551,685,949,186,50,779,535,654,57,586,871,742,633,43,485,481,772,607,758,790,358,620,587,826,593,845,649,816,821,876,35,268,877,755,188,304,209,643,791,420,202,21,926,100,110,93,731,634,588,121,772,934,989,3,346,447,996,727,810,853,764,0,502,483,78,816,734,170,425,155,129,781,405,88,413,16,873,850,834,453,66,702,126,695,693,848,589,344,344,465,95,609,642,211,855,472,747,342,484,437,98,10,121,749,698,9,933,355,393,494,696,222,115,742,735,785,539,441,765,358,216,982,197,400,666,307,298,648,909,578,344,403,904,960,801,652,741,568,829,44,701,982,300,17,289,599,669,75,19,495,150,340,636,640,713,499,975,385,750,369,115,646,737,650,877,136,397,504,965,967,48,344,503,182,29,515,549,859,471,752,659,228,895,540,492,787,485,500,502,675,377,230,866,473,273,437,669,422,918,848,862,709,924,234,169,301,951,282,908,444,539,450,793,266,710,703,884,313,503,638,362,783,280,131,362,27,97,675,24,100,121,457,699,510,766,100,670,229,29,920,959,549,569,227,648,719,530,264,449,985,667,957,62,523,224,38,956,514,629,354,372,484,436,897,950,881,968,603,428,351,176,915,214,441,359,942,747,335,37,438,258,116,364,883,696,418,775,852,952,281,659,139,425,27,195,215,360,886,518,782,813,102,359,15,775,670,404,95,405,786,884,377,151,687,947,346,823,735,751,65,964,160,180,614,618,152,284,805,238
921,350,335,229,801,827,569,511,838,987,762,518,280,528,394,374,284,404,990,98,145,378,568,687,681,871,548,712,518,924,846,853,317,662,175,243,256,143,695,683,753,692,951,771,449,559,461,48,10,863,269,274,655,472,500,288,421,224,622,136,142,509,22,639,690,627,772,639,422,351,353,940,377,517,275,986,578,336,743,235,815,143,319,922,658,410,840,756,588,156,840,760,586,455,225,765,165,722,319,835,563,576,966,928,23,471,758,788,454,188,42,157,252,382,588,530,90,60,851,692,79,327,387,653,989,105,132,318,497,892,59,806,235,397,736,714,873,146,296,428,218,259,849,32,529,914,227,212,475,11,328,834,88,561,383,228,840,791,401,894,355,741,192,270,30,327,60,957,227,989,832,924,200,210,104,594,992,980,583,138,537,474,999,842,43,455,552,590,512,40,454,625,479,532,215,479,154,203,392,929,978,850,781,353,705,60,615,943,613,691,924,903,876,210,983,750,736,62,900,950,293,792,842,160,443,911,340,426,466,876,639,221,212,650,825,231,311,420,250,307,25,254,215,220,765,144,629,327,815,526,470,861,355,397,926,924,780,583,566,791,60,520,31,465,697,561,141,226,439,759,437,310,679,216,723,943,661,875,716,400,298,91,694,453,852,749,665,726,18,491,875,962,911,138,415,671,803,182,279,898,19,538,911,875,620,843,169,890,267,314,904,79,642,908,817,769,935,254,478,769,465,815,820,668,447,855,433,145,132,772,712,128,12,205,571,490,989,384,674,604,132,115,728,22,964,100,123,511,677,316,299,126,550,698,739,390,242,837,773,878,527,949,932,446,374,0,265,100,21,909,467,170,681,358,384,971,204,864,957,23,430,824,525,717,1000,19,725,354,589,278,428,810,151,575,419,238,990,303,65,184
702,985,105,327,233,541,952,406,476,958,538,949,4,92,102,413,694,943,170,369,9,678,153,421,899,820,563,445,613,893,732,228,881,53,980,162,533,542,568,764,595,504,704,207,260,739,716,752,753,971,652,972,191,783,773,791,372,348,499,355,220,197,652,107,53,230,491,72,634,226,868,785,931,831,233,372,520,477,11,616,894,4,186,483,67,229,770,159,106,130,750,691,688,589,362,142,560,622,813,307,581,388,800,3,811,223,677,86,233,129,236,879,14,911,121,551,134,976,78,745,537,244,815,370,228,972,487,878,902,198,36,329,174,682,90,565,375,211,398,704,501,418,976,914,851,529,19,971,305,339,223,521,183,544,925,619,726,860,277,244,700,56,587,696,282,26,867,657,746,879,325,56,416,679,484,223,278,569,130,206,141,898,298,619,478,968,847,904,331,199,525,921,476,223,376,200,476,359,631,728,973,258,812,886,303,48,22,870,687,247,579,68,162,557,217,746,101,169,476,791,755,978,693,242,234,699,637,894,718,831,223,104,526,802,513,756,466,484,665,691,561,600,960,488,28,433,3,750,909,478,964,398,653,98,429,479,411,783,636,947,611,512,570,649,762,618,161,877,35,190,414,155,871,779,740,790,84,402,920,62,209,406,165,800,673,500,454,722,511,660,817,401,205,684,90,810,855,6,20,299,34,148,213,821,567,108,794,746,824,104,443,640,282,296,177,830,276,39,878,418,257,396,347,717,500,988,323,247,960,609,819,680,915,119,591,50,653,926,330,146,922,759,918,906,301,117,619,863,97,771,858,408,5,985,531,44,78,192,90,628,491,271,626,915,411,609,198,660,89,832,638,687,490,0,413,63,326,814,16,542,118,413,590,834,399,799,590,336,46,435,868,76,235,754,112,364,901,821,150,310
283,571,5,200,239,276,185,644,528,691,176,894,766,944,907,60,221,114,71,343,967,447,226,540,57,180,196,114,539,163,788,118,880,408,748,451,298,463,554,369,31,860,735,945,203,22,760,188,225,953,706,822,823,301,785,311,977,912,995,685,22,323,858,964,8,969,409,43,199,981,529,477,103,305,208,948,365,722,486,770,719,760,343,607,311,114,189,114,232,336,414,174,440,606,72,508,486,847,522,235,215,706,297,488,672,415,385,735,517,448,968,474,370,48,418,855,739,554,77,606,878,490,300,346,437,375,222,510,290,167,62,700,810,279,931,235,940,601,652,628,866,555,643,687,183,317,12,511,840,906,134,970,324,228,715,885,872,795,430,351,222,479,84,858,17,489,697,307,199,996,848,213,293,511,408,975,681,851,131,920,738,546,901,537,725,813,590,323,217,425,775,189,712,214,268,859,289,77,106,905,719,344,236,232,823,386,563,769,285,886,375,267,185,548,962,665,796,362,594,227,961,658,799,706,991,780,662,54,988,759,77,174,303,574,836,288,784,660,711,932,647,452,403,150,71,408,388,898,219,781,144,611,94,490,95,789,95,421,466,871,147,51,996,410,39,155,684,901,37,159,487,105,650,872,908,544,467,274,632,255,350,27,864,3,551,213,268,74,674,210,721,216,37,590,307,88,896,10,364,635,32,44,18,716,374,106,127,16,787,165,122,159,499,975,479,547,780,622,383,566,647,128,213,39,131,244,899,627,680,466,935,442,832,214,379,974,289,906,52,887,703,917,453,812,422,12,350,611,794,683,48,447,616,12,202,266,303,824,231,701,397,523,872,997,882,541,120,34,826,811,94,468,658,435,532,342,468,379,897,985,66,86,501,485,852,648,64,336,848,762,901,852,748,96,391,238,895,416,761,732
204,438,963,877,144,332,798,216,625,513,345,984,499,200,450,289,397,142,451,137,545,425,730,562,424,341,203,363,292,293,942,350,966,637,702,280,931,623,43,530,928,352,137,686,653,314,635,870,166,54,26,487,721,266,429,475,275,841,326,773,761,12,437,997,956,549,833,830,852,58,557,116,731,971,829,236,301,124,136,369,536,398,501,213,733,530,238,703,563,12,241,388,961,95,544,277,54,426,282,158,785,29,577,275,908,245,377,866,927,852,95,345,959,234,798,969,818,590,809,534,503,466,771,27,854,53,378,626,227,122,808,581,339,799,134,808,269,409,413,483,211,944,869,644,697,356,306,303,14,16,977,193,649,428,298,277,774,802,712,539,645,84,620,463,950,664,555,458,148,458,771,328,906,180,762,327,614,788,180,371,61,137,513,86,230,845,598,751,216,349,452,863,408,886,139,312,574,796,458,676,883,385,819,779,633,328,667,408,373,193,604,874,22,440,28,388,101,252,500,723,181,907,668,92,716,983,108,466,581,350,584,890,707,623,784,943,921,53,8,12,451,159,905,645,898,453,440,121,251,206,384,297,225,588,163,101,277,296,917,257,852,771,142,865,874,653,492,113,735,77,384,277,351,960,186,563,846,505,106,511,973,457,127,887,671,958,62,677,516,296,849,682,883,677,655,28,996,784,548,325,463,866,657,998,587,264,249,641,359,362,891,75,574,832,402,286,820,470,341,691,799,468,839,361,499,261,458,270,938,48,714,2,754,216,675,525,780,270,860,526,535,69,999,722,426,802,212,32,134,415,398,67,554,314,917,544,701,630,807,794,431,371,135,837,625,421,441,743,885,274,874,795,5,69,867,20,819,214,724,998,889,757,338,625,352,51,597,999,28,439,801,923,109,312,127,503,503,719,474,980
865,257,519,475,740,232,722,84,449,444,242,898,139,554,642,208,483,702,710,107,714,370,28,820,690,799,40,394,150,190,706,977,755,334,956,522,302,141,472,505,915,696,409,352,101,469,355,603,385,303,252,203,503,706,749,568,926,975,898,1000,630,535,451,471,872,629,807,365,33,540,2,929,114,214,981,539,557,187,277,125,826,146,484,566,774,424,285,386,545,745,428,581,526,434,942,647,620,772,817,350,568,500,125,830,97,70,223,106,645,587,753,429,133,627,676,809,635,23,512,919,754,945,603,793,790,533,506,256,586,280,918,13,646,855,32,384,192,599,948,202,479,677,593,389,327,617,799,805,400,912,939,449,225,881,125,338,663,849,404,524,33,611,486,358,778,674,233,672,655,309,641,682,909,757,938,340,733,442,205,474,266,946,858,928,794,411,641,50,650,806,385,163,60,693,539,667,271,231,926,554,325,613,798,457,427,936,23,35,92,921,654,947,598,324,993,336,729,160,187,896,671,884,472,503,782,908,851,885,724,584,721,791,354,818,623,258,944,466,219,209,978,625,193,490,153,462,369,793,65,827,204,420,930,427,485,720,82,734,523,568,725,20,654,178,710,345,911,417,667,18,845,88,606,81,59,71,733,724,300,304,736,420,530,145,806,181,609,804,392,588,541,380,873,713,482,89,303,492,168,247,852,51,142,980,356,2,809,936,678,737,267,763,373,569,969,910,121,580,713,58,309,126,527,185,124,865,309,995,83,623,667,700,754,902,465,763,923,272,722,454,473,409,698,468,871,562,73,45,82,638,109,412,834,122,99,45,747,157,666,108,688,628,230,190,606,814,875,82,613,347,467,657,290,549,178,682,37,470,78,796,804,528,773,349,831,671,911,74,617,52,30,164,505,685,154,803,892,94,305,656
651,269,613,996,29,379,926,400,816,115,315,901,499,861,830,13,469,716,456,865,12,540,820,978,913,622,529,257,743,921,302,157,118,810,218,773,38,6,729,991,596,974,323,68,886,762,980,102,370,827,161,449,949,504,672,737,928,126,118,73,992,737,369,950,704,935,691,130,607,636,878,351,710,302,390,996,618,675,598,434,714,638,598,793,651,850,288,248,184,764,382,128,856,190,259,388,891,221,667,812,849,454,792,569,452,241,796,659,480,690,383,828,457,647,629,921,910,947,203,882,609,995,919,335,505,317,358,691,52,362,72,176,795,895,443,578,163,275,489,2,573,765,788,17,764,297,452,452,762,63,737,138,674,794,274,136,834,574,140,298,351,771,604,330,407,928,10,939,172,972,202,81,322,854,286,583,291,90,497,886,920,822,419,367,428,353,449,564,98,274,718,695,600,338,970,631,196,369,549,942,438,948,780,21,165,501,402,649,388,232,335,972,373,643,880,612,758,301,447,170,778,899,514,233,936,546,141,822,949,589,982,612,107,860,200,35,35,118,568,533,923,617,92,580,813,966,22,654,161,134,522,322,207,95,42,531,541,207,155,879,832,269,804,477,957,300,474,140,502,741,72,700,850,79,207,561,816,937,996,442,49,451,807,368,594,287,880,720,108,356,345,206,558,177,950,822,605,820,932,576,312,795,368,746,599,286,8,983,880,829,99,454,849,166,747,808,634,423,824,95,187,458,721,332,457,835,164,393,152,39,889,557,349,859,864,556,41,732,476,392,264,717,240,645,396,717,279,379,414,830,910,209,277,357,583,918,595,937,438,934,637,227,461,24,734,886,172,227,191,851,996,4,50,61,156,738,324,316,995,71,230,801,631,933,660,815,302,60,859,345,978,616,206,929,744,954,946,712,249,840
747,323,26,307,706,513,345,317,480,426,430,637,966,366,542,668,475,958,910,35,683,699,920,898,38,306,160,968,586,395,127,127,711,665,616,6,68,958,696,388,291,270,480,512,463,346,99,146,491,56,633,181,11,940,664,787,513,661,3,589,505,986,20,463,162,476,738,455,260,327,515,401,232,905,525,884,818,63,350,557,808,897,178,979,770,91,447,361,938,477,174,269,462,761,514,573,724,793,744,163,959,345,707,582,847,919,685,352,490,138,670,349,95,374,519,563,628,116,482,941,526,950,891,885,242,451,283,811,508,490,986,939,186,201,877,464,439,105,66,234,740,646,877,51,591,289,472,902,194,990,241,120,831,133,728,982,284,804,933,108,814,865,879,610,412,29,488,103,962,327,135,622,463,785,918,722,863,794,895,988,642,81,423,559,778,358,667,501,978,637,47,548,424,895,152,69,400,111,437,823,427,14,394,45,297,246,897,667,474,90,631,405,918,894,428,514,300,86,65,404,419,416,743,388,307,824,293,931,399,816,106,656,787,752,72,733,662,451,811,180,164,925,122,727,265,455,828,104,677,114,864,781,933,138,721,789,761,985,50,430,523,534,836,737,688,468,862,226,112,436,659,221,313,675,849,754,725,858,538,129,619,673,346,334,352,332,50,821,476,878,679,859,891,346,938,253,591,91,982,616,765,844,735,850,211,789,770,903,451,650,185,536,695,438,855,936,100,506,89,352,6,638,855,528,541,357,656,518,663,830,277,875,80,21,154,640,570,498,373,941,505,21,314,564,198,615,173,392,910,505,601,22,543,731,299,302,193,112,468,23,238,355,727,576,542,881,520,19,218,602,359,951,593,903,309,570,290,879,602,259,968,540,402,34,18,480,942,539,603,466,713,54,672,820,5,316,708,356,982,763
352,802,956,602,9,188,860,645,517,959,600,987,409,308,327,320,746,782,242,805,866,594,752,360,421,664,701,825,161,353,459,403,773,491,580,525,570,276,287,770,962,430,486,874,520,939,852,4,810,198,473,135,287,124,981,192,946,621,319,513,156,944,612,529,554,332,792,117,455,841,908,574,831,561,138,183,753,496,550,750,106,950,169,923,420,230,317,966,201,74,484,758,346,754,144,531,834,899,525,274,429,966,665,412,440,425,484,233,155,644,558,607,763,183,813,60,866,213,49,164,136,520,71,364,674,734,821,946,427,494,549,515,263,729,13,262,851,973,81,768,693,820,636,632,697,271,751,766,287,423,913,788,352,346,765,742,161,849,391,456,527,996,487,341,973,263,824,891,398,397,99,217,68,795,634,541,213,310,433,306,26,933,752,730,910,192,166,74,26,927,698,135,631,438,54,279,555,584,559,91,79,810,649,972,76,634,830,848,975,713,817,630,872,209,405,102,545,177,140,831,783,242,560,770,59,109,70,673,259,209,378,91,425,858,742,255,804,148,286,634,703,246,894,333,119,831,674,445,500,270,789,791,482,858,919,84,475,579,357,247,882,858,204,723,316,184,328,162,560,833,20,0,89,823,32,201,194,50,768,742,587,132,349,909,151,376,162,642,390,588,800,904,258,755,360,408,23,208,855,815,758,705,791,360,402,144,12,373,916,491,819,771,689,478,487,63,566,604,381,124,972,253,190,266,997,948,949,84,294,701,86,453,693,257,422,358,570,258,993,152,491,182,334,944,89,659,281,960,83,914,113,244,681,73,489,913,770,306,891,260,596,33,262,180,261,217,765,64,258,417,981,996,171,725,139,385,239,736,841,496,852,749,112,703,610,476,824,6,107,548,58,578,348,525,436,510,75,172,698,479
312,765,117,575,202,247,383,506,384,126,542,524,65,936,666,334,146,267,686,446,467,734,11,410,189,452,592,986,7,278,808,285,718,491,253,491,178,759,157,839,254,575,673,35,719,867,803,839,673,661,561,774,252,786,471,171,527,877,76,753,514,187,995,826,90,437,904,571,565,550,63,95,190,161,127,193,66,615,169,777,486,896,899,633,267,733,217,858,175,429,899,55,554,764,827,30,628,995,552,763,430,55,948,590,110,160,43,86,378,695,636,583,989,728,990,738,739,598,754,392,388,422,191,200,375,535,291,219,103,733,486,151,348,142,369,846,533,336,181,28,457,424,582,142,2,946,620,247,552,901,581,515,834,963,125,848,556,555,833,462,918,898,132,500,175,984,43,723,554,281,435,960,43,454,440,936,372,253,43,774,921,258,607,496,588,436,941,534,446,100,253,867,769,809,953,927,379,778,334,497,533,567,593,683,728,128,671,377,615,159,753,670,391,272,535,558,435,870,262,387,824,887,551,477,65,665,268,117,578,897,965,2,288,830,79,423,549,322,741,266,586,173,0,418,776,862,26,321,892,474,674,86,496,865,452,370,450,88,69,504,418,26,570,854,795,161,304,741,413,685,548,788,374,899,474,488,583,182,27,84,691,608,411,285,772,766,187,262,834,420,587,789,410,74,137,636,606,731,119,977,712,254,770,201,756,384,141,388,232,389,881,200,525,272,370,597,28,491,425,680,104,912,515,510,791,644,543,436,457,297,439,779,932,77,454,324,50,589,887,445,877,427,395,309,804,896,913,318,306,616,399,328,98,778,1,524,703,466,11,238,822,362,520,451,590,471,991,164,860,387,674,385,716,87,240,585,282,951,975,778,878,117,361,386,731,170,157,527,693,622,429,550,907,93,689,810,43,901,378,71
851,903,246,16,370,140,807,491,116,889,692,787,648,689,804,303,48,114,130,934,311,513,575,803,370,556,277,667,267,257,983,800,85,22,954,876,558,30,178,123,262,165,195,908,951,103,501,397,993,957,938,416,436,276,516,191,595,51,205,898,429,724,979,520,746,514,665,195,741,157,566,821,178,746,87,557,870,771,616,552,414,579,916,567,342,605,332,292,519,974,679,654,765,468,932,236,186,389,469,719,988,359,696,18,511,125,4,995,628,996,490,489,768,58,831,603,457,416,168,166,931,241,177,344,160,1000,581,515,642,494,204,671,197,193,431,7,38,342,408,273,684,409,105,359,527,157,759,967,211,731,511,229,738,207,957,104,552,578,984,892,494,467,198,190,784,471,402,965,853,707,60,310,604,865,516,342,812,619,275,545,452,391,89,386,18,759,105,835,563,879,432,540,879,577,779,664,549,294,438,912,365,221,960,451,107,930,175,179,767,453,502,306,485,742,171,391,24,777,632,86,768,649,978,571,582,437,711,289,700,234,559,425,453,739,201,435,185,986,226,830,381,472,243,624,569,79,252,992,632,714,878,950,811,618,993,474,491,781,846,460,59,673,549,361,645,259,347,236,972,949,690,980,95,731,353,46,42,991,504,804,450,857,148,503,666,795,598,518,393,26,943,498,750,503,296,518,571,618,787,558,287,628,643,936,391,495,589,147,205,180,242,621,669,40,916,596,784,815,515,171,981,366,710,949,458,453,840,859,156,739,297,355,851,412,282,652,463,943,629,23,195,738,690,803,45,493,387,569,698,586,954,664,14,808,959,153,358,68,7,457,849,566,641,431,431,50,111,98,218,321,357,449,267,450,566,72,131,95,494,773,462,980,53,631,35,345,881,694,811,282,344,591,270,826,749,268,917,630,56,398
915,596,866,856,33,527,682,882,228,564,846,134,2,857,353,633,904,209,397,217,725,866,450,245,369,217,190,38,41,434,291,762,902,364,891,984,410,752,991,284,491,39,601,577,878,294,758,780,7,151,608,279,710,558,445,356,311,167,925,837,931,66,677,188,115,569,710,869,18,3,799,128,292,944,446,70,499,261,834,853,883,721,102,661,808,926,670,677,456,705,853,547,26,929,34,949,807,730,270,616,435,921,851,277,395,903,891,101,727,775,937,265,15,343,606,345,338,480,631,804,373,809,797,353,920,827,75,657,764,73,98,969,31,484,880,821,774,343,535,992,334,24,782,198,489,154,986,724,951,596,346,673,29,851,862,272,653,511,868,292,458,952,151,513,791,111,307,574,726,956,508,989,152,564,414,921,235,998,370,541,338,792,577,24,783,789,960,809,707,265,11,531,449,867,678,714,90,375,476,51,335,79,965,851,958,401,845,843,473,244,15,737,593,726,873,783,110,587,755,220,602,875,43,141,307,353,857,856,94,921,517,583,376,528,729,144,448,706,393,17,21,515,341,987,740,873,710,74,880,689,885,758,545,830,889,78,763,498,465,850,134,384,611,601,505,894,666,563,441,937,933,510,315,609,227,133,752,554,690,722,427,188,569,404,299,396,944,983,421,373,364,463,707,465,942,329,376,285,715,238,90,258,26,541,647,319,237,483,858,419,11,395,575,114,750,985,170,451,943,515,909,950,998,917,335,937,494,690,839,532,146,568,127,42,833,236,992,819,769,760,61,482,731,330,454,194,405,945,502,552,377,305,340,943,584,163,564,636,754,718,398,102,560,507,128,168,391,39,903,579,260,845,291,787,707,766,782,667,807,425,208,272,645,927,70,142,875,655,203,343,588,324,778,733,61,636,913,560,728,637
492,681,349,494,584,163,850,184,178,731,788,558,971,441,92,720,281,225,790,865,499,687,983,598,251,722,727,117,897,429,798,253,580,185,613,958,828,418,247,293,359,288,907,831,39,681,271,329,144,841,489,772,631,646,503,260,673,213,656,279,323,902,640,87,567,458,134,957,791,683,908,974,147,999,473,193,128,626,319,438,256,334,621,770,40,321,975,85,492,906,677,232,831,94,341,532,777,712,508,659,785,16,391,36,238,493,339,539,253,818,700,670,436,633,409,22,840,137,185,836,296,374,168,831,458,646,40,891,987,335,731,509,51,418,241,306,102,7,146,392,945,854,791,527,352,74,329,299,142,693,138,151,89,39,107,820,395,737,252,782,6,361,307,465,684,498,32,19,599,274,908,365,264,66,568,260,449,484,915,562,213,533,536,784,539,938,55,277,814,911,497,145,176,620,294,803,720,646,393,820,179,160,113,822,444,365,698,99,222,749,587,102,691,813,200,469,314,482,320,450,508,390,427,900,202,548,807,333,375,412,849,224,246,807,540,7,508,364,614,301,599,509,60,66,998,476,697,256,883,189,245,59,365,589,840,719,285,82,789,976,246,124,640,213,940,548,253,970,706,839,662,731,399,604,861,465,30,165,22,378,879,440,715,212,252,205,618,636,349,548,383,832,992,177,769,952,546,798,792,339,515,853,942,432,415,825,727,618,161,832,463,892,622,706,289,960,417,262,463,90,552,680,205,710,324,355,233,143,803,595,676,727,361,999,151,562,343,23,78,477,477,92,83,826,517,465,813,529,474,641,984,752,566,35,399,566,381,564,804,102,868,233,154,214,202,589,437,223,869,335,278,327,593,827,135,853,275,622,342,601,28,858,709,665,776,876,984,247,826,636,231,78,188,778,26,301,632,600,285,848
164,57,63,145,894,964,137,557,661,531,279,816,278,96,660,117,238,619,591,524,646,260,491,131,56,224,493,965,801,931,250,990,71,843,839,580,448,306,857,646,353,589,220,279,848,831,506,442,394,246,539,775,888,503,329,164,48,472,971,108,373,46,215,673,886,536,759,96,754,801,482,978,351,381,195,464,896,256,747,964,160,922,487,992,513,563,254,612,781,170,646,735,301,596,619,361,79,978,127,728,747,618,730,791,51,861,808,534,973,538,324,79,511,480,693,187,228,488,579,802,53,161,49,648,503,311,323,816,205,420,765,523,630,496,506,596,462,491,561,138,893,710,574,662,743,749,105,73,722,274,90,585,489,410,364,350,520,628,555,388,483,645,647,293,40,123,601,62,120,142,523,411,835,262,140,928,15,472,495,904,688,566,34,906,104,831,619,245,602,769,472,129,390,365,604,678,433,992,846,969,129,422,908,876,213,915,242,199,278,23,801,473,209,488,884,404,829,387,661,249,487,622,115,918,876,329,356,385,627,766,592,643,47,684,120,251,559,165,772,823,340,987,903,740,182,893,360,389,172,826,232,360,831,352,424,920,597,928,353,645,960,960,387,384,684,138,953,63,388,422,105,645,122,818,10,313,210,772,859,708,870,974,56,4,801,190,515,410,514,15,6,460,872,711,913,361,932,836,176,997,646,557,369,429,822,648,715,924,973,909,476,547,292,430,706,186,458,321,413,803,137,259,165,425,291,0,864,574,502,229,986,128,855,169,371,259,805,573,656,737,95,404,594,482,835,81,1000,404,941,286,244,501,525,35,636,538,883,305,309,984,628,311,872,492,698,194,607,155,963,381,545,914,480,488,242,558,199,75,224,275,865,475,300,781,247,634,134,812,747,860,392,763,773,233,911,888,927,179,272,423
722,760,977,649,871,129,64,788,912,754,976,755,872,586,122,788,359,1000,503,343,379,326,740,306,567,818,949,621,530,146,588,748,430,430,162,330,734,556,29,990,643,712,429,449,313,928,199,680,611,499,193,681,354,724,720,608,972,616,50,452,297,200,355,127,420,271,796,852,316,85,433,414,154,324,793,251,829,667,666,703,311,658,353,246,529,879,411,582,639,300,617,20,795,974,670,355,703,71,285,531,892,274,219,327,488,235,503,80,198,670,789,878,638,27,654,707,972,676,710,250,328,487,779,546,812,265,113,0,672,790,926,4,802,729,889,650,262,957,128,159,469,9,342,162,934,629,624,283,27,764,335,374,35,960,314,877,764,927,845,485,91,506,42,198,883,23,234,873,101,627,19,476,589,371,417,183,658,464,686,989,733,713,964,882,681,49,289,90,245,881,103,934,981,398,502,553,774,768,400,387,450,943,943,495,232,847,819,200,597,701,437,457,297,866,304,878,99,22,291,45,210,7,205,359,530,417,522,489,44,420,328,198,570,142,603,45,181,385,115,645,941,636,605,835,7,969,797,265,1000,409,158,934,701,510,436,66,277,845,830,642,275,879,973,301,223,278,201,167,4,424,273,655,877,968,833,733,915,996,261,686,878,778,298,72,678,999,324,999,427,51,957,382,395,211,704,58,249,613,331,906,768,314,368,936,230,16,805,44,806,427,441,35,929,717,416,7,806,194,269,236,304,722,524,574,380,7,141,578,513,672,732,850,878,932,443,535,641,499,146,312,397,527,254,380,642,390,726,44,516,54,328,833,33,792,190,124,105,348,420,244,762,828,568,242,925,408,122,861,948,171,753,99,566,182,221,988,408,658,303,794,513,407,388,212,353,746,166,753,233,430,345,130,847,851,904,709,525,423,784,250
557,112,558,48,964,392,979,654,697,132,430,371,966,367,292,458,447,266,331,352,781,857,228,747,408,610,794,606,776,164,934,667,933,144,424,466,99,852,249,36,129,657,641,23,503,940,625,793,734,518,809,41,848,336,848,703,980,485,900,905,127,87,510,22,0,726,290,91,958,289,179,790,327,999,390,786,403,434,687,570,298,582,6,34,507,269,763,260,13,889,149,183,911,828,631,104,631,263,559,727,19,245,241,533,903,982,365,176,994,867,247,879,640,529,772,87,495,104,239,911,659,814,424,764,984,909,890,572,401,658,547,661,836,497,695,850,771,319,87,30,356,599,78,28,582,207,819,761,12,722,445,716,136,878,739,266,730,778,84,762,50,819,275,834,239,642,653,9,838,141,351,282,909,233,965,65,173,956,437,283,928,186,50,415,92,201,254,21,913,217,373,806,351,628,168,288,481,873,836,847,496,214,88,5,1000,856,70,981,210,431,480,145,377,106,980,892,853,44,796,976,492,421,190,731,95,658,880,875,164,24,456,717,996,228,60,258,381,524,383,264,430,125,755,206,944,468,232,84,538,682,919,495,73,445,167,992,597,447,611,910,918,465,330,562,566,821,614,229,259,918,817,299,923,377,737,882,330,827,264,233,426,40,133,485,943,131,808,169,453,386,303,159,433,516,251,345,827,683,73,770,720,109,798,906,342,669,792,788,674,294,833,753,138,770,39,984,458,937,628,296,317,422,109,721,461,488,531,93,462,78,99,233,75,182,619,912,581,22,923,356,402,62,420,451,2,520,639,500,650,428,871,357,309,183,834,110,153,852,983,976,749,585,446,442,669,15,774,372,483,133,816,998,526,248,277,775,759,737,736,538,39,595,146,622,4,481,419,601,735,937,211,239,743,975,395,211,426,729,270,895
727,731,190,481,577,825,707,626,792,594,557,794,305,567,726,352,543,730,62,139,445,862,355,752,294,945,133,703,775,74,114,347,193,472,845,785,154,871,965,267,338,269,596,241,656,730,953,201,47,309,317,458,226,397,340,61,326,618,253,718,771,759,737,985,858,852,399,884,594,34,865,118,143,691,382,354,273,462,439,575,198,862,109,378,5,901,163,11,963,498,616,516,265,337,333,893,579,447,306,259,72,528,290,99,505,592,820,528,882,500,455,580,969,239,752,147,742,943,899,489,158,542,552,861,574,449,700,133,159,49,226,12,676,84,121,835,417,402,794,414,759,608,978,600,763,718,508,92,732,173,978,116,683,135,41,14,59,938,76,272,952,183,893,419,860,834,949,486,587,105,376,775,338,557,436,896,77,626,636,926,192,867,773,151,99,417,529,598,45,763,876,666,110,33,143,736,398,171,558,304,341,857,331,958,480,741,554,244,711,868,76,492,473,51,201,730,34,174,654,348,651,676,47,978,799,236,91,413,56,267,433,55,291,164,71,794,704,32,321,135,118,649,381,402,381,55,264,940,966,173,294,136,208,560,184,284,973,498,955,116,749,293,687,104,871,521,942,690,129,96,842,124,161,692,823,569,353,178,689,484,282,112,613,331,281,780,566,325,1,715,417,388,188,951,648,604,700,310,449,651,204,29,595,970,448,93,492,90,468,859,638,523,148,661,579,754,505,982,666,253,215,403,944,546,423,519,825,167,906,478,578,337,636,435,127,341,389,582,276,532,588,336,55,947,216,81,445,113,806,776,28,362,867,207,557,571,163,250,430,865,327,63,375,561,725,228,897,114,163,314,216,747,759,470,372,893,84,260,772,480,773,405,688,302,94,325,958,165,815,364,887,675,545,535,931,2,107,663,803,13
591,650,539,604,462,428,500,964,191,777,834,29,954,421,729,733,567,398,266,908,472,369,378,158,220,703,226,685,364,388,907,302,555,364,642,181,77,455,758,244,863,205,254,701,133,444,810,349,479,284,191,638,14,214,708,813,360,612,877,206,92,916,751,224,200,992,772,773,795,878,458,366,887,988,725,678,986,119,909,325,152,194,775,573,149,552,778,333,65,941,354,189,836,966,528,74,338,885,858,843,232,332,950,368,68,83,911,125,602,514,834,317,273,775,580,584,210,836,128,628,899,211,5,565,399,533,354,41,177,78,870,81,773,502,252,334,331,849,651,349,528,50,606,495,611,259,454,428,160,230,186,868,259,75,842,219,291,715,272,488,667,561,493,760,381,298,664,268,482,886,132,687,933,699,202,240,373,132,634,547,9,440,970,319,41,205,815,315,507,901,460,888,781,136,363,904,734,513,138,145,431,942,702,848,31,558,937,897,317,585,94,721,432,583,118,38,140,238,84,314,837,32,619,330,309,528,793,934,816,469,536,910,309,926,880,521,679,738,751,828,878,347,545,963,467,727,471,658,202,159,354,40,796,348,820,581,85,680,58,293,855,485,289,947,260,344,596,438,84,873,587,624,831,220,289,852,729,874,625,51,834,429,857,268,516,638,7,206,593,393,702,27,256,847,277,959,571,465,861,985,343,490,664,532,486,678,45,456,546,272,560,475,368,311,236,151,213,64,79,491,88,231,269,325,751,701,934,728,549,887,131,813,63,632,279,726,922,473,589,806,264,463,291,941,760,274,754,368,754,306,316,177,144,289,866,279,396,477,842,139,261,178,647,452,476,501,952,884,614,90,341,660,831,372,581,49,296,62,260,681,499,914,443,716,445,683,920,822,666,818,787,17,359,742,105,245,415,36,992,140
124,703,919,488,321,205,684,255,885,191,182,704,537,449,283,210,815,239,980,879,892,663,176,466,742,558,19,882,260,420,339,521,59,563,62,155,709,785,196,443,7,454,15,418,850,67,36,197,445,646,482,457,939,126,994,66,782,72,191,889,456,539,727,328,22,263,75,790,836,662,38,969,966,170,744,411,939,228,63,951,205,291,192,428,21,30,305,130,442,188,365,148,213,329,250,131,717,961,630,342,903,517,187,804,594,90,734,237,109,327,652,154,864,493,166,729,419,431,831,747,65,562,865,561,577,184,472,954,404,801,174,429,428,359,871,515,332,67,826,15,525,582,322,297,348,931,200,227,531,689,488,787,394,8,320,482,388,98,277,47,935,156,348,963,253,542,83,919,185,942,748,352,360,884,954,882,78,830,567,523,221,730,470,830,333,968,385,302,367,333,295,280,7,619,244,420,988,210,276,852,318,489,441,807,925,139,308,811,200,725,105,794,916,368,2,826,362,572,74,503,615,828,733,715,971,750,314,598,147,952,910,777,201,647,699,561,197,571,994,850,152,900,159,680,305,925,56,413,17,262,493,794,528,656,808,488,661,245,974,394,986,524,603,210,270,640,666,785,71,859,401,623,529,108,858,621,821,485,188,259,508,148,940,24,690,302,691,287,647,475,539,911,770,201,234,531,316,253,709,561,163,756,121,50,339,144,663,436,544,545,50,328,18,231,101,483,882,697,528,818,587,98,25,369,197,240,381,216,479,350,47,508,693,313,752,730,281,588,715,146,268,906,219,494,11,669,136,155,168,859,561,898,395,309,968,982,255,126,424,521,649,970,420,328,249,306,754,511,906,954,670,624,311,231,680,1,436,845,103,945,693,2,992,149,480,532,228,343,390,69,495,659,839,825,432,369,924,780,176,853
657,102,455,136,455,988,687,808,989,359,409,307,677,932,810,972,219,564,396,123,329,38,896,698,646,487,229,474,51,3,890,639,553,957,463,107,284,407,305,401,550,871,443,257,372,265,55,379,708,419,440,666,73,241,780,648,508,983,559,945,78,687,434,328,627,251,275,81,852,490,667,733,218,749,213,595,344,988,711,961,676,376,783,566,96,197,397,736,824,323,46,847,910,765,566,499,780,565,915,461,389,458,748,670,470,897,363,841,650,646,782,720,288,9,418,745,780,866,75,919,201,835,165,902,332,286,258,227,334,840,155,864,115,371,834,795,844,803,320,833,50,957,510,107,423,972,94,227,180,675,426,294,473,185,572,669,830,457,969,946,259,636,63,233,492,937,675,352,184,665,40,495,769,919,610,381,1000,813,41,162,111,285,457,698,323,201,227,161,522,255,838,476,734,352,286,219,232,87,54,476,557,177,203,531,546,550,745,603,793,482,164,883,632,475,239,255,375,886,523,890,417,710,8,354,707,823,733,735,372,430,525,168,925,696,427,584,227,29,354,628,785,991,565,881,845,222,241,4,60,657,121,238,766,898,227,658,801,396,266,405,941,247,343,876,72,677,288,167,467,783,5,594,231,728,409,876,312,31,731,973,597,230,754,126,636,370,275,381,635,853,655,540,78,484,76,884,347,368,711,297,363,104,997,90,400,579,258,982,781,292,417,843,192,586,471,27,391,949,185,602,899,578,608,305,593,273,390,323,565,638,308,255,405,918,20,956,6,999,249,852,912,42,319,369,733,588,296,419,575,78,856,412,697,432,416,328,362,822,50,964,370,316,919,494,568,699,7,768,720,803,825,247,927,15,361,757,256,219,740,132,978,848,464,254,625,622,5,822,126,458,409,826,812,758,216,821,600,791,44,769
751,326,356,302,159,218,564,335,860,906,183,666,728,379,711,833,590,90,765,317,104,841,270,979,837,683,388,642,315,322,305,370,829,940,89,143,866,843,51,109,159,119,177,10,553,146,219,64,454,978,720,782,459,432,254,438,215,130,908,936,234,604,26,561,431,789,882,447,610,53,46,19,60,859,605,434,166,171,792,991,229,249,53,828,427,156,353,823,554,156,621,322,838,739,105,1,957,794,257,245,526,748,975,388,624,985,794,157,967,827,767,787,636,69,332,556,523,995,145,628,85,398,659,884,670,228,611,621,249,293,910,818,41,797,992,158,738,282,267,162,181,256,695,784,993,642,882,638,249,518,291,305,781,596,892,575,959,519,508,306,171,420,336,660,444,708,38,808,669,517,81,295,334,414,742,968,282,276,53,840,647,482,712,607,687,733,970,684,967,558,965,106,152,98,209,711,845,794,556,479,709,296,49,676,980,760,249,210,650,942,306,999,678,554,29,297,431,932,920,202,530,160,723,303,496,157,475,751,813,215,374,872,742,813,819,654,278,853,640,861,844,135,669,475,309,695,397,113,491,583,649,294,721,599,117,739,54,651,770,541,789,96,811,436,67,633,692,585,22,378,53,255,268,122,716,115,853,53,148,240,942,774,805,950,703,125,621,232,96,904,255,799,327,746,512,749,126,725,926,866,216,445,675,632,818,293,57,225,815,532,326,804,241,977,455,280,293,625,517,331,293,533,835,139,874,634,871,140,169,710,243,979,924,849,75,183,427,605,434,374,455,567,560,40,658,550,977,294,705,517,837,554,667,978,906,116,377,178,692,282,394,404,526,185,425,154,414,168,322,731,511,357,104,156,283,18,511,165,542,62,785,947,146,297,355,229,705,167,425,731,269,823,369,700,233,840,649,335,789,575
759,844,58,429,328,702,168,357,70,555,125,366,814,144,493,120,268,5,219,808,864,198,367,821,77,993,330,858,260,943,296,658,199,734,193,448,496,952,239,865,457,579,30,884,631,303,223,382,229,585,302,520,378,458,964,582,36,95,352,878,498,264,798,112,337,278,534,187,151,252,544,429,826,288,165,186,436,342,477,485,342,859,51,955,660,205,113,180,289,423,396,230,172,621,824,260,984,842,125,695,524,476,65,913,480,107,979,217,356,457,585,532,879,594,493,539,26,927,966,648,692,122,820,941,401,55,934,724,159,98,691,872,34,277,261,414,118,245,361,173,538,98,808,796,737,878,266,258,302,790,877,139,679,217,677,533,725,296,724,465,593,426,629,885,32,974,683,732,642,487,333,870,67,688,822,776,643,526,102,754,270,178,131,161,873,739,824,502,560,382,788,617,902,829,824,138,851,45,600,761,87,952,683,210,896,124,623,985,207,168,810,940,957,881,72,182,192,59,798,976,292,345,819,885,873,213,826,395,95,355,259,597,366,454,201,187,1,683,179,335,481,308,8,580,933,936,224,122,883,175,773,191,381,38,810,526,174,290,390,113,495,328,257,733,722,253,321,405,833,885,368,853,897,310,894,326,68,619,846,227,303,126,854,457,317,311,27,915,915,414,430,89,279,701,765,258,414,230,72,676,270,622,653,960,274,211,770,254,919,278,41,591,706,443,377,926,139,164,305,396,366,52,704,147,966,454,916,489,990,942,455,995,54,937,141,991,101,249,358,281,400,86,659,219,313,586,106,884,521,432,237,595,607,517,538,494,437,105,17,127,152,86,334,297,958,805,481,209,216,991,361,700,105,145,281,111,674,565,31,487,292,367,879,846,96,646,803,575,588,436,887,578,329,498,348,970,577,543,31,201
101,776,381,376,667,869,593,744,651,509,811,893,306,623,271,816,206,520,395,580,861,871,685,912,128,989,328,996,759,518,236,546,197,555,671,142,265,59,120,179,90,599,52,348,272,911,508,478,930,248,682,645,534,91,529,594,203,831,100,914,275,493,439,889,129,137,687,274,236,521,364,204,746,346,652,1000,40,418,118,772,215,545,197,217,1000,299,120,807,575,245,694,305,349,168,809,882,179,90,51,88,75,159,600,888,393,165,562,425,547,413,815,716,237,150,749,297,309,462,724,264,844,360,42,978,754,538,795,838,748,378,240,460,291,869,241,122,534,576,350,140,67,755,34,888,202,711,459,294,734,879,567,807,505,899,932,308,55,814,526,745,991,778,295,970,514,85,34,832,770,317,889,54,622,887,507,104,724,815,65,900,849,704,977,639,587,803,894,148,794,523,703,756,844,112,449,113,507,172,973,731,747,133,792,460,76,96,319,54,96,532,951,339,967,622,293,27,636,209,367,154,178,210,765,164,730,682,405,422,443,1000,770,487,815,561,499,935,118,904,150,562,509,236,514,762,17,783,537,556,575,750,350,250,569,637,425,801,256,869,308,902,296,452,912,139,942,528,423,699,476,508,937,64,862,183,691,515,262,202,17,477,716,192,269,998,444,251,689,51,421,181,73,934,126,426,435,482,839,602,115,138,747,355,692,128,423,264,511,921,946,408,244,315,673,495,23,577,94,634,734,418,461,349,256,19,310,599,934,839,565,170,29,46,396,279,407,234,464,648,884,274,347,358,116,140,502,255,773,635,575,732,543,33,815,580,186,926,670,334,155,410,494,26,638,969,100,975,904,12,229,137,89,490,812,211,70,504,43,625,425,753,503,157,292,913,801,205,263,210,530,614,166,59,641,439,896,204,989,280,986,812
71,151,653,801,459,910,125,304,861,905,437,39,751,161,669,783,147,386,931,760,583,43,265,764,908,39,751,272,380,598,378,381,322,731,40,369,780,957,278,826,670,195,77,793,80,832,901,139,509,951,224,310,732,415,46,465,527,261,698,83,600,79,629,821,250,389,645,627,603,286,440,981,825,884,239,742,771,228,263,739,36,306,426,949,329,598,939,368,868,151,385,825,83,130,220,878,544,543,691,230,253,546,767,274,762,536,197,682,81,242,677,988,859,673,256,859,644,258,526,263,604,815,917,532,959,751,364,691,909,158,879,855,669,316,13,608,813,791,631,670,795,630,998,803,767,252,205,200,941,783,825,26,441,646,459,805,507,19,914,883,59,276,668,384,300,571,422,110,559,227,19,840,656,800,273,201,300,977,807,213,992,132,46,592,513,901,706,236,396,251,849,289,84,642,24,348,742,741,840,466,229,477,393,642,790,54,123,368,916,28,85,257,407,283,413,526,908,562,302,729,416,229,451,836,355,311,546,950,246,773,276,118,835,669,176,556,238,605,964,386,577,526,361,917,632,993,441,924,999,191,179,813,24,383,39,600,554,100,755,45,781,793,756,577,277,130,874,900,488,617,663,343,63,135,70,164,467,627,5,956,619,325,616,175,99,534,500,514,655,149,300,51,462,345,66,342,173,941,25,438,166,491,787,608,207,811,941,250,655,946,184,10,509,929,307,444,806,638,550,907,531,371,643,683,834,659,738,657,704,938,60,883,628,173,224,408,658,594,275,925,916,843,865,442,773,555,799,455,827,208,375,633,888,505,265,33,557,224,0,215,68,467,79,667,229,248,953,839,26,580,656,843,500,0,749,206,405,605,161,321,902,870,487,742,64,659,47,40,803,639,101,446,588,670,855,182,440,317,907,687
718,51,877,501,274,505,714,119,574,274,987,567,630,695,352,627,317,688,576,306,965,946,911,645,952,570,768,353,816,742,586,524,233,261,101,274,772,418,344,350,195,34,33,308,692,411,110,457,529,527,983,117,219,5,847,312,460,72,240,35,518,234,291,103,692,84,486,125,290,529,353,832,751,315,289,828,116,425,984,955,66,391,97,344,248,749,505,934,514,234,776,451,750,953,61,598,309,852,164,123,282,647,457,613,548,543,509,855,138,407,665,721,502,882,968,368,14,174,450,456,936,142,156,599,866,751,104,14,276,87,318,658,548,220,694,242,63,974,393,267,558,319,169,868,430,496,815,161,612,590,605,176,371,322,269,832,987,597,66,780,527,180,443,827,526,387,313,422,633,420,231,257,288,882,534,283,310,116,890,902,131,348,572,465,53,920,158,606,365,181,474,38,128,174,669,828,772,245,937,191,542,788,914,741,861,404,317,364,975,917,740,650,761,156,431,387,98,277,430,85,595,805,627,666,560,424,377,842,778,301,875,63,770,513,100,436,788,866,651,378,870,725,601,635,744,887,734,438,582,782,456,35,575,158,111,726,623,909,953,850,436,386,302,627,664,968,728,948,837,557,881,242,989,573,139,716,823,217,803,361,223,135,845,155,955,988,178,900,338,522,604,899,35,769,230,680,961,104,432,860,840,108,642,705,602,896,209,974,707,35,171,297,184,83,894,247,736,712,140,523,230,993,911,231,953,838,117,34,147,885,691,481,217,558,493,957,367,430,865,496,592,565,475,123,586,667,280,626,55,519,736,364,904,492,784,723,290,449,776,544,423,706,162,320,388,636,951,957,269,840,802,405,32,48,360,673,464,978,544,93,89,799,782,883,85,995,363,910,879,111,776,135,413,917,610,232,373,283,620,610
72,247,526,545,111,842,143,545,630,790,644,311,427,232,342,661,527,334,336,696,632,165,764,399,479,208,29,782,88,564,934,137,312,492,785,791,49,542,540,401,603,429,896,475,558,102,378,177,128,516,554,798,595,20,753,693,601,833,853,695,562,482,490,662,317,70,683,527,585,532,280,403,127,620,31,513,133,725,161,193,525,27,435,629,524,275,511,878,793,25,527,18,847,166,450,46,402,398,879,966,0,78,916,452,337,616,592,722,599,580,667,514,354,448,289,519,216,34,842,609,780,77,987,205,295,773,62,225,35,647,89,424,54,698,416,692,766,198,280,85,463,429,963,874,230,666,735,204,164,905,271,663,787,815,314,588,540,534,281,531,241,321,383,146,913,312,232,536,75,726,740,485,271,945,115,464,577,240,263,449,190,696,764,63,38,882,26,918,515,778,885,736,993,812,84,700,450,466,326,730,978,157,756,690,48,882,772,426,193,846,399,551,190,224,62,163,351,927,918,478,650,502,475,611,676,760,606,112,24,822,542,171,181,477,675,826,538,153,206,678,779,649,90,139,499,405,328,185,231,955,341,494,465,691,116,537,441,879,567,724,187,533,808,372,556,756,940,706,393,700,704,256,437,576,250,879,233,515,984,776,109,136,514,168,298,67,932,662,899,97,935,176,918,661,423,627,25,724,990,704,107,68,634,901,413,646,25,818,62,144,996,663,146,49,180,324,809,507,881,904,115,616,190,203,110,302,351,190,770,994,175,922,435,486,723,41,692,99,56,208,148,673,425,390,294,407,449,253,364,284,142,770,539,334,394,130,765,299,725,305,247,499,974,117,483,669,646,444,205,563,534,305,398,135,951,496,601,378,131,206,78,902,582,668,801,787,639,186,44,265,348,195,511,682,292,148,334,60,787,809
117,490,943,460,807,715,721,937,611,799,253,581,994,701,662,807,240,889,970,953,394,110,549,489,642,147,172,413,612,956,212,204,816,423,458,345,657,362,118,205,261,665,368,141,922,294,808,249,937,639,74,262,241,736,258,812,952,522,454,36,333,698,425,437,628,759,9,852,570,161,339,565,506,374,747,263,601,806,976,948,624,453,416,493,438,763,1000,443,54,371,239,113,681,931,54,163,562,660,585,644,291,792,109,532,282,678,363,662,146,755,606,201,895,508,771,39,900,579,329,8,27,294,854,735,503,687,604,958,127,517,553,383,799,298,861,583,102,568,804,532,741,996,499,98,364,671,624,625,276,772,85,312,693,549,714,23,21,835,840,366,463,873,864,857,469,846,856,813,687,748,61,429,887,52,866,689,646,971,386,546,648,355,485,586,889,107,732,313,120,37,901,702,8,152,260,654,342,587,670,67,103,673,789,611,120,33,314,415,327,383,317,407,308,815,567,281,810,777,266,455,250,271,396,314,605,61,761,906,657,48,247,865,109,199,245,435,268,67,931,97,49,827,959,402,353,190,812,128,46,927,239,624,487,430,179,245,992,396,800,42,693,612,732,971,482,836,792,715,548,272,616,348,799,0,586,419,499,795,448,934,880,355,491,641,942,207,281,672,892,911,611,480,442,547,58,483,431,567,854,663,204,863,115,825,538,619,185,85,215,885,685,352,384,187,960,857,404,618,955,64,256,225,320,266,637,319,903,986,620,262,592,365,64,185,137,261,369,145,369,253,124,512,933,166,316,828,134,417,494,825,377,913,935,239,706,583,448,799,731,230,209,131,748,284,964,882,401,375,558,916,579,877,689,859,119,853,400,250,426,972,59,587,573,562,387,615,780,24,41,890,899,864,678,294,481,563,836,590,614,528
529,204,570,834,153,73,755,288,448,37,621,891,293,6,55,692,842,690,611,875,230,923,508,910,571,759,305,208,351,46,599,104,187,244,409,853,126,371,940,315,631,801,300,302,725,523,772,537,379,243,449,199,990,177,586,199,957,129,879,53,681,598,991,824,782,34,459,388,215,256,658,932,998,871,450,781,507,36,818,524,512,375,732,755,782,296,876,944,351,753,109,505,256,952,846,464,342,506,427,113,453,607,94,192,191,126,739,419,421,778,59,395,610,349,376,708,137,692,213,806,905,512,47,432,352,643,200,720,214,249,74,977,177,247,236,88,736,701,396,960,201,741,813,205,858,560,923,143,241,101,108,246,133,390,564,84,560,197,598,444,978,624,139,904,761,124,131,336,959,999,142,387,778,257,70,131,970,194,499,273,873,19,919,199,403,502,67,270,690,526,887,776,766,84,823,432,632,443,484,49,233,142,13,72,180,898,645,245,896,429,316,424,174,597,945,504,152,227,521,646,649,142,5,60,843,134,561,120,262,532,912,37,422,249,441,28,0,601,977,459,780,86,877,782,569,712,95,74,45,418,629,650,740,338,12,254,263,92,655,79,98,496,775,637,428,972,829,7,858,612,226,583,657,912,464,318,157,267,296,604,972,364,454,313,30,482,418,249,493,182,416,739,649,732,169,161,549,390,520,683,519,15,87,672,775,720,392,170,887,499,681,721,227,618,375,558,349,300,453,51,281,276,538,396,230,694,349,709,404,592,838,817,770,653,354,440,684,801,179,69,559,129,269,504,427,413,927,316,868,588,215,822,351,146,316,925,316,0,61,180,895,158,745,256,407,590,309,557,739,489,195,801,863,216,414,686,13,333,154,998,732,109,159,82,906,574,565,809,157,916,577,685,701,376,732,724,647,413,359,88
936,102,997,240,342,775,133,62,554,667,254,272,971,283,324,872,480,145,44,554,31,121,799,395,620,358,19,909,854,516,615,285,466,221,81,810,124,377,135,423,341,948,815,300,73,530,668,333,816,553,316,998,19,475,52,86,121,435,951,89,74,527,581,622,343,317,832,262,552,397,117,94,548,175,749,347,115,773,589,894,105,643,88,600,333,742,592,248,413,482,461,349,807,157,647,409,544,523,161,81,858,475,483,293,167,408,458,170,773,883,566,761,460,895,73,896,165,82,579,669,237,743,163,962,965,349,919,773,812,997,165,151,890,619,812,442,83,60,708,179,144,909,953,196,532,742,405,840,964,965,219,814,845,491,213,78,563,993,982,319,854,338,260,704,375,501,629,446,129,112,759,549,426,243,471,509,759,234,946,760,277,689,146,578,583,606,804,286,242,19,719,985,517,692,532,928,185,477,125,907,5,105,672,993,870,576,173,869,192,407,998,292,720,24,750,365,941,685,841,838,528,989,994,955,90,920,811,864,977,315,569,130,445,969,55,501,704,412,430,409,47,525,367,199,542,116,986,948,296,991,704,562,434,730,372,316,455,118,343,843,450,103,512,897,176,24,737,194,429,35,335,722,507,551,887,382,135,116,363,508,336,979,630,667,293,952,130,568,764,1000,16,138,83,719,639,919,422,882,138,436,782,586,200,109,814,80,76,965,71,727,235,744,518,227,851,881,107,168,276,67,499,119,477,696,499,612,932,68,705,798,139,369,91,759,26,253,605,215,756,150,646,423,98,271,259,454,467,650,923,125,604,205,930,33,246,236,258,630,345,542,114,949,402,536,275,381,652,435,941,285,534,978,687,860,201,532,292,833,855,115,746,8,424,258,873,58,242,19,944,35,423,817,649,370,645,506,214,578,800,300
430,340,485,30,125,286,631,752,104,745,318,670,125,212,895,66,354,276,143,479,81,926,987,236,820,123,605,543,206,194,508,212,470,96,37,889,25,789,441,79,287,821,325,168,725,883,323,326,14,726,888,434,474,681,809,879,302,532,822,873,305,438,931,859,862,455,887,214,564,193,902,949,24,612,159,441,135,134,722,565,749,617,110,129,525,952,284,579,663,863,978,257,441,869,112,435,141,323,910,868,156,577,252,984,826,464,84,970,847,28,224,9,787,926,4,186,622,284,508,369,174,725,353,498,180,439,29,397,885,978,98,195,94,542,735,971,483,28,182,296,393,356,382,221,975,470,90,934,13,585,945,488,485,533,659,278,91,169,420,287,756,444,90,80,410,868,684,3,275,389,826,920,172,19,601,273,298,342,317,404,666,907,960,321,974,110,805,822,296,61,243,762,738,722,418,476,416,171,99,99,287,65,860,158,862,846,478,552,353,730,915,51,709,126,296,670,273,333,533,391,555,205,286,271,106,350,130,600,425,473,802,241,714,444,249,166,200,959,664,424,100,407,761,1,524,56,502,938,539,69,199,630,262,324,313,940,428,821,292,629,479,853,573,870,791,671,868,478,500,873,321,354,517,659,838,747,359,371,181,536,724,489,154,406,218,9,985,279,537,162,293,129,166,652,501,903,608,726,310,678,890,682,78,301,380,431,256,323,478,670,49,352,880,801,277,138,343,348,153,208,295,62,53,423,823,326,667,171,432,87,232,992,406,541,225,175,930,227,49,742,810,471,871,501,485,14,17,321,282,706,259,922,424,180,247,556,64,463,967,827,555,73,10,229,68,663,350,447,887,251,765,399,843,974,348,383,36,788,568,151,466,116,401,193,940,115,105,870,893,909,524,34,303,256,913,453,627,855,899,223
951,953,775,89,656,759,986,169,470,923,512,530,87,629,298,542,41,812,388,243,546,11,43,425,74,5,629,458,381,947,178,562,735,706,724,959,507,454,387,393,33,332,968,45,887,745,254,37,298,791,293,11,939,322,308,841,461,266,441,271,301,361,151,219,116,775,559,460,593,970,536,955,866,685,401,486,889,407,126,990,101,353,671,504,215,784,941,385,3,472,253,261,484,153,974,465,915,251,655,18,159,146,369,313,901,228,141,565,689,729,236,380,939,717,693,944,63,19,236,158,538,25,44,78,384,126,30,380,694,940,974,781,574,742,876,50,276,957,260,259,880,838,130,78,623,207,909,328,165,651,931,225,986,601,866,565,83,442,460,505,941,991,254,458,176,283,155,124,727,493,462,723,802,675,38,405,989,127,53,862,995,67,132,877,866,666,336,296,139,619,42,741,930,907,245,623,403,271,582,443,937,59,125,244,935,182,747,826,729,467,97,417,989,304,302,282,727,177,973,249,567,526,328,589,353,230,579,511,716,177,684,779,710,163,635,460,296,264,218,403,307,266,395,9,795,268,794,254,137,388,941,474,578,234,624,223,761,621,624,506,823,256,547,754,838,252,830,124,568,664,625,748,313,9,349,301,472,742,650,460,962,221,937,183,703,253,94,881,685,370,893,925,344,845,5,158,630,623,921,73,479,734,991,77,911,484,862,120,877,376,865,39,934,648,995,109,185,495,957,585,559,21,507,913,248,625,627,683,687,79,80,339,174,6,459,430,493,588,723,582,559,455,627,977,689,540,319,531,901,854,803,537,646,740,62,652,341,773,203,125,494,126,924,618,90,911,503,887,48,17,461,880,444,175,349,74,948,753,70,361,393,411,944,277,111,323,449,414,779,298,706,113,23,805,806,41,479,665,9,475
825,891,305,244,54,550,914,614,529,114,866,874,726,193,717,187,483,179,77,992,908,836,951,534,569,158,18,200,887,55,59,459,75,979,842,776,188,167,985,558,984,239,660,979,473,684,365,633,856,462,850,932,890,6,506,563,677,902,83,616,199,659,968,507,113,413,386,778,706,927,543,765,37,278,92,505,106,591,727,456,412,794,499,23,595,801,95,645,667,169,681,502,823,362,480,950,837,641,320,34,840,617,350,941,41,236,176,832,581,307,363,736,782,506,549,2,493,745,246,50,759,709,396,13,953,545,467,811,190,211,812,225,624,890,410,847,925,256,735,665,359,746,535,461,69,871,954,417,343,834,469,944,185,649,8,798,282,163,850,829,346,238,182,647,631,563,558,294,899,235,638,658,882,774,24,244,569,926,244,833,684,336,503,498,646,899,401,23,999,303,677,994,941,596,189,584,256,360,471,382,896,788,531,298,53,36,471,9,249,903,418,232,542,368,585,987,572,566,376,381,469,127,795,903,241,937,487,205,750,237,469,980,264,457,854,694,196,384,428,219,367,798,45,417,297,761,208,345,115,845,567,56,898,911,606,262,699,855,633,891,520,703,92,776,750,748,211,393,657,313,484,839,998,885,768,401,757,980,60,302,150,223,755,378,721,757,208,140,119,549,153,543,918,609,487,243,734,715,978,595,306,966,50,906,177,949,410,923,497,354,147,205,861,186,673,377,272,524,291,316,875,840,888,858,344,195,892,906,406,427,76,647,485,470,909,412,331,39,81,825,153,244,545,350,832,941,705,208,116,461,680,804,942,836,843,613,290,936,873,458,131,158,191,383,41,1,604,581,138,650,217,365,250,709,911,479,840,363,289,832,408,356,337,187,352,306,830,802,857,311,226,749,56,395,310,69,789,879,128,286
369,501,281,617,473,977,35,81,83,973,466,672,434,663,455,736,256,70,706,428,327,435,612,47,16,416,4,409,849,136,19,807,982,858,914,647,691,796,927,736,337,481,486,320,776,612,527,174,139,226,954,547,144,915,773,172,451,95,811,878,278,994,647,347,218,52,315,204,810,450,721,224,646,768,175,522,586,618,334,680,920,40,186,123,974,248,54,282,879,870,139,384,81,220,358,807,203,61,886,140,884,533,219,397,196,952,472,693,793,915,17,805,417,899,469,273,187,199,778,693,569,18,453,311,162,573,710,949,227,487,834,804,971,573,217,513,875,987,28,274,397,315,784,689,756,875,457,927,300,436,414,947,340,282,651,228,808,461,994,985,924,916,930,826,957,138,180,840,784,619,950,236,164,665,611,486,902,96,896,195,406,46,958,489,889,361,943,330,817,987,99,393,357,356,695,262,489,968,586,952,822,887,76,15,211,955,196,87,309,746,971,711,377,85,159,624,818,305,836,244,526,343,952,532,392,885,760,882,341,880,908,462,62,472,802,745,211,319,696,64,349,389,191,152,902,359,633,689,644,198,599,609,871,280,765,784,868,229,799,270,858,680,393,702,956,847,128,961,382,550,150,499,821,557,158,214,518,23,463,21,487,679,347,275,54,599,10,94,193,876,440,202,334,197,563,539,152,873,990,700,394,629,14,826,649,579,267,579,937,824,438,267,203,423,683,517,395,153,805,153,490,922,601,391,578,952,56,665,746,865,47,906,734,413,36,128,515,839,369,954,580,786,659,496,162,44,894,576,893,380,677,95,586,475,267,930,114,787,599,814,721,288,194,139,834,345,115,376,807,949,357,862,927,579,120,716,54,266,884,572,958,179,230,753,414,764,525,817,807,985,763,595,509,560,783,568,551,740,417,599
682,619,985,494,602,789,854,537,76,626,730,932,818,959,105,923,392,291,855,725,693,850,587,187,631,443,851,945,786,304,587,468,642,15,86,850,905,85,117,947,893,213,951,884,545,906,250,3,565,124,402,863,990,515,870,199,169,117,90,711,70,48,236,176,983,161,63,555,691,452,413,836,332,864,838,142,329,366,750,877,583,105,179,444,290,119,308,370,703,431,297,32,994,716,712,738,317,247,494,215,605,775,354,809,25,927,211,929,935,360,517,339,232,375,683,462,465,662,503,99,79,521,243,524,540,195,153,36,416,954,839,122,36,957,622,560,303,804,3,882,679,955,104,326,914,154,555,849,39,848,499,3,138,893,226,744,227,529,1000,340,100,348,190,693,815,914,420,28,312,134,585,756,100,798,745,655,480,385,107,132,465,631,551,145,232,980,398,500,854,182,896,156,378,520,641,277,841,367,18,430,956,689,381,934,93,873,867,686,554,484,232,823,90,871,888,920,803,477,701,153,566,997,484,552,732,582,502,884,806,497,694,82,526,641,849,772,787,282,101,767,57,553,415,323,305,42,111,58,650,68,141,11,125,863,89,575,935,4,706,623,890,279,499,723,707,921,831,219,221,926,998,420,13,314,434,53,191,545,838,991,171,6,222,990,85,32,21,232,978,743,998,341,110,287,429,693,728,148,240,873,86,304,654,168,993,144,9,987,194,321,422,19,113,508,144,95,539,640,717,242,575,169,39,698,44,289,391,104,367,658,952,27,535,85,349,949,902,656,669,911,724,403,140,598,459,435,626,28,118,911,341,408,321,166,578,864,323,351,878,611,700,185,648,189,646,412,110,954,236,475,867,769,90,534,286,700,866,787,46,111,986,459,978,161,557,761,729,380,311,429,256,903,153,304,79,216,546,624,699,438
898,908,558,222,821,717,231,536,649,862,56,39,741,90,292,616,121,877,831,334,291,318,391,339,928,911,662,232,760,647,267,261,109,618,305,775,821,260,963,653,815,51,926,787,242,823,699,597,708,704,243,119,661,67,89,725,920,389,984,809,365,905,435,415,785,146,275,807,571,159,813,370,381,513,140,363,727,598,443,61,136,199,343,983,167,648,26,621,188,191,189,62,510,139,219,896,374,585,202,424,753,298,97,731,42,769,42,595,616,994,988,873,890,381,80,862,641,155,232,413,218,489,825,846,410,690,154,928,958,954,103,742,25,972,13,824,145,397,234,848,762,84,529,502,650,695,859,992,621,411,693,822,628,885,171,662,578,396,125,476,643,194,638,698,432,38,96,361,971,395,784,994,232,20,71,780,932,170,951,23,777,988,908,128,598,867,108,409,670,570,396,109,978,183,212,583,541,727,777,895,888,98,140,773,443,221,802,25,649,129,8,133,860,349,586,440,26,763,896,754,561,129,666,873,194,803,521,219,67,439,924,391,582,796,430,734,318,965,541,127,11,168,667,839,327,280,534,406,781,823,436,727,571,736,111,985,736,379,884,174,581,987,106,70,616,715,937,927,865,911,384,689,289,552,760,433,34,850,750,314,764,412,766,242,894,725,790,790,81,673,271,547,395,755,395,636,735,373,642,591,771,811,115,676,341,99,233,388,886,351,648,536,644,750,15,364,995,729,584,34,175,444,310,719,963,760,628,668,657,568,748,177,368,720,687,53,51,477,364,249,2,582,101,140,283,566,262,593,921,624,724,528,298,92,881,214,547,601,518,701,495,582,435,68,872,305,821,678,275,396,493,960,805,85,828,608,50,77,276,265,528,775,854,618,470,348,308,301,568,313,655,724,607,504,237,865,378,979,261,478
128,603,166,91,825,958,885,492,234,136,200,201,71,407,502,717,236,769,659,801,904,954,873,248,708,838,796,965,178,717,374,933,776,833,889,518,437,589,480,13,127,547,548,913,334,765,683,102,692,542,547,714,666,328,878,199,146,878,103,917,574,120,854,426,149,66,204,113,876,519,997,983,784,604,724,693,613,26,126,481,174,688,968,204,45,397,418,982,256,752,337,847,837,481,54,490,765,701,976,875,189,35,113,538,603,525,432,175,64,371,735,587,180,846,638,692,359,154,121,641,894,1000,500,117,551,705,845,840,443,725,152,401,967,269,323,457,642,391,541,428,779,15,903,697,812,238,442,793,327,28,500,48,726,360,647,957,895,339,456,484,513,817,386,513,322,188,629,646,264,101,825,370,944,775,940,150,733,862,763,873,936,368,522,128,282,914,358,848,548,642,898,319,569,840,95,385,229,404,278,94,593,848,286,305,858,157,731,402,328,630,673,54,328,494,367,151,196,543,411,811,245,914,18,882,76,29,385,100,191,18,314,569,820,83,337,417,857,520,657,939,345,771,88,524,197,607,323,441,864,869,892,837,541,708,825,797,41,438,880,880,301,830,720,942,585,530,465,487,128,463,906,66,79,632,470,395,611,867,786,143,202,828,202,15,140,902,400,644,685,634,955,510,456,855,913,577,104,384,76,102,810,782,964,391,84,78,62,837,401,842,755,171,276,380,483,935,315,880,946,476,702,596,252,747,893,810,723,43,952,760,364,574,822,354,107,412,28,465,305,699,717,840,814,71,461,187,730,981,82,721,6,809,33,365,202,539,267,68,212,261,231,526,233,114,754,207,376,873,232,744,934,405,36,806,345,795,740,716,602,582,418,464,919,740,301,90,59,825,393,541,242,804,768,220,871,559,633,58,716,71
211,462,910,427,889,415,926,116,469,200,776,516,3,208,269,907,32,614,262,241,1000,367,535,573,981,683,503,684,571,616,279,126,341,50,448,329,842,464,206,332,646,682,151,988,428,851,303,621,686,489,983,403,391,588,822,789,688,504,539,851,264,582,419,30,90,303,467,813,451,220,83,676,696,511,45,96,535,362,255,47,951,309,13,48,15,6,17,199,738,584,780,613,890,735,697,955,958,379,943,844,416,925,652,1,981,94,250,75,425,379,884,642,18,313,145,292,405,815,227,713,10,653,923,322,35,514,81,341,55,917,710,357,865,596,78,795,997,283,432,341,128,761,165,623,523,530,67,149,219,555,280,54,333,288,932,506,447,37,556,241,150,748,66,589,349,835,420,376,901,447,490,64,445,614,230,361,361,769,1000,922,815,108,475,695,607,714,369,657,951,909,307,826,110,269,222,270,243,452,73,956,410,353,601,628,581,651,84,819,185,853,126,364,62,177,106,690,513,198,729,583,416,907,161,720,945,356,206,493,737,886,493,88,342,427,911,811,76,746,518,328,578,658,571,863,978,331,631,742,535,439,0,422,553,594,535,429,120,769,939,471,899,875,450,459,447,777,584,561,257,747,318,157,956,840,284,638,464,181,447,3,991,322,834,347,931,130,940,14,260,284,40,889,461,152,664,562,723,21,756,408,868,25,828,847,60,903,764,272,53,160,290,146,134,964,453,303,661,249,776,583,419,474,581,182,785,858,446,894,246,962,909,638,238,66,492,438,233,373,512,32,451,674,757,434,772,210,85,994,357,927,541,606,2,571,836,18,549,108,134,925,814,387,509,443,480,713,350,758,922,675,937,425,742,548,836,495,931,577,396,106,877,417,784,966,936,179,704,291,34,20,108,365,530,936,122,988,304,202,648,615
787,610,22,87,606,975,459,584,980,121,739,716,885,9,246,750,661,560,172,426,902,189,169,617,660,816,477,795,677,820,508,157,914,173,191,92,813,756,598,48,882,274,462,883,987,316,113,957,506,357,537,382,650,754,639,240,481,219,202,148,89,3,615,727,815,488,727,519,420,600,634,594,733,900,157,136,46,97,36,485,770,868,725,437,85,956,882,480,385,780,192,662,945,892,564,771,99,837,88,729,80,997,941,588,352,67,952,938,709,800,850,594,476,944,279,970,874,805,569,918,436,604,168,235,683,388,497,869,333,811,452,313,839,361,749,619,38,500,249,228,855,920,919,585,409,4,813,699,546,841,81,136,215,219,308,397,942,493,705,713,216,912,812,641,924,587,596,115,504,672,647,10,755,822,423,174,218,159,797,412,368,36,65,450,383,400,376,280,905,672,705,562,235,826,607,671,968,469,73,719,300,49,932,831,469,752,835,529,787,205,931,898,329,268,638,829,600,724,172,393,275,717,874,434,747,272,291,730,380,256,601,15,615,788,399,251,386,852,727,52,824,5,551,781,639,563,228,702,275,368,345,833,538,320,920,792,387,627,327,513,888,766,671,363,553,596,367,643,953,629,877,520,473,239,694,686,429,726,148,739,168,374,701,19,388,452,302,21,312,576,485,882,459,791,673,649,765,230,704,855,771,920,782,199,818,947,153,523,590,30,289,808,923,21,18,587,761,315,333,280,55,622,424,814,227,847,781,880,64,961,432,302,19,999,673,815,463,188,735,885,923,877,648,15,297,633,457,511,270,558,233,749,570,627,281,232,549,952,705,682,95,767,89,548,301,102,764,107,130,719,526,620,297,944,19,809,343,297,111,897,883,930,970,117,314,233,127,684,531,894,715,682,919,578,89,145,835,756,96,945
220,168,928,574,361,630,195,464,836,729,851,279,16,899,324,699,739,827,294,208,637,199,884,412,968,804,30,934,520,508,215,39,144,393,893,159,732,854,786,125,19,508,887,340,278,827,378,724,57,300,281,352,154,961,997,265,55,430,144,519,623,223,894,115,561,15,724,588,812,320,715,652,334,985,103,813,253,131,611,626,936,140,417,280,311,4,114,277,818,938,608,477,890,893,588,646,569,748,540,240,914,375,991,403,334,923,628,419,156,236,926,21,754,400,40,538,97,269,454,259,585,10,27,59,462,140,631,67,549,749,263,250,353,798,844,564,605,243,280,802,216,469,206,447,881,100,643,939,531,329,648,230,408,55,444,742,174,418,638,192,519,720,790,832,785,458,71,951,871,355,514,657,919,907,908,149,489,684,993,842,267,172,426,612,696,880,636,496,268,604,178,935,921,843,711,953,236,87,992,527,772,90,221,540,760,369,798,366,564,836,193,181,371,764,600,386,800,894,81,415,418,931,526,964,872,679,456,275,150,54,558,797,777,610,256,565,642,54,539,478,151,748,266,54,242,259,819,360,880,210,152,192,802,6,762,920,1,523,124,123,918,556,976,415,59,21,49,351,304,627,951,246,262,717,575,330,916,273,655,781,159,900,917,806,651,325,826,732,595,97,699,175,639,100,480,212,201,783,359,534,521,70,800,108,879,203,621,439,381,924,850,499,193,96,331,296,411,397,958,120,93,528,184,963,512,150,719,118,39,72,784,759,394,777,104,272,216,750,276,217,155,203,577,601,4,480,80,516,640,985,843,972,741,478,699,2,902,894,915,233,658,940,143,580,118,292,397,244,126,669,567,234,881,278,882,160,906,405,310,734,511,124,953,862,753,347,251,832,73,435,248,168,237,369,813,190,399,647,802,586
823,309,689,898,882,602,343,722,403,933,372,332,980,963,332,520,392,457,302,208,665,381,512,154,165,831,788,335,198,140,777,77,520,995,79,432,721,386,822,642,733,251,108,613,679,345,637,283,843,218,327,932,310,851,1000,220,508,919,656,93,949,209,626,413,152,945,778,193,660,764,694,2,592,420,368,30,359,526,224,878,26,829,317,419,61,307,719,648,304,41,210,524,440,93,874,130,679,483,309,907,89,326,679,892,766,960,57,637,526,617,981,769,880,749,557,540,286,581,608,502,706,859,19,419,922,588,609,828,582,99,518,962,176,600,976,826,556,474,199,35,967,318,4,283,463,374,5,50,286,392,675,733,433,279,521,22,733,68,947,65,974,823,882,367,931,355,526,973,0,282,856,565,752,750,717,247,282,783,277,248,983,593,782,158,388,108,606,146,627,169,845,773,96,109,847,687,204,135,239,607,673,280,580,518,187,400,703,189,998,595,998,285,903,693,126,626,853,117,591,47,365,101,521,265,151,474,309,980,870,646,488,92,451,407,303,110,913,867,687,480,939,90,120,896,599,477,553,256,209,63,527,152,222,798,190,178,324,147,448,539,450,972,73,873,624,809,769,750,310,358,445,884,967,976,919,212,704,724,652,609,733,482,416,740,931,666,24,932,820,11,430,576,353,76,116,326,608,211,847,624,318,470,219,197,71,265,681,77,357,125,278,570,259,974,657,385,930,503,186,349,104,55,535,726,706,629,263,929,947,181,489,23,614,106,850,41,335,824,119,523,884,794,687,482,808,251,711,269,596,721,307,986,424,805,319,271,619,390,784,84,902,961,610,279,502,294,973,257,35,8,923,561,50,828,927,590,693,264,927,837,556,832,238,988,675,139,80,526,746,403,17,734,82,120,471,790,522,965,156,750
640,459,49,166,904,975,238,534,738,254,532,778,546,213,724,391,250,27,337,846,379,198,739,358,903,425,2,402,538,555,289,56,304,947,117,270,331,845,164,931,987,350,485,741,758,138,317,188,831,591,795,66,535,46,896,457,762,325,633,650,930,15,743,919,675,560,723,629,754,990,330,472,5,641,418,892,689,823,464,730,748,751,448,795,497,68,344,106,339,633,504,764,311,432,176,43,420,382,456,323,470,967,431,961,911,287,382,684,447,366,978,742,165,629,527,663,287,218,936,282,664,611,855,352,101,866,235,635,488,838,874,896,887,976,608,132,953,464,210,774,728,870,149,169,924,505,787,442,473,330,81,704,263,138,605,673,244,158,58,117,682,316,623,293,751,585,523,67,18,347,204,490,665,40,663,535,569,146,995,979,932,294,960,213,189,729,658,621,383,401,824,789,64,768,176,629,162,327,381,747,986,84,728,612,249,124,351,911,508,860,939,687,607,101,187,386,380,806,523,374,333,468,753,45,798,945,686,943,229,991,902,557,85,705,414,679,20,519,474,882,278,185,460,986,324,239,307,862,674,522,644,570,186,414,985,156,880,984,690,877,906,998,64,773,514,174,739,780,639,694,862,567,431,395,79,963,182,413,154,189,110,353,345,259,441,625,71,0,235,585,977,938,485,536,396,620,670,45,908,760,752,372,904,569,289,914,237,441,279,539,320,771,853,510,862,268,82,494,794,628,325,654,854,317,810,717,871,726,651,902,435,282,627,126,725,387,116,631,282,593,806,869,332,586,402,993,127,595,737,378,616,125,29,430,654,475,217,154,553,252,407,994,199,843,630,403,669,757,824,508,688,782,811,865,19,445,58,650,191,80,642,366,588,9,43,357,420,540,231,291,659,559,851,27,197,953,366,55,395,546
597,686,251,13,914,286,355,382,843,156,451,833,936,323,817,677,442,180,59,204,260,37,900,676,236,732,647,342,160,785,792,172,782,282,762,185,55,329,755,994,946,830,18,352,68,235,465,38,11,259,916,624,26,615,288,594,403,182,732,211,846,693,242,914,813,346,137,307,669,214,12,46,219,902,984,407,640,246,344,89,877,489,864,414,324,118,688,349,82,220,699,250,864,418,587,430,611,393,101,500,97,704,535,216,555,461,239,515,578,362,208,682,545,319,652,294,621,829,971,450,610,229,36,477,346,830,277,954,960,103,640,456,929,8,974,898,211,89,681,430,663,733,288,179,672,616,56,193,496,264,839,112,800,251,394,203,96,983,69,483,927,105,579,732,789,976,448,539,966,63,964,483,104,994,715,579,601,638,411,530,646,669,856,570,875,629,13,242,109,438,171,70,797,310,240,467,164,490,366,318,38,328,486,222,750,804,683,283,292,318,340,301,185,755,79,346,551,539,97,9,561,979,587,155,234,266,132,677,527,256,675,199,378,186,704,463,922,959,2,572,864,998,518,830,655,195,856,989,248,671,448,378,274,185,9,912,283,832,14,15,158,243,156,581,514,266,973,377,875,781,897,151,699,207,160,885,280,191,647,533,349,931,732,808,999,623,122,190,588,3,251,203,723,225,564,273,959,158,171,133,445,144,714,400,821,527,69,433,204,234,373,839,42,486,883,884,185,769,965,917,714,194,990,183,791,576,429,913,333,580,800,31,491,954,176,412,852,68,917,79,144,209,668,168,826,384,795,199,665,207,805,282,828,664,533,321,944,945,584,265,737,718,548,484,281,526,507,391,305,429,965,832,960,110,448,882,124,155,751,308,875,576,27,742,734,689,852,172,340,278,927,680,329,716,557,402,972,476,753,287
539,634,111,714,529,688,498,444,672,38,449,178,183,191,350,135,188,791,98,842,110,401,884,850,939,49,200,380,937,969,839,880,276,827,623,187,201,661,734,593,979,213,115,848,170,233,747,941,928,782,550,756,904,949,120,442,235,968,973,154,61,32,181,707,6,899,802,314,72,172,480,39,837,853,737,450,794,464,847,531,3,962,965,341,416,449,110,171,123,797,354,342,729,603,586,880,819,836,936,471,261,134,93,396,103,371,705,116,346,421,514,548,414,206,625,81,577,472,381,110,175,981,574,313,361,621,901,934,137,339,446,253,930,416,708,910,230,550,121,620,812,149,890,930,296,510,671,213,823,666,521,621,751,391,410,448,830,183,398,294,960,155,595,459,599,459,285,414,511,330,460,440,786,256,970,963,988,796,729,239,370,310,79,449,923,119,18,251,904,456,420,238,413,843,629,93,652,76,151,306,62,497,979,879,970,734,344,17,587,827,613,732,831,566,723,219,564,999,917,941,475,701,845,919,315,108,250,656,962,779,841,264,908,183,49,318,763,207,860,177,789,172,509,361,734,424,341,93,843,477,840,209,506,879,22,496,461,636,228,325,142,545,103,676,334,845,202,705,435,728,732,82,588,426,190,467,297,229,420,571,378,514,70,50,820,320,843,507,850,181,654,958,776,24,912,784,730,483,188,920,900,98,52,891,736,426,307,871,107,667,733,941,269,322,210,380,254,689,855,205,391,344,896,927,979,823,582,391,849,639,515,137,860,937,291,879,180,713,723,443,743,891,752,864,894,762,512,789,980,986,445,696,237,473,542,666,791,555,775,235,105,697,112,775,137,85,506,919,26,716,406,891,365,365,412,91,692,815,981,153,231,331,634,126,521,407,609,833,896,847,190,125,207,217,651,581,773,717,937,604
541,518,132,773,342,354,149,740,943,387,505,730,593,3,595,939,230,162,3,304,701,58,449,415,423,661,895,285,396,338,718,697,727,961,34,34,814,749,597,18,353,911,647,447,811,233,1000,58,220,498,372,449,685,564,218,896,875,61,847,492,335,820,336,336,588,27,859,533,502,850,783,860,634,282,10,517,691,381,552,80,15,858,97,844,609,82,528,917,672,625,658,181,788,298,154,970,335,937,892,687,192,372,591,743,120,563,328,763,954,359,592,714,666,727,852,672,824,731,653,601,577,481,136,428,486,767,756,309,524,594,524,668,722,463,437,57,22,387,380,292,288,918,504,83,440,99,142,588,431,758,562,889,201,947,252,484,545,60,640,446,486,78,42,550,315,49,910,990,759,992,527,406,401,806,277,925,57,870,905,50,288,425,576,522,185,93,428,146,819,200,654,307,711,601,848,131,808,495,256,343,575,801,27,374,951,524,681,964,435,321,158,334,627,797,393,842,534,667,998,18,664,672,990,748,380,704,467,750,370,247,964,629,331,962,201,241,819,646,0,976,201,399,875,974,367,774,270,875,866,746,954,369,893,52,779,69,380,600,13,411,950,941,810,24,814,632,804,925,872,295,766,173,363,910,570,381,617,165,985,275,413,287,368,18,868,243,102,920,190,359,262,166,762,345,53,397,667,956,747,911,504,816,107,219,500,5,552,378,280,818,810,507,530,534,839,171,163,30,36,976,783,730,543,773,113,761,614,835,635,736,925,837,664,121,734,694,498,721,773,914,527,788,843,164,117,711,626,701,784,582,1000,917,695,128,538,146,916,23,373,431,491,905,784,284,175,209,1000,540,605,63,212,426,128,381,389,977,12,972,272,714,122,386,745,517,42,230,450,541,65,988,997,224,455,541,523,721,112,514,515,596
952,325,239,726,135,26,929,988,629,663,75,809,601,846,552,785,899,317,370,534,457,581,824,1,399,56,47,971,326,516,101,838,119,236,383,784,470,608,555,765,637,688,862,70,962,686,335,431,211,977,873,491,999,775,868,782,209,733,636,745,248,151,787,545,742,547,334,257,175,608,565,897,229,146,482,237,375,969,140,512,754,829,428,628,62,707,541,406,620,792,98,748,811,232,253,912,592,823,956,793,463,708,600,334,614,910,850,322,818,593,135,713,957,792,180,91,999,603,68,914,751,671,358,92,759,865,470,137,305,342,835,599,290,140,155,665,954,61,0,865,256,398,952,479,679,565,358,128,443,813,103,632,393,81,889,172,454,320,302,373,410,220,656,493,383,315,698,447,796,784,935,647,116,600,509,700,84,301,896,994,560,536,647,760,459,686,890,500,540,669,969,949,269,573,103,432,970,139,194,950,722,505,125,156,305,842,410,10,736,518,670,165,800,891,348,419,696,108,66,340,891,698,352,385,437,429,210,326,495,767,874,197,946,274,197,85,976,978,621,219,280,478,0,307,147,805,16,707,504,420,589,3,129,555,951,284,139,665,581,222,454,272,661,131,724,515,193,757,78,496,380,580,50,462,585,810,121,920,595,268,942,781,866,388,969,317,9,670,299,18,277,270,876,666,24,457,326,228,914,108,712,349,407,488,990,577,733,962,128,352,85,445,613,891,185,685,282,399,33,67,726,79,410,248,818,96,501,353,739,151,999,288,241,294,12,46,621,239,981,473,925,321,508,499,82,11,859,435,833,520,355,781,471,863,254,429,367,477,145,419,51,518,159,636,792,110,597,723,650,892,115,399,151,835,118,365,452,479,224,496,321,417,923,129,673,169,432,627,699,840,820,689,954,709,486,794,95,120,174,422
950,968,628,737,356,408,662,821,634,599,203,584,505,593,982,268,991,368,875,879,38,759,640,814,16,407,245,991,479,876,839,300,773,32,896,660,947,804,1000,719,817,196,957,461,723,221,793,723,851,751,289,546,219,879,32,88,311,759,213,520,642,451,177,337,851,382,936,64,24,826,933,226,994,819,341,886,699,867,892,482,986,126,714,382,762,205,218,359,519,821,341,365,799,169,906,492,950,626,459,565,99,629,121,868,98,654,155,130,255,528,591,898,477,698,521,241,33,853,266,264,786,344,415,678,921,273,365,275,378,922,380,197,565,282,741,659,823,300,736,468,858,893,51,652,119,802,952,761,707,465,88,484,27,655,203,543,409,895,319,158,623,187,433,799,792,831,972,449,709,559,579,931,468,152,964,554,723,510,627,579,332,794,175,738,324,762,831,509,667,498,794,681,224,193,491,406,285,392,575,688,154,73,370,289,689,826,327,150,492,654,510,167,284,258,248,633,942,926,58,454,900,206,777,380,954,952,772,788,798,568,58,424,724,602,643,44,309,272,65,718,76,264,741,828,596,734,521,720,468,692,747,847,327,478,168,49,525,555,672,368,943,195,30,665,849,767,101,329,560,208,906,744,564,301,517,40,602,670,214,251,140,609,388,529,609,475,953,447,864,654,75,386,188,662,94,683,503,151,396,446,90,583,525,110,881,412,949,311,596,612,73,448,795,388,219,116,136,891,518,545,565,322,460,467,642,930,486,595,763,391,795,510,776,412,781,505,613,78,25,891,590,375,177,822,201,818,359,562,711,929,505,38,850,525,762,874,557,803,332,88,980,984,946,766,406,821,404,192,115,611,209,10,950,246,994,969,984,817,653,603,416,537,222,610,704,827,869,94,229,60,205,167,858,535,240,237,404,830,696,338
891,517,854,706,5,678,68,166,699,581,665,670,999,711,431,956,870,383,317,106,195,422,578,142,860,779,276,397,107,389,215,244,348,980,390,643,431,661,188,739,899,30,214,54,926,563,117,327,515,1,180,315,533,600,568,7,918,314,128,89,41,92,108,770,898,276,617,612,399,563,101,131,846,280,690,718,51,539,261,337,796,575,250,716,39,168,571,584,349,245,468,213,527,534,346,370,247,331,719,966,845,988,429,865,622,540,869,151,877,641,784,184,409,296,165,520,899,799,548,614,576,889,527,785,425,917,272,483,492,235,354,308,91,382,102,879,460,468,936,395,920,642,70,344,416,116,876,118,824,816,650,155,220,489,267,923,121,886,543,252,16,976,372,480,754,244,860,299,727,817,966,32,550,389,162,336,191,299,158,169,100,639,771,591,253,622,585,974,410,97,825,821,92,148,2,313,520,530,332,862,516,269,748,274,839,577,738,821,22,868,353,523,520,615,515,983,588,609,612,907,104,830,734,470,719,781,25,798,17,0,906,357,725,281,627,881,852,798,334,321,943,503,485,625,461,122,702,227,478,316,458,463,980,176,903,801,575,906,640,893,370,416,754,343,890,55,94,139,533,361,1,871,994,373,3,594,382,835,698,442,485,823,605,819,285,29,182,155,858,726,743,745,518,700,492,633,939,902,172,649,587,376,388,256,869,409,982,847,515,253,756,798,24,47,266,846,625,159,963,942,972,458,505,867,837,306,391,658,796,265,867,906,951,178,502,107,687,694,276,229,17,834,793,525,488,537,715,312,651,535,376,685,830,897,263,499,458,879,483,718,795,993,623,147,278,281,411,140,342,656,790,575,996,74,388,506,491,626,853,439,903,782,126,584,835,715,967,912,658,622,692,491,850,413,916,436,196,669,665,261
138,389,274,414,981,404,211,110,937,70,235,68,343,548,719,621,796,297,298,143,81,294,476,295,757,240,423,395,698,514,250,200,308,420,820,229,714,836,773,696,327,924,652,196,805,120,721,621,755,865,314,350,525,828,223,617,379,815,229,418,614,185,10,335,300,189,399,825,78,215,272,246,807,228,830,205,306,432,159,859,676,316,781,578,378,407,827,464,80,331,970,79,984,101,637,221,219,59,292,998,202,363,318,745,979,556,458,431,487,412,730,363,260,796,24,184,800,645,368,367,87,711,737,587,708,762,790,924,365,147,209,553,40,227,119,435,446,889,757,39,770,114,651,248,728,34,280,680,261,877,186,6,187,461,420,882,640,869,824,568,818,770,945,492,293,32,366,432,759,931,749,879,628,202,865,477,130,206,826,810,2,938,75,619,646,929,843,185,334,532,453,407,260,58,164,191,984,284,833,420,141,500,664,165,360,475,118,482,833,995,936,660,954,912,938,195,128,970,319,639,462,442,632,74,517,735,559,779,590,930,626,668,375,123,564,32,704,48,807,822,850,839,945,972,230,303,351,567,779,110,457,875,7,824,746,416,189,409,946,789,394,394,352,614,842,803,51,60,486,311,1000,763,149,166,976,941,692,616,0,947,333,63,18,15,356,474,7,846,870,464,295,284,24,712,330,398,734,568,948,828,482,361,556,241,352,640,280,776,134,98,733,701,615,184,89,152,832,933,532,219,448,949,289,397,520,326,626,728,417,936,359,209,208,101,118,977,614,824,334,173,619,531,435,420,962,962,455,986,49,887,442,270,587,413,410,337,844,518,182,949,220,875,869,119,299,962,577,849,332,255,998,958,44,254,244,591,667,653,495,15,692,540,366,277,394,293,36,361,959,737,481,382,177,517,440,18,677,556,160,183
304,600,75,98,867,291,239,694,194,758,254,150,915,750,102,638,532,823,501,761,821,269,532,107,84,838,321,215,49,971,720,96,267,673,168,746,877,137,378,382,983,487,166,420,750,211,439,480,973,673,313,913,964,469,474,675,617,510,258,943,134,802,174,688,573,721,774,837,882,953,395,465,68,551,660,17,136,137,193,309,490,854,63,646,818,87,474,671,428,906,284,379,47,785,893,366,724,132,422,444,659,61,220,271,577,964,369,872,345,301,692,412,50,523,918,636,796,828,533,232,540,189,828,319,227,963,86,176,910,439,600,856,681,922,785,124,10,590,381,591,831,559,746,885,131,46,622,993,840,15,398,991,544,2,275,206,499,715,955,457,787,648,182,801,200,587,145,219,784,145,24,561,526,711,258,621,867,674,623,854,77,112,797,246,939,215,254,703,320,966,525,828,766,434,691,469,792,723,549,313,462,107,424,211,445,171,7,629,849,818,891,966,614,154,600,103,836,660,787,780,898,133,490,26,992,38,242,505,266,960,153,532,542,519,469,732,368,746,350,707,329,219,146,997,133,899,470,553,394,634,227,67,906,209,257,62,765,92,534,448,561,150,530,817,148,285,821,834,171,633,571,860,802,185,1000,405,174,58,270,225,391,4,660,183,167,641,808,918,211,759,437,763,731,208,547,534,398,385,219,174,475,345,187,211,43,720,850,573,396,663,975,883,444,669,663,358,67,248,826,853,472,575,305,918,973,583,16,87,460,203,950,511,123,243,73,972,593,987,267,103,850,161,795,824,321,172,890,966,754,281,420,495,592,211,317,552,47,438,109,762,317,172,419,870,596,798,128,90,814,758,246,865,651,312,171,338,827,555,550,325,809,818,521,956,527,731,271,590,25,401,292,293,969,194,785,344,905,959,40,863
60,485,829,330,297,794,752,933,503,323,227,738,117,408,736,71,251,653,86,826,105,775,719,772,232,371,194,162,822,310,353,41,757,464,800,53,776,766,100,129,592,696,430,413,465,861,709,257,861,928,91,202,554,966,588,422,671,719,831,478,431,196,65,495,620,243,977,193,814,552,339,882,732,341,175,192,172,134,525,738,790,720,979,546,579,731,751,724,848,981,501,673,302,531,424,755,440,232,611,686,759,827,419,473,293,634,746,991,537,946,235,597,161,502,567,441,202,654,206,297,710,132,687,849,939,851,373,12,823,608,795,590,732,817,612,753,841,727,621,598,604,228,13,259,56,423,529,808,362,847,33,537,906,815,31,95,954,628,461,754,875,623,854,249,822,476,290,560,930,87,241,911,29,994,456,977,18,670,324,242,858,422,161,911,712,529,509,979,479,17,400,103,873,863,782,104,964,579,616,426,611,956,639,62,286,67,821,506,328,50,898,836,853,674,965,708,667,492,45,198,523,72,424,946,587,646,282,98,673,618,188,283,18,403,732,36,512,742,803,417,221,886,58,759,275,149,471,227,133,543,972,128,686,215,39,336,918,291,253,459,930,223,470,90,890,557,991,682,755,916,414,128,781,376,727,381,776,894,786,516,367,788,353,94,583,604,273,647,507,927,197,642,457,778,878,580,83,837,713,314,749,373,893,265,87,39,790,434,372,90,765,558,8,548,431,65,609,288,626,63,778,275,158,971,94,24,573,93,813,364,929,428,702,692,558,168,929,878,83,64,341,845,998,646,626,737,858,956,765,885,243,682,927,955,731,751,127,569,296,821,335,980,321,11,962,916,976,829,185,763,643,839,938,177,202,332,338,847,770,746,506,934,503,192,20,338,898,258,885,599,657,768,602,196,649,283,550,321,853,375
188,904,389,12,720,738,732,347,314,328,732,744,68,557,169,539,281,359,326,149,253,648,436,217,505,132,739,552,342,855,955,37,742,732,373,220,695,116,836,142,916,502,178,525,486,23,342,206,94,655,765,215,495,230,929,976,212,185,355,989,267,773,225,243,790,723,364,952,484,409,701,33,800,253,633,302,827,443,463,951,396,739,2,934,971,777,851,988,312,365,38,948,673,649,240,268,599,753,718,932,520,747,128,263,627,811,338,480,421,573,681,254,880,770,112,882,970,196,164,17,433,737,591,563,102,531,36,434,312,484,1000,699,87,878,283,627,902,313,661,435,492,306,827,795,642,370,206,781,389,514,453,948,93,288,255,324,898,445,655,495,372,780,459,881,252,12,419,817,44,456,103,913,872,107,846,692,735,230,458,29,21,940,519,668,782,379,15,150,621,612,35,262,223,784,122,942,32,308,144,145,980,444,513,207,805,613,995,997,737,724,244,116,615,463,47,322,202,764,862,953,530,938,266,831,146,892,796,414,735,753,335,946,851,734,250,356,551,142,296,652,973,455,590,63,761,527,38,973,490,197,212,685,645,271,93,598,377,221,500,462,893,517,716,471,337,846,306,796,337,172,819,874,322,861,896,840,943,710,172,56,752,213,593,967,722,267,976,940,307,179,586,72,495,841,904,536,551,859,970,743,485,626,24,729,809,170,909,876,623,633,180,381,792,859,814,95,691,484,503,297,268,328,567,589,686,428,4,556,28,906,111,49,937,840,959,634,324,66,13,402,48,596,14,265,272,213,473,280,464,329,395,63,199,121,571,763,730,897,97,743,410,473,611,461,993,310,412,793,45,957,212,852,173,642,141,142,518,628,999,33,860,581,424,354,132,280,804,677,353,747,148,108,257,957,607,737,856,823,993,294
19,118,646,897,128,519,213,496,292,426,521,625,392,743,361,884,985,969,741,302,93,585,732,738,583,370,233,746,362,542,203,299,829,81,893,274,669,905,192,638,77,557,431,702,982,152,232,516,31,140,669,655,67,970,55,504,353,9,129,396,200,2,730,250,690,219,113,91,302,884,259,916,671,864,860,803,664,910,644,187,501,758,91,558,65,494,545,859,64,572,486,957,64,712,133,810,258,76,776,911,431,917,815,798,174,781,992,147,232,276,773,883,708,92,848,930,209,824,747,522,385,896,729,880,683,345,846,59,732,603,936,563,827,660,848,513,419,994,295,523,617,708,290,235,132,55,665,467,104,624,402,788,630,261,184,490,268,655,799,307,461,83,308,304,720,918,696,654,398,735,445,932,253,771,326,485,260,852,1000,434,466,53,203,585,816,425,284,233,200,661,959,452,430,508,14,618,164,709,785,995,726,492,146,479,549,571,567,593,249,328,101,800,659,939,783,620,385,93,12,469,142,334,813,775,310,309,299,483,728,37,667,341,338,102,40,324,325,402,523,732,580,784,577,730,243,431,303,391,771,773,70,195,247,168,647,658,218,327,556,729,779,872,261,341,770,138,351,177,278,516,674,892,945,853,580,769,690,129,184,73,444,601,189,474,227,292,613,967,539,976,837,129,38,190,494,223,617,926,898,118,533,466,37,955,604,248,573,674,588,800,824,614,653,807,435,276,596,943,348,126,420,727,50,557,455,489,903,476,854,623,598,909,926,133,747,107,578,264,216,76,609,811,682,689,726,66,522,72,526,807,465,694,450,813,232,80,497,299,435,412,754,258,999,118,805,178,442,854,402,127,680,134,811,134,162,498,446,826,492,352,617,116,476,672,256,72,579,988,589,341,237,662,463,372,425,758,858,568,917,158
30,241,400,207,373,163,493,765,67,86,544,414,74,180,557,813,802,356,173,249,70,259,281,174,855,645,345,419,98,622,120,725,840,639,108,843,636,829,622,508,787,727,191,569,501,923,486,83,308,546,148,730,425,10,37,754,200,647,56,800,872,859,542,932,816,609,912,948,592,804,345,6,575,92,559,149,528,599,83,31,208,715,955,356,904,616,972,235,954,227,991,510,203,879,684,282,292,794,806,330,39,456,705,923,303,571,816,647,635,807,911,554,720,444,406,99,542,857,798,88,855,448,2,265,510,0,384,226,42,813,505,710,375,625,351,764,400,189,355,617,551,252,394,921,431,351,299,263,864,779,90,520,275,121,40,876,727,519,760,167,336,352,637,796,880,694,512,57,971,957,804,671,704,533,470,288,207,469,100,613,784,574,735,754,480,932,925,175,546,280,614,389,772,945,306,415,120,526,902,277,646,568,56,79,166,807,986,151,584,823,852,180,565,6,360,427,163,86,308,38,278,809,2,194,67,429,712,773,388,661,843,741,965,703,293,771,512,323,784,351,730,167,958,106,862,350,389,440,355,480,134,378,288,823,789,349,726,874,109,454,980,364,172,16,559,876,190,224,477,908,729,128,628,558,76,57,5,35,720,451,463,501,966,762,677,584,844,314,913,505,17,573,701,259,712,760,225,654,327,234,519,209,787,893,10,976,735,212,218,898,933,841,144,855,511,321,877,93,731,267,108,965,833,317,325,987,24,730,700,453,471,545,852,677,532,521,858,396,865,285,1000,375,67,135,9,299,969,551,87,761,993,654,658,140,585,303,482,938,330,235,132,847,700,647,41,968,502,160,324,301,984,59,612,819,472,674,79,237,142,15,324,806,897,126,777,670,212,856,839,935,686,631,114,967,869,576,874,751,813,333
513,316,664,387,889,232,600,903,125,392,436,50,963,788,737,709,845,804,26,166,463,519,239,441,882,921,117,579,67,468,97,657,226,974,289,854,784,900,590,618,75,477,595,282,458,138,350,340,687,946,64,569,716,432,678,941,465,857,649,110,107,340,618,94,86,741,651,422,370,30,710,871,785,582,549,141,936,754,299,299,952,96,13,195,431,848,53,356,241,957,985,158,797,768,100,867,194,394,734,269,964,651,249,555,895,70,743,572,824,748,84,232,930,649,303,847,120,82,503,11,52,176,551,857,371,718,120,900,597,28,724,913,399,356,433,575,518,23,321,926,309,96,148,269,223,913,482,485,996,863,16,471,265,567,49,993,671,479,718,576,187,595,70,108,324,40,572,394,600,930,269,957,776,550,913,447,916,610,36,164,756,481,934,405,352,445,233,340,204,597,859,240,977,779,929,819,365,997,174,592,614,864,415,577,546,603,227,137,466,405,290,825,946,462,798,269,986,943,77,967,954,765,555,356,658,89,925,597,42,145,437,690,476,902,189,206,220,85,464,774,590,828,423,541,597,274,653,205,13,865,432,773,38,870,449,494,729,710,374,25,141,799,561,677,495,196,4,241,51,325,404,917,184,510,695,986,119,592,626,704,251,838,607,761,885,663,112,576,103,81,57,604,190,954,981,766,277,930,312,347,553,864,404,497,571,251,765,94,47,443,429,826,195,790,844,831,552,133,791,855,798,288,352,154,373,792,870,170,904,190,287,579,816,63,464,216,177,187,362,131,643,269,617,981,130,585,468,616,987,90,840,344,580,128,812,690,972,662,736,0,81,450,413,265,165,377,753,14,660,824,327,817,168,866,107,640,77,617,35,72,432,645,724,756,355,515,455,80,613,491,275,393,117,740,21,425,584,179,77,326
515,178,898,888,394,395,872,946,741,687,952,804,239,71,755,706,417,747,179,482,220,252,425,427,248,206,1,738,520,89,273,608,141,732,144,958,586,397,233,321,61,711,939,63,333,201,565,765,926,451,430,103,733,700,22,389,135,933,676,944,668,944,585,460,657,202,995,654,618,374,147,296,223,724,381,39,925,820,265,837,554,62,863,142,559,995,174,850,511,504,36,158,680,662,136,798,808,989,464,749,531,16,905,380,970,853,437,786,294,901,489,363,357,778,125,370,734,315,248,469,42,351,321,866,170,661,122,735,643,829,14,367,151,623,580,440,221,217,202,865,721,45,426,980,512,586,820,831,896,616,371,370,600,707,950,175,676,458,226,641,61,559,85,381,89,867,595,349,644,481,776,807,294,898,244,130,483,108,857,742,363,939,781,490,636,878,49,62,449,220,504,185,996,806,462,271,253,498,432,865,436,163,692,79,977,862,55,782,856,445,586,352,956,173,757,850,111,531,16,125,917,822,593,487,179,20,7,544,969,509,697,1000,735,102,406,860,589,42,328,913,565,231,685,344,277,667,624,950,439,709,526,628,660,711,613,122,952,592,553,167,236,398,337,760,157,103,967,702,846,246,890,4,338,388,439,511,851,680,279,844,729,913,533,628,225,309,470,207,262,995,528,843,809,959,396,320,563,307,720,224,90,17,99,818,580,829,561,25,387,449,349,568,469,278,855,520,995,72,323,782,448,270,770,680,435,252,245,458,110,460,131,637,391,554,634,733,793,94,432,251,816,410,220,621,47,648,560,122,254,691,184,148,857,693,68,767,936,4,815,408,622,534,978,885,755,644,817,554,122,448,552,795,252,493,683,344,99,802,80,390,167,934,217,378,946,468,570,378,53,905,252,409,741,486,812,826,698,822,160,535
281,603,659,803,400,209,367,171,628,973,751,986,930,687,497,654,803,650,573,215,644,150,443,258,453,145,602,620,778,442,876,911,883,753,87,859,210,994,62,368,868,385,841,451,897,660,138,389,854,390,618,960,732,466,490,246,620,645,967,703,545,75,544,826,179,135,354,624,492,341,591,665,753,2,46,739,55,248,375,699,752,643,845,41,959,270,654,753,890,58,199,986,114,610,331,883,194,220,527,390,360,60,432,912,424,835,883,56,320,598,100,756,897,167,610,924,801,564,486,901,593,1000,525,146,373,959,142,232,472,833,231,822,592,265,633,447,225,214,739,131,483,221,34,972,299,534,391,713,18,104,9,186,384,241,65,649,517,457,600,331,473,66,104,288,377,944,517,922,867,238,463,887,87,374,986,615,679,235,262,181,56,358,864,188,781,975,97,641,651,529,822,123,393,565,126,6,587,176,581,595,701,892,554,372,259,380,814,651,421,274,313,48,441,907,810,640,426,175,430,883,435,425,419,986,202,873,965,259,797,249,200,74,131,231,742,767,403,175,384,900,820,883,564,567,412,146,167,686,254,905,945,530,511,889,819,377,807,616,330,95,307,650,955,939,690,950,743,578,594,420,29,506,886,902,492,802,227,143,651,457,151,532,763,923,58,564,130,917,781,269,137,158,147,602,361,789,889,293,801,947,88,130,141,831,380,672,214,87,788,936,714,961,4,214,485,714,914,602,62,800,758,987,111,479,608,97,138,849,923,168,677,315,773,599,525,567,657,885,477,215,821,173,22,49,470,236,704,809,498,389,787,900,632,813,274,919,920,260,390,553,801,853,471,681,114,853,110,917,605,715,968,112,662,690,566,435,430,547,883,836,934,782,458,622,903,16,96,6,344,299,858,390,462,215,567,979,569,793,58,368
780,984,272,63,323,595,767,816,24,572,474,706,66,501,153,579,244,616,77,236,163,454,248,627,821,267,718,53,325,180,582,777,279,327,399,641,164,320,982,803,768,53,575,214,700,954,388,137,997,277,875,90,212,258,580,951,511,8,408,503,911,774,173,339,112,248,904,631,493,445,839,718,643,883,206,319,978,537,197,842,782,267,375,197,504,529,498,609,691,547,217,419,207,194,395,497,72,508,656,565,499,94,183,639,105,940,514,123,259,701,923,265,202,995,433,886,173,948,212,665,604,716,837,872,540,890,288,975,598,768,593,871,290,30,188,530,221,525,386,865,742,14,538,243,902,667,337,38,585,153,334,425,623,934,245,846,386,374,9,211,123,163,103,660,522,997,497,797,319,88,806,167,648,138,792,36,379,476,890,612,983,97,665,28,250,753,796,691,534,725,699,979,60,688,761,348,625,35,527,603,373,261,67,873,509,359,451,272,238,750,810,18,720,679,414,386,700,547,208,270,477,357,938,551,982,639,76,975,562,569,996,927,398,847,585,261,922,516,515,876,589,543,176,471,87,639,462,357,105,358,768,661,44,689,322,963,160,864,271,93,150,327,657,190,30,60,247,170,369,485,643,762,116,61,52,354,169,835,789,479,786,95,827,935,915,229,798,44,547,96,442,434,755,150,342,523,672,486,723,368,115,37,160,469,724,597,15,635,332,579,541,276,940,799,555,300,985,551,322,720,27,703,287,610,651,634,727,41,228,806,123,75,874,670,496,202,771,770,363,64,311,970,602,329,925,216,40,720,389,272,791,46,889,951,160,711,161,808,301,561,655,40,352,427,580,965,305,438,529,372,910,98,369,666,950,248,464,421,878,944,730,936,628,907,282,502,409,599,112,148,713,715,865,76,280,306,91,258,381,808
78,600,890,933,986,271,86,499,172,379,109,974,695,840,732,942,935,902,422,834,526,306,217,913,622,291,894,57,796,192,429,687,196,13,921,535,154,648,856,612,400,126,339,810,972,978,524,810,567,281,904,903,619,915,893,399,70,308,357,459,123,311,44,798,57,740,316,264,792,744,87,374,839,774,689,762,877,437,28,609,288,365,19,399,311,947,193,53,387,891,560,966,491,18,778,844,28,297,390,178,1000,681,124,832,948,662,367,402,796,995,126,850,695,926,430,901,407,118,333,37,535,943,678,11,888,41,712,502,544,46,206,786,566,604,499,682,793,718,818,644,639,631,521,357,609,729,137,131,857,987,166,211,700,247,467,376,971,192,438,955,141,740,778,459,64,593,726,811,631,71,264,307,804,218,361,434,616,307,668,622,715,155,164,845,359,513,316,549,321,323,383,30,791,431,232,983,158,682,614,794,832,246,329,644,920,785,405,841,716,484,538,113,663,301,965,691,576,922,441,275,542,401,549,60,615,215,129,90,795,46,201,755,643,742,535,223,100,200,464,980,212,179,239,901,22,712,733,928,649,752,643,61,725,309,411,373,128,867,274,536,526,455,374,318,898,193,226,683,756,685,271,379,559,52,778,399,331,693,892,568,675,888,438,283,856,606,206,531,159,765,669,794,60,410,136,877,794,82,455,731,435,212,648,438,293,651,322,487,5,507,561,620,504,428,628,964,438,255,4,746,777,256,840,387,346,657,822,657,798,296,860,894,744,710,533,146,807,820,631,853,518,773,997,260,693,911,631,356,922,736,488,296,736,41,178,917,711,506,913,330,543,144,723,971,39,483,514,935,392,124,427,662,546,673,358,119,905,961,469,797,410,273,154,738,982,565,535,395,257,838,7,918,905,305,924,612,940,223,987,329
584,399,517,280,515,225,400,722,92,262,135,489,387,693,78,269,370,37,488,410,899,790,180,768,164,649,150,968,251,717,17,861,660,437,276,944,740,972,569,274,255,738,370,388,950,560,611,194,403,767,825,377,874,481,326,737,366,349,777,200,20,936,826,522,5,980,66,669,713,336,316,577,923,557,712,391,850,537,92,571,588,484,678,669,368,37,109,155,109,405,403,656,666,435,18,823,17,285,751,0,531,975,62,340,565,825,957,638,863,948,880,125,634,35,700,966,185,961,695,34,2,383,705,953,1,847,252,145,568,520,51,316,719,48,958,28,87,368,793,244,249,152,115,462,729,388,324,469,286,281,433,773,989,730,577,179,468,480,867,26,259,435,755,809,791,871,499,567,369,293,985,623,597,636,604,639,282,237,924,133,355,419,22,391,823,198,490,765,680,665,821,583,890,485,468,976,888,294,941,136,762,383,34,567,80,12,934,31,356,850,782,438,413,562,520,234,53,706,586,381,30,311,176,901,125,543,654,624,566,731,969,102,813,282,189,136,917,975,233,757,769,412,173,45,467,304,15,180,903,918,844,701,876,83,906,8,139,366,25,64,538,563,961,814,495,2,563,588,869,316,836,403,488,710,908,323,310,590,168,975,606,438,169,173,826,26,733,107,962,810,538,350,719,201,842,407,855,597,937,778,421,610,626,961,518,495,261,676,47,533,285,635,704,524,947,552,730,198,378,52,457,349,668,250,370,128,527,818,689,576,988,367,757,591,865,692,356,333,27,27,254,327,60,35,209,628,46,758,565,745,730,922,444,422,878,403,226,367,837,594,869,807,636,51,694,14,108,441,925,989,51,909,657,197,675,738,688,850,498,29,287,128,897,399,317,909,361,33,365,477,676,293,114,319,809,472,689,640,803,944
871,86,718,768,674,904,982,916,626,59,41,385,448,892,121,43,15,475,185,301,447,451,598,992,173,377,710,581,482,215,879,395,185,914,661,689,407,95,38,634,47,901,120,807,953,473,768,119,428,590,745,574,52,747,669,393,384,520,910,688,389,571,310,658,331,596,196,294,98,982,393,497,498,485,961,916,673,147,55,153,51,126,358,68,541,499,788,847,968,916,758,610,957,490,492,137,868,557,211,625,793,296,789,356,730,255,575,968,902,502,807,946,632,148,443,215,397,494,294,318,539,954,906,155,383,811,181,231,547,977,616,422,319,900,619,370,13,103,706,104,211,779,79,751,954,450,830,798,595,61,459,11,366,919,372,701,116,908,125,421,212,965,134,24,908,535,230,345,492,673,93,197,752,771,197,326,346,991,597,958,44,364,51,34,199,160,946,977,179,188,490,661,559,272,232,749,359,755,747,484,714,99,889,951,500,925,120,280,621,53,261,308,160,993,969,95,236,974,930,451,653,960,631,396,993,763,299,355,462,560,732,453,776,944,687,469,38,602,883,34,244,753,650,182,195,710,616,660,946,732,961,620,344,615,527,30,393,350,294,200,782,898,222,249,82,911,750,310,272,306,47,687,214,553,505,221,95,82,895,844,160,56,48,61,611,755,870,624,934,480,836,183,77,219,121,877,681,455,715,794,812,718,829,235,107,29,886,433,339,836,647,809,581,668,857,491,639,105,22,103,10,189,673,773,451,659,438,699,89,257,729,875,934,595,254,935,808,987,481,493,139,805,27,180,63,444,6,961,170,479,324,368,275,726,280,401,284,974,234,611,106,12,868,594,928,586,194,739,27,410,743,198,880,93,232,336,145,191,906,655,656,74,828,621,844,566,954,539,687,200,42,297,165,948,516,144,351,180,140,640
301,305,580,683,333,144,121,937,665,570,587,268,586,549,459,587,187,658,630,869,716,622,265,233,291,24,317,916,471,302,367,650,632,570,616,686,72,520,783,248,851,87,558,50,464,224,379,997,438,295,13,852,619,292,322,44,779,588,872,439,376,294,359,934,167,355,399,626,248,672,398,717,158,823,589,971,459,748,709,227,173,55,978,252,153,416,632,240,42,234,999,783,921,204,219,794,699,313,717,2,42,990,60,296,770,255,762,957,174,577,939,410,255,425,937,885,303,841,232,603,712,806,187,823,546,776,675,355,689,113,768,975,378,542,653,747,942,601,341,437,161,305,416,567,470,438,69,713,912,867,751,725,385,209,192,173,579,479,915,72,820,544,742,163,269,971,193,577,128,844,43,62,589,742,306,369,943,738,947,106,639,424,556,814,188,914,452,239,104,156,270,808,903,632,128,248,271,146,9,600,166,990,417,580,411,590,644,428,201,878,847,50,391,613,87,753,75,362,927,930,115,103,339,218,801,620,875,383,16,123,86,514,735,196,912,282,281,310,558,375,77,321,294,395,283,490,696,449,370,505,751,304,773,855,225,745,252,413,987,385,415,325,255,855,826,170,61,345,117,961,378,186,688,248,532,569,55,43,448,784,98,645,940,230,724,494,939,425,521,982,104,905,625,861,573,876,697,893,749,757,656,923,648,566,889,672,567,522,114,820,910,683,894,379,76,271,38,69,946,81,225,279,579,349,650,228,528,586,484,188,405,342,659,257,108,539,76,453,452,848,779,363,675,376,795,227,891,977,170,231,996,421,496,582,673,729,892,624,35,165,586,764,152,970,700,556,526,396,830,289,883,182,609,385,71,46,717,276,411,521,714,62,941,464,226,36,53,879,852,478,795,53,482,615,807,371,605,199,119,452
20,730,390,918,876,542,522,105,64,661,950,612,828,45,886,965,212,573,694,36,794,977,548,422,927,916,129,453,267,214,572,611,176,68,330,88,466,14,774,508,778,333,793,920,228,159,927,39,963,480,46,45,479,1,22,22,801,207,708,280,301,653,18,317,863,794,303,109,200,28,670,842,695,584,4,542,440,614,510,424,829,234,451,217,697,198,376,636,607,18,435,66,878,294,785,306,953,217,540,225,143,824,152,443,167,936,563,555,765,870,169,898,457,39,833,198,34,848,180,523,578,392,137,251,918,480,192,698,84,71,572,891,322,175,609,957,105,476,343,618,688,306,88,398,664,196,997,537,524,506,299,882,508,267,804,211,580,596,981,705,156,292,147,120,45,321,473,639,232,510,720,941,644,186,196,137,755,131,951,771,799,825,45,957,507,783,549,61,700,551,734,997,939,921,445,4,609,379,176,167,97,460,432,730,150,570,861,396,903,317,759,385,604,520,63,172,823,686,279,363,648,965,455,364,932,69,590,333,335,175,344,363,937,979,548,210,651,9,596,730,533,270,423,625,182,995,161,207,210,690,127,516,466,826,277,658,525,582,139,278,298,429,47,524,715,514,335,442,687,810,693,177,188,364,436,535,447,76,315,994,487,488,759,530,451,326,460,452,78,1000,721,398,167,311,966,251,359,821,122,632,801,293,397,689,886,428,654,118,735,197,727,396,371,749,808,551,132,163,238,904,308,291,248,189,160,663,161,341,821,598,561,495,233,926,254,585,320,946,637,492,210,109,794,989,686,981,961,997,256,425,893,97,362,629,745,841,487,352,52,251,197,945,597,614,930,984,303,590,721,811,84,751,983,202,935,411,682,34,178,172,261,77,718,40,959,13,101,594,478,213,249,310,133,542,152,783,335,164,812,313
996,684,762,131,79,995,598,586,781,497,155,861,413,377,523,392,163,743,867,673,726,962,537,670,126,84,403,633,715,120,423,445,655,901,107,502,529,480,892,44,88,372,873,149,974,394,166,567,665,414,87,74,816,740,464,70,219,115,350,573,505,184,155,207,829,492,21,256,264,498,189,214,212,725,358,208,558,523,980,115,453,384,325,88,984,615,227,260,284,317,566,44,505,761,468,931,573,34,721,864,708,715,471,413,867,716,791,502,713,669,585,772,763,221,315,813,801,360,554,349,235,544,489,151,865,880,503,932,3,682,281,422,749,929,468,878,319,929,984,574,871,239,467,758,147,693,961,740,820,674,55,182,878,101,236,464,746,105,130,182,77,256,161,548,272,585,725,857,723,440,279,633,790,246,540,79,604,968,758,678,247,511,404,296,257,187,521,955,205,72,985,422,73,957,681,40,781,420,536,572,95,417,383,370,235,421,410,889,14,630,288,529,268,8,360,899,972,65,663,659,469,443,457,328,556,824,94,191,75,238,548,377,197,169,944,107,431,681,728,947,24,734,607,702,58,888,907,458,442,794,362,858,163,244,214,414,214,870,301,348,751,541,292,299,764,818,753,160,416,889,763,158,13,129,543,134,748,746,521,152,578,861,607,318,479,631,72,125,12,909,934,386,121,989,724,278,135,684,792,72,976,640,132,270,794,296,801,941,762,176,561,51,458,807,278,98,196,381,138,760,677,978,746,509,916,94,784,806,261,869,365,57,601,725,283,859,46,154,390,644,146,235,176,283,883,524,655,195,54,876,212,98,443,572,281,680,279,95,207,97,905,779,822,348,345,540,385,782,724,604,265,185,276,350,518,571,837,780,492,341,992,166,410,144,850,627,725,896,230,955,867,192,569,724,842,518,254,904,162,573
755,761,812,497,214,99,620,699,791,269,407,354,279,624,120,900,699,583,957,98,702,469,352,529,0,715,827,864,130,24,243,156,251,519,469,815,46,285,289,475,34,733,386,941,619,272,926,933,693,869,361,11,571,369,505,692,993,140,639,263,202,283,312,906,558,215,1,324,733,259,956,425,174,310,525,423,415,953,168,617,395,750,863,650,477,654,860,276,863,136,772,436,395,722,185,858,726,67,447,725,271,282,948,216,552,851,419,893,131,347,284,626,880,27,567,942,198,405,406,800,183,218,231,34,274,539,623,24,710,803,401,91,781,130,358,176,452,662,611,745,700,770,45,924,51,317,514,429,753,759,213,415,38,689,514,322,108,231,747,29,959,795,203,328,27,49,790,638,656,612,903,979,680,20,176,916,70,63,511,415,695,938,217,321,259,573,537,30,626,192,651,92,121,763,515,902,673,676,75,444,904,460,104,232,812,172,260,670,571,817,309,135,893,86,961,462,388,432,780,233,868,217,783,177,617,755,24,963,783,695,752,961,346,733,971,601,708,388,73,498,386,379,496,957,442,39,150,122,653,259,502,911,20,376,540,965,707,41,796,305,743,127,600,335,974,476,884,134,788,413,150,629,401,875,359,254,318,395,269,249,153,306,993,390,34,128,733,289,395,341,573,513,86,570,402,999,901,811,464,736,38,998,112,22,574,346,75,649,230,660,510,666,159,887,853,204,838,56,409,305,746,516,341,499,827,319,614,432,615,360,803,15,570,708,857,541,440,41,943,786,142,127,532,862,83,29,956,906,6,731,301,1000,109,827,218,573,530,738,486,988,371,635,237,298,415,729,542,720,879,552,860,610,571,18,228,635,916,467,514,908,908,641,489,556,194,688,245,930,51,855,792,126,548,441,35,445,695,769,747,588
162,360,859,312,803,228,479,593,178,412,123,784,604,690,89,580,823,867,334,965,394,336,513,84,197,627,750,365,438,985,448,816,859,649,376,987,874,542,394,447,784,255,887,668,312,24,907,607,782,733,200,473,358,855,774,439,584,217,643,797,166,815,756,122,757,851,106,650,963,269,805,740,387,731,814,37,905,316,618,592,386,211,9,597,388,792,15,515,904,797,908,134,105,372,190,843,922,614,326,570,524,538,428,246,911,689,584,329,435,909,80,911,83,230,346,322,140,361,276,31,242,373,471,562,179,717,918,896,401,885,984,475,503,307,662,419,326,573,372,460,499,116,837,529,696,242,288,17,390,210,358,421,345,348,562,497,926,41,145,66,778,991,918,168,820,558,185,812,877,649,180,602,263,776,86,100,235,707,717,177,931,141,761,947,427,41,400,739,910,552,284,964,927,899,755,502,333,77,156,40,393,397,326,91,938,817,307,772,840,504,253,552,260,508,953,939,778,350,21,292,414,327,311,572,514,442,431,503,698,543,920,234,68,881,449,371,879,298,482,509,249,106,412,294,338,224,232,577,714,644,647,40,209,494,334,804,989,287,428,96,213,673,44,293,167,473,324,766,788,624,904,620,673,606,949,241,723,495,491,982,262,83,83,297,944,614,474,455,516,23,853,207,863,631,689,962,604,626,561,358,862,436,241,606,989,302,864,562,827,433,637,11,686,62,750,942,378,306,413,425,317,848,744,959,638,348,630,180,483,855,157,289,878,740,535,301,356,851,277,375,519,97,342,485,97,120,124,429,870,646,552,421,343,161,847,740,519,81,687,652,675,56,191,479,316,798,902,30,211,641,908,100,327,585,816,497,980,173,105,679,86,6,631,958,353,946,244,367,244,138,574,14,727,668,746,561,946,224,698,286
479,761,634,704,548,310,856,800,163,651,182,188,819,18,302,513,841,52,321,244,717,324,663,292,421,150,787,554,670,379,645,693,916,789,86,352,314,635,278,515,950,829,727,212,349,497,397,62,158,270,779,761,489,231,953,115,850,201,586,416,263,57,505,247,160,233,105,472,683,374,806,127,674,859,943,817,322,529,49,706,813,644,571,682,18,944,14,591,745,65,846,247,235,129,203,904,885,951,684,82,546,838,553,865,474,487,949,858,99,723,928,185,956,976,66,237,341,569,991,689,220,382,434,566,210,457,669,228,711,393,786,377,910,648,509,180,664,663,479,93,656,762,444,499,720,848,217,514,842,130,478,69,368,694,189,55,416,368,947,692,916,368,785,22,962,673,446,549,220,356,934,298,295,366,840,262,735,195,404,707,871,950,952,703,891,20,533,949,53,706,756,59,487,869,294,489,926,164,188,415,307,133,221,820,975,625,489,514,274,714,899,588,575,216,421,199,724,142,759,737,570,765,351,353,792,498,435,583,338,656,977,910,355,886,463,715,891,235,690,260,212,52,888,695,795,246,671,222,45,706,558,642,871,791,703,795,141,961,571,52,927,867,401,449,849,864,531,290,192,434,871,545,913,307,96,78,629,532,230,818,308,127,216,679,375,628,879,342,562,878,440,812,499,190,637,468,369,350,398,571,946,322,609,146,620,514,673,75,106,461,186,365,512,151,891,621,64,366,797,308,687,116,648,365,524,224,493,161,834,448,892,197,800,69,410,434,219,651,298,544,804,461,890,357,926,790,56,547,773,909,536,600,836,786,314,702,218,711,356,206,616,58,855,567,243,433,447,16,254,18,875,794,497,315,42,65,876,935,2,428,446,976,581,495,677,127,632,618,324,128,581,730,549,273,493,256,47,765,742,178
355,221,872,154,605,678,666,91,279,299,319,752,861,672,731,711,837,892,107,565,293,788,783,135,240,910,966,404,676,653,94,146,789,98,267,786,649,868,560,381,66,483,800,100,797,660,264,328,623,510,794,173,626,802,871,640,975,209,941,300,749,346,497,266,683,579,852,143,86,688,577,133,122,907,326,498,402,501,190,259,286,302,872,707,755,219,526,17,272,246,73,236,998,713,105,976,920,0,497,559,947,727,679,161,258,884,810,434,649,290,782,31,527,302,991,3,478,603,345,201,775,255,774,284,963,885,248,867,832,16,432,279,459,250,597,17,78,525,17,141,774,178,402,640,270,106,985,815,211,399,520,871,144,859,1,236,853,37,612,414,68,734,314,930,85,855,960,67,926,128,66,336,965,225,259,706,431,726,187,689,595,189,409,984,678,886,366,115,185,903,512,736,685,407,510,897,919,420,586,373,325,535,959,673,168,519,740,932,385,726,690,813,517,516,22,986,818,320,21,936,504,670,407,383,547,813,3,996,250,423,339,490,554,727,879,636,568,659,130,161,997,154,629,131,995,943,121,305,677,684,184,957,763,572,663,314,411,121,315,97,238,853,254,223,506,907,162,131,818,24,487,52,599,802,176,388,109,66,395,327,236,900,404,123,434,503,689,706,191,832,345,774,474,998,241,697,984,365,515,467,165,684,778,935,794,135,792,669,284,960,968,17,636,590,958,868,773,225,100,752,959,926,104,633,668,637,257,126,206,985,920,974,883,584,938,876,75,96,599,91,948,838,839,382,618,168,545,507,859,76,740,608,610,565,912,843,585,170,325,284,749,826,301,310,786,171,747,129,685,700,89,321,705,244,473,749,620,183,984,54,30,808,714,456,966,42,109,896,166,213,152,562,898,312,947,881,390,182,234,315
282,752,636,108,875,860,220,871,234,467,195,229,786,852,115,839,368,983,936,267,932,650,497,672,973,542,837,61,321,245,151,255,736,518,67,640,586,495,628,210,30,378,935,873,23,687,789,980,459,129,214,510,847,205,622,900,714,832,684,541,294,243,744,873,108,590,95,630,164,832,161,240,91,688,269,104,457,317,4,298,17,811,772,702,898,512,594,275,590,210,690,14,884,548,840,845,5,351,86,55,458,572,4,27,133,704,429,929,411,992,876,718,992,443,658,250,132,915,196,581,305,612,103,544,388,905,362,599,465,420,73,448,563,192,131,557,828,413,197,215,591,242,577,437,388,294,495,365,535,220,964,591,420,223,404,500,101,116,782,343,950,277,958,281,869,311,199,47,773,164,166,489,765,523,745,323,153,791,510,80,354,611,725,79,65,908,419,398,832,659,963,778,32,97,346,756,611,527,495,998,821,82,995,823,893,344,1000,854,455,803,631,541,1000,3,605,898,865,448,986,996,714,730,366,146,724,49,653,804,716,103,595,463,32,78,113,866,128,670,171,617,868,648,342,178,792,311,635,6,520,80,2,682,397,110,158,248,649,86,58,315,797,786,172,642,540,676,776,947,610,310,967,851,345,30,519,992,462,552,514,526,433,68,27,556,89,644,308,392,282,974,56,800,906,566,897,941,91,75,979,930,453,998,14,52,239,708,151,347,198,612,793,936,787,988,135,165,727,752,481,141,182,491,639,707,381,981,873,415,858,528,330,678,293,595,87,574,142,5,551,834,433,286,572,316,229,520,712,371,170,495,1000,9,266,63,823,366,945,931,301,957,232,352,455,671,867,539,665,753,538,286,309,432,582,707,780,955,806,613,462,897,281,98,496,77,905,549,615,387,527,199,135,649,858,399,39,658,269,847,391,893
120,829,614,285,937,523,559,172,647,225,913,127,897,7,710,807,72,727,463,784,883,306,335,66,341,214,336,208,375,242,982,583,823,133,709,830,300,534,7,719,588,774,393,132,821,941,220,422,922,4,349,793,85,40,280,341,84,510,206,504,272,329,977,496,637,690,989,486,771,993,645,517,486,4,491,342,329,467,288,898,933,193,856,871,763,924,662,51,116,225,550,90,355,477,950,328,939,243,939,785,264,241,93,59,787,365,241,770,924,273,732,785,321,0,772,987,461,78,371,592,261,606,286,328,319,84,392,865,966,266,391,225,999,286,884,206,38,715,176,580,66,704,616,283,361,350,428,444,657,374,294,471,754,941,67,246,869,613,117,257,455,190,262,367,763,895,479,199,841,412,754,724,112,762,353,454,328,154,744,634,88,935,10,303,762,586,577,202,483,908,156,307,898,341,520,303,894,248,990,740,153,782,325,109,453,47,296,448,724,262,919,775,26,480,645,231,637,463,775,675,631,62,762,178,584,194,435,995,977,831,325,297,959,235,50,544,340,145,780,55,288,950,58,150,879,202,714,109,648,110,222,947,832,350,853,314,366,573,447,637,595,902,434,589,95,242,242,374,79,283,587,686,501,89,310,386,356,767,657,215,704,456,628,782,964,584,768,692,136,177,535,7,354,233,336,738,427,121,519,188,877,8,684,259,934,394,328,116,692,499,675,99,263,256,104,927,51,593,694,659,70,347,429,843,86,23,565,214,681,722,15,932,8,806,5,521,930,354,185,729,812,712,661,621,191,40,425,164,755,501,980,906,355,575,332,848,436,350,501,386,714,759,571,304,148,671,332,639,397,110,250,619,169,480,888,99,26,380,518,439,572,682,420,696,398,893,895,767,805,211,636,255,116,351,346,662,834,748,232,102
312,744,632,392,682,528,189,543,936,909,895,568,306,865,104,186,192,213,474,634,760,136,17,736,386,140,580,15,72,599,530,245,262,119,812,244,381,492,869,298,804,970,407,734,749,533,47,527,738,934,33,634,332,855,479,95,4,710,288,840,69,763,676,38,949,937,890,611,702,751,761,502,655,17,914,486,174,799,641,548,47,267,923,100,617,385,287,429,166,472,618,313,47,400,962,979,693,972,566,61,426,623,906,996,492,859,692,276,220,441,791,132,88,983,573,879,239,518,714,817,130,558,487,884,365,646,953,343,496,525,740,371,570,401,422,9,483,319,279,570,792,900,408,37,928,443,562,615,91,606,32,2,406,270,945,951,600,809,152,192,898,412,56,73,853,662,754,106,768,738,69,560,455,773,750,969,778,131,539,891,954,899,216,933,492,588,760,988,885,416,181,133,479,823,911,507,854,88,787,502,647,95,733,466,255,379,360,358,789,969,362,996,303,312,934,751,982,404,382,339,709,555,523,495,243,20,298,409,739,257,303,249,867,273,914,987,91,871,675,339,475,151,256,943,755,322,464,495,993,470,464,551,870,11,22,928,877,357,147,1000,845,172,264,329,0,542,761,132,508,230,117,780,460,586,195,463,42,743,534,235,576,407,996,772,774,240,530,593,682,83,628,795,626,44,192,539,129,864,162,401,523,493,110,567,610,170,311,714,752,484,621,785,45,317,71,263,516,115,836,730,999,300,302,689,20,264,186,355,664,681,819,830,158,751,320,965,302,437,512,123,165,189,434,743,4,515,626,416,336,523,712,514,561,982,688,6,939,689,556,430,942,723,311,931,190,52,109,568,199,366,206,812,407,614,256,829,305,736,467,388,283,720,535,92,790,68,144,169,231,672,834,667,892,524,993,390,242,742,250,486
971,328,903,918,556,28,764,938,241,820,755,221,40,253,230,944,543,434,284,370,850,669,699,268,77,119,759,750,53,137,733,30,959,39,757,662,337,795,51,121,988,971,264,32,428,584,833,355,515,981,110,816,622,959,716,381,117,484,229,59,61,585,745,197,398,150,233,112,884,586,204,481,376,930,468,444,411,603,900,310,323,892,527,348,775,398,549,408,246,232,674,22,381,402,506,500,69,552,669,881,73,710,888,875,43,942,746,618,881,641,67,596,421,988,355,515,333,610,863,755,410,153,416,583,572,654,500,278,116,897,680,116,86,182,829,927,68,908,253,134,860,637,951,999,5,483,316,673,546,915,900,614,177,998,156,330,488,730,954,383,303,510,897,964,361,965,75,949,354,536,608,220,272,186,746,921,129,814,551,840,425,286,643,264,610,208,973,624,122,894,220,368,759,297,412,186,146,506,214,839,147,267,608,449,35,18,188,3,98,304,857,703,406,626,762,15,297,712,592,67,326,692,479,400,136,36,714,558,932,974,763,88,719,850,497,540,847,302,276,649,757,787,828,1,105,327,852,439,893,503,396,262,99,214,110,473,331,827,221,632,971,554,401,684,757,853,926,505,984,480,216,133,359,655,443,118,723,692,262,91,426,310,236,724,45,981,605,567,489,206,871,158,901,252,281,208,402,687,964,801,851,178,680,343,698,609,48,255,98,921,781,138,49,287,920,710,992,945,471,639,377,689,793,315,825,995,375,554,917,166,316,87,449,866,204,167,277,981,137,386,969,23,641,18,245,318,895,169,390,347,591,168,371,903,425,168,763,165,924,287,541,344,377,746,21,551,956,203,579,949,785,869,530,244,418,905,908,529,462,406,435,97,565,886,920,540,242,726,313,733,956,35,237,527,649,387,120,493,666,820
530,386,879,452,973,981,515,804,380,37,336,770,421,255,792,280,374,721,545,814,535,850,765,833,409,783,157,294,548,505,458,941,599,569,107,605,938,303,18,937,826,563,47,638,590,759,770,934,777,597,255,841,788,484,377,235,623,981,953,451,640,318,178,194,639,675,199,435,887,791,751,727,24,137,453,610,977,599,75,408,580,839,454,819,867,13,832,499,843,949,481,955,576,781,276,731,812,676,906,252,74,286,965,756,508,46,222,795,891,426,828,830,265,495,239,496,695,852,258,606,148,95,119,758,946,772,957,647,476,315,462,297,647,962,14,231,12,151,902,736,322,43,718,414,302,315,8,524,650,383,771,518,567,136,451,953,987,780,375,38,454,477,769,563,444,816,889,41,419,270,493,76,544,493,573,796,379,110,241,947,402,897,474,661,846,605,855,305,237,836,947,368,918,339,303,152,238,961,845,980,840,693,245,565,111,714,919,404,14,459,968,330,84,709,50,549,750,491,80,56,317,150,941,360,860,31,30,309,262,53,377,550,980,873,731,616,419,306,755,933,709,691,978,397,379,114,322,890,773,694,359,489,515,435,3,571,462,373,797,650,560,935,439,184,547,43,159,893,984,864,627,800,743,649,406,171,150,410,340,456,347,894,51,865,376,533,612,1,335,665,883,204,140,611,507,376,144,373,614,583,160,723,748,161,141,387,861,802,807,264,377,54,257,448,992,859,75,510,4,996,632,56,843,654,458,931,218,394,217,216,327,700,29,776,870,951,573,960,858,31,134,241,60,765,47,173,920,682,913,581,957,850,510,691,122,146,111,78,638,544,453,83,271,997,202,629,223,776,587,3,988,495,66,241,731,24,213,337,376,769,911,442,940,973,10,322,968,817,784,160,726,13,418,207,271,528,326,581,176,420
947,838,996,321,21,716,792,481,497,833,188,467,524,141,238,444,195,796,313,464,235,213,797,674,799,596,173,108,481,194,270,599,524,889,52,165,68,960,800,505,556,508,932,82,67,933,809,701,851,845,899,884,911,87,151,264,86,959,545,272,135,126,942,680,564,748,335,649,588,661,966,545,505,145,977,446,801,862,530,492,629,711,504,103,735,997,624,462,982,493,995,151,182,953,129,718,671,412,2,774,55,910,550,969,257,248,264,504,360,530,659,672,338,194,156,635,338,918,856,932,273,961,563,126,680,527,312,765,18,480,976,429,255,450,207,243,757,75,375,825,753,755,978,637,298,171,675,816,812,532,106,816,44,535,170,557,598,600,471,242,901,419,444,241,136,326,337,827,271,68,192,548,356,711,759,919,338,866,833,777,3,993,224,59,942,834,142,319,471,445,711,597,661,132,968,61,649,353,442,625,542,382,827,743,122,188,139,170,409,603,635,355,60,434,787,489,251,694,394,594,28,547,378,998,563,704,768,485,695,127,337,540,66,917,588,885,672,681,675,939,848,588,835,66,48,46,387,525,514,96,958,305,876,353,75,822,621,671,967,40,475,444,645,978,319,785,463,295,839,432,215,337,405,907,963,946,991,17,961,40,687,622,51,75,734,150,473,363,689,992,377,523,9,129,523,791,58,727,716,592,972,5,547,68,48,712,118,686,957,363,147,395,560,448,328,715,601,977,173,407,216,401,693,442,571,482,63,839,778,755,316,23,557,554,177,80,34,557,934,297,705,656,319,263,876,422,333,355,882,926,993,460,405,914,800,855,134,312,602,393,787,895,759,54,509,401,257,875,594,680,974,139,953,412,32,88,727,276,649,406,870,62,325,123,99,132,268,300,388,649,372,690,887,175,375,754,9,774,247,354
4,927,918,258,392,111,60,484,663,989,75,276,933,259,524,573,232,531,778,999,980,550,489,316,301,203,52,250,128,819,854,298,760,891,321,604,788,369,660,815,37,792,496,836,528,26,430,456,125,644,923,254,590,817,199,394,187,204,583,778,376,967,837,76,237,821,645,428,874,278,261,933,867,353,408,822,118,406,619,514,901,855,193,259,215,330,991,211,779,572,532,879,928,226,87,554,914,395,527,409,63,700,530,73,108,40,846,166,690,1000,661,254,504,231,244,783,711,183,680,711,563,822,69,794,98,991,954,194,301,712,98,250,531,852,682,126,898,543,819,396,133,618,892,363,984,812,698,289,384,800,115,686,114,562,309,642,935,383,530,43,328,756,313,72,820,315,656,434,529,445,413,206,249,546,475,64,947,654,455,213,14,302,916,908,119,419,267,544,406,540,486,65,149,314,46,446,813,781,890,89,763,561,563,105,217,996,46,83,567,914,611,434,830,707,60,145,625,640,477,584,941,621,910,227,733,102,977,114,199,3,3,564,982,35,603,187,375,537,37,640,345,991,531,571,852,429,263,876,959,559,565,363,952,969,961,347,809,428,211,26,902,444,10,739,257,146,439,526,250,285,307,563,665,683,740,845,605,871,306,374,160,368,361,339,955,528,218,639,352,738,304,297,859,940,604,536,513,53,337,142,923,409,749,694,754,519,591,601,888,476,433,261,785,858,677,557,240,694,816,149,423,599,364,915,308,875,681,112,725,21,232,924,349,96,733,757,543,409,710,119,473,850,538,417,213,594,743,609,187,484,571,337,813,375,557,233,324,615,997,370,653,869,420,1000,531,916,149,558,205,501,718,280,147,692,898,394,379,48,567,756,302,849,662,200,594,557,60,626,992,111,808,211,976,100,318,900,74,16,690,111
116,66,761,97,533,890,953,962,147,705,272,864,661,365,255,44,87,955,14,699,809,127,531,305,201,980,120,932,742,498,314,89,320,270,724,944,766,756,797,397,944,848,543,396,611,506,246,837,176,689,775,856,610,153,156,17,622,858,407,253,861,113,642,999,308,96,751,44,746,751,308,156,277,394,104,353,84,121,933,930,390,407,831,186,701,0,549,183,347,389,855,150,951,466,91,336,163,153,201,495,810,483,196,986,698,138,831,644,672,882,972,361,861,593,387,165,486,504,419,240,195,309,186,859,891,387,373,56,821,294,893,480,812,456,30,347,996,621,335,471,393,874,610,343,678,827,162,544,250,706,314,351,361,99,939,622,348,179,890,119,14,30,558,969,547,285,120,550,524,996,13,916,568,997,902,349,287,326,936,619,132,138,921,554,292,726,671,471,21,406,715,114,470,215,86,772,478,281,914,399,279,564,153,421,876,700,524,135,745,357,863,839,861,929,909,863,366,440,497,785,488,19,938,702,344,264,466,236,347,989,671,71,154,770,354,342,570,567,629,724,685,57,937,658,479,809,172,164,342,895,699,380,420,660,253,283,119,55,238,845,778,951,157,528,864,861,900,445,639,431,11,820,406,524,865,497,409,204,270,9,797,176,215,102,304,482,533,481,622,147,537,411,896,364,961,851,76,17,478,254,996,221,558,964,845,274,79,237,42,566,691,354,498,982,62,736,623,835,254,598,867,929,233,726,873,225,526,766,348,172,62,179,980,717,820,277,849,331,435,243,15,605,276,922,830,301,31,891,99,845,375,325,268,556,245,78,597,746,147,504,450,506,933,100,645,927,130,502,222,402,839,634,676,843,272,734,949,108,946,730,43,784,982,824,823,784,290,570,883,878,963,47,211,444,717,689,989,613,355,39
181,515,462,533,426,846,289,537,728,242,717,709,707,527,682,526,693,769,122,563,257,405,597,641,771,333,833,915,598,860,792,759,615,888,309,491,197,137,680,617,658,470,205,871,365,326,158,908,709,439,952,546,658,396,827,451,604,848,605,888,666,167,636,905,487,466,633,87,716,949,8,638,600,47,88,643,41,511,61,213,374,892,973,955,424,322,612,836,436,950,366,376,412,884,269,931,902,393,395,645,572,756,142,588,515,183,774,278,74,949,359,192,256,132,835,63,175,711,652,950,369,235,13,978,975,254,829,794,599,132,933,992,145,827,433,882,981,410,504,727,422,708,691,961,505,613,961,867,986,5,143,198,391,564,990,455,864,988,33,981,304,633,673,365,11,372,920,254,111,60,327,395,208,446,669,358,795,887,598,609,902,621,43,340,326,339,335,966,746,732,328,859,90,129,390,495,4,371,233,209,634,936,975,515,732,490,975,557,410,19,940,768,669,292,136,441,232,602,433,301,526,365,80,569,363,123,741,393,270,950,227,354,821,421,73,563,974,802,31,322,950,121,266,686,964,873,445,648,636,960,542,372,432,297,843,13,833,209,732,936,162,553,508,613,935,741,574,697,630,549,83,828,869,72,72,150,453,8,455,638,90,20,297,998,192,464,2,635,72,103,882,117,888,794,262,842,957,696,311,265,832,855,382,199,832,206,345,707,865,350,602,367,22,795,833,884,334,431,772,892,179,562,549,537,320,603,999,397,563,242,141,368,736,299,72,747,29,992,609,639,322,93,961,523,1000,957,858,890,331,670,573,204,657,801,660,390,530,808,193,68,939,64,233,587,208,578,518,582,29,153,584,149,985,236,881,38,644,19,477,418,518,432,15,165,242,517,456,734,781,738,225,70,952,134,86,804,817,451,533,788
732,232,977,57,53,743,95,444,709,323,807,531,372,926,901,326,147,706,655,507,297,39,875,6,423,607,827,134,882,574,780,819,863,603,421,21,452,737,541,718,164,696,210,480,215,672,165,341,908,169,331,457,6,62,798,840,605,487,408,743,36,423,614,563,588,148,849,65,596,770,498,579,598,921,829,335,348,761,984,735,347,298,248,459,548,138,326,329,439,715,810,301,707,657,169,619,93,537,623,842,602,295,674,408,51,146,612,799,205,875,451,960,204,492,303,772,162,536,636,834,563,599,199,794,915,449,850,842,902,892,349,165,714,232,784,70,198,747,46,831,298,395,231,490,817,190,927,494,600,756,814,32,2,930,465,417,831,154,95,659,539,542,380,343,24,756,127,525,396,917,476,225,101,441,424,89,411,705,403,497,842,932,178,138,823,507,840,416,401,7,474,451,533,992,310,548,661,61,355,751,59,156,364,785,715,397,200,601,567,336,215,116,22,545,408,481,83,957,787,853,593,871,849,537,0,240,515,46,539,528,246,960,901,13,461,202,391,561,422,814,922,430,208,844,840,938,579,586,698,154,71,816,702,234,370,529,829,217,462,291,477,323,565,286,887,556,110,886,311,193,914,848,335,923,848,906,830,527,891,707,739,508,577,201,879,735,485,726,227,88,672,813,668,412,512,800,964,829,883,247,432,289,734,833,491,368,127,736,929,47,648,523,111,219,982,607,940,215,940,222,87,446,864,206,164,343,412,568,503,184,109,740,134,703,562,828,591,176,419,544,752,170,480,989,425,939,730,538,996,763,474,582,170,969,65,653,552,621,503,670,256,507,23,650,531,599,647,868,157,784,756,854,65,433,49,529,426,362,871,16,759,464,858,721,796,520,540,543,288,765,909,492,290,578,754,769,785,880,607,190
657,712,723,625,792,254,720,263,284,271,107,558,860,718,637,400,91,334,458,842,126,539,697,494,539,798,433,748,458,268,442,75,960,611,438,982,625,191,533,757,149,465,896,850,121,93,684,766,147,503,704,176,700,1000,90,702,934,614,798,284,915,815,463,562,920,171,703,658,127,883,156,531,325,737,820,852,443,919,734,545,191,551,897,794,168,519,707,490,218,686,429,648,554,825,995,895,427,498,863,211,622,672,665,393,557,836,188,448,416,650,662,19,403,164,377,900,673,894,72,474,326,48,943,634,432,408,577,612,559,721,939,463,786,63,740,687,525,895,773,248,14,381,962,780,812,693,169,891,118,316,555,389,756,43,782,720,997,184,778,50,929,393,819,694,207,917,203,987,299,609,130,186,26,593,404,992,113,753,804,313,104,587,204,424,598,467,289,880,66,257,140,402,781,759,325,330,229,842,21,652,432,798,440,564,677,990,669,237,124,6,262,473,305,304,846,380,749,601,585,894,514,574,818,303,692,237,71,408,783,705,585,629,325,629,20,980,707,264,284,461,673,403,366,269,95,184,136,100,729,956,803,126,469,967,209,107,401,223,793,809,389,31,489,189,929,882,217,218,881,791,421,462,817,30,516,831,329,283,117,399,959,279,415,902,637,264,825,321,204,60,777,454,843,9,687,15,754,680,531,474,985,651,758,829,369,120,411,247,494,708,509,920,935,300,228,462,525,451,213,143,584,970,853,266,964,708,904,211,912,991,701,291,222,231,467,189,496,61,53,420,447,439,867,201,895,378,399,343,429,838,507,756,752,724,932,728,882,702,354,160,748,126,921,282,951,607,352,612,803,560,944,152,661,627,443,118,926,259,116,105,193,116,166,403,64,900,555,524,603,196,134,11,245,823,520,965,240,921,657,402
757,36,153,15,334,429,795,992,18,219,729,196,2,781,781,167,318,801,841,494,92,661,196,953,77,587,61,644,357,143,781,977,302,724,708,383,875,432,758,157,489,326,593,397,17,701,615,103,466,826,248,17,610,223,475,235,489,208,436,258,22,469,383,107,317,706,62,205,812,495,42,927,639,854,568,611,678,989,481,648,387,476,623,274,423,834,896,805,965,489,853,224,61,716,877,916,848,321,372,838,896,245,801,238,833,316,686,549,415,950,864,996,3,216,182,791,307,166,898,768,540,703,584,504,124,980,453,139,24,539,676,137,341,165,152,412,833,990,1,754,375,518,238,669,83,807,928,121,960,741,348,97,766,571,527,941,208,633,440,741,239,934,378,834,99,468,371,184,803,272,944,559,598,259,882,159,556,137,330,76,752,708,435,247,317,282,381,329,770,808,919,680,461,930,748,873,241,437,60,806,768,928,841,123,458,689,324,273,35,806,920,435,797,794,482,211,654,274,261,483,287,870,922,367,471,766,823,350,939,685,991,510,87,397,217,323,447,506,164,356,872,5,515,348,457,434,199,18,915,704,806,183,740,820,35,716,466,448,595,518,2,826,289,775,450,64,663,422,766,464,893,571,568,739,516,645,849,495,795,745,63,22,68,568,344,113,140,115,748,801,943,747,274,924,31,306,159,493,808,603,673,666,574,521,79,767,875,182,36,649,922,233,861,90,689,286,340,203,313,786,481,334,250,869,134,61,842,969,824,352,744,894,303,102,822,962,897,757,424,21,30,281,891,164,19,966,850,315,574,881,302,70,180,457,727,496,305,582,726,173,702,745,150,275,857,739,501,538,540,560,876,277,538,539,226,196,357,342,379,166,578,454,418,445,641,470,174,106,605,305,349,94,544,136,457,26,720,464,376,393
344,496,54,192,327,952,581,683,36,297,944,298,50,250,648,754,568,107,308,626,335,753,802,520,692,986,317,240,806,419,565,601,857,184,423,792,790,706,811,755,55,825,960,756,501,135,248,551,477,310,233,1000,139,496,1,481,9,746,828,132,348,201,892,4,381,249,564,642,80,994,30,338,795,288,948,629,339,676,213,175,397,67,176,638,919,263,569,810,565,928,866,713,241,223,523,48,37,64,646,87,941,80,281,525,14,558,633,741,290,868,459,401,921,60,631,34,506,982,677,745,406,938,838,824,866,138,713,91,719,326,64,504,915,101,486,639,922,807,828,488,203,733,463,451,237,108,746,420,5,424,452,713,997,457,25,898,441,888,79,498,61,293,907,931,186,422,879,851,735,737,155,430,60,490,93,21,535,564,708,962,643,436,20,21,538,439,144,797,235,321,609,471,2,439,93,502,407,207,40,888,952,461,408,214,187,209,79,288,954,226,453,923,231,769,828,81,461,909,380,54,406,526,382,626,957,801,237,626,918,314,147,231,955,537,887,526,224,302,868,302,117,581,895,833,574,202,948,555,654,937,949,792,295,155,26,85,737,439,381,740,618,180,972,501,13,277,244,843,379,158,532,754,337,757,886,988,474,270,288,958,26,582,543,91,401,147,595,258,992,60,971,198,7,667,116,117,780,504,866,906,864,350,799,815,639,109,70,428,80,620,977,465,152,134,577,492,752,747,34,361,933,936,683,447,230,227,542,893,41,261,641,659,919,931,305,683,294,35,706,13,419,268,433,356,951,986,82,434,351,579,110,31,255,878,224,35,764,293,259,690,218,414,40,444,322,372,466,880,196,888,922,13,827,8,810,897,889,470,289,213,193,493,259,843,978,316,452,832,479,973,469,950,837,642,704,54,532,782,831,528
843,362,762,924,447,633,779,223,68,578,1000,451,476,753,385,979,317,575,147,811,755,753,145,186,200,588,427,544,938,770,671,227,161,459,949,856,813,3,848,841,150,193,653,302,375,268,899,285,195,47,416,135,1000,446,755,132,903,316,225,210,352,215,235,783,587,956,955,404,264,99,933,817,408,464,130,109,934,738,960,813,154,444,861,814,295,836,35,873,640,765,389,611,893,105,82,662,43,880,49,965,480,914,101,85,366,175,103,825,341,63,721,76,292,367,846,187,579,212,605,707,818,461,338,277,853,207,274,954,551,356,714,118,859,129,574,144,676,11,179,828,656,974,904,426,437,78,969,60,485,327,5,873,191,808,660,401,409,79,455,549,204,554,492,787,271,841,621,171,804,909,609,880,722,821,375,287,531,303,509,657,783,231,976,956,86,544,603,155,541,484,996,63,458,98,794,34,445,460,259,375,614,388,475,531,885,5,117,580,132,234,476,42,883,662,153,385,708,200,70,715,133,6,582,239,897,292,877,461,828,940,234,234,740,561,362,400,728,152,869,561,272,646,933,766,737,579,54,695,396,0,707,750,359,355,388,870,336,75,239,328,271,140,408,934,185,561,179,449,467,384,302,455,645,402,115,314,792,421,206,892,592,681,941,744,494,972,550,883,409,650,108,191,974,101,291,132,681,611,387,509,514,597,541,731,94,90,870,580,346,347,169,83,67,70,417,88,613,314,460,232,823,924,660,361,110,296,649,940,106,122,310,919,100,140,147,140,718,9,291,288,625,447,540,457,691,478,122,77,182,207,694,983,641,607,92,623,10,309,767,173,661,574,714,31,48,85,392,775,135,405,22,241,280,601,314,757,726,182,19,587,185,752,790,815,954,537,640,304,636,542,872,668,907,873,19,775,165,826,277,920
277,341,217,633,889,809,835,373,894,74,942,388,404,687,63,168,443,748,767,251,288,446,740,940,247,802,554,955,967,927,326,182,973,725,143,5,527,503,546,454,168,152,890,215,341,569,821,378,409,813,896,917,393,350,898,504,881,915,624,728,465,205,297,845,214,655,459,8,504,293,822,940,209,322,59,20,14,346,686,479,245,315,887,865,640,912,136,741,797,244,254,761,645,250,175,888,524,594,241,99,296,689,807,521,280,875,21,434,987,543,517,236,704,258,805,556,782,699,264,238,576,113,956,719,283,405,720,999,384,246,828,526,815,564,158,838,923,834,205,673,586,51,593,902,35,299,584,922,853,713,268,229,328,932,955,577,614,342,742,584,870,836,53,536,894,707,358,94,743,448,52,768,925,670,878,584,197,398,975,959,539,38,694,345,976,265,436,560,927,969,184,981,29,259,309,236,229,78,245,153,711,480,105,338,834,691,236,2,182,208,127,353,554,837,889,999,954,313,966,898,502,531,938,919,468,919,636,343,774,514,400,937,705,206,850,750,652,810,808,353,194,712,283,206,397,310,395,769,4,759,808,57,767,450,426,808,518,99,182,521,443,723,630,123,402,158,24,152,579,683,663,152,667,689,997,265,269,144,811,743,72,545,685,234,719,548,21,387,483,487,922,767,869,626,217,904,528,690,606,890,775,702,918,144,909,703,448,388,234,199,223,508,271,528,407,434,327,300,438,412,692,992,946,820,20,81,370,285,473,447,972,195,388,574,236,512,368,518,576,141,886,862,570,506,296,147,84,700,157,773,923,614,281,560,582,67,601,78,1000,15,917,490,713,661,776,464,555,672,10,302,272,506,446,86,21,104,971,552,106,272,723,229,485,340,275,51,603,59,667,930,278,840,291,150,533,424,707,411,383,692
642,463,298,813,109,654,991,799,12,480,860,389,149,574,239,905,60,103,395,922,423,348,530,6,921,884,911,134,554,796,661,935,835,841,486,509,794,619,554,65,953,121,865,956,565,28,140,413,10,458,118,65,36,90,74,481,776,859,499,269,953,271,696,694,781,567,411,341,157,832,118,135,605,98,821,966,328,829,577,551,968,568,375,971,978,891,931,833,943,48,666,740,104,479,969,735,35,892,357,283,224,244,362,605,340,143,411,969,728,329,391,248,404,173,767,257,43,948,751,920,457,574,561,399,236,594,101,769,226,836,231,165,371,901,855,956,141,652,672,415,662,251,901,150,872,73,516,177,351,883,758,230,339,910,294,802,161,339,719,98,638,14,825,467,840,451,336,988,572,79,110,455,865,144,449,240,981,118,899,309,215,495,570,867,188,782,546,914,684,687,758,567,9,831,949,625,751,94,946,276,443,299,648,43,866,484,255,368,362,71,65,468,314,935,639,835,693,383,370,286,501,843,683,821,659,453,448,168,918,238,804,223,61,892,154,714,527,985,742,562,687,855,526,860,220,394,503,217,246,837,570,621,351,659,297,56,75,709,547,575,733,220,686,977,870,143,290,671,422,949,869,398,58,734,620,819,718,418,856,117,238,732,939,29,740,15,622,586,946,348,428,354,546,8,241,320,682,530,339,625,239,662,629,976,905,583,626,76,44,845,262,113,851,871,870,345,340,292,658,694,209,604,994,139,612,415,408,339,775,556,558,51,736,555,48,124,356,666,374,474,490,943,540,106,488,373,603,272,904,814,409,496,802,504,707,21,430,389,600,455,523,279,836,977,829,268,236,239,141,469,845,460,789,170,914,651,919,108,392,140,886,158,230,128,151,473,955,984,738,950,743,578,816,88,446,453,470,717,652,726
609,840,474,748,628,595,392,803,533,144,695,988,206,651,796,769,108,189,754,745,312,731,239,54,715,109,170,213,331,144,8,517,247,300,241,620,243,654,673,224,929,150,683,571,777,159,580,933,22,391,28,839,427,240,759,338,298,719,78,194,260,88,911,465,373,81,423,507,517,984,282,272,109,193,386,935,55,740,492,614,962,911,342,540,692,203,53,121,602,501,227,119,112,338,65,104,809,563,400,280,188,461,44,333,130,632,242,14,476,810,999,806,632,907,662,539,11,440,82,288,709,607,322,726,653,987,15,176,987,901,590,641,439,756,531,210,828,733,933,132,515,226,819,59,139,405,541,542,454,525,104,796,141,371,903,34,457,989,580,850,709,950,562,737,879,983,970,998,17,226,476,143,55,95,812,593,640,98,901,171,869,828,200,879,873,554,999,460,165,502,588,110,887,229,206,875,793,829,322,477,127,333,547,869,189,651,297,469,21,394,370,338,611,505,756,545,339,450,713,146,770,798,92,252,847,840,963,502,296,803,39,100,788,269,197,928,626,839,464,826,956,930,188,801,808,731,618,464,892,632,906,634,608,354,793,252,365,984,995,651,945,167,384,22,486,275,882,567,843,580,492,189,511,732,860,676,369,279,405,646,731,167,185,549,560,746,721,144,313,872,948,111,805,197,517,386,14,680,474,439,407,612,325,561,645,13,877,663,637,88,965,102,170,983,677,361,654,929,492,634,444,285,98,624,329,336,627,127,139,635,431,361,243,305,596,690,575,34,174,412,744,511,546,317,92,778,208,820,641,531,468,86,555,53,446,687,153,167,401,702,458,20,494,226,563,274,666,937,490,226,896,239,322,332,693,293,798,748,606,838,254,497,864,750,298,599,703,279,893,763,515,918,757,522,818,907,620,841,109,191
812,785,606,554,740,90,944,81,969,392,557,831,566,250,498,261,62,527,571,0,444,515,809,171,743,600,745,868,624,48,6,134,826,310,381,403,922,34,917,417,183,87,286,964,260,141,613,563,212,533,957,745,122,254,732,216,975,169,934,914,570,536,201,413,299,312,247,793,166,616,945,700,145,791,958,263,899,790,394,736,812,226,115,718,834,181,949,860,335,722,588,509,624,81,514,390,788,148,840,412,983,91,706,433,9,637,37,618,244,446,228,790,358,490,180,663,389,832,526,342,614,919,934,795,484,196,745,461,639,165,281,677,65,48,946,430,353,950,84,421,860,173,278,660,210,88,715,774,657,469,292,351,31,454,268,43,161,319,770,966,407,19,117,53,201,881,222,633,480,679,839,89,836,130,650,988,897,229,304,78,609,141,810,24,701,214,533,76,919,165,147,234,580,0,823,401,938,69,635,827,336,411,503,941,330,712,183,375,45,696,428,605,300,649,240,367,180,584,519,849,878,211,970,377,388,131,771,593,917,929,450,36,810,465,380,351,515,434,191,882,384,342,596,792,225,842,368,250,522,735,130,425,688,43,995,480,880,757,404,276,945,665,462,755,211,964,115,734,13,947,461,911,416,736,811,739,618,456,297,183,508,938,834,11,719,497,807,980,604,982,314,753,66,329,192,151,851,463,200,467,534,592,301,549,889,411,863,390,503,439,83,117,529,361,755,212,954,897,693,720,355,316,713,704,773,176,64,455,474,262,350,682,410,188,825,11,275,929,641,47,998,10,153,981,979,145,887,629,191,751,697,838,584,209,946,166,676,537,60,401,154,129,700,155,489,227,482,932,942,270,41,462,796,625,419,549,680,361,99,98,605,616,715,957,585,574,943,482,41,593,481,559,583,478,62,962,779,802,589,399
89,628,148,398,786,985,70,282,711,960,397,18,16,774,262,65,596,770,316,199,609,782,551,698,847,538,552,104,557,715,979,349,179,156,390,433,195,543,183,651,48,277,344,312,688,587,74,421,418,302,491,859,178,131,836,912,940,423,854,751,627,411,392,518,617,542,805,127,668,459,359,933,871,857,721,684,331,626,140,423,292,420,68,899,864,878,599,541,780,771,917,165,152,383,985,99,943,224,709,778,676,334,227,508,769,935,567,417,878,75,944,826,242,181,359,245,871,311,423,409,900,380,579,278,485,735,523,818,505,456,218,472,190,45,642,850,535,377,130,568,59,214,54,731,936,642,592,430,696,660,985,533,167,679,127,390,292,220,966,442,516,901,639,482,880,37,412,375,432,8,835,79,32,912,683,185,373,525,771,98,987,328,862,441,551,5,699,933,970,516,706,43,625,239,154,594,745,555,96,219,936,332,795,789,669,202,872,480,628,913,363,340,167,151,257,703,848,47,758,612,319,556,830,905,880,374,545,845,4,496,598,505,846,267,348,996,946,214,580,713,694,35,399,774,346,623,330,791,564,871,859,279,923,653,992,971,845,901,680,74,274,314,793,204,279,444,449,228,331,596,11,545,475,354,637,524,105,205,160,497,467,264,956,294,681,158,803,409,264,95,181,902,450,882,143,196,715,599,151,696,584,618,934,638,668,365,665,402,818,208,4,397,109,662,483,223,271,872,437,721,735,269,21,153,977,645,471,150,194,878,664,454,675,431,823,917,589,806,533,885,614,276,703,826,571,624,441,990,907,202,738,219,586,336,526,876,711,963,85,583,568,367,777,396,457,185,849,203,527,18,646,327,668,835,49,467,412,817,412,346,74,600,677,362,170,299,548,606,465,598,372,519,116,231,625,203,651,545,579,994
925,589,995,428,479,591,331,801,996,908,188,16,181,734,72,403,628,322,160,652,80,272,515,385,819,764,168,11,957,322,123,480,210,812,532,93,947,471,307,492,122,32,514,668,941,232,667,265,733,814,738,383,590,955,459,976,916,953,238,59,218,188,959,135,206,105,20,945,626,275,269,220,528,318,573,254,719,697,29,271,656,62,896,398,980,158,44,190,412,895,855,412,714,14,863,9,902,107,894,747,770,664,588,289,150,819,190,42,61,220,172,695,931,61,612,23,579,226,910,445,938,401,332,85,623,317,83,864,913,47,270,645,158,838,195,249,115,591,166,947,289,425,23,317,314,70,106,22,904,345,366,868,688,718,909,353,599,208,174,439,959,200,482,509,247,426,534,415,406,561,257,288,227,367,675,142,302,108,918,773,239,477,940,315,39,149,58,28,942,953,478,772,221,372,545,959,697,715,64,150,402,297,737,840,282,73,767,632,164,561,916,186,770,577,839,525,433,52,148,780,988,315,395,137,3,749,820,628,209,219,967,358,50,698,154,475,32,208,800,146,90,434,925,172,799,388,673,359,753,852,631,41,594,270,362,432,610,147,52,394,896,400,76,482,416,420,421,90,209,29,784,472,703,32,41,901,705,751,684,841,933,988,372,809,86,754,813,94,752,559,585,485,356,739,398,795,881,548,447,885,612,845,182,523,967,27,472,439,787,28,433,203,471,820,756,809,925,609,914,642,163,983,485,697,673,955,716,492,461,828,539,280,451,424,330,403,315,893,883,664,459,229,421,906,120,514,511,77,627,588,930,995,982,347,97,27,434,899,633,890,932,163,711,409,288,340,766,618,856,698,1,727,531,651,248,367,423,685,604,873,593,684,927,728,254,352,328,432,680,735,967,112,986,403,643,523,885,370,693,469
47,233,646,945,345,644,313,900,651,545,375,873,793,622,182,449,29,992,676,709,922,386,154,359,626,923,378,888,818,249,965,718,240,237,756,999,712,573,294,993,684,613,209,587,866,201,67,251,278,702,950,974,924,123,532,571,822,500,215,201,89,882,588,290,891,58,185,993,812,919,337,399,42,598,921,638,249,544,697,241,638,95,808,451,799,155,51,911,893,169,344,662,200,289,258,314,490,431,866,572,748,265,304,393,445,752,986,551,843,805,797,658,291,474,547,147,49,795,993,946,891,986,632,959,396,301,450,713,332,39,806,460,890,151,56,756,964,400,373,225,86,468,674,497,161,759,808,653,421,494,536,853,443,432,989,614,870,293,580,187,942,75,953,837,145,316,91,806,33,990,789,390,803,812,523,863,568,673,864,251,389,532,526,70,932,963,903,769,903,142,366,691,340,913,367,353,182,41,197,625,83,714,164,420,268,147,875,890,159,648,760,28,716,945,473,852,651,569,709,760,549,291,704,106,366,665,927,464,94,321,234,327,3,490,775,983,889,697,608,370,232,267,925,579,95,784,620,362,816,792,505,698,398,579,682,434,768,692,31,986,937,721,489,161,872,235,571,238,620,243,774,730,254,645,28,503,754,218,581,57,436,47,127,797,303,714,440,959,375,522,446,385,306,931,846,615,130,587,702,620,497,560,412,190,109,776,237,44,202,431,651,455,73,679,682,677,558,700,814,651,993,187,14,485,289,185,667,199,264,207,157,448,169,251,302,649,517,745,899,490,181,447,475,298,34,676,755,604,327,435,689,327,457,674,53,224,923,870,755,494,357,88,363,972,141,478,210,3,822,962,368,512,116,551,945,44,306,251,694,110,388,554,492,309,50,315,924,681,691,485,135,738,696,624,438,822,28,572,278,25
773,638,652,332,131,148,665,178,838,631,905,929,791,608,370,387,671,387,968,850,906,710,21,421,692,463,716,253,996,138,248,650,179,869,346,285,723,907,659,459,126,201,897,648,399,44,728,160,124,353,783,885,497,940,355,942,476,648,781,310,629,324,626,242,326,478,970,122,59,916,563,572,547,291,801,205,675,941,526,950,528,945,471,162,273,883,969,685,873,775,821,626,261,363,797,227,58,32,173,952,164,744,754,942,14,885,610,863,130,897,432,781,72,194,986,673,351,378,29,678,869,12,168,596,382,759,801,806,675,730,217,295,850,331,417,659,705,349,957,833,130,164,643,381,967,161,240,67,573,967,376,133,491,937,275,985,638,602,709,216,865,451,690,752,332,669,496,714,193,701,213,746,622,255,50,677,935,254,361,339,976,277,828,627,377,301,537,489,978,686,549,110,848,581,47,583,810,310,840,899,640,59,131,584,831,144,277,318,750,384,414,624,365,212,735,184,846,464,502,415,72,956,407,104,823,101,714,940,923,166,747,865,446,795,700,600,132,648,296,164,339,458,481,361,263,278,922,879,247,368,964,508,479,635,478,212,588,279,341,100,965,0,558,778,183,675,793,122,848,630,208,976,333,940,134,848,755,167,261,816,128,658,12,758,583,7,452,678,505,918,880,665,964,262,643,292,311,478,344,610,196,610,264,781,608,275,864,207,420,602,125,19,556,807,385,263,751,37,241,237,76,832,500,163,573,955,180,713,217,665,628,415,721,61,805,570,616,431,662,427,2,376,938,789,530,753,367,382,832,546,731,264,638,33,668,792,827,459,114,141,831,618,129,130,458,772,459,570,567,108,488,510,646,320,977,570,918,298,200,683,134,84,987,940,813,571,788,388,384,576,835,571,755,218,485,922,841,316,978,249
599,539,332,850,566,445,915,522,638,481,438,155,757,451,369,261,35,882,550,269,772,218,320,248,199,179,543,287,573,566,768,719,25,457,160,271,556,212,370,850,627,618,700,328,724,347,291,429,199,140,694,269,380,766,458,658,876,808,120,979,791,76,73,89,537,427,644,576,329,35,974,384,593,336,912,323,576,170,425,20,613,960,670,170,486,928,451,573,928,153,347,287,405,902,538,684,695,565,623,839,123,538,184,835,704,645,737,249,865,921,809,888,970,690,509,444,689,80,901,263,762,773,890,754,793,687,110,927,397,452,699,29,53,272,808,712,960,873,232,863,214,215,764,965,847,139,664,413,662,570,428,789,100,13,78,966,136,394,162,964,980,924,121,18,952,707,627,312,849,368,74,544,572,644,254,109,625,522,668,896,247,707,684,963,523,531,287,269,834,711,92,927,687,91,293,60,106,69,899,273,700,452,135,974,575,739,206,756,505,468,788,114,887,993,554,194,862,735,852,226,643,933,769,658,90,481,699,91,14,470,856,674,874,68,434,422,755,398,36,7,110,813,692,620,745,168,801,286,369,466,292,77,525,349,762,780,100,957,325,513,980,320,940,338,880,952,660,909,111,35,952,608,309,173,477,760,287,178,796,140,855,505,444,516,477,383,347,317,532,551,999,206,638,997,389,718,289,503,780,537,362,479,665,687,26,830,594,993,106,317,514,649,999,966,103,583,783,685,629,641,837,208,819,863,450,770,385,310,532,848,418,117,874,148,915,591,512,450,743,617,593,993,886,374,492,433,407,5,819,883,795,93,1000,781,828,998,68,636,266,738,663,368,150,882,588,504,885,443,63,633,270,577,176,671,267,400,468,617,465,58,669,511,988,500,208,781,230,661,50,316,497,588,368,835,130,186,268,751,257,940
595,747,625,948,159,557,309,553,714,634,236,468,848,973,735,741,127,195,359,737,940,797,35,78,525,803,687,493,855,651,577,198,791,574,357,496,307,27,185,690,838,816,49,78,843,577,365,112,872,403,240,444,630,555,161,879,98,549,997,317,680,105,359,357,515,962,348,662,150,162,872,637,907,428,282,945,934,746,270,172,796,805,833,797,56,567,133,267,951,468,800,637,768,320,718,404,951,289,982,40,68,761,685,230,760,426,563,740,552,828,617,216,956,52,523,760,187,724,544,276,144,569,352,956,495,11,945,789,659,427,760,778,815,647,546,630,303,49,888,960,222,173,151,570,519,362,185,96,597,623,469,666,997,655,786,102,724,430,715,163,831,139,432,92,327,249,735,843,728,142,730,763,29,40,624,120,154,465,8,46,922,660,587,222,821,635,647,290,867,879,779,929,595,467,414,831,521,741,168,56,195,345,32,85,492,737,279,640,486,377,821,659,209,378,142,734,829,453,213,291,936,760,541,69,383,992,293,222,581,161,315,990,252,464,161,682,497,23,825,515,615,204,956,809,391,554,978,544,271,310,256,813,517,522,741,835,213,305,197,789,108,812,162,57,251,630,298,323,953,644,73,507,15,630,591,940,652,22,244,390,297,514,495,939,38,783,575,865,897,760,946,993,549,744,970,110,91,709,951,368,759,229,5,492,51,219,644,356,472,509,876,726,31,395,677,62,393,659,792,579,898,768,250,956,103,406,542,654,33,678,552,775,6,379,831,705,126,725,104,557,846,807,953,97,803,649,981,210,430,539,70,382,268,699,819,968,547,931,464,12,457,799,117,482,136,683,677,201,978,173,367,12,2,867,546,410,939,433,832,78,404,930,842,773,259,571,340,547,814,219,634,448,687,146,649,970,185,684,847,928
695,734,731,533,904,565,415,142,921,538,263,196,551,121,194,904,472,321,472,982,679,59,321,686,496,718,814,222,338,789,667,632,841,381,211,234,729,362,489,247,685,530,114,55,984,150,414,58,103,476,244,926,172,328,846,259,648,323,978,557,960,38,94,350,792,43,539,188,567,28,81,149,382,933,446,394,541,298,900,979,48,223,865,58,46,372,293,996,916,469,906,232,837,741,776,105,224,5,14,17,850,450,629,211,224,920,700,180,166,441,151,210,340,137,158,169,975,866,207,362,572,195,498,205,373,13,49,366,214,280,519,757,642,286,147,665,675,614,52,971,355,819,150,676,636,850,651,497,535,225,815,620,321,83,568,123,762,473,441,688,306,80,733,992,809,330,815,763,567,891,979,19,84,528,144,663,789,225,270,665,306,589,578,709,770,414,989,139,660,553,477,157,400,42,941,232,544,619,623,623,557,796,765,942,33,711,974,330,303,323,692,584,203,791,495,301,550,725,263,926,811,184,865,746,26,215,60,100,507,35,309,299,577,5,94,218,840,584,621,63,604,110,317,557,276,257,837,880,327,266,207,34,150,735,968,291,95,443,756,103,606,303,854,715,747,838,19,147,297,196,821,871,383,961,860,139,191,671,605,475,275,855,20,201,484,103,541,126,704,949,906,888,419,292,186,307,309,257,311,717,537,818,712,542,721,114,645,622,673,403,688,9,238,868,100,443,196,441,854,148,311,329,834,957,749,806,831,203,929,234,314,264,808,69,76,571,55,473,838,354,698,420,495,848,960,622,491,729,404,599,42,515,786,451,151,190,926,892,867,956,596,355,519,539,624,718,447,193,697,547,820,462,436,866,12,642,164,847,729,773,770,946,41,376,537,373,669,448,736,619,452,788,245,573,781,549,610,461,445,157
165,663,416,857,617,900,682,125,585,270,4,48,234,364,678,875,406,410,828,349,755,385,542,236,465,639,953,617,179,198,463,498,358,408,225,589,874,776,929,602,964,797,658,107,254,315,908,3,353,342,70,899,302,762,266,126,348,911,973,34,138,316,631,272,798,167,773,416,794,133,291,462,664,173,906,448,938,691,470,323,59,582,400,584,462,487,925,577,908,749,106,370,259,806,358,155,408,571,537,527,102,828,753,485,483,945,255,540,96,861,879,392,617,563,409,252,661,758,20,794,534,477,270,981,2,88,421,911,500,993,383,969,121,552,325,4,231,497,267,455,394,12,422,86,653,365,251,488,799,896,101,10,134,349,146,536,863,297,518,284,243,184,545,14,20,290,442,761,417,495,555,295,415,392,912,442,368,904,514,569,521,819,367,792,898,249,183,163,327,267,417,727,476,291,254,87,897,486,505,367,944,482,322,778,14,723,855,969,608,788,735,511,716,589,596,484,450,772,878,631,335,730,208,416,621,284,146,760,30,685,92,562,622,5,27,810,29,120,81,384,84,753,914,855,445,812,717,551,229,312,296,538,919,461,719,289,573,910,561,118,470,351,597,143,186,3,232,208,746,392,383,376,425,397,779,361,143,101,843,428,313,360,538,595,253,743,312,370,464,914,714,494,852,805,659,322,449,996,932,594,842,177,982,765,862,580,357,769,991,491,46,318,441,425,53,480,301,221,624,546,371,495,54,940,786,865,743,852,86,736,487,696,43,904,741,276,849,446,682,575,512,646,845,898,591,805,251,751,304,784,944,955,48,745,730,790,203,950,725,331,82,684,655,328,844,632,289,502,136,868,358,430,685,49,581,262,343,858,313,820,326,191,568,564,614,152,660,118,432,588,737,10,560,757,613,476,732,742,970,63
319,572,122,377,449,596,225,685,902,50,310,857,630,824,607,581,749,884,363,422,846,866,62,181,400,565,648,851,935,479,674,438,279,904,607,801,682,105,440,938,30,976,129,92,23,400,265,641,517,242,904,228,165,182,417,471,142,7,430,960,392,538,618,578,51,758,835,104,475,776,848,721,643,173,289,877,778,775,291,903,846,501,221,171,709,953,250,134,854,777,207,594,592,241,707,790,330,891,860,102,314,661,702,375,431,545,871,762,278,608,438,583,133,650,758,409,773,181,99,460,239,256,957,517,546,426,628,187,619,837,329,765,138,258,360,455,226,835,584,579,846,851,248,460,450,156,258,366,757,240,356,460,615,633,891,903,210,748,804,464,187,537,911,673,389,88,154,824,76,437,567,731,214,968,124,652,669,124,735,820,819,945,501,318,629,503,773,755,177,346,293,616,487,863,263,711,784,288,894,176,741,658,463,890,313,360,594,214,628,800,939,309,838,816,376,555,627,973,835,482,121,961,616,685,659,392,147,303,203,636,164,508,999,869,98,105,327,240,637,518,42,213,735,454,227,527,647,26,623,648,224,330,307,195,713,20,89,201,464,585,643,757,18,244,237,308,23,68,567,810,903,154,788,401,955,402,13,696,77,822,335,328,315,923,250,412,105,371,576,235,163,522,583,679,987,514,280,915,849,672,530,699,118,796,646,921,578,150,161,603,764,224,913,313,581,204,502,213,717,651,378,952,65,209,213,794,146,184,908,141,974,532,6,111,101,243,169,655,959,403,557,131,430,355,599,116,412,8,551,476,859,570,494,524,314,62,845,994,161,598,279,522,669,689,498,398,149,503,404,646,180,706,357,31,362,92,967,302,555,30,458,558,172,493,612,39,781,970,452,654,964,20,58,810,422,432,814,593,648,923
301,872,401,538,851,992,597,207,575,372,748,699,963,327,570,392,19,777,510,88,245,90,547,151,762,79,263,950,269,453,168,855,429,198,29,152,147,27,572,746,268,21,30,313,409,393,238,795,287,198,391,397,621,679,191,317,445,605,678,184,824,403,94,811,737,239,682,216,617,480,588,947,219,48,38,878,988,912,417,791,378,185,30,186,126,561,450,842,47,155,225,166,513,478,311,945,9,460,106,34,684,330,439,641,675,902,970,650,348,372,903,539,881,408,622,850,710,831,850,865,252,530,916,34,562,584,820,431,572,132,534,440,626,606,29,622,711,827,821,436,370,495,927,830,193,905,400,210,724,420,208,196,817,37,835,359,497,721,103,694,460,350,994,850,726,298,521,853,580,895,61,363,962,587,213,277,712,650,431,947,992,582,429,726,64,434,69,210,237,982,206,665,765,235,257,845,299,534,341,264,310,760,949,380,274,722,84,867,845,480,345,918,439,749,161,791,375,609,772,4,489,204,501,398,88,36,826,363,510,348,694,595,736,905,87,571,112,144,544,267,693,779,901,935,835,881,826,199,566,716,114,0,201,216,586,401,199,672,670,156,992,37,393,390,745,661,18,486,930,497,986,218,703,142,176,903,574,548,635,811,917,197,787,735,126,891,203,970,355,716,163,62,741,692,621,465,473,787,949,122,167,892,498,128,702,496,909,823,18,710,440,704,392,984,474,474,471,143,854,651,481,595,439,862,69,234,222,750,124,368,438,770,292,733,265,512,629,358,580,446,887,995,786,836,686,423,955,505,285,691,686,663,943,774,334,311,911,513,89,394,478,296,723,968,17,629,424,67,178,224,160,147,954,357,786,842,606,440,345,327,291,528,13,270,153,433,962,897,349,263,608,671,592,280,699,896,489,401,690,518
529,89,89,932,800,705,239,869,12,983,70,433,762,996,444,994,708,104,196,181,356,27,245,494,706,432,842,760,570,149,466,439,475,725,370,532,899,497,372,150,232,105,330,50,171,669,999,488,761,686,73,342,271,18,538,248,468,761,382,677,581,571,747,337,432,394,736,669,833,242,62,13,278,166,697,745,228,416,717,355,25,653,704,862,736,165,216,612,194,172,236,542,607,815,804,311,788,302,438,651,370,906,110,369,957,225,311,971,468,724,564,244,162,661,626,484,946,688,528,892,688,984,550,695,79,99,725,231,407,822,612,186,198,582,367,302,358,468,706,931,861,764,751,510,492,223,821,867,380,478,270,815,754,224,60,172,132,571,642,401,779,42,469,247,181,464,737,339,881,346,567,608,882,908,192,305,128,925,388,141,390,666,252,563,181,877,917,299,236,761,807,876,701,94,85,88,743,604,104,523,677,658,41,754,694,778,822,194,684,430,568,772,249,563,815,35,259,726,16,169,64,73,697,612,964,109,452,564,183,618,295,293,497,445,501,308,932,957,585,80,968,16,434,404,599,416,560,844,777,964,798,67,37,254,461,248,657,437,224,110,458,257,55,382,776,65,204,854,368,835,138,834,564,603,85,670,638,158,640,234,559,306,506,896,162,274,107,434,16,363,415,448,83,200,644,983,212,346,252,754,521,406,382,486,199,59,1,781,966,286,677,310,841,84,635,756,892,355,671,897,994,185,214,977,458,277,158,348,827,559,863,304,44,59,248,294,326,194,414,945,105,804,807,374,100,197,534,32,972,321,727,512,502,373,804,403,651,915,979,801,409,459,696,233,46,805,859,40,508,39,125,337,199,176,752,461,890,26,372,284,0,581,286,718,634,708,31,909,75,188,376,822,629,252,251,418,479,598,985,906
29,719,2,170,690,348,913,367,372,563,152,875,480,286,109,368,897,225,457,318,839,512,444,2,921,159,85,824,436,75,239,502,566,28,69,985,635,903,233,649,11,620,767,436,672,453,593,345,180,614,621,960,812,813,201,66,620,908,110,237,258,254,1,301,882,173,847,93,603,152,85,481,694,654,470,523,954,93,347,781,380,389,428,965,226,157,715,136,505,912,707,735,911,319,611,629,483,945,56,532,138,208,586,686,192,707,544,792,397,469,9,231,930,364,697,419,570,683,460,883,308,729,897,328,613,647,600,332,841,880,288,311,484,751,528,729,7,839,458,459,111,213,961,155,852,946,170,894,108,221,4,48,852,206,347,692,85,303,472,853,852,70,841,604,103,354,271,949,657,693,283,253,605,847,384,445,877,890,595,566,279,42,99,930,135,581,685,128,827,640,720,181,609,347,963,815,576,110,232,695,710,785,985,275,793,594,401,677,954,604,175,67,991,89,431,477,732,242,66,8,314,134,236,591,117,234,101,195,915,397,397,169,757,559,925,24,982,343,321,779,595,284,267,803,14,686,814,637,71,737,639,828,280,510,253,526,186,84,370,136,978,301,252,469,538,20,88,625,456,577,863,522,524,387,144,99,382,936,674,620,423,778,860,15,560,537,463,473,600,217,166,995,437,230,21,463,624,835,688,103,699,453,392,58,441,947,253,64,218,172,518,101,542,254,356,858,298,549,196,204,437,879,654,606,907,588,534,270,847,612,445,862,60,432,161,387,229,357,945,162,563,285,19,22,445,758,950,114,919,481,73,308,586,500,579,339,600,448,552,273,62,590,303,419,982,771,37,573,392,303,112,347,382,2,237,776,859,203,161,755,928,729,359,979,488,502,369,11,227,302,787,468,333,138,838,574,192,650,256,464
954,298,251,986,435,576,93,239,992,378,506,456,921,237,655,839,180,422,791,227,817,183,851,89,71,483,509,736,236,566,382,425,803,358,949,968,455,964,692,961,225,32,785,281,741,400,78,950,871,20,884,899,1,488,136,911,550,948,834,532,876,763,904,343,669,220,110,508,484,36,807,56,318,876,459,195,247,877,154,92,129,297,683,789,738,818,263,800,147,155,85,594,929,755,11,453,132,177,165,46,297,879,592,770,564,312,68,491,976,591,891,858,164,940,769,611,388,717,180,368,239,352,917,221,514,99,143,161,738,577,972,832,692,888,590,979,560,789,728,777,219,988,800,654,189,267,647,278,760,254,906,348,984,778,150,165,477,575,821,936,52,114,285,292,473,653,967,79,160,923,811,487,183,909,48,6,375,113,903,286,345,741,127,15,104,820,651,582,741,285,242,654,943,483,433,227,795,989,590,92,270,855,422,848,172,468,88,958,76,238,966,304,460,798,344,611,370,761,563,769,118,858,545,666,349,954,771,303,19,284,138,175,926,409,316,745,279,715,31,322,10,806,455,104,195,193,638,578,171,544,302,648,538,146,110,286,218,234,659,930,709,42,143,84,257,358,340,846,722,91,695,669,925,896,31,848,602,862,629,180,738,448,447,886,277,670,837,354,648,550,975,358,984,529,967,644,999,935,531,489,231,820,692,700,663,780,522,575,801,284,372,249,537,868,437,625,136,519,857,906,347,456,188,226,877,204,814,202,304,887,601,395,292,258,537,893,284,796,77,941,298,503,132,485,953,737,239,358,178,287,705,77,816,779,377,30,90,799,877,547,827,817,666,670,89,982,121,777,170,166,427,73,257,883,314,230,717,78,653,294,526,104,516,555,912,311,563,812,230,438,480,175,741,426,306,112,407,515,863,839
883,46,421,824,579,590,842,877,469,555,528,4,578,33,946,599,305,115,302,50,467,722,388,775,430,573,111,727,859,681,814,397,143,379,621,76,401,848,686,962,421,308,902,228,304,832,526,438,820,228,124,627,305,176,120,649,125,755,584,774,997,212,445,496,519,59,350,38,339,923,293,142,403,335,348,101,743,716,668,504,643,838,60,809,122,608,924,828,514,944,520,127,670,409,224,243,995,950,565,34,257,587,891,432,171,821,894,998,327,671,200,681,940,305,466,434,416,761,706,467,681,149,281,394,738,755,973,964,210,277,124,468,294,628,510,193,339,971,326,693,378,415,774,249,670,817,406,230,845,768,460,133,897,809,214,417,552,51,36,494,949,160,450,355,715,663,342,255,16,111,38,960,310,441,460,777,355,13,22,955,26,536,950,303,566,855,184,340,470,606,922,770,607,877,647,51,580,45,981,829,432,707,479,597,252,471,351,895,559,669,525,886,95,263,782,760,208,662,280,778,376,294,705,372,159,62,765,548,770,11,250,197,611,164,981,989,692,93,363,918,419,444,989,871,906,827,353,545,103,559,504,966,593,649,281,716,739,410,718,130,49,603,147,722,144,248,776,833,77,835,88,97,165,660,261,990,801,447,732,475,823,657,990,902,73,969,153,899,694,428,85,483,74,965,894,845,42,847,407,635,482,431,235,461,824,38,827,385,230,501,19,949,381,476,791,46,849,287,225,716,556,109,198,172,571,514,277,925,971,887,136,680,471,794,911,5,915,715,586,953,211,711,875,925,289,478,299,253,90,53,470,664,395,95,185,267,504,910,83,354,308,145,262,951,205,562,470,239,270,961,207,916,300,693,72,71,297,827,798,872,61,86,46,639,878,389,563,460,308,133,148,842,216,45,23,14,215,882,821,497
639,767,445,773,336,307,21,309,116,742,44,372,426,261,268,220,939,632,600,502,235,162,664,902,244,791,122,317,625,623,155,168,550,202,976,421,686,456,146,500,292,426,231,673,982,625,623,221,440,772,939,976,927,378,519,479,367,835,401,448,873,298,553,421,6,86,490,924,825,685,935,785,524,937,281,747,276,409,462,970,355,608,775,350,101,677,170,952,514,147,576,79,360,401,159,127,473,477,898,873,821,755,478,304,52,119,632,855,24,982,101,343,203,903,995,657,334,690,280,405,789,234,16,926,420,965,3,468,172,635,355,128,916,529,913,903,280,509,761,322,953,532,116,661,314,853,874,959,399,136,765,651,192,481,910,427,215,251,292,917,744,390,713,576,223,505,845,758,320,356,64,471,699,443,258,527,327,991,412,109,118,111,136,769,381,72,103,392,264,276,693,874,684,151,342,434,925,541,754,185,52,816,774,980,120,95,601,822,595,179,322,931,61,907,869,188,465,471,542,667,338,550,702,695,286,686,390,556,248,826,92,34,763,286,379,902,865,155,821,677,777,288,275,969,639,33,91,334,685,79,198,476,67,339,600,637,226,552,868,717,899,84,628,420,223,467,267,578,794,214,453,794,22,445,347,381,817,523,831,257,565,241,906,208,392,706,928,965,115,136,827,48,813,204,191,140,898,497,803,964,916,654,973,85,123,764,942,612,470,152,927,415,726,315,777,855,349,861,643,437,969,585,674,950,669,295,71,979,40,832,234,84,61,802,226,417,924,805,295,281,882,823,889,129,617,496,275,432,437,64,470,13,692,449,185,812,311,712,822,823,958,986,263,846,59,985,323,26,218,357,175,892,77,750,219,918,925,53,512,445,949,609,981,312,58,940,510,831,403,217,849,581,557,666,89,512,583,395,32,104
132,430,523,205,965,732,630,609,669,711,279,250,668,216,106,955,806,529,153,640,869,455,802,90,668,575,66,831,632,432,967,615,273,604,611,485,585,899,655,838,860,535,809,513,124,83,689,429,973,313,963,858,22,431,5,620,869,18,993,163,574,655,435,116,826,387,914,876,195,194,552,102,77,632,723,406,443,530,521,40,758,195,19,623,172,230,336,624,935,594,368,179,590,207,550,302,160,148,796,222,193,76,834,980,292,724,794,941,998,6,572,625,728,682,731,253,812,184,224,401,818,779,813,825,846,945,567,337,493,944,788,982,116,276,439,66,534,923,685,383,410,966,624,544,239,419,451,109,468,706,288,598,16,329,250,963,795,971,342,697,149,870,140,773,582,393,931,8,658,785,453,150,290,642,575,547,567,450,989,559,809,662,661,875,219,148,674,789,100,965,259,453,472,109,634,314,740,235,411,887,964,278,237,566,840,24,33,158,422,580,834,825,334,840,254,253,63,945,212,221,494,508,761,851,384,481,429,537,684,224,639,862,779,491,671,49,939,600,131,439,916,198,413,562,671,929,683,397,291,267,527,644,576,493,947,871,60,460,174,751,292,349,174,174,952,408,10,746,212,875,420,332,913,459,549,336,485,830,654,733,871,821,165,817,381,215,472,47,183,21,111,248,136,473,697,761,867,611,693,471,987,128,808,277,433,854,288,175,371,964,879,514,230,704,985,271,5,331,608,330,410,516,70,780,789,960,407,74,262,651,208,955,52,183,443,131,391,121,178,989,927,651,781,569,213,939,167,981,428,15,797,164,79,842,320,243,908,535,271,483,640,493,949,167,750,782,243,872,852,556,577,992,791,940,789,672,874,620,762,234,370,561,836,708,991,270,450,972,673,168,375,817,63,235,668,215,125,628,926,307
531,656,520,341,273,615,384,849,555,934,584,333,797,323,9,599,948,933,10,426,351,187,416,196,426,979,691,0,977,845,571,707,904,847,945,235,420,972,411,380,842,520,793,772,217,62,577,638,863,635,391,176,692,857,154,756,607,416,198,120,954,454,823,581,532,858,71,361,947,135,372,677,183,812,619,865,949,412,749,981,801,140,217,517,737,582,787,610,67,305,704,263,542,222,507,810,245,357,758,636,343,115,687,682,610,563,628,329,379,195,633,44,473,491,528,260,540,226,664,197,911,267,975,460,371,824,578,970,61,128,220,686,25,364,81,789,582,869,336,761,343,307,817,352,883,673,516,39,5,680,325,93,944,365,497,480,91,214,150,359,194,175,889,562,779,853,227,530,882,998,817,451,920,533,886,9,329,850,749,420,749,360,14,136,698,258,441,593,819,557,890,804,830,663,99,97,157,88,816,164,671,1,314,488,917,790,277,610,646,238,85,452,238,814,775,258,255,261,377,561,905,659,817,922,882,669,292,287,624,647,652,714,284,98,565,58,325,668,118,725,455,316,611,905,465,153,81,631,639,401,911,476,250,629,477,48,810,496,34,866,955,319,499,717,720,448,180,403,883,119,937,198,957,41,730,481,561,631,627,140,745,447,1000,871,397,189,454,545,944,738,707,250,562,680,312,210,292,493,665,27,94,559,861,728,92,351,472,884,817,801,801,908,209,984,127,274,754,802,542,602,547,842,419,926,911,664,9,993,546,683,186,250,796,518,296,808,400,10,129,669,3,705,81,167,4,192,602,404,824,676,805,282,117,266,864,491,648,776,93,174,672,457,468,552,43,399,143,316,3,607,157,53,321,534,789,799,82,346,928,580,565,244,909,889,479,765,797,200,916,640,16,358,509,688,587,882,403,765,444,73
589,841,973,122,80,836,224,642,786,235,679,936,378,341,232,419,124,877,570,267,863,82,314,835,706,636,286,433,442,347,425,568,433,511,218,269,39,136,934,200,755,442,841,901,579,972,456,416,202,184,482,955,18,763,1,617,997,59,159,111,464,798,504,770,634,564,667,475,681,711,936,650,73,536,896,182,376,535,466,392,800,666,914,434,603,9,225,638,656,108,20,952,853,401,294,113,884,631,793,491,364,902,461,538,804,904,845,933,521,739,896,571,389,471,134,953,757,275,767,886,297,774,518,821,350,715,63,184,501,371,161,53,566,333,78,804,844,787,627,94,983,820,669,224,37,452,901,803,511,771,619,667,823,250,772,979,187,922,95,854,802,458,537,268,715,605,737,420,349,613,282,995,946,254,858,682,855,278,238,504,378,0,248,292,392,597,576,886,971,666,357,9,709,594,649,343,783,431,116,444,411,497,866,623,586,759,292,982,396,131,284,88,753,792,405,915,734,487,626,927,83,799,837,319,144,599,946,220,308,29,296,567,2,659,149,406,311,818,909,496,505,50,780,895,797,565,522,407,375,133,556,268,926,810,53,665,486,138,806,133,40,318,938,528,414,578,804,485,621,707,752,777,870,135,314,482,485,314,512,934,21,933,894,128,247,30,759,23,209,543,845,772,864,82,649,861,488,413,350,792,218,546,810,999,247,753,882,33,537,894,339,342,488,48,850,672,703,336,396,946,515,252,284,612,410,707,634,808,759,551,599,625,8,658,742,518,513,616,152,107,109,938,761,906,787,982,186,728,6,385,17,960,882,859,173,183,510,810,947,592,899,925,218,215,41,963,28,810,140,981,611,938,378,972,292,424,611,129,65,51,705,328,49,455,864,389,666,804,179,495,198,950,317,124,137,707,250,432,516,155
622,951,59,978,834,194,743,660,982,626,194,567,488,631,918,495,111,632,882,910,235,614,606,382,754,681,631,277,762,851,565,74,712,218,209,145,781,809,539,871,858,918,25,811,965,483,175,879,601,561,705,80,760,812,325,748,249,750,462,333,248,177,605,255,663,894,773,698,892,518,496,593,341,845,928,43,185,593,122,942,261,362,874,94,762,950,963,442,407,253,690,540,912,579,983,6,505,969,859,80,161,824,135,61,362,307,114,727,35,973,84,116,973,759,361,330,179,774,589,377,774,271,322,187,139,836,676,737,160,898,359,537,556,29,417,587,376,670,317,183,465,434,36,152,504,565,158,277,93,814,303,595,361,144,656,620,597,640,858,612,308,395,855,679,264,395,319,853,124,417,891,897,92,765,845,642,583,269,532,34,133,636,683,113,713,128,218,597,119,465,269,525,755,831,46,403,778,656,87,332,523,151,738,740,766,613,443,501,451,624,878,188,872,455,78,507,12,959,996,593,220,512,907,873,1000,606,611,694,826,919,41,544,712,67,722,119,799,34,572,460,615,489,260,999,510,234,137,176,678,62,868,259,244,560,407,982,329,653,807,294,333,519,774,425,280,633,764,827,881,37,98,932,447,655,783,493,327,344,950,250,556,893,32,96,787,854,37,692,542,817,240,535,784,988,991,381,500,635,136,750,745,421,805,347,766,830,868,817,363,227,617,874,226,367,437,4,378,552,904,616,556,716,359,963,283,613,697,847,468,452,20,812,851,482,745,977,207,888,178,645,853,979,612,424,579,238,880,664,560,497,176,648,417,160,122,546,819,820,821,215,671,53,746,417,839,639,924,790,191,200,127,669,505,665,639,911,791,859,866,312,84,814,137,432,607,497,31,488,311,95,311,613,870,288,957,572,94,42,677,881
577,698,920,756,407,413,580,846,73,494,780,18,175,293,712,777,157,246,914,538,55,990,616,74,460,821,7,327,816,825,883,265,678,440,300,70,915,756,694,605,438,139,208,389,774,897,486,207,941,142,529,990,601,234,252,241,116,989,702,149,116,275,101,773,338,30,314,391,496,375,322,239,578,991,928,167,23,621,51,90,335,937,314,120,54,889,1,536,818,751,173,851,24,784,637,355,123,576,628,321,377,73,501,740,346,86,160,679,801,138,242,27,994,496,610,387,314,325,456,528,831,535,713,422,44,982,961,42,480,251,21,986,184,434,947,6,116,622,625,720,994,245,763,877,981,349,803,349,612,989,53,90,657,134,685,953,705,184,706,114,175,65,111,473,753,515,767,368,374,824,655,471,47,855,157,535,131,874,722,368,871,41,956,69,985,98,517,767,682,164,163,60,454,133,284,48,181,716,496,323,591,446,997,254,898,968,740,458,417,789,618,601,728,943,755,499,10,386,899,387,130,974,154,298,288,467,665,82,931,628,556,511,185,281,897,342,768,226,478,131,551,833,190,531,662,985,697,241,299,334,41,993,427,135,389,345,715,853,148,133,592,863,763,188,421,697,713,920,686,39,111,251,882,175,925,874,983,856,123,724,318,200,494,539,701,452,719,329,99,782,313,718,526,5,154,616,581,856,114,316,558,244,925,549,409,77,722,739,853,333,510,790,217,333,790,887,746,607,829,118,282,324,411,650,907,679,500,492,720,309,490,415,914,522,775,283,436,189,230,243,667,940,963,62,187,149,425,633,399,285,491,68,585,396,445,475,219,21,848,255,701,513,90,942,623,135,786,402,234,539,10,574,473,439,319,552,697,429,159,963,22,664,763,449,496,344,232,157,994,898,1,636,721,598,570,81,650,132,619,965
997,974,990,817,799,139,5,10,86,935,317,161,319,495,150,17,604,154,937,868,352,767,237,535,795,14,880,131,233,370,530,2,784,350,843,361,81,840,734,465,890,775,264,643,373,176,753,700,286,965,685,857,233,619,434,885,494,10,766,451,360,767,100,785,593,866,258,599,963,141,292,543,656,186,987,355,596,250,638,182,374,96,560,206,53,17,12,23,171,333,793,822,604,314,151,529,351,915,491,632,900,69,560,999,436,111,408,978,528,289,391,688,292,240,624,150,853,508,431,633,487,747,806,355,899,39,411,785,460,394,646,918,343,206,850,188,839,475,357,162,793,530,927,352,980,377,893,683,331,569,545,156,26,844,147,553,271,566,370,349,318,840,134,818,55,45,698,300,332,448,553,397,731,757,264,262,294,991,603,410,167,967,333,795,534,523,840,901,774,361,585,274,639,38,998,602,292,894,505,6,40,276,403,335,714,64,168,505,232,574,724,877,229,936,996,509,669,30,245,547,928,971,602,883,515,631,160,51,86,571,233,594,674,326,680,701,77,953,522,423,136,88,205,790,759,303,157,648,848,351,294,301,890,388,480,911,497,126,578,350,853,655,513,545,726,407,470,156,696,379,519,44,814,344,415,714,711,875,874,280,217,982,890,313,796,788,42,941,867,940,566,553,376,697,32,113,897,607,730,223,234,324,545,928,607,354,303,840,75,385,927,384,900,995,535,447,203,187,304,806,528,117,782,322,367,330,478,392,703,286,59,327,828,715,209,68,983,964,990,696,921,661,909,961,25,951,879,537,591,155,288,832,203,875,615,980,678,860,200,856,179,727,134,302,18,709,971,6,337,303,588,250,919,785,577,996,866,123,270,308,73,574,642,951,570,723,316,174,780,716,922,947,818,896,848,401,660,669,368,724
56,613,262,465,22,744,7,457,332,881,313,961,288,964,440,317,68,23,111,218,8,434,683,554,379,699,592,885,545,251,849,923,332,725,145,731,616,296,423,543,59,250,283,234,681,543,770,488,582,703,757,352,644,983,100,450,132,236,601,926,292,825,485,58,763,871,844,35,719,689,600,42,270,434,784,16,313,957,53,111,724,89,333,484,301,514,851,956,186,393,111,94,278,884,498,601,903,346,204,347,416,706,434,82,862,745,949,725,779,746,232,341,997,527,462,693,806,684,176,158,849,636,190,47,995,837,394,35,254,818,547,128,476,474,281,26,779,800,461,893,639,407,789,922,803,762,969,817,968,18,808,348,969,113,594,145,257,572,609,99,45,556,646,313,471,599,479,230,829,440,959,504,616,384,538,189,433,49,114,199,493,87,525,931,932,957,942,954,218,184,868,268,734,322,473,521,163,241,956,732,353,119,852,753,444,89,756,359,519,447,54,883,829,24,5,451,954,632,523,601,717,109,360,898,119,772,104,938,922,643,947,91,244,418,128,68,222,39,283,742,132,598,602,997,588,517,115,819,529,756,468,757,980,220,790,483,223,516,61,636,99,808,170,284,214,184,885,567,40,42,267,413,712,79,652,859,304,155,798,949,518,227,871,29,140,999,611,31,889,397,335,80,916,775,170,464,140,341,56,206,338,598,129,175,213,723,926,79,967,385,252,949,263,568,83,758,855,957,699,407,143,763,960,993,254,848,464,347,289,396,344,733,752,371,724,833,719,478,390,216,709,573,187,951,752,262,149,547,755,519,711,980,408,118,815,748,520,391,215,852,532,42,180,790,871,957,446,578,771,116,752,165,409,315,828,81,605,9,956,696,804,94,294,568,216,879,903,530,520,16,41,639,267,614,689,537,347,507,694,472
867,434,942,500,87,997,279,971,86,324,606,286,528,311,849,323,946,846,915,109,988,92,532,244,38,530,828,580,565,372,882,798,496,635,94,990,345,807,693,875,801,954,380,431,384,169,388,179,815,286,958,987,137,281,357,110,2,747,653,413,408,322,5,524,257,670,372,326,701,491,144,725,893,378,979,324,396,633,126,169,852,781,451,60,907,492,199,360,959,702,561,47,752,432,476,302,233,547,74,165,694,786,897,357,859,420,10,795,729,375,282,380,204,801,213,681,168,44,824,339,193,757,974,584,101,87,655,787,808,742,799,992,42,633,331,405,712,445,191,670,511,541,935,768,977,723,412,106,153,535,987,882,331,948,854,865,546,987,104,50,152,319,598,578,644,136,828,793,980,12,408,821,856,658,613,622,389,680,662,407,535,797,332,954,13,471,777,71,233,926,924,159,377,784,390,583,340,735,64,633,527,546,412,737,594,342,838,729,602,911,672,47,389,168,468,323,47,273,94,796,201,903,6,195,960,79,255,424,931,923,691,980,605,832,193,867,560,266,676,899,654,868,59,199,102,89,924,670,996,729,329,63,958,10,98,778,722,249,52,360,39,529,818,358,264,144,305,755,378,360,436,793,553,84,644,645,623,805,173,359,499,475,241,564,828,411,431,218,980,322,788,755,424,31,711,182,672,393,141,1000,717,583,88,972,625,101,778,438,956,989,808,765,941,554,401,461,983,331,477,127,740,27,928,410,591,427,317,65,481,155,256,913,216,490,12,544,424,255,966,865,318,752,444,251,936,349,983,623,430,550,331,1,753,611,925,415,493,410,111,988,102,162,804,316,157,810,358,666,835,358,242,377,204,842,697,291,935,865,970,744,985,73,267,972,5,855,437,618,467,722,387,358,334,440,913,147,161,405,677,208
107,481,728,358,790,328,212,155,996,152,247,836,562,651,479,619,499,163,303,778,430,465,671,383,340,36,122,872,279,455,511,72,574,202,686,625,696,525,251,345,966,550,414,633,551,670,786,224,924,706,496,888,183,562,614,729,950,33,233,37,391,815,923,417,926,766,201,841,359,57,516,568,265,115,246,137,331,913,944,156,848,13,106,828,336,857,756,811,78,717,671,300,572,522,709,538,644,369,759,432,855,912,523,863,152,809,928,783,114,949,321,201,741,306,487,610,408,594,684,62,93,254,313,604,489,904,660,963,450,605,241,157,383,555,713,529,790,106,349,611,271,398,122,628,256,762,905,770,646,227,864,462,608,101,260,735,32,2,169,159,279,720,327,231,579,896,709,21,764,40,978,471,993,471,30,336,901,920,92,779,791,207,91,861,579,517,424,637,105,181,767,462,10,431,805,471,981,648,866,359,768,737,947,661,869,615,719,836,311,554,384,216,810,600,535,617,920,208,344,807,493,714,547,888,47,780,258,839,194,817,869,627,140,975,622,710,968,977,802,565,256,958,173,340,661,890,860,180,558,944,170,17,71,299,181,507,677,817,527,781,280,110,862,702,132,877,758,783,427,637,79,121,307,404,69,401,612,539,831,826,276,133,520,912,613,373,973,717,199,56,988,833,828,878,825,745,344,3,188,245,334,155,434,381,328,270,242,234,902,714,391,292,425,388,758,777,972,335,631,367,725,764,444,110,363,941,731,723,732,495,367,278,515,52,868,666,968,731,653,494,238,309,82,222,803,668,696,832,197,705,694,493,311,430,928,750,22,217,2,640,343,428,995,537,679,676,786,324,951,572,438,251,328,261,211,661,799,675,859,502,190,737,694,92,492,759,359,524,196,851,826,555,315,899,878,52,844,636,579,890
31,458,228,316,65,409,854,804,971,188,961,27,843,497,57,128,682,629,951,25,614,951,149,712,122,479,79,173,470,765,327,470,999,340,729,366,472,78,429,906,449,969,612,255,996,459,402,759,190,379,268,356,983,778,629,28,677,301,614,331,58,567,555,545,400,515,755,205,208,249,930,998,530,48,942,170,758,829,401,895,78,533,373,283,160,637,266,865,972,879,778,695,379,534,19,230,67,227,465,153,729,696,180,664,985,137,253,327,714,776,555,117,962,986,421,93,426,724,366,182,30,217,541,362,447,548,629,831,943,709,776,714,89,243,361,993,796,890,110,703,295,336,748,561,938,563,520,143,957,858,708,554,594,41,91,882,41,57,640,753,482,725,258,971,396,526,117,714,393,260,988,959,346,449,929,52,928,132,172,336,442,859,483,838,463,460,477,244,629,242,953,916,514,152,464,172,982,38,738,848,587,154,457,466,753,972,363,215,409,845,263,412,918,5,126,294,330,667,881,862,429,869,573,424,873,193,783,492,363,980,773,550,716,475,496,302,485,537,461,635,907,181,985,675,280,953,863,723,750,883,773,101,128,473,516,116,459,81,602,382,938,507,246,276,966,441,457,527,761,927,725,458,600,513,701,505,714,377,148,593,216,918,178,364,34,56,488,398,88,995,606,960,224,322,864,761,315,327,261,236,972,655,988,721,351,759,26,992,688,759,364,76,877,750,161,143,825,617,63,41,34,859,521,722,210,412,773,551,274,603,467,549,814,911,911,459,709,153,934,846,640,134,336,57,61,703,685,357,461,552,465,826,939,169,803,408,654,483,537,71,624,196,871,82,990,348,167,635,578,908,805,63,32,209,741,863,669,793,155,570,232,846,194,231,532,572,830,423,860,897,603,157,474,24,230,827,756,611,559,71
511,57,416,897,946,430,772,336,443,659,309,137,968,217,404,518,888,98,678,20,761,204,211,404,480,132,890,878,779,54,413,740,327,627,753,424,81,590,625,176,852,405,716,830,489,160,18,218,854,271,942,828,148,502,549,484,395,721,414,595,164,917,149,638,777,910,644,857,122,794,405,196,781,369,789,459,286,587,775,928,279,35,864,818,0,34,771,69,563,867,788,390,462,216,673,790,649,174,954,789,304,614,83,979,228,777,433,458,326,47,548,926,9,257,935,185,775,987,675,467,660,194,230,460,10,378,431,559,169,306,59,845,920,998,781,156,341,815,580,252,192,949,276,620,384,0,787,835,332,53,292,157,955,384,818,134,838,226,453,185,675,269,237,519,227,140,864,366,919,57,909,831,399,882,827,100,817,11,702,497,720,322,103,363,757,815,923,487,855,853,356,316,884,956,596,218,592,238,26,462,912,215,939,349,547,43,303,584,52,100,323,440,329,213,859,796,255,511,883,695,675,580,961,648,615,711,118,745,645,750,914,35,514,390,119,531,174,35,997,498,987,685,741,738,124,771,609,792,962,787,134,416,612,409,596,874,301,406,960,807,96,997,53,484,640,35,193,87,366,462,723,549,518,787,807,584,416,784,678,775,140,573,979,58,315,678,69,879,331,694,631,134,18,89,934,185,1000,112,888,941,483,224,605,657,654,542,683,212,412,924,536,240,284,629,123,713,527,745,513,744,286,840,54,352,175,285,688,786,241,218,846,63,32,440,151,708,422,358,968,121,387,924,796,954,338,363,545,722,615,657,560,34,195,691,718,440,669,774,14,856,347,161,497,72,637,680,400,973,481,100,574,759,861,489,6,449,733,961,761,631,205,74,461,317,815,41,83,503,465,270,979,43,228,263,496,519,535,901,105,917
781,242,3,583,49,7,55,397,477,429,25,650,299,597,801,63,411,184,419,939,805,257,590,981,757,532,244,30,653,736,252,351,461,464,691,504,472,998,882,612,806,574,172,11,307,486,74,240,139,2,527,227,930,822,174,442,389,159,120,571,808,937,439,719,401,400,658,875,667,482,748,564,603,347,615,260,464,583,911,133,768,887,45,544,797,421,648,853,73,379,143,498,698,771,422,926,158,684,677,901,256,394,210,930,234,812,747,77,206,501,981,264,732,405,575,324,782,774,528,978,279,572,867,28,51,612,661,926,690,890,286,759,242,507,528,489,24,248,97,323,773,263,177,76,681,569,964,330,584,715,542,997,959,278,377,238,576,468,796,566,778,957,502,566,350,218,393,84,758,168,556,144,541,522,599,255,3,539,278,868,389,318,304,180,759,324,284,882,775,142,419,279,595,337,778,780,51,309,593,180,662,98,70,934,222,85,922,905,418,760,608,464,773,684,232,157,375,141,17,312,808,689,967,680,898,856,105,266,60,647,443,871,683,770,119,876,746,727,616,830,226,959,539,987,484,318,461,594,13,847,905,358,529,324,298,537,631,140,547,109,906,942,695,79,290,298,849,563,756,769,45,881,744,759,965,801,805,879,529,839,992,391,911,555,638,902,643,411,343,535,29,797,347,501,358,549,426,360,231,980,993,813,326,422,511,205,846,456,305,736,310,355,666,248,819,310,62,77,169,496,167,771,89,31,813,690,18,706,755,176,123,775,62,262,647,815,970,883,268,890,830,773,289,676,460,457,450,221,825,632,717,17,655,651,64,590,706,314,320,797,696,532,518,413,720,326,977,788,542,444,656,788,788,831,88,196,730,63,900,443,865,827,495,109,707,250,44,889,718,366,184,741,348,835,938,563,93,64,697,232
820,149,729,392,807,301,606,66,550,685,589,498,250,446,533,470,80,463,226,587,686,271,300,993,641,93,941,849,248,973,612,25,482,28,267,680,858,792,766,383,757,849,3,851,468,254,870,808,0,220,127,816,31,801,349,988,84,218,402,503,167,457,402,148,671,334,357,866,503,550,327,870,505,299,861,829,756,658,14,486,389,583,392,700,575,10,151,945,67,348,272,510,380,314,508,699,670,643,456,107,693,471,292,69,355,423,221,17,318,797,367,372,734,761,957,780,474,63,397,253,882,0,195,246,84,448,361,970,614,183,598,388,237,594,197,246,842,339,881,45,647,184,115,749,151,458,175,382,746,979,234,965,920,977,938,304,483,828,871,756,846,764,902,722,570,24,710,183,558,428,519,805,388,820,288,471,190,280,380,419,284,134,426,84,96,583,319,484,966,831,920,716,686,300,973,925,135,392,964,603,173,518,692,17,524,599,815,177,10,118,73,478,594,660,579,679,78,388,699,547,330,91,472,577,748,42,178,489,777,384,381,333,952,116,469,306,431,279,957,953,581,682,280,877,591,232,377,221,264,254,394,658,455,79,979,886,85,61,826,948,15,914,421,237,998,290,742,592,944,118,949,988,133,318,188,150,966,393,381,543,611,884,743,847,890,809,598,745,61,482,278,908,662,213,240,577,42,449,560,778,100,767,243,134,527,344,691,314,880,11,717,109,291,228,281,973,713,88,419,824,242,630,900,126,882,650,183,884,952,853,200,595,617,912,257,577,162,68,978,281,349,406,416,427,864,748,121,166,503,942,513,81,627,613,890,357,516,716,213,982,931,42,398,614,212,630,900,985,689,382,749,681,806,474,447,22,337,941,287,815,997,26,698,586,606,618,346,112,937,344,692,514,975,526,55,6,147,899,275,847
328,359,159,68,765,431,875,383,360,731,708,877,417,539,130,902,523,829,418,716,838,591,293,165,547,80,280,967,478,265,533,620,541,488,858,423,185,626,559,725,619,899,467,250,304,612,860,209,901,737,797,671,509,600,257,543,784,764,746,10,208,111,417,63,248,792,920,686,112,527,909,89,573,961,553,645,344,192,897,287,201,46,214,594,502,533,611,659,273,328,25,203,945,819,32,69,345,467,378,281,955,663,302,713,971,727,599,283,471,908,361,517,628,597,605,532,200,802,226,921,186,646,532,696,262,400,545,745,933,252,9,697,165,40,710,552,173,17,488,66,896,6,42,427,340,857,677,439,112,726,641,611,595,58,3,878,295,483,800,898,959,56,632,460,696,273,42,897,62,352,23,170,714,269,400,557,211,416,583,253,424,357,549,835,182,861,590,633,764,421,121,261,760,816,401,728,89,216,916,427,763,994,46,408,270,531,945,276,947,461,597,51,85,248,322,337,378,185,123,655,818,985,980,196,538,982,235,581,872,761,379,269,152,398,816,76,140,982,285,418,302,535,213,706,664,153,285,107,360,250,204,900,81,537,315,80,620,877,291,432,686,104,652,641,844,497,213,79,660,639,806,162,776,645,185,811,750,129,639,283,112,202,573,198,590,299,671,142,880,914,582,373,712,612,307,755,208,866,934,783,890,460,278,939,314,819,448,862,119,192,427,921,154,286,345,554,53,916,755,522,983,164,231,263,75,480,329,502,498,575,259,359,454,976,962,6,734,395,334,649,347,179,738,661,13,502,877,807,358,365,574,953,557,897,802,242,78,990,196,281,287,112,564,48,324,20,104,497,350,677,342,481,456,444,960,764,230,421,352,275,568,578,710,461,133,350,666,299,839,843,119,584,768,166,111,778,633,900,932,657
607,656,319,553,357,552,396,522,965,285,82,317,46,168,858,890,613,86,726,230,177,191,241,481,483,193,106,715,962,900,180,475,23,636,646,349,936,880,879,989,299,107,276,904,805,535,636,679,889,702,309,106,625,547,623,257,326,444,677,207,885,729,67,990,737,810,765,469,18,319,400,625,456,193,184,260,783,287,586,405,679,393,661,620,641,991,976,819,604,614,988,931,326,404,768,359,877,949,399,173,282,743,371,905,655,891,582,860,97,88,918,482,919,412,102,5,724,291,480,964,162,203,186,790,604,225,31,125,985,382,492,759,459,479,586,179,923,623,487,843,253,506,631,302,172,691,497,947,166,116,5,430,828,35,473,73,769,239,239,858,432,14,462,749,118,398,263,88,758,342,938,824,111,707,696,512,703,479,441,571,209,329,835,527,371,915,142,417,651,5,902,744,469,147,994,476,921,763,963,33,447,257,820,3,150,607,285,993,986,530,862,611,985,212,867,800,164,31,813,984,384,664,888,401,582,472,789,520,749,1,570,433,194,110,747,701,102,333,422,240,572,919,157,257,404,262,311,654,90,683,418,42,243,446,800,74,792,890,452,590,505,974,552,748,604,372,855,39,802,371,6,568,986,12,426,761,364,754,217,459,17,295,423,435,224,895,540,506,618,324,559,885,421,411,482,755,119,989,980,232,248,897,413,71,208,767,150,675,156,988,793,786,14,709,790,272,667,553,792,847,534,391,322,113,397,269,741,673,822,3,424,181,473,696,876,11,726,186,691,373,778,966,555,671,983,316,690,813,580,722,613,579,77,583,530,461,513,601,264,434,197,574,131,912,91,719,937,445,162,601,905,58,129,900,131,651,899,430,617,411,243,189,973,433,297,79,917,596,943,50,855,27,629,274,199,164,345,741,266,217
167,240,704,45,570,843,882,306,930,416,916,486,521,650,28,572,823,69,126,334,24,924,541,312,247,290,823,927,632,542,15,824,156,430,427,697,69,324,182,622,800,671,788,305,845,849,195,311,6,858,953,382,812,486,181,666,46,127,852,174,787,461,314,731,542,869,702,817,469,35,236,180,497,961,988,851,487,27,514,341,86,734,731,937,543,885,74,886,534,175,810,463,301,290,998,703,790,973,408,957,583,328,553,903,735,618,320,935,942,569,245,47,953,425,221,901,327,111,717,469,708,998,94,138,84,151,495,472,737,620,196,775,887,235,526,374,312,440,77,650,33,944,989,444,724,767,943,64,564,940,83,780,989,214,67,285,3,357,444,417,997,754,471,931,858,142,648,640,658,414,102,270,626,963,769,821,112,644,128,541,316,734,308,431,973,538,521,96,185,220,943,578,261,852,757,251,96,535,798,737,356,507,205,930,620,841,13,652,694,132,607,415,396,144,169,356,769,262,191,276,84,499,205,363,361,364,669,543,212,650,961,295,767,166,827,621,962,43,819,517,761,500,92,950,666,725,975,286,492,560,626,876,966,90,760,196,956,320,491,474,447,399,399,361,368,563,759,745,592,76,743,752,930,870,762,339,553,727,844,625,583,129,493,150,241,633,792,170,625,254,356,295,73,437,438,837,205,808,577,964,822,416,425,100,266,877,346,59,519,696,874,986,993,83,865,633,837,308,419,246,68,788,922,212,265,483,510,142,23,270,448,535,280,85,22,454,410,685,104,953,832,18,734,189,7,384,531,92,143,768,404,894,374,284,938,969,362,823,366,937,838,33,982,599,718,376,824,882,434,318,551,332,524,179,469,628,681,148,722,428,204,11,399,333,938,128,630,820,57,63,64,484,39,164,786,511,529,531,507,320
109,344,496,718,509,41,612,350,614,423,538,648,189,861,517,63,467,660,439,518,690,738,968,819,427,341,781,98,0,207,26,148,683,184,44,909,901,46,905,365,150,55,638,631,74,639,526,779,903,466,337,381,343,520,599,409,534,917,652,64,533,237,805,944,184,558,277,587,391,462,225,706,389,342,582,713,25,269,213,284,212,438,931,56,596,705,652,843,731,376,710,681,585,755,956,558,606,404,245,482,493,657,126,958,755,736,783,671,729,207,932,664,787,330,880,426,715,632,567,704,122,525,886,842,956,498,601,224,813,206,190,629,14,280,932,978,70,120,939,595,383,513,942,782,248,573,323,201,692,721,455,461,239,318,647,643,990,854,844,143,860,83,219,212,352,112,797,236,585,621,363,669,120,430,15,270,90,754,221,176,700,91,499,802,528,335,549,479,235,620,129,424,269,774,326,55,227,824,337,747,414,450,351,378,706,495,795,291,919,797,814,135,808,125,260,682,549,635,594,488,642,994,755,629,721,567,532,554,35,583,695,384,934,956,412,354,740,949,878,753,846,432,201,434,620,83,914,408,111,675,594,79,538,92,43,380,196,923,180,466,910,802,39,975,2,924,648,447,93,77,164,16,714,786,108,157,68,851,433,109,682,775,253,937,970,598,756,543,718,667,443,925,380,200,773,952,50,897,481,77,206,408,279,859,908,269,798,620,107,213,402,20,778,446,763,62,651,633,138,973,323,947,501,298,883,842,383,866,473,317,251,23,589,642,316,309,976,183,696,238,826,851,991,720,944,729,580,188,73,652,765,781,973,891,229,416,558,863,328,130,393,682,85,536,731,445,209,587,962,359,643,830,659,733,825,231,904,67,841,243,811,909,462,798,218,101,753,929,224,500,914,381,721,825,709,407,450,479,322,241
680,222,13,248,939,188,533,930,108,471,658,52,80,620,151,546,108,199,864,325,136,735,688,305,120,990,614,186,989,494,161,851,373,812,156,62,482,301,702,167,845,540,765,683,284,165,330,691,122,654,704,134,451,492,609,960,787,402,735,606,214,705,720,292,288,495,178,637,18,785,90,514,854,77,253,869,174,128,658,461,46,22,73,684,948,743,399,958,657,44,724,948,990,693,426,566,495,638,885,260,826,105,145,729,394,921,699,388,757,573,612,178,641,829,469,319,726,552,102,156,27,440,510,37,993,969,384,596,532,430,276,97,953,674,471,940,109,793,940,537,560,232,0,127,320,314,53,107,440,282,582,353,715,146,300,572,439,483,724,476,333,390,972,332,331,279,755,365,953,205,795,912,787,166,175,955,539,795,892,38,528,807,56,827,462,468,816,188,452,779,679,411,218,26,170,790,266,527,161,35,542,212,812,340,930,327,931,601,786,830,797,954,801,679,492,215,404,747,443,274,894,45,78,218,805,800,526,284,552,313,798,484,501,794,831,285,35,416,585,293,55,220,826,874,267,569,276,632,493,771,419,270,436,589,342,957,336,157,304,495,983,974,949,413,608,320,724,362,837,84,771,466,868,270,797,974,19,621,89,737,852,377,142,203,310,260,815,784,590,279,31,213,977,311,507,450,613,236,856,313,91,996,890,756,761,418,589,447,380,426,708,124,967,615,609,267,539,672,183,908,207,514,104,257,752,262,39,831,485,433,550,506,942,316,402,176,832,955,836,705,773,279,201,337,684,311,102,359,589,840,575,482,888,705,78,830,632,589,679,924,305,503,790,699,665,721,997,698,928,372,142,63,149,44,956,754,324,574,775,905,521,693,798,834,388,134,241,729,378,233,544,490,39,972,879,346,640,277,108,562
269,247,365,279,260,830,76,113,462,649,663,753,659,964,464,410,792,705,860,488,376,454,250,532,755,622,180,271,447,884,609,939,936,39,176,93,762,883,176,124,365,952,61,606,54,541,785,845,451,350,109,604,635,631,664,513,788,886,670,111,655,543,334,333,106,16,706,616,220,591,593,171,592,249,418,888,154,246,520,970,968,677,740,286,849,343,83,8,495,918,395,716,658,95,104,650,251,170,46,39,741,178,233,263,850,928,520,498,681,206,185,717,446,592,129,898,693,164,688,494,828,964,817,377,531,507,475,63,632,751,953,756,149,981,254,463,373,645,372,655,383,245,352,830,202,327,421,200,38,335,976,663,375,398,723,5,223,398,781,48,184,965,586,162,896,524,168,17,980,67,965,420,985,813,426,424,268,827,287,942,813,613,547,87,125,545,955,677,587,665,125,131,856,184,34,157,147,509,602,747,753,223,975,162,194,750,347,460,650,147,10,735,541,113,958,235,51,645,16,288,34,787,903,961,354,216,101,27,528,255,986,195,526,65,276,679,983,320,271,980,725,161,679,488,375,1,411,814,256,774,842,225,81,322,726,825,774,221,630,281,143,16,739,900,102,619,394,450,433,20,429,529,554,312,59,602,154,442,978,953,751,901,146,457,253,876,502,899,107,828,399,382,608,155,655,10,16,744,650,393,249,597,821,39,862,506,494,794,8,758,580,880,889,738,536,419,579,645,915,394,203,427,820,99,557,829,433,177,229,317,85,204,180,731,918,254,645,327,701,786,768,915,786,942,806,920,61,271,80,563,162,446,985,552,330,157,129,978,420,246,506,80,48,755,240,55,415,188,546,446,534,597,533,264,124,940,219,195,259,4,228,613,364,842,9,656,525,252,112,305,748,666,992,25,138,143,850,84,121,836
785,171,466,198,285,769,626,262,795,183,323,150,478,624,114,618,362,345,226,296,829,969,708,735,166,419,278,509,748,884,428,152,472,290,290,862,687,964,649,13,221,59,246,796,887,708,333,641,430,992,238,738,809,770,389,79,287,585,745,458,378,992,170,828,805,955,482,931,24,417,25,913,123,567,299,624,906,491,359,541,979,810,629,833,951,135,696,636,629,19,437,860,515,432,791,74,209,538,880,602,843,968,209,465,682,153,652,323,308,555,443,741,410,668,553,776,332,129,262,767,107,536,956,6,961,383,523,989,476,490,412,714,747,304,312,971,556,923,995,487,809,918,407,833,769,38,973,545,49,672,412,292,47,592,56,546,956,888,198,333,713,752,87,421,162,337,853,566,486,629,196,173,988,83,694,246,336,716,271,393,211,54,859,713,946,35,46,766,745,936,788,861,585,459,551,618,26,73,704,618,59,821,41,307,729,243,307,180,474,90,575,233,815,213,31,780,86,923,388,588,30,398,792,928,520,912,261,725,451,190,390,933,240,92,231,437,59,147,572,571,811,274,217,362,587,99,141,72,9,908,402,62,634,561,668,982,639,801,611,949,642,233,127,125,33,631,593,160,125,853,640,318,461,133,347,756,836,994,767,923,469,691,797,208,391,503,597,973,430,299,476,397,627,424,685,473,783,190,133,927,276,506,990,517,755,398,799,751,489,560,799,903,38,804,696,382,566,494,316,574,496,835,318,792,699,816,291,457,623,318,487,879,415,673,902,93,898,232,509,273,518,607,125,700,729,813,604,673,23,172,372,796,180,656,915,665,291,490,602,243,663,745,90,703,641,370,329,354,656,223,359,119,145,549,509,716,948,577,278,840,293,663,351,757,922,957,795,1000,474,254,574,866,657,513,276,842,398,667,961,701
1000,427,713,288,673,561,597,889,974,275,841,114,105,438,698,499,669,456,762,897,981,542,922,97,395,422,904,160,30,640,65,804,51,240,68,354,77,418,202,968,771,768,829,297,242,967,693,596,652,178,818,899,410,720,898,359,784,918,259,994,110,856,589,297,458,374,22,651,116,36,768,248,597,791,361,693,947,626,248,130,799,860,372,150,577,275,526,720,588,220,888,627,670,386,886,943,871,753,906,12,838,306,606,318,98,77,109,169,531,26,574,572,29,946,576,980,381,441,689,949,180,373,71,3,438,740,588,778,494,665,232,778,263,384,267,238,902,766,606,705,508,866,528,265,663,901,283,635,596,387,485,728,813,282,442,453,352,497,522,553,487,580,39,652,404,915,201,776,136,473,289,292,98,6,555,552,565,714,563,595,785,685,457,746,390,428,605,607,198,497,300,437,364,997,784,724,827,965,575,17,522,853,329,155,345,691,331,769,12,202,28,662,383,488,91,469,202,873,356,640,773,397,363,127,674,792,946,744,294,857,870,240,501,558,674,312,379,713,657,529,334,443,89,122,873,827,548,675,652,952,730,498,474,581,822,260,336,835,580,970,919,297,647,977,248,863,632,573,4,818,710,949,152,609,487,405,785,901,972,431,554,141,490,376,863,500,751,513,22,133,267,805,301,18,293,683,255,229,425,417,989,129,832,268,331,326,621,693,649,505,398,127,366,189,663,229,621,769,636,941,548,575,55,2,182,327,212,477,105,348,656,993,909,178,868,838,477,323,940,138,367,218,734,364,702,950,868,958,578,928,898,540,139,436,215,431,65,198,680,187,822,306,411,286,541,426,408,21,510,891,515,445,909,622,756,944,687,694,558,939,90,75,90,21,870,422,24,288,210,835,727,349,229,805,968,200,527,467,284,141
504,894,783,659,64,752,325,874,261,44,326,630,364,47,473,746,884,377,41,663,717,664,593,24,4,710,240,790,263,787,585,407,728,473,638,897,55,433,116,744,377,302,987,42,317,895,641,842,364,583,176,414,113,871,327,277,303,139,66,112,930,246,239,105,962,71,369,541,990,854,649,271,111,930,506,828,975,382,155,579,995,509,428,272,638,482,554,778,136,431,484,579,327,711,369,47,822,137,668,555,905,803,368,410,231,500,41,172,995,160,26,975,571,268,314,335,924,549,110,580,928,186,913,101,862,971,807,436,661,685,358,349,391,701,565,511,497,971,95,54,194,623,830,246,180,134,98,972,13,62,392,126,783,838,232,619,453,924,835,828,487,182,786,666,292,868,723,734,450,334,445,252,780,889,377,114,964,215,355,929,332,801,214,695,875,237,581,516,958,327,359,848,762,943,949,383,145,555,702,464,323,667,486,252,136,681,601,132,443,757,647,848,447,456,803,912,543,481,944,496,679,848,298,107,947,305,442,196,498,856,483,382,63,16,105,64,662,149,160,527,553,323,722,205,424,448,218,478,654,370,286,130,255,358,332,570,388,207,394,757,892,982,473,363,874,213,609,765,1,205,517,917,79,785,903,224,989,263,138,501,118,506,701,932,652,615,63,847,396,520,971,608,509,728,875,247,291,400,580,695,440,485,758,422,672,556,962,920,8,795,719,155,829,617,552,947,352,379,989,560,780,971,957,720,162,23,129,698,582,715,731,782,747,959,687,169,595,662,810,873,389,408,533,347,226,833,80,217,783,339,336,932,147,609,701,269,365,47,699,519,106,837,891,150,118,464,433,77,204,536,867,830,838,819,156,236,671,511,366,97,154,946,347,257,860,17,345,865,247,539,576,373,59,344,579,459,817,49,450,135
388,710,360,724,63,425,108,373,98,124,943,543,387,125,971,797,61,773,583,838,525,669,16,84,269,474,74,896,223,234,962,674,171,291,589,432,829,112,357,453,278,869,751,597,16,454,925,595,622,845,163,480,951,684,287,780,851,158,643,216,663,110,399,647,327,452,580,864,789,838,389,183,870,724,528,324,954,297,621,417,473,869,53,890,782,534,137,406,673,190,976,519,527,319,781,262,374,342,911,798,984,701,717,102,412,250,91,761,880,681,195,254,999,737,691,543,437,86,478,385,658,490,58,705,450,571,702,424,324,420,806,514,270,654,824,676,542,491,671,257,685,548,228,814,175,727,82,349,377,48,173,501,817,85,807,342,181,979,32,949,450,70,798,763,193,351,880,662,734,860,420,241,949,911,690,910,67,340,976,366,137,494,122,867,705,675,237,731,306,869,938,736,885,674,507,386,915,704,82,558,988,509,439,936,961,465,227,369,302,938,801,517,377,773,663,706,401,904,739,120,428,880,520,934,598,467,278,287,529,390,496,316,626,602,672,682,757,396,47,58,556,360,624,896,175,839,747,321,392,158,941,851,888,116,450,922,97,206,184,629,159,155,800,69,553,851,259,573,117,395,910,606,967,500,797,362,109,621,460,39,85,952,107,385,172,469,20,524,87,50,165,701,84,980,588,766,967,646,616,857,959,991,509,224,477,518,921,227,461,203,720,198,965,869,757,481,53,550,961,262,765,414,773,528,594,586,129,949,603,590,61,775,306,791,286,253,292,949,896,466,53,585,113,568,456,200,293,657,229,86,493,168,849,779,484,886,642,849,371,85,145,641,615,594,633,307,904,932,992,408,79,912,188,298,192,674,387,246,885,274,250,873,140,817,494,71,81,859,116,950,646,784,519,813,184,481,303,75,998,730
235,291,371,198,808,224,81,546,761,96,332,234,53,912,132,168,644,631,193,628,864,255,226,868,152,11,840,725,832,913,106,959,111,343,961,766,365,223,685,745,728,937,219,916,651,355,237,998,235,609,199,580,736,212,231,801,973,807,427,989,146,566,924,63,40,245,41,266,831,313,885,157,752,975,297,632,201,395,386,664,16,636,929,952,969,174,746,950,682,205,974,864,441,751,246,710,453,521,809,763,519,120,750,274,441,131,676,905,232,522,1,233,654,354,493,737,807,671,805,979,289,321,975,238,481,801,214,848,599,447,844,752,372,40,92,171,5,588,735,780,570,152,193,321,376,17,962,355,760,652,906,419,975,468,621,858,389,393,595,906,373,799,541,46,969,145,223,675,85,577,597,150,888,953,345,466,705,124,864,65,523,895,589,418,514,439,559,616,708,642,899,966,218,443,52,199,3,225,434,704,579,633,915,518,327,627,150,73,462,23,484,90,516,314,560,757,514,390,112,391,967,207,405,878,106,804,936,560,29,752,676,93,709,79,678,60,175,365,871,954,727,948,40,197,498,383,451,666,689,385,589,965,825,166,370,366,989,677,843,206,904,605,596,597,601,141,615,583,282,374,169,24,918,109,777,511,183,597,620,230,514,702,360,344,839,340,478,668,881,83,556,240,923,696,415,882,232,62,107,798,192,75,691,486,87,551,259,513,291,249,151,867,668,219,943,412,510,923,788,96,78,623,261,949,42,647,534,865,56,841,734,403,551,714,203,243,262,640,803,295,623,931,972,594,98,480,110,227,616,537,412,211,644,30,995,549,302,211,378,107,348,222,802,690,790,612,171,243,131,978,84,949,754,693,472,326,692,601,124,956,621,876,668,74,396,665,306,467,540,530,579,451,788,1000,226,900,371,383,829,110
328,620,437,882,403,475,444,976,483,75,122,26,571,147,628,468,605,251,743,510,401,340,717,637,677,213,551,538,640,764,414,169,135,391,505,630,486,865,800,655,75,401,271,589,1,192,971,120,704,552,923,186,549,782,272,569,656,971,243,202,326,853,194,55,785,696,6,977,605,697,921,549,652,808,553,999,941,518,584,662,94,651,450,513,891,882,569,91,58,987,89,573,349,209,785,753,265,346,499,773,907,549,157,431,816,344,77,978,809,574,926,724,273,723,948,955,750,273,241,249,771,771,529,761,454,857,449,269,437,941,774,538,53,619,862,912,164,17,592,592,190,763,545,894,108,793,280,365,600,182,206,378,34,432,805,779,905,917,627,650,26,304,766,926,35,526,789,861,488,662,496,917,900,570,437,584,859,214,954,96,251,647,127,331,123,573,683,707,413,450,737,971,402,151,366,771,188,156,909,403,468,229,933,156,415,32,781,341,268,229,681,836,323,821,832,537,665,887,354,456,710,997,922,676,918,610,237,118,682,621,720,462,59,240,419,955,823,855,736,978,638,441,215,156,881,116,66,584,746,358,92,77,179,275,669,688,35,385,578,426,498,135,7,966,102,600,417,222,860,854,428,110,517,866,480,418,687,615,11,215,992,458,961,639,284,205,805,773,153,715,629,177,889,911,82,337,619,973,98,404,290,266,909,172,909,26,167,645,843,134,395,760,246,235,105,887,577,87,437,857,204,568,863,166,303,431,0,177,485,314,675,151,760,1000,294,862,46,798,953,38,122,932,672,86,172,338,808,323,950,267,79,297,378,868,721,591,928,267,879,996,456,966,695,265,741,420,648,938,901,861,102,128,640,265,361,97,774,643,847,289,635,365,819,787,338,981,875,88,106,213,242,19,520,610,194,542,74,165,805,648
515,54,570,856,406,390,790,134,887,970,217,627,156,425,351,991,141,891,571,769,299,853,495,718,466,908,599,217,921,941,809,939,346,261,66,744,686,725,352,277,348,323,30,564,291,238,493,932,19,990,15,912,540,778,848,571,939,475,95,949,740,569,974,221,134,27,949,155,490,602,918,632,963,701,750,232,993,175,921,963,546,62,386,580,509,154,893,923,64,485,189,519,466,638,914,218,710,641,652,518,266,54,264,699,803,389,508,631,803,180,602,431,214,732,731,133,236,838,220,366,656,478,666,131,901,207,563,775,306,545,642,837,621,199,933,432,394,806,346,297,185,418,745,48,303,198,933,618,397,948,2,440,366,819,375,955,449,258,142,291,538,52,347,272,406,221,438,641,732,26,560,842,627,798,826,843,279,540,474,195,856,992,229,336,415,229,3,725,620,406,566,377,355,596,19,726,174,948,1,766,392,245,225,535,851,324,55,989,664,795,106,311,484,759,680,224,523,555,864,462,748,950,874,475,206,168,470,611,745,488,357,541,228,428,524,433,380,807,204,748,568,216,178,43,186,65,962,533,224,971,770,742,992,584,878,849,115,83,44,741,759,149,317,433,905,108,899,958,925,88,130,884,526,303,396,303,919,609,0,976,169,956,884,789,171,541,196,81,745,601,422,928,924,751,30,438,618,925,32,258,974,934,794,158,24,236,940,179,264,196,221,222,997,596,157,523,644,633,887,91,653,886,532,748,105,40,482,531,691,279,476,814,41,743,824,81,538,510,733,615,833,537,932,425,235,75,876,44,660,135,784,434,456,529,318,828,533,672,139,967,208,538,831,284,144,409,275,585,675,433,515,231,937,926,202,330,445,346,510,963,59,690,890,125,29,220,842,707,51,712,815,69,953,859,71,663,803,946,31,433
537,46,815,747,21,303,265,235,795,936,864,79,760,537,500,37,490,731,861,462,136,277,414,654,671,444,123,354,179,574,638,389,817,903,894,149,508,181,744,770,39,77,665,680,264,897,886,379,988,362,683,506,121,815,882,902,535,675,619,480,290,383,246,545,211,844,984,107,2,660,730,386,91,32,391,380,452,975,823,551,199,890,876,682,307,720,536,646,13,465,764,245,36,796,536,594,948,562,459,699,480,121,389,529,206,704,505,651,82,726,478,317,472,499,755,975,129,396,649,963,172,831,102,271,48,967,39,884,266,10,884,511,111,153,428,857,700,193,778,98,200,53,719,1,568,887,512,602,691,662,500,494,511,279,195,844,987,867,413,704,353,658,268,435,820,864,526,46,705,303,804,969,813,846,113,167,155,976,159,378,307,679,283,869,726,68,59,487,568,676,202,178,944,496,307,911,497,104,777,293,382,115,466,466,579,966,55,659,864,671,638,41,774,373,621,776,986,232,722,840,769,842,236,546,563,979,136,247,877,385,413,746,756,591,593,734,296,803,864,173,28,596,832,31,7,259,205,381,17,445,213,394,15,691,889,830,534,603,30,458,957,480,437,227,38,740,513,105,218,62,788,184,148,736,507,848,496,23,472,458,367,383,518,592,280,579,110,317,368,661,769,562,0,808,429,392,725,296,308,379,469,949,530,420,783,765,731,527,37,58,893,734,97,751,602,996,525,577,899,632,161,655,757,191,638,403,796,609,980,257,564,182,463,255,31,654,169,919,981,140,611,532,855,917,798,289,135,224,76,646,96,188,337,618,261,534,784,942,255,444,192,735,577,275,728,175,12,33,258,47,332,448,550,673,472,276,409,768,648,26,985,614,554,717,162,340,589,583,539,927,241,450,270,959,722,74,525,100,207,580
485,123,105,248,545,654,522,917,831,378,387,68,923,83,155,901,367,87,536,426,190,576,156,404,277,880,536,579,716,822,34,210,52,869,601,267,675,668,115,346,850,140,998,9,666,237,593,651,473,82,211,999,259,198,708,284,677,33,540,616,838,779,976,640,232,49,206,204,795,878,223,550,66,355,758,189,948,900,115,653,596,823,979,302,406,725,461,707,984,765,167,946,861,313,509,176,559,467,588,445,623,256,969,207,972,230,717,500,447,720,858,831,731,582,846,559,742,427,301,673,659,654,176,63,456,987,256,50,531,729,523,156,765,88,409,737,310,525,145,452,720,298,142,506,553,203,609,906,742,940,146,719,778,585,439,855,857,855,69,881,634,3,264,356,466,320,88,935,631,811,679,407,79,765,772,134,14,674,701,944,264,795,85,659,123,684,667,594,132,805,246,890,279,334,20,424,754,306,289,602,916,38,546,888,338,579,718,846,530,671,133,821,612,146,989,614,361,285,357,583,881,507,971,60,321,61,675,902,873,993,401,687,49,697,791,183,309,138,297,815,16,61,57,783,690,547,94,508,451,168,430,360,127,226,644,905,525,198,698,680,501,842,192,351,152,916,598,738,528,29,716,534,757,502,477,354,241,40,912,441,874,650,509,633,228,354,142,151,62,818,437,318,438,616,863,208,954,331,631,138,633,219,792,594,831,832,877,638,67,168,336,729,436,547,545,502,27,918,932,495,131,321,605,568,943,555,783,705,760,642,24,882,673,317,437,510,818,924,558,66,950,27,284,412,195,291,580,57,181,229,964,463,382,654,33,923,650,155,595,35,869,243,385,431,75,290,160,507,300,51,782,305,680,840,199,368,374,537,882,848,344,92,305,206,369,170,503,561,848,172,529,947,63,542,999,506,780,949,474,549
270,801,864,82,123,593,287,897,221,802,641,398,534,96,92,440,605,546,92,193,469,364,20,376,293,559,879,732,712,152,103,723,284,370,420,588,833,150,656,660,178,956,293,407,721,904,703,101,294,295,585,655,86,640,660,809,267,975,391,885,258,277,644,360,919,183,610,777,749,703,854,374,656,772,178,83,567,79,811,948,75,163,817,838,545,862,678,967,791,97,152,927,189,992,567,963,277,416,903,644,876,402,327,659,239,13,710,525,52,520,104,983,343,404,808,776,12,189,904,615,116,650,232,107,990,361,100,521,417,967,533,18,289,831,704,377,669,407,238,140,680,519,609,139,425,970,150,875,392,383,330,850,988,818,631,855,679,561,969,847,669,870,385,716,226,456,749,467,46,324,15,698,190,260,558,563,301,266,512,899,785,915,383,903,341,584,89,37,85,356,798,873,205,786,539,885,221,153,180,772,939,206,389,714,327,944,680,589,671,209,389,976,518,173,729,650,985,944,572,837,306,573,926,63,168,606,776,969,770,605,671,441,28,511,318,531,255,337,28,43,842,204,430,501,510,764,187,341,50,460,626,721,840,111,502,614,24,757,546,28,894,40,273,266,209,330,719,687,675,179,505,269,302,769,580,319,92,827,504,109,603,936,377,482,385,852,48,932,797,879,68,247,857,799,153,606,750,299,859,861,150,845,267,821,844,49,440,244,615,309,518,773,937,110,664,962,875,992,922,271,962,367,593,928,940,369,584,6,559,856,276,195,180,542,519,924,362,546,46,637,896,896,93,971,367,57,847,91,510,94,514,892,316,345,398,199,214,446,320,181,745,370,760,832,900,960,721,855,230,929,578,361,933,303,136,24,927,741,575,609,396,90,692,572,399,497,480,779,509,935,321,467,323,842,953,995,686,182,68,915
662,471,826,667,344,418,393,357,166,488,437,41,99,20,789,916,958,722,695,248,46,36,854,645,175,431,915,42,55,628,782,905,311,654,66,853,835,808,625,997,426,78,806,785,748,456,206,228,736,816,502,140,585,427,370,740,115,412,945,89,144,195,739,464,212,25,305,648,609,651,680,184,826,677,121,248,752,554,709,363,711,541,28,347,289,4,78,645,623,384,845,685,648,468,510,7,497,846,239,23,902,283,268,308,587,520,605,487,586,103,383,392,974,662,120,360,25,152,805,977,564,737,203,376,192,509,744,772,870,539,287,84,250,797,810,530,125,880,416,870,284,315,612,458,738,388,233,898,315,260,456,941,315,546,725,901,487,504,217,90,32,303,823,408,274,921,388,797,674,1,117,910,961,22,500,704,349,163,809,43,813,344,729,951,772,207,302,278,650,628,18,812,767,274,747,992,99,215,661,376,482,905,589,521,379,577,812,177,320,490,537,288,970,877,186,798,825,978,915,394,669,464,511,688,146,969,373,571,797,733,810,528,279,110,308,214,62,439,722,204,872,933,520,788,637,231,472,238,396,10,687,137,126,258,358,453,769,530,649,133,619,342,858,331,929,171,927,339,643,33,152,432,180,71,139,75,185,599,618,527,939,149,767,99,789,131,938,63,488,317,75,53,40,135,584,886,721,622,847,587,901,310,583,42,510,554,426,395,768,329,14,467,616,866,288,169,778,384,417,154,989,981,692,546,237,852,185,290,311,684,594,583,44,576,821,112,846,982,889,682,1,777,354,772,662,824,973,263,637,868,693,480,522,258,113,448,331,349,372,701,518,371,955,813,99,977,99,826,15,763,251,565,625,589,539,113,412,399,292,898,618,239,62,131,628,203,466,597,247,248,324,104,333,342,182,964,382,310,89,338
282,561,938,611,545,147,749,141,577,853,187,248,81,331,961,149,312,677,417,732,104,921,571,277,352,311,542,445,325,813,12,366,649,596,980,996,921,21,919,929,436,405,628,156,222,339,508,263,706,981,575,224,356,102,474,325,3,519,502,702,912,770,405,769,811,577,959,394,163,670,998,380,964,813,155,701,38,311,348,59,213,611,875,67,142,608,976,273,820,542,928,270,176,784,278,679,275,779,847,95,552,642,202,589,217,636,935,686,647,381,882,160,227,997,753,588,552,194,767,842,243,705,586,581,227,508,521,532,967,148,276,514,673,336,111,847,112,236,490,672,95,745,80,463,293,63,758,220,306,154,435,344,493,174,401,662,989,794,214,551,160,378,725,549,893,218,923,668,676,818,431,306,592,587,335,157,905,557,857,331,932,773,412,804,424,535,819,855,132,969,858,953,34,156,216,348,563,212,699,842,855,886,876,572,470,676,235,342,488,695,918,695,719,29,797,884,32,80,362,490,50,573,92,25,57,385,607,795,284,988,583,998,821,126,325,921,482,105,273,402,714,424,217,928,658,843,25,865,256,205,380,487,825,680,378,506,398,105,321,567,210,708,751,260,995,320,314,474,888,255,48,645,499,183,521,545,85,359,964,829,981,546,752,923,239,977,278,78,277,145,171,735,121,21,529,861,108,755,168,772,77,857,123,259,126,869,290,913,667,757,358,409,567,831,938,314,774,392,395,139,90,802,488,663,688,211,504,820,729,65,98,434,629,453,619,162,640,405,836,681,550,37,2,488,229,493,794,538,974,725,442,398,595,755,633,11,84,80,6,551,788,591,682,220,193,338,235,301,301,994,264,669,495,984,200,970,519,830,72,477,881,201,565,151,256,207,422,464,141,123,131,91,583,113,44,0,941,995,757,900
611,673,413,435,427,105,736,425,361,152,257,195,803,862,36,117,673,407,797,986,541,300,125,17,952,288,615,183,778,678,803,309,691,216,153,911,690,956,500,319,139,721,861,158,764,132,387,954,181,655,849,189,244,63,555,648,754,933,117,120,111,570,550,787,477,486,688,745,977,291,272,636,15,810,623,249,767,197,385,41,713,936,583,478,538,588,839,772,331,758,19,705,324,131,231,636,503,718,260,731,953,517,209,573,544,396,859,71,327,589,261,905,1000,837,668,481,743,959,208,933,425,227,133,693,671,520,594,26,384,428,384,541,410,516,220,497,289,33,597,812,925,619,475,29,145,145,320,924,762,839,503,982,124,739,226,429,524,792,85,637,693,252,482,353,729,276,933,484,985,127,963,359,813,657,639,918,913,97,36,220,284,242,753,12,596,899,690,881,168,364,783,983,304,688,766,857,79,6,548,788,442,155,986,79,470,20,212,47,307,240,36,292,553,121,227,384,847,215,653,429,977,918,503,685,45,667,717,826,540,836,624,923,17,457,50,178,377,867,563,846,596,643,360,632,581,667,289,227,470,315,71,631,323,893,467,465,513,770,1,975,404,85,964,26,333,770,426,632,203,681,908,798,274,669,373,718,4,174,49,348,878,470,924,213,4,99,533,102,625,852,79,539,783,478,938,615,971,543,827,33,782,319,712,289,677,299,183,226,897,177,916,7,289,334,745,387,542,576,315,844,517,786,240,545,449,836,394,862,375,480,589,278,826,727,443,163,170,319,314,961,544,720,112,471,351,50,508,424,713,720,929,839,496,331,61,156,346,955,550,429,567,103,1,136,98,68,801,742,584,529,809,239,534,322,846,589,901,672,527,584,778,111,630,76,275,268,772,822,600,130,925,884,361,684,506,685,649,616,900,249
759,82,927,784,637,693,159,726,900,164,889,874,200,648,538,886,122,540,371,773,947,183,493,403,938,732,317,465,803,139,629,794,6,884,589,487,606,447,133,821,987,292,636,709,76,732,98,962,370,939,676,139,8,577,179,867,951,360,434,693,325,118,732,90,894,242,79,927,321,683,229,214,674,11,247,397,388,251,83,714,808,219,348,760,96,817,229,4,728,5,711,291,125,833,0,565,970,489,636,324,924,137,788,154,644,621,700,120,900,11,979,67,117,800,828,737,911,495,762,712,663,837,341,483,349,384,237,957,194,584,56,81,596,19,110,56,967,205,6,701,212,772,777,842,567,970,540,598,198,565,756,95,541,771,297,501,266,701,916,845,144,203,209,336,199,698,152,899,190,216,328,265,240,415,892,332,5,889,111,346,615,428,550,182,629,259,391,714,162,612,899,582,973,499,107,304,954,329,759,976,119,252,886,954,554,942,438,206,38,295,532,821,502,725,467,529,212,495,961,138,482,714,494,575,94,249,502,388,186,533,119,954,842,607,887,391,414,97,388,55,544,913,254,819,997,233,976,797,4,777,938,149,459,840,496,551,991,481,688,800,1,760,789,223,590,744,869,139,318,462,327,708,126,750,760,749,598,111,81,376,383,218,74,648,476,29,935,337,348,141,83,63,879,395,808,344,224,84,155,561,672,0,273,586,27,452,860,409,754,275,160,251,438,286,721,147,270,895,752,794,538,979,919,651,772,155,529,142,808,344,947,82,814,476,646,8,395,315,889,17,971,415,573,393,905,957,545,480,109,603,305,652,297,830,212,924,292,363,790,411,908,789,98,436,182,281,764,632,254,991,415,26,602,340,822,608,784,218,372,651,470,420,2,309,129,784,4,576,718,709,116,934,564,617,552,440,493,438,352,990
235,932,388,945,401,607,564,696,882,57,818,982,800,191,320,281,600,525,856,276,141,2,432,741,637,35,149,814,915,310,833,371,404,488,767,603,192,965,648,807,295,481,63,838,4,558,175,651,566,660,88,2,959,952,613,31,478,390,125,690,819,589,729,972,32,620,590,868,963,63,18,40,834,901,807,794,734,646,331,624,631,241,821,76,290,364,347,262,883,525,474,283,367,335,891,918,238,436,402,437,963,832,495,153,237,541,346,859,635,609,590,9,934,293,946,311,145,981,146,805,652,914,284,220,732,617,511,386,138,23,208,924,594,515,851,634,160,53,602,865,445,261,543,280,894,474,243,81,604,126,824,817,825,6,48,189,414,146,63,935,832,709,196,555,31,352,599,512,296,69,920,560,856,591,480,215,155,229,586,691,878,345,656,266,562,271,492,826,323,996,146,711,861,988,188,921,28,467,601,497,612,145,691,322,502,317,72,194,675,293,733,905,86,218,211,61,452,654,458,114,942,554,697,965,917,196,370,318,194,503,319,73,943,723,913,35,656,991,597,321,20,279,855,292,216,622,963,851,31,870,230,211,257,791,119,304,426,567,328,863,350,431,760,167,316,762,771,156,813,769,657,758,826,691,383,656,287,145,801,674,180,738,50,268,114,685,518,554,414,607,799,749,495,903,141,961,552,443,221,305,427,979,698,121,549,548,67,461,686,442,905,792,246,856,879,275,681,826,101,802,405,36,870,429,270,703,681,833,467,65,859,678,539,875,704,671,369,230,199,474,754,581,445,51,312,413,728,686,49,942,150,465,280,542,558,554,754,586,418,846,118,696,715,250,899,957,759,477,830,651,988,199,352,500,258,174,700,513,186,493,606,814,533,751,337,12,291,593,876,854,676,551,319,862,584,286,679,483,533,726
326,511,534,341,430,67,633,80,713,189,909,487,533,41,573,515,979,588,786,372,962,920,376,478,208,769,668,489,762,925,532,241,473,997,753,596,437,215,19,441,212,856,826,680,192,275,624,754,56,450,557,911,20,847,426,307,788,142,94,987,713,752,1,244,766,182,553,503,168,272,539,884,85,679,430,770,268,221,617,111,541,142,748,392,270,991,816,132,324,603,46,568,689,637,27,106,194,861,17,859,137,876,823,583,498,693,9,380,493,252,482,853,116,643,513,315,536,420,23,259,400,752,372,247,437,898,966,469,86,404,921,934,241,540,247,103,255,854,993,768,832,983,440,63,975,76,787,692,410,200,346,307,889,152,639,960,425,632,992,336,111,915,303,132,848,746,188,311,61,619,762,654,720,61,562,739,867,463,550,438,939,534,77,982,582,191,115,446,725,721,597,220,821,566,721,764,962,183,946,916,238,881,212,115,298,12,472,177,395,405,276,632,658,142,771,390,193,540,192,697,152,962,961,824,438,550,762,568,96,697,693,267,378,59,703,411,828,973,30,430,674,154,507,188,475,335,155,4,617,695,604,405,558,131,529,701,784,416,284,912,882,403,517,801,801,617,219,316,827,898,239,993,115,901,671,869,398,513,198,705,764,703,248,58,627,309,700,506,577,341,872,643,534,886,399,213,265,751,223,155,302,663,461,332,690,715,133,112,180,788,847,789,666,725,227,355,107,64,155,819,227,743,280,277,1000,70,429,59,104,994,239,139,196,293,711,572,73,460,388,737,726,27,874,521,942,9,718,87,140,991,882,295,253,600,826,121,233,998,90,436,504,134,867,245,28,822,942,875,369,682,396,992,40,309,205,532,672,716,361,475,36,833,773,162,340,371,708,65,327,772,506,432,212,999,188,724,189,211,193,217
18,13,997,623,735,624,19,13,727,349,529,26,305,749,759,264,799,266,532,92,687,672,813,790,365,915,636,950,667,377,747,679,941,161,9,267,965,336,561,807,702,255,572,803,385,131,276,167,244,528,260,109,824,794,41,921,229,532,504,664,905,69,797,550,197,313,218,490,333,233,55,240,639,78,430,464,116,244,70,113,724,616,278,127,16,261,158,378,748,733,714,226,340,629,401,12,838,139,121,435,959,499,538,928,25,964,698,971,582,656,220,350,538,712,637,929,640,239,269,726,735,49,182,762,20,848,932,707,251,598,122,146,71,324,352,377,87,961,131,696,321,482,694,721,575,566,998,361,801,537,773,643,2,866,563,928,521,801,210,446,303,715,432,152,306,995,797,955,744,656,677,851,418,453,235,289,481,607,934,898,759,608,938,475,435,198,35,931,737,639,842,952,283,523,829,645,207,431,469,161,92,358,82,539,953,419,891,437,783,59,483,321,228,118,304,7,315,41,819,691,821,910,310,63,858,330,334,911,673,551,304,334,408,772,156,677,729,130,531,332,284,838,637,987,372,624,898,17,99,553,619,566,516,574,610,732,887,63,923,711,160,489,703,629,296,170,138,802,713,952,465,408,529,630,405,901,605,661,536,482,283,803,870,540,688,645,734,288,47,779,0,564,269,109,595,773,614,208,971,440,837,895,673,226,376,301,538,244,523,825,732,469,656,932,358,995,8,272,41,643,9,876,964,930,550,913,744,474,765,461,611,647,491,38,199,492,144,914,399,715,453,574,397,743,677,866,383,291,394,43,979,725,606,299,959,637,714,185,960,661,391,580,135,382,154,883,885,353,511,327,518,462,738,524,273,601,78,669,295,547,977,991,32,363,297,165,847,895,385,365,461,440,674,568,63,337,433,321,170,789
349,52,266,619,240,813,395,917,102,389,941,754,527,79,832,443,789,73,371,626,837,800,997,941,303,310,71,127,217,367,444,740,698,598,418,214,364,185,546,104,279,118,75,719,666,526,169,451,287,90,873,354,179,686,698,284,516,232,185,131,577,76,619,374,700,719,492,657,901,830,634,462,778,595,254,347,756,74,358,580,705,332,318,561,789,19,694,780,895,383,701,632,770,696,833,138,510,71,410,698,482,694,767,728,933,739,239,902,785,995,181,753,331,764,341,168,777,7,213,143,908,165,958,503,901,202,731,831,709,76,704,574,975,881,27,461,679,120,316,898,929,815,476,162,435,780,391,412,290,604,392,698,916,871,590,715,454,53,139,490,107,357,698,622,192,619,857,220,65,0,423,850,806,544,501,560,129,268,686,302,17,320,826,846,75,753,188,423,653,703,369,39,658,29,690,236,350,989,409,149,267,624,170,242,559,801,177,116,373,584,73,371,517,740,81,209,557,570,173,619,471,404,314,77,748,595,256,73,89,674,290,31,626,374,353,546,356,484,923,288,484,178,945,374,174,636,949,948,814,767,110,18,819,122,41,941,432,696,998,969,267,206,818,950,923,934,694,864,139,0,374,670,243,883,408,823,698,8,634,573,440,272,448,980,422,335,629,607,924,515,473,805,264,488,997,6,496,479,13,183,209,766,8,721,526,675,902,215,433,640,255,905,592,655,309,56,163,211,759,219,75,705,108,548,502,93,209,240,566,108,458,163,767,281,940,247,322,562,42,432,732,324,588,915,339,476,305,411,393,29,223,157,246,26,984,278,286,690,402,995,459,786,361,120,455,66,478,729,381,56,544,59,66,142,466,715,39,44,10,648,870,310,624,979,517,395,953,232,523,177,923,545,300,246,893,103,783,359,180,938
495,982,684,558,632,462,515,735,198,68,388,967,311,124,337,591,736,359,759,689,688,569,165,203,413,284,983,498,490,562,453,254,144,657,774,443,390,910,330,225,131,685,5,970,319,427,947,103,556,379,863,205,983,198,629,687,837,403,236,663,495,48,762,329,836,368,567,886,225,627,808,901,954,184,979,794,379,305,833,708,112,858,979,54,20,78,59,849,345,211,419,656,240,845,653,914,506,403,846,854,536,704,190,525,173,845,531,326,97,209,115,720,338,729,348,294,333,500,752,784,295,262,647,328,478,14,68,257,743,405,503,731,936,959,649,507,242,804,577,191,759,284,599,667,919,167,795,217,363,773,809,183,8,450,702,381,143,708,867,404,112,405,566,385,857,801,302,132,813,533,821,123,943,899,839,117,172,813,438,322,369,46,624,777,862,428,794,234,741,292,416,906,644,563,573,921,282,547,703,346,824,929,97,796,364,416,8,876,905,31,703,634,669,411,222,1,368,606,164,424,928,299,960,682,930,577,850,716,530,690,823,275,819,948,87,167,159,126,94,851,584,718,508,876,785,962,795,407,273,509,454,760,377,601,896,925,347,297,699,449,457,613,476,876,106,263,798,92,61,535,226,277,660,133,915,503,971,139,185,409,382,803,748,264,683,937,432,373,170,357,292,401,197,629,117,134,822,675,732,160,971,1,977,554,764,12,162,808,57,596,164,443,618,797,618,435,612,677,384,241,276,61,163,26,67,668,188,679,39,316,427,88,235,773,743,944,681,301,370,312,953,43,708,7,946,696,791,668,4,826,161,406,445,862,173,138,699,736,231,553,760,975,31,678,206,67,658,489,178,625,52,873,671,436,996,814,619,66,37,932,51,700,902,81,95,79,37,660,163,456,64,46,530,898,184,243,641,969,974,695
481,691,766,587,632,173,57,431,272,813,351,879,46,244,582,987,647,670,11,86,486,69,512,726,365,794,966,538,213,451,356,493,667,455,856,984,72,202,915,916,385,284,105,984,542,640,976,806,796,747,424,975,202,695,769,22,283,497,198,243,403,132,23,103,640,77,736,321,417,820,296,13,194,123,159,565,940,349,363,547,191,634,106,821,773,933,900,486,79,559,153,423,149,200,101,765,114,4,596,828,948,230,566,207,318,563,373,904,23,511,883,916,814,966,186,306,184,298,140,225,896,667,153,910,671,475,113,825,479,568,866,386,203,974,640,58,581,393,922,285,43,909,270,827,848,712,804,31,174,1000,391,417,810,256,649,84,394,810,972,427,499,209,37,613,935,667,706,947,746,730,802,290,953,440,451,926,216,976,553,997,645,483,496,263,409,601,490,263,192,584,125,82,441,793,450,123,226,989,460,475,556,102,697,72,89,399,142,527,253,120,340,44,153,637,828,610,760,222,464,762,380,424,701,43,848,104,167,46,167,843,709,579,872,729,556,124,205,573,949,530,689,918,252,421,768,313,860,921,479,309,833,748,458,943,88,53,287,556,277,801,806,425,884,946,194,820,287,196,63,320,743,488,436,813,635,399,170,702,434,854,722,454,484,54,466,122,937,569,118,207,887,754,787,132,762,224,237,121,542,532,124,857,190,909,516,797,897,462,623,431,59,444,52,836,377,542,920,202,86,887,610,623,733,873,601,549,417,507,227,203,169,205,816,106,590,185,726,345,334,381,591,338,326,392,414,323,730,254,500,536,613,446,210,449,223,647,254,176,507,219,758,234,1,625,222,72,777,314,288,648,49,810,625,284,980,29,321,649,755,96,404,641,570,805,484,735,605,252,861,945,516,769,922,442,184,362,110,193,145,630
563,731,495,596,199,794,373,411,538,728,163,114,275,223,102,637,162,601,373,807,288,286,977,694,874,83,286,610,319,523,999,115,924,424,823,506,180,692,638,474,226,903,404,403,607,557,609,234,498,629,440,35,229,585,544,835,116,621,581,993,654,556,271,847,432,901,800,354,750,554,936,424,560,306,259,473,240,711,702,805,449,491,829,144,755,932,144,60,816,56,595,782,781,788,392,574,45,996,870,416,176,436,821,84,278,153,760,48,220,633,759,445,723,37,818,804,992,508,390,385,248,834,421,92,59,624,679,278,612,763,213,220,889,944,809,399,405,757,283,496,967,114,257,887,690,895,98,313,468,715,677,418,26,847,160,239,852,80,363,459,590,247,819,949,243,646,321,29,176,257,971,540,832,52,99,423,682,179,450,996,419,626,272,638,852,403,121,917,307,419,14,304,144,215,402,208,807,0,743,70,519,822,658,761,218,521,346,809,296,802,907,631,775,178,969,168,26,67,402,996,629,178,172,28,451,508,948,233,419,845,524,123,704,124,119,206,655,660,944,349,952,806,949,788,515,415,624,700,188,71,212,456,285,586,502,841,58,106,993,817,516,522,417,99,230,997,935,592,233,349,543,371,128,672,932,144,492,338,845,256,389,361,467,959,144,625,498,850,50,789,428,236,67,737,118,403,887,272,142,633,75,363,857,108,738,86,855,537,47,109,918,340,678,257,988,687,705,104,250,35,1000,446,968,21,703,850,152,320,191,93,188,323,486,905,89,935,883,742,752,614,123,723,784,573,452,313,698,13,33,367,912,780,467,787,765,456,280,437,54,111,866,461,971,551,8,576,224,668,544,440,279,648,51,488,932,925,235,834,631,718,140,616,674,630,214,45,162,702,752,731,340,510,52,205,305,818,558,539,572,828
924,555,617,320,374,125,971,461,67,478,929,971,563,409,303,560,357,777,190,371,71,116,352,151,531,695,992,506,629,414,95,574,170,151,872,659,566,785,67,650,341,466,370,872,320,14,516,165,414,596,798,397,143,527,515,556,634,31,599,443,819,812,297,975,771,997,797,761,918,696,84,233,204,889,988,546,431,599,330,911,539,120,119,813,48,424,987,549,84,898,305,5,361,233,320,631,153,9,318,956,787,967,583,948,51,670,901,286,313,922,490,513,427,116,294,606,225,803,354,220,379,95,481,262,547,628,405,234,826,805,921,70,686,895,783,80,859,904,883,39,701,843,686,695,584,985,384,531,985,254,439,199,933,102,552,614,558,824,823,751,198,956,684,159,601,357,233,691,375,102,120,31,551,873,345,250,737,229,955,804,41,837,725,772,134,729,613,703,21,66,461,468,127,790,816,166,379,199,369,203,473,709,829,790,705,342,8,669,705,462,445,166,478,444,961,570,628,155,669,490,17,438,38,677,791,716,177,369,52,352,816,535,240,359,601,634,982,346,413,137,672,654,727,151,471,425,474,871,512,532,935,919,286,882,652,537,838,443,183,751,312,275,21,112,367,596,479,833,805,554,302,214,484,923,535,65,185,341,195,718,527,285,447,312,350,924,462,652,160,102,845,135,738,236,620,695,534,792,951,309,701,570,0,451,371,619,607,44,95,381,466,462,461,587,139,731,794,47,6,911,766,251,229,871,945,796,594,3,454,186,983,976,178,572,196,277,473,761,277,310,813,585,229,88,757,95,130,766,808,665,78,876,173,880,830,485,168,106,633,32,54,366,110,338,678,540,286,750,453,346,645,485,631,957,646,769,757,690,892,421,414,403,832,379,893,307,835,474,993,589,237,555,280,673,800,165,849,645,367,198
316,699,104,75,976,110,799,582,817,917,447,895,679,638,414,374,491,386,154,48,918,925,412,33,715,899,503,5,143,85,625,537,345,779,187,791,707,309,879,909,260,168,183,975,852,500,462,560,487,301,895,290,869,255,51,84,617,594,673,980,501,903,292,856,859,250,662,748,202,619,34,158,141,363,560,932,301,852,363,153,460,34,18,822,532,561,413,77,624,462,326,372,942,784,554,381,341,980,109,976,751,771,672,619,382,437,842,334,685,523,469,473,292,962,62,830,527,219,974,226,842,689,691,810,544,766,665,92,89,859,691,923,722,862,597,988,873,110,282,422,667,166,612,833,225,393,989,112,257,326,680,82,820,966,513,114,810,989,75,129,427,500,315,164,933,983,486,424,592,5,708,650,896,497,329,557,959,198,31,269,409,885,748,695,729,135,878,182,435,624,270,335,998,508,115,896,939,472,240,640,63,500,469,396,622,248,132,36,571,469,92,235,623,16,654,792,85,973,803,422,723,35,819,312,981,10,354,354,924,274,806,569,582,35,674,314,10,826,560,428,298,898,38,411,438,207,28,496,458,299,137,312,206,155,197,628,889,626,333,159,361,648,62,236,49,296,733,57,510,64,459,685,604,740,658,559,456,902,802,624,444,984,931,681,5,909,702,419,666,720,379,115,415,773,735,202,395,479,76,806,16,814,727,427,712,430,334,105,740,514,956,319,806,923,515,450,259,176,897,472,595,618,382,490,973,475,749,36,930,636,637,688,185,663,47,247,134,429,36,830,541,377,129,439,746,802,912,783,389,921,645,942,31,704,115,329,797,195,333,382,217,110,267,717,990,608,606,929,792,379,47,956,625,128,958,362,208,188,255,135,246,902,241,65,331,564,661,684,417,994,981,923,577,249,306,898,135,606,172,60
301,986,325,935,224,795,241,911,360,132,280,644,119,868,442,715,579,745,51,951,960,431,397,683,613,110,237,862,759,74,986,402,852,887,272,380,717,923,582,488,733,142,830,996,300,845,56,988,498,765,317,910,87,36,83,254,162,261,219,524,315,998,149,999,35,1000,449,226,603,812,596,182,205,560,641,113,345,748,445,71,562,659,979,480,454,135,803,760,933,356,557,123,288,552,409,289,893,631,537,516,580,605,509,495,224,228,30,863,339,569,58,409,99,918,676,624,944,141,826,397,195,672,880,583,424,407,715,581,943,187,961,641,115,130,933,809,888,619,381,408,340,696,303,611,851,600,405,111,724,405,72,129,810,345,122,390,80,300,743,249,645,213,107,979,536,933,547,694,73,169,21,584,740,756,3,573,719,684,359,647,475,713,913,830,293,212,930,419,833,618,408,687,188,828,324,901,810,703,386,112,917,513,180,165,991,181,988,223,678,275,264,657,731,599,214,412,866,487,873,17,937,992,86,962,17,595,766,56,41,521,708,899,115,99,799,787,344,887,190,242,49,985,908,735,515,445,438,98,295,63,499,282,420,115,962,987,979,189,758,382,455,446,247,7,131,562,459,383,478,324,239,882,32,715,384,518,461,241,706,225,319,243,465,558,632,642,409,905,448,915,750,503,600,780,827,43,131,751,890,933,875,865,556,856,213,115,146,547,354,414,603,571,201,478,788,190,481,419,954,503,165,933,261,418,243,13,137,854,840,944,263,558,897,349,718,877,605,926,137,308,871,661,705,594,252,255,158,896,370,115,248,141,268,518,783,30,476,407,945,896,492,611,235,127,722,143,193,893,795,377,929,926,634,514,593,242,821,945,137,634,890,287,50,409,165,563,958,42,503,405,846,246,633,673,251,115,825,208,667,142
142,987,948,520,195,980,864,435,920,954,83,984,956,351,665,239,448,145,307,453,934,408,776,522,807,904,499,752,191,983,679,382,133,949,55,998,965,283,425,990,451,180,984,224,409,976,169,62,743,115,783,365,780,39,571,38,725,271,531,862,553,149,553,190,192,568,507,155,245,540,910,360,916,455,302,943,631,528,680,417,396,51,286,947,621,28,77,793,910,996,570,556,10,917,129,958,42,430,461,201,204,803,183,305,989,617,951,809,894,659,327,450,860,833,457,988,352,908,709,588,365,676,107,916,672,813,357,857,993,908,692,385,940,821,90,564,588,588,615,844,903,736,746,736,453,770,676,831,456,262,876,263,327,858,713,789,128,648,658,685,701,987,636,92,460,47,15,838,888,388,839,43,821,317,121,406,137,521,269,378,432,565,888,421,784,242,246,87,778,299,982,974,220,359,720,462,550,232,214,951,524,471,498,27,929,756,784,454,146,407,513,246,341,866,881,431,74,216,440,6,812,792,818,646,833,782,29,86,952,691,331,556,88,501,921,25,664,214,823,948,816,887,193,195,783,7,766,756,788,506,286,125,322,932,447,898,990,97,150,177,626,340,244,574,600,406,55,758,7,127,128,171,623,606,76,882,745,365,982,255,162,171,302,978,706,95,173,7,296,102,306,796,134,194,356,73,439,243,38,883,97,322,28,828,797,155,780,704,934,616,669,155,236,638,179,28,699,865,918,841,830,86,193,387,893,132,615,818,345,35,345,656,46,262,465,150,62,691,805,918,694,91,120,490,850,301,292,165,771,87,232,774,984,531,732,964,118,134,171,239,501,945,446,140,244,655,915,916,706,859,582,604,606,612,836,140,575,333,824,171,943,300,64,874,639,651,74,570,917,561,524,177,929,87,737,43,460,136,934,472
664,127,359,342,140,923,925,398,40,672,82,956,672,997,915,221,131,383,509,197,56,262,153,5,868,402,515,494,163,578,21,901,791,507,358,45,440,437,773,364,175,594,937,468,678,212,589,228,764,815,893,440,289,507,298,505,362,778,715,686,751,45,910,529,413,115,238,366,228,898,517,467,435,981,940,697,773,84,445,12,249,908,316,214,605,626,57,946,109,227,321,749,740,861,582,306,427,743,898,437,634,936,9,934,359,725,62,183,386,56,184,276,632,755,248,520,359,859,658,390,360,918,820,570,599,119,835,12,468,830,473,608,532,604,302,527,523,744,404,118,162,809,666,475,290,937,57,388,807,668,545,919,467,214,280,756,43,459,109,914,910,349,560,252,754,438,317,190,722,940,71,827,829,766,179,738,728,478,131,846,133,480,410,995,934,504,92,618,341,232,918,121,379,996,479,20,594,553,200,903,466,748,539,899,932,99,912,857,100,518,133,700,995,439,607,321,129,557,142,611,400,207,133,653,149,904,764,978,553,242,826,822,17,678,425,825,334,87,852,859,127,992,325,513,434,867,175,753,982,554,375,359,48,633,945,699,251,958,647,791,123,930,869,808,303,657,80,890,94,285,63,430,733,31,234,430,930,395,31,725,152,96,995,806,113,230,119,511,708,676,102,143,981,501,963,521,921,677,356,980,642,521,60,604,146,375,977,885,422,214,143,600,734,564,156,142,163,100,408,879,46,694,49,594,919,391,223,468,836,197,188,417,621,1,647,850,185,228,443,630,874,687,745,597,71,475,582,404,100,340,143,223,498,87,600,747,177,19,769,439,923,521,171,664,296,786,562,769,928,866,197,222,925,236,770,12,740,422,264,539,30,334,689,749,483,192,399,108,814,829,752,708,429,300,957,243,231,795,737,488
866,659,135,212,373,40,406,261,196,721,83,386,514,847,454,383,525,612,541,231,269,646,572,851,422,707,948,223,576,856,757,374,273,453,707,366,667,875,187,368,756,174,569,490,766,693,277,939,780,807,324,882,999,676,819,215,463,985,609,343,687,15,520,162,257,192,527,183,644,319,194,156,221,624,789,818,419,244,327,909,372,970,604,82,115,456,205,88,570,136,56,24,614,259,726,566,92,56,69,758,636,851,270,668,894,785,840,309,257,829,616,768,496,485,69,692,143,684,879,768,327,639,806,148,955,262,737,319,919,960,973,434,856,768,227,693,244,530,218,816,191,29,792,214,823,355,555,657,869,475,77,347,202,154,655,437,446,211,772,597,871,90,1,835,588,712,387,729,979,455,710,741,986,757,993,387,234,19,438,890,512,94,633,756,661,833,741,65,57,735,838,71,427,453,707,694,428,215,954,616,472,833,170,79,656,391,335,489,29,642,313,398,15,663,281,485,800,110,301,260,503,558,631,219,490,141,372,418,619,747,839,549,736,182,524,281,997,527,116,192,734,148,609,348,762,52,331,780,233,745,466,640,548,777,63,397,843,727,283,564,913,535,59,178,115,168,708,223,271,772,241,978,820,411,273,930,190,854,997,647,375,789,434,281,141,324,809,462,296,54,886,932,606,161,273,668,480,287,824,41,413,642,354,285,420,831,532,100,317,96,313,970,150,847,961,924,205,491,846,557,444,96,712,588,478,224,305,11,362,977,585,203,938,546,380,381,683,215,540,358,253,423,243,610,149,147,713,182,645,378,233,888,709,601,106,181,579,216,106,963,810,322,720,859,296,269,528,885,345,960,675,793,409,181,392,672,107,657,839,929,811,101,306,983,432,36,557,126,238,43,939,384,421,208,496,815,210,497,727,292
972,740,765,836,573,353,221,965,854,97,201,739,816,536,416,731,706,809,989,360,633,545,140,380,734,612,620,207,284,439,72,918,961,675,377,120,418,963,700,103,485,800,888,222,876,350,905,452,893,984,597,297,135,739,418,676,563,340,857,378,51,396,483,671,155,221,329,569,393,339,841,580,824,869,941,385,243,145,920,172,53,6,836,803,661,924,237,989,709,30,541,29,425,88,826,625,136,756,474,411,395,541,861,189,840,344,640,727,695,135,637,672,233,161,870,839,225,400,580,16,47,934,780,99,145,35,391,615,791,999,960,741,77,244,737,117,495,923,107,337,209,912,648,334,926,176,958,476,870,215,746,243,236,423,236,861,127,862,928,798,940,313,82,32,527,124,854,286,154,867,948,772,341,248,773,616,687,765,641,759,79,540,558,50,860,669,323,648,240,806,940,148,331,897,330,692,445,793,972,896,351,637,376,506,781,204,179,490,550,812,783,659,241,299,20,602,685,389,308,171,445,898,180,450,42,815,498,967,889,605,641,454,615,623,659,688,510,847,41,607,687,579,507,638,460,503,366,501,12,237,267,394,454,154,137,511,767,338,0,936,58,818,784,90,270,129,231,971,510,812,265,851,758,416,811,813,513,994,523,1,394,583,77,20,344,564,680,382,285,140,410,578,222,341,714,409,641,838,917,555,619,416,689,795,1,610,403,351,58,491,172,521,768,961,471,723,873,689,608,238,883,154,125,253,269,355,15,861,777,86,34,443,748,235,536,327,498,304,873,874,805,248,738,106,57,415,351,322,57,214,596,212,991,558,389,122,916,590,953,805,624,236,824,8,615,984,800,625,543,291,284,619,465,285,291,56,506,288,315,545,924,27,479,646,511,75,229,874,686,622,526,339,523,639,582,309,100,64,403,594
597,618,294,348,790,42,931,506,711,988,568,425,220,640,556,949,687,29,360,737,582,848,14,96,526,555,311,232,833,752,646,248,413,280,322,615,885,198,924,979,435,740,225,103,949,735,435,649,305,970,373,458,499,322,765,794,291,394,447,437,408,612,595,223,142,597,623,100,763,112,548,505,540,990,208,444,35,572,525,713,259,970,912,815,549,738,235,590,702,30,285,632,408,560,750,620,874,834,965,22,713,329,68,783,96,995,283,2,378,185,564,55,156,725,106,516,105,107,971,843,126,207,549,41,916,33,258,551,482,38,336,218,619,524,326,194,413,84,48,434,398,445,69,3,391,411,905,911,524,308,442,465,776,596,506,910,297,835,562,752,760,45,886,766,328,356,672,332,278,456,4,845,184,192,746,356,263,913,844,722,105,79,200,886,341,194,533,892,328,128,4,453,608,533,549,68,798,434,397,582,606,661,357,69,914,614,997,356,286,729,371,638,413,955,230,564,842,135,947,80,791,825,782,19,58,698,283,65,888,727,881,383,506,738,7,317,245,631,547,319,588,507,964,621,469,207,253,800,123,528,542,168,644,417,527,121,769,241,392,293,329,942,646,383,150,627,853,238,922,560,4,991,127,779,384,354,892,382,373,612,920,745,643,497,205,634,617,150,735,629,398,458,835,800,315,604,198,241,558,639,349,741,461,836,246,375,37,470,72,978,436,378,109,855,937,333,360,70,713,667,380,122,144,735,673,286,3,584,698,56,423,768,842,866,102,985,140,153,940,800,807,989,439,322,897,960,490,302,444,566,867,835,271,2,779,578,200,688,505,789,958,563,964,583,561,972,666,124,198,867,851,430,497,473,715,516,7,666,176,256,217,428,599,900,444,154,67,324,895,733,31,190,358,763,557,687,375,109,395,724
899,88,791,743,68,609,615,532,203,876,453,377,216,439,240,986,934,233,949,74,289,795,276,353,765,325,607,801,910,301,930,922,71,187,810,582,845,304,442,619,162,555,728,713,828,454,750,119,324,945,483,201,388,99,381,794,268,284,499,59,270,438,255,279,431,886,52,991,605,710,973,859,667,300,936,313,50,799,108,797,326,425,128,685,316,314,80,589,495,224,518,638,671,810,422,541,81,590,784,485,248,238,910,767,33,854,935,455,157,450,76,315,329,378,969,500,596,885,664,355,87,543,921,375,830,578,509,474,571,93,855,882,195,801,902,145,205,363,992,948,547,952,70,813,219,6,621,891,159,180,799,179,801,94,455,36,349,750,218,280,263,63,87,805,267,405,440,90,629,780,636,780,742,11,324,502,519,371,818,312,779,339,450,20,549,524,22,958,674,858,265,461,854,189,645,773,756,679,232,494,804,163,591,896,623,788,961,533,288,420,168,221,316,837,418,345,554,590,278,242,474,673,467,265,435,349,261,200,364,800,120,708,78,119,244,501,31,405,985,555,939,803,1,283,741,531,941,624,877,311,302,2,650,262,596,824,560,1000,283,936,384,342,884,143,683,888,593,725,202,478,308,459,101,881,629,166,957,621,559,485,503,249,166,975,536,966,119,363,324,10,263,978,89,280,853,483,654,59,439,979,572,487,747,676,900,70,345,359,473,929,280,402,190,546,363,931,355,646,973,383,305,935,449,277,56,167,523,579,581,418,395,238,821,566,896,279,810,143,606,533,645,566,155,383,253,229,765,605,36,346,706,915,459,684,732,424,617,328,413,912,482,827,925,443,823,62,927,727,911,982,878,852,494,716,525,777,919,781,18,786,603,110,883,749,652,962,268,120,430,470,968,959,925,262,988,735,97,4,265,962
69,768,890,148,898,721,445,721,114,873,158,716,744,604,207,913,100,241,744,816,561,52,591,751,642,823,878,563,441,378,489,357,262,917,75,783,669,236,576,888,741,827,390,695,121,169,723,339,141,156,312,706,925,338,964,160,24,800,105,325,726,53,504,666,530,241,622,536,147,461,269,785,619,672,819,243,616,162,511,928,437,972,651,726,501,415,918,658,732,70,14,775,937,995,153,948,277,429,648,440,160,689,842,554,264,787,224,333,412,70,46,304,912,165,705,317,444,274,212,617,459,472,779,933,726,623,976,894,156,318,783,975,465,221,269,353,812,678,523,820,967,660,787,807,713,660,310,295,335,181,759,685,944,102,962,746,618,712,856,702,219,75,486,41,41,564,988,463,711,692,628,2,671,231,744,269,606,790,656,799,77,251,751,229,696,764,353,140,683,443,185,174,476,21,630,961,890,292,589,541,432,630,652,73,300,15,26,382,600,704,929,767,300,737,718,364,219,943,871,770,27,834,235,547,789,512,404,372,225,473,486,652,250,824,588,311,481,483,342,325,978,378,444,963,476,784,73,348,308,58,735,832,434,191,120,298,884,970,311,353,865,621,774,114,299,173,492,349,349,635,474,466,441,288,828,620,540,650,603,463,624,339,119,576,164,643,151,73,937,336,658,494,524,725,403,121,859,901,968,713,958,45,819,780,391,720,831,522,65,854,117,722,573,153,133,865,98,812,420,3,331,320,127,241,28,204,502,379,912,554,630,305,247,752,357,467,824,750,764,64,962,70,89,420,109,820,944,27,676,233,151,533,996,347,10,850,338,944,421,995,464,474,2,244,904,788,300,212,286,212,753,579,386,869,137,611,614,451,155,604,85,21,418,539,355,621,852,335,436,196,255,330,662,464,182,427,842,598,617,666
360,753,453,428,240,883,447,541,26,13,42,394,228,552,369,20,491,139,976,146,878,598,18,963,46,657,535,385,529,894,878,414,389,695,941,39,169,319,641,97,90,240,660,741,717,514,797,757,96,274,877,564,883,156,845,285,256,373,939,829,496,233,426,874,224,234,873,750,208,858,420,358,263,48,549,133,123,996,109,449,484,190,342,500,197,388,320,62,908,853,455,969,718,995,479,297,175,146,481,967,340,86,489,293,41,495,254,319,664,274,526,314,628,155,148,619,765,570,5,163,762,325,240,787,599,209,335,138,957,710,233,899,221,754,716,235,428,823,286,26,858,536,213,623,826,398,384,64,83,448,372,811,780,357,977,641,393,939,688,983,565,110,937,368,598,35,245,333,922,139,126,353,663,149,464,556,516,277,632,317,421,971,849,572,133,494,115,162,646,86,839,267,201,8,847,293,109,29,168,672,665,489,922,942,868,670,919,146,237,17,279,853,832,751,500,264,757,879,336,793,110,267,122,339,131,711,929,182,627,365,191,780,253,490,803,443,216,258,416,254,413,225,605,146,983,78,116,459,925,690,470,541,631,737,378,716,836,18,983,397,526,533,447,638,209,208,904,793,822,187,816,319,806,648,247,760,24,784,782,747,2,861,987,830,818,9,185,62,254,713,569,129,554,105,684,523,492,905,65,638,176,852,764,639,528,906,309,87,279,97,822,108,641,525,465,79,79,802,871,213,36,998,923,1,981,956,641,98,736,440,941,560,554,677,295,179,514,488,42,706,630,817,798,685,163,393,496,472,170,520,245,70,862,813,467,900,44,175,749,231,635,169,538,251,341,57,229,249,898,780,874,825,375,689,446,658,670,945,81,3,111,524,834,914,987,497,798,434,415,363,842,905,816,672,626,997,594,674,165,427
938,678,632,748,607,692,864,782,627,689,530,417,917,893,156,435,639,480,729,1,121,542,106,558,211,900,689,727,164,814,861,47,911,206,732,726,979,138,72,647,143,918,763,726,830,941,205,973,76,211,63,440,766,487,75,870,461,887,782,426,85,101,676,217,903,732,142,616,316,214,431,105,603,572,589,77,269,872,793,688,30,517,718,481,849,571,983,920,243,972,538,479,692,251,54,519,918,205,498,401,698,409,0,74,92,294,81,692,304,780,207,568,746,729,114,463,367,699,27,848,561,362,895,666,108,40,58,68,204,449,121,451,102,218,617,918,763,325,169,534,101,405,153,317,474,132,496,486,42,489,2,829,775,145,369,933,537,101,175,500,13,93,452,470,418,235,568,470,970,22,158,220,69,424,216,812,289,99,540,233,8,28,583,607,862,410,212,938,815,212,226,153,236,821,558,634,489,1,353,33,950,848,370,601,540,786,816,519,806,219,81,927,150,665,348,791,553,908,17,992,458,861,280,463,763,888,958,513,467,346,460,802,885,383,870,774,241,287,321,621,973,502,97,241,59,385,772,381,458,663,332,607,290,536,510,78,680,67,744,82,521,306,87,633,690,705,177,78,109,277,547,738,820,470,30,536,485,656,166,174,668,815,470,428,181,80,687,885,64,270,293,760,207,8,638,716,189,600,324,876,83,558,111,43,361,307,252,501,575,940,889,211,247,596,759,576,904,825,0,221,210,685,375,141,977,310,948,236,893,134,927,493,531,896,211,734,333,906,697,613,624,885,821,395,788,939,427,624,90,953,54,284,64,765,610,515,262,102,485,728,772,144,20,21,697,666,875,999,706,871,612,228,980,455,324,120,811,372,112,600,311,307,191,857,118,326,888,888,363,461,548,567,866,168,376,656,494,675,293,912
327,826,313,1000,627,626,355,667,460,969,47,825,929,422,31,241,943,651,611,210,736,552,913,188,365,934,781,811,165,1000,124,877,814,697,699,142,393,518,951,765,211,511,928,992,589,73,29,594,311,673,874,931,636,962,677,863,595,846,379,159,615,694,316,956,703,365,503,148,789,437,924,327,514,422,217,413,671,54,771,527,353,534,490,581,680,928,687,637,324,785,363,719,106,275,160,252,830,395,341,459,214,442,288,345,675,66,46,624,299,846,351,655,273,59,863,908,254,775,581,540,648,38,532,53,595,503,33,434,563,362,314,772,962,754,284,30,740,73,438,551,592,784,431,876,993,418,661,318,241,31,490,506,50,876,818,998,437,299,612,388,408,917,743,621,596,221,549,994,42,413,766,549,758,824,41,127,216,252,239,554,912,939,513,53,926,766,61,968,460,6,263,859,122,340,528,952,554,884,900,221,322,886,722,181,371,434,800,610,562,625,649,274,804,914,145,227,137,621,403,526,803,97,986,120,547,541,544,69,30,865,609,684,936,57,991,905,72,901,232,767,881,888,438,770,145,490,22,779,78,329,638,659,37,279,910,136,5,903,675,861,961,916,391,958,163,252,447,207,631,384,77,39,944,578,612,565,368,118,399,581,334,387,878,139,254,50,579,182,567,612,937,144,753,643,127,341,469,7,933,409,223,194,925,428,559,433,2,305,513,100,397,559,615,373,42,382,679,751,518,35,100,918,804,178,144,24,862,840,517,289,884,629,585,661,845,275,235,626,865,183,421,312,448,146,990,838,865,358,751,914,750,858,899,149,106,692,805,218,442,55,990,776,727,3,627,791,817,611,47,252,920,870,634,698,105,417,520,119,396,784,697,693,187,45,377,73,398,874,916,314,153,412,358,86,303,803,701,354,832,483
359,779,844,185,792,163,887,446,257,717,816,734,135,566,510,289,300,162,505,556,186,402,985,248,782,429,968,118,979,953,943,809,12,963,502,620,105,351,575,226,286,655,70,911,776,613,801,155,444,314,926,73,125,131,322,685,345,486,771,922,777,194,506,127,78,140,942,531,147,357,745,792,128,896,352,607,885,382,714,747,45,427,278,982,212,769,408,172,829,587,290,392,384,392,730,355,243,160,924,646,111,55,510,172,751,199,713,394,53,928,304,781,429,516,463,17,442,570,918,51,34,433,305,885,771,36,811,745,206,631,905,151,353,227,282,852,856,888,225,589,159,600,745,263,650,784,81,487,221,978,920,85,52,820,998,932,806,164,173,721,648,954,709,516,319,373,248,622,239,812,602,612,535,265,604,434,758,467,764,28,590,89,892,403,192,550,830,959,929,161,927,831,703,498,642,417,61,375,31,885,940,845,432,459,153,718,549,855,125,897,606,577,605,475,965,95,154,331,867,271,753,415,590,360,910,125,554,998,91,926,852,53,147,152,282,9,394,594,532,46,624,480,171,602,973,762,212,72,886,580,272,595,785,215,418,747,88,659,429,155,738,586,255,609,591,915,681,894,211,492,54,933,972,85,175,865,164,953,666,481,634,975,10,116,940,618,912,135,383,180,894,139,143,992,133,36,136,707,131,602,59,819,150,471,347,108,544,565,67,557,310,814,103,262,747,29,903,554,117,833,758,3,940,649,139,781,407,804,40,188,299,896,399,516,984,734,860,253,701,260,740,673,732,155,731,412,909,72,238,613,760,633,207,66,552,545,73,566,341,230,716,587,322,392,109,37,652,217,393,255,53,171,357,640,152,178,545,30,931,515,290,531,441,43,565,344,894,804,141,885,706,786,453,601,719,201,222,291,826,262
46,508,666,825,985,470,323,840,398,614,314,467,217,849,6,832,200,561,331,196,908,517,256,289,940,153,43,461,326,377,234,710,725,164,671,592,582,501,565,676,467,335,748,75,798,801,160,39,786,206,437,751,262,822,318,275,548,12,149,892,685,216,775,826,371,8,868,101,929,628,342,636,770,455,792,281,353,782,323,619,755,870,728,288,209,18,46,148,629,602,22,873,878,404,867,122,574,882,53,351,852,377,293,426,599,302,979,162,222,430,595,151,33,757,390,933,117,740,488,932,254,167,242,664,151,888,294,381,45,142,605,315,525,256,817,553,894,697,183,578,244,327,124,843,54,171,117,709,751,579,251,641,278,296,227,985,22,648,577,851,842,182,983,852,70,159,586,689,839,398,825,782,631,590,438,485,742,517,698,482,377,634,42,741,258,460,237,925,176,952,896,937,550,739,653,845,67,296,808,189,467,555,189,247,918,617,409,952,17,233,791,600,129,205,558,288,721,397,298,43,594,196,933,885,533,699,846,614,416,94,436,778,27,916,44,616,834,830,327,233,206,499,531,384,380,252,645,895,535,781,217,582,998,161,357,445,334,620,333,403,427,436,747,405,915,457,289,849,86,562,977,902,389,396,733,419,748,808,721,809,782,719,858,401,626,221,102,457,601,980,206,63,295,906,644,96,942,922,665,450,273,651,53,671,129,931,218,321,425,476,597,846,242,85,396,20,332,964,39,833,656,710,105,875,68,722,369,964,507,668,702,240,170,431,594,677,803,58,719,143,902,593,767,760,194,58,437,745,395,308,582,555,408,947,519,855,13,733,692,984,878,95,878,221,502,291,867,851,446,367,301,82,75,30,838,927,709,572,430,460,953,92,603,466,575,122,53,67,141,684,682,660,904,285,153,19,25,251,34,145
318,18,98,178,573,912,220,2,326,613,478,470,749,294,992,377,158,808,520,366,895,839,310,600,100,326,603,557,331,82,841,452,366,733,726,235,810,816,265,286,718,237,699,728,473,835,701,228,313,781,901,248,611,225,25,538,143,72,74,345,634,111,233,513,611,148,793,167,305,143,640,642,31,530,532,285,235,684,143,395,124,368,29,644,608,81,506,229,53,139,223,458,956,42,458,935,460,348,487,326,824,601,322,397,891,633,552,5,332,233,574,932,274,526,911,810,118,882,63,932,356,554,61,231,127,293,564,353,723,0,415,425,684,567,872,843,953,453,327,568,172,940,231,597,198,142,725,304,909,63,253,619,266,424,388,687,500,192,64,626,327,3,406,170,673,423,925,715,831,597,736,89,233,574,900,208,357,16,275,706,688,274,676,263,904,127,749,964,717,19,969,735,476,792,777,165,718,260,56,244,260,491,51,787,696,891,360,203,909,742,770,779,31,19,112,603,353,892,365,999,835,85,294,272,689,855,434,505,127,841,987,778,652,908,591,685,748,176,491,17,668,43,974,480,995,786,829,268,842,191,105,969,816,537,772,757,404,775,664,905,891,165,317,717,63,606,601,15,870,47,807,375,429,683,484,544,324,802,437,592,717,423,591,339,221,741,18,493,402,34,481,457,613,770,145,622,482,219,648,431,478,260,287,672,673,44,884,108,891,484,291,802,220,940,686,582,247,373,75,72,579,856,628,574,814,317,84,590,756,61,388,564,117,3,839,1,50,731,739,361,314,228,671,562,366,605,599,538,895,202,339,191,317,447,248,218,60,339,314,816,441,268,897,834,999,749,139,531,511,758,541,990,832,213,874,579,717,769,700,105,288,996,41,96,296,250,74,35,71,496,770,374,80,660,335,716,89,664,276,901
352,788,966,107,365,798,113,607,281,337,628,635,311,140,206,635,43,60,513,191,628,354,514,320,795,648,388,874,816,439,646,306,361,413,749,160,27,130,797,774,401,30,361,246,217,48,292,407,582,641,652,819,753,0,808,500,178,153,444,849,137,108,668,5,116,669,429,316,49,27,477,84,9,39,478,691,887,614,526,114,848,973,711,427,174,353,627,405,222,198,286,319,793,810,833,18,150,169,885,775,731,896,576,754,272,616,25,590,859,188,462,614,729,599,601,378,934,979,586,946,672,28,7,267,77,526,513,198,39,456,120,80,519,408,522,364,477,829,900,208,800,229,292,441,281,139,736,63,813,181,524,553,36,316,634,679,818,404,108,737,108,875,100,233,409,720,461,553,616,361,250,909,425,543,169,775,333,356,555,821,987,412,823,914,124,798,475,104,623,297,674,780,660,445,272,906,597,231,265,3,861,184,328,347,354,310,980,73,976,213,70,623,447,891,346,595,541,38,415,819,796,260,216,618,957,214,85,418,683,12,862,834,376,247,86,449,426,784,181,448,751,527,513,769,658,349,306,838,938,249,662,555,367,492,751,965,944,1000,507,754,566,636,305,22,635,224,637,890,67,171,363,872,765,277,669,894,895,255,80,589,334,447,717,376,607,458,197,331,47,701,418,746,242,84,766,84,822,382,271,375,196,642,532,768,588,115,4,555,374,900,66,803,196,40,159,751,656,215,697,847,344,792,169,680,398,143,477,16,775,74,38,866,548,126,501,671,912,970,699,574,987,197,636,291,670,787,254,252,665,381,97,984,376,816,972,208,737,391,638,641,215,192,811,790,4,80,994,46,583,948,319,41,432,665,123,786,899,786,115,149,340,422,224,424,645,814,891,988,643,259,634,909,585,821,212,722,33,740,198,380
562,860,204,799,82,522,386,955,957,465,410,318,216,728,885,549,945,504,864,332,978,15,583,241,408,696,336,471,673,857,453,810,171,123,115,28,720,723,563,205,724,151,334,887,514,924,795,999,62,410,777,641,855,797,477,953,841,918,131,71,218,155,168,241,173,310,547,452,359,796,242,350,362,748,697,858,751,601,373,594,580,329,235,323,735,527,838,913,160,96,586,258,888,862,410,897,117,790,10,557,477,788,832,17,723,805,314,20,781,541,910,191,872,540,404,584,44,128,68,464,301,285,5,288,438,510,76,571,977,923,605,449,397,472,692,100,808,931,603,113,690,385,214,51,295,631,788,583,388,247,583,151,719,664,890,112,771,497,195,149,653,830,654,961,861,805,222,528,876,352,531,118,320,71,223,339,173,735,600,999,170,570,111,142,771,377,347,92,773,768,30,555,343,34,385,68,643,433,731,405,709,304,382,797,252,839,607,742,669,918,898,862,782,701,483,985,313,484,949,561,394,590,52,584,827,729,805,202,966,819,581,268,422,80,820,968,319,1000,344,463,571,651,811,375,83,943,380,845,685,312,412,867,70,848,734,49,260,260,446,504,312,814,503,316,245,220,941,156,153,58,729,238,146,699,838,101,416,946,382,587,719,228,882,587,718,774,435,583,303,561,569,652,514,598,553,265,425,887,194,8,702,57,834,696,522,530,669,912,174,466,677,728,601,798,61,66,138,806,910,827,776,629,64,847,435,188,274,213,380,524,526,130,674,116,266,497,290,780,223,65,381,753,20,736,687,371,932,342,180,210,743,84,894,58,748,424,824,511,236,482,469,962,63,924,122,94,689,905,232,764,867,539,259,920,553,978,705,197,241,148,960,157,972,877,728,679,739,306,604,588,294,164,580,811,348,248,502,819,313,258
589,401,139,572,547,980,6,942,410,153,722,797,702,769,933,624,376,832,886,590,463,821,536,885,514,668,813,874,566,165,598,72,930,248,640,388,938,886,566,714,475,937,820,906,678,338,519,862,696,320,408,228,397,16,360,399,732,742,87,486,588,235,372,68,121,203,780,203,109,776,128,512,138,582,670,260,90,752,415,947,323,458,820,455,938,560,653,690,287,537,290,326,195,204,959,369,282,918,151,327,752,20,300,204,788,706,699,552,924,361,993,749,415,659,411,907,768,703,834,474,534,283,162,198,472,936,617,484,406,280,322,342,450,776,251,845,188,761,184,738,59,59,791,771,750,678,545,219,857,944,853,497,555,1000,661,411,677,893,268,294,730,983,471,732,99,653,439,49,358,432,8,201,680,916,371,850,785,49,515,996,630,333,867,69,984,187,224,856,360,747,788,932,936,569,244,371,614,371,224,853,480,91,189,212,660,742,648,522,346,395,484,688,722,113,518,412,40,43,267,886,74,481,313,589,807,678,656,803,512,30,606,69,975,59,293,192,239,84,651,245,567,406,236,116,546,419,444,617,991,550,112,368,705,205,597,707,408,647,353,298,450,739,891,146,476,839,215,853,597,648,350,533,939,261,609,347,751,329,998,829,101,661,246,426,68,781,734,19,125,58,352,278,17,397,210,196,354,802,336,155,706,264,473,811,305,416,226,507,994,617,471,119,603,624,461,582,913,907,391,462,959,845,479,678,531,958,608,949,240,378,21,251,771,862,473,194,8,974,269,819,93,261,87,338,989,727,915,338,828,659,258,38,254,136,470,931,38,330,328,582,835,876,604,892,386,41,436,456,208,702,637,711,464,477,815,39,632,846,961,36,186,365,363,618,521,137,775,332,430,299,827,927,474,532,422,938,48,93,129,206
456,388,389,718,513,849,314,527,964,55,224,44,627,566,449,700,772,777,288,511,66,61,719,877,471,475,32,767,897,254,318,88,180,693,716,865,705,962,710,597,540,852,70,894,375,643,364,289,934,946,568,818,258,794,547,380,88,285,961,9,275,890,19,722,385,881,798,828,827,975,118,684,108,942,962,962,200,705,526,631,490,229,439,282,228,43,927,503,492,689,870,831,967,617,193,739,637,558,621,983,201,296,21,459,486,418,613,722,466,616,469,223,174,148,868,365,604,390,513,569,948,984,887,605,594,884,472,859,589,855,73,815,378,800,911,785,126,232,905,191,160,600,934,480,629,700,171,727,611,758,306,273,410,6,88,922,876,985,243,825,91,141,665,739,919,174,432,706,970,798,226,516,290,645,952,866,602,133,853,5,480,511,353,465,469,336,76,771,973,797,391,525,383,574,665,220,91,660,330,538,461,530,838,61,550,72,429,235,848,444,606,533,655,214,482,608,778,833,531,588,492,43,175,662,575,899,541,860,458,886,771,185,641,64,178,185,949,657,505,923,405,967,617,667,876,145,301,269,924,355,371,577,776,286,117,235,537,562,343,442,335,921,700,662,343,283,966,291,971,694,558,625,650,721,16,396,921,792,212,482,12,793,388,886,643,844,499,158,77,378,634,431,452,286,913,546,221,654,381,64,270,605,458,948,293,303,74,796,297,895,525,690,664,414,674,932,819,358,944,442,130,726,375,430,62,217,17,770,95,393,495,321,643,780,926,275,72,144,933,476,203,0,882,630,215,445,495,240,999,24,263,589,164,742,290,227,63,633,994,766,33,532,653,683,503,222,504,182,736,299,54,917,65,461,159,658,325,750,437,818,442,845,874,420,241,98,43,483,963,196,733,886,657,999,638,175,905,911,180,506
382,67,684,115,308,426,994,304,320,678,336,627,402,874,518,398,445,66,149,910,154,993,402,806,530,606,819,109,518,347,473,805,750,353,655,392,964,445,799,173,793,117,988,164,277,861,187,430,585,497,707,860,310,166,993,463,204,244,500,319,12,523,309,708,425,657,674,831,1000,707,8,417,726,688,83,537,763,974,140,737,840,750,696,787,51,369,91,173,90,976,384,213,597,141,559,64,84,627,440,272,533,97,274,354,265,776,108,931,986,876,88,326,513,859,401,170,681,933,654,844,444,590,737,239,369,893,842,193,342,803,432,259,441,110,294,506,195,774,544,198,992,99,550,676,350,170,468,973,425,815,80,984,909,542,600,47,459,496,535,299,928,341,738,978,481,861,983,834,102,140,984,221,951,413,385,27,996,886,607,964,646,459,206,871,373,175,759,778,538,722,265,768,56,310,306,407,61,156,779,630,301,196,885,801,622,890,176,779,569,946,996,11,205,982,250,567,775,803,310,573,453,886,672,645,962,571,796,631,38,742,776,205,302,64,812,417,453,810,883,737,520,999,0,979,655,3,665,497,272,579,536,496,870,545,405,765,610,972,273,674,18,414,940,32,655,35,721,536,72,156,438,428,250,540,782,895,14,497,916,257,477,918,816,690,144,968,117,887,995,579,152,551,570,381,869,965,955,433,441,333,88,734,224,361,5,503,353,430,330,858,271,133,545,405,375,718,632,631,206,83,970,934,425,636,819,899,727,19,21,73,631,177,991,554,542,694,675,569,292,108,674,346,444,499,726,280,438,864,438,777,848,451,932,568,122,823,621,702,711,497,395,845,496,316,986,762,199,63,613,509,350,291,31,686,327,483,959,531,745,727,189,840,624,757,144,751,131,205,71,391,411,342,501,981,930,837,219,478,785,874
926,397,408,193,473,153,318,230,166,379,650,38,414,613,311,427,620,233,569,852,313,936,4,421,825,480,161,981,996,251,827,797,779,798,243,311,321,642,743,689,44,856,392,981,193,527,320,248,888,277,83,723,370,483,344,38,853,985,704,360,189,265,128,693,650,409,897,27,970,720,727,945,506,890,749,546,84,260,311,915,832,474,197,735,663,449,721,633,625,752,133,747,555,428,73,187,70,183,392,996,756,793,334,338,194,116,515,212,175,506,468,220,992,712,195,16,659,491,648,458,78,747,290,208,630,33,477,26,362,678,710,575,917,482,250,383,133,146,684,132,585,96,42,284,755,410,639,525,514,407,429,202,992,712,678,399,531,114,523,435,307,959,418,411,71,561,525,796,380,816,154,591,360,665,135,1,867,76,561,907,37,255,8,167,387,563,451,844,468,554,535,571,665,855,623,66,865,928,587,180,254,819,179,768,383,522,806,120,902,368,156,212,525,697,872,500,81,396,572,262,621,740,135,440,698,759,229,173,742,89,383,418,527,4,132,679,876,900,694,843,158,858,734,546,397,927,857,721,290,167,414,277,985,169,855,818,491,198,178,243,712,800,250,281,670,641,977,813,310,121,579,344,495,652,145,566,25,761,686,171,325,335,220,195,566,668,188,723,412,649,434,105,872,767,557,440,329,456,46,822,708,293,136,81,18,243,71,286,138,884,578,72,30,691,896,934,571,436,313,342,581,760,55,548,259,791,996,617,785,989,783,241,465,441,418,668,358,105,570,481,730,534,784,842,107,804,883,563,90,396,151,172,564,732,667,135,719,190,382,79,822,36,443,336,355,4,211,286,945,631,909,873,699,22,172,798,480,990,663,243,487,103,743,530,793,222,923,696,956,965,397,994,889,603,25,951,903,471,556,88
478,573,968,685,695,89,631,613,931,322,276,341,238,891,286,469,367,325,514,560,517,236,53,753,366,88,493,99,999,879,45,339,604,789,870,963,763,751,7,898,636,122,314,292,184,602,354,655,696,350,102,418,311,333,131,608,315,118,298,744,821,293,359,768,905,651,558,591,951,68,623,136,449,346,679,965,943,227,648,403,873,434,560,328,878,6,957,458,551,929,947,169,836,216,480,167,968,333,271,360,626,256,11,120,477,517,618,421,944,641,235,215,212,439,973,924,663,180,793,463,564,6,400,118,620,780,940,712,797,941,42,40,228,836,767,280,275,514,383,248,32,269,634,14,10,182,43,482,666,584,64,398,219,235,343,922,355,248,442,358,686,293,564,536,474,131,6,415,768,421,382,240,180,309,880,788,842,947,642,64,846,650,55,919,744,909,198,233,958,205,897,536,464,703,543,179,389,769,113,13,928,795,361,501,193,418,745,659,820,385,428,494,23,263,896,578,5,233,706,370,244,412,662,781,905,419,822,235,154,549,918,120,928,972,499,556,819,909,849,194,207,754,10,809,400,683,753,71,20,186,369,904,201,938,864,284,811,609,518,932,322,887,462,669,714,915,266,521,398,284,851,531,345,229,23,164,2,976,676,461,569,663,323,54,376,831,672,86,948,326,979,689,253,52,192,369,25,763,306,262,229,473,633,159,842,244,320,11,445,8,868,264,923,576,904,504,903,285,693,151,387,251,659,548,273,39,825,934,799,514,293,153,718,299,844,872,303,474,464,543,729,649,12,258,995,198,879,417,488,185,772,822,517,692,321,423,678,590,36,281,846,427,878,277,694,121,261,403,657,119,335,933,229,419,935,150,206,779,296,59,75,31,253,152,269,278,362,364,268,910,170,315,956,70,304,215,429,230,231,425
775,194,605,178,39,787,752,584,173,848,911,721,75,474,480,110,760,388,652,179,161,172,446,480,43,47,828,91,282,729,210,53,200,571,416,852,350,204,91,452,134,934,392,748,18,20,932,167,899,989,832,158,896,879,48,567,949,936,560,269,384,472,711,54,439,421,319,898,542,478,645,587,435,220,537,508,530,686,835,985,474,763,260,601,433,715,747,534,805,606,987,391,932,972,147,532,389,210,745,288,533,442,976,929,437,510,271,681,737,511,112,343,610,210,405,720,72,93,895,284,694,887,309,316,108,95,384,472,884,952,195,0,194,179,320,216,304,245,467,45,146,328,135,3,43,473,370,660,550,488,427,438,828,485,348,729,350,67,611,172,521,544,631,843,352,575,424,945,476,88,952,264,447,105,5,991,845,331,980,509,161,990,646,744,978,66,411,169,434,734,278,22,160,120,810,366,312,486,503,625,833,567,471,679,480,315,760,646,193,423,943,620,200,906,501,738,298,436,702,896,17,977,567,674,104,751,379,276,246,900,837,403,912,812,462,304,212,341,446,661,878,236,513,569,681,800,818,709,616,736,687,119,934,982,316,933,352,415,734,442,978,937,965,68,404,866,768,387,585,508,799,303,95,293,380,875,138,819,594,553,505,946,419,375,167,690,521,531,737,493,433,23,615,571,356,922,214,24,259,292,359,753,337,40,30,186,913,866,180,72,834,928,431,577,677,191,376,636,752,444,577,188,262,172,495,538,760,349,853,236,725,149,360,625,663,315,967,190,457,522,715,167,756,359,899,912,33,279,422,351,420,53,438,778,341,643,36,247,331,400,402,835,635,175,372,647,544,76,891,738,119,199,815,717,263,7,822,799,768,768,811,777,228,152,26,346,729,999,476,169,780,280,663,35,643,699,387,584,691,307
772,495,255,172,620,203,727,440,233,972,361,245,366,782,867,300,372,842,603,578,294,818,38,87,668,741,726,923,803,962,355,862,570,416,678,621,602,238,586,923,404,877,661,581,786,939,904,959,243,806,45,559,170,315,564,283,362,13,500,816,943,958,6,467,218,434,249,554,414,995,100,405,564,992,88,831,758,910,846,637,571,832,323,413,988,731,792,755,606,268,570,302,373,685,439,449,858,340,708,76,622,986,711,809,192,487,533,795,304,213,349,563,63,154,544,403,821,61,953,741,553,247,417,832,303,528,738,912,669,859,258,551,939,15,726,863,864,502,347,918,140,164,150,712,213,833,677,985,753,640,261,957,74,222,616,443,770,340,276,331,999,824,910,657,93,365,534,174,628,206,303,782,455,255,810,893,993,889,499,742,493,479,555,900,530,500,42,1,861,362,456,169,962,264,438,711,225,94,261,900,316,175,435,169,725,987,412,104,215,758,277,505,717,996,205,586,829,717,712,1000,418,18,399,325,907,633,721,119,902,409,441,331,946,245,487,225,543,513,355,785,101,988,577,982,432,88,927,893,27,467,273,794,382,325,113,23,244,264,80,384,9,756,959,75,648,675,309,557,638,524,410,117,534,15,48,702,210,635,677,409,495,42,916,686,466,244,617,364,675,994,118,611,696,871,795,218,876,595,952,973,756,472,2,891,382,416,154,224,240,191,972,263,923,944,740,35,408,471,375,139,59,399,905,476,316,971,195,426,537,649,429,179,983,31,498,64,147,522,497,251,67,365,182,713,221,669,153,730,828,44,676,827,978,536,227,125,999,685,984,493,386,28,147,771,625,983,857,430,333,113,565,969,933,743,47,999,6,322,445,683,391,62,325,79,305,304,33,779,327,625,437,697,940,962,899,249,969,153,94,641
195,770,317,585,58,327,627,300,212,47,399,293,435,110,854,867,795,373,734,287,100,447,109,650,939,228,199,394,327,16,684,786,339,393,972,914,67,845,558,812,234,781,539,230,813,350,540,191,844,198,112,218,757,90,813,229,217,298,655,86,299,119,352,359,519,167,929,393,909,432,138,391,301,789,72,192,441,320,973,19,610,698,512,150,285,433,140,326,408,3,653,443,723,157,395,326,379,556,41,532,438,446,280,283,643,266,827,962,428,823,961,367,622,756,334,646,814,891,223,14,338,629,886,702,60,488,537,391,28,772,303,523,734,692,709,259,766,172,152,759,66,701,30,820,150,464,104,425,59,903,818,322,340,932,317,321,121,128,290,478,936,232,908,182,546,866,961,549,674,126,740,301,551,557,150,161,352,0,183,569,132,234,955,582,441,198,635,85,531,292,220,942,347,65,157,122,17,188,96,446,945,865,257,403,159,299,185,476,411,928,940,437,779,158,193,218,973,134,721,329,287,506,302,565,400,609,908,206,375,772,334,188,907,514,998,272,310,630,926,240,662,105,879,430,764,648,538,288,594,239,392,459,695,959,651,408,417,643,598,306,148,459,117,721,874,615,11,341,741,783,589,664,47,686,77,84,386,983,232,86,149,617,461,354,558,918,434,858,509,107,646,332,137,131,580,737,992,659,652,592,161,182,581,322,156,713,922,639,197,167,361,597,189,760,896,484,816,129,935,867,11,763,698,570,785,519,631,694,858,123,128,567,768,187,172,148,888,756,732,888,723,632,274,396,449,733,880,546,91,825,692,99,991,5,144,24,820,827,696,824,887,682,369,925,563,629,193,15,254,882,415,164,229,783,276,699,449,132,788,692,5,110,83,316,281,481,745,834,772,796,236,824,108,84,362,330,928,450,935,134
633,236,702,383,699,549,0,253,562,620,160,821,147,970,110,550,27,695,99,867,559,870,850,467,979,576,515,978,137,393,219,431,679,714,926,988,214,383,21,187,742,659,41,186,507,668,660,203,604,190,852,357,772,126,410,44,855,661,884,588,868,518,724,66,517,447,154,851,665,825,416,359,487,577,782,280,125,147,473,258,273,533,27,873,934,337,120,616,228,874,35,819,523,109,586,571,515,330,970,958,531,917,736,21,908,669,178,166,23,885,107,266,790,719,747,551,591,636,338,168,215,320,750,785,917,63,795,342,539,820,871,201,124,971,317,561,69,969,364,819,297,865,852,513,610,533,575,845,68,766,547,327,105,732,325,719,113,507,722,716,643,609,678,81,380,238,922,86,293,616,985,179,317,99,510,937,172,191,993,522,844,298,878,922,275,749,390,192,974,900,680,455,122,747,818,34,951,33,514,617,155,13,184,490,306,974,325,891,614,166,36,295,90,231,565,516,189,78,982,985,547,537,835,129,603,762,674,409,390,298,491,509,816,982,971,430,604,780,559,325,449,525,668,1,554,982,425,147,605,697,747,295,180,160,925,627,844,762,134,320,927,666,245,43,271,442,30,794,706,75,301,893,80,39,72,397,710,154,124,110,236,933,26,595,675,701,592,443,64,852,925,493,242,329,285,815,368,621,966,101,441,957,605,424,825,991,292,531,8,676,4,459,174,131,358,690,647,289,508,574,843,96,89,599,943,192,463,863,923,387,624,847,453,372,201,381,733,945,888,425,754,358,500,170,209,665,698,91,501,95,504,333,595,32,168,976,664,390,378,250,505,247,693,615,375,836,380,473,390,130,49,580,172,382,430,904,211,565,160,237,492,761,702,336,949,996,623,495,785,403,617,903,345,413,643,552,445,278,445,804
488,736,971,37,899,705,58,457,694,672,630,833,941,149,255,167,54,114,513,496,939,751,719,669,149,179,704,712,702,803,427,572,188,130,326,338,646,215,983,988,757,330,878,889,630,369,953,94,174,294,276,995,896,511,401,189,556,317,313,275,50,652,854,126,867,493,527,794,703,582,963,347,857,730,105,289,888,437,461,620,953,208,1000,99,700,94,912,566,786,233,264,852,154,28,395,547,796,424,697,159,340,104,871,885,842,300,104,491,654,24,974,771,374,150,554,318,334,913,924,284,586,934,209,611,393,103,255,800,219,483,192,853,364,733,94,128,556,836,230,775,387,731,826,598,102,427,390,210,69,724,866,695,581,38,918,919,877,603,984,87,472,239,845,308,129,173,522,741,62,792,267,425,851,250,901,649,923,639,926,70,10,447,761,555,705,32,704,52,504,438,683,638,656,559,792,126,880,10,39,663,991,27,137,294,940,565,621,960,351,510,732,116,936,546,232,590,16,208,424,521,358,192,417,99,880,462,844,333,109,310,647,190,118,197,721,321,922,89,143,448,749,293,19,6,75,235,200,416,430,537,630,477,466,769,562,864,915,664,841,813,295,320,363,79,251,160,274,659,778,545,435,370,865,460,802,291,176,30,996,896,453,578,676,768,664,86,914,153,110,268,362,697,630,228,647,32,851,110,37,308,896,710,468,371,988,330,700,231,158,606,900,796,811,811,48,653,660,458,5,938,211,717,996,172,885,756,16,228,268,695,97,566,828,352,616,627,773,696,764,471,51,519,844,756,19,261,254,277,743,979,835,119,659,327,564,356,778,842,713,338,852,400,922,46,888,994,228,716,651,61,317,576,570,670,958,727,729,982,127,213,533,960,874,452,872,637,705,16,256,832,381,496,608,291,764,250,552,2,328,227
478,298,536,729,376,644,743,675,177,633,69,554,525,509,192,941,281,852,829,672,195,684,330,439,550,41,223,491,686,928,807,969,803,473,806,182,821,76,308,735,955,255,458,428,513,920,622,574,101,28,1000,188,24,860,969,183,434,478,124,550,103,513,441,64,761,197,671,204,863,618,621,765,503,328,458,741,775,808,889,757,5,872,455,830,921,540,338,580,266,480,961,446,510,458,564,730,977,472,698,881,903,715,319,260,112,939,377,908,924,286,837,178,921,553,869,367,934,337,590,889,12,635,926,263,664,338,538,177,568,148,500,325,564,694,414,882,30,143,466,324,753,686,902,394,571,239,764,144,230,187,7,489,84,565,485,272,485,274,124,542,775,101,765,4,655,5,857,697,161,267,278,885,974,921,147,414,205,808,627,956,886,815,29,520,366,602,734,617,885,359,803,286,47,155,370,770,483,794,881,46,617,893,659,786,540,643,109,973,255,432,127,713,452,108,553,922,951,733,858,742,684,288,736,431,100,613,171,312,801,392,89,70,620,505,269,85,462,630,393,101,496,107,202,348,908,32,325,730,977,890,254,212,361,225,260,886,414,209,895,662,178,18,882,684,113,117,850,700,472,740,714,864,504,741,877,162,424,174,515,248,506,218,744,609,648,747,816,511,268,693,860,51,570,924,984,335,585,241,362,703,374,896,220,228,532,284,322,495,46,848,163,815,465,838,203,608,543,436,730,941,679,581,73,973,889,621,733,377,576,654,881,217,704,313,428,868,817,290,53,221,918,551,210,621,491,377,216,394,607,23,459,252,395,13,547,2,146,649,460,22,441,519,433,513,853,562,360,425,999,31,900,352,166,614,387,363,325,436,552,346,964,559,202,537,190,448,19,322,104,317,679,670,561,152,935,84,134,75,94,504
666,285,133,819,481,119,260,372,551,540,716,288,901,441,500,871,964,83,126,11,733,659,801,989,819,203,968,639,577,951,910,506,260,985,125,178,36,274,998,297,863,639,213,835,5,620,931,477,863,117,618,753,346,424,367,683,327,348,351,521,319,618,321,614,713,124,620,164,133,578,348,827,550,722,99,136,123,167,424,372,611,316,589,484,313,275,381,603,271,942,656,844,983,312,505,365,483,496,584,441,338,510,324,86,607,613,193,504,193,347,973,210,521,65,225,398,792,934,625,410,871,24,647,393,904,32,1,785,690,99,387,11,298,854,494,26,155,517,127,956,405,779,246,370,82,391,957,178,83,299,146,329,732,893,438,491,206,826,427,154,701,510,602,674,388,503,962,508,638,27,3,676,503,450,232,442,555,827,462,683,648,237,941,75,430,807,668,828,307,845,151,565,738,265,859,111,135,108,74,434,961,310,8,51,326,954,756,392,294,442,38,698,429,914,807,623,891,838,786,935,408,513,54,748,728,727,269,773,110,165,671,895,817,162,384,675,516,341,775,819,670,988,15,457,150,301,939,341,546,459,529,494,763,743,347,249,934,603,464,700,690,873,166,21,320,809,17,31,235,930,407,657,187,190,428,385,664,470,358,127,593,550,38,812,656,279,380,298,258,803,684,343,450,515,885,158,165,163,754,794,625,279,75,558,657,954,770,117,288,444,747,173,108,399,142,219,724,704,127,931,301,755,239,114,301,262,277,550,778,411,218,158,801,358,99,631,683,291,70,171,127,786,506,400,738,17,124,380,220,272,966,734,971,127,930,484,9,472,914,761,608,880,661,895,661,19,785,529,227,376,518,609,326,548,157,60,261,32,389,845,302,316,952,488,726,688,875,16,796,844,396,501,712,569,614,435,882,842,702,911
288,873,724,239,801,948,635,254,987,924,499,594,288,240,332,866,54,424,256,651,501,891,421,378,876,670,511,709,324,924,768,371,737,790,125,848,364,383,535,522,558,425,742,607,659,472,456,102,352,204,799,398,123,14,865,110,448,606,970,67,868,474,312,830,316,430,256,951,921,368,74,965,324,461,131,137,797,813,890,90,169,243,516,327,93,181,457,954,303,771,248,879,592,888,358,467,513,997,193,324,488,685,117,141,860,242,895,662,708,323,5,544,811,130,502,542,462,426,618,586,410,753,914,81,890,550,896,682,878,204,508,653,853,639,513,968,983,632,191,455,292,28,736,469,255,459,109,998,691,701,515,744,225,499,6,312,391,427,359,930,154,82,691,195,813,960,340,508,73,282,880,264,646,81,844,901,63,287,134,241,373,224,679,768,551,243,917,122,640,452,953,503,868,496,407,427,328,101,181,481,364,136,701,89,732,31,373,628,990,504,14,943,502,769,24,985,199,390,719,564,519,213,744,722,291,43,561,614,305,682,33,17,726,755,769,961,342,301,466,347,443,286,839,1,328,916,131,752,565,717,267,677,491,360,923,346,364,335,406,830,997,804,481,605,295,460,4,883,88,648,721,236,466,626,387,7,706,313,32,235,280,734,660,868,688,875,27,72,540,693,358,785,400,552,950,233,993,678,740,668,510,605,552,594,850,883,779,613,619,312,151,901,55,803,775,351,264,901,184,455,825,427,679,454,724,891,796,89,50,381,552,4,522,788,530,389,399,600,183,495,844,18,320,647,507,870,929,41,753,723,360,426,283,714,616,501,989,647,805,912,809,849,50,118,400,314,749,223,710,282,121,603,681,758,324,451,57,57,834,414,706,675,143,768,231,77,327,972,960,798,211,674,889,720,187,109,795,301,831,971
253,932,971,64,265,947,707,988,365,87,763,944,60,582,110,489,631,1,904,445,238,681,531,608,462,969,306,339,649,370,582,491,980,562,663,197,70,296,652,642,958,521,663,417,673,462,548,345,751,948,241,840,688,884,627,881,469,822,87,898,550,590,930,776,548,330,154,454,628,850,247,294,922,397,158,340,219,145,496,34,138,148,224,483,817,490,263,582,242,254,110,535,527,53,133,251,521,406,633,493,940,717,175,848,24,542,175,223,217,57,972,768,196,168,105,742,799,31,375,104,184,209,540,300,817,201,902,877,634,967,997,408,820,362,726,320,1,868,604,296,278,735,760,310,240,542,877,803,852,22,838,493,568,237,52,855,936,563,635,75,554,237,23,909,566,333,843,134,230,229,157,620,461,611,818,21,988,336,807,823,929,5,912,7,3,140,235,328,353,788,762,16,137,48,647,190,965,588,86,168,532,86,355,1,231,239,740,289,228,167,99,220,452,987,924,42,549,791,777,854,846,351,284,503,317,127,359,109,142,340,48,783,622,323,301,338,885,418,682,586,729,434,106,708,135,483,256,227,955,309,566,296,71,620,608,558,600,973,750,784,243,739,814,796,837,423,179,859,814,40,954,38,563,898,888,756,537,272,281,276,329,394,465,589,221,341,429,728,862,722,360,446,602,914,57,628,294,225,88,97,341,248,565,772,201,722,125,294,481,671,143,481,161,526,313,958,148,287,750,443,559,77,840,932,15,872,400,273,306,331,608,991,884,701,311,410,285,798,536,927,283,37,76,724,130,341,48,929,444,110,669,980,832,606,366,143,89,494,125,175,913,472,85,558,469,359,818,704,80,126,928,421,905,633,444,536,502,471,249,56,310,739,341,886,996,923,920,914,327,459,583,973,307,249,577,112,413,14,215,6
470,285,507,488,240,422,223,391,538,108,825,568,464,375,203,100,762,53,404,210,123,4,266,328,94,525,443,875,952,838,25,301,19,848,122,703,238,643,222,896,298,391,654,941,282,470,987,712,35,756,132,474,57,473,849,119,891,843,409,429,996,573,756,956,718,599,560,358,20,864,462,963,676,233,86,929,884,37,68,443,253,849,574,498,355,997,456,213,201,330,504,78,259,23,135,934,601,596,960,936,350,538,354,946,177,11,474,983,89,434,287,237,259,160,577,236,437,271,135,509,581,625,899,746,23,662,771,638,990,885,733,159,736,213,394,407,418,897,819,720,180,900,350,567,705,312,604,468,661,757,990,185,232,65,253,53,523,170,475,841,635,705,187,46,481,685,504,931,424,128,155,952,905,879,51,497,518,129,324,248,846,587,775,571,810,240,617,362,908,888,869,262,367,600,900,17,957,316,875,536,246,901,475,510,924,819,548,762,542,372,582,786,375,404,760,798,235,772,897,768,987,308,625,609,574,432,918,163,905,310,707,447,838,514,757,890,281,102,784,272,830,809,813,118,764,142,36,255,987,788,426,514,302,929,987,582,748,465,283,443,165,494,421,800,339,523,970,670,975,811,743,298,308,505,318,210,201,983,721,954,307,542,504,953,714,471,910,714,289,653,84,14,84,622,610,320,971,423,57,289,175,670,513,915,71,510,660,120,445,917,609,378,913,854,866,130,339,431,925,18,756,753,311,275,90,83,832,795,858,594,964,778,611,605,531,805,511,690,17,759,963,457,314,251,354,195,106,515,900,117,908,243,118,357,448,554,817,575,979,693,700,148,407,736,15,104,269,409,215,204,469,857,241,397,435,694,980,966,16,489,956,471,219,265,455,1,63,997,421,959,925,408,637,14,122,996,198,318,458,525
494,891,646,714,437,832,677,133,700,846,418,74,980,564,414,973,644,788,773,171,170,288,275,109,22,858,633,848,473,283,189,272,172,754,656,136,825,708,185,213,728,339,151,388,557,895,586,220,338,445,429,504,289,542,182,843,225,887,111,350,710,355,103,452,289,744,125,948,448,138,962,391,34,337,965,193,449,258,743,69,608,1000,463,906,307,89,907,609,154,830,738,41,52,573,443,320,448,556,521,666,455,13,183,462,849,439,924,442,453,240,910,377,325,205,588,193,947,459,247,12,333,901,849,256,73,943,290,731,426,783,24,324,66,464,738,961,109,90,498,557,403,695,58,119,149,465,590,82,583,61,637,574,761,75,203,197,713,725,651,642,321,238,386,320,478,491,930,583,705,806,453,201,835,831,757,223,955,192,211,408,975,723,763,41,928,721,509,356,855,585,36,335,51,204,847,742,571,622,579,487,51,741,870,75,818,132,881,921,721,140,630,257,834,594,567,632,159,32,318,974,942,477,845,799,35,562,35,929,750,715,809,784,841,101,701,819,773,976,844,926,808,267,436,161,255,327,742,196,498,569,315,869,48,954,458,759,606,267,896,932,536,695,528,6,184,407,229,645,421,50,990,474,473,821,547,616,777,548,945,465,803,275,610,695,163,578,642,450,212,693,816,112,456,283,746,534,836,669,563,962,417,299,124,90,861,128,168,463,92,673,692,993,388,920,828,396,711,896,395,975,166,536,873,224,326,536,176,221,145,943,598,776,362,157,946,53,803,448,77,171,146,464,971,223,162,562,411,319,191,818,876,972,40,459,792,450,734,431,674,466,147,800,163,97,763,816,141,110,517,169,570,318,635,619,808,386,864,342,514,60,680,735,275,600,414,685,822,218,59,93,172,214,669,522,989,510,438,755,821,285
867,374,740,605,32,534,265,76,673,972,648,125,150,445,122,865,681,137,650,871,972,11,897,608,883,781,424,760,234,715,779,939,480,51,945,91,184,432,12,769,594,462,644,779,209,769,485,608,519,819,868,731,17,957,25,198,786,223,546,228,1,286,780,612,488,702,277,934,166,673,781,178,770,694,450,960,568,502,865,709,397,792,336,755,272,568,71,865,727,945,850,566,666,548,831,656,53,318,889,615,634,799,459,140,251,508,589,760,554,661,50,199,169,3,466,346,374,810,709,226,909,903,55,223,600,71,950,597,849,991,138,106,548,853,936,114,858,852,38,837,86,385,834,145,245,905,684,820,817,790,654,486,71,953,310,222,224,976,650,444,702,171,133,915,222,162,453,358,594,138,950,642,274,49,410,158,43,101,475,401,284,366,647,92,405,940,721,598,329,687,960,206,296,983,663,622,201,145,849,718,796,370,728,685,277,163,318,774,246,264,826,240,269,424,293,286,818,745,831,462,720,242,949,9,258,135,766,26,284,67,613,863,849,407,394,688,627,546,598,338,60,540,655,796,566,180,970,138,520,588,208,289,780,728,397,154,611,2,378,876,554,224,674,361,364,899,229,893,469,412,69,991,634,86,322,700,766,309,213,735,635,592,408,897,932,115,569,697,254,996,681,311,723,659,546,516,4,311,446,683,694,109,387,525,402,61,93,238,27,913,134,418,334,931,299,222,536,259,445,548,766,142,858,663,227,331,987,425,706,341,936,257,9,777,688,168,114,690,80,356,347,414,624,9,259,514,707,126,92,289,742,163,548,226,335,422,526,335,634,85,896,182,295,994,443,647,306,313,356,803,727,814,49,129,818,486,228,489,860,695,607,953,263,794,865,426,471,944,433,127,792,879,834,955,626,195,761,78,534,325
115,509,292,224,808,864,341,56,940,416,111,81,934,683,142,566,347,986,806,395,746,690,227,573,31,945,414,361,333,624,338,329,57,884,431,668,117,240,945,524,437,859,804,519,612,711,164,125,1,206,108,330,201,573,552,911,305,840,212,422,225,404,442,40,465,189,856,43,491,68,317,316,331,465,97,597,896,810,189,633,835,259,466,231,185,0,817,994,464,887,469,251,749,207,661,851,71,552,83,923,848,802,500,792,747,895,846,790,700,133,55,313,492,306,893,386,47,548,84,588,89,552,73,455,747,425,57,562,828,667,715,144,522,498,151,396,609,275,435,417,6,527,937,341,849,417,274,300,854,397,571,637,211,799,49,635,181,750,814,227,218,560,459,859,708,37,342,641,115,836,767,163,373,475,556,429,605,496,312,211,319,417,566,442,135,309,856,481,641,429,226,373,497,697,5,220,500,339,327,810,321,574,511,999,319,441,794,738,202,870,31,782,265,752,0,205,893,526,524,472,819,459,619,269,541,179,719,649,886,918,56,245,723,281,779,123,645,699,343,804,481,267,198,429,528,26,413,292,683,15,190,925,608,153,484,787,879,789,317,407,91,669,25,674,144,169,556,361,232,229,374,209,334,789,698,820,955,16,951,910,857,263,201,421,954,64,739,832,380,794,628,782,614,387,40,467,218,658,41,778,804,46,57,836,915,165,510,942,756,402,650,216,938,35,432,149,513,389,828,987,227,68,970,5,693,320,870,118,434,743,864,85,126,586,249,970,951,753,212,757,763,82,534,841,907,372,895,317,351,51,531,349,638,127,242,793,320,230,239,881,450,42,918,738,223,380,863,507,837,445,989,391,40,158,237,653,513,37,56,823,824,834,536,692,921,389,174,234,658,496,71,867,584,768,77,408,962,181,490,28
538,162,849,857,798,447,908,871,324,488,582,119,427,906,267,282,646,322,490,380,307,73,585,610,567,324,174,447,980,815,146,347,374,158,376,238,432,690,660,167,944,647,887,890,203,144,273,318,733,766,850,594,816,584,549,685,460,574,233,44,32,814,253,810,215,564,255,43,58,55,252,589,915,965,98,90,955,43,120,116,58,279,33,430,452,131,871,464,555,99,560,372,356,506,110,366,339,740,746,958,128,809,551,453,538,569,511,267,184,87,158,641,184,709,232,196,24,193,232,142,282,47,162,412,66,677,394,52,106,921,735,198,118,19,912,35,481,871,688,769,246,694,741,979,547,601,315,592,400,164,679,54,69,277,696,203,481,234,992,864,227,148,497,62,883,65,669,871,884,613,769,481,891,139,725,420,637,239,956,683,55,422,416,966,257,935,665,359,899,49,427,535,476,240,274,950,796,495,245,843,140,587,561,709,86,248,610,732,58,927,152,517,597,864,907,151,849,773,847,339,602,352,544,231,913,503,817,876,99,511,377,476,76,605,730,90,182,545,937,805,684,382,419,533,79,764,752,524,38,955,417,82,439,798,969,967,361,982,599,650,696,523,791,104,1000,625,36,667,196,424,909,239,392,297,220,846,48,212,931,86,65,880,48,916,243,0,426,120,33,390,723,43,163,252,817,209,728,568,783,631,922,143,262,775,831,698,998,55,606,332,546,806,165,23,774,822,828,43,192,257,959,367,681,125,264,420,957,179,197,579,669,986,430,190,866,25,565,530,310,742,19,469,878,916,571,294,509,24,741,62,399,628,821,835,431,771,564,228,820,9,812,500,104,993,481,157,612,204,27,434,260,402,187,162,970,264,661,292,709,136,441,899,377,664,586,954,479,44,173,767,340,803,342,755,665,367,125,545,511,672
46,585,341,212,354,59,282,952,763,51,838,642,158,236,12,78,783,134,951,810,935,22,735,940,720,703,216,59,499,251,244,540,417,608,703,340,800,130,844,654,563,659,243,830,569,53,449,755,165,220,410,674,624,843,213,620,813,449,396,375,795,693,842,270,74,933,181,535,375,694,495,581,159,423,220,702,621,535,561,664,938,188,822,843,204,7,104,860,997,736,95,403,104,629,632,851,152,562,619,566,129,431,267,75,101,808,46,640,447,31,929,1,616,772,504,177,558,907,830,145,580,186,955,408,41,385,362,40,267,822,31,257,134,508,169,912,457,26,522,315,740,630,378,334,509,136,215,197,922,932,936,505,144,789,742,831,595,5,716,593,625,997,979,303,686,525,547,523,915,845,717,24,980,309,771,655,80,677,847,837,673,968,868,294,208,436,149,126,249,562,515,590,912,663,353,705,633,491,802,283,676,304,321,52,736,819,69,437,726,688,934,83,419,808,864,719,823,714,358,283,154,916,123,419,348,657,14,303,35,98,136,474,279,274,338,667,119,321,183,613,686,922,736,201,206,453,690,2,2,748,326,424,938,918,904,988,326,966,669,318,910,28,655,294,602,245,372,365,224,617,245,460,645,411,662,216,225,48,367,632,623,543,942,650,12,995,387,524,321,835,649,864,261,328,279,514,31,352,117,337,194,475,147,490,377,376,523,690,919,198,59,292,970,910,551,517,273,787,275,923,983,386,804,97,3,666,452,611,709,764,136,15,538,912,295,299,447,583,12,497,984,167,10,203,430,709,446,727,675,685,665,898,487,31,692,522,814,892,349,516,418,578,59,96,862,10,941,509,165,850,707,935,266,747,341,883,724,975,923,826,67,741,236,306,923,356,275,435,454,128,115,58,941,396,200,270,169,354,926,905
405,259,704,308,353,300,115,657,326,325,126,269,280,54,642,122,825,139,555,981,549,177,361,750,445,309,377,22,601,984,816,666,330,212,857,278,982,797,20,584,290,479,290,228,527,90,308,874,213,999,554,122,466,699,77,782,139,963,884,946,331,836,280,871,187,383,253,964,198,808,734,332,674,364,390,699,539,401,410,521,514,649,719,256,895,238,920,355,715,339,532,76,113,413,987,947,66,747,23,729,758,567,930,560,756,518,714,976,631,820,407,620,145,144,248,42,141,344,283,962,853,407,364,712,754,282,989,844,999,637,161,324,323,619,172,266,164,226,297,980,812,986,456,372,922,296,930,602,48,341,890,527,540,97,67,518,4,52,359,663,669,390,921,522,51,16,287,389,41,742,21,148,35,388,794,91,189,303,876,777,483,400,898,630,757,593,627,897,94,398,287,388,481,18,568,133,17,595,244,256,321,214,395,528,365,908,591,214,904,764,953,176,121,889,692,552,457,658,406,265,6,555,762,818,818,935,947,961,828,897,186,686,873,727,298,782,91,432,878,962,732,913,767,209,178,91,516,541,310,650,962,959,368,516,202,238,411,747,162,43,643,1,350,149,693,91,461,358,530,491,999,19,227,235,663,892,692,168,505,165,710,655,309,623,32,574,75,598,324,897,781,984,999,912,791,936,456,148,814,452,528,981,19,60,43,428,327,242,944,951,534,333,868,517,14,804,138,777,798,956,895,229,249,267,474,16,103,140,423,610,608,872,143,192,638,881,106,624,326,581,658,412,504,929,141,11,934,265,727,816,443,945,60,48,633,655,767,460,539,35,449,287,514,521,157,175,626,495,169,906,376,742,621,282,372,769,151,553,73,156,398,899,526,547,457,992,900,913,804,293,71,67,568,934,441,411,178,234,577,403
729,100,143,774,633,718,321,356,705,152,775,991,826,660,315,469,774,511,825,485,861,313,315,849,109,354,89,308,188,861,852,487,846,535,88,43,9,668,905,515,124,214,387,445,574,383,678,954,212,128,260,615,333,137,73,81,431,735,813,329,592,19,278,856,466,298,422,352,834,580,632,914,919,570,528,172,235,213,776,577,89,612,860,870,349,947,925,456,818,436,51,33,784,632,747,759,222,561,444,527,90,342,789,212,804,566,670,584,769,531,845,395,377,73,221,538,1,692,382,900,882,156,102,333,761,601,244,260,514,955,928,171,394,874,455,27,141,315,90,642,16,79,440,581,600,455,486,506,740,465,118,612,341,175,265,138,934,840,637,796,453,123,25,635,904,133,677,390,128,400,711,692,901,209,755,155,91,977,38,131,290,537,388,681,387,547,840,317,871,748,927,621,8,6,362,889,843,936,64,26,556,296,827,332,321,332,76,514,15,238,373,104,213,817,522,829,288,342,524,477,34,235,269,651,546,386,361,222,347,876,878,62,474,668,277,483,789,841,501,532,989,320,423,994,207,67,622,39,612,689,129,981,386,71,416,863,712,422,515,661,276,492,353,251,72,838,744,587,770,665,317,927,29,36,550,201,53,61,375,903,873,392,216,242,720,675,858,477,695,688,137,411,308,942,536,51,859,669,462,38,752,556,727,906,907,990,522,616,467,390,271,657,646,884,429,755,225,356,929,249,145,385,754,276,448,395,828,430,448,606,304,820,369,26,368,525,351,412,533,191,182,728,337,552,962,76,753,80,205,223,62,592,301,336,599,524,97,520,132,815,612,273,553,934,174,899,133,232,302,784,567,959,43,967,696,339,900,758,336,428,525,395,688,515,686,446,737,401,496,257,576,640,837,801,424,444,369,327,722,466
738,684,302,567,92,476,938,943,868,725,523,280,892,848,618,465,593,932,948,791,867,708,530,35,100,563,300,322,517,952,605,365,221,117,305,550,734,252,256,308,905,302,95,816,982,587,336,726,224,339,93,380,147,354,787,750,197,749,316,647,325,420,802,187,712,569,873,644,96,877,257,104,98,875,361,4,934,6,153,377,99,761,803,57,164,713,860,215,752,172,650,243,505,327,863,408,249,805,425,502,683,958,167,460,313,310,661,251,899,798,652,926,818,852,863,360,312,556,905,80,342,900,452,369,776,985,476,820,421,930,349,231,145,559,612,954,455,919,333,976,294,206,383,865,25,848,568,665,144,311,264,447,380,592,981,762,699,385,465,135,201,245,37,465,700,421,347,225,603,929,239,832,796,779,715,824,198,81,144,548,639,73,714,695,392,567,662,820,302,179,712,204,644,932,260,211,458,104,959,900,229,758,467,753,186,593,440,958,863,50,861,499,881,281,105,544,988,216,20,756,881,260,646,178,239,566,547,646,174,873,953,447,402,837,640,521,427,473,373,676,367,759,211,588,645,808,553,416,75,363,553,59,585,335,893,170,536,935,20,645,238,759,960,567,563,375,821,952,596,886,639,190,928,177,998,628,560,229,514,364,958,993,27,75,567,209,184,658,636,357,961,673,329,672,873,700,240,318,232,174,715,368,907,519,988,39,890,182,484,78,35,463,913,985,337,239,722,490,948,717,556,4,620,716,523,731,640,97,45,270,154,649,526,288,818,644,208,332,133,756,786,707,377,679,878,203,316,729,598,386,541,695,914,939,245,643,438,199,25,775,746,439,363,421,118,497,9,479,853,847,307,32,357,242,577,663,1,757,889,53,778,753,410,59,981,489,562,881,764,494,444,470,810,492,812,746,389,291,284,688
181,562,920,359,84,999,529,273,29,247,400,512,534,707,868,576,726,784,837,504,439,600,27,980,201,702,709,459,406,36,243,881,401,814,713,932,737,30,160,267,597,19,87,914,805,556,611,800,53,450,564,590,583,440,477,766,988,672,528,186,314,26,380,427,638,534,56,429,435,893,778,304,90,294,625,696,442,991,529,632,736,1000,258,117,630,520,143,114,758,251,945,656,415,216,330,319,151,475,546,352,835,754,972,785,491,120,86,93,752,370,141,801,718,667,363,138,986,290,729,31,402,439,431,944,647,908,361,859,816,696,637,477,366,975,969,329,939,664,898,673,911,951,627,23,558,476,601,454,218,210,284,907,680,478,166,75,138,334,276,623,868,745,912,936,908,909,744,304,706,983,232,194,954,548,415,389,959,847,1,735,734,207,319,480,278,675,536,992,642,844,905,581,426,701,345,894,986,756,412,369,794,972,93,181,669,537,780,736,761,26,482,834,980,320,517,277,558,775,697,866,463,199,54,932,375,920,457,844,827,650,148,105,384,402,652,502,371,734,272,851,414,635,193,139,772,132,395,598,937,928,949,289,555,492,42,120,733,867,236,405,52,247,700,49,579,656,756,129,121,810,679,872,179,397,67,634,686,879,643,235,570,242,72,753,166,790,592,305,997,160,582,617,882,844,58,421,845,439,125,262,194,49,132,53,830,437,474,226,671,302,640,909,414,899,37,121,266,183,392,236,728,891,802,867,398,340,674,532,952,677,643,766,755,294,66,637,332,265,744,347,864,839,851,984,578,151,744,786,742,622,82,29,77,2,722,864,188,201,645,12,932,489,994,918,420,86,494,480,105,577,201,241,801,451,426,908,387,333,16,472,764,166,852,10,490,705,279,710,829,751,161,87,826,158,157,430,263,989,765,398
889,251,762,787,516,398,422,435,72,685,883,441,688,602,999,723,694,934,881,794,175,367,491,836,171,1,470,448,703,611,729,530,607,783,598,438,402,136,88,16,876,763,801,288,480,492,723,251,39,717,374,25,270,810,700,430,831,976,318,865,188,415,969,472,894,444,338,890,253,994,892,241,565,411,258,584,332,851,224,896,319,529,401,929,720,162,349,970,808,462,915,812,704,542,197,258,372,384,147,42,699,437,738,51,869,973,928,166,322,941,203,561,662,776,544,808,819,876,47,581,611,386,401,317,451,285,577,506,996,273,189,348,955,873,385,507,527,277,12,546,875,439,559,159,185,662,659,292,171,761,560,843,100,345,707,224,534,466,285,980,508,624,888,689,722,612,312,867,500,294,428,215,748,724,371,732,352,82,141,413,375,251,188,533,609,117,566,215,689,231,977,385,752,549,563,763,520,446,377,936,464,714,823,882,574,484,990,157,136,228,485,489,974,730,813,923,810,894,930,293,597,696,422,633,917,693,255,316,81,382,472,485,137,934,722,995,159,474,580,765,578,588,816,950,643,208,987,575,299,445,506,685,985,378,34,592,978,561,60,497,845,135,401,922,480,576,902,419,332,266,284,953,406,402,846,152,733,262,739,378,232,492,740,869,517,605,353,92,731,317,987,627,423,286,99,517,863,184,108,953,302,330,727,505,425,387,913,9,6,504,168,956,687,963,398,554,554,223,680,621,454,12,263,74,655,517,186,292,877,631,624,434,709,904,161,972,874,684,806,229,470,504,367,130,956,974,334,552,425,958,934,841,898,604,120,104,108,236,536,104,849,23,886,324,703,19,472,139,408,379,136,683,888,692,113,892,394,680,745,803,533,704,811,199,792,916,873,806,156,298,41,67,333,222,881,528,681,151,863,143
542,978,294,878,196,823,536,112,857,130,788,909,680,724,161,502,430,141,307,958,840,337,190,104,183,956,131,748,57,372,403,933,691,756,142,190,866,211,316,507,588,981,464,971,456,893,644,797,599,339,379,358,691,281,644,567,112,591,285,113,556,771,485,265,901,61,228,772,826,844,316,488,483,902,357,155,510,221,241,522,320,522,229,734,406,166,137,115,44,410,225,441,221,150,464,490,688,42,822,820,780,118,271,390,275,389,312,925,2,967,961,880,602,717,927,868,881,791,663,634,854,906,320,535,237,734,438,128,1,786,139,402,650,563,359,678,11,812,897,288,767,341,946,25,423,127,273,647,447,730,482,46,496,670,28,749,382,631,127,34,446,231,834,379,848,360,175,368,610,986,829,383,928,789,961,282,74,836,521,136,544,185,309,400,609,399,199,692,289,306,251,417,280,124,8,776,832,422,446,460,563,425,552,974,290,514,523,955,396,169,459,13,657,230,965,676,512,310,197,734,857,79,141,971,79,749,807,591,493,268,88,521,996,93,910,606,692,648,361,169,824,587,579,838,449,106,277,449,736,390,577,906,519,126,18,826,753,52,413,141,954,240,553,259,739,431,647,59,809,385,496,550,630,894,48,516,547,814,12,804,163,849,779,779,908,946,361,104,247,323,722,631,122,510,514,68,563,863,316,239,513,832,666,481,901,243,790,85,571,505,592,425,385,956,597,622,472,450,705,698,221,413,638,69,106,274,796,639,730,273,711,132,21,502,363,678,565,520,12,308,16,643,237,288,262,543,775,404,716,671,59,95,423,841,480,517,800,558,762,905,521,752,657,306,588,666,333,881,138,256,89,2,99,445,847,618,441,633,398,509,133,874,485,168,752,277,39,829,729,993,696,725,88,889,51,624,507,366,282,577
435,303,298,595,7,181,562,613,524,425,214,95,112,700,51,687,978,762,763,275,157,468,84,957,77,498,143,651,201,231,854,396,117,8,266,106,709,340,311,936,172,557,528,938,543,976,581,656,556,432,26,758,411,184,455,415,501,335,804,49,415,382,342,91,624,465,927,251,115,351,809,44,511,293,600,940,602,766,146,11,28,177,838,411,82,860,867,851,864,989,211,465,738,535,213,947,927,928,59,447,390,384,729,538,815,600,351,781,952,764,446,745,959,106,954,468,434,507,726,521,775,400,861,367,272,219,182,236,523,616,823,688,678,720,986,505,379,349,158,413,768,417,481,12,154,643,112,747,91,369,957,855,625,41,76,71,917,43,907,981,480,815,462,993,770,271,846,612,426,865,334,450,6,139,827,339,276,969,280,565,192,547,941,717,973,392,128,999,0,298,190,242,602,696,470,162,737,907,63,317,408,208,633,245,637,677,80,150,962,746,183,31,907,439,522,184,377,432,408,900,856,535,183,933,745,203,995,833,866,633,447,665,961,873,621,669,613,533,251,327,165,486,595,922,344,531,328,576,822,341,985,770,495,313,318,619,353,204,937,326,288,290,801,429,160,75,578,741,557,499,25,856,311,483,479,624,566,144,112,81,906,630,362,637,813,189,789,278,742,365,953,41,898,691,862,228,59,802,889,341,654,950,885,535,36,641,687,473,633,431,110,616,879,870,256,790,640,175,998,799,813,269,877,429,461,434,562,805,784,345,793,891,665,95,729,689,279,754,365,352,605,912,233,60,36,971,341,690,11,145,319,50,715,3,520,74,74,478,872,290,554,265,279,875,344,457,543,163,550,807,871,293,502,336,259,299,17,102,104,697,771,190,105,668,669,604,494,576,439,397,246,909,827,963,423,573,184,72,298,894
545,251,238,395,359,56,920,285,979,4,129,622,762,290,797,934,671,960,779,581,520,658,192,233,998,642,181,807,249,691,281,144,342,280,295,326,122,203,569,355,533,901,407,300,339,991,713,984,692,837,230,655,529,13,793,588,250,123,431,433,953,586,563,699,663,802,542,311,897,363,430,819,782,389,793,319,368,678,299,828,542,379,586,363,944,20,953,976,177,444,503,314,970,389,337,437,335,872,73,811,65,426,693,159,716,7,111,386,547,374,101,497,559,997,490,9,731,581,740,82,919,679,192,174,230,306,568,63,875,590,795,997,777,733,480,915,579,694,993,247,108,732,498,947,368,353,755,301,842,243,407,401,123,70,649,439,319,559,484,780,673,964,468,610,328,121,112,835,110,221,756,243,550,231,849,574,956,685,904,77,24,801,900,903,680,978,479,444,903,76,635,90,491,394,710,753,122,813,789,459,793,882,27,357,990,642,382,474,136,472,828,348,536,573,519,505,17,290,473,573,768,133,203,531,668,952,238,395,117,551,872,317,290,531,947,152,169,989,627,775,461,18,940,671,391,20,436,311,416,412,300,976,512,915,386,264,44,206,719,468,249,980,996,314,111,173,393,339,949,833,931,900,587,657,402,678,859,98,124,400,863,817,40,583,436,739,887,944,269,2,704,976,740,448,374,315,74,336,576,658,405,468,840,289,197,608,238,568,729,768,700,616,379,832,29,41,975,163,95,714,966,297,506,551,257,519,930,239,934,511,91,153,417,264,91,904,322,407,688,620,341,11,840,324,263,97,869,82,758,436,622,887,233,74,624,640,66,267,790,416,771,645,189,348,235,832,62,832,263,866,42,934,933,523,510,586,425,381,647,192,4,28,793,395,369,146,899,554,524,198,957,457,823,188,456,4,647,712,178,474
660,979,307,409,960,975,666,341,458,137,220,602,900,933,7,384,839,555,493,154,473,845,768,852,243,811,50,155,880,195,431,132,710,816,705,567,782,776,299,479,915,934,917,479,636,141,112,197,987,64,187,807,919,44,361,614,878,246,169,721,705,970,661,654,649,965,357,780,310,668,291,893,297,355,386,446,639,937,258,969,391,575,617,954,816,983,255,39,908,690,591,961,449,15,882,286,253,949,788,67,465,208,3,589,197,278,126,41,123,697,818,962,963,229,377,940,594,686,186,736,839,741,375,873,421,890,777,425,600,147,277,742,172,976,791,650,609,535,901,836,397,105,29,689,479,25,94,366,493,996,432,975,838,560,788,938,343,902,526,788,513,324,799,388,870,462,213,394,187,233,560,217,745,439,500,170,136,594,30,647,303,556,393,103,87,917,514,260,621,242,517,364,819,248,846,21,665,726,643,51,571,909,733,580,979,566,801,902,919,222,741,820,170,951,59,150,392,760,462,831,625,694,402,77,43,522,978,294,731,372,131,260,164,586,667,474,559,563,548,336,794,443,313,289,65,773,362,270,267,149,320,893,598,821,51,123,1,280,910,492,149,384,143,368,420,778,968,513,967,25,444,710,971,131,56,609,813,827,32,931,522,260,965,722,65,516,833,794,505,440,844,59,800,321,438,497,428,23,658,875,874,438,560,200,555,235,678,322,934,514,639,292,92,626,471,272,398,448,459,550,457,525,768,219,77,77,451,93,431,894,278,726,737,252,939,810,537,498,49,916,233,562,125,108,169,460,719,31,780,785,304,7,224,271,140,287,192,22,251,378,504,201,993,53,661,40,484,108,657,660,974,99,245,176,921,512,765,919,580,935,361,102,177,770,632,988,861,577,597,118,263,403,78,39,843,560,8,921,122,469
5,167,757,547,985,681,684,13,487,279,726,11,144,357,588,551,429,452,199,462,752,382,280,554,456,666,459,573,551,350,228,632,736,426,839,69,715,912,679,527,508,516,454,656,975,962,304,201,530,963,623,321,865,925,893,862,354,302,277,872,894,110,992,684,700,107,879,35,250,366,630,632,715,829,73,7,963,68,303,479,738,486,390,87,452,391,885,30,313,914,673,511,2,518,92,4,663,963,225,375,528,452,158,847,390,885,687,1000,735,803,838,456,814,693,442,901,171,779,262,334,1000,311,153,705,811,893,617,950,753,672,927,711,651,856,992,264,103,720,485,357,532,864,564,181,553,772,501,581,286,237,587,815,336,665,114,341,558,61,12,988,574,175,223,847,791,925,316,579,826,394,695,477,961,584,162,330,498,531,755,919,742,527,327,434,102,681,377,353,286,451,186,441,398,338,846,389,580,449,945,531,209,112,929,915,574,918,376,97,167,371,653,127,73,382,572,400,58,871,628,705,659,383,27,128,679,746,304,289,534,903,233,808,983,376,337,520,149,581,567,340,995,219,794,214,240,677,321,694,64,919,795,14,400,499,580,480,581,534,970,871,221,414,998,584,58,757,490,518,849,512,121,506,162,377,893,645,914,901,706,936,237,565,235,206,759,103,29,783,619,329,170,118,90,749,332,857,970,758,311,106,326,128,363,135,864,738,981,329,174,296,785,320,790,174,201,17,644,515,27,697,18,913,167,812,193,821,355,447,100,740,446,985,409,423,514,437,351,325,624,801,192,774,419,121,883,591,592,45,947,83,400,297,708,759,33,820,348,559,910,3,808,243,795,844,992,379,573,988,10,59,64,765,796,510,414,980,956,926,722,649,454,442,281,468,401,919,235,8,336,385,880,260,918,862,571,362,683,874,273,521
966,852,30,132,943,744,29,681,691,390,949,668,564,961,947,138,543,525,504,46,930,685,757,734,744,660,58,547,671,45,887,280,37,266,937,366,273,270,988,815,803,556,529,632,231,609,880,923,9,894,844,757,495,183,854,413,736,746,180,784,769,421,956,577,238,772,306,779,533,611,631,248,595,133,977,274,709,761,488,83,395,548,710,655,479,83,161,762,529,168,184,417,140,725,532,120,963,607,771,22,496,267,410,994,685,773,818,614,286,501,929,351,14,28,208,543,641,867,677,354,981,166,203,150,716,26,932,640,530,549,813,810,702,11,650,570,225,473,506,238,179,490,51,470,407,795,617,328,727,29,234,579,994,447,876,54,139,574,85,460,523,532,613,921,343,499,142,827,962,639,305,556,637,725,173,170,906,875,494,783,978,933,715,366,297,610,889,786,494,755,888,409,867,729,944,776,568,196,742,170,65,22,120,635,840,477,135,39,740,658,307,996,368,153,583,191,657,306,458,748,583,145,772,11,30,725,411,550,241,46,886,584,160,209,935,75,707,200,649,624,955,937,899,462,588,742,752,929,992,84,629,464,440,657,497,317,471,502,402,624,423,769,928,190,247,317,19,654,467,894,719,40,917,369,878,676,306,627,166,181,433,517,281,717,805,119,264,884,696,159,114,533,364,785,252,931,295,885,729,685,808,460,788,351,181,866,468,266,307,782,684,454,957,715,945,254,999,483,607,1000,515,662,334,333,383,846,216,380,91,378,689,458,793,80,991,520,995,213,645,26,724,127,644,336,146,477,226,296,39,50,817,965,383,381,233,953,337,578,985,205,77,357,202,559,206,896,612,219,126,603,94,11,99,9,374,541,662,16,714,686,655,693,851,483,751,309,954,647,743,891,373,458,242,421,987,93,184,853,175,755
57,906,27,263,118,109,596,224,436,67,101,797,804,96,267,134,758,276,439,877,322,583,888,14,885,775,439,30,659,216,957,717,661,682,429,667,458,187,810,906,770,987,290,718,39,915,766,393,922,249,353,906,248,633,348,460,699,597,787,858,286,403,45,329,613,795,208,601,549,590,746,501,781,535,161,73,813,686,426,505,18,876,477,273,26,16,809,992,629,747,727,276,202,290,31,23,910,933,945,288,591,985,954,827,129,173,808,911,306,110,187,289,32,782,864,870,455,752,483,604,380,823,199,674,284,581,966,105,375,808,386,698,986,888,639,189,215,846,252,743,354,351,974,325,620,683,538,728,566,165,894,740,628,587,936,348,971,831,501,818,233,216,132,600,694,441,257,553,286,909,237,703,801,844,285,878,810,342,527,494,434,877,612,814,387,879,53,961,753,311,74,581,244,383,322,232,130,859,46,916,754,229,903,126,247,414,984,418,487,882,114,590,715,272,924,908,792,294,741,907,799,285,992,555,744,974,744,961,71,176,803,575,463,875,282,574,595,253,67,224,38,655,324,974,817,197,89,787,221,852,387,728,554,202,457,891,803,327,627,736,551,508,548,110,210,815,63,299,884,163,895,702,980,999,749,132,774,765,757,473,605,136,664,438,822,663,713,533,38,643,61,466,506,601,322,80,169,780,259,390,117,156,952,137,707,733,14,261,674,733,550,777,297,246,177,843,964,873,277,343,723,547,16,511,74,874,360,616,627,710,611,339,803,404,877,573,773,827,449,449,730,917,932,130,57,937,407,320,659,563,679,209,506,840,289,482,927,398,840,549,150,173,207,366,811,441,550,261,720,517,482,721,272,757,627,834,876,474,877,410,682,155,795,474,247,133,953,978,944,747,585,808,979,528,533,415,546,781,782,476
459,74,943,105,927,294,332,976,317,674,431,633,486,309,894,837,739,160,491,829,537,290,791,628,93,567,209,361,908,876,442,134,782,721,316,739,818,383,739,729,340,787,894,1,123,762,823,546,373,986,589,175,394,377,351,433,89,923,786,747,997,809,922,217,432,158,679,288,266,606,33,218,708,346,161,560,324,101,252,936,784,970,646,475,308,92,282,370,998,995,979,756,825,337,159,575,80,885,512,68,506,744,458,528,86,657,27,134,642,531,634,530,449,957,977,898,546,403,470,31,744,230,749,370,423,189,5,554,81,904,803,655,308,368,737,552,545,685,591,708,108,924,935,459,18,450,943,210,683,897,84,349,61,476,947,500,529,393,340,301,256,973,34,843,224,825,470,435,33,137,954,230,337,395,906,923,657,334,847,960,128,534,405,668,793,911,210,805,648,471,362,973,242,672,697,170,462,398,723,95,966,269,372,828,845,222,968,998,895,948,171,736,434,96,216,936,94,829,221,754,532,932,104,619,385,830,99,171,90,395,190,303,213,734,975,164,30,942,844,912,276,408,163,406,460,745,538,19,922,449,340,858,832,664,130,15,624,987,723,109,677,34,28,799,983,966,306,659,541,314,876,670,262,475,26,782,731,92,327,248,640,322,871,567,283,433,384,293,767,944,95,402,184,669,433,367,949,728,212,600,266,355,64,574,378,421,822,195,254,319,449,369,768,32,759,381,235,743,174,432,444,199,56,150,727,869,156,312,221,861,326,930,757,675,303,957,172,612,64,851,93,942,513,503,981,821,337,909,978,901,767,955,789,129,769,893,614,351,918,713,911,885,441,942,278,854,691,807,130,571,77,478,780,320,523,548,779,858,280,117,85,300,49,34,342,126,650,718,512,526,711,570,857,78,254,28,223,673,236,925
781,249,268,819,557,489,722,969,564,145,990,732,811,666,594,906,813,404,358,147,453,81,187,460,31,56,574,841,538,480,144,673,902,580,917,238,269,144,652,482,331,892,906,17,463,20,730,736,719,83,58,146,435,84,185,917,529,363,658,394,232,940,668,215,1000,509,519,400,889,246,367,376,215,207,801,765,951,75,249,121,474,94,522,25,16,657,791,961,992,389,410,980,466,19,210,469,380,12,806,813,17,225,780,472,523,285,946,380,524,961,314,677,996,389,28,608,905,200,561,363,569,657,255,492,827,424,78,763,670,523,929,667,401,192,690,977,968,350,445,318,317,801,943,774,957,59,560,567,416,884,143,801,204,437,348,168,731,435,224,128,232,297,142,889,513,301,313,842,551,371,702,902,925,79,9,762,955,613,240,736,459,1000,978,43,231,64,722,638,464,90,385,897,615,60,21,13,965,622,239,693,556,339,9,957,841,67,729,397,863,851,557,665,571,111,445,150,64,526,237,399,50,897,308,96,249,588,412,194,285,173,286,391,264,337,759,601,737,241,878,775,551,981,279,590,135,50,830,430,21,226,685,798,435,156,714,559,299,93,635,94,917,452,823,974,190,401,524,18,871,180,432,960,910,994,422,93,44,766,46,104,224,22,355,827,143,151,363,109,850,258,139,218,294,502,183,912,29,27,385,515,760,17,618,394,728,51,275,699,11,781,379,326,293,172,356,235,402,777,251,872,759,546,970,42,948,835,142,715,536,196,801,463,605,655,829,261,35,423,943,464,104,691,355,963,830,931,12,886,315,360,750,577,862,956,563,301,476,303,551,452,426,325,659,246,808,779,113,387,302,240,333,259,192,634,563,622,100,490,862,738,269,505,583,161,172,718,989,521,957,813,744,645,978,311,732,921,239,209,510,713
962,588,597,736,598,342,31,171,329,890,486,633,488,115,12,420,565,520,848,776,808,50,851,83,687,392,714,130,876,365,794,892,247,715,717,57,734,235,154,4,475,873,909,288,663,45,825,804,219,398,536,531,914,91,435,135,196,359,674,684,658,200,606,117,867,458,228,931,89,457,969,614,715,573,397,49,86,206,565,614,996,390,954,45,138,333,798,145,217,850,162,788,376,363,897,203,888,899,891,775,982,327,7,547,450,149,742,459,971,433,633,243,563,318,12,181,599,987,139,575,634,56,692,714,187,605,706,693,71,402,532,769,651,654,95,785,425,750,267,472,544,653,708,900,193,484,607,59,60,422,262,215,483,998,348,727,72,347,408,216,947,235,864,212,108,463,908,877,454,264,50,459,57,106,216,55,224,29,3,357,585,537,32,725,37,635,71,444,25,498,510,81,698,649,355,776,459,824,767,226,477,302,255,728,366,937,444,0,520,538,577,625,593,580,558,46,931,199,205,244,645,652,33,1,487,115,354,262,509,552,388,148,865,757,160,440,656,620,855,448,499,67,362,699,859,155,462,478,519,308,931,432,164,791,827,11,190,499,880,1,911,420,4,434,111,194,886,316,891,50,560,213,745,771,329,906,485,571,762,207,495,834,747,794,166,978,727,763,219,831,193,435,880,554,495,0,889,924,970,424,612,916,504,572,709,704,856,277,741,678,752,633,704,892,833,207,669,988,51,732,580,976,223,437,845,362,4,343,748,550,922,959,708,397,976,890,443,747,311,954,448,978,178,48,865,2,297,37,876,773,247,511,586,177,202,400,263,188,989,970,361,104,455,474,85,401,213,780,733,886,363,255,395,952,413,434,386,317,966,848,649,642,235,266,817,482,419,178,874,31,732,878,514,402,713,545,230,325,201,989
970,736,593,710,659,63,71,710,112,59,651,75,843,528,843,544,205,565,792,923,43,196,579,472,849,120,453,105,510,569,57,959,117,175,13,402,752,10,440,654,438,948,240,284,825,750,233,686,383,71,441,413,790,965,907,101,716,332,544,287,847,46,933,697,233,478,835,370,925,403,442,711,469,436,639,971,15,102,369,816,438,864,589,633,772,956,163,882,937,994,695,915,245,151,601,543,28,286,908,223,349,958,327,121,682,465,283,946,577,784,714,125,421,113,903,741,458,443,313,472,275,203,783,761,735,980,306,320,747,692,623,593,921,413,367,873,478,128,284,807,459,138,712,373,420,960,210,279,212,978,906,462,910,780,189,418,315,243,405,404,509,364,488,908,725,19,880,241,254,613,558,73,719,244,748,201,331,828,917,623,942,130,732,801,694,51,638,872,892,324,608,56,479,549,501,766,661,665,985,497,91,321,626,487,699,272,306,123,818,315,217,187,65,870,285,504,120,244,9,201,395,951,750,421,187,116,587,468,879,735,291,581,506,183,918,734,363,52,792,182,280,224,362,309,864,42,98,181,51,5,833,47,438,687,792,308,104,420,572,627,84,677,192,817,298,432,418,53,62,309,915,863,687,411,639,598,651,388,274,718,451,992,484,298,417,341,925,758,957,831,516,623,584,195,191,552,123,835,684,149,331,806,976,517,429,603,694,544,727,744,9,488,650,528,334,914,573,604,706,205,50,425,696,530,380,66,375,559,283,995,292,714,797,947,937,958,208,506,745,983,656,463,497,948,729,385,324,775,281,755,364,446,669,664,194,280,298,291,299,943,807,192,110,746,934,1,643,153,553,257,385,528,459,558,307,930,531,236,460,195,294,48,694,789,985,134,171,381,912,384,772,100,547,920,799,623,738,284,931,38
696,233,460,829,312,194,908,683,320,277,619,969,294,659,888,703,447,626,446,777,872,881,908,684,293,496,191,9,15,235,179,233,758,686,537,402,54,950,880,102,204,869,793,661,875,420,924,884,445,308,4,909,48,23,399,711,129,374,203,311,60,183,7,125,597,319,586,194,674,553,406,280,124,524,368,349,169,873,642,161,552,949,295,359,652,36,178,394,920,401,18,361,104,577,151,476,57,98,60,933,697,386,793,8,624,675,192,697,858,912,374,849,495,533,110,910,545,558,57,327,561,800,236,34,194,703,463,243,708,76,115,158,361,736,79,47,216,343,99,342,579,260,469,368,360,14,93,237,816,689,409,643,472,466,386,782,138,810,268,159,335,114,308,121,354,159,351,138,671,985,399,134,345,974,794,83,748,937,704,292,501,990,524,569,894,937,38,494,383,988,518,858,143,568,95,426,287,908,389,94,119,938,578,24,889,427,374,577,258,219,419,365,838,951,536,888,101,112,868,378,471,980,228,98,340,676,685,248,780,432,499,125,511,345,113,109,330,763,36,106,849,861,435,268,66,139,115,978,295,915,462,801,795,278,700,278,983,367,820,461,551,355,992,562,970,21,131,124,866,281,316,37,491,639,765,795,318,583,862,778,963,725,51,31,89,940,114,644,785,538,310,76,50,837,273,473,650,27,662,276,744,893,558,630,426,198,448,141,386,571,697,280,801,601,2,663,693,821,23,251,203,880,631,733,403,36,930,921,895,157,941,40,740,845,6,47,360,913,724,916,447,158,240,591,48,248,113,600,150,645,851,556,598,566,199,665,999,910,242,477,666,522,846,133,406,824,381,763,759,561,462,337,683,107,990,495,224,920,144,880,496,565,979,360,489,596,905,501,342,913,233,165,79,902,293,335,285,59,571,520
507,711,784,339,264,150,865,27,847,873,649,33,306,982,315,950,481,353,543,814,569,141,90,62,19,152,718,951,391,305,742,105,694,294,909,854,976,432,16,329,295,786,84,99,13,556,45,454,676,695,89,228,99,599,801,233,752,550,521,738,407,11,131,697,209,353,322,892,469,150,737,279,329,532,966,140,621,738,74,844,0,75,599,803,950,454,462,183,323,202,309,872,623,528,689,8,331,543,274,53,955,256,52,24,56,801,927,399,935,119,680,870,601,342,802,607,917,170,553,976,656,244,968,617,161,661,927,484,934,38,528,287,616,304,333,371,530,906,68,232,997,569,615,946,433,80,293,744,985,757,631,838,315,740,9,447,486,287,984,961,301,497,354,851,420,952,710,42,368,442,165,814,731,537,705,618,70,659,324,28,734,792,93,873,552,73,945,15,860,967,942,372,988,353,652,469,504,76,620,198,475,173,891,770,113,874,109,918,808,608,161,775,561,986,254,547,615,794,494,560,128,586,903,910,431,936,466,581,200,91,769,304,817,312,240,78,209,825,27,159,783,652,167,784,395,60,627,252,694,823,3,837,72,598,297,256,973,981,884,46,263,736,656,219,397,313,626,476,889,14,108,692,164,278,223,648,369,933,167,186,377,816,226,999,821,38,67,418,351,911,700,195,849,973,612,925,720,360,733,567,7,283,774,141,652,188,789,670,242,372,761,60,604,375,864,76,982,884,203,485,156,412,822,324,158,419,286,812,391,700,156,669,467,794,234,551,675,732,638,656,976,681,37,878,45,738,599,274,910,791,792,868,848,635,249,888,960,479,792,765,511,119,458,630,681,621,967,330,624,118,803,181,776,537,378,614,886,447,134,79,425,543,221,366,646,339,745,128,896,487,509,713,138,703,359,597,439,444,882,124
480,306,160,443,540,118,607,698,133,66,355,313,739,264,858,987,456,862,84,213,612,210,866,281,896,184,53,878,262,686,780,216,262,903,332,583,298,306,406,409,790,781,503,314,80,472,423,250,753,625,165,482,181,215,784,592,950,590,81,466,748,948,742,263,397,704,472,662,519,250,918,442,963,936,930,252,392,410,675,596,147,184,414,659,582,515,405,85,965,259,636,686,535,234,161,726,401,987,19,542,530,281,677,241,30,909,412,712,414,935,751,458,459,771,737,478,489,528,487,756,148,702,881,203,57,436,185,230,258,749,25,995,183,713,747,441,400,208,143,413,786,521,282,329,688,275,897,682,432,508,69,802,589,35,513,57,780,471,472,588,24,9,526,256,444,775,399,35,209,2,457,971,204,949,797,763,106,210,748,416,421,513,123,28,985,869,869,12,865,894,542,656,937,473,773,654,375,651,672,383,980,951,991,427,701,922,404,162,830,32,838,932,809,126,725,641,878,157,728,572,526,25,24,189,372,222,482,863,24,168,908,540,898,10,953,370,255,516,751,932,716,940,440,633,414,878,10,824,816,522,948,365,604,442,925,935,1000,111,847,335,919,421,709,881,333,678,342,801,931,726,759,705,502,256,762,40,638,650,140,642,544,716,386,923,772,793,999,432,701,724,539,295,139,120,748,555,831,825,899,202,762,34,810,264,67,26,801,573,729,533,154,359,733,300,682,101,54,174,951,502,182,764,792,759,171,254,489,330,967,755,513,466,776,200,803,465,56,214,789,762,689,494,24,877,887,378,241,459,930,646,159,130,564,613,611,2,862,860,349,931,796,902,599,807,724,691,858,668,728,100,310,760,408,432,481,433,159,213,89,613,228,627,823,374,350,854,447,582,969,222,93,620,593,0,213,920,419,716,320,664
478,419,328,688,213,504,573,556,246,537,761,146,633,473,554,469,550,196,992,320,201,479,405,855,210,10,589,954,918,526,137,767,272,174,381,412,122,337,260,812,831,611,883,119,799,395,173,476,587,399,953,60,671,201,547,506,875,679,114,394,965,846,757,13,191,499,677,790,699,204,999,41,508,432,361,898,378,780,880,246,742,664,575,353,382,741,174,434,770,840,945,917,339,331,757,544,467,998,189,560,623,631,179,269,735,872,846,771,18,184,628,555,528,273,29,578,49,332,297,36,108,412,542,911,990,664,924,192,319,68,205,697,414,235,995,743,307,416,493,357,232,203,519,489,711,202,682,26,45,37,153,968,545,676,840,243,459,853,310,358,933,334,288,934,696,607,551,567,793,84,514,988,806,697,771,869,653,459,318,383,879,264,106,705,78,873,830,515,591,42,58,145,107,822,280,138,886,374,222,543,828,955,613,848,948,236,867,180,133,280,415,613,598,655,860,81,705,212,821,177,403,625,801,870,865,602,938,90,201,544,139,63,650,747,79,442,343,261,177,49,144,819,106,973,883,629,931,363,763,198,906,260,399,851,641,39,109,662,262,838,195,912,491,121,129,169,465,821,996,538,50,289,80,91,484,500,760,751,867,737,726,723,838,134,304,27,570,340,649,587,682,147,198,282,708,809,247,391,776,308,633,117,360,626,867,540,390,943,956,740,433,124,955,654,951,884,296,634,630,225,347,244,871,361,402,300,82,340,940,676,221,779,271,515,865,130,669,969,970,914,194,749,982,398,377,395,726,298,196,713,933,119,152,922,434,493,370,988,480,590,833,128,454,490,958,139,895,142,617,869,949,160,835,281,224,474,529,546,587,348,910,953,947,998,944,178,95,677,955,315,331,212,768,283,557,893,108,500,433,122
608,797,525,772,456,824,826,394,730,142,60,47,957,724,905,768,710,589,459,544,768,106,913,265,789,940,906,11,139,391,572,376,144,602,225,376,42,589,327,957,230,198,95,154,111,794,442,224,446,700,681,827,848,331,592,381,259,377,422,634,433,98,521,847,419,892,209,281,973,54,81,234,553,384,200,933,495,139,29,951,80,989,739,534,875,882,876,275,951,42,153,925,303,788,6,126,548,656,367,602,692,728,52,125,654,624,785,231,472,551,621,450,237,734,345,261,62,568,824,795,531,156,966,655,590,124,577,837,978,405,369,103,306,891,458,468,893,262,834,403,440,306,17,923,14,768,839,319,594,815,100,329,495,887,512,663,768,807,265,352,230,228,336,752,239,124,280,298,332,123,650,450,829,902,604,178,556,895,253,765,710,806,159,237,938,758,661,646,177,872,521,477,186,950,936,2,113,770,10,805,475,649,906,834,873,971,530,966,28,403,723,728,80,953,130,388,875,530,177,784,161,661,387,909,719,379,177,99,998,709,667,460,598,164,416,540,604,548,469,948,633,844,697,587,837,712,211,708,39,499,582,978,968,558,663,689,372,610,460,475,460,279,907,781,717,274,523,999,299,763,992,264,439,328,333,401,73,921,421,730,548,215,445,620,845,216,934,451,637,72,582,418,681,205,327,24,397,130,213,410,511,471,582,214,19,298,336,345,439,658,574,939,434,370,789,460,87,996,614,62,245,849,907,478,686,273,269,808,451,950,343,163,661,625,989,878,722,26,196,6,747,848,788,911,975,763,825,397,594,308,66,248,544,840,279,290,446,31,806,878,792,42,379,390,296,577,657,956,358,947,188,316,536,298,712,910,210,374,922,658,566,750,444,573,552,86,49,740,922,80,868,676,94,426,442,153,49,114,897,184
309,263,433,795,219,679,578,123,496,66,506,109,533,491,388,248,945,93,968,263,529,946,276,77,213,190,432,926,699,744,581,999,206,713,911,344,46,195,78,605,350,858,446,649,424,144,254,215,972,281,784,296,189,439,781,695,594,461,439,535,681,575,776,506,999,621,984,346,653,517,449,624,527,30,897,81,360,212,580,158,904,100,235,756,338,352,92,609,247,399,292,549,0,261,588,409,320,254,753,67,56,187,408,154,170,767,459,744,270,557,206,251,340,464,831,945,445,930,380,912,738,645,768,451,860,130,249,418,887,327,909,504,699,722,476,954,970,857,913,313,946,510,396,36,476,464,17,310,910,663,374,670,253,217,350,347,175,72,719,982,769,101,37,915,488,526,986,755,367,68,105,813,177,445,429,692,603,332,642,181,230,864,870,861,423,684,928,557,795,271,747,443,221,485,111,367,999,807,237,669,374,391,178,270,470,125,54,580,400,810,66,258,640,62,141,61,99,633,768,516,84,412,776,422,962,823,470,293,216,59,603,991,195,558,81,433,197,727,295,327,359,727,483,692,892,403,8,155,329,355,716,598,878,561,501,617,627,891,925,665,942,482,819,318,473,661,612,956,83,510,77,671,655,267,764,680,103,874,887,214,955,154,30,87,381,686,807,288,18,315,993,802,635,43,16,880,98,562,670,465,768,315,599,929,992,486,682,368,436,174,204,634,366,835,385,757,131,507,236,464,53,211,226,917,704,386,797,244,295,675,419,174,849,833,692,319,929,977,295,66,808,491,726,890,576,878,634,319,551,372,626,210,397,163,380,825,239,848,372,276,78,505,530,418,386,256,48,1000,746,528,364,916,226,331,362,419,289,280,40,167,97,416,312,196,963,50,239,123,873,733,644,75,23,11,895,925,807,818,329,437
812,164,709,30,264,506,164,26,837,386,635,479,942,453,42,95,311,150,367,378,812,867,124,74,140,0,511,393,473,736,819,975,583,608,722,252,462,312,551,585,23,515,128,208,260,924,877,386,741,143,803,569,109,670,725,607,320,719,137,444,861,22,371,443,683,214,953,642,69,770,165,254,770,716,840,908,817,67,252,884,507,14,755,56,73,249,503,918,593,453,55,907,400,94,749,424,653,973,609,808,213,394,348,40,125,416,73,138,240,274,587,369,590,812,791,783,279,345,664,893,84,330,18,457,174,89,470,143,748,587,592,170,718,587,774,579,250,679,554,115,388,142,496,630,812,600,189,909,752,440,349,898,433,141,77,818,678,970,860,818,838,251,184,438,767,509,898,171,717,997,965,718,334,804,738,955,572,75,372,627,636,198,660,620,51,97,177,131,713,56,340,992,75,218,424,355,795,165,713,81,927,406,113,699,398,634,168,35,964,374,15,357,784,41,464,401,313,811,382,14,557,880,534,376,838,900,901,339,475,745,534,163,967,840,21,587,509,142,252,415,538,430,97,819,541,713,170,969,109,741,920,335,972,306,194,290,184,839,106,996,834,718,935,667,891,579,494,494,35,531,796,984,497,42,244,233,655,488,128,164,345,906,843,197,906,99,242,208,872,685,380,987,956,509,880,227,447,920,312,740,556,52,986,30,565,822,594,962,527,205,837,62,369,691,985,198,223,746,270,928,682,272,536,674,609,702,473,859,777,29,563,529,62,561,445,408,690,676,568,41,499,440,723,565,928,44,160,348,300,759,622,150,256,698,396,841,402,680,384,94,149,233,615,6,311,522,363,580,17,700,439,337,987,340,21,74,783,176,763,608,346,127,79,992,363,955,256,353,368,853,610,983,201,856,910,485,301,65,751,48
538,799,468,782,796,514,533,404,805,240,224,727,625,947,528,294,627,672,945,602,879,260,157,517,354,812,867,247,757,799,190,14,305,857,252,795,128,672,489,929,514,377,661,280,194,234,550,663,21,327,62,66,385,138,862,21,842,360,555,750,624,417,563,970,424,620,244,129,210,280,154,731,917,725,845,14,153,687,115,213,778,463,118,992,809,998,627,4,256,153,806,473,289,597,807,943,807,360,278,528,922,23,405,653,851,116,658,178,786,571,447,251,320,408,343,160,765,926,471,932,976,135,69,113,358,522,952,998,737,623,33,861,370,387,601,412,167,923,764,915,556,23,684,696,716,814,829,667,903,522,351,411,353,378,493,672,795,620,429,209,67,159,80,353,469,711,32,113,626,381,466,552,886,938,466,147,223,636,192,109,390,213,780,327,31,183,377,993,162,966,974,609,500,778,643,83,670,80,160,200,996,641,939,987,204,580,5,930,217,32,330,608,888,960,286,101,118,510,400,159,597,22,425,901,249,504,547,201,854,146,490,403,228,830,800,475,12,124,917,133,417,37,369,805,623,381,118,422,399,565,168,155,762,690,704,909,871,853,628,253,808,589,784,460,298,766,933,673,993,535,171,95,789,619,974,494,879,146,943,233,809,178,231,840,172,405,2,134,895,103,127,209,836,832,480,152,842,32,836,936,112,564,866,109,562,96,333,161,657,515,308,920,476,655,996,367,246,998,800,850,188,602,999,603,311,449,539,450,379,206,472,753,734,430,833,203,410,30,842,225,979,705,844,636,853,68,588,236,813,576,376,154,152,102,729,231,605,634,258,709,190,638,916,569,801,475,535,714,839,155,459,649,634,844,269,857,521,691,392,701,347,220,109,171,189,143,239,679,705,731,670,597,507,415,937,325,605,935,497,858
563,53,952,597,759,53,788,929,202,424,619,22,27,430,110,166,453,101,174,790,983,561,242,342,814,933,281,69,7,946,139,132,450,277,222,970,978,829,387,734,776,593,823,472,133,724,335,344,608,142,542,569,86,571,432,943,564,982,91,120,381,615,49,755,984,981,935,540,449,315,81,493,233,833,666,276,240,747,91,683,207,893,242,9,679,839,161,13,428,263,527,727,983,314,27,716,382,353,61,97,603,295,831,303,488,509,265,593,793,988,377,302,93,644,439,203,54,951,990,871,901,34,676,187,802,745,895,315,865,261,485,562,893,534,12,448,196,667,13,545,39,565,61,349,870,262,708,294,71,15,49,583,467,951,336,698,578,75,276,286,295,549,822,814,335,461,607,421,357,172,331,372,791,158,162,943,57,354,255,430,538,747,816,234,341,784,564,331,625,319,991,685,787,324,916,683,542,138,400,743,310,586,942,240,832,349,826,959,953,389,619,868,672,461,796,146,128,491,954,886,501,141,144,849,386,362,629,584,869,986,946,538,991,511,703,703,875,699,816,163,862,719,413,440,994,174,231,14,538,488,654,81,839,350,102,537,378,633,67,550,102,912,795,723,300,17,477,135,451,119,558,779,421,127,305,298,95,855,993,0,496,643,310,320,864,395,684,666,23,283,11,996,721,961,367,321,590,911,928,596,670,922,191,886,988,262,148,859,50,610,286,497,136,152,941,471,61,785,495,350,699,66,731,124,319,381,436,973,450,928,376,240,98,274,179,100,82,561,253,10,16,158,846,153,297,959,286,190,914,952,75,57,892,693,272,674,588,177,703,360,125,131,6,679,39,635,829,823,510,793,984,40,167,411,143,702,839,800,174,65,646,121,362,987,430,122,402,437,475,898,824,562,508,145,336,622,636,217,289,92
419,63,787,581,458,521,754,30,610,181,982,211,216,897,369,672,966,918,492,8,123,58,806,494,221,500,205,235,327,91,449,915,506,15,209,688,811,703,511,713,610,196,446,400,932,318,588,276,453,645,354,953,311,518,636,139,986,676,669,836,86,397,865,704,596,736,830,63,740,68,526,870,103,978,42,305,312,117,654,764,803,146,704,766,178,276,479,177,226,204,987,426,109,46,563,541,895,817,543,781,455,55,431,572,774,317,379,51,399,706,642,623,44,155,489,44,485,601,738,892,461,537,964,301,931,401,601,904,626,228,251,457,228,221,241,115,740,255,5,212,495,742,418,256,236,670,269,643,542,595,326,470,788,854,93,460,848,124,135,652,364,220,973,989,740,357,686,321,663,929,241,804,782,407,936,992,394,512,490,817,238,807,390,742,645,958,409,24,909,372,504,344,283,323,352,393,540,535,759,152,666,516,336,856,360,274,669,324,152,578,962,840,119,300,722,382,912,27,900,886,864,801,993,700,113,979,186,902,190,591,159,461,388,35,452,623,926,460,329,832,6,765,537,970,262,309,355,967,544,525,619,459,19,560,41,410,809,940,455,269,31,862,656,290,992,818,883,867,687,717,86,467,402,473,907,908,733,655,734,350,919,162,515,914,665,712,96,542,772,661,194,159,431,135,716,70,304,67,712,10,691,595,607,668,178,584,357,67,439,688,121,754,366,836,283,255,420,263,754,797,855,734,902,772,71,13,983,156,140,196,774,873,654,908,719,933,85,354,710,76,411,422,80,883,442,37,447,757,754,192,641,91,222,18,584,621,565,713,205,740,977,918,393,708,839,763,187,82,803,818,561,130,469,653,197,304,701,114,492,773,137,430,717,962,456,688,175,695,715,6,577,102,170,75,441,139,812,39,329,336
345,27,500,933,202,199,473,365,43,726,155,248,542,131,671,773,796,337,982,816,275,568,895,679,638,751,956,990,755,470,961,775,976,274,353,161,445,734,561,16,131,486,490,550,314,856,321,288,856,621,741,576,260,853,821,764,2,206,381,952,69,971,526,558,899,25,252,974,682,262,148,866,554,793,586,148,266,874,738,563,520,873,385,510,228,180,656,197,168,674,661,272,310,115,152,244,993,674,108,559,625,334,948,38,722,480,35,191,748,676,966,949,491,19,123,803,234,729,740,674,739,205,33,616,62,905,31,644,591,300,853,215,343,875,226,639,920,965,742,345,923,593,998,120,197,554,516,749,654,522,987,755,956,329,972,688,857,603,154,790,349,239,61,543,252,143,546,331,623,18,420,809,275,578,216,426,331,701,748,402,493,944,648,668,157,952,649,179,682,363,848,10,314,881,899,20,209,733,554,872,220,953,731,813,741,596,270,906,588,916,124,837,451,10,765,57,132,870,770,720,35,405,984,224,853,261,445,707,829,133,835,664,679,350,911,648,260,976,66,568,491,906,721,919,220,357,118,554,860,212,400,865,417,412,1,241,983,372,335,559,620,686,631,511,271,194,887,98,968,718,718,775,175,755,681,189,731,414,895,239,811,676,242,316,678,810,790,95,554,867,673,875,762,512,574,161,42,304,335,560,471,80,644,645,364,583,690,167,869,363,985,585,411,238,346,82,360,371,38,986,514,503,597,745,554,650,373,604,163,738,206,492,231,631,906,761,781,38,160,271,936,857,270,712,59,768,120,0,639,78,451,219,756,879,534,613,896,348,470,749,581,640,617,561,210,201,335,976,47,551,147,732,28,593,834,452,187,406,378,887,955,403,210,497,687,773,583,534,950,858,516,84,744,684,122,654,148,147,923,682
952,798,813,280,907,194,981,472,853,414,432,637,130,563,950,330,151,355,18,590,103,551,250,127,498,401,101,175,247,980,960,451,332,33,819,379,623,935,564,226,651,587,228,415,69,257,503,139,588,581,942,98,893,936,885,727,575,839,379,305,101,905,230,273,702,352,837,312,895,791,19,665,452,584,197,901,901,977,870,350,651,404,380,478,712,872,190,839,86,944,192,441,375,547,56,912,740,373,452,476,690,487,150,791,919,743,145,456,224,39,221,214,642,789,489,391,801,563,212,796,351,959,473,712,374,784,837,547,191,258,696,799,639,430,305,133,848,471,83,810,902,636,384,497,816,335,675,965,669,843,957,949,758,351,938,268,504,375,111,782,105,326,672,525,910,59,629,845,568,849,242,151,261,174,60,895,530,174,689,483,125,98,305,140,468,467,853,583,533,956,698,847,679,962,40,594,378,802,592,271,863,600,408,824,119,306,15,714,481,460,71,217,560,936,357,208,446,906,773,835,332,155,738,0,439,770,209,29,95,3,935,522,29,672,501,691,170,573,699,947,293,697,91,472,223,735,326,500,851,657,370,800,637,933,347,233,615,303,864,259,815,400,939,469,678,489,607,693,653,3,461,716,146,213,283,971,990,65,705,206,730,467,542,170,167,375,56,11,420,768,324,648,557,675,536,289,550,588,902,12,225,742,780,742,295,640,725,82,400,503,855,755,86,824,257,336,699,498,48,17,395,564,946,539,324,106,89,207,444,60,535,920,485,426,153,178,227,477,962,449,946,598,256,409,600,620,924,611,236,541,127,637,108,374,267,173,825,559,401,153,551,417,232,276,59,63,415,62,805,578,490,24,336,963,819,146,483,191,999,849,871,308,902,949,205,112,420,699,258,260,813,537,629,443,599,264,406,884,201,920
482,212,109,295,893,761,120,214,316,121,782,536,353,594,956,703,264,577,382,324,859,541,201,813,765,179,310,556,196,289,38,407,785,622,428,39,324,433,406,915,816,55,320,322,739,426,356,420,528,772,116,974,977,130,907,856,89,66,784,284,193,970,965,541,589,301,644,971,708,9,27,746,242,366,154,113,547,534,618,745,556,140,278,708,512,526,923,618,169,210,310,780,318,149,617,559,698,731,136,696,707,266,388,16,537,854,173,141,573,790,20,433,928,988,12,109,690,80,593,676,535,1000,121,828,213,610,130,523,797,984,290,200,629,615,345,362,322,125,743,668,241,454,966,943,991,275,13,402,232,738,41,724,337,856,731,561,54,730,107,603,196,640,401,931,61,518,537,696,688,39,832,288,499,37,246,525,446,334,584,833,751,251,748,653,369,122,450,693,529,321,842,252,462,34,404,802,302,154,719,970,243,174,156,368,414,510,784,673,125,509,625,536,589,768,512,392,503,452,808,136,542,838,190,432,109,68,467,281,183,432,115,445,64,283,457,441,167,594,91,132,739,900,470,106,196,271,49,129,55,223,855,184,603,344,885,877,323,138,701,811,835,544,517,11,974,856,538,528,957,183,693,27,183,532,82,332,195,262,825,554,767,770,410,800,901,487,759,27,61,471,614,316,475,618,590,179,216,93,163,13,475,507,440,830,645,825,966,700,459,496,512,856,204,540,425,792,874,804,377,515,802,762,778,182,208,654,634,11,540,524,183,537,398,162,97,0,482,951,172,377,822,70,319,943,298,519,845,167,630,739,192,380,413,82,754,389,260,581,715,957,210,453,135,347,728,707,614,365,448,552,760,481,356,241,73,686,828,487,575,645,600,531,143,492,429,469,988,368,466,900,726,845,289,678,943,731,804,988,414,190
34,469,852,962,123,537,900,885,630,232,442,324,314,956,282,885,232,619,464,723,239,691,362,267,476,915,513,498,377,536,499,394,34,300,896,616,240,709,775,371,25,849,26,380,407,183,306,13,809,866,750,36,675,995,594,255,427,353,802,768,8,963,800,854,738,254,300,840,59,748,38,694,218,702,297,927,116,819,747,386,239,800,225,216,925,885,466,718,261,698,235,280,252,622,860,613,214,746,842,118,630,326,681,5,617,62,506,530,412,782,633,509,65,860,114,385,976,677,351,68,17,100,394,89,943,305,765,540,81,590,248,419,41,558,755,121,547,373,363,234,799,907,879,51,621,227,357,541,588,28,83,755,67,2,669,289,892,611,213,294,462,845,237,333,737,949,634,57,599,102,604,861,993,334,648,366,574,427,227,908,712,502,793,383,238,826,976,449,826,692,371,128,430,513,676,52,185,745,212,645,927,448,652,616,707,2,55,303,442,100,732,711,984,594,822,54,251,411,901,17,497,189,607,152,987,752,553,634,231,532,342,3,304,100,963,852,326,984,511,228,74,164,172,777,730,480,763,16,261,849,626,229,893,146,167,685,464,943,546,267,368,262,393,915,183,697,400,986,20,285,788,451,691,471,254,591,354,265,951,178,788,247,2,832,137,221,426,417,265,155,17,685,908,55,369,160,614,562,85,263,245,190,942,593,869,29,476,348,980,492,428,915,192,181,397,421,548,236,284,929,550,483,591,65,792,329,246,596,636,830,506,0,407,238,378,544,118,350,970,488,918,530,551,884,770,365,599,66,276,393,726,243,857,724,446,764,694,152,398,632,253,968,182,421,14,261,220,558,56,764,656,81,997,795,278,929,336,508,748,219,589,412,278,112,272,347,427,311,979,212,42,75,418,257,779,753,33,145,435,609
30,278,82,227,301,161,369,325,709,943,560,905,265,92,572,629,618,442,663,66,529,928,610,62,864,520,536,431,563,812,527,427,899,335,476,251,113,23,216,544,304,309,839,831,368,401,642,776,223,662,540,641,254,632,885,58,986,553,310,499,672,840,278,289,803,663,866,579,885,103,620,358,6,20,487,108,809,743,764,700,991,273,96,864,767,226,792,519,842,66,785,898,895,665,131,252,576,748,225,999,181,563,153,185,738,525,353,367,807,145,634,626,738,399,907,460,530,344,43,154,873,658,786,773,901,154,970,436,940,484,478,876,21,874,593,625,429,835,120,922,820,398,204,913,579,329,198,320,395,110,268,126,890,210,493,892,950,497,342,802,434,375,413,926,842,129,549,628,246,736,791,713,803,662,985,936,35,584,983,482,953,122,777,723,708,915,69,421,869,262,818,56,224,625,581,262,163,854,627,33,686,750,311,384,670,533,997,468,331,534,856,493,295,337,246,863,793,881,264,277,185,949,565,805,651,781,590,841,587,208,226,89,305,506,320,926,803,130,113,6,441,638,39,552,626,978,501,579,81,135,719,198,558,242,842,518,906,613,466,6,455,489,908,366,521,237,722,221,756,157,871,684,39,226,877,641,926,436,232,304,717,123,787,416,397,122,729,613,987,950,344,583,331,627,17,633,119,411,803,773,302,196,709,214,429,889,540,438,453,543,37,46,895,999,103,937,663,291,994,644,135,408,169,637,381,3,401,811,423,443,325,987,415,852,52,97,25,866,857,928,3,374,506,838,590,760,848,95,875,883,557,69,557,399,350,83,694,470,487,626,563,611,842,91,149,75,927,466,271,427,630,927,835,169,863,272,89,668,854,235,216,337,538,288,903,657,269,178,930,407,250,893,205,594,699,92,512,814,74,260
780,540,656,776,940,579,286,503,680,902,858,718,81,983,342,65,537,566,819,822,761,998,925,998,143,440,33,375,804,469,183,576,626,859,779,240,822,556,565,135,923,465,908,856,403,8,5,916,320,446,827,368,740,407,207,135,570,540,887,830,539,786,936,926,549,2,246,139,857,578,988,946,671,505,395,562,55,762,743,426,107,361,300,880,527,373,713,642,639,961,97,216,141,754,127,935,46,723,110,552,863,596,721,466,648,928,928,844,379,735,918,924,928,720,654,694,525,887,880,582,170,344,871,99,621,893,38,992,995,816,734,56,131,951,886,693,845,89,879,281,10,746,68,737,143,746,385,89,487,238,753,325,886,954,382,108,98,169,783,240,305,715,136,661,334,21,803,171,447,842,413,354,359,839,845,108,63,959,569,105,753,301,291,600,78,143,583,998,860,146,932,329,204,518,367,30,283,508,404,981,383,539,209,455,152,869,703,509,160,765,954,199,670,982,627,536,387,344,382,112,546,304,281,275,220,907,82,434,843,924,628,480,892,107,451,88,760,160,260,115,234,909,448,719,788,678,866,767,539,494,796,411,344,456,364,431,498,224,683,371,36,611,68,614,755,334,66,989,851,365,710,305,982,334,73,941,90,565,57,340,21,928,458,577,302,830,924,388,767,588,960,302,491,318,901,259,171,331,906,780,713,768,540,497,361,644,659,763,195,271,51,675,978,442,527,760,642,27,970,102,33,740,342,717,922,947,360,377,387,518,99,495,177,963,646,998,234,229,659,12,396,178,519,205,722,552,102,359,109,19,458,815,615,393,625,923,912,640,25,672,776,935,152,399,739,277,995,736,291,86,842,749,507,746,467,674,59,15,425,102,552,641,763,483,644,977,328,249,133,866,897,820,867,203,238,165,803,768,505,162
988,111,422,857,162,287,75,548,828,856,48,528,952,876,736,777,948,517,253,700,563,820,491,637,489,685,347,929,801,246,19,881,134,653,455,53,836,683,914,184,64,437,896,575,615,680,518,561,144,913,4,369,981,24,741,545,556,977,236,784,154,661,717,654,917,344,837,487,448,466,770,635,222,181,410,923,999,689,795,488,920,994,104,296,851,586,304,425,95,514,299,72,584,327,177,514,526,984,875,397,56,761,818,712,109,474,504,170,360,830,67,204,233,629,723,441,934,818,331,359,581,456,899,643,83,83,721,955,529,900,525,637,777,135,379,395,664,351,98,925,170,808,393,416,641,39,129,631,600,331,929,299,953,701,360,867,974,566,520,953,503,266,512,828,101,221,448,277,792,117,837,763,333,956,656,897,215,202,944,43,157,326,750,622,6,732,45,148,226,535,489,493,396,315,603,768,792,412,553,365,669,70,887,36,85,487,90,59,316,813,608,836,519,582,828,996,646,787,228,694,947,917,244,442,498,985,442,381,256,629,451,8,722,940,203,985,373,271,766,378,322,649,45,100,627,623,345,953,876,564,176,652,960,888,846,399,146,734,818,450,553,607,905,158,753,783,53,807,847,456,786,134,411,473,345,424,473,907,406,742,466,73,56,142,611,527,195,510,772,505,490,612,540,226,645,828,875,507,994,529,258,415,325,324,349,163,962,646,499,145,598,980,387,947,786,574,608,386,624,533,646,462,864,886,88,446,485,591,453,101,778,979,51,673,324,430,911,942,986,457,75,727,444,470,266,766,454,108,993,775,720,635,117,734,982,484,856,543,2,819,15,393,121,195,573,598,590,950,616,449,266,685,982,632,619,776,652,802,508,829,217,963,993,787,338,85,89,341,464,728,207,868,450,296,861,78,951,226,293,274
732,722,264,414,64,188,812,600,142,721,806,681,152,988,632,446,972,431,953,689,750,161,223,88,253,541,567,802,204,945,958,779,342,544,177,81,854,847,56,930,522,92,592,44,456,262,787,715,567,668,537,945,217,314,140,17,966,9,41,990,276,41,294,776,266,664,69,517,452,269,538,148,889,652,79,594,41,598,723,252,12,783,477,700,710,884,219,96,541,715,370,116,755,98,245,472,337,931,761,209,615,345,664,396,477,851,343,130,864,757,642,933,630,370,223,206,159,418,832,131,644,846,811,295,142,678,497,377,531,168,151,368,674,955,743,385,507,358,282,23,536,633,973,203,707,904,264,976,570,21,352,869,565,460,49,542,150,306,437,264,134,634,190,594,785,808,335,537,872,108,574,182,384,327,543,179,86,850,197,548,126,478,205,781,973,934,604,563,995,632,8,147,766,887,310,134,840,754,364,756,900,207,577,563,656,8,813,227,427,228,251,74,894,229,970,173,319,171,743,560,804,640,290,1000,349,355,903,67,589,801,21,374,499,488,930,706,696,168,356,202,792,817,297,635,12,346,439,84,853,678,406,760,520,606,485,1,794,773,656,649,698,879,253,671,850,688,150,45,848,466,97,359,792,713,641,658,230,886,172,375,994,505,9,424,987,856,956,470,360,392,92,442,912,997,84,73,272,178,578,139,183,263,625,17,723,848,8,134,907,622,656,244,520,221,616,942,674,64,20,804,194,734,647,839,759,3,270,137,75,420,988,582,369,466,167,862,243,315,702,558,722,487,22,53,540,770,393,233,817,721,166,215,98,961,522,724,409,49,844,156,685,829,139,992,173,81,292,446,742,730,700,52,742,630,331,488,228,912,572,253,517,979,730,714,18,653,85,433,525,782,584,388,723,799,956,924,436,713,266,180
318,934,663,918,960,445,154,891,570,187,275,135,528,720,893,617,514,618,579,380,546,934,463,487,459,217,814,624,34,81,56,468,792,338,359,528,56,268,753,923,886,611,39,429,437,913,668,62,91,385,624,255,251,394,236,439,711,846,161,580,206,177,73,468,596,184,444,537,314,509,32,832,482,437,67,914,874,151,166,204,894,386,877,872,742,995,159,194,371,305,30,248,516,747,469,556,25,507,217,939,649,7,999,781,206,588,780,290,636,273,12,543,135,911,447,452,964,137,27,103,267,189,55,797,799,118,996,612,585,694,893,607,880,145,453,763,190,552,810,770,166,709,280,481,999,216,183,616,526,31,31,476,451,941,671,184,982,985,603,128,469,405,803,351,362,497,58,923,814,689,706,890,698,3,661,724,539,763,587,921,481,220,355,296,21,945,11,923,593,15,669,787,714,902,625,131,741,524,524,134,256,630,618,794,748,878,954,655,725,762,976,337,286,499,818,218,280,181,514,426,41,922,79,675,210,391,19,47,724,887,196,584,61,666,847,706,309,661,793,264,304,939,921,366,552,457,689,395,590,275,764,378,521,678,823,138,123,183,835,312,161,262,438,129,259,660,477,579,29,192,803,625,114,2,321,926,526,245,262,38,567,568,911,86,943,940,819,693,818,340,263,595,797,579,0,639,973,633,192,167,604,302,476,413,845,968,559,223,516,496,651,423,392,929,348,671,351,171,760,269,734,491,268,328,468,679,29,276,559,498,292,423,941,94,118,72,863,603,927,947,941,430,620,971,923,303,866,132,81,331,899,32,731,872,800,720,428,822,113,250,321,481,492,304,388,86,46,341,295,341,365,531,373,426,351,21,709,38,834,765,520,62,140,36,698,521,262,738,403,319,528,526,870,234,340,969,739,888,390,318
173,214,907,583,738,930,275,752,57,583,548,254,262,172,837,970,784,710,93,885,503,596,961,30,427,764,386,616,132,400,933,809,169,920,689,773,783,593,559,59,829,542,430,320,782,337,29,427,602,4,73,815,919,30,582,363,362,700,514,795,476,199,209,475,718,710,952,792,263,188,615,349,990,481,366,505,470,183,749,415,539,901,521,302,924,643,622,149,421,670,54,345,720,255,170,603,202,122,634,590,851,285,937,466,305,616,38,825,918,509,748,83,537,610,757,422,771,599,91,476,64,143,791,487,417,648,645,870,447,732,682,166,549,451,682,59,757,540,422,531,610,719,346,67,265,319,792,505,370,437,829,440,133,163,269,791,106,809,232,296,652,366,110,772,942,121,621,81,540,846,306,500,609,572,107,690,981,88,456,170,901,411,570,790,375,708,510,219,269,966,10,419,966,834,919,386,142,410,543,275,75,417,226,950,701,757,309,358,295,406,702,912,370,990,301,150,260,727,964,601,795,886,356,626,771,329,874,122,254,467,681,145,835,747,788,307,764,56,258,897,850,490,838,386,803,308,987,910,373,905,705,462,434,124,652,479,802,488,238,745,597,130,431,643,435,561,670,343,736,700,375,655,231,637,259,257,113,741,457,807,367,152,507,417,219,378,136,903,871,31,421,491,339,676,4,878,434,914,936,112,677,686,58,414,453,805,83,74,622,69,705,734,556,282,168,4,963,674,841,29,751,519,467,341,646,374,151,888,906,469,60,206,734,539,630,967,39,917,69,953,78,613,117,21,450,511,909,675,324,502,774,831,150,340,613,187,926,314,43,228,818,655,507,205,701,870,848,198,512,170,4,461,399,898,572,989,843,582,619,22,248,499,244,989,700,787,310,39,867,312,661,852,403,312,762,868,414,960,167,912
721,112,930,510,94,430,92,172,107,12,12,596,536,892,342,356,591,562,899,275,332,241,456,536,59,46,978,116,296,861,808,688,248,654,365,880,263,585,641,256,820,855,425,118,833,31,15,607,501,332,681,591,289,126,475,597,239,471,480,475,337,773,849,616,348,791,276,756,414,419,755,103,310,666,23,238,631,471,952,183,85,842,879,311,53,646,408,712,571,12,78,35,278,826,654,148,70,396,691,592,554,870,125,767,428,326,413,936,70,720,927,912,635,663,805,10,624,882,353,575,892,314,919,842,416,972,790,995,222,749,883,229,447,627,148,75,961,356,771,608,96,684,431,468,158,549,368,720,249,878,536,209,738,392,825,627,406,579,255,0,855,427,129,36,312,174,960,441,56,195,929,952,584,0,280,543,127,639,676,801,605,391,894,797,776,533,800,938,123,856,45,488,202,411,605,866,781,869,664,545,45,83,784,543,567,179,233,617,573,981,950,234,216,553,541,414,568,327,689,172,177,26,776,105,730,189,667,285,13,483,998,787,552,531,218,732,678,905,607,835,222,899,184,224,430,596,274,221,63,509,707,11,489,944,567,9,438,33,477,707,138,669,4,891,953,907,428,49,586,68,875,750,553,602,695,855,651,483,496,964,750,26,521,123,27,444,373,966,594,552,26,126,578,452,61,23,481,832,674,275,85,733,953,573,404,154,723,682,85,32,987,328,367,291,751,967,312,941,595,817,379,461,196,559,907,300,235,188,820,143,702,981,247,407,610,512,671,68,139,370,255,436,893,65,74,969,784,371,843,375,728,901,711,948,342,14,854,151,366,666,845,431,631,525,375,702,586,682,723,96,231,767,212,42,870,785,276,25,628,417,505,90,366,7,389,719,228,187,155,228,674,434,886,896,52,411,577,585,74,576
554,367,469,581,81,67,99,287,630,629,64,247,999,113,335,575,139,174,711,979,810,800,599,979,614,197,243,824,394,752,682,766,957,303,69,897,451,29,680,881,813,830,669,730,495,377,862,29,827,1000,276,962,518,849,177,121,334,553,626,682,36,496,29,386,216,614,981,78,992,215,955,327,119,518,337,25,885,553,598,401,755,31,716,61,685,621,902,326,909,459,35,403,210,762,63,280,30,474,557,139,113,78,322,168,844,428,336,660,420,825,704,370,355,235,56,310,805,840,619,466,980,49,42,125,383,403,253,997,976,776,461,520,996,375,355,105,391,497,831,855,105,285,666,99,274,73,834,666,746,175,207,365,261,759,387,734,680,446,792,116,881,460,864,368,148,846,977,799,316,403,850,710,741,346,745,115,103,648,502,100,127,243,289,587,895,906,388,113,576,708,576,654,416,949,937,204,15,94,493,726,265,548,310,596,130,128,920,601,219,992,722,757,134,672,197,17,846,248,835,401,347,782,504,754,528,684,217,761,731,572,444,362,417,557,188,309,164,763,702,228,380,959,628,78,965,69,434,187,637,21,261,354,408,392,630,305,992,808,953,499,186,647,829,503,2,136,916,871,60,733,485,36,124,726,41,524,42,539,949,366,678,37,153,554,724,979,126,427,165,219,601,529,786,675,982,701,333,801,61,512,542,922,556,875,636,666,769,471,533,673,649,856,713,754,967,593,316,453,288,499,919,877,440,57,559,776,876,480,843,50,479,314,449,299,54,219,685,355,889,124,478,806,693,836,572,788,911,69,939,639,2,464,92,125,611,907,178,418,649,629,762,919,365,221,266,641,75,470,931,381,161,600,300,495,607,712,745,80,289,602,772,362,272,215,169,890,303,270,481,129,983,167,479,238,735,760,917,849,148,313
777,11,14,719,268,592,177,799,419,56,657,131,376,589,655,360,901,258,187,640,536,885,550,990,654,870,978,820,303,359,30,186,905,672,787,325,364,705,635,88,477,243,717,294,738,301,881,52,279,268,311,302,737,840,571,308,938,726,18,188,525,964,849,800,907,601,929,331,296,573,149,141,617,350,347,127,119,922,314,253,589,168,606,947,819,420,497,731,366,6,875,847,863,125,651,709,724,141,61,529,600,177,330,57,396,903,996,819,242,951,294,719,986,852,17,729,764,78,448,342,252,37,889,294,547,463,900,967,992,110,397,232,169,7,191,625,402,422,248,592,510,473,79,992,522,326,292,24,636,85,37,775,624,717,328,406,430,891,224,683,271,860,291,476,549,325,265,94,246,762,811,981,434,942,177,985,559,898,725,161,909,438,121,217,197,14,220,240,935,67,433,146,544,128,591,85,216,105,360,111,224,115,468,642,463,956,882,220,738,418,623,637,171,734,996,123,999,342,687,927,189,918,942,377,257,469,322,410,528,681,726,328,770,170,354,189,55,833,743,66,285,283,966,367,683,882,732,802,518,52,850,605,532,824,947,554,336,18,3,207,608,259,863,300,559,14,215,668,164,710,474,865,837,20,690,958,962,350,833,71,748,38,386,149,966,173,871,121,998,236,60,283,714,605,635,252,687,717,683,562,329,968,906,820,128,756,281,753,970,202,97,34,844,444,219,775,526,697,428,943,154,714,624,414,744,937,468,952,804,965,531,704,972,292,79,728,620,903,29,35,788,524,43,969,80,989,709,742,746,892,347,243,795,696,592,509,570,214,102,579,938,959,488,385,445,100,872,1000,337,55,256,611,825,217,348,127,405,982,163,124,87,944,782,759,150,592,415,520,111,200,884,979,28,431,532,815,196,829,975,797
899,687,587,378,822,537,647,447,104,445,277,323,759,979,179,505,458,611,503,610,796,323,455,204,361,445,53,923,811,357,906,24,684,861,327,871,74,18,969,775,767,237,586,668,232,100,625,428,924,118,792,51,519,899,799,953,724,974,211,107,599,673,276,797,620,516,709,912,9,686,57,658,934,999,27,317,130,876,186,556,803,866,832,84,383,580,583,589,1000,213,747,387,69,759,289,659,141,721,655,366,628,94,981,587,712,339,469,693,694,396,207,438,707,594,878,671,945,805,904,815,243,765,506,754,859,99,3,37,598,758,73,672,843,752,99,293,730,686,996,626,339,986,37,966,270,579,650,634,989,298,680,208,587,208,733,788,673,90,698,741,32,172,35,441,262,518,771,796,123,215,573,305,927,600,604,193,486,20,50,723,737,604,525,565,75,928,309,384,844,724,909,52,462,911,996,311,293,955,763,240,580,752,790,99,408,556,817,298,961,997,312,838,45,32,146,436,630,986,265,844,695,681,767,757,441,258,130,872,301,759,824,206,612,874,280,463,860,591,719,924,144,30,220,249,826,662,533,825,390,572,175,33,716,94,371,597,990,63,428,926,3,461,242,775,662,552,582,617,523,352,755,418,279,833,438,773,187,17,845,787,219,565,231,792,167,393,840,569,114,660,915,455,362,857,59,295,928,737,485,758,872,36,678,107,932,681,97,809,174,813,561,297,123,532,732,294,260,229,239,144,59,891,976,621,87,208,641,420,1,937,697,346,231,563,79,966,61,960,454,263,541,748,815,881,52,860,317,869,639,697,901,554,730,490,278,202,69,817,257,701,664,678,556,159,494,585,969,184,973,261,338,30,128,70,357,530,881,646,513,215,611,349,54,565,751,567,155,673,442,560,426,595,660,234,444,74,396,368,658,351
65,470,975,558,664,680,299,188,230,419,970,404,866,502,906,0,64,117,893,762,675,98,673,441,249,275,751,914,955,44,81,976,252,709,772,975,68,360,132,681,250,691,379,34,604,866,124,681,968,253,697,440,400,844,48,735,537,869,407,655,235,705,415,393,809,214,629,518,871,355,181,169,277,250,927,31,209,422,380,364,527,364,629,529,648,773,182,160,477,960,51,188,177,344,642,933,304,882,120,267,165,137,419,836,947,928,919,660,647,245,726,666,785,752,843,598,591,665,589,528,192,674,129,219,191,347,657,21,344,332,141,749,752,979,369,40,181,592,28,204,963,858,56,264,114,943,125,912,761,324,246,265,619,979,613,596,893,641,651,338,421,212,376,730,443,9,723,40,512,105,401,593,844,546,753,252,259,346,462,31,784,285,2,537,277,63,833,138,55,779,249,419,992,604,200,537,63,831,836,809,560,256,328,333,496,847,559,340,405,428,275,734,961,625,760,363,211,414,274,266,168,154,247,980,267,814,505,883,28,80,676,334,677,822,875,265,904,443,214,373,373,442,888,948,246,157,525,175,811,414,279,385,387,972,720,659,862,228,989,120,466,981,199,347,679,268,300,737,170,890,623,801,302,402,983,329,696,522,567,589,909,339,366,411,419,895,85,455,965,372,565,668,872,438,979,508,197,174,248,490,611,1,301,980,232,680,375,228,548,70,702,437,153,599,838,316,335,340,214,537,898,653,99,20,367,98,57,129,15,135,558,415,575,256,514,826,502,738,50,688,583,887,590,413,288,45,570,628,302,191,642,811,602,616,750,447,553,601,367,346,362,516,981,974,879,86,402,847,868,745,2,258,491,776,558,496,248,134,556,999,857,757,590,618,555,699,822,877,949,977,818,746,896,995,390,800,660,264,736,627
937,655,886,837,726,386,756,572,560,645,84,433,792,649,372,144,352,402,508,282,540,737,894,125,296,835,898,406,347,499,436,894,817,395,944,955,821,145,910,495,992,424,952,529,456,948,119,452,965,346,55,955,173,97,669,923,604,385,177,93,156,155,725,172,375,980,327,712,256,790,937,713,346,660,482,643,361,566,872,548,935,931,753,341,668,495,621,595,293,657,762,905,544,104,912,556,161,387,429,94,429,935,292,711,221,69,497,782,392,592,18,125,92,128,167,576,343,606,312,55,467,768,62,887,51,826,589,382,816,792,219,95,918,637,451,27,710,114,46,186,535,705,883,586,243,375,739,104,870,57,858,578,948,644,386,760,825,766,991,200,477,597,498,280,378,391,212,957,784,504,859,741,982,746,415,50,37,638,899,859,497,887,906,963,933,195,751,489,997,916,243,590,583,834,307,579,881,924,30,653,48,187,857,347,544,126,641,346,438,337,877,289,12,731,286,269,168,269,601,872,46,41,719,460,885,902,738,802,824,176,548,83,303,846,826,287,935,257,988,717,907,423,885,143,501,369,263,883,636,803,808,982,573,757,201,914,664,62,856,794,865,856,923,116,861,771,105,773,125,134,33,616,202,367,158,420,959,699,811,51,222,298,851,518,350,617,163,504,755,867,521,942,762,195,560,645,551,60,202,306,500,183,288,205,11,136,580,781,818,347,207,539,852,306,737,1,361,920,284,720,574,220,309,774,341,599,211,154,252,523,417,883,728,783,562,534,750,587,631,885,978,772,99,733,206,974,581,123,979,9,247,172,501,339,579,7,868,500,860,252,879,545,253,736,921,792,334,178,449,233,100,487,470,391,320,901,229,661,646,527,51,387,78,763,577,235,871,168,5,556,495,791,299,517,468,642,210,448,912,319
450,591,745,248,292,118,792,34,818,788,69,49,365,736,234,748,478,526,647,670,783,48,967,224,639,830,58,864,211,307,96,715,375,571,363,687,423,505,93,967,75,863,764,264,907,912,782,472,475,636,883,615,501,972,287,330,219,148,348,427,172,672,790,621,786,61,48,480,36,955,762,446,402,930,573,49,586,527,313,767,238,355,610,617,841,153,489,530,816,312,676,481,441,422,557,753,684,767,59,405,251,582,235,781,481,680,895,376,869,941,951,772,60,620,490,51,965,582,747,572,967,609,239,617,139,983,797,593,119,955,5,669,345,32,416,193,546,226,750,477,466,506,467,797,136,234,191,621,936,561,757,124,7,606,922,368,564,331,988,543,253,704,76,627,471,677,19,969,122,670,222,316,331,522,947,58,88,23,459,611,172,452,905,933,77,142,36,22,603,473,496,362,301,260,140,312,300,963,337,735,984,263,950,444,285,772,947,352,612,857,155,150,97,706,362,934,306,828,415,724,579,375,816,131,54,121,859,818,95,825,887,784,622,735,214,531,531,675,704,580,971,869,435,385,877,564,680,363,661,182,269,268,77,739,225,85,487,771,326,575,15,331,625,522,107,409,414,150,690,961,119,915,941,862,651,22,786,700,211,900,701,560,970,948,861,883,758,600,597,252,548,722,334,831,882,631,185,43,238,576,865,979,730,925,969,653,367,711,928,572,311,970,932,159,772,858,742,290,705,778,468,938,613,48,15,661,451,42,69,89,375,174,647,518,638,434,847,94,992,217,894,4,218,265,716,10,464,861,913,175,654,130,753,937,332,871,594,392,477,884,24,897,483,800,472,482,568,930,677,521,870,277,164,433,815,507,398,907,661,979,194,782,79,737,648,548,875,128,405,678,240,818,358,36,321,105,244,747,43,886
683,22,892,104,172,839,800,708,589,591,816,581,856,278,69,256,323,869,200,525,272,165,919,933,210,978,773,736,505,87,754,578,574,672,394,753,145,475,155,760,453,403,535,728,578,368,622,407,996,845,597,598,672,655,633,106,925,963,294,820,393,19,311,754,972,640,672,8,582,831,14,899,989,118,327,623,982,722,141,573,36,961,919,869,68,423,788,334,630,840,903,804,182,770,957,323,110,171,474,453,181,145,311,18,148,442,999,1000,252,215,858,528,11,516,114,618,141,71,565,131,214,586,189,376,317,84,39,961,441,872,683,449,27,229,593,520,45,878,82,897,333,508,904,521,28,909,624,487,57,78,780,610,482,883,159,225,85,324,280,811,788,857,443,51,685,259,178,910,490,236,278,366,965,632,364,459,359,421,409,595,351,991,541,26,51,677,881,78,414,67,834,129,212,203,6,935,214,405,972,466,360,957,866,489,324,458,457,787,799,568,799,342,924,852,95,117,168,80,901,853,268,576,330,103,546,869,13,772,686,418,169,704,538,643,868,450,400,232,657,361,766,383,257,234,560,2,257,891,16,372,454,70,325,708,129,121,270,306,414,148,161,386,896,281,181,174,600,788,422,342,165,1000,586,805,869,639,49,841,964,627,997,717,312,443,515,121,715,918,226,570,507,505,527,971,579,289,901,137,509,656,80,752,429,589,48,595,487,183,65,564,967,446,863,738,535,860,464,626,273,795,358,282,697,270,736,672,247,147,549,728,483,788,364,290,327,787,66,741,10,865,473,769,619,292,421,259,231,233,685,61,894,837,721,356,846,5,127,296,386,575,930,432,965,636,528,866,903,715,363,325,294,894,933,550,535,731,658,11,763,757,491,329,312,969,764,778,348,277,663,470,679,330,231,985,626,435,652,168,397,963
255,478,255,735,530,645,426,151,793,674,50,203,451,259,63,83,737,964,200,38,265,461,400,945,872,723,224,216,970,682,752,665,585,186,155,242,189,919,155,669,174,597,916,565,971,442,644,990,776,774,961,930,300,893,605,928,558,155,500,428,73,113,309,432,312,400,127,133,806,809,330,508,160,65,647,922,649,564,445,385,568,590,257,796,121,505,119,153,295,902,253,526,547,21,254,916,849,675,525,450,720,665,712,507,990,913,183,70,544,666,575,377,843,92,301,934,855,236,751,166,557,215,755,985,580,136,657,404,999,26,118,377,485,878,994,56,928,89,813,306,508,421,599,620,241,891,832,840,90,831,971,979,857,287,36,738,930,698,350,266,650,522,846,638,496,998,394,805,772,536,56,411,447,97,59,724,66,815,194,409,233,685,21,719,287,31,846,338,287,488,788,480,36,758,683,430,960,905,136,603,550,482,680,965,641,207,737,213,295,958,417,566,222,335,919,185,225,397,128,352,808,369,188,118,571,89,704,10,112,118,549,434,205,717,273,138,874,248,422,509,286,1,397,821,793,755,850,717,698,589,894,961,483,114,118,277,787,857,65,75,960,304,933,898,482,646,288,644,858,495,917,82,884,906,448,91,67,769,225,174,722,696,86,378,991,966,404,715,417,219,126,402,700,170,490,433,82,239,542,979,999,735,187,288,853,604,57,84,297,409,381,282,993,468,394,873,615,405,148,615,549,965,304,305,473,923,908,461,653,487,767,291,420,391,555,938,16,258,863,872,807,480,882,122,284,575,320,433,768,920,962,103,673,976,299,652,324,36,829,681,185,977,322,333,814,304,968,731,542,516,110,16,454,134,984,174,863,896,439,163,168,451,22,777,627,85,48,878,219,39,960,689,222,977,943,743,167,79,980,655
317,441,458,475,581,614,73,725,606,525,347,365,904,70,991,775,145,839,609,615,598,931,662,867,487,844,669,815,50,809,620,594,769,521,978,178,273,569,901,762,294,425,633,564,316,246,380,856,283,784,7,158,293,422,545,439,571,332,860,143,887,901,164,967,603,898,41,411,582,485,659,865,179,468,195,651,798,567,853,687,437,323,450,684,69,460,498,517,670,895,454,929,938,581,549,3,491,966,948,937,719,376,773,68,594,781,806,430,567,188,147,674,47,627,679,863,220,645,488,898,68,323,747,122,427,905,996,70,906,168,849,519,418,345,890,889,665,588,367,425,37,914,480,861,11,471,929,759,761,597,57,998,494,537,964,541,678,578,503,498,552,255,597,626,32,261,577,10,52,517,898,507,496,697,974,950,331,995,912,679,78,450,269,53,350,695,815,710,188,695,826,424,832,129,134,665,632,677,564,618,389,251,823,771,879,532,639,712,980,205,552,337,846,652,140,65,941,592,10,50,236,322,119,707,156,796,865,519,65,860,837,851,225,366,777,332,163,813,999,978,869,108,114,682,88,583,697,35,427,449,991,643,910,308,39,331,646,788,348,254,1,659,613,703,858,728,236,231,227,427,103,583,846,820,416,783,608,805,484,455,145,77,822,776,194,118,810,603,72,888,516,148,856,884,393,95,813,553,852,952,972,145,359,403,615,832,699,274,594,92,739,152,27,897,28,200,300,657,412,659,349,708,199,659,863,790,937,350,66,213,954,843,587,776,799,566,359,960,410,120,950,228,650,475,992,692,376,958,813,262,883,496,916,111,260,785,47,245,633,744,631,217,16,27,158,865,472,413,284,935,135,950,352,649,453,209,624,205,772,541,76,86,943,79,679,654,788,517,37,552,538,66,522,44,374,70,86,7,762,313
467,758,0,6,747,992,102,840,183,916,183,92,673,952,448,648,974,781,694,393,174,444,643,786,372,801,865,699,808,938,664,799,842,178,29,800,760,242,884,486,168,850,779,643,82,654,515,110,365,600,874,297,321,487,409,277,309,163,188,654,823,206,69,70,733,757,588,362,535,609,395,986,192,668,955,308,615,892,436,526,66,183,352,759,770,818,219,437,864,796,753,249,643,812,389,94,374,529,907,571,265,248,770,599,697,281,253,210,732,624,631,631,279,454,785,967,166,892,536,66,165,706,319,271,858,732,654,897,747,123,448,581,678,18,39,366,397,350,634,310,659,113,719,187,124,687,246,731,559,891,582,403,658,566,276,369,763,718,751,25,257,399,581,67,404,667,783,548,402,232,565,449,763,85,906,639,983,477,377,645,973,460,884,715,481,14,344,643,383,316,125,75,174,199,220,314,88,53,549,439,285,178,749,487,411,843,900,631,446,959,401,921,330,158,593,897,189,602,621,227,928,361,471,327,956,409,925,566,524,395,997,500,750,733,915,593,220,907,376,762,139,419,555,300,178,316,762,347,5,730,205,701,644,570,647,132,508,950,29,290,772,84,383,760,689,294,357,187,980,653,564,178,698,578,787,372,149,993,425,322,278,698,21,995,777,927,904,551,76,525,258,778,617,536,387,315,794,293,961,697,393,800,297,948,563,554,541,320,776,861,145,284,623,516,227,858,937,811,62,280,558,5,857,181,150,736,221,370,79,771,153,57,435,925,139,837,485,541,534,719,710,746,400,969,410,792,963,666,780,758,352,309,203,206,433,356,284,738,190,749,404,574,83,208,860,702,22,765,50,442,34,280,10,930,950,529,441,104,45,337,675,492,832,953,610,8,826,884,35,822,439,550,502,100,339,473,668,640,744,435
945,267,488,37,502,436,546,261,552,333,935,742,399,463,955,795,626,251,953,715,281,817,429,555,108,272,7,46,497,696,745,340,105,6,787,841,756,987,438,519,446,263,422,934,33,162,948,995,471,970,721,762,642,408,127,82,959,710,432,660,886,471,809,407,508,384,756,782,127,544,108,929,767,520,275,195,312,669,315,989,934,407,277,535,553,387,476,787,475,659,587,496,102,499,98,881,267,914,735,854,890,931,701,44,453,425,424,370,860,494,12,160,441,387,244,774,538,308,266,527,91,137,107,671,98,323,619,867,983,912,369,694,322,530,416,659,876,438,760,11,829,640,139,389,685,962,974,968,567,823,977,24,80,501,138,147,283,695,326,655,104,78,385,192,709,414,106,70,407,68,97,44,735,508,532,230,574,559,246,300,716,666,16,546,335,286,129,21,792,432,306,741,676,695,234,917,715,247,638,502,558,82,136,270,753,221,601,972,426,467,17,94,415,901,531,104,632,167,117,835,367,25,486,258,845,551,410,536,103,317,47,586,164,342,222,192,134,515,348,413,647,821,480,662,313,586,740,120,708,875,458,108,416,912,818,468,593,495,483,695,845,268,558,194,686,11,106,567,370,549,434,450,749,227,41,519,980,914,157,761,47,22,465,457,838,505,357,783,61,257,560,166,699,87,369,394,169,74,602,208,829,176,720,500,590,951,191,257,150,234,856,375,740,711,338,323,999,10,214,481,282,592,394,464,748,520,435,464,893,187,222,690,338,123,881,434,796,608,155,896,738,367,223,581,936,406,135,146,757,904,429,852,556,188,542,917,283,62,160,740,118,498,285,817,477,362,331,812,113,167,561,920,149,306,167,420,786,701,367,916,822,859,324,171,158,683,214,259,795,958,752,204,76,556,456,257,228,717,127,852
367,593,736,606,415,195,765,716,218,489,928,306,634,488,423,6,313,388,262,311,637,6,554,265,260,762,191,671,810,123,763,478,484,145,507,990,0,823,633,780,965,877,37,631,348,874,104,56,38,977,690,310,731,29,150,325,130,531,513,533,442,628,131,517,864,60,309,818,404,179,347,760,404,740,464,927,1000,197,700,193,778,388,511,68,430,376,838,467,616,312,586,434,538,872,800,328,723,816,470,40,1000,937,324,126,975,566,124,343,979,868,443,21,901,656,596,373,225,690,769,987,409,629,32,218,388,324,797,14,370,490,208,947,407,113,48,196,311,439,161,367,972,28,935,872,895,178,222,616,638,349,324,660,867,85,591,334,576,835,730,298,592,347,831,310,247,897,646,930,39,176,723,532,244,655,740,482,620,300,537,889,368,267,2,234,24,555,156,332,746,516,320,742,751,791,858,476,453,168,574,693,879,610,845,147,711,431,264,70,727,801,13,671,96,701,552,431,285,126,264,162,335,309,432,696,385,253,651,912,628,835,908,138,837,298,279,627,26,513,832,750,641,565,162,217,687,799,170,203,453,857,403,637,211,654,943,526,260,515,454,857,575,723,173,84,471,194,896,133,479,536,987,113,53,389,234,66,984,397,589,966,703,839,159,621,896,195,717,992,933,577,943,29,835,442,804,907,483,160,304,775,754,246,630,907,341,65,496,801,638,611,323,799,449,673,390,308,436,939,784,172,543,840,702,393,317,410,626,897,219,284,980,433,48,583,179,687,787,622,749,214,600,25,387,916,532,741,929,438,666,364,196,567,823,616,956,699,973,517,197,645,269,766,543,614,677,82,8,174,198,340,144,284,129,501,943,744,30,884,784,395,780,635,391,733,925,321,925,254,682,762,217,468,723,800,943,655,474,663,818,693
569,684,867,739,160,58,793,688,867,216,197,471,278,3,908,448,139,807,922,136,85,725,0,768,585,760,87,441,885,689,203,972,919,680,877,31,547,135,270,599,321,233,598,306,523,703,715,734,758,860,414,1,244,532,964,802,865,455,816,81,74,448,958,166,165,758,4,882,248,152,569,344,551,737,535,972,235,495,991,283,734,588,456,626,115,424,401,134,473,163,355,351,129,272,617,714,86,479,25,870,779,828,94,102,460,338,864,547,901,459,674,503,932,652,380,164,461,218,91,596,679,539,765,691,766,808,604,449,282,444,19,943,473,294,948,691,29,952,533,115,879,672,721,262,509,449,271,784,953,272,749,273,444,179,854,307,143,983,500,562,121,257,976,539,651,272,684,944,121,540,58,53,189,788,326,826,664,318,182,254,166,183,847,391,217,223,812,615,489,491,976,692,571,107,733,246,731,792,880,608,368,1000,327,931,663,84,68,308,149,614,429,140,565,735,691,577,630,939,907,102,726,144,253,202,689,207,639,103,319,229,804,469,288,369,639,925,877,139,166,52,842,772,824,932,43,214,526,85,478,593,196,836,906,509,509,502,356,562,177,388,371,267,37,116,97,48,46,52,150,629,991,44,648,391,489,698,990,483,97,15,187,306,685,536,338,674,606,310,908,733,163,502,951,947,39,641,825,669,398,389,828,47,226,110,709,344,122,693,284,764,263,564,586,731,887,817,50,870,478,329,999,797,854,63,458,948,5,215,479,510,89,646,177,626,573,230,744,367,84,373,107,814,815,408,388,713,580,901,760,554,602,728,730,123,122,924,412,962,856,381,356,421,401,847,150,307,544,588,487,768,44,541,77,960,554,679,74,280,105,825,353,309,804,325,19,967,334,146,234,713,830,89,974,91,292,765,161,572,827,126
491,757,816,772,431,848,561,312,882,345,176,819,666,74,42,2,807,897,418,743,599,703,889,259,115,609,860,351,27,821,674,1,286,590,306,735,593,754,844,625,609,258,568,483,110,552,732,547,181,809,358,39,359,768,559,489,945,113,794,43,633,696,268,160,251,615,569,80,965,985,846,282,307,633,574,830,315,507,487,554,239,656,41,519,849,239,662,494,175,858,358,924,116,403,896,676,765,527,641,37,533,172,167,552,818,689,524,982,511,277,917,968,541,387,62,315,723,255,197,800,133,806,41,644,328,796,619,209,723,26,92,850,703,896,283,220,579,83,851,647,49,308,508,145,475,374,18,645,287,44,665,678,423,661,378,216,177,979,815,871,445,250,311,209,448,673,363,207,167,540,785,801,355,553,548,235,402,361,865,989,961,404,82,992,367,534,625,31,998,47,383,361,592,694,998,962,432,239,522,662,183,290,769,873,687,27,396,332,282,854,861,869,940,669,299,814,297,345,593,990,950,625,931,867,18,490,863,314,192,658,96,487,74,634,773,849,296,773,599,364,374,40,521,395,919,125,736,124,155,258,782,917,721,467,442,432,688,562,559,313,307,100,627,52,784,748,484,379,967,886,464,99,930,551,844,382,236,546,582,407,97,881,853,614,410,441,744,779,621,259,660,871,658,178,755,300,192,369,324,85,909,974,256,325,600,447,113,848,591,595,836,490,749,323,44,566,237,355,279,212,190,426,104,101,984,852,660,94,195,808,574,73,726,58,677,611,154,655,229,553,84,90,667,627,438,528,70,902,141,39,296,418,931,545,462,405,135,129,349,530,932,50,250,228,955,765,459,740,346,677,864,424,279,105,629,47,115,582,554,262,691,734,734,590,286,732,107,998,835,594,381,547,809,521,828,537,204,463,395,845
848,930,477,883,933,738,28,512,650,438,587,227,158,73,100,35,57,506,457,753,650,616,398,632,828,58,492,116,350,149,860,809,572,312,244,765,982,27,116,661,267,316,310,669,211,60,902,634,723,770,655,89,297,113,812,715,814,486,240,321,248,348,150,340,338,770,418,29,82,838,190,597,474,926,466,820,462,155,299,391,809,438,723,563,1,26,914,27,221,583,40,515,803,970,730,982,987,829,58,454,131,760,525,93,763,834,421,963,817,935,474,106,608,730,147,703,703,970,289,862,686,739,361,410,139,440,795,289,441,15,544,171,935,582,718,470,964,671,854,718,351,391,543,602,381,837,341,911,686,500,9,677,481,640,79,224,184,488,614,423,878,705,751,94,690,372,18,546,920,390,543,31,210,608,593,642,787,1,840,254,465,4,820,40,198,194,278,926,547,121,524,464,620,598,747,553,186,416,866,804,892,697,882,807,423,867,165,940,822,701,330,33,97,921,783,904,642,622,667,508,658,778,20,329,23,687,175,526,904,502,939,748,926,458,453,286,437,431,924,380,463,81,331,896,728,669,760,289,188,705,490,861,830,823,729,796,579,207,81,640,608,847,95,566,971,468,103,867,494,769,482,747,306,58,564,252,912,320,986,396,184,419,108,816,702,150,625,567,507,145,469,581,647,813,835,372,713,90,835,90,689,811,71,973,317,778,133,514,255,750,706,571,305,675,271,640,429,74,731,458,755,573,374,740,655,141,946,166,754,696,78,692,558,513,797,286,588,472,637,837,151,430,924,121,814,286,639,76,181,479,29,341,588,519,428,499,706,293,827,144,233,735,790,894,420,216,137,466,141,221,601,949,690,340,203,693,380,957,843,369,430,162,598,292,49,584,41,78,642,704,514,860,154,163,614,671,866,197,50,742
738,239,674,206,267,463,992,156,920,761,705,218,104,882,609,293,395,698,354,260,221,296,845,363,567,720,460,526,853,876,347,282,132,285,122,134,803,615,632,121,839,148,313,447,86,41,367,756,788,52,830,709,919,956,865,139,691,921,187,35,388,516,862,765,579,945,708,187,565,171,710,656,12,454,30,511,962,689,993,455,290,152,814,264,917,62,672,913,49,321,781,0,385,824,134,159,636,415,55,918,441,634,57,219,683,373,569,200,29,606,163,135,821,359,733,616,3,320,169,130,795,908,557,899,756,785,232,853,207,436,471,727,592,594,369,304,368,125,646,470,712,817,489,668,563,186,304,119,624,359,725,350,95,197,605,487,844,630,145,230,624,592,296,496,944,915,627,23,841,688,109,242,645,981,679,315,554,913,31,673,252,234,677,511,26,466,361,681,298,75,916,442,874,986,558,802,901,15,735,534,456,91,395,646,179,867,254,877,394,480,120,95,594,601,284,25,493,614,178,331,24,957,111,70,794,482,137,583,713,618,513,592,619,171,745,806,835,89,52,505,256,407,823,618,359,372,557,417,655,390,486,547,776,749,411,503,866,380,344,129,662,550,660,89,488,27,460,281,958,272,285,736,962,208,817,466,914,603,244,460,449,167,333,115,881,194,401,246,102,707,70,943,880,277,335,462,235,845,381,281,536,860,178,109,632,97,648,941,851,54,635,675,435,229,229,19,54,777,507,122,547,770,820,679,217,963,926,318,500,620,450,136,645,986,499,89,532,896,112,302,487,384,142,226,107,275,814,550,803,760,864,822,599,458,464,115,989,451,865,489,912,191,607,309,795,437,856,520,754,640,754,204,751,65,677,210,868,207,682,264,18,258,668,515,924,131,552,829,399,800,217,922,681,939,183,723,234,792,723,698
976,769,812,185,420,144,191,440,882,145,188,606,763,769,337,484,943,839,901,464,75,906,701,588,388,771,934,651,577,867,740,779,593,862,660,149,480,349,231,85,830,27,934,783,954,22,54,613,844,430,440,986,589,626,343,246,668,126,296,707,714,229,844,584,212,756,48,799,772,183,333,244,942,980,279,1,292,82,919,221,399,934,987,69,877,580,647,857,902,286,515,371,622,272,736,394,28,726,34,787,323,834,223,793,485,259,273,625,435,18,969,772,142,235,955,717,76,446,537,670,941,194,86,609,52,50,578,127,91,232,382,507,697,888,638,473,272,970,744,660,252,428,544,747,958,43,126,347,599,782,719,923,869,880,769,964,289,654,397,558,102,942,650,298,747,916,91,737,425,122,29,586,496,55,800,666,127,347,193,885,320,727,946,670,785,100,577,726,537,285,948,1,824,776,708,831,492,560,644,970,100,308,913,978,480,508,338,165,400,564,404,594,736,356,804,955,684,844,844,930,537,328,246,909,104,143,648,408,791,845,144,764,619,955,60,69,364,752,533,519,932,63,847,793,732,901,501,730,545,64,678,522,622,20,919,127,721,711,700,681,409,804,660,37,372,383,988,955,966,525,365,985,636,128,54,863,439,560,721,613,331,966,474,114,281,274,870,431,872,24,401,213,347,317,346,189,469,649,720,48,259,268,616,732,905,411,62,929,338,21,91,320,383,13,471,269,571,203,6,529,93,135,584,627,815,357,209,768,137,992,931,685,434,678,438,200,384,451,532,652,634,807,617,561,10,374,350,305,255,813,868,502,503,267,68,32,300,255,817,527,291,987,76,952,752,923,221,254,162,439,565,565,759,535,179,871,847,725,109,546,45,531,33,888,748,445,563,946,130,923,805,53,136,238,24,610,490,186,994,82
103,930,77,140,889,412,222,263,596,728,624,209,666,391,731,459,939,983,947,983,409,285,958,617,619,112,420,510,807,718,218,865,936,838,76,271,178,902,90,220,596,697,75,767,462,795,945,651,130,306,812,150,100,656,980,685,863,73,838,326,133,427,560,125,115,499,754,386,529,244,867,574,852,737,66,598,123,311,269,309,849,691,675,441,135,442,432,276,443,780,401,111,150,351,923,758,575,706,136,842,723,545,445,315,735,325,389,238,234,749,584,620,260,828,888,522,865,24,719,534,290,895,817,100,805,905,72,576,98,388,417,647,540,60,220,166,808,520,423,190,873,528,295,214,724,462,80,674,56,725,963,836,213,370,516,222,552,973,47,745,53,531,602,476,839,17,648,574,87,734,279,636,213,236,151,110,701,732,477,988,537,752,426,699,126,534,524,445,716,728,18,860,685,72,657,639,120,891,128,151,788,328,716,496,689,886,873,621,457,807,478,436,681,619,820,279,925,601,325,914,377,273,700,361,491,941,819,661,98,771,734,423,318,467,99,316,376,506,163,230,542,861,999,393,193,687,781,773,943,110,976,712,891,560,715,348,129,380,821,259,681,933,448,0,983,262,994,186,625,964,214,173,566,123,418,901,775,887,298,239,935,194,257,653,34,80,819,570,431,879,420,465,285,887,919,150,121,546,214,765,818,982,567,248,825,90,500,374,385,118,330,690,467,197,893,159,820,381,100,482,818,90,774,335,245,6,414,44,980,675,650,369,575,273,789,83,538,582,528,145,482,12,312,105,932,555,241,19,442,261,749,90,51,517,533,809,796,502,610,822,765,109,278,326,814,63,569,807,390,862,793,44,303,651,549,727,185,28,867,621,243,699,436,173,686,45,874,499,76,82,850,524,635,269,916,163,717,36,844,982
874,266,625,16,618,821,384,331,670,791,744,584,788,311,281,379,219,3,53,84,333,71,879,678,66,337,15,438,520,808,959,317,785,981,484,364,153,500,442,130,381,100,903,909,934,682,515,669,658,315,236,489,6,8,499,962,96,76,607,951,158,724,384,851,534,726,440,503,439,582,624,961,123,818,771,65,273,35,226,538,149,839,173,763,796,150,13,933,138,7,930,179,400,774,360,762,869,451,399,554,737,364,286,68,300,29,733,459,548,356,482,699,112,952,221,594,537,745,111,997,369,252,873,597,293,758,748,229,584,994,623,969,26,92,77,832,331,15,483,543,790,808,279,974,771,623,971,886,500,183,673,475,620,970,197,636,379,269,153,223,432,500,190,261,848,794,595,607,544,247,385,680,267,978,402,332,314,846,237,578,642,314,229,946,204,897,966,199,204,203,468,533,938,680,819,995,633,298,892,576,602,223,708,46,36,622,639,283,876,906,754,409,942,45,270,185,981,174,555,60,934,486,590,137,651,77,493,63,93,568,862,235,913,202,56,518,794,515,750,186,239,382,700,227,618,378,161,198,318,195,200,467,49,816,772,985,867,29,531,339,908,518,614,520,30,98,532,59,563,85,780,428,165,94,503,221,486,832,946,519,911,14,33,502,999,156,582,738,855,319,946,763,970,972,471,681,895,574,816,706,186,253,388,438,832,753,850,891,446,834,839,174,744,555,578,264,939,413,669,729,671,122,153,935,186,906,389,58,487,62,926,894,581,503,301,681,318,531,263,742,406,840,422,731,555,584,820,605,641,156,34,508,8,753,413,659,587,298,203,895,621,818,244,674,596,366,364,795,753,971,763,79,199,327,488,413,205,906,359,618,222,233,382,70,116,472,233,238,874,545,862,916,532,773,934,564,164,544,322,667
372,29,930,694,888,887,192,954,107,753,776,444,415,373,947,59,847,940,634,693,754,888,899,803,218,159,858,355,97,768,215,988,164,870,468,268,894,741,967,746,303,740,283,960,698,382,183,391,915,856,128,112,381,474,583,4,363,884,617,451,755,110,927,631,699,983,295,754,714,605,752,181,505,111,845,835,3,873,381,517,14,290,358,385,727,175,923,557,911,866,230,742,547,564,638,111,889,693,490,347,658,800,609,974,19,540,18,428,220,599,97,765,772,359,641,821,962,166,77,646,159,210,131,123,26,386,605,264,137,377,954,200,994,383,208,622,3,50,509,849,558,834,766,411,63,599,867,167,646,413,469,873,570,864,106,962,664,462,811,95,801,826,849,204,66,200,360,676,604,105,21,19,374,631,949,878,80,200,957,526,672,358,854,584,726,568,110,746,934,888,708,548,776,262,598,537,824,318,337,82,521,778,131,789,639,856,946,683,878,389,783,489,339,60,381,265,594,116,490,423,160,59,992,558,776,382,613,597,453,303,796,888,234,617,617,897,735,842,386,696,829,347,564,585,466,317,817,993,807,17,228,108,465,112,240,539,688,424,760,256,674,240,254,157,417,190,588,204,667,794,871,937,332,811,404,549,637,189,390,221,655,402,882,845,153,524,248,373,17,295,502,455,101,710,807,461,284,146,616,882,663,199,174,220,389,124,587,236,3,711,987,155,449,282,306,656,174,899,379,695,182,822,517,651,216,182,474,323,546,238,839,36,644,255,13,794,646,369,215,751,744,749,53,352,261,184,96,566,147,358,20,297,509,483,870,786,420,86,465,635,961,9,781,502,484,977,213,632,621,966,710,512,342,507,717,594,738,727,863,706,407,905,221,312,156,123,14,907,984,442,39,327,600,666,725,714,434,791,321,159
72,778,757,114,204,310,64,351,666,460,72,460,577,432,574,559,149,711,692,292,433,140,843,900,989,428,849,15,926,833,63,909,1000,701,972,123,991,999,791,291,655,728,63,581,315,417,683,383,969,454,724,71,779,210,701,134,81,488,555,656,408,156,646,925,657,5,915,654,868,488,630,428,693,520,402,99,747,806,642,77,164,601,522,335,226,902,872,183,352,777,436,113,333,801,360,383,58,43,319,953,521,934,461,732,465,353,372,575,487,736,925,971,136,360,857,213,918,485,250,844,871,800,20,197,0,63,473,255,920,897,210,105,738,30,943,137,909,725,807,710,104,891,917,464,510,70,711,113,484,137,784,374,693,417,74,275,400,890,467,496,375,42,561,119,620,407,525,94,122,759,28,938,143,125,69,793,772,312,595,766,292,947,826,358,928,290,519,813,901,143,568,831,974,246,888,119,950,137,765,379,697,251,139,471,964,124,1000,545,356,919,185,191,727,335,725,636,141,869,515,521,75,958,368,172,507,907,382,413,198,588,738,627,481,242,376,970,752,953,489,119,979,332,759,951,412,778,568,363,594,996,681,997,13,469,771,489,986,607,127,894,331,170,134,270,572,765,634,483,414,608,44,703,297,873,295,494,443,94,380,520,592,427,951,762,994,823,326,797,361,484,309,373,202,31,583,187,730,561,879,222,114,17,755,871,197,627,962,242,863,977,183,549,146,306,384,496,768,700,32,375,120,711,480,74,333,660,566,990,394,654,312,427,490,540,680,66,174,878,527,34,75,813,529,646,820,262,177,904,355,303,164,870,119,609,962,328,621,790,518,985,336,863,858,762,223,287,789,78,547,284,722,276,484,203,732,907,88,175,731,887,101,364,452,254,701,499,238,450,542,670,936,260,456,75,903,957,65,350,759,513
685,438,448,754,73,664,397,670,240,573,326,22,180,79,127,455,610,891,967,10,949,288,544,938,686,455,719,920,511,383,33,564,709,307,633,474,27,213,87,314,792,784,815,652,713,528,877,322,801,646,194,448,285,59,451,646,253,577,523,474,352,527,883,870,924,96,56,452,564,247,851,643,997,93,872,847,368,453,888,891,131,460,650,338,566,142,667,966,298,556,311,495,679,428,755,81,919,31,205,488,720,565,837,821,578,648,344,365,30,227,729,204,635,984,12,19,608,319,542,871,856,825,890,266,800,531,848,991,354,941,32,564,807,972,729,519,449,936,604,535,575,81,300,549,80,784,605,545,17,469,984,911,239,184,902,355,800,258,848,105,677,987,380,331,972,87,538,334,46,194,573,995,210,874,214,618,934,393,849,295,688,784,970,367,212,956,148,30,310,504,171,11,897,918,958,613,669,171,421,423,544,402,630,729,828,691,746,521,34,7,85,908,94,694,722,570,630,880,30,316,374,432,719,195,747,122,413,468,456,954,783,641,274,102,906,317,838,248,255,875,545,184,900,912,524,143,290,755,958,717,66,32,357,81,702,393,54,969,294,438,675,463,461,199,952,894,715,398,263,570,29,272,688,499,862,299,468,36,251,370,969,889,173,466,553,7,851,16,57,982,990,279,648,532,650,316,725,13,131,635,822,564,135,35,834,117,563,461,600,450,920,433,425,898,765,782,416,54,159,544,657,656,284,999,540,712,83,191,132,28,508,758,552,171,147,856,387,79,990,673,778,670,593,833,841,432,381,8,214,432,170,691,88,243,836,277,97,397,170,266,610,569,969,247,114,313,323,244,93,835,959,92,268,850,458,524,832,724,215,478,835,347,87,133,553,306,209,546,832,272,544,204,175,563,799,372,687,578,144,632
516,319,218,15,328,601,61,308,718,106,748,222,635,882,101,226,136,771,835,455,488,164,228,931,422,270,264,100,134,264,217,691,663,803,912,598,447,629,231,95,35,730,234,558,602,393,138,676,611,230,742,194,550,661,954,829,986,846,554,102,300,546,353,666,313,802,923,379,157,571,215,570,92,456,949,678,707,36,369,373,903,274,408,320,222,686,859,568,669,695,971,443,397,914,123,689,109,313,546,915,43,563,404,172,562,58,570,901,635,151,363,594,297,477,303,306,421,8,325,375,754,827,945,624,40,725,663,914,677,489,143,902,206,630,195,369,442,73,406,690,109,94,740,846,137,668,251,359,433,202,928,377,647,764,515,926,494,588,956,247,453,579,592,45,863,781,822,522,392,705,40,699,663,698,660,273,115,552,536,368,624,43,477,610,617,425,806,777,446,749,401,70,351,23,129,333,533,650,323,708,179,882,506,913,441,145,181,736,316,860,895,839,291,534,587,145,867,741,618,199,531,225,356,819,404,958,1,913,393,320,190,349,38,232,805,79,683,296,500,232,548,560,772,125,429,817,853,676,461,760,532,161,602,260,398,699,446,863,626,27,97,894,901,854,36,727,109,509,158,94,624,663,731,190,540,681,994,853,133,853,41,314,506,700,678,969,751,762,110,774,111,960,652,33,869,451,378,478,716,11,685,436,574,805,985,892,668,450,369,931,348,334,867,910,630,665,661,621,370,692,647,973,603,625,345,412,83,357,720,495,519,280,118,861,714,910,131,557,769,271,700,755,12,153,757,114,653,94,938,824,164,149,179,1000,559,266,729,408,31,16,382,590,338,910,794,165,664,155,956,920,274,39,984,609,673,381,603,282,234,179,352,882,126,161,280,391,876,576,84,723,679,994,446,111,606,621,821,691,743,931
147,823,852,403,965,48,683,918,170,148,204,638,873,7,238,546,784,197,761,927,234,84,698,235,496,342,801,432,528,456,1,97,708,257,475,617,395,718,959,280,315,61,681,15,89,1000,841,791,710,665,539,441,37,589,270,332,962,199,118,736,254,244,184,230,923,856,99,373,833,900,830,163,652,934,645,943,409,704,885,545,320,191,617,990,983,722,207,705,321,575,623,143,12,631,285,941,836,593,639,836,628,219,590,14,96,841,312,884,34,254,568,473,679,292,302,80,268,685,182,908,251,957,199,557,55,112,615,807,566,616,440,297,983,234,38,82,962,521,217,457,872,485,822,262,113,955,495,809,645,473,634,879,294,56,968,226,817,596,204,913,971,661,918,590,819,518,121,30,210,166,230,527,567,309,798,404,948,799,570,802,589,936,400,377,582,913,662,527,556,910,470,867,964,357,390,122,201,534,818,718,702,955,100,358,999,602,769,570,699,164,830,419,794,942,278,618,765,424,295,833,921,198,300,762,183,814,459,866,157,516,10,629,170,329,531,197,90,445,237,379,637,409,880,672,923,734,780,751,415,888,314,781,266,530,828,312,240,950,580,826,411,836,673,237,893,655,211,123,146,887,260,39,116,52,968,121,857,61,767,775,253,808,898,562,371,393,52,100,891,255,485,970,985,283,7,928,672,969,860,48,601,574,973,401,350,156,810,153,37,628,618,841,422,536,628,567,835,474,801,60,290,411,984,145,920,419,827,359,214,183,769,597,591,470,726,481,220,366,616,233,641,48,947,706,731,328,195,571,850,289,124,716,752,408,647,482,544,511,950,94,679,528,810,410,430,336,749,328,538,225,805,766,204,520,108,731,208,740,139,931,924,961,717,299,141,424,84,789,921,153,456,249,704,230,741,910,535,494,912,229
786,62,975,217,935,282,486,666,947,718,569,119,483,519,537,736,46,990,998,593,177,733,859,610,673,335,66,68,706,481,931,306,825,341,156,466,957,684,771,40,151,162,735,568,936,429,598,70,128,267,678,901,570,487,667,578,662,376,733,523,418,170,508,829,204,921,454,336,606,524,194,548,882,928,327,482,134,677,479,405,533,475,110,434,179,898,561,117,294,691,855,452,596,108,828,498,235,766,700,87,464,852,391,691,958,778,754,164,732,596,748,511,83,177,783,297,796,260,43,6,610,743,455,591,504,218,844,418,586,501,668,206,959,478,869,222,305,916,848,607,251,173,925,736,963,610,499,302,998,414,500,693,220,5,886,388,325,549,926,262,680,799,261,19,271,711,685,875,493,915,863,591,138,726,224,442,679,597,627,709,744,704,475,364,535,426,184,614,874,968,617,944,770,956,261,933,151,4,6,429,334,980,620,473,74,759,626,648,634,77,180,674,59,958,824,457,172,966,357,350,134,117,75,859,178,951,493,25,270,113,447,439,522,296,631,394,376,597,762,805,557,111,243,133,248,594,739,139,404,275,541,986,581,957,642,11,308,226,125,533,351,355,33,250,839,316,976,349,820,766,21,994,282,872,679,942,666,216,325,88,269,346,350,713,982,208,376,140,787,158,872,669,934,489,757,689,500,710,973,760,435,49,597,309,391,678,515,868,244,894,683,661,122,871,978,457,656,213,518,509,855,748,456,789,38,812,810,42,498,558,452,424,736,560,301,9,31,715,149,930,214,342,835,536,934,574,133,8,668,120,213,786,592,80,398,741,558,127,199,253,296,472,886,762,435,393,733,40,802,797,613,588,915,872,121,460,396,924,442,643,150,832,332,45,350,332,248,329,321,52,474,839,146,488,584,478,568,95,544,579
34,284,448,292,661,886,680,225,39,290,820,81,849,160,144,692,74,418,12,146,541,321,126,754,255,390,642,641,10,62,221,698,586,895,985,949,637,752,312,743,96,422,765,47,643,594,127,412,299,73,142,305,435,854,45,446,229,417,350,237,315,775,69,503,44,884,623,808,108,377,772,640,817,791,230,670,326,483,519,791,237,77,389,509,976,876,331,842,25,267,912,558,388,220,195,380,559,397,614,772,962,373,114,409,624,143,981,800,735,401,382,291,647,295,716,364,257,617,661,221,648,722,297,727,646,110,419,810,192,930,142,216,688,353,555,638,652,495,595,846,490,944,138,519,699,87,575,551,928,993,409,312,916,445,141,574,9,702,807,171,889,341,658,184,638,54,178,119,978,375,644,298,499,752,589,906,233,157,509,683,787,879,468,33,976,557,18,353,517,345,864,824,641,900,47,197,106,254,428,179,934,234,805,121,131,193,982,684,404,232,376,136,821,633,648,612,838,975,409,622,454,573,817,450,988,177,590,377,111,793,66,901,433,917,310,188,19,892,682,881,673,220,195,384,37,578,227,614,143,541,360,623,848,701,539,827,502,741,692,629,574,879,330,676,606,509,835,755,773,119,765,897,960,315,308,760,1,150,616,557,43,151,277,557,238,464,820,352,513,138,815,403,145,774,141,661,381,654,198,8,137,850,383,290,329,862,348,370,519,503,409,578,499,508,728,36,382,204,292,480,937,837,638,253,38,54,412,110,883,134,821,430,616,495,995,450,462,810,558,528,639,15,116,639,410,818,748,180,136,286,222,672,532,707,418,852,279,891,593,977,341,982,973,493,889,654,677,303,274,267,623,456,809,411,434,738,636,81,72,609,258,395,635,47,304,298,21,846,717,953,33,460,206,154,252,82,863,198,972,206
394,64,722,231,250,215,185,215,632,732,472,483,106,520,799,163,586,461,785,950,372,929,276,944,839,868,500,693,468,21,123,435,466,806,898,799,477,113,782,893,643,778,263,913,159,466,998,281,76,821,453,69,698,106,659,857,684,172,931,249,958,446,127,270,186,872,781,862,846,510,688,277,155,346,18,891,271,115,558,167,463,790,848,279,596,443,426,430,704,62,800,374,109,796,220,340,222,604,671,581,128,162,702,165,518,299,377,632,386,519,780,610,937,94,184,432,906,996,383,562,945,463,377,851,266,691,492,630,98,922,44,468,498,555,863,298,582,390,115,386,91,809,740,679,937,456,682,880,110,656,713,127,925,421,223,834,752,908,235,186,824,405,922,666,918,234,895,956,148,447,465,879,147,331,341,282,602,585,548,859,379,893,83,249,324,390,247,639,96,583,877,580,612,156,439,615,104,574,736,900,796,512,506,212,522,709,346,270,757,508,262,283,527,879,13,954,554,217,790,220,375,772,138,117,159,316,371,95,483,828,160,181,60,246,196,579,904,534,14,592,173,520,11,872,973,219,246,80,928,190,962,410,528,929,539,793,969,539,477,153,249,930,528,655,858,374,193,513,926,538,496,806,514,670,857,273,385,766,865,329,890,380,356,735,179,631,582,157,26,763,262,651,680,327,864,67,702,177,676,688,395,384,85,353,514,237,525,469,722,574,98,582,755,676,569,796,130,773,899,801,418,189,166,115,548,220,420,8,532,797,385,495,297,707,971,616,514,985,311,363,901,242,736,17,170,223,580,255,825,652,678,233,327,469,513,789,624,241,771,590,875,154,902,828,651,937,284,90,657,696,392,752,902,520,139,28,480,387,365,488,905,598,172,200,295,892,481,706,240,158,604,767,41,461,759,742,573,129,288,319
155,612,65,512,648,426,613,70,263,859,777,582,728,651,833,79,594,705,120,700,829,283,815,50,784,164,736,701,461,826,455,548,132,243,519,371,448,681,775,673,314,874,219,469,627,300,315,377,876,956,365,434,516,609,110,374,798,159,501,252,917,474,828,103,252,425,531,169,379,256,949,664,912,56,624,21,433,762,149,861,636,172,111,2,504,563,318,248,151,745,140,924,485,857,257,34,40,805,273,926,590,926,430,32,40,916,362,724,511,275,804,11,984,998,746,882,14,719,865,781,415,299,73,274,38,359,442,610,115,418,12,270,928,501,234,98,292,325,846,116,772,183,340,256,737,817,135,598,536,768,179,665,371,622,263,413,826,384,260,155,886,578,16,709,11,438,434,545,420,979,786,734,479,531,763,440,338,329,505,328,484,619,900,383,775,87,21,534,349,497,344,206,315,389,358,979,577,152,480,699,633,838,592,768,131,944,360,911,697,926,181,108,420,961,837,607,865,176,598,578,631,635,602,916,14,39,100,607,653,28,292,660,894,812,557,849,677,39,333,696,700,94,542,158,504,265,102,332,916,864,925,22,278,190,480,447,656,324,909,416,545,836,261,356,598,0,984,685,14,163,326,758,403,630,762,345,715,830,986,68,854,577,579,292,230,622,505,403,347,877,911,254,187,21,833,895,554,968,299,382,531,701,913,605,499,291,870,253,589,400,656,982,842,492,917,132,592,658,946,997,455,590,274,30,524,224,650,332,610,886,889,595,166,550,743,182,103,422,571,368,826,462,831,608,266,970,562,246,658,664,984,241,554,186,196,883,778,384,410,651,360,309,589,747,872,630,615,817,577,202,221,617,510,641,287,297,642,192,408,629,169,408,954,974,425,630,629,105,917,207,77,51,51,97,841,610,687,178,254,355
172,712,119,419,977,300,143,279,274,764,881,176,802,17,81,672,183,1,888,567,297,940,113,6,702,356,496,866,727,392,860,682,191,241,514,877,923,775,542,501,698,333,910,840,470,475,295,893,914,591,96,508,512,412,337,463,191,665,275,626,802,602,923,413,437,919,821,353,949,127,919,900,122,237,648,160,315,72,504,440,429,998,236,791,53,121,740,582,874,479,108,995,977,202,45,919,744,439,974,115,254,428,810,462,991,849,220,211,53,340,185,902,469,52,854,426,909,265,598,21,829,489,66,662,277,679,963,624,664,96,900,122,977,625,560,750,106,366,188,577,308,953,953,186,430,281,677,471,209,953,616,149,548,592,142,475,211,22,154,216,574,970,467,851,864,537,282,171,481,772,922,560,237,142,114,734,483,691,863,378,327,342,559,245,198,455,878,277,405,492,907,513,634,788,779,586,237,87,957,79,416,623,300,863,404,637,190,401,477,994,495,165,601,991,419,899,657,111,388,750,774,317,991,380,449,79,568,626,766,77,732,344,999,593,512,167,904,692,221,151,27,310,235,757,983,351,693,758,999,304,753,978,581,963,623,984,48,619,68,908,364,603,631,456,88,684,544,288,406,905,581,430,537,688,121,410,816,219,829,632,715,961,225,636,394,990,702,628,64,208,598,599,510,748,947,474,295,876,589,119,555,607,588,308,970,880,500,370,308,93,816,920,845,154,19,586,101,920,700,522,689,629,572,897,598,628,499,988,220,364,281,216,933,457,480,193,56,274,714,783,223,830,602,156,992,142,204,786,530,27,203,732,356,239,222,948,557,636,674,135,662,750,833,62,703,408,770,438,486,519,790,970,750,735,97,719,567,161,19,549,644,383,280,895,627,339,266,26,377,376,338,780,613,542,509,79,825,396,588,914
169,733,146,226,500,126,530,771,525,855,728,327,713,97,80,465,363,691,593,931,983,64,363,133,670,666,458,9,462,524,27,64,594,442,447,645,231,659,567,406,988,526,128,692,457,706,882,976,45,824,74,78,264,803,519,571,553,968,68,509,155,730,753,372,847,590,84,318,813,528,783,447,851,24,457,716,764,402,791,667,998,943,817,33,764,258,365,80,472,509,224,612,722,239,562,702,415,574,729,129,732,190,394,602,30,571,205,579,875,91,722,303,54,727,153,370,924,286,309,936,170,771,3,779,12,58,166,752,511,504,365,239,865,229,142,989,590,740,983,580,919,697,789,581,961,787,939,897,960,607,584,676,727,602,171,246,204,14,637,352,354,573,150,409,271,420,553,368,1000,156,626,928,427,167,938,636,228,722,218,160,992,173,260,991,332,574,744,307,930,138,867,958,769,446,397,64,62,251,738,171,587,22,109,489,52,751,726,670,665,28,945,438,632,197,992,120,235,168,915,361,880,207,624,767,566,983,149,410,616,592,454,933,363,959,199,151,718,805,278,121,920,304,417,569,142,774,580,400,182,651,65,857,496,873,738,728,435,100,316,989,781,478,587,279,230,347,961,616,582,693,550,317,126,258,148,940,257,726,211,50,338,413,968,765,798,163,973,770,735,386,67,672,389,731,103,142,520,779,66,384,601,695,422,797,305,974,338,85,194,430,520,471,723,27,992,226,237,308,997,528,285,844,108,698,613,22,439,206,330,27,422,635,647,970,409,156,427,45,684,702,885,520,601,129,781,979,834,835,255,382,243,34,298,246,1000,218,487,655,148,389,531,436,367,455,372,329,906,166,556,632,261,105,717,689,223,90,499,39,979,88,472,156,49,966,33,257,222,18,657,653,692,42,570,321,150,682,819,475,535,558
505,828,153,86,170,177,984,313,528,586,532,702,526,347,616,136,815,631,878,641,995,237,514,363,913,717,79,436,962,889,215,659,672,339,96,602,175,944,405,773,474,811,589,841,917,941,868,226,318,11,900,502,852,447,755,289,109,359,453,226,376,407,563,570,705,636,727,641,180,688,367,290,4,120,724,887,544,261,422,281,173,318,863,408,755,742,812,615,848,113,86,587,689,572,973,466,173,548,868,365,256,784,766,740,130,313,104,501,902,262,414,592,874,201,171,609,369,173,217,100,572,828,404,483,795,823,291,220,639,474,66,734,462,38,31,701,80,112,73,490,292,208,159,914,188,132,53,665,296,96,973,208,587,98,413,925,190,346,594,633,220,964,836,404,811,759,771,261,598,770,712,165,467,83,427,491,356,273,82,456,844,381,618,512,647,67,607,116,358,918,739,949,849,711,510,896,380,253,865,464,327,931,887,932,40,344,130,549,455,312,15,329,562,928,113,255,81,991,976,212,29,388,97,800,555,332,251,605,253,249,686,11,907,229,504,129,682,544,282,604,648,616,38,965,548,897,190,868,642,122,465,196,104,841,819,242,669,68,918,645,230,369,40,600,27,866,37,37,241,798,752,861,177,760,698,914,91,351,775,392,570,605,894,623,55,301,228,540,111,937,918,274,121,983,298,816,218,611,88,114,336,260,674,421,598,739,324,535,219,184,23,677,988,93,964,943,216,501,708,315,578,156,942,774,847,845,270,964,545,247,596,914,704,890,886,901,754,459,946,972,187,689,462,899,65,164,432,744,138,473,516,799,974,677,335,604,216,946,264,568,709,211,885,940,378,23,243,316,563,558,252,847,71,562,621,893,818,269,678,387,733,805,976,64,694,822,548,15,266,307,757,392,84,148,974,20,85,739,574,95
395,906,804,480,590,513,751,76,560,206,785,308,722,764,434,728,929,886,758,983,386,400,79,625,708,89,198,726,96,795,997,595,469,260,301,740,208,14,460,299,879,1,987,315,816,736,465,274,730,52,14,288,829,435,226,607,512,893,602,433,258,273,815,467,404,734,209,495,824,536,869,99,464,224,40,978,682,521,468,246,653,69,157,999,449,577,298,360,783,41,541,653,31,567,429,378,525,465,503,585,730,98,779,760,925,423,775,854,662,906,775,937,456,27,670,759,876,845,985,746,140,711,689,935,807,480,755,393,707,563,233,949,938,957,663,920,351,792,938,850,692,367,515,489,459,332,598,56,69,127,975,161,174,525,31,450,164,460,591,103,639,17,283,972,378,129,798,858,78,684,471,282,601,0,405,168,510,102,99,734,70,710,615,753,336,712,865,4,9,570,777,124,472,467,64,451,709,727,211,841,62,275,408,943,967,854,723,764,245,21,958,315,257,928,585,516,679,897,166,719,776,842,2,108,789,853,981,931,564,957,486,802,839,173,922,887,225,377,333,14,67,424,944,482,691,633,933,859,71,172,50,68,798,207,535,458,428,377,294,825,274,807,333,162,642,462,388,937,150,860,697,656,141,879,262,938,148,65,597,852,981,748,783,469,316,11,437,791,63,772,419,978,620,840,168,464,187,592,437,788,962,192,840,663,659,337,906,674,945,256,685,745,783,138,814,796,307,458,683,525,208,556,280,678,28,347,35,272,527,392,166,200,76,48,679,957,590,780,529,342,467,25,468,484,699,725,74,717,719,723,15,592,286,14,522,567,945,921,553,65,85,91,948,120,545,917,792,50,96,909,742,524,125,887,725,428,435,818,641,789,50,862,566,504,91,254,979,42,255,549,884,943,313,551,910,517,754,768,230,798
251,10,2,956,743,805,732,80,218,965,987,299,915,30,952,17,16,905,772,844,920,648,993,79,102,753,396,848,915,326,452,716,788,829,742,11,985,79,546,208,785,504,771,167,672,278,847,948,563,517,380,508,348,646,823,252,396,846,733,267,172,585,370,447,517,608,186,586,581,473,104,573,383,795,60,246,842,351,422,844,809,270,200,754,525,214,338,730,3,847,339,428,638,995,88,307,805,235,858,297,491,904,701,20,913,719,525,635,317,842,467,840,181,10,640,969,652,229,456,319,384,936,812,422,981,633,552,586,942,415,702,861,734,547,364,16,976,125,190,456,930,350,836,640,262,586,291,141,741,373,282,235,622,658,715,770,982,184,986,841,138,779,566,111,384,956,957,342,299,430,63,223,903,243,644,208,221,270,322,662,307,788,408,516,884,601,577,550,288,380,996,595,980,773,821,545,634,609,285,291,549,570,305,136,211,867,474,374,107,993,226,941,510,40,627,144,757,656,629,13,977,43,943,492,849,696,246,688,731,225,446,678,211,466,21,223,839,784,757,140,74,161,499,365,530,753,530,517,525,197,303,533,835,290,827,36,669,863,174,150,779,954,37,923,564,605,776,640,115,220,912,779,461,629,309,250,672,799,866,465,498,147,747,81,725,867,204,134,139,20,752,737,705,177,404,733,603,519,949,410,699,653,970,628,573,595,366,95,464,671,749,204,519,162,164,415,506,43,721,994,251,29,772,834,859,369,104,442,753,86,845,393,772,496,902,182,205,560,332,892,3,758,477,912,710,974,320,331,470,455,641,198,688,392,479,397,774,40,360,61,491,410,780,261,358,808,495,14,398,675,207,913,993,399,128,588,399,23,115,969,613,658,701,424,847,199,934,832,823,916,979,247,255,923,811,799,708,524,815,405
936,863,422,80,482,979,299,659,537,507,346,165,357,232,166,529,142,401,956,880,2,87,398,801,318,355,53,413,898,512,253,399,745,641,39,20,687,641,766,319,174,145,560,749,612,560,49,430,478,502,267,621,760,439,675,600,135,482,335,383,339,614,222,124,642,400,909,199,360,115,20,211,669,526,916,9,561,910,440,718,323,998,727,155,277,426,746,523,390,69,576,519,96,71,725,674,53,672,58,750,652,256,278,352,214,579,322,517,698,329,212,228,522,81,793,171,630,286,204,484,520,279,657,196,149,354,208,215,75,983,546,867,821,850,776,120,85,885,199,982,546,782,252,293,960,66,206,17,324,163,300,77,733,820,930,869,61,155,302,260,102,198,849,634,627,671,825,509,101,258,552,795,612,139,371,371,141,182,355,985,545,382,110,770,822,401,328,185,268,877,794,700,73,894,150,353,207,801,660,729,730,986,731,195,115,57,643,269,968,914,29,883,200,835,625,429,429,195,197,759,377,203,569,941,939,50,968,497,145,125,710,592,623,806,787,956,584,990,742,828,225,412,104,727,309,681,510,261,545,693,152,814,190,723,3,774,805,360,854,854,988,622,66,427,873,313,20,187,839,666,900,89,854,458,838,15,328,77,908,401,338,195,342,650,822,851,351,910,735,642,189,791,495,313,202,896,431,173,540,185,252,194,599,637,54,116,534,870,772,379,93,810,503,712,467,496,482,708,528,194,205,214,341,249,755,860,268,346,627,219,941,640,615,155,709,618,732,224,220,744,493,14,234,138,776,671,293,663,567,734,355,687,444,5,813,149,818,293,599,500,19,668,438,33,936,292,869,314,623,599,184,193,763,141,166,285,269,725,768,187,141,234,678,471,456,765,519,43,929,879,832,142,55,642,674,409,728,78,320,189
819,551,469,796,93,235,110,58,313,293,133,387,243,112,591,928,180,502,36,261,509,862,526,192,545,505,262,115,595,528,801,604,906,192,479,724,372,48,596,831,386,913,16,17,612,5,380,618,416,981,876,578,50,831,318,668,840,222,462,293,854,910,120,996,655,62,694,980,218,397,921,543,544,446,43,658,934,936,259,468,632,256,53,730,96,960,897,987,307,195,289,737,302,371,782,144,108,222,505,724,44,757,389,93,658,609,710,584,705,143,523,942,258,962,120,674,79,796,601,921,128,925,768,218,951,244,639,146,579,65,339,200,835,272,572,576,233,346,613,676,54,849,853,555,456,209,207,549,450,59,569,503,200,726,845,313,614,243,675,810,375,597,640,209,598,484,924,614,146,429,733,392,27,54,609,225,112,445,947,40,874,4,464,447,809,380,156,584,671,921,433,254,507,983,682,936,984,829,448,749,907,102,760,41,567,668,897,111,982,812,842,284,159,271,480,736,520,764,516,226,515,457,448,776,129,453,186,960,322,382,894,961,607,243,70,654,423,823,173,636,149,861,811,445,905,244,230,709,278,258,994,315,415,877,418,328,89,904,910,356,54,946,992,33,208,645,406,616,970,959,923,693,700,733,111,942,603,560,918,936,879,857,302,630,10,227,864,835,555,954,654,517,36,613,65,402,443,995,498,462,267,295,618,453,851,20,39,380,630,73,531,434,528,347,408,946,646,710,291,566,278,18,311,838,310,701,267,989,59,632,720,5,642,933,930,499,139,955,125,645,443,825,767,688,403,615,563,23,843,390,728,139,630,841,493,351,762,95,364,211,679,81,686,607,569,104,588,315,943,328,416,166,194,658,153,401,164,375,131,687,423,289,45,595,875,595,152,381,282,635,179,74,263,893,53,315,940,943,20,186
91,541,21,607,955,198,722,339,611,785,650,895,368,257,317,748,425,830,667,179,922,503,107,286,370,226,960,206,565,52,591,441,797,969,784,210,271,871,404,627,824,234,345,640,191,817,684,897,338,262,624,947,727,359,589,813,155,11,153,414,833,935,355,118,692,342,541,248,641,921,674,469,173,965,915,902,170,739,682,403,868,599,343,365,615,770,827,0,728,426,398,150,808,271,455,335,667,361,307,792,111,167,862,286,723,210,308,25,71,685,855,619,330,148,29,62,487,609,171,403,947,622,304,809,457,513,717,423,870,821,507,426,943,649,102,371,329,734,701,367,337,60,428,323,647,539,214,486,399,860,716,534,867,260,815,889,728,190,22,215,829,384,111,802,204,412,868,483,70,430,65,473,68,618,504,736,373,331,757,883,110,115,17,54,295,86,406,442,701,78,535,803,933,445,633,358,843,974,427,321,743,17,306,661,975,770,136,556,811,97,582,918,965,464,700,475,537,473,849,326,280,438,835,25,621,253,370,94,188,169,377,543,9,435,546,908,879,913,680,905,720,465,238,800,646,971,360,255,636,343,301,166,568,368,643,372,320,192,106,772,224,403,491,206,531,801,392,66,432,24,520,443,622,846,388,221,647,832,992,649,896,187,419,759,297,10,783,912,880,724,599,605,813,247,486,153,456,340,224,697,957,823,129,952,71,343,445,5,118,130,305,335,505,611,648,963,356,485,451,144,932,234,249,404,693,784,384,838,316,335,706,109,298,506,44,439,286,159,476,97,965,76,53,794,847,178,204,716,340,465,675,952,416,340,722,726,830,507,112,720,429,249,787,241,754,748,945,349,413,874,105,800,522,371,497,877,455,115,563,6,75,354,335,289,525,972,363,989,811,595,496,801,163,942,12,321,386,676,355,531
919,174,307,97,402,78,502,1000,680,632,435,665,586,736,12,703,468,716,118,294,881,928,89,339,965,176,283,771,221,238,70,375,301,939,229,89,470,248,366,81,984,312,833,737,831,153,237,371,380,484,129,544,754,161,392,980,146,748,278,864,756,875,435,353,704,625,427,927,348,790,243,835,185,898,304,766,890,766,846,793,483,358,207,275,258,0,391,615,525,434,157,498,631,459,941,469,470,136,458,356,509,350,749,937,218,17,379,966,320,110,165,155,954,547,431,601,100,680,556,180,395,181,424,428,367,316,920,18,750,376,184,283,788,70,350,317,59,605,284,120,78,397,945,234,938,472,676,63,269,835,393,400,256,992,829,415,481,61,284,605,120,283,426,750,367,791,583,193,574,887,889,344,63,503,145,941,507,987,817,799,925,358,27,423,236,131,800,858,261,566,365,55,309,383,766,954,215,209,186,982,220,283,451,210,257,585,989,863,238,595,305,211,302,899,817,38,205,577,219,710,450,524,863,945,922,144,111,158,384,858,619,559,388,31,608,177,490,276,977,92,700,191,507,719,999,76,777,129,668,981,155,456,999,779,768,585,422,737,741,122,311,863,343,896,297,540,149,627,913,441,568,925,272,725,433,455,780,82,439,170,593,724,819,802,224,180,148,45,608,478,572,176,339,971,255,399,388,241,728,377,304,866,342,442,470,863,10,400,552,443,193,119,368,250,900,723,843,174,514,190,872,88,113,220,851,659,390,534,645,746,789,473,152,591,713,622,104,406,360,90,591,76,495,545,709,528,85,496,324,793,752,813,316,534,62,77,255,148,510,681,350,997,119,996,517,356,269,802,568,893,138,983,111,535,464,42,222,942,117,320,227,467,64,562,312,561,807,913,860,113,766,330,250,876,590,733,636,421,595,766
923,969,991,501,721,432,398,528,629,811,66,343,307,398,163,464,196,665,221,829,72,170,190,116,120,146,60,50,517,201,687,978,124,252,816,899,643,875,608,540,977,340,630,549,786,176,327,126,349,269,619,226,320,873,664,832,811,963,957,661,577,687,9,8,634,778,957,544,126,497,273,77,209,58,389,137,539,653,651,815,735,185,923,626,247,168,902,619,378,141,913,936,326,906,236,103,645,125,354,552,557,550,596,174,316,336,85,496,871,170,996,30,815,955,234,801,35,215,949,353,508,211,293,841,328,605,180,448,920,925,824,932,544,52,209,605,272,419,819,123,271,1000,299,748,137,675,909,263,497,794,389,274,389,758,189,917,426,449,504,514,173,837,777,951,973,598,924,418,847,545,713,830,220,103,421,417,883,267,577,932,311,469,837,425,772,351,410,759,838,291,832,610,948,15,105,442,417,670,950,455,119,124,603,873,351,202,664,279,634,120,343,173,917,912,867,910,974,17,458,78,91,465,52,337,554,958,674,673,660,109,708,584,179,579,687,318,88,906,7,157,459,632,199,950,116,378,376,312,361,358,304,700,575,167,106,710,963,905,673,811,778,819,757,465,735,864,302,119,443,522,900,456,776,960,399,212,450,547,266,545,677,168,249,170,394,647,188,47,305,342,608,366,321,685,735,139,936,445,770,824,695,442,900,238,582,489,274,816,505,970,236,247,669,582,831,223,432,606,37,735,471,11,921,927,142,718,778,155,696,976,479,121,61,11,180,750,953,114,878,589,13,161,476,39,995,328,317,451,824,935,509,112,434,724,446,829,647,404,864,742,847,736,152,118,999,377,56,469,133,432,731,529,92,606,775,315,112,670,310,161,990,133,536,649,597,737,325,405,473,322,864,248,901,219,766,954,224,467,394,21
178,128,132,856,584,618,938,156,508,61,288,741,734,162,496,49,295,99,468,3,564,317,123,920,478,166,655,620,891,193,72,971,519,118,92,536,499,158,500,784,957,617,649,866,458,675,82,802,590,996,314,558,690,263,134,924,125,410,405,116,949,915,574,287,462,715,854,415,549,614,65,875,287,125,181,854,883,369,649,236,106,920,214,514,897,971,565,770,671,900,817,698,626,726,606,616,278,539,502,482,896,429,163,306,901,285,373,110,125,222,598,584,228,557,698,871,1000,167,483,164,370,671,585,210,27,847,901,277,948,122,214,548,73,214,144,688,290,923,621,624,850,346,598,740,247,674,169,355,539,273,746,682,261,480,421,321,226,920,850,517,427,881,484,469,946,170,986,271,22,814,843,369,24,676,948,585,272,345,675,909,478,267,232,168,588,885,798,309,719,137,16,215,988,103,159,881,128,63,574,620,397,690,923,490,553,267,302,962,263,435,967,959,696,423,856,703,978,464,830,129,270,592,918,819,819,175,344,639,518,383,118,358,589,196,92,251,700,893,836,812,807,258,891,550,316,361,609,268,746,372,502,58,613,194,564,863,142,957,398,736,86,541,473,307,24,604,464,694,371,277,991,914,705,468,787,853,393,833,534,320,720,468,576,45,227,950,172,755,609,815,334,21,843,529,769,55,380,302,76,853,297,43,784,277,550,243,712,440,643,481,732,476,692,789,97,896,784,784,978,663,78,177,736,278,365,701,842,449,610,790,909,438,88,664,208,495,234,248,737,754,493,51,663,842,620,255,698,942,247,590,920,985,659,481,640,628,918,915,836,825,488,119,706,976,303,60,398,221,435,291,505,902,507,345,558,933,785,293,631,267,999,663,786,17,466,335,699,565,864,489,861,974,152,617,134,625,62,442,374,726
135,104,580,793,620,470,322,856,911,359,605,291,523,209,708,280,423,357,724,877,289,740,464,74,954,647,706,96,615,834,41,339,249,367,346,606,556,598,871,934,191,400,860,937,223,301,597,164,806,74,428,816,626,4,599,259,895,782,796,668,286,994,536,424,677,308,722,898,383,238,684,777,192,962,436,832,82,454,679,419,75,850,85,319,162,705,737,476,632,713,320,750,355,218,70,991,757,901,726,823,13,19,452,124,863,699,353,719,512,805,389,85,602,567,955,342,222,501,1,367,80,474,1,847,567,746,392,468,90,922,573,93,724,635,330,666,755,386,394,479,404,510,438,330,433,987,905,133,189,873,646,944,962,967,867,129,439,119,975,916,184,98,41,871,164,764,885,483,773,102,116,409,492,878,44,145,328,624,823,211,271,407,174,784,652,882,658,313,909,860,232,391,705,688,664,535,815,110,471,203,965,668,479,37,940,70,63,648,329,23,49,830,764,460,391,924,764,668,584,295,756,51,934,23,330,616,951,337,180,521,67,628,244,577,150,633,898,331,671,341,753,43,895,226,469,209,16,66,253,354,554,635,191,694,233,287,177,487,908,528,919,382,436,366,204,105,656,210,912,843,835,616,106,849,914,909,282,823,273,185,103,142,420,60,812,990,261,814,461,514,288,562,757,881,193,163,75,769,239,730,763,355,950,935,500,438,73,236,722,228,522,311,227,440,930,318,333,116,930,823,753,589,988,110,986,753,723,823,527,607,445,109,774,232,402,243,432,153,671,126,295,482,659,302,0,266,999,637,936,391,930,460,292,47,255,283,649,957,338,17,987,144,619,454,642,314,477,429,371,619,715,575,891,759,609,283,944,316,372,480,408,912,375,286,307,973,975,529,259,638,19,259,632,297,787,476,476,115,602,668
869,56,697,458,911,91,692,826,487,743,783,791,779,271,255,436,906,832,148,314,36,996,806,694,645,872,784,944,985,899,961,673,984,715,695,648,599,203,490,489,101,846,837,748,255,279,711,291,861,227,525,987,237,922,414,502,232,661,860,999,349,502,734,912,57,375,3,715,113,989,677,3,714,945,975,693,818,458,795,631,249,490,154,784,223,390,299,202,633,821,699,881,550,254,95,583,536,507,149,895,137,556,325,210,609,688,347,501,42,133,28,912,360,82,933,381,435,631,970,717,690,22,187,200,893,645,134,107,271,675,358,425,764,570,848,935,944,502,921,661,621,176,936,587,566,664,756,0,461,105,899,686,737,412,906,368,407,301,887,422,960,519,741,466,285,623,489,900,0,655,603,432,181,777,675,426,308,354,134,683,345,754,726,114,195,884,251,536,154,478,897,281,484,61,463,438,161,139,325,100,42,255,407,241,776,452,661,972,652,411,486,474,572,538,137,921,547,98,573,87,643,824,248,626,437,482,718,73,785,466,966,259,830,897,271,290,660,360,17,520,753,991,858,105,907,271,702,363,456,205,124,652,795,410,299,79,989,53,210,585,792,993,703,716,142,770,922,641,394,79,831,990,676,37,815,813,937,812,76,828,995,779,591,640,739,134,373,286,920,37,283,744,753,860,482,907,23,900,542,478,843,56,390,54,929,615,764,95,80,230,693,610,642,996,265,532,838,144,816,602,92,13,674,106,182,813,449,928,856,174,879,117,619,801,656,815,356,234,876,832,477,126,192,760,491,1000,691,697,882,848,759,747,129,539,244,579,924,198,926,519,437,69,808,736,97,624,324,362,274,343,363,664,969,933,498,238,184,948,874,230,555,437,620,159,31,790,914,162,603,907,483,571,726,736,37,488,211,229,340,489
315,179,7,812,703,337,995,514,235,118,4,708,774,929,248,213,546,686,708,448,998,191,14,70,201,915,583,7,872,997,874,354,191,459,218,641,728,655,657,613,284,560,958,877,204,573,20,225,941,421,452,264,652,48,124,344,956,298,331,262,1000,285,872,425,491,141,315,292,425,941,785,991,138,929,351,870,46,566,665,517,601,857,988,682,158,706,534,760,499,159,608,394,730,3,321,607,314,869,163,629,541,600,459,67,194,833,34,559,284,396,347,130,135,171,645,611,257,763,652,756,200,741,618,402,613,736,343,142,892,970,543,40,390,548,975,932,455,118,32,810,295,960,874,974,942,748,969,972,143,426,1,742,549,237,803,616,295,385,138,268,951,279,526,872,773,933,461,781,876,113,884,399,674,968,163,574,518,694,0,532,715,339,734,652,894,609,37,818,558,612,934,448,716,193,432,759,613,904,953,192,419,756,797,946,122,982,266,32,408,523,933,575,519,499,754,79,495,481,35,311,452,262,553,920,631,664,22,396,378,480,368,807,689,71,520,354,174,723,370,119,318,872,984,205,316,557,158,504,728,614,348,682,795,861,468,842,551,523,929,67,341,827,188,308,926,953,916,755,527,843,656,673,7,864,687,342,943,272,463,962,576,343,272,105,894,191,953,599,676,6,688,949,943,416,135,756,894,531,892,568,345,238,742,779,152,282,831,918,294,370,399,1000,602,406,664,581,476,594,605,165,680,417,552,27,430,646,543,751,327,663,220,755,269,885,24,577,765,240,998,261,388,136,430,76,264,162,714,369,245,488,321,748,198,186,101,726,579,217,614,412,107,949,204,144,180,113,398,917,761,162,355,695,434,73,905,737,982,286,445,660,691,34,463,732,977,690,481,0,127,670,205,11,734,419,969,961,434,842,336,440
923,425,442,941,36,31,872,618,454,352,267,659,513,923,910,132,185,893,587,645,327,461,395,209,755,961,738,89,131,109,195,911,60,630,613,768,649,251,574,579,350,351,685,341,887,565,494,344,660,120,304,848,837,298,963,934,287,997,676,324,382,584,111,911,878,49,146,462,678,946,188,97,889,889,778,421,794,206,303,114,536,619,561,22,305,708,128,209,609,349,700,484,684,702,230,484,355,943,881,80,250,852,713,291,238,989,150,974,308,667,108,733,972,939,742,93,710,720,884,505,620,409,240,280,450,834,464,459,312,99,326,291,143,999,589,322,992,880,633,140,908,781,52,816,914,132,710,967,427,571,400,965,80,330,473,774,314,855,116,183,585,258,956,868,89,488,937,216,829,91,374,115,11,88,691,298,296,927,868,318,861,369,212,712,860,462,228,569,300,996,219,743,725,51,664,189,571,493,706,384,286,308,389,191,186,113,633,589,484,851,34,748,16,1,893,341,47,115,280,731,768,452,872,717,228,296,180,758,888,329,823,607,459,382,464,39,329,344,769,993,206,375,729,138,19,544,549,901,723,541,43,77,654,130,847,626,865,125,653,705,412,620,275,959,494,141,269,688,971,542,994,50,743,899,147,79,936,291,512,497,236,257,236,693,868,470,317,363,927,301,825,112,922,779,413,114,435,84,495,828,838,253,85,118,187,178,450,854,773,25,614,425,893,915,414,11,334,561,98,397,882,87,710,345,751,352,657,411,717,862,558,119,543,837,340,528,210,398,534,404,56,424,608,152,119,787,803,537,744,491,524,513,266,136,938,673,452,456,555,130,690,816,982,763,981,623,435,781,809,508,554,457,392,18,293,41,796,532,309,935,22,741,678,432,118,308,1,966,720,184,168,845,116,570,670,197,134,751,74,22
229,306,983,115,320,10,154,690,632,158,833,766,112,190,687,866,753,124,316,653,646,315,374,9,84,984,527,451,165,502,296,319,602,735,793,506,187,117,138,661,26,232,943,164,20,670,831,944,19,673,0,609,9,648,613,828,130,605,328,886,75,604,671,481,847,646,194,57,59,907,142,661,783,822,100,314,613,167,202,624,941,91,285,192,191,536,32,384,615,627,727,74,231,283,568,147,740,452,102,220,664,561,586,982,615,511,735,174,698,683,982,494,195,507,634,727,459,611,695,35,296,101,497,308,554,574,968,981,507,463,174,169,531,999,705,302,603,236,844,720,649,848,546,801,977,72,172,601,423,755,532,454,517,45,648,75,815,414,882,76,626,330,571,677,196,485,141,99,655,377,769,136,381,491,810,746,675,563,738,108,853,262,433,300,269,782,856,857,44,476,342,400,728,131,888,652,918,157,938,302,34,560,532,174,665,501,600,109,270,834,280,123,631,674,77,915,747,728,312,779,239,368,400,874,635,230,575,462,237,375,722,346,104,70,179,481,645,102,592,971,104,627,183,529,417,699,125,760,30,303,580,46,708,264,949,541,905,222,69,385,481,243,845,880,761,40,277,826,894,181,973,727,45,900,500,221,264,998,895,498,372,176,393,625,805,731,140,261,648,677,111,705,983,130,638,651,139,401,248,725,450,460,316,585,595,260,112,564,9,487,243,166,495,489,605,537,429,996,964,264,420,749,775,103,554,947,682,773,473,171,494,92,994,241,740,803,529,492,526,402,612,489,427,92,719,451,770,756,782,462,152,920,845,431,37,123,854,315,658,457,215,219,553,590,391,475,609,276,875,338,953,196,332,322,603,761,346,363,384,358,208,475,222,366,142,782,455,115,867,597,779,392,692,562,805,139,7,202,520,697
133,835,769,874,512,29,138,722,324,138,711,842,122,737,295,416,373,191,276,750,458,336,262,841,970,201,10,751,194,724,710,961,623,454,347,787,873,748,650,738,176,893,486,98,366,675,955,986,71,180,997,298,85,231,295,802,541,0,220,259,48,523,560,395,801,868,764,676,805,791,703,46,266,307,155,523,484,223,959,198,815,743,848,107,149,650,164,190,864,415,832,514,390,924,236,33,761,557,464,737,718,155,724,651,62,482,572,831,678,874,26,279,30,714,462,341,58,990,174,296,573,872,272,132,460,415,154,568,835,417,836,709,137,54,839,577,529,347,728,232,986,196,963,462,465,15,8,808,122,84,871,152,483,403,939,642,326,628,668,17,203,701,452,888,391,465,708,857,120,593,764,158,846,684,24,560,2,75,881,658,216,379,992,430,164,863,827,227,501,604,390,662,836,45,843,968,732,378,286,369,846,528,843,536,692,566,395,410,38,40,831,475,382,779,687,971,319,463,274,403,786,30,409,937,984,113,549,782,687,410,185,824,115,426,502,681,710,882,273,746,278,126,133,638,275,576,100,457,454,97,419,552,504,505,149,609,979,913,830,567,351,400,858,925,166,885,338,331,547,354,966,154,808,17,937,389,593,114,20,903,187,684,8,645,129,585,499,50,878,74,375,954,324,584,520,858,450,746,260,703,703,323,640,629,194,579,494,509,208,625,319,919,872,0,550,436,329,83,293,842,781,514,665,227,238,537,236,579,129,209,984,330,640,289,517,344,267,736,492,308,513,883,808,409,974,644,590,666,579,964,456,459,610,911,829,922,996,401,815,401,549,260,882,161,309,189,227,656,102,272,874,837,741,392,407,873,925,472,712,389,469,839,766,377,195,746,633,112,673,486,152,831,793,437,614,510,607,404,490,553
327,792,113,142,438,998,451,83,82,672,719,215,640,55,510,87,203,616,868,949,607,70,16,974,653,530,484,24,980,527,450,498,781,831,118,83,21,912,846,486,26,406,934,461,453,339,491,621,686,480,225,378,351,165,378,385,907,543,389,708,612,434,743,589,426,770,956,312,328,325,132,53,337,60,22,68,992,760,880,951,51,892,223,241,189,802,127,666,764,197,723,636,673,933,334,324,230,8,770,311,899,959,263,86,459,304,914,94,22,218,332,95,737,942,81,734,351,200,883,822,101,487,268,662,763,687,979,853,619,35,979,333,264,277,230,687,833,196,335,55,935,620,327,753,935,960,904,202,261,211,17,566,426,754,377,311,801,913,34,690,970,752,279,206,774,842,181,89,353,742,373,404,97,957,194,21,691,665,789,883,285,616,201,173,381,725,451,474,710,781,83,581,731,363,817,755,730,168,73,794,1000,575,142,11,561,675,454,757,538,457,237,858,351,663,285,219,632,91,238,6,337,967,84,437,744,85,164,328,123,790,528,326,572,807,679,213,0,951,551,579,465,258,937,91,692,239,967,174,69,814,949,146,873,615,892,471,382,183,366,698,50,611,611,463,169,35,371,956,804,392,371,274,964,139,439,735,811,734,385,359,219,594,657,615,683,896,355,599,648,153,434,713,352,633,8,12,836,639,177,812,734,553,477,797,634,707,168,567,679,758,207,49,55,86,928,251,155,363,136,597,779,132,358,575,680,613,580,66,635,194,780,73,536,131,821,834,51,842,552,163,304,781,250,310,501,291,165,866,448,982,435,305,49,190,484,816,936,396,69,914,185,603,465,350,848,764,429,959,883,163,684,512,226,811,710,630,374,622,402,446,751,238,987,258,214,258,901,130,361,783,566,329,648,758,526,820,558,948,400,754
166,631,281,662,326,863,756,537,414,838,668,743,306,472,933,221,411,102,358,493,383,771,698,297,374,384,916,197,70,783,396,982,800,54,261,972,10,361,228,999,446,432,436,726,666,37,456,487,189,355,832,258,976,681,378,232,490,540,805,194,995,335,413,286,303,91,155,179,254,227,380,118,912,144,166,404,335,366,142,515,188,920,974,846,441,186,419,783,917,23,758,496,620,743,342,323,333,1000,208,818,391,441,801,413,735,616,143,353,808,391,608,252,762,829,940,417,339,446,675,552,357,91,806,287,611,913,763,784,633,129,403,257,896,70,194,546,969,35,49,656,970,814,135,639,714,333,451,981,663,75,899,355,11,69,999,306,268,868,716,585,382,369,176,988,899,301,920,116,268,555,382,670,364,506,123,613,493,123,632,791,410,321,553,355,103,509,373,382,885,865,89,192,544,504,475,486,400,743,682,716,256,885,581,311,734,85,712,145,960,821,871,295,597,863,663,566,322,949,974,526,637,913,822,381,101,865,637,303,519,905,331,909,499,151,707,282,570,839,634,632,361,620,825,192,982,511,426,857,181,574,792,140,530,234,882,631,349,638,765,672,729,202,855,821,842,963,740,38,670,223,186,153,555,40,22,136,111,498,359,786,18,325,682,364,91,193,141,768,374,139,583,167,911,829,338,16,553,114,735,2,290,271,639,365,549,647,407,421,462,248,758,69,395,861,689,368,879,760,603,509,122,304,959,511,910,962,821,71,802,428,615,827,311,5,683,692,175,745,704,634,682,571,247,45,613,656,237,143,55,62,676,348,22,283,203,127,431,84,572,712,392,724,262,531,560,598,255,515,117,676,139,715,362,889,509,428,978,74,441,324,326,731,211,859,262,198,213,741,880,853,960,30,358,277,454,128,214,553,316,116
884,460,842,679,739,16,941,76,251,175,573,796,613,953,727,702,912,165,356,417,221,652,270,474,349,354,187,44,542,569,363,959,126,31,241,68,917,510,439,754,276,777,814,807,808,659,875,774,831,332,827,26,170,913,357,900,519,912,892,673,707,244,809,532,537,263,87,980,868,311,910,884,566,395,756,854,134,783,257,363,277,306,967,110,172,337,189,532,27,803,212,69,668,26,861,142,197,743,683,820,122,427,824,503,308,28,675,460,2,410,827,663,664,917,671,243,767,53,62,701,443,8,675,578,855,141,156,364,99,140,536,702,520,261,813,14,872,504,712,774,915,134,548,502,143,598,531,172,440,683,402,746,19,372,924,408,582,594,817,444,828,271,666,271,528,893,262,34,182,739,702,443,291,277,389,906,711,273,650,723,569,34,105,12,746,234,294,89,569,393,716,183,333,751,183,560,524,775,622,711,315,13,105,411,986,931,437,619,808,839,398,249,330,246,703,556,340,925,235,630,89,384,648,635,638,430,413,40,832,439,603,746,438,236,88,31,882,745,367,685,0,908,264,843,998,71,562,230,809,806,616,602,250,409,335,406,233,805,930,965,405,173,898,448,743,861,811,525,437,460,293,896,89,22,24,696,455,945,362,821,641,882,401,98,894,820,843,670,356,762,631,643,772,50,571,550,472,555,697,609,529,103,876,395,739,220,124,198,375,279,43,222,462,537,521,984,750,43,962,894,937,104,403,876,261,114,678,162,7,434,87,675,1000,547,471,777,494,356,892,571,449,746,215,894,867,978,28,689,686,711,859,829,936,564,424,455,447,63,542,101,306,111,839,705,820,802,716,575,829,243,257,231,159,395,168,812,630,572,720,738,54,401,381,415,843,186,770,448,576,646,540,83,46,315,608,312,881,174,476,358
446,249,918,979,201,256,922,326,822,721,366,823,101,672,316,651,777,85,349,258,272,869,559,670,456,708,506,516,204,153,910,943,243,36,386,204,794,578,999,224,53,820,711,69,732,897,97,383,313,667,157,591,474,188,587,631,834,417,87,934,275,676,709,80,317,566,15,736,71,444,349,698,273,918,972,820,287,436,453,47,506,332,801,247,710,944,156,96,459,749,569,880,659,909,674,726,282,464,166,413,164,688,340,139,42,908,125,291,663,832,742,775,98,2,834,982,911,912,787,139,473,240,211,727,281,333,898,255,431,807,612,108,643,779,302,457,634,768,846,23,232,39,78,787,708,103,727,313,951,329,981,186,605,666,768,173,873,660,29,45,155,870,662,778,289,441,467,911,364,45,152,64,474,987,48,755,848,283,787,3,133,727,59,307,860,850,335,448,329,818,257,170,250,907,663,517,318,534,250,712,349,621,344,653,947,878,122,885,406,466,490,890,652,846,387,862,624,4,251,288,676,707,77,878,90,948,217,666,762,287,119,94,413,323,485,729,308,555,709,267,951,270,378,276,901,913,514,929,267,579,530,1,644,94,267,199,662,996,104,644,343,775,7,496,366,442,639,35,465,184,448,358,424,272,546,61,250,351,340,613,655,180,773,906,171,368,901,152,279,969,280,238,984,23,232,532,792,610,87,450,493,709,340,264,15,329,129,551,775,56,794,512,933,580,589,532,834,402,457,277,890,478,384,308,342,435,409,342,191,23,344,209,769,619,49,508,527,522,355,57,136,900,186,179,711,524,92,943,185,630,708,385,664,570,190,523,780,299,174,146,781,802,214,813,308,207,733,926,953,68,672,637,609,687,118,201,939,927,493,509,769,101,41,441,922,93,667,506,834,338,292,514,407,720,352,738,641,477,342,629
115,460,902,177,777,712,599,871,592,420,924,504,646,924,626,748,273,799,25,361,963,717,943,96,607,233,513,493,344,207,136,281,855,292,926,71,699,580,497,208,109,192,17,183,689,209,23,25,826,609,506,984,317,510,94,6,684,261,886,195,720,651,851,193,338,41,619,374,747,544,122,732,652,457,107,654,50,441,349,840,619,322,660,228,805,837,648,824,383,131,74,93,410,802,141,964,703,298,291,117,359,514,284,871,793,6,134,125,15,283,831,394,151,872,448,990,622,348,196,659,761,382,606,393,925,481,500,878,524,752,312,487,449,666,307,861,625,763,877,788,109,519,634,27,473,287,100,126,498,599,763,178,115,421,555,669,132,724,963,91,121,429,681,352,412,706,435,216,874,560,133,551,355,949,692,486,497,867,349,800,517,468,580,971,502,896,426,544,914,629,151,569,353,437,698,336,289,674,526,980,532,878,363,720,846,151,630,912,37,154,782,686,806,267,468,192,703,184,140,931,178,316,608,405,99,301,17,370,779,763,558,489,654,245,140,473,556,893,285,554,387,779,691,988,462,129,457,106,75,728,388,169,575,914,287,615,805,246,347,782,681,706,94,93,865,176,727,749,467,617,912,100,584,261,919,773,139,366,369,193,705,84,119,901,432,831,549,765,175,898,404,152,220,245,904,600,656,438,917,433,69,20,699,765,790,22,870,695,894,409,870,725,504,558,446,722,446,827,847,716,401,882,737,957,645,527,316,113,170,565,128,59,128,827,104,580,915,787,218,415,633,738,684,477,657,246,826,817,18,477,571,128,414,157,977,194,245,849,934,996,726,873,37,229,461,58,633,470,717,613,430,859,229,714,606,109,159,887,864,691,903,983,888,357,225,557,574,459,598,88,750,999,261,704,593,122,859,523,702,548
364,555,863,357,598,872,804,377,95,227,883,594,464,298,959,134,981,187,260,0,506,75,266,675,796,87,487,760,861,874,697,816,107,71,547,150,514,393,247,537,828,956,519,576,133,91,593,203,599,862,812,971,357,344,61,167,232,972,176,709,615,597,984,291,624,635,672,750,378,519,835,150,712,765,548,716,470,162,285,961,295,861,628,705,728,505,170,974,315,901,292,49,780,328,854,625,742,170,723,803,741,236,340,954,297,770,648,278,928,581,421,596,718,81,73,89,249,414,240,212,987,799,467,812,335,695,907,913,319,225,458,900,626,316,529,936,914,480,613,840,142,938,548,281,427,226,735,158,847,111,89,344,764,64,393,721,350,264,87,340,983,494,767,114,735,65,621,342,923,136,415,35,692,655,8,171,976,971,956,854,617,735,525,117,117,915,597,7,393,60,997,146,785,136,160,279,318,683,929,825,521,506,756,874,997,492,488,173,265,386,522,25,311,157,262,229,903,348,683,627,392,899,602,415,1,315,889,403,598,307,904,553,660,189,685,212,635,631,821,992,242,885,598,806,592,915,207,834,318,205,537,585,124,469,486,124,912,32,641,869,693,240,685,677,315,229,743,311,360,708,880,246,501,920,47,976,706,57,513,562,72,621,818,434,52,597,886,314,44,67,58,317,489,456,767,279,428,445,743,19,84,204,355,161,624,121,466,771,416,590,955,836,827,756,489,807,279,874,28,512,82,810,521,550,373,36,617,460,661,912,50,414,793,641,904,292,817,955,240,189,168,103,457,33,78,881,816,75,241,803,843,810,251,173,425,304,824,884,204,941,883,846,42,305,361,39,713,901,975,128,744,887,854,853,755,741,379,152,57,878,882,20,174,482,472,57,360,317,660,615,263,584,741,666,182,8,243,872,204,983
500,530,324,103,213,950,417,421,318,700,229,610,739,92,955,743,944,592,254,3,293,323,332,383,762,522,56,141,41,25,661,471,948,973,19,20,61,470,313,51,553,468,573,135,988,709,23,421,25,272,294,845,941,260,666,255,540,104,954,833,936,341,364,598,994,248,228,821,616,843,21,882,265,108,23,966,258,827,589,854,604,318,387,437,498,662,204,863,937,321,354,454,701,459,362,946,992,171,282,352,721,135,430,838,704,394,366,462,39,39,712,175,553,147,461,573,278,989,903,24,192,346,153,413,867,830,152,581,170,174,589,436,742,955,320,15,646,650,376,584,529,564,318,433,766,991,147,460,226,81,545,306,728,787,957,155,556,467,15,34,674,147,66,980,45,468,931,662,395,205,397,685,477,271,568,909,860,124,840,258,582,858,528,796,639,647,917,945,871,904,529,744,227,628,540,637,153,666,326,486,301,913,250,693,415,69,206,446,976,907,167,176,991,649,121,520,948,812,177,623,975,225,768,964,550,641,8,975,731,297,936,636,837,298,696,178,628,435,620,712,565,985,898,848,878,220,534,68,386,969,896,202,571,161,512,193,460,896,308,317,691,48,572,391,596,574,767,436,594,826,783,226,847,443,388,632,874,658,223,356,486,219,257,684,725,387,615,807,81,643,810,637,735,660,115,263,199,968,549,402,343,503,962,162,419,35,37,184,704,904,723,442,21,902,513,135,759,236,520,407,887,684,428,802,66,792,61,774,452,213,57,423,742,913,49,89,923,901,176,92,161,953,221,691,875,569,383,151,837,616,311,986,866,6,823,27,577,850,510,167,589,443,934,199,0,218,240,601,572,838,171,251,507,415,995,440,113,71,955,617,453,0,688,822,25,845,183,552,460,464,36,264,178,982,930,647,553,954,393,860
37,273,420,779,465,186,751,333,329,745,27,88,103,40,284,982,953,283,883,272,405,155,504,666,923,162,600,544,176,358,324,67,614,24,143,910,82,248,94,128,158,668,206,889,496,362,332,848,549,547,97,772,450,961,325,980,523,493,618,296,662,426,888,207,116,781,968,947,211,54,637,833,848,192,309,786,871,251,87,537,209,322,946,334,526,240,507,134,293,915,91,661,972,740,880,240,322,880,851,401,436,256,746,989,632,625,754,292,663,498,98,9,764,145,204,94,834,548,141,339,344,850,665,710,656,284,220,910,776,348,747,766,523,843,283,955,490,475,836,515,39,801,185,47,721,629,944,569,818,863,488,654,468,134,854,623,656,565,960,596,939,899,688,920,59,377,304,982,927,83,51,536,143,209,214,267,619,459,173,43,327,449,267,421,805,963,391,75,134,485,254,533,546,13,574,153,521,175,845,735,341,718,437,30,876,222,193,218,749,435,704,388,865,253,330,956,258,843,115,409,647,289,568,147,930,237,556,22,42,753,547,298,154,747,986,772,816,498,434,742,619,876,967,13,336,30,666,273,633,694,953,518,623,243,670,133,961,530,741,550,879,441,983,66,916,911,680,575,379,919,42,177,740,291,689,77,469,639,936,883,555,485,933,647,232,345,346,328,116,983,346,930,559,407,239,899,877,869,628,54,622,878,440,324,82,955,297,260,632,796,139,135,33,983,145,725,469,934,650,928,889,854,663,146,251,563,763,691,599,527,349,118,886,314,735,281,511,112,285,176,789,871,961,445,121,930,793,438,649,700,8,767,232,335,98,711,318,799,813,525,878,714,188,952,467,494,482,396,468,948,4,753,976,941,941,342,104,318,1,396,676,673,282,774,59,639,364,676,562,129,962,529,934,90,748,511,886,544,320,675
938,433,669,937,885,18,871,550,800,72,163,98,150,602,454,779,351,267,962,202,994,481,562,133,661,379,558,741,950,884,362,224,337,424,792,334,211,356,638,490,949,706,717,139,898,525,330,34,107,391,531,697,61,533,647,727,227,518,759,343,127,791,467,448,998,487,668,159,469,245,795,127,100,992,284,215,322,662,285,993,674,285,1,188,633,964,846,791,603,212,354,377,200,765,49,683,434,285,886,493,673,456,264,944,789,176,425,777,771,756,684,775,157,744,826,275,652,452,527,451,737,654,507,438,258,406,391,465,943,776,819,524,508,781,82,638,613,183,684,904,819,315,625,270,863,778,287,944,666,946,830,82,383,270,418,872,15,543,44,944,882,797,238,713,671,579,452,608,58,925,996,157,566,164,865,844,294,978,407,883,837,79,98,840,45,932,103,1,652,999,667,959,550,870,242,175,956,740,797,228,863,508,512,782,476,737,518,699,427,733,774,839,251,279,664,549,877,756,610,938,989,301,495,664,775,724,836,833,546,329,602,82,95,490,582,515,892,18,337,0,689,806,729,544,25,326,797,506,595,335,51,475,818,676,875,331,494,655,39,13,171,825,567,882,793,370,518,418,983,346,91,352,214,463,582,989,784,732,778,755,279,80,403,395,667,800,861,485,870,993,159,874,214,959,963,668,515,548,227,381,590,928,159,852,174,196,260,182,114,73,599,962,567,952,140,568,385,579,100,602,226,288,4,797,176,602,560,689,387,973,68,529,37,172,257,902,418,371,482,583,658,160,239,333,211,228,570,661,712,960,161,856,314,238,42,781,601,487,5,554,793,929,888,539,181,706,75,47,628,303,638,484,709,95,959,488,658,126,896,102,4,993,307,383,711,609,592,292,856,780,342,238,388,486,666,774,12,375,758,275
161,941,261,66,215,36,58,137,506,959,608,698,700,626,756,408,284,599,761,184,975,964,829,515,968,763,599,593,485,967,68,975,220,944,944,288,700,594,503,288,991,136,491,728,261,314,614,178,342,604,436,662,33,700,665,350,81,572,307,578,100,736,269,70,204,783,926,353,442,731,963,794,301,517,436,147,301,191,452,147,261,850,329,461,283,656,916,295,345,565,315,510,860,401,965,498,170,97,143,879,405,700,505,794,588,996,67,413,605,505,407,897,210,232,881,538,853,597,304,907,488,864,792,592,53,21,355,884,331,463,352,622,407,156,354,909,498,549,484,923,259,217,971,52,722,288,241,147,10,941,247,937,741,981,258,859,285,86,411,762,106,517,560,356,808,315,576,96,821,416,899,315,248,554,653,917,225,639,876,666,280,779,259,312,407,739,657,843,149,785,172,928,949,24,924,85,170,769,282,599,789,428,602,47,972,84,676,669,230,938,490,927,493,599,82,82,380,439,987,214,627,816,945,541,87,388,242,654,36,372,821,115,948,94,513,807,97,173,131,959,651,544,269,701,783,178,756,883,111,276,77,151,818,101,399,297,326,63,489,265,210,633,991,577,306,692,489,487,277,752,774,353,673,554,669,261,725,859,400,309,950,530,789,139,633,524,724,874,584,440,148,915,934,793,13,3,558,54,160,660,625,888,802,49,737,664,670,421,680,836,9,769,861,775,705,959,782,478,73,46,505,854,976,840,576,283,351,328,49,779,637,500,312,661,561,270,733,451,287,278,875,461,84,499,587,296,113,417,739,922,368,164,583,73,284,278,788,531,268,267,252,588,887,471,124,412,858,974,149,952,667,856,14,328,622,642,612,313,532,880,462,491,890,388,883,42,618,415,10,127,895,857,162,958,9,738,395,180,964,711
47,712,984,92,831,433,581,663,462,494,609,738,757,365,196,255,651,607,407,713,450,819,794,741,918,579,518,748,663,406,367,73,917,586,732,380,668,180,619,789,509,451,479,85,296,881,287,585,798,262,940,74,173,595,29,156,605,314,369,336,247,749,783,418,588,809,760,919,544,166,299,526,781,779,77,104,851,421,85,973,139,162,781,996,955,618,50,977,613,496,703,512,380,862,205,798,145,628,992,777,122,905,396,278,144,168,181,335,97,237,988,391,262,860,793,902,527,27,637,465,880,316,107,462,689,968,464,48,471,405,481,858,191,71,35,355,801,702,838,162,390,740,699,428,746,278,168,25,940,7,552,648,406,294,804,599,986,272,96,525,830,602,933,609,940,798,341,338,773,448,743,261,793,901,267,338,808,396,57,709,408,317,274,938,952,15,492,500,666,378,24,868,460,800,568,717,1,749,68,309,873,628,912,881,442,135,533,374,761,669,305,495,836,1,937,96,354,846,603,804,740,7,911,794,546,775,408,214,981,349,290,50,29,917,959,908,360,565,326,483,228,179,807,914,180,636,103,425,428,843,475,112,959,710,22,578,998,524,510,617,37,185,986,817,921,802,419,643,509,614,663,471,907,805,322,298,960,428,271,626,877,31,902,747,909,142,275,512,465,897,408,277,649,968,137,402,41,480,141,233,78,227,14,995,975,586,424,228,777,150,39,468,690,218,959,459,763,319,666,751,523,250,501,792,88,194,477,861,122,57,988,290,73,549,370,206,105,525,821,3,650,122,280,897,190,322,247,416,576,616,620,986,670,522,72,840,742,798,582,154,106,257,900,487,548,649,275,448,652,93,590,533,952,461,532,598,86,594,469,549,558,549,515,24,379,423,907,92,513,703,197,308,476,793,83,806,444,369,134,698
495,655,971,962,773,804,465,349,177,573,548,604,464,616,11,794,700,185,998,256,156,789,192,354,240,282,799,718,809,872,798,629,503,592,602,540,343,831,588,14,209,202,29,229,531,903,277,819,983,205,483,634,62,584,747,529,866,932,96,815,512,136,125,919,96,142,668,479,87,836,540,623,641,342,774,22,95,250,179,850,262,178,259,969,301,902,681,982,38,953,755,312,531,800,733,840,688,791,618,786,137,617,806,56,108,907,567,703,577,419,294,413,560,493,228,230,291,260,746,28,759,60,183,201,487,225,662,175,807,883,226,868,901,225,880,31,889,359,893,481,931,442,257,447,554,364,335,181,901,599,778,192,279,673,709,316,431,445,809,20,150,312,459,915,897,134,909,649,677,199,265,772,484,727,966,422,67,244,467,688,945,921,175,664,386,932,945,473,593,311,864,148,273,270,366,434,768,249,184,215,986,350,567,636,574,472,46,765,124,342,500,302,579,230,623,704,504,292,716,988,473,326,709,754,277,479,424,39,156,197,956,849,443,348,937,706,734,829,128,305,894,790,196,596,509,30,494,480,760,385,43,219,118,682,734,746,123,824,691,143,516,375,239,779,792,836,715,590,803,283,985,590,170,849,888,308,12,258,403,689,911,894,433,864,602,336,556,764,164,328,384,183,423,345,892,19,382,124,845,287,560,355,495,131,34,598,361,735,21,423,469,905,48,677,516,631,470,793,308,569,763,314,440,474,409,791,161,334,202,428,248,257,489,833,732,514,776,753,790,47,634,770,233,387,54,819,317,755,467,776,428,267,146,323,992,193,430,878,179,330,445,722,806,284,577,386,139,22,764,65,282,254,44,776,592,810,27,265,672,444,819,290,1,141,465,646,0,569,110,20,149,885,995,409,731,806,198,181,48,477
945,690,469,51,482,144,333,122,852,761,489,308,858,883,580,474,188,156,528,789,720,1000,514,583,671,678,91,91,769,6,12,609,409,231,17,96,828,85,194,473,146,570,238,759,392,345,154,415,313,376,980,878,0,844,950,415,156,97,754,988,977,515,745,720,104,785,97,288,907,168,1,401,92,473,270,206,110,487,793,294,623,964,736,840,238,740,579,813,453,739,557,689,538,443,861,573,410,195,881,780,304,515,636,959,23,320,944,624,640,86,416,946,945,942,371,261,272,771,288,195,419,180,485,218,980,99,119,448,914,995,587,654,192,296,565,84,861,182,262,867,795,188,483,850,628,494,853,365,184,727,245,292,946,859,87,809,701,378,133,861,288,275,972,656,176,766,345,231,534,888,390,851,22,679,681,937,388,918,478,732,106,768,299,265,961,306,971,95,130,298,413,279,540,983,601,346,897,426,48,166,386,183,971,874,728,691,63,354,85,625,64,319,628,206,656,483,970,763,554,39,373,983,424,187,834,871,145,313,268,431,478,346,614,505,551,138,279,424,493,205,796,308,254,482,885,792,777,515,18,795,967,706,352,535,533,327,313,355,784,583,65,487,592,820,11,62,133,712,659,931,356,175,526,650,496,397,605,384,46,153,223,773,369,9,364,658,326,992,855,401,885,53,276,652,931,909,291,763,547,912,480,372,63,95,228,765,863,708,481,723,37,99,459,36,720,982,631,401,317,945,207,46,159,830,313,832,448,185,55,478,525,512,580,2,201,480,9,40,945,440,539,325,717,282,886,938,382,375,579,128,187,683,158,475,20,180,160,713,725,910,844,945,93,878,61,853,694,328,74,543,683,789,495,332,566,521,164,528,460,649,461,676,566,810,181,159,689,595,586,152,796,24,97,989,299,580,442,340,357,81
552,260,339,850,258,83,181,394,843,721,290,574,308,220,174,983,203,446,426,424,380,775,884,978,753,781,685,583,326,354,662,554,145,78,221,233,511,722,990,599,417,117,354,19,149,222,92,983,53,778,620,433,33,616,164,502,747,0,547,279,551,393,36,561,102,192,416,808,235,587,340,213,14,52,7,902,772,128,515,579,263,42,846,439,468,85,879,382,430,888,619,701,50,318,439,98,867,515,414,799,89,431,17,373,904,551,936,118,528,311,819,855,828,524,508,812,651,961,609,465,142,40,848,867,513,353,729,540,473,711,337,983,780,745,232,938,151,155,589,561,641,68,896,786,733,669,511,400,323,190,677,639,475,308,842,50,572,846,53,936,142,785,830,791,904,502,245,558,832,220,304,838,112,499,562,890,116,590,800,106,99,266,158,954,358,940,820,896,944,176,896,300,31,135,493,149,44,481,919,75,949,240,929,777,650,809,790,930,929,705,234,990,541,980,229,379,656,356,99,786,268,821,599,58,109,43,179,316,145,806,780,20,853,419,639,557,78,670,26,739,856,161,608,160,462,725,271,832,376,211,737,280,900,229,694,422,926,134,973,621,357,717,824,413,529,29,489,238,15,921,881,666,960,435,307,719,487,989,993,209,182,219,387,282,374,471,136,434,450,11,86,133,641,177,570,292,58,633,403,479,327,764,309,281,466,79,144,773,945,782,785,25,618,920,101,530,569,799,539,100,602,529,860,904,265,65,392,788,960,936,200,488,854,761,278,520,786,194,253,167,431,677,24,3,606,483,405,965,748,781,22,3,883,402,830,479,22,278,745,395,939,85,516,993,279,388,409,562,2,364,154,872,263,412,448,529,552,575,596,506,544,371,871,403,586,455,74,924,875,22,319,734,499,82,72,134,951,789,662,123
668,671,965,806,735,620,528,924,679,914,747,688,247,454,561,210,976,516,429,801,407,935,935,78,443,47,19,488,575,28,355,953,126,609,572,49,716,829,695,461,607,481,297,920,25,789,984,764,850,300,210,208,590,956,170,640,613,490,853,498,680,31,789,628,660,707,336,78,476,173,201,927,607,400,342,599,823,771,642,136,623,790,981,229,655,575,83,62,347,980,751,341,716,850,678,387,352,222,510,682,257,825,177,407,877,305,823,584,507,501,417,130,911,357,568,94,795,731,547,813,423,209,970,9,174,54,991,748,750,670,347,949,6,505,673,401,941,375,358,35,503,583,802,255,839,157,711,466,785,456,312,285,401,114,743,682,13,858,186,897,803,33,561,514,202,114,515,375,358,512,119,868,286,177,541,546,781,904,943,386,120,103,180,495,832,345,512,92,228,718,683,462,625,732,145,109,645,966,891,886,770,326,532,427,436,397,919,793,549,995,793,274,335,176,827,246,675,430,881,553,998,682,279,736,146,645,562,315,885,497,192,267,710,449,135,42,791,376,651,463,502,479,676,937,705,873,115,929,697,295,751,708,208,438,917,568,263,380,268,324,790,545,479,636,914,864,408,585,591,793,820,244,926,302,565,178,849,767,521,979,491,322,766,972,146,954,768,540,260,523,833,677,265,742,529,778,36,517,243,700,904,564,263,488,960,713,5,720,613,445,533,637,746,808,286,274,572,575,43,626,580,80,12,846,230,151,263,53,915,53,704,823,531,887,272,627,55,980,611,603,637,489,870,725,453,517,561,675,990,948,33,125,148,922,465,530,46,142,799,260,172,295,474,64,228,185,39,315,430,515,290,916,838,327,683,842,180,167,540,519,181,79,552,336,269,627,323,20,776,221,657,184,6,517,436,876,460,728,212,844
961,488,849,941,619,725,398,851,520,174,454,7,922,302,688,498,694,576,869,831,577,589,845,166,461,921,963,415,588,593,286,134,127,221,308,638,541,291,616,258,978,370,338,643,291,556,628,536,981,99,419,737,27,228,284,384,280,266,13,856,675,537,64,819,123,451,366,122,639,9,373,602,713,991,135,701,251,573,37,394,792,857,297,390,42,572,810,925,150,346,299,41,379,766,328,785,269,788,565,814,126,372,212,780,469,417,333,181,937,241,884,880,681,406,285,693,340,320,968,102,546,556,552,429,698,200,72,886,385,66,135,117,909,117,100,433,144,902,881,640,778,249,835,641,703,875,477,640,265,977,533,346,430,229,444,691,489,917,104,857,266,48,884,546,315,953,837,893,453,121,914,895,263,769,769,802,551,250,482,169,319,872,332,800,145,545,566,959,602,996,210,758,219,447,765,44,799,314,546,886,898,134,251,478,913,202,733,623,607,179,561,272,687,912,193,532,649,662,229,75,218,583,403,412,746,482,440,26,631,35,351,486,923,536,910,514,928,293,543,27,86,799,316,606,429,459,820,334,174,589,10,994,492,208,742,971,886,269,72,192,161,713,448,146,194,359,738,909,196,903,718,499,894,99,694,945,577,4,554,605,54,558,694,841,517,304,100,654,747,900,128,868,745,506,386,942,165,421,502,549,9,389,885,267,262,732,992,435,559,70,459,777,65,785,515,967,316,176,948,491,200,515,658,448,638,247,843,28,784,838,684,962,674,191,707,968,323,335,311,873,169,495,676,858,979,296,23,278,650,292,931,864,574,885,956,585,563,649,388,539,988,6,737,713,918,467,595,389,559,72,502,369,872,936,616,535,737,259,612,982,179,793,700,12,909,870,844,403,853,213,345,20,735,169,92,28,807,106,95,204
120,510,708,175,48,649,787,377,614,413,297,632,511,647,553,53,48,184,547,767,41,396,896,274,459,563,837,654,963,749,657,751,469,21,802,208,490,151,478,488,568,733,526,774,571,160,411,554,866,21,509,57,827,967,7,424,67,555,553,353,670,510,208,874,347,934,402,327,138,576,815,340,222,905,458,1,945,723,332,392,391,445,461,891,561,863,319,991,230,876,455,590,892,849,868,727,103,191,46,990,478,81,286,551,778,904,784,588,920,361,998,94,380,261,408,911,933,255,626,750,145,358,94,32,218,436,463,893,71,45,92,333,957,446,888,434,755,526,878,57,726,551,729,534,803,780,586,921,700,585,651,296,953,23,779,859,943,495,830,233,346,949,635,929,69,604,282,46,232,863,185,494,532,584,172,439,668,488,809,185,967,996,634,566,544,416,82,722,229,596,388,996,598,195,494,833,440,27,72,380,849,229,411,604,337,68,826,483,769,253,571,700,317,106,875,503,401,657,836,851,179,184,809,777,37,71,42,46,460,330,984,68,759,69,842,622,226,759,60,644,183,31,439,927,266,878,266,143,274,723,704,665,870,816,572,796,72,117,836,270,978,645,510,136,432,958,659,934,842,895,318,353,141,673,435,751,163,274,408,621,508,879,525,210,731,562,243,794,397,55,245,489,414,845,814,815,581,523,293,99,582,258,156,218,128,360,844,260,936,659,356,918,26,327,616,202,21,53,651,795,134,810,908,787,195,864,696,161,507,63,88,81,516,976,558,874,678,356,916,118,643,313,246,645,606,286,265,764,257,382,446,514,870,620,851,853,845,124,596,665,200,370,944,432,175,447,503,945,774,846,964,549,322,787,972,494,611,187,134,532,954,316,237,595,875,579,913,614,42,636,96,0,809,719,314,399,718,483,408,718
950,524,849,18,699,974,745,298,616,677,817,708,598,828,227,322,567,280,705,751,722,605,624,189,452,972,491,143,10,480,821,263,587,482,770,628,155,967,200,829,368,538,586,357,644,413,287,345,605,419,386,169,251,352,301,373,965,469,743,873,984,564,959,797,885,577,376,13,336,15,654,988,104,694,215,887,601,8,256,715,251,568,149,919,599,680,527,798,256,751,509,456,237,38,542,359,371,399,35,124,707,208,681,195,672,905,234,602,25,429,272,756,833,776,683,35,102,686,630,949,156,856,485,843,150,375,283,869,173,459,286,183,365,735,89,296,570,407,904,156,60,373,176,58,832,115,184,532,76,409,120,613,210,588,861,571,330,244,829,41,13,422,412,717,381,35,97,635,553,175,685,196,646,180,260,186,740,114,0,694,639,731,346,67,523,148,802,512,455,441,459,336,293,46,259,571,238,809,898,78,26,363,803,753,485,512,665,92,782,426,747,826,851,83,857,733,93,494,665,975,293,818,530,1000,10,558,562,104,430,712,116,626,199,834,809,221,378,2,772,983,331,844,594,908,54,246,400,488,803,881,924,540,891,322,813,840,285,237,74,397,887,617,132,674,132,444,821,756,429,876,268,35,591,467,930,191,537,332,85,69,413,995,935,261,287,466,370,382,981,588,77,262,599,817,350,71,329,876,272,845,822,472,361,583,32,647,713,917,413,547,116,687,734,873,214,127,862,615,858,398,425,483,388,836,899,15,432,515,284,275,897,269,110,613,149,296,123,510,840,915,688,237,361,828,937,771,124,974,315,292,222,20,58,880,469,417,899,339,8,599,72,76,701,377,135,519,591,876,905,154,985,219,574,277,473,736,740,530,425,309,448,161,647,936,575,886,207,458,173,864,105,216,629,45,914,152,712,591,101,584
840,175,683,6,384,272,696,734,106,393,215,322,800,160,941,363,133,890,888,180,513,231,381,364,623,810,344,936,490,263,350,155,714,6,297,386,439,897,198,279,19,205,590,815,706,780,907,343,39,723,199,507,667,683,231,514,120,762,121,339,122,250,316,223,257,273,50,535,136,669,440,870,616,856,988,581,66,8,188,171,508,421,167,259,235,659,766,810,887,527,914,942,29,264,57,418,903,126,461,869,394,325,908,778,831,109,671,175,626,536,611,161,549,189,226,389,969,487,570,476,111,253,712,560,179,456,635,754,725,579,119,545,532,697,393,888,662,5,131,498,837,733,427,240,964,376,109,19,537,386,761,987,355,330,276,314,372,701,478,102,945,72,19,558,380,892,627,805,890,277,471,815,575,160,145,988,292,659,869,731,149,62,381,221,463,843,352,30,391,401,861,380,801,795,304,179,665,161,2,223,530,130,506,141,101,278,998,296,863,205,252,760,608,460,608,336,81,773,18,307,65,920,785,716,290,267,995,411,186,837,371,766,960,626,169,59,253,778,141,514,77,896,70,975,253,427,229,862,969,965,842,86,194,628,904,286,378,748,36,692,78,774,94,834,413,235,303,460,764,776,493,200,64,147,175,347,834,949,348,975,486,549,985,611,116,317,555,329,575,142,663,831,847,975,119,847,759,498,451,412,539,894,120,640,83,976,786,641,785,998,329,264,540,875,323,322,76,777,459,941,105,532,524,143,927,880,762,440,565,188,105,572,40,384,105,953,291,560,702,363,226,552,468,193,884,578,19,523,473,80,197,164,458,576,519,613,879,256,869,512,847,233,813,669,953,318,188,510,133,4,397,134,833,176,764,8,201,628,839,67,665,521,928,473,395,413,330,790,582,785,308,997,108,72,793,345,330,692,961,334
701,884,685,39,50,590,913,22,377,412,33,380,57,971,56,618,395,839,202,638,627,919,238,295,148,546,553,603,653,70,696,513,162,419,284,342,222,570,576,910,909,98,455,90,25,568,69,471,315,387,285,134,453,222,544,156,516,419,275,320,834,153,251,954,427,258,639,411,83,67,82,108,563,871,880,312,464,964,409,481,665,419,498,41,324,474,460,688,656,381,700,803,154,423,96,994,281,418,180,278,115,684,238,686,376,842,131,506,204,426,484,843,606,925,998,505,185,353,745,965,543,488,842,124,576,847,999,93,643,265,437,252,475,346,140,231,759,872,692,17,834,261,92,387,666,804,299,225,383,491,222,810,154,404,380,413,2,211,976,711,880,76,367,840,137,573,0,269,860,79,555,388,920,494,449,663,0,174,501,224,176,738,114,276,164,770,245,779,561,424,744,879,976,158,602,467,942,425,45,595,226,481,390,660,311,971,665,476,152,466,136,257,868,650,90,505,646,644,596,24,257,987,705,864,852,583,772,716,830,732,900,535,691,574,412,97,22,810,803,775,583,393,501,614,981,417,480,107,301,150,652,143,42,19,786,322,938,303,560,489,93,399,305,552,673,662,373,470,836,77,42,434,912,438,486,372,380,761,598,861,956,44,437,421,646,443,377,66,189,676,274,646,121,578,908,351,355,572,793,483,466,535,790,43,585,851,934,650,76,261,613,902,910,966,553,38,380,841,623,371,697,230,203,970,914,758,80,542,307,463,306,676,828,468,887,583,148,908,85,883,203,826,395,299,166,283,724,894,914,669,989,970,807,225,824,171,840,443,45,844,208,977,183,617,946,623,750,939,732,22,677,880,53,188,997,813,183,844,451,640,854,343,219,99,66,761,682,481,327,217,755,713,704,425,41,726,31,920,153,432
870,29,274,995,875,211,301,737,31,220,680,930,450,403,618,580,704,224,126,275,682,488,834,734,884,280,567,2,334,962,515,914,845,737,703,538,189,885,500,230,523,115,377,207,24,352,983,492,13,362,233,211,662,587,204,551,50,243,557,55,619,558,517,202,719,943,767,674,359,633,714,713,605,879,780,685,615,756,516,117,852,916,840,84,978,925,641,845,0,34,132,892,353,966,983,755,923,981,849,776,210,268,611,686,552,31,298,124,799,477,269,323,734,656,811,101,575,366,687,235,134,802,965,744,703,157,844,66,322,456,814,347,861,878,88,292,173,193,259,415,609,667,808,83,855,30,501,68,43,364,763,447,564,162,154,84,643,546,591,578,488,368,773,847,801,200,358,971,504,646,562,61,111,740,158,899,225,186,589,635,664,792,609,637,991,470,730,129,401,677,976,820,278,370,360,606,383,445,676,421,713,660,888,708,848,336,665,931,293,841,172,164,110,591,11,528,292,775,66,286,628,729,0,99,501,213,923,128,228,52,852,761,376,832,72,127,920,541,51,608,391,229,589,275,243,844,838,540,364,926,5,143,894,790,743,1,117,606,303,749,285,602,351,927,112,603,420,495,149,932,582,477,24,855,919,871,124,726,947,326,685,123,460,724,846,354,889,650,25,579,172,79,144,840,644,53,754,106,597,823,763,412,706,601,378,167,546,810,201,370,654,494,814,15,555,512,957,796,189,220,618,850,0,533,191,671,68,400,225,482,62,63,114,354,842,790,525,308,881,627,498,333,360,118,994,787,977,505,346,667,662,485,55,551,839,959,296,102,437,971,165,294,962,274,205,685,571,207,612,419,619,472,779,429,831,914,763,261,718,672,83,561,810,937,457,386,873,763,162,434,750,743,148,28,563,698,575,72,867,597
592,734,992,694,661,555,830,464,364,959,234,45,152,140,474,518,149,363,901,663,38,783,70,777,603,449,461,86,497,66,380,578,99,171,481,381,174,441,93,109,438,173,33,308,43,460,706,223,313,943,578,480,753,752,843,388,387,730,85,945,538,196,525,627,428,990,71,479,147,724,235,78,534,952,482,365,910,676,705,88,813,769,939,595,618,398,800,726,447,977,816,743,954,507,554,678,502,792,672,89,307,421,912,752,268,175,146,601,410,475,300,731,53,879,132,570,39,421,259,431,16,239,983,163,883,20,34,214,51,240,689,43,239,735,1000,981,204,618,906,811,78,914,967,151,23,114,631,432,605,284,430,251,72,82,685,445,823,785,157,960,488,322,709,896,17,496,976,430,315,317,583,409,139,460,961,443,482,874,278,117,449,455,463,141,634,515,72,735,780,634,178,148,540,379,736,354,430,86,645,648,110,929,208,15,88,851,778,238,275,496,467,457,291,635,831,148,83,237,458,744,94,551,833,796,188,81,918,515,427,89,910,724,707,367,760,404,518,425,99,814,114,378,645,376,172,328,923,780,830,2,92,216,345,442,249,740,288,13,17,784,821,703,519,849,738,201,768,96,80,453,13,519,466,316,644,217,228,675,229,272,827,701,810,733,844,37,971,424,970,40,808,960,966,48,340,519,803,267,863,747,51,304,262,403,753,760,735,678,93,311,237,748,759,384,918,987,831,914,757,858,263,320,884,994,695,6,376,709,991,295,586,352,542,159,301,993,830,826,351,581,541,448,396,915,889,672,946,816,98,328,190,724,121,583,747,962,864,60,80,713,177,549,363,543,56,406,144,76,366,510,710,913,13,558,81,722,468,142,943,134,126,125,780,202,507,240,617,204,59,58,50,735,624,811,179,693,9,158,926,474
231,509,629,296,777,216,321,10,960,277,380,898,174,62,129,579,290,922,276,61,670,18,618,817,324,380,206,722,574,241,621,23,538,29,877,507,438,546,866,118,78,752,512,839,399,263,881,256,380,686,858,177,263,472,818,53,682,885,589,401,503,94,325,385,39,820,897,63,689,953,163,577,278,851,366,632,801,294,207,808,141,883,315,691,171,129,182,146,329,550,706,708,56,239,568,407,284,501,429,309,359,759,188,568,866,492,268,465,558,421,879,959,167,943,176,171,409,629,698,769,303,103,634,979,230,364,953,117,24,271,487,513,148,874,964,90,899,593,932,318,814,63,753,198,156,781,74,772,82,845,716,227,228,781,573,243,1000,350,882,614,480,733,213,378,480,542,432,156,493,702,264,61,51,633,783,20,961,397,618,526,500,851,242,94,36,939,447,323,148,847,740,359,792,323,731,623,28,949,655,156,991,624,81,144,10,92,704,39,431,254,822,823,540,749,971,568,859,260,750,656,460,703,523,480,887,697,23,981,376,703,422,164,130,900,155,493,387,609,8,622,334,43,361,337,142,187,223,230,706,835,196,49,224,413,951,856,121,339,250,596,888,604,632,652,174,290,458,125,932,174,826,536,772,453,294,633,507,179,618,441,114,256,555,915,241,578,274,974,362,565,656,446,797,248,755,213,34,231,580,650,209,477,537,921,430,849,583,737,219,605,719,471,221,944,699,983,691,620,448,805,356,958,799,404,156,861,934,138,491,72,984,925,31,596,427,601,766,44,219,995,216,612,974,298,149,535,840,61,809,839,378,206,664,637,338,967,63,357,995,883,923,930,912,905,118,410,875,699,812,866,381,315,762,681,632,890,373,830,640,641,368,962,786,815,634,118,616,643,8,80,31,958,116,77,864,18,94,630,412,285
703,783,238,22,877,811,301,268,659,396,212,685,70,694,228,280,866,305,111,505,61,628,139,960,305,269,727,929,684,335,150,469,596,186,938,649,987,539,68,93,554,209,644,853,287,305,777,349,477,688,720,172,472,629,600,509,1,206,638,77,744,936,745,121,195,586,530,885,391,236,249,686,558,694,887,852,460,917,518,808,769,142,612,831,610,4,969,17,400,125,588,220,966,773,491,275,776,110,316,689,137,886,680,738,218,686,932,547,791,126,61,314,402,560,54,611,106,160,803,356,369,449,524,921,90,358,891,319,572,685,536,395,465,467,192,836,402,730,550,792,569,678,899,981,646,931,236,415,518,245,525,797,485,30,869,243,585,128,714,84,458,687,654,244,890,813,181,905,242,796,569,256,618,264,97,380,51,632,513,647,580,521,253,199,994,300,154,882,901,222,258,147,618,818,578,411,797,451,769,588,152,249,812,747,273,944,957,93,548,949,552,92,531,127,822,222,132,106,112,375,544,962,337,737,159,182,895,533,229,711,144,470,459,576,524,393,151,111,886,657,602,466,253,405,265,317,819,446,414,583,137,724,565,763,127,372,205,728,207,94,374,283,851,345,191,931,871,657,732,893,779,602,570,55,946,330,214,907,329,895,196,858,27,884,259,719,972,391,361,692,454,651,14,389,34,483,320,548,965,88,351,321,141,359,120,509,122,898,554,789,997,174,567,674,213,998,557,208,371,683,970,925,100,507,719,168,90,898,276,677,883,200,117,63,170,877,216,66,874,128,114,165,370,31,212,753,416,976,742,782,933,310,572,42,201,37,913,820,572,868,308,661,60,505,402,759,221,401,661,270,260,764,642,870,662,436,498,892,711,287,944,638,542,589,670,475,90,622,24,389,501,755,215,341,804,406,170,534,986,738
43,219,543,832,585,30,730,401,498,448,113,15,60,888,944,710,540,65,984,507,154,913,115,423,35,61,186,360,980,255,9,135,11,401,909,60,81,233,361,630,514,485,496,940,129,913,264,462,855,546,206,404,7,658,990,289,281,106,526,656,250,851,267,607,550,527,915,365,0,924,890,735,923,650,821,720,882,765,75,578,280,737,493,629,114,577,365,353,100,983,437,976,136,598,710,451,828,791,602,777,275,175,189,975,276,950,241,667,602,375,372,383,853,398,719,128,245,142,323,312,141,744,344,585,11,161,209,218,921,975,432,288,864,886,412,502,655,395,226,739,474,480,763,904,486,809,28,773,889,881,969,580,246,399,171,214,637,865,849,187,513,208,947,179,951,796,719,125,221,476,100,639,15,689,222,112,15,543,90,603,817,176,646,484,832,246,3,738,586,332,312,523,914,929,50,329,58,476,966,332,243,698,307,682,697,197,360,544,235,929,508,627,500,709,849,196,979,839,440,944,231,756,956,268,352,501,175,694,170,96,227,516,795,504,725,482,142,816,122,251,240,702,992,828,486,809,595,662,254,272,6,164,149,429,516,687,614,121,207,785,501,883,229,475,865,945,581,914,668,745,466,71,186,693,568,274,178,888,518,911,367,892,814,382,487,451,107,241,492,544,99,906,441,187,603,291,922,60,553,81,407,915,618,298,453,338,690,987,305,261,700,765,957,898,806,817,191,408,512,279,351,255,15,324,9,294,485,105,435,514,773,684,367,877,670,232,173,101,60,488,579,846,837,881,357,650,243,246,643,416,580,107,472,640,475,75,474,285,285,910,495,651,150,933,929,106,632,736,784,277,744,658,566,453,837,783,780,113,439,11,296,629,972,244,131,226,924,705,452,197,963,617,103,566,790,21,645,887,252,429
639,414,891,894,506,998,98,334,271,220,484,565,565,665,233,670,890,310,232,248,270,524,118,333,411,760,451,556,421,261,216,765,277,342,786,772,861,458,46,890,127,7,953,253,278,308,207,484,559,27,473,379,455,986,805,257,506,637,269,554,28,762,802,10,420,205,687,991,976,546,983,259,979,819,664,467,99,612,2,63,444,836,5,745,244,893,422,911,199,639,369,259,313,845,801,429,943,524,236,923,36,572,56,997,272,647,958,466,925,439,108,77,55,810,675,399,163,628,421,387,26,93,815,658,296,388,296,621,896,83,832,211,855,284,540,722,800,75,614,850,514,447,651,709,540,643,247,249,123,156,552,34,11,671,234,562,855,350,748,620,510,801,99,488,859,614,723,676,472,499,136,200,944,655,376,435,820,389,763,618,119,915,520,969,277,167,433,475,338,934,843,202,227,426,166,292,408,420,103,583,958,194,708,235,601,696,145,732,854,540,915,103,547,289,360,588,365,804,415,147,17,129,450,101,993,704,967,262,737,516,661,319,742,88,142,466,327,520,166,653,180,976,644,721,272,73,650,916,636,157,487,124,708,532,193,741,562,185,909,402,61,227,56,65,121,881,235,740,784,256,716,772,608,507,677,514,757,969,676,534,62,20,193,52,806,446,449,785,393,170,34,616,999,881,877,95,616,499,503,199,873,616,98,297,506,748,157,71,335,149,943,528,436,549,169,145,261,53,51,713,28,940,668,236,49,702,63,330,694,752,360,986,549,101,318,744,136,617,832,649,519,555,935,468,581,637,795,790,311,92,1,484,542,938,78,120,734,672,529,621,303,209,977,646,597,865,330,471,577,259,183,965,76,471,306,595,798,987,377,462,810,201,230,431,385,738,666,960,883,969,721,349,99,97,433,370,491,589,882,674
562,569,800,384,945,26,826,155,794,147,585,167,677,81,273,844,616,442,114,883,833,794,311,385,478,850,448,239,916,270,524,118,487,577,885,567,455,675,980,110,966,813,631,359,875,106,776,59,837,978,176,538,878,1000,378,323,978,17,560,349,815,835,921,873,216,860,48,21,222,162,174,288,642,958,287,969,285,891,219,421,220,391,604,475,167,760,673,203,167,825,215,994,987,263,261,849,415,173,239,698,965,977,954,281,205,286,943,331,475,930,127,916,845,405,598,807,239,762,767,146,237,554,170,841,917,843,160,882,971,36,265,622,179,199,3,852,787,821,743,155,498,479,9,942,846,388,339,1000,895,573,948,498,916,573,718,923,368,763,573,461,599,684,209,129,362,267,472,535,148,422,101,91,449,899,380,500,963,379,937,264,474,847,910,274,47,67,52,703,726,559,977,142,611,512,212,914,156,320,206,639,468,677,234,838,286,94,43,236,29,406,823,880,990,597,880,74,703,743,359,897,293,141,686,239,993,55,708,782,33,925,558,185,475,921,161,879,594,593,273,861,649,606,84,609,682,192,796,280,618,234,675,38,345,62,724,343,688,721,24,787,329,353,204,180,778,182,808,523,887,970,938,908,193,589,663,520,353,849,191,58,786,107,458,286,131,781,222,983,414,455,710,626,918,289,625,899,531,346,902,646,867,487,408,855,600,201,814,14,380,562,775,418,172,917,3,336,509,595,432,759,375,200,280,271,139,482,371,691,515,912,136,643,83,519,45,294,415,515,778,798,100,969,177,623,839,554,455,931,791,311,345,757,960,515,740,576,15,95,329,103,606,310,494,817,157,912,788,655,793,568,25,546,724,748,108,766,379,116,9,355,116,235,485,477,728,50,554,45,898,26,310,805,632,501,494,826,385,674,583,48
354,252,174,197,68,509,686,549,592,42,389,957,681,363,608,86,363,485,897,490,35,42,764,573,933,30,574,651,393,553,278,811,473,885,869,324,29,196,113,93,470,45,580,802,478,514,519,384,505,700,583,51,857,818,265,101,184,437,894,17,87,268,17,712,256,793,524,597,988,261,237,197,595,599,144,343,650,912,53,601,389,497,734,20,772,793,919,173,431,365,456,297,334,186,36,117,672,134,5,461,103,592,410,800,769,147,950,873,61,939,634,338,930,178,781,838,791,232,188,806,147,896,741,173,38,468,17,675,469,43,213,946,821,760,283,67,214,863,716,649,611,481,683,369,804,538,828,586,396,803,37,463,302,155,745,182,631,156,86,463,339,292,550,14,820,665,241,384,386,784,124,667,265,938,907,60,172,631,364,407,343,393,419,960,896,877,285,424,968,992,386,855,117,594,389,141,996,69,310,876,218,382,695,803,805,679,620,843,992,907,519,566,737,230,2,797,797,526,260,668,238,265,697,530,534,567,68,861,4,436,785,306,697,304,912,860,429,307,2,810,629,318,944,633,660,588,773,728,591,222,290,165,103,715,238,45,497,48,587,285,803,4,87,538,656,849,339,268,486,770,853,955,157,108,809,859,531,130,482,366,688,495,625,707,822,800,352,459,842,944,814,226,555,183,338,923,144,602,848,986,2,888,41,791,847,658,147,726,119,358,679,421,91,125,408,642,762,495,62,947,46,177,154,343,837,695,578,778,700,178,444,404,214,991,385,933,458,765,141,493,765,953,388,913,541,268,248,345,595,220,395,417,771,298,524,89,277,239,585,821,561,475,802,887,125,565,804,569,649,895,721,615,61,307,86,203,192,519,346,719,495,305,591,704,784,439,510,523,369,843,89,932,187,293,636,663,292,365,446,349
631,383,96,711,59,544,290,478,586,387,237,644,128,254,692,52,661,17,238,182,248,523,376,805,472,733,22,42,453,891,2,632,7,563,333,791,723,340,992,391,511,309,920,843,503,458,670,975,510,398,428,934,894,947,348,47,329,75,410,201,993,283,822,603,185,744,402,11,431,55,442,575,658,973,198,657,78,528,309,534,836,562,448,549,123,523,80,971,964,600,651,187,536,920,290,257,229,601,201,223,406,186,906,558,746,757,174,935,775,303,4,546,331,473,843,720,817,725,573,189,878,298,120,560,732,860,929,646,907,304,707,127,676,993,109,704,309,46,92,854,663,28,502,784,147,993,260,161,90,959,184,564,768,66,164,435,163,775,117,940,37,969,594,103,369,340,356,631,635,200,746,904,953,324,794,87,964,769,839,597,521,613,108,821,663,332,334,943,710,244,448,349,119,507,59,512,964,39,869,904,124,108,422,908,614,606,90,956,804,343,708,392,266,709,95,21,242,367,223,536,541,250,89,984,265,753,39,793,478,634,376,518,165,725,259,390,780,810,760,659,665,978,557,366,774,457,149,453,81,616,891,260,434,412,338,818,700,737,689,505,329,73,621,938,549,355,537,61,232,124,778,931,728,933,535,747,886,554,924,966,96,664,305,433,2,564,394,26,733,98,859,323,162,178,320,894,358,192,210,828,922,998,431,177,312,196,743,371,10,332,370,858,166,705,279,172,516,420,771,759,65,583,156,307,435,439,210,301,5,663,679,131,810,887,356,244,519,763,890,932,73,535,256,896,4,6,334,159,391,675,467,603,202,165,910,979,844,262,79,561,928,850,50,257,90,31,940,783,360,715,585,446,254,996,542,337,204,164,160,587,185,766,102,272,138,195,836,17,721,721,379,356,557,239,696,671,507,954,442,296
963,740,379,480,194,961,801,470,586,74,400,71,973,843,543,805,566,88,84,3,105,550,60,908,299,30,586,960,266,679,124,305,677,968,459,826,21,44,259,473,532,250,280,0,121,955,454,893,609,7,673,620,794,939,963,436,358,746,223,160,739,348,429,51,113,893,433,783,284,485,8,828,982,662,594,278,159,606,985,28,259,784,281,396,622,781,978,650,670,608,192,554,235,136,143,121,598,263,130,396,799,856,80,537,830,25,997,918,341,370,881,431,434,23,564,656,344,826,713,920,474,579,864,276,939,527,672,831,336,624,947,414,193,532,273,871,587,464,204,756,437,726,605,231,634,10,609,380,1,28,738,55,260,61,693,221,893,82,544,347,130,289,292,995,484,528,579,479,385,253,180,511,625,51,275,440,751,609,919,750,341,995,37,817,747,494,899,674,368,303,651,575,338,480,433,861,600,531,981,278,696,431,187,846,413,226,239,768,135,323,540,611,977,839,98,149,657,421,317,60,933,715,554,662,865,535,577,769,828,883,171,435,250,590,243,441,218,280,119,786,665,973,433,828,310,646,717,913,769,674,850,34,957,917,810,914,60,488,593,755,556,163,889,454,262,23,2,607,887,481,227,682,606,728,206,209,653,7,237,73,505,531,842,275,928,592,825,363,743,626,158,252,835,643,127,635,455,112,812,453,177,57,732,232,147,465,130,681,19,447,834,556,869,588,187,934,732,515,486,276,814,301,323,791,73,476,516,978,247,849,581,626,700,181,481,997,582,643,323,640,166,718,367,448,912,57,422,476,162,357,796,308,184,768,982,932,937,916,93,746,281,935,416,983,559,3,276,691,694,910,771,441,510,865,519,329,688,720,117,106,635,137,39,129,660,189,461,837,32,639,170,987,570,125,661,42,78,662,714,822
633,664,252,238,226,394,72,455,395,199,87,27,644,826,225,831,823,21,745,469,69,168,562,286,494,177,917,272,450,749,796,60,860,490,307,249,803,524,820,506,500,882,990,975,342,192,739,878,947,885,588,628,220,91,317,431,682,429,580,732,48,930,585,24,791,660,672,330,857,236,525,756,332,742,646,520,314,475,203,279,385,128,881,200,109,585,892,126,161,868,187,848,960,705,966,225,308,593,820,481,422,514,248,762,0,360,467,80,196,473,597,811,101,3,566,29,262,640,307,99,808,911,531,801,507,286,477,500,301,538,557,941,780,736,531,777,683,810,790,155,187,870,454,245,403,418,313,665,588,441,334,746,520,553,35,864,96,139,843,35,446,370,550,138,947,338,965,75,970,66,120,879,268,359,115,229,952,333,697,311,730,477,537,569,928,990,849,800,478,149,521,34,44,649,298,163,944,892,975,341,341,927,201,502,146,458,324,886,200,854,401,520,352,196,761,595,411,110,120,52,115,139,493,568,479,892,454,605,110,767,370,448,718,91,863,900,824,616,704,615,622,838,571,995,793,855,324,566,490,722,344,93,0,34,834,387,996,940,289,523,210,143,364,860,352,559,114,598,816,821,106,967,738,238,210,513,968,606,234,39,843,984,885,944,429,948,886,269,911,666,140,243,659,381,1000,173,813,683,740,510,903,276,574,14,466,109,551,196,27,371,143,882,70,756,385,62,285,381,346,152,934,434,718,895,145,533,986,134,609,312,715,829,487,769,996,4,617,616,53,399,964,400,746,432,664,78,290,180,438,999,511,335,563,582,378,675,530,804,802,246,360,726,800,51,270,337,418,855,705,177,575,640,305,97,928,849,655,430,445,387,497,15,681,920,18,284,616,544,82,529,714,997,741,732,185,935,575,10,559,495
692,555,504,704,74,116,629,835,490,769,522,926,354,646,593,784,214,149,171,218,181,644,775,131,220,621,911,999,945,279,401,416,942,594,412,387,223,324,792,733,392,291,365,7,940,386,551,769,404,920,365,845,629,295,204,758,732,819,42,168,940,909,4,978,399,307,486,555,680,736,67,296,323,184,353,905,479,803,138,281,446,65,866,618,348,458,18,731,791,854,78,605,620,401,716,346,584,74,583,686,75,595,999,415,193,102,903,474,956,429,189,93,636,667,946,38,549,989,528,456,578,117,882,226,346,424,373,178,214,965,579,202,560,560,925,1,707,351,215,806,711,191,475,812,374,852,800,923,985,232,688,273,24,805,661,833,146,548,130,686,397,880,566,216,41,545,930,671,526,534,561,120,737,350,271,922,462,275,994,595,738,948,5,119,486,90,159,43,223,559,650,501,963,134,79,12,304,444,993,235,259,313,628,5,424,736,982,933,911,593,96,535,183,525,375,991,579,100,532,965,942,31,934,984,287,332,508,159,713,382,76,798,309,668,475,681,964,753,552,169,551,641,822,852,266,627,324,137,210,464,227,797,465,874,979,334,878,907,890,43,780,81,868,213,271,44,778,768,294,777,212,249,953,323,580,673,16,140,837,69,596,745,260,645,223,329,993,930,976,177,283,514,697,898,152,916,299,292,436,198,513,296,983,258,25,985,806,78,444,241,145,701,385,149,179,104,115,719,810,557,733,165,36,21,607,984,10,186,942,29,184,132,561,894,16,886,156,199,623,919,755,65,874,519,4,566,668,556,867,743,928,55,529,281,820,827,501,202,350,714,917,642,565,603,783,217,243,736,605,775,935,912,29,403,225,288,310,35,368,956,575,302,8,113,562,339,375,211,645,928,277,829,966,988,319,666,925,22,503,80
227,205,228,142,80,985,720,964,181,547,145,304,593,104,237,842,339,591,806,23,262,474,962,245,190,980,804,40,24,208,214,183,632,612,669,77,995,593,1000,122,415,371,50,377,167,875,608,503,270,76,377,138,704,443,42,5,402,981,989,114,633,201,913,624,518,774,92,40,438,710,146,8,376,598,704,76,220,300,590,83,65,199,680,144,667,373,889,492,415,237,376,955,226,112,643,658,820,130,998,899,448,38,652,281,444,891,527,82,198,480,955,269,701,202,358,52,936,384,934,95,406,40,995,925,568,605,822,81,983,395,436,811,538,120,526,967,964,361,687,973,990,344,422,64,747,51,974,829,709,601,797,816,658,743,593,228,64,564,987,12,502,696,755,376,263,310,450,930,528,736,391,154,971,746,341,608,847,303,553,316,41,299,296,79,581,953,385,604,762,570,394,326,871,332,448,911,983,789,686,806,390,322,93,68,951,220,38,219,815,832,507,909,719,318,172,943,343,558,370,813,28,909,847,755,878,15,911,932,115,246,739,568,797,170,985,37,877,956,382,939,401,839,835,39,146,675,868,458,55,37,195,476,642,746,31,375,734,681,700,778,394,704,834,27,735,875,382,311,899,685,981,90,159,489,277,995,459,47,374,9,216,489,134,645,561,525,914,140,933,232,492,15,458,219,288,240,302,585,453,660,919,22,814,876,806,939,112,487,5,351,333,498,709,909,626,819,7,623,209,81,265,694,707,96,325,115,675,86,979,550,407,877,18,28,814,853,329,73,393,226,398,812,273,830,856,53,880,183,405,985,665,688,29,876,488,158,533,680,312,196,758,594,693,949,841,666,225,580,472,730,785,472,404,238,526,357,933,369,302,855,528,767,828,651,481,73,579,538,499,322,608,979,694,820,922,931,425,169,619,8
1000,801,398,119,472,969,31,791,972,457,360,92,129,242,436,87,665,368,838,779,806,958,772,668,638,361,606,364,858,60,396,42,616,347,693,884,88,108,225,159,507,35,201,675,793,246,96,458,787,62,635,871,801,334,354,231,595,597,991,854,874,16,225,659,238,833,251,701,708,504,25,458,407,292,110,398,85,201,402,981,132,685,606,765,416,727,150,977,971,890,232,349,294,703,542,627,459,979,931,900,659,638,805,461,145,877,737,427,163,961,17,81,368,699,13,655,124,663,847,451,411,576,443,834,905,826,810,382,528,546,63,315,268,938,696,996,926,838,983,787,388,733,688,468,21,923,625,84,65,915,220,241,117,681,975,450,754,17,59,120,701,439,640,634,802,52,240,279,106,144,867,521,598,204,247,185,732,56,208,468,903,715,90,343,529,979,476,757,916,107,782,642,27,179,479,782,619,972,301,980,489,467,672,814,267,835,247,327,798,338,936,587,422,561,105,895,62,574,667,163,130,276,33,52,411,667,705,71,582,401,587,8,106,373,255,599,310,836,134,631,290,578,926,723,768,388,335,899,336,343,695,871,655,282,273,567,834,633,706,723,357,7,531,806,358,176,670,435,237,82,919,407,35,496,842,982,723,128,195,645,799,372,212,777,374,320,827,730,570,993,396,253,338,71,48,436,111,876,488,815,720,176,623,688,256,10,282,364,270,586,543,455,515,675,817,521,926,346,423,908,72,819,592,22,168,625,860,290,330,605,287,586,534,760,730,327,975,123,290,580,878,392,128,511,404,804,682,264,837,907,119,497,984,299,347,828,5,126,333,103,163,460,761,557,987,730,808,783,876,313,695,708,979,674,908,488,849,480,910,157,629,794,314,702,515,74,149,558,464,216,363,535,370,680,315,719,921,953,787,229
436,935,541,855,42,737,70,911,619,855,713,942,11,798,1000,894,188,305,709,819,486,769,702,347,361,514,267,712,376,505,158,247,636,719,520,614,162,607,786,327,340,289,175,300,694,588,272,673,208,989,917,337,84,4,266,377,687,755,441,358,638,510,680,375,396,18,829,707,412,251,643,568,58,709,296,293,686,775,709,192,53,921,950,589,299,598,18,986,636,424,731,511,21,819,726,313,433,214,635,383,918,622,100,436,624,53,901,876,307,379,387,265,215,824,36,854,390,280,857,525,295,641,939,83,627,573,924,612,320,662,448,539,43,897,171,356,590,640,838,624,556,267,460,646,812,780,652,271,917,169,940,637,89,528,310,678,448,181,101,698,72,419,429,486,918,998,438,372,403,128,326,848,724,143,512,705,649,758,910,197,149,395,515,76,258,789,571,930,170,794,413,989,408,824,282,5,204,985,704,719,960,83,902,46,230,247,840,964,578,743,656,150,214,152,563,106,950,702,399,873,638,197,629,524,790,645,905,357,795,184,14,979,827,636,948,93,772,364,999,37,572,847,631,82,99,115,361,312,270,989,67,722,321,303,918,623,522,93,175,108,849,843,399,511,31,428,375,359,103,471,60,867,665,498,740,271,515,155,810,356,90,382,138,378,753,139,154,689,843,431,373,983,816,235,933,954,74,535,824,219,349,962,366,88,476,726,280,628,32,989,569,935,453,265,394,375,165,284,94,111,17,933,691,291,991,130,695,695,251,922,547,898,606,17,46,384,673,105,182,626,60,663,972,522,703,872,188,867,502,214,745,290,382,117,426,749,258,330,953,151,512,400,824,112,617,100,835,381,92,844,901,353,134,603,193,983,436,60,157,778,236,66,337,270,14,10,993,786,88,384,483,47,586,128,447,310,445,118,528,67
590,704,451,193,192,910,744,396,497,513,745,190,319,146,768,536,762,384,960,299,338,890,657,522,218,155,130,412,785,934,330,131,366,664,798,468,549,161,232,316,826,684,17,356,714,445,22,129,894,907,698,70,500,398,192,672,626,825,238,286,733,395,55,321,995,550,528,782,323,985,502,31,456,465,982,238,25,27,361,180,790,655,557,882,956,940,689,318,44,658,740,553,810,352,301,922,284,817,623,196,764,49,502,804,24,852,899,871,908,929,863,294,955,543,648,365,836,179,95,788,693,472,887,685,872,945,427,577,441,492,198,686,454,330,180,574,736,722,958,181,689,540,369,757,917,524,207,292,760,512,79,665,62,535,189,175,938,666,971,72,427,763,411,420,845,664,845,985,188,658,770,352,933,83,215,256,11,327,330,921,151,180,594,897,50,170,948,993,165,665,923,513,118,634,975,346,589,710,666,786,527,490,799,758,912,290,859,64,163,429,999,909,84,132,195,500,290,836,14,391,466,495,632,409,54,25,143,491,473,600,845,867,59,759,987,417,155,7,573,22,582,839,59,786,82,529,604,956,826,40,330,253,558,389,752,588,306,798,749,577,826,141,287,236,129,913,401,182,199,482,382,913,591,304,944,384,164,725,959,933,642,977,802,521,185,45,249,966,699,886,166,529,954,88,716,932,101,551,959,346,201,841,855,718,579,25,369,434,80,374,176,438,79,732,710,364,885,428,712,304,354,409,111,132,809,35,452,486,887,884,484,608,532,792,70,50,458,890,438,225,352,380,704,949,455,91,392,268,376,725,19,882,184,599,383,467,119,897,641,569,872,622,746,52,422,784,324,894,924,717,86,460,261,114,887,708,422,640,120,100,434,143,768,955,200,518,324,176,634,982,321,639,490,927,945,170,769,2,850,610
538,25,759,569,28,362,336,207,854,129,199,921,242,604,713,198,612,76,596,504,180,956,820,555,4,611,501,74,373,893,223,47,447,928,793,821,696,592,14,128,599,277,639,467,109,563,503,428,676,2,420,255,70,397,674,267,101,308,170,306,523,765,3,735,456,78,263,367,746,353,488,506,598,429,952,661,36,523,976,14,854,404,885,698,17,178,547,274,372,933,935,629,52,532,461,885,548,352,401,12,415,434,342,981,297,388,902,847,740,595,123,934,216,70,773,540,155,910,284,360,743,932,782,538,202,299,233,894,165,55,748,256,488,115,2,392,517,790,77,91,537,517,136,630,888,304,834,35,973,11,106,349,982,394,883,880,83,868,532,10,148,434,732,107,632,293,105,482,438,300,858,231,493,473,212,406,732,995,835,628,87,443,162,662,428,55,136,461,316,806,158,514,556,893,611,188,484,574,73,798,737,606,253,806,541,541,941,387,497,838,665,787,891,561,791,525,64,277,919,981,853,77,172,21,228,615,896,977,916,425,637,391,173,31,829,415,963,192,101,776,85,237,107,608,652,245,196,833,89,434,979,49,359,480,387,702,540,427,925,982,879,696,492,27,402,301,806,972,439,381,153,694,564,967,467,82,661,376,755,51,571,865,149,654,333,667,93,315,45,345,618,530,928,601,998,469,868,269,953,258,442,359,284,308,654,706,335,711,189,239,825,536,368,624,234,412,157,32,687,915,255,433,464,746,222,46,991,490,516,521,600,339,181,12,791,565,769,791,259,561,84,855,292,836,532,884,395,594,922,433,600,737,169,821,332,777,111,194,235,471,701,861,564,327,232,833,622,385,444,438,65,77,56,285,525,368,796,956,20,80,866,537,536,29,909,681,121,793,975,712,437,616,681,841,113,736,68,424,432,86
343,990,332,604,481,767,228,303,46,944,790,6,996,416,592,737,792,902,626,260,889,933,112,132,235,376,715,402,509,823,84,18,804,338,553,170,177,358,453,374,414,982,168,604,291,812,601,234,807,431,893,30,603,591,387,149,333,949,740,254,363,418,699,956,63,632,730,398,961,538,900,984,750,653,834,63,975,40,906,265,865,807,283,114,282,119,880,418,114,25,743,881,776,482,408,667,452,787,629,570,523,540,222,771,566,54,524,545,661,479,171,334,861,346,480,165,274,227,129,980,502,697,919,553,629,839,285,924,181,940,145,27,106,511,363,952,331,777,759,182,59,982,642,59,305,957,170,707,942,720,578,65,715,483,790,587,625,305,349,582,424,774,859,501,725,226,475,724,646,70,966,17,336,844,786,328,29,939,921,304,193,57,612,388,269,241,69,534,282,128,460,736,149,879,732,190,921,690,224,97,538,765,898,779,575,718,440,507,212,701,200,533,135,880,75,602,792,766,377,287,531,539,618,491,261,570,80,834,741,402,207,482,485,211,450,694,525,154,516,603,291,518,630,125,331,30,894,733,855,140,150,428,391,199,211,789,362,508,592,775,881,316,34,22,16,322,893,472,204,897,905,0,663,821,465,179,415,833,74,650,224,49,674,206,792,117,88,454,88,800,205,676,560,35,504,194,386,24,425,613,851,652,810,834,6,520,986,863,523,989,510,903,771,635,761,939,296,725,455,913,202,308,306,171,487,729,490,110,626,574,161,130,306,761,404,708,768,935,137,147,671,491,434,215,436,923,160,230,359,385,391,576,104,5,713,942,249,492,832,95,866,607,734,505,97,910,805,14,625,516,272,20,675,153,72,787,252,529,828,137,706,563,918,160,836,499,492,711,8,157,536,963,110,906,930,357,535,655,852,573
293,183,675,924,206,842,74,450,243,326,280,426,766,18,95,977,426,167,26,793,176,41,535,749,243,23,685,23,169,142,476,124,269,661,65,601,530,394,814,964,134,130,800,820,158,397,69,89,366,621,795,488,413,799,40,754,666,929,65,106,310,930,197,735,892,408,398,834,741,473,776,957,335,384,811,188,343,913,510,701,256,492,250,951,580,314,708,515,422,642,379,722,754,625,87,225,155,167,822,824,54,295,714,27,443,965,937,243,962,467,107,761,97,366,804,534,641,838,423,787,86,946,650,397,358,972,224,741,293,473,842,190,933,974,34,890,873,271,158,401,175,478,502,22,787,93,948,813,577,118,132,402,315,240,533,407,233,344,5,953,355,901,276,722,513,353,712,130,728,897,240,218,609,41,151,118,737,580,542,421,896,62,794,230,639,452,395,937,581,212,978,970,654,244,918,351,593,895,870,4,231,801,4,587,441,423,718,767,109,204,289,275,803,460,792,980,500,841,866,200,521,377,665,933,892,48,514,636,168,857,75,431,654,602,38,231,222,960,558,62,893,587,433,744,124,925,929,938,514,934,443,428,886,897,4,927,556,147,776,754,715,926,409,172,408,688,236,15,468,877,562,351,651,220,430,583,94,691,478,272,748,144,828,566,460,667,878,805,93,630,209,71,834,873,237,993,808,402,378,17,329,938,133,951,975,913,375,391,500,618,999,66,247,640,511,369,364,121,413,176,436,944,102,720,63,206,742,781,672,958,364,199,261,169,519,642,664,970,793,228,777,297,705,607,138,851,969,15,872,499,166,101,40,158,29,412,166,555,720,959,301,850,927,569,813,171,977,707,950,273,991,70,163,299,189,365,730,912,866,167,304,12,353,711,229,307,715,463,131,18,738,283,485,478,162,260,826,423,631,907
155,998,704,654,811,230,253,182,145,829,467,305,909,189,234,835,756,194,642,985,871,469,303,57,339,682,551,393,781,847,648,664,58,640,238,407,90,490,951,31,356,714,267,824,531,836,420,605,634,2,114,235,985,159,418,367,745,467,866,294,155,745,891,571,58,601,941,870,516,154,827,484,196,22,155,28,673,56,742,541,940,266,702,828,25,992,839,336,308,520,861,512,960,369,32,333,172,834,789,307,317,250,588,504,52,660,762,287,300,293,230,90,290,486,21,318,384,183,51,675,688,338,945,454,355,33,573,921,5,72,576,563,369,561,986,694,844,431,241,405,224,464,588,548,332,516,893,370,594,128,616,842,361,882,74,217,302,713,484,295,865,729,749,266,853,221,657,696,64,215,196,929,439,124,509,454,868,587,557,925,13,280,902,300,170,447,619,732,870,392,639,979,3,381,19,986,952,854,470,554,241,715,457,404,199,618,191,22,368,372,538,186,249,629,873,630,149,82,718,120,92,825,123,840,293,553,618,647,44,879,705,182,102,698,574,444,553,536,599,934,398,810,925,687,158,486,478,553,482,691,525,814,401,589,525,234,826,365,595,643,810,958,470,348,56,615,913,323,835,500,481,508,137,870,186,764,458,855,125,480,200,989,383,39,842,683,912,79,108,934,80,885,567,931,158,931,510,777,824,7,269,735,480,112,97,92,377,591,948,260,59,121,762,743,282,548,432,701,702,592,962,957,900,802,334,506,624,710,412,957,822,863,561,934,994,34,418,363,172,954,533,570,701,362,856,649,185,643,719,199,984,379,271,773,978,663,314,457,729,862,914,466,468,719,235,731,249,598,800,893,369,506,950,750,22,404,407,727,476,484,715,565,475,882,803,993,574,511,261,830,895,331,19,975,970,181,694,239,677,386
950,594,90,183,649,960,153,491,798,505,847,239,190,297,821,786,874,753,851,531,402,483,998,39,441,201,829,882,644,843,233,766,517,864,107,331,264,410,90,633,313,668,791,614,593,382,83,979,609,748,42,5,650,196,896,212,511,951,563,451,937,588,983,801,915,347,585,324,759,851,578,77,96,372,14,469,294,570,874,825,130,784,19,742,995,789,510,553,163,451,472,741,747,431,888,961,301,775,47,233,740,642,920,39,734,161,740,173,507,81,189,598,599,513,443,442,272,658,136,269,119,885,870,904,499,296,76,580,333,739,745,535,639,952,972,556,31,874,748,101,802,551,694,439,476,32,446,861,141,274,226,111,682,100,861,395,379,46,371,200,577,841,953,829,590,127,531,642,741,291,969,360,156,81,45,536,915,756,828,935,634,767,966,486,14,531,879,955,777,902,240,44,970,170,68,263,983,910,140,901,513,772,803,144,908,287,486,63,255,544,476,330,836,259,881,794,993,856,611,902,220,318,298,963,634,93,684,918,166,64,926,814,677,483,1000,158,98,393,11,290,125,550,140,225,881,432,195,290,561,429,922,410,773,355,623,71,891,819,965,816,215,259,312,167,176,326,954,937,88,955,234,240,106,368,33,93,935,154,614,330,174,400,497,656,828,344,227,130,520,796,181,968,892,480,728,188,608,607,606,153,495,488,385,926,169,53,896,645,339,598,652,210,174,960,19,123,799,201,451,951,791,262,696,3,487,50,610,940,517,935,701,824,483,310,804,60,296,926,572,484,913,598,988,737,143,961,557,560,255,579,78,398,7,691,62,410,321,479,960,710,194,547,549,53,895,455,726,701,841,874,211,825,984,452,695,337,397,432,456,919,925,403,388,774,278,22,18,851,202,446,606,429,719,336,165,638,160,983,505,330
46,644,149,411,736,545,967,672,368,1,361,286,456,1000,849,388,814,943,775,915,206,806,82,513,705,963,612,507,128,958,960,59,432,605,250,380,866,918,163,852,782,671,4,579,40,597,831,218,753,884,382,112,206,282,597,624,660,323,690,696,210,554,950,393,270,13,176,19,461,836,765,540,861,299,433,924,578,615,841,68,343,468,449,357,301,425,848,75,341,145,528,734,428,609,644,77,816,351,614,394,468,418,790,200,740,70,411,282,421,421,720,421,534,663,517,794,654,665,620,533,222,75,862,653,692,281,623,64,571,489,955,753,431,755,600,866,954,46,973,438,713,857,107,231,148,734,770,849,88,294,758,127,100,964,803,364,677,437,798,298,673,942,944,515,434,629,184,102,999,615,937,219,382,981,15,405,24,719,818,217,741,352,423,108,52,502,512,491,27,449,999,853,62,797,609,322,518,711,160,210,930,336,704,501,995,787,110,222,829,70,88,498,80,949,806,330,670,93,631,994,966,798,724,154,854,116,806,472,951,9,923,789,350,119,243,690,446,676,88,833,683,730,875,903,706,679,22,862,10,57,890,104,609,695,735,536,672,157,446,168,293,746,317,797,638,865,572,384,611,108,563,493,237,817,493,484,454,971,877,553,81,999,725,388,428,604,363,206,784,399,107,841,514,793,44,554,979,64,852,957,649,737,907,991,197,95,951,754,122,201,563,424,496,212,415,660,82,294,541,630,532,594,681,48,845,867,301,995,923,199,82,93,561,330,257,806,240,825,424,172,107,559,972,604,121,633,271,881,432,798,632,781,857,936,360,61,453,381,987,802,360,424,961,560,660,834,338,844,744,452,823,132,413,42,458,401,69,638,965,771,208,560,225,909,929,866,590,356,781,884,735,282,564,245,621,981,598,605,482,196
914,135,715,805,841,861,813,948,405,584,807,26,796,299,849,200,965,526,739,20,898,881,995,340,240,624,857,96,479,874,222,174,826,888,667,428,370,197,459,448,282,553,491,232,172,415,230,250,28,608,779,762,856,404,305,630,182,727,612,815,577,841,128,260,452,269,476,754,830,101,1000,183,979,244,341,658,91,82,781,553,935,360,504,765,632,17,808,182,385,862,842,531,745,685,830,508,732,81,761,895,369,477,922,968,371,277,849,887,142,188,949,268,286,10,47,571,7,9,328,330,61,532,211,917,411,934,430,982,481,889,509,270,47,363,580,224,116,39,733,615,377,378,376,877,480,40,983,515,573,281,322,94,722,66,774,527,340,513,772,853,24,964,882,390,348,502,62,589,467,784,918,986,751,685,367,638,892,51,64,308,987,838,701,224,925,631,239,652,930,15,970,937,59,339,584,39,756,877,274,939,566,258,652,497,776,161,866,529,343,673,524,360,441,231,717,629,165,101,450,341,525,262,582,719,858,184,273,413,42,166,759,819,542,430,328,153,613,273,633,228,382,782,594,909,589,685,525,754,380,807,634,326,594,59,157,732,772,196,439,417,932,539,635,372,430,928,240,168,460,788,618,262,694,202,779,38,396,115,628,549,68,629,194,399,479,323,525,494,423,528,675,116,573,796,385,926,471,171,294,919,604,846,125,18,421,784,173,943,205,848,337,286,156,945,130,275,692,24,413,644,761,266,929,139,480,625,366,884,174,170,609,354,745,352,52,430,418,580,887,917,906,754,637,642,362,991,447,598,750,141,29,679,926,736,211,377,684,911,979,646,326,966,713,555,466,155,540,795,944,108,647,46,93,985,70,464,370,561,427,386,726,786,607,248,236,249,14,667,844,364,893,101,360,730,19,709,807,146,387,158
879,403,621,335,973,9,253,370,573,750,453,545,326,202,977,641,373,713,146,459,217,88,733,115,580,300,914,877,188,901,401,817,775,231,940,402,252,433,254,672,30,220,609,710,206,333,366,795,586,310,307,247,359,368,534,170,928,184,836,719,573,232,826,823,13,261,948,253,558,171,751,806,266,471,1000,458,427,572,518,867,354,489,503,778,821,403,283,551,920,701,639,482,961,889,108,999,803,128,589,162,6,999,302,655,464,422,688,625,530,568,702,795,640,796,424,514,23,669,834,313,131,29,927,947,622,162,702,849,808,326,889,679,974,31,681,293,988,750,932,332,449,665,201,864,914,191,749,707,993,171,414,320,260,845,660,336,998,51,107,331,791,752,344,585,44,760,223,591,234,550,158,103,703,862,554,683,646,706,130,7,638,38,850,356,997,640,4,34,616,291,985,192,518,168,32,456,682,98,976,943,663,279,495,157,882,807,550,714,148,378,940,539,984,67,752,98,806,159,718,773,624,234,647,226,96,27,724,986,810,758,281,257,163,496,689,991,431,3,84,473,798,431,870,760,154,830,303,737,377,682,390,318,647,445,976,977,984,948,735,838,468,454,107,81,795,134,4,98,559,917,446,952,687,112,356,936,945,245,655,796,28,934,0,846,343,947,602,174,931,991,596,988,468,871,913,595,306,553,588,867,762,945,835,21,211,301,474,4,172,425,330,697,718,404,625,17,20,315,690,29,150,84,840,822,953,835,473,432,773,62,818,439,266,776,963,449,907,750,866,954,140,902,813,455,506,785,483,616,858,596,445,240,285,784,33,752,863,161,563,808,49,715,798,669,428,105,289,905,227,99,126,868,665,873,331,948,188,600,164,342,702,371,214,670,605,178,692,410,680,663,457,578,593,960,736,667,372,475,580,21
746,926,362,958,55,923,846,761,410,76,32,64,152,669,746,622,970,308,395,201,326,413,679,651,849,341,489,777,972,736,448,947,854,955,880,556,594,405,288,637,590,38,953,269,571,806,182,806,440,936,514,275,40,474,419,55,311,674,613,137,977,458,75,646,85,894,793,898,36,115,52,572,588,124,1000,52,561,83,950,356,379,267,18,361,494,125,114,59,175,33,411,988,403,217,110,286,281,468,819,328,957,696,82,160,533,103,154,115,721,728,421,801,936,613,300,610,387,719,557,432,818,174,376,561,519,167,263,974,503,225,689,508,11,431,799,750,205,490,584,955,332,687,921,864,131,539,425,868,647,469,598,184,689,612,13,983,530,297,967,177,353,891,380,626,438,615,6,343,802,731,828,412,154,184,574,912,287,520,299,438,398,621,365,939,732,130,965,439,437,802,682,834,935,750,791,906,914,491,298,818,894,5,292,335,821,378,623,6,409,478,739,429,295,23,368,659,289,289,669,6,707,580,157,776,396,986,895,544,758,61,439,663,326,255,164,970,772,334,299,795,899,762,393,968,1000,613,136,7,503,623,642,821,839,20,149,845,764,243,501,586,326,865,241,791,485,56,103,577,195,816,851,639,641,680,300,249,130,927,562,476,864,932,268,979,959,749,443,999,140,157,34,213,767,689,409,228,319,306,56,532,973,733,316,152,357,858,54,164,61,436,581,684,233,392,56,52,575,350,631,588,279,340,892,430,473,200,736,938,308,601,866,954,253,940,17,707,962,29,68,714,648,949,80,49,655,274,807,217,304,65,976,715,938,494,205,921,807,179,828,107,625,353,372,169,420,414,113,312,632,801,165,127,377,207,910,943,668,459,486,919,76,411,301,89,115,881,754,889,246,495,751,244,428,122,857,270,413,440,395,267
442,173,322,852,160,394,790,927,831,328,33,476,993,937,712,605,97,715,261,880,297,490,712,0,189,458,336,947,482,342,452,281,228,462,18,182,828,261,822,541,714,971,714,299,644,984,790,35,880,503,851,215,900,699,545,952,732,521,265,781,828,636,258,701,664,9,302,716,510,542,835,932,873,892,554,662,208,430,901,516,701,727,771,522,713,790,632,464,672,377,696,971,621,699,303,330,890,222,967,820,675,826,892,245,48,254,903,949,747,903,842,553,370,172,42,148,417,510,276,736,645,809,489,985,122,556,399,754,497,601,891,844,665,960,830,112,247,27,98,186,94,12,2,61,855,358,627,908,963,1000,237,596,798,166,858,24,346,952,556,593,123,322,661,171,890,799,797,759,797,488,646,742,594,82,59,917,552,320,898,709,553,584,626,444,213,977,318,169,275,164,466,608,510,972,561,657,835,818,132,131,446,911,287,785,893,349,867,508,459,533,833,519,649,803,492,302,697,943,548,747,306,821,54,740,463,398,863,372,408,623,943,985,12,416,517,236,754,472,192,741,526,885,731,898,711,750,797,142,417,308,971,536,684,719,268,888,870,372,735,44,238,37,950,643,642,410,488,170,82,73,271,382,822,809,483,601,697,913,332,549,451,557,312,145,339,721,614,352,503,782,243,867,96,226,717,561,645,232,637,444,807,467,635,94,523,26,268,150,186,933,152,693,420,659,134,429,63,928,240,722,840,369,364,759,395,137,776,198,302,325,708,688,698,990,163,401,382,177,106,241,501,171,533,103,663,46,493,566,381,468,266,406,135,340,714,839,963,951,86,94,700,809,987,822,981,525,106,701,177,475,407,438,299,73,720,547,131,887,651,45,177,772,626,53,308,336,745,965,980,801,690,930,294,498,579,590,792,799,399,699
180,424,513,702,811,55,855,506,690,71,574,764,465,734,584,13,707,826,368,828,68,599,76,92,335,909,684,610,622,538,398,60,456,992,896,442,644,334,741,174,303,835,913,843,936,767,612,387,312,391,671,408,352,697,148,331,282,957,57,689,39,270,610,917,517,196,91,725,989,283,14,348,391,722,588,720,84,439,221,971,876,802,993,610,440,370,225,27,835,455,911,144,800,749,540,88,481,256,930,519,988,81,524,728,291,826,194,85,349,932,341,186,391,413,940,251,724,481,299,438,954,298,181,510,180,333,67,784,428,615,544,907,737,263,236,753,129,836,402,50,234,290,274,797,601,669,566,860,601,72,900,701,252,775,267,434,404,894,612,125,551,907,698,228,832,942,156,181,788,478,372,848,371,24,695,169,173,344,720,923,249,599,411,673,717,795,251,916,782,714,800,939,321,378,423,275,264,330,515,757,375,188,844,264,468,203,308,587,753,112,630,276,695,735,660,380,8,682,36,685,235,810,472,795,625,19,523,921,184,364,116,338,557,267,373,297,136,326,282,964,303,512,259,174,613,661,597,261,856,9,233,157,188,848,882,918,540,344,194,785,176,208,374,463,205,239,940,589,932,217,789,993,465,226,715,426,244,62,883,383,442,239,222,751,677,547,185,420,272,269,953,317,976,999,505,415,975,318,103,68,722,454,897,978,187,842,706,682,462,188,706,185,531,265,875,701,565,100,208,870,347,466,441,805,855,531,22,687,682,229,691,578,299,841,531,408,127,141,556,23,712,445,329,135,523,801,517,931,511,868,693,893,948,343,102,893,952,246,474,315,931,889,115,631,495,446,430,921,707,89,428,115,260,552,741,581,963,929,343,139,425,419,363,234,834,411,886,560,253,738,525,33,670,347,274,69,417,94,418,854
195,687,44,916,518,281,931,66,158,651,259,661,431,889,330,48,265,336,759,261,952,34,317,142,666,646,732,564,667,67,914,561,732,753,564,828,952,913,371,244,526,270,323,491,79,4,799,240,989,786,980,698,992,932,550,309,787,659,583,864,698,261,509,512,175,20,848,680,825,450,559,756,698,502,179,664,141,420,649,228,550,339,518,321,421,7,231,720,800,313,203,917,226,277,82,741,242,626,384,583,669,688,385,113,611,687,544,849,938,708,949,935,972,951,585,264,159,418,269,538,70,542,669,991,18,189,53,73,995,201,629,598,156,692,830,765,343,381,20,747,889,996,547,264,968,760,376,736,583,241,716,489,496,75,370,441,331,174,718,451,144,780,777,41,109,574,275,346,799,18,918,924,969,111,177,762,697,660,256,61,704,586,329,920,677,998,855,305,738,370,420,652,555,630,183,52,809,375,105,549,939,383,356,440,165,385,800,882,711,669,58,815,10,924,851,59,722,80,238,946,130,887,218,47,1,622,846,280,817,46,592,895,763,145,814,978,651,674,848,542,849,34,332,747,41,352,585,349,280,391,73,282,544,593,290,306,999,987,815,541,313,331,500,823,477,159,711,858,951,766,646,854,904,510,518,606,116,214,664,393,578,289,110,107,484,541,303,624,403,775,190,225,109,995,415,376,396,970,140,161,469,274,552,874,520,18,281,531,75,85,32,539,848,211,514,581,669,561,606,709,812,569,988,409,178,131,743,504,264,647,966,914,528,252,819,429,573,165,928,809,167,669,878,172,391,916,17,489,314,558,852,215,107,164,892,702,523,116,936,713,237,587,523,955,444,356,97,576,127,193,690,242,48,457,379,911,184,672,269,170,360,754,201,456,955,620,449,965,20,107,828,548,121,44,438,258,324,792,339,402
236,12,142,476,777,104,381,847,172,926,985,474,134,636,368,138,766,889,348,53,751,516,381,18,493,550,487,682,205,548,349,989,730,805,628,646,779,753,190,892,805,375,703,840,402,888,86,377,866,805,868,598,836,483,197,504,689,746,287,101,581,171,862,855,651,356,150,248,307,550,930,304,438,214,26,847,29,952,844,154,616,627,181,715,629,236,874,594,687,93,174,587,705,393,852,123,700,989,526,908,579,603,200,415,931,585,482,187,210,230,53,507,317,962,922,468,602,376,663,302,662,214,298,239,35,321,423,250,827,601,270,741,11,49,250,379,703,7,223,854,808,365,268,308,268,844,452,542,505,20,316,431,180,406,880,6,207,314,82,623,844,167,301,742,846,43,567,78,240,514,725,955,632,469,883,936,716,662,990,945,348,764,407,565,579,768,714,357,318,153,114,718,335,273,262,401,704,53,769,611,822,169,893,162,947,692,397,698,933,557,637,683,53,448,611,464,882,432,533,225,787,494,618,671,623,718,789,63,839,192,937,596,403,482,217,402,33,587,82,885,968,282,941,936,815,286,331,711,487,947,250,843,21,150,479,878,218,709,885,627,912,17,327,197,714,387,513,935,555,822,650,285,822,931,913,95,270,197,671,687,650,555,293,670,47,676,532,186,224,161,865,195,332,213,495,185,558,260,699,585,741,693,496,769,904,396,890,417,566,760,543,429,615,998,788,703,524,918,167,293,100,747,146,669,54,32,861,278,236,610,290,189,713,851,534,167,16,17,67,533,42,64,218,34,636,800,417,69,601,862,194,165,669,873,268,518,791,37,267,654,714,35,460,822,169,20,749,926,534,42,710,699,758,189,923,170,808,235,712,70,535,952,445,343,705,411,395,995,202,220,549,299,439,174,551,184,487,890,100,200
700,244,715,755,933,259,930,428,598,33,593,96,938,394,399,994,618,65,583,143,156,720,51,903,692,46,732,328,484,369,1000,248,737,193,224,123,289,774,868,904,421,911,996,468,479,284,21,994,404,488,16,974,911,724,77,238,33,197,403,328,514,723,47,984,795,489,868,701,393,764,911,669,695,142,120,137,214,305,896,909,800,171,194,319,212,832,762,343,407,172,916,725,202,713,349,738,837,981,84,849,423,885,625,834,297,429,833,815,148,848,216,738,172,587,168,976,403,836,935,982,355,36,169,697,920,497,57,872,250,760,144,505,929,37,896,763,384,908,471,959,161,680,285,856,400,793,427,257,164,215,20,511,978,322,20,130,728,28,59,390,552,970,669,356,477,662,928,457,382,740,443,201,804,412,112,680,355,599,529,682,559,760,172,97,713,173,500,665,987,289,439,274,657,837,37,651,140,62,41,258,436,160,870,916,993,86,703,251,736,138,707,238,224,106,494,130,780,925,794,101,634,263,888,982,376,723,219,324,847,645,288,42,511,778,797,423,403,652,590,430,358,627,980,763,320,607,477,980,985,328,873,620,560,226,612,909,184,633,277,223,489,441,103,599,709,372,68,786,330,986,381,43,666,300,256,441,107,358,834,883,808,617,114,410,215,337,576,383,30,110,569,783,52,283,556,641,277,186,896,884,831,947,192,163,538,643,478,122,198,717,182,703,128,90,457,66,797,923,311,41,383,419,175,763,10,498,611,633,8,64,879,494,420,171,51,73,622,760,523,284,156,971,166,694,32,253,449,943,452,833,48,159,52,692,530,660,254,216,167,846,490,288,158,758,16,643,889,340,902,461,946,752,260,266,686,12,601,163,70,672,36,970,760,284,600,3,427,679,721,67,932,785,629,865,882,782,617,741,448,168
60,455,154,851,235,906,211,322,604,876,360,927,344,310,827,161,225,249,891,489,47,226,287,847,300,688,435,373,175,998,232,373,219,318,539,147,719,375,694,56,444,321,270,617,757,812,186,392,342,898,362,915,340,220,879,938,38,930,605,965,572,686,430,956,463,130,742,494,838,924,754,446,43,603,2,861,597,264,129,455,646,787,263,780,921,774,828,326,997,344,899,662,942,230,100,47,561,98,927,467,663,966,160,168,832,799,604,737,518,628,511,243,198,134,433,401,788,588,58,665,889,418,148,705,281,874,784,444,390,585,969,75,754,350,933,794,467,788,380,876,906,50,341,157,866,136,205,701,94,936,468,544,3,398,911,782,246,901,912,877,605,496,699,833,543,336,863,250,44,741,689,891,352,427,32,32,511,493,905,967,595,545,908,408,312,783,960,121,316,232,526,215,162,767,395,139,76,632,756,566,987,72,82,184,355,7,519,705,571,194,805,566,649,20,383,749,436,497,217,534,674,687,491,974,488,396,887,170,208,711,421,436,153,426,398,638,710,509,295,238,861,326,95,17,77,243,648,661,235,630,683,149,952,582,0,185,156,590,283,518,578,502,209,636,838,472,294,341,893,415,953,55,45,194,819,126,910,847,623,588,134,153,164,39,46,429,325,816,733,461,654,214,695,608,155,708,58,665,728,98,852,257,326,642,251,616,721,588,568,531,957,991,364,713,374,157,110,789,375,706,32,870,725,220,336,63,777,471,843,278,813,196,403,301,828,910,360,963,829,400,492,88,913,571,720,791,293,802,676,834,540,726,758,660,635,713,406,18,971,611,546,174,614,637,544,987,263,493,282,690,534,260,867,204,450,318,993,526,412,966,386,240,187,442,235,644,521,300,823,377,562,649,794,256,885,824,678,163,729,211
423,612,719,147,88,384,877,349,397,776,408,517,857,506,175,17,971,704,151,238,301,386,299,646,8,199,734,501,7,342,761,421,875,13,778,38,948,173,308,331,678,513,538,161,1,558,465,879,422,895,280,930,790,654,315,112,693,387,796,909,711,852,550,922,89,180,49,346,601,573,589,823,127,709,223,246,27,241,915,770,860,63,603,759,628,859,448,434,616,14,179,934,934,63,587,159,760,851,670,83,119,148,208,860,148,580,924,80,500,419,526,40,188,792,987,841,536,344,726,799,81,93,408,504,446,368,262,668,587,719,385,663,746,93,23,1000,261,304,744,49,523,476,695,0,460,101,341,642,481,816,132,48,223,559,326,726,374,475,344,221,500,2,443,236,25,370,591,641,272,8,172,736,367,585,806,587,34,630,747,810,344,475,663,977,172,910,597,156,518,989,766,562,658,408,404,449,661,551,596,166,849,100,554,46,88,971,448,333,836,89,99,982,761,624,490,185,310,404,301,551,566,439,788,912,498,579,888,66,82,619,100,90,960,139,292,881,554,251,894,50,128,161,860,831,118,271,975,575,874,417,178,630,176,957,579,126,365,856,462,346,670,943,145,244,568,388,263,192,830,598,462,784,589,900,902,34,489,399,387,182,291,760,929,894,513,347,794,557,367,399,638,65,720,360,500,107,495,786,760,550,362,378,19,221,506,531,154,459,912,834,489,711,982,719,784,974,820,416,646,734,670,5,441,926,120,35,842,787,75,312,107,340,642,192,955,952,716,477,873,746,606,385,105,612,350,42,612,848,181,72,848,192,228,502,943,388,519,995,954,395,517,954,351,28,14,798,190,642,304,494,328,533,62,232,338,610,312,194,117,644,374,387,179,369,949,274,149,404,276,647,451,535,332,212,440,197,114,938,408,233
720,287,752,973,728,953,479,858,312,283,182,301,16,19,679,446,607,592,452,979,936,927,651,46,114,919,786,559,94,330,170,935,470,573,392,889,770,165,828,163,566,688,612,718,131,132,719,793,87,727,235,604,742,245,53,835,547,791,428,66,923,799,988,421,218,852,505,879,274,901,222,176,909,567,230,917,66,863,573,1000,569,174,523,542,23,288,564,151,182,985,265,879,587,65,226,616,221,229,419,191,283,856,902,307,957,40,496,845,34,932,84,180,25,167,542,948,372,265,218,327,95,953,65,229,165,675,631,693,408,401,597,31,577,474,240,687,659,788,564,511,633,261,472,551,595,537,998,101,546,783,569,637,302,456,991,0,319,784,444,329,486,848,344,38,273,569,872,617,936,824,432,347,608,318,359,150,22,555,227,865,632,464,387,775,948,565,888,986,360,716,779,27,360,771,74,606,988,606,949,918,811,710,648,259,476,774,331,259,160,186,750,654,868,531,313,10,790,245,491,32,499,53,248,468,326,340,810,76,214,292,156,662,550,44,40,432,874,634,385,573,81,117,914,254,960,620,991,245,426,254,112,289,656,384,650,93,925,800,917,527,622,985,355,428,50,219,947,808,700,469,592,183,546,893,885,571,729,1000,275,328,14,916,54,145,887,926,719,84,607,660,376,649,870,52,943,955,84,92,383,462,502,323,226,200,314,308,361,405,552,911,462,465,699,406,189,539,141,914,778,825,133,272,561,40,640,457,47,645,601,293,215,114,536,213,48,537,632,321,74,427,539,95,354,741,449,278,436,781,664,892,18,261,107,527,62,449,659,285,825,144,998,859,309,1,812,862,785,576,448,680,87,97,629,852,699,364,711,10,627,329,366,906,703,211,331,255,302,402,469,123,375,194,198,88,140,868,840,843,43,296
651,282,755,268,719,548,305,614,455,853,205,804,943,798,787,545,105,193,164,830,738,257,361,483,686,284,583,901,494,407,936,112,837,467,896,386,180,872,676,217,752,370,500,974,377,347,320,384,355,695,285,21,218,512,718,851,824,891,637,421,561,753,173,880,460,977,548,107,345,991,901,302,931,483,19,827,197,705,430,964,114,438,978,57,70,79,719,607,586,312,573,940,744,498,773,683,531,138,683,602,382,982,231,254,715,962,155,885,24,101,446,480,418,749,22,14,179,690,910,489,66,978,335,405,845,299,838,990,777,304,358,584,925,535,987,503,710,998,182,199,299,538,346,984,924,466,30,44,982,640,945,653,565,853,16,389,56,561,443,161,226,837,200,554,701,490,241,129,607,99,191,127,386,87,971,237,560,263,548,825,788,251,926,361,426,722,201,418,648,431,193,874,900,480,500,63,787,256,953,27,707,702,428,574,39,936,239,972,3,403,370,561,721,953,219,910,377,219,295,591,728,763,203,570,755,245,992,975,909,190,778,73,655,962,140,429,261,74,475,982,168,790,615,762,446,424,945,172,804,453,176,882,795,723,19,438,459,676,982,622,420,51,272,852,584,19,917,348,784,109,656,71,674,182,25,97,233,764,330,190,929,214,591,99,498,335,413,317,385,929,325,644,140,765,448,545,890,875,737,458,789,359,818,400,965,124,354,285,885,537,670,461,413,759,592,943,636,698,658,627,523,11,546,947,234,168,215,146,977,702,461,988,522,10,443,77,351,966,368,88,2,475,912,614,91,963,239,41,504,509,191,379,281,792,419,254,779,880,927,752,127,665,473,551,210,567,337,221,503,680,936,226,550,28,896,642,187,483,287,296,968,131,733,743,355,111,774,991,943,648,77,977,864,877,745,623,44,32,642,420
988,50,997,514,727,441,613,217,634,99,184,23,751,859,639,338,602,15,317,648,787,711,596,686,905,508,97,583,838,376,856,75,239,883,1000,875,133,160,225,441,341,212,444,362,618,230,739,75,181,899,199,711,227,949,841,144,655,914,468,555,298,936,769,240,390,92,63,581,45,281,999,55,683,404,587,575,444,305,619,19,242,609,81,897,844,424,231,613,739,519,569,949,235,732,576,798,803,926,987,696,543,548,863,814,285,621,255,67,104,167,472,323,634,946,651,685,29,895,951,351,847,877,365,987,372,172,177,981,775,388,353,184,266,98,790,40,196,285,953,881,116,717,990,84,970,39,756,362,607,210,218,29,466,663,381,997,378,311,10,556,619,339,136,338,94,573,931,359,259,994,672,495,659,38,447,444,871,579,352,834,556,91,50,542,976,11,857,624,355,631,448,915,164,382,865,68,35,982,75,404,619,953,607,731,54,621,476,135,962,663,259,780,816,877,653,507,38,669,794,821,110,885,741,182,605,129,964,225,13,982,434,935,750,849,733,413,304,826,339,909,667,482,94,832,612,761,272,279,675,900,215,170,902,515,725,30,691,712,750,470,838,888,320,976,176,548,418,659,122,944,72,944,101,714,656,159,818,38,14,410,740,461,262,50,695,629,962,138,538,634,838,890,594,521,508,490,914,858,959,401,93,5,860,390,765,858,728,651,182,281,474,409,249,398,334,835,635,881,165,823,197,935,259,907,970,333,5,522,926,996,518,846,22,847,670,367,295,174,312,908,660,456,760,514,871,608,38,940,910,646,833,151,147,345,931,254,113,730,79,468,974,200,601,800,832,37,859,530,558,687,755,468,249,330,230,650,555,448,870,298,658,271,782,965,971,972,316,82,491,190,59,997,992,988,299,697,425,652,516,825
652,714,315,256,575,10,761,381,360,548,852,32,498,91,567,377,859,691,846,943,486,403,509,647,134,64,887,958,591,969,390,214,383,374,485,494,170,162,365,327,763,477,312,580,453,292,408,494,488,416,500,347,796,676,671,378,997,849,964,726,877,47,449,142,148,41,227,775,555,947,365,444,383,117,44,199,643,650,271,708,113,183,978,159,854,849,54,324,535,671,427,989,995,270,495,888,68,132,49,613,647,950,900,476,556,105,350,39,614,155,626,782,358,910,267,490,160,370,789,6,176,800,81,135,811,164,383,261,83,266,905,527,257,864,841,825,832,546,859,515,51,201,591,899,43,773,509,242,789,367,443,82,264,673,856,372,978,512,403,975,926,491,211,895,595,1,398,247,958,75,978,646,689,610,772,820,83,5,969,965,919,513,250,264,836,736,765,589,899,311,520,560,689,7,479,947,582,943,233,969,866,74,421,17,504,999,685,354,89,827,506,476,455,563,966,936,445,575,506,935,903,509,155,917,94,878,410,738,867,953,131,34,831,618,736,850,788,227,782,132,598,594,951,566,372,596,211,205,542,476,627,927,399,523,321,803,140,660,576,655,656,981,328,785,450,802,808,413,347,701,919,88,795,409,245,344,705,463,725,207,250,950,314,282,590,822,568,626,194,120,19,679,73,650,807,75,88,825,709,264,154,462,794,633,884,977,672,970,364,578,287,914,875,180,585,732,477,817,3,477,707,590,798,430,268,165,36,482,73,270,705,120,756,436,779,622,691,706,477,49,673,326,783,231,920,412,756,3,526,955,805,782,506,579,460,162,732,889,221,482,493,403,177,518,658,933,720,481,16,939,787,916,556,727,377,54,265,588,85,135,158,874,382,850,179,370,34,610,160,667,385,492,338,680,787,209,703,993,676,851
152,882,833,921,461,45,461,552,758,538,970,340,585,740,700,717,326,435,798,627,9,928,898,110,480,400,608,163,593,822,625,21,15,923,81,519,412,435,533,303,778,92,436,522,316,169,427,394,698,201,752,234,818,781,604,742,145,181,862,350,42,268,932,773,92,185,504,261,860,879,636,499,937,162,531,259,491,552,48,716,161,561,912,649,384,971,515,808,771,88,353,912,320,857,393,243,486,266,565,897,908,690,108,785,153,944,506,478,468,210,721,246,233,770,413,887,394,790,518,606,795,143,78,393,247,89,486,410,447,956,403,74,733,507,489,706,847,705,509,513,946,276,799,509,90,476,576,450,556,477,753,264,49,686,150,448,176,960,389,332,894,56,266,32,0,161,926,540,537,633,187,312,511,489,344,158,104,223,291,96,403,901,66,332,534,15,933,246,640,518,750,499,451,376,556,544,32,147,512,108,180,753,764,87,533,774,428,236,553,832,404,230,669,147,420,135,388,278,157,271,43,424,580,239,843,281,924,918,681,434,682,56,308,901,697,690,632,496,749,350,990,345,737,447,988,80,709,168,425,290,987,160,378,552,332,481,799,601,700,330,966,873,772,532,927,787,343,439,908,544,652,839,121,76,894,807,205,980,349,126,750,363,918,665,689,867,866,110,742,851,889,956,173,452,214,958,291,596,571,819,899,264,374,18,138,725,213,168,378,947,494,484,877,427,83,946,617,217,260,160,500,498,693,582,819,337,74,973,785,971,177,976,288,790,937,972,426,751,418,134,28,31,43,825,51,710,45,840,959,308,668,44,255,8,497,296,377,144,753,877,691,618,582,830,798,632,419,994,134,61,386,647,712,352,675,657,568,89,26,230,139,522,626,820,961,543,194,655,240,506,983,151,800,67,65,390,115,480,942,440
997,533,636,549,1000,435,373,194,804,143,313,619,869,868,895,390,966,144,717,504,77,927,953,691,140,889,882,458,16,872,347,768,269,974,492,61,116,605,363,801,21,874,612,497,252,693,537,493,694,209,285,509,301,923,731,450,746,870,699,606,1,281,181,314,33,890,530,239,619,654,646,966,51,884,870,756,267,319,502,40,193,921,766,229,837,880,973,367,820,748,498,80,867,14,48,730,443,975,894,4,938,389,166,383,992,376,46,535,176,374,902,710,458,66,98,611,151,774,831,178,964,179,311,733,578,567,733,678,839,13,563,316,188,757,141,961,628,839,856,396,893,781,213,699,988,912,832,732,615,678,536,747,647,432,669,866,286,416,619,979,824,80,695,836,853,300,257,171,186,815,71,458,581,277,846,76,453,650,461,917,249,353,14,801,894,195,600,521,733,324,441,666,360,641,334,835,969,537,125,940,552,648,717,546,607,13,62,684,520,440,985,740,199,511,396,410,82,48,311,226,203,846,473,733,703,220,698,238,282,309,862,868,391,999,917,874,539,378,379,1,313,150,940,416,129,659,67,655,48,518,415,116,861,257,680,439,517,770,444,100,25,912,573,750,547,19,524,506,831,404,146,732,991,771,281,614,191,562,454,404,939,779,531,917,539,489,782,459,900,417,339,460,520,564,458,207,773,402,327,306,843,426,226,996,857,645,488,549,344,978,455,94,132,569,885,10,762,759,989,802,286,136,578,979,577,184,204,539,236,696,573,766,88,242,799,187,79,867,92,311,298,339,182,0,942,587,114,982,375,41,496,809,811,820,24,589,568,197,131,564,557,845,204,435,241,664,921,921,752,835,684,489,481,819,240,781,516,197,989,462,892,516,950,182,38,303,955,965,992,951,37,458,398,758,29,23,120,245,632,140
108,159,22,79,975,870,815,196,311,673,429,5,877,640,359,856,552,654,271,757,673,350,182,282,362,152,399,769,21,879,2,166,458,712,35,929,984,187,341,455,73,783,69,192,735,257,344,70,660,382,614,242,214,806,177,738,805,806,941,9,191,856,649,878,202,978,414,483,186,305,918,178,168,906,566,897,741,699,177,352,885,133,239,47,893,622,256,698,559,585,738,955,266,519,116,125,886,484,4,356,703,342,691,901,701,475,329,929,942,773,370,965,295,337,465,727,842,576,14,874,416,714,173,198,956,669,356,134,315,324,808,741,745,335,391,131,240,102,358,917,605,719,151,537,932,728,29,183,487,328,773,395,904,318,939,75,511,129,66,376,412,787,197,680,362,563,689,152,680,920,536,832,101,373,602,106,285,123,116,756,881,212,922,204,519,711,914,339,558,557,72,965,870,390,659,11,384,220,325,632,577,125,729,192,608,300,371,490,387,221,987,386,719,322,694,683,716,694,514,694,788,649,770,943,929,884,86,143,316,855,745,238,164,14,786,910,0,531,927,39,461,350,696,471,555,488,533,250,428,778,507,590,505,951,594,676,990,309,6,560,144,580,37,127,707,187,519,894,138,307,273,530,326,551,845,795,271,888,149,591,891,647,298,857,987,622,521,174,810,690,189,601,338,322,701,138,684,925,310,710,521,234,749,760,216,536,884,548,468,490,738,918,588,611,88,487,241,476,374,168,160,984,342,22,998,173,879,347,396,831,961,613,861,930,551,197,763,642,25,302,935,246,942,759,724,110,802,601,459,884,961,262,571,614,596,912,818,70,648,734,707,635,830,859,309,743,10,624,166,855,921,908,871,874,212,133,449,507,510,991,653,914,977,269,700,540,221,826,699,499,511,577,275,163,90,103,790,183,59,794
764,360,753,640,652,999,535,801,723,345,418,375,335,299,849,65,236,118,750,805,624,750,124,394,305,295,149,168,671,999,348,962,262,56,804,668,595,387,145,314,24,598,473,287,464,492,368,732,78,1000,615,912,701,883,572,364,101,637,583,608,253,991,627,109,860,932,807,432,969,837,76,841,194,551,521,822,634,911,228,704,628,74,746,907,859,940,70,662,238,101,515,946,428,858,241,54,83,455,237,129,108,984,381,399,359,893,928,891,696,186,118,687,65,147,557,212,158,936,304,134,409,867,942,456,431,405,334,844,877,229,42,787,465,581,164,73,371,429,673,502,923,902,892,111,153,532,110,770,883,575,575,147,190,710,844,833,323,182,204,259,980,655,337,877,204,526,745,724,932,185,689,744,507,124,419,516,951,351,398,882,953,70,795,954,630,647,889,171,50,177,950,769,58,5,769,427,710,334,693,405,514,581,517,239,76,190,729,952,879,366,445,464,261,741,602,947,388,844,306,368,335,996,386,793,408,329,805,107,22,421,745,454,770,426,668,760,178,999,496,74,807,541,681,363,46,304,963,223,31,718,554,260,286,129,485,957,789,336,354,35,652,901,853,428,362,381,583,5,392,654,322,464,520,786,49,215,203,673,663,487,842,307,30,528,466,195,6,986,24,895,402,712,77,33,322,333,688,336,617,977,982,10,706,488,128,957,943,562,605,647,732,793,765,733,419,555,893,756,689,539,802,778,10,851,608,597,366,811,193,457,214,870,134,816,119,787,298,600,4,616,676,978,264,439,915,404,963,853,568,419,789,518,661,914,925,774,918,819,151,926,952,661,317,255,795,814,115,949,77,691,184,137,621,911,376,561,344,701,21,666,28,847,450,138,768,914,642,388,234,899,127,12,19,814,561,529,189,727,598,871
695,406,91,238,650,665,561,641,884,572,861,899,266,404,144,316,765,842,864,820,186,951,777,640,590,965,903,217,218,207,328,477,361,236,322,310,581,680,348,691,754,230,262,774,544,711,523,464,509,620,927,836,804,136,354,912,902,751,600,844,277,476,721,999,915,934,129,769,100,322,89,113,201,629,140,635,750,775,326,541,868,258,730,13,221,607,520,990,21,36,993,940,896,355,333,56,784,86,301,229,612,24,496,904,233,636,365,195,42,67,467,756,104,542,362,401,595,738,777,585,640,842,81,210,96,120,868,570,310,616,26,137,362,694,66,62,159,318,429,20,674,573,585,873,499,695,962,418,472,29,776,323,416,498,196,410,122,766,253,866,120,514,362,780,851,228,704,210,143,720,901,479,231,622,127,19,976,313,212,493,220,857,193,483,547,964,751,512,882,939,989,960,730,289,558,584,900,525,678,223,179,506,496,813,804,543,193,395,382,863,250,51,890,469,213,462,291,595,68,806,946,147,642,9,349,615,90,745,248,842,175,968,118,693,875,995,718,403,70,648,96,753,463,943,261,708,110,923,876,378,68,523,178,903,298,619,542,849,7,644,272,7,324,521,403,271,911,531,812,599,598,897,841,173,763,102,464,753,203,239,820,4,795,801,763,383,963,691,485,165,86,264,462,11,191,397,165,767,305,287,359,102,130,690,687,154,545,902,176,366,510,957,783,69,158,966,903,935,528,171,220,964,23,198,545,102,247,771,820,196,185,314,177,751,90,479,851,543,716,928,859,686,133,624,703,845,29,149,81,136,642,493,656,564,741,394,651,10,492,68,398,740,131,766,781,755,82,69,766,97,724,126,412,569,210,421,971,335,197,924,941,200,192,457,856,934,595,830,518,928,912,85,676,196,57,208,998,23,982,195
924,680,686,768,180,490,740,266,820,306,694,796,810,465,970,351,110,663,119,366,652,261,778,649,843,60,292,621,212,722,345,745,784,855,435,704,282,665,59,922,376,339,319,367,801,721,570,656,8,213,591,510,663,952,583,919,28,547,959,251,590,455,463,859,674,642,823,686,169,236,838,60,586,140,835,698,675,97,324,938,386,729,258,249,762,654,457,201,874,583,972,211,273,808,751,184,973,14,846,445,913,223,614,295,494,939,936,794,670,210,47,706,182,61,524,262,835,239,399,563,380,955,823,370,961,462,547,48,262,389,530,397,600,803,384,298,716,326,853,958,504,918,499,424,710,468,80,607,290,800,781,690,45,151,213,572,915,285,639,937,733,453,191,750,573,943,872,242,263,874,821,169,46,740,904,932,539,134,681,464,225,186,413,991,305,493,899,790,193,149,259,956,130,937,276,957,196,984,238,576,903,728,496,462,449,947,63,462,731,46,383,741,990,104,566,357,813,3,835,73,321,388,360,923,590,387,245,818,276,725,826,686,289,634,327,97,134,768,978,508,766,821,522,344,254,535,451,115,224,981,908,992,453,775,182,933,292,425,126,693,216,542,141,962,905,440,360,994,57,346,262,679,489,875,798,784,165,19,143,607,772,189,101,641,278,402,7,677,398,635,58,96,61,50,777,242,569,439,569,512,925,348,180,603,598,499,924,792,6,165,443,231,727,358,601,165,171,605,136,610,864,696,221,668,121,511,726,19,333,299,656,949,942,277,560,678,346,923,289,168,944,992,509,836,982,321,545,813,52,740,112,218,87,968,106,554,921,930,872,146,812,896,142,917,895,344,514,249,502,22,273,394,731,923,334,587,449,647,955,865,161,813,364,597,659,965,882,879,968,604,790,478,466,764,485,883,480,899,907,71
751,422,949,625,647,668,200,357,181,470,204,289,165,306,173,718,18,636,715,792,201,463,692,687,485,873,363,877,338,954,125,339,441,77,396,527,669,518,378,672,728,368,268,655,926,739,278,508,585,111,908,375,123,330,347,775,491,298,148,20,290,499,863,838,651,77,790,153,637,356,341,207,378,406,741,442,193,600,289,71,794,278,911,388,529,861,446,811,831,549,753,139,851,23,810,746,310,897,228,44,727,798,538,343,217,797,865,494,317,581,365,266,83,200,274,329,1,294,188,210,511,333,15,736,338,570,897,911,661,71,600,590,435,971,789,334,411,125,330,341,796,124,920,984,691,291,885,178,819,109,991,506,149,447,550,460,590,569,551,98,40,65,349,209,584,42,762,128,212,878,836,81,89,875,759,182,497,309,348,723,555,999,302,328,654,697,928,641,796,529,217,407,551,622,842,205,717,293,326,74,368,668,862,296,208,37,933,908,591,514,926,674,588,828,616,981,798,203,632,417,522,275,850,413,909,0,969,746,954,236,499,984,653,639,976,108,539,504,111,626,199,541,225,630,685,227,508,926,182,768,30,474,89,514,559,737,965,663,160,462,823,955,228,579,350,84,253,23,644,825,441,482,528,213,611,297,392,884,777,996,499,339,678,856,698,727,790,938,905,595,245,115,926,909,805,279,38,395,137,725,546,202,729,156,215,908,228,454,843,723,26,977,252,897,536,127,574,88,587,580,370,27,276,730,63,561,673,956,458,149,875,195,679,15,141,454,298,748,397,835,284,909,497,728,69,17,421,46,466,903,897,982,967,599,175,15,332,694,155,937,477,687,372,157,143,767,154,911,644,735,0,326,660,703,930,307,924,650,584,170,299,699,593,38,383,954,801,741,615,626,993,684,160,986,283,966,863,986,293,740
853,879,82,47,99,871,33,46,634,317,332,525,114,828,861,717,971,158,93,669,439,871,728,603,19,126,3,595,277,282,86,786,400,428,804,78,513,43,864,772,274,63,85,179,10,242,576,31,799,985,70,452,497,482,78,173,807,701,748,767,965,493,503,853,972,673,765,148,222,192,97,582,696,801,32,707,940,434,0,202,688,556,120,469,809,902,211,159,247,144,788,88,604,178,227,378,283,930,172,47,850,448,381,306,319,339,597,921,89,116,397,382,630,8,717,821,85,945,95,316,8,950,469,855,794,505,152,296,362,265,246,821,304,452,8,896,466,145,863,966,583,656,897,332,796,781,484,218,576,631,901,96,529,665,91,125,958,943,925,616,618,324,489,173,505,1,229,38,985,853,988,328,678,667,515,385,341,896,374,119,62,92,995,114,411,601,752,424,882,592,910,795,845,259,993,400,652,770,645,504,45,193,844,857,319,395,621,596,759,9,386,207,844,321,906,428,878,714,369,94,180,589,869,350,949,611,719,997,208,227,232,913,636,943,379,903,655,383,68,411,798,544,182,185,396,771,594,275,80,632,25,89,694,20,564,418,782,475,441,4,296,15,227,479,607,203,247,708,562,371,737,898,30,532,215,489,717,803,372,176,727,91,81,690,592,786,18,104,733,961,756,364,746,117,859,706,357,135,76,316,832,99,104,691,110,232,154,837,912,214,937,701,595,142,392,531,971,971,2,172,738,162,943,89,624,141,635,672,122,449,791,70,461,739,533,677,695,172,698,979,268,96,851,780,226,483,777,976,320,766,613,963,580,617,661,469,275,530,537,760,576,476,433,955,451,300,655,461,718,520,76,593,614,525,767,671,282,595,609,661,657,57,502,979,929,243,62,351,725,750,570,367,309,863,137,816,920,359,137,166
231,332,306,686,916,674,493,343,538,809,355,39,688,335,272,28,298,147,272,204,991,570,455,428,469,545,473,362,521,189,787,591,891,827,225,388,771,29,633,351,481,78,529,883,288,452,80,59,653,541,131,133,944,242,24,877,788,139,578,77,445,485,50,964,630,555,267,29,825,415,671,961,183,926,402,622,492,254,504,383,245,397,803,537,335,0,933,530,183,351,276,935,649,120,866,256,360,6,485,148,890,221,189,905,619,64,403,779,451,706,311,209,537,84,785,515,201,428,618,689,650,293,883,844,97,174,533,893,975,304,996,72,119,207,843,316,455,723,16,212,902,174,831,794,495,48,933,24,494,587,407,614,940,779,567,602,889,730,993,868,871,177,788,969,314,823,230,291,465,377,935,83,370,657,479,507,911,508,646,78,391,167,397,147,916,217,476,42,180,233,113,371,93,701,187,878,940,61,407,724,6,354,181,8,273,545,868,737,160,858,43,325,6,744,487,199,45,767,603,987,252,963,897,420,722,89,544,57,818,659,430,963,181,677,817,412,956,129,938,753,270,468,939,937,891,583,963,284,281,587,13,368,48,133,889,282,51,534,988,320,989,130,357,432,677,426,216,231,452,372,843,14,750,387,255,914,129,628,560,670,547,124,892,577,999,411,489,693,791,933,617,84,656,355,163,327,346,169,451,237,888,51,497,552,454,377,1000,492,916,728,964,477,394,70,199,451,140,332,182,500,981,650,604,316,51,265,710,23,219,415,301,988,539,664,872,541,50,570,706,50,120,737,325,244,857,58,420,709,652,677,744,346,324,809,166,606,733,370,434,37,39,67,159,878,203,957,248,254,287,755,101,883,709,519,377,298,294,670,711,365,669,138,100,424,994,471,397,212,902,855,499,624,397,275,61,87,466,969,284,16
610,201,186,795,714,654,140,4,835,2,364,190,470,99,487,277,398,285,713,155,436,831,496,246,345,247,389,122,640,496,572,521,17,201,535,764,82,512,368,827,99,256,199,110,639,98,413,427,89,867,969,965,852,115,732,272,845,991,695,19,441,509,974,25,399,545,571,763,918,829,959,479,955,594,306,488,621,43,797,947,106,659,502,231,768,950,65,394,910,287,233,362,991,747,608,873,389,656,19,827,167,563,523,176,604,453,689,299,11,250,889,450,726,542,454,493,861,128,125,730,784,233,809,340,648,163,261,101,218,80,261,780,245,773,410,79,229,507,486,691,164,657,490,204,805,125,740,281,956,231,217,41,43,200,755,539,540,30,727,524,46,108,486,408,538,440,657,232,555,188,293,193,786,548,153,169,53,211,37,192,575,670,869,481,504,410,406,271,220,285,926,408,820,922,588,45,113,795,855,395,411,961,218,843,442,864,258,759,613,987,26,113,601,102,29,317,762,329,322,465,648,525,552,496,548,38,322,129,821,493,261,425,81,638,71,779,995,701,990,263,762,678,689,324,35,644,642,630,811,239,781,317,923,905,737,922,571,779,108,411,506,372,146,82,478,939,763,673,149,617,21,822,531,832,980,580,172,585,577,850,946,59,989,796,548,683,153,764,280,939,403,699,418,243,597,586,375,204,432,717,974,387,158,432,676,878,831,127,645,411,543,838,162,32,910,486,911,724,728,596,379,166,639,999,4,239,470,686,701,15,110,458,156,449,31,659,658,306,132,483,996,282,93,300,343,848,455,183,93,523,502,661,858,192,276,730,669,399,994,977,70,610,865,58,29,527,712,565,966,889,963,689,106,860,657,728,111,142,58,893,58,832,516,602,391,469,350,225,765,296,473,846,702,750,574,263,977,888,214,762
928,219,417,465,96,379,805,568,510,86,161,819,632,877,658,590,704,361,268,739,88,447,175,899,442,299,983,143,86,217,328,40,94,811,570,686,917,124,512,184,871,864,18,549,294,52,829,467,896,525,34,127,910,273,456,981,191,10,196,158,552,436,246,897,392,317,79,709,735,380,638,424,198,303,717,101,400,122,591,715,602,439,96,845,990,264,9,489,692,297,259,675,438,371,713,114,605,839,535,257,190,203,379,593,748,648,826,19,40,253,861,795,898,376,685,865,380,928,258,112,654,766,599,694,733,851,117,707,113,515,182,120,77,532,430,994,425,141,248,830,423,526,548,907,241,267,746,231,859,114,586,378,906,613,897,94,790,992,306,442,587,197,81,843,259,6,383,861,492,38,718,338,934,67,530,755,258,836,411,752,431,990,303,753,260,124,898,325,262,563,431,825,369,426,724,795,509,514,93,478,269,5,710,556,716,853,405,345,135,239,182,876,103,467,429,541,715,768,206,803,47,584,694,349,450,633,357,349,7,19,665,745,773,813,984,411,416,157,390,760,909,221,903,113,357,955,822,779,598,101,426,136,727,654,486,252,779,615,401,917,380,496,642,83,803,269,635,996,864,198,797,998,801,150,626,785,607,221,51,461,686,282,775,170,876,700,885,567,581,723,713,418,277,472,849,515,781,526,400,650,648,270,901,479,511,658,183,17,457,150,665,872,922,872,364,363,925,223,557,135,357,545,588,223,337,436,557,368,748,203,41,304,227,370,403,104,485,111,602,807,106,904,329,698,81,977,982,144,799,202,809,397,399,634,437,861,479,529,265,635,425,676,313,505,475,542,765,924,815,763,502,390,115,189,785,447,611,654,742,761,148,65,968,617,384,264,494,286,456,451,842,58,800,753,390,510,210,297,964,799
138,890,88,917,146,426,770,670,725,899,396,119,787,991,601,888,666,608,480,723,795,874,27,751,975,432,784,145,182,846,342,641,478,908,81,9,500,51,600,470,201,606,595,385,917,503,311,870,602,432,727,601,627,548,23,744,309,267,369,923,212,84,577,880,670,304,712,63,38,844,622,946,157,248,739,381,291,576,961,864,310,699,913,685,985,890,516,175,306,58,769,469,774,544,219,531,809,771,131,397,413,54,784,98,199,494,38,331,402,654,758,825,317,169,370,856,177,366,714,57,984,276,610,1,483,741,711,663,142,401,548,5,774,346,265,518,482,771,120,5,839,629,575,675,597,530,42,178,278,542,294,758,681,277,954,655,149,420,166,872,878,152,508,263,117,860,87,67,417,922,362,61,275,934,999,453,848,464,122,68,391,590,153,899,8,909,932,936,114,389,93,696,626,498,618,690,905,910,430,830,498,73,468,157,376,549,268,313,247,639,981,475,804,690,502,893,445,522,933,673,13,700,28,252,655,306,52,762,716,756,343,29,993,582,418,978,999,348,991,25,926,381,825,5,859,515,36,553,242,272,450,638,177,599,575,727,230,385,120,611,626,732,564,467,265,113,749,871,456,277,570,94,196,106,660,88,606,684,625,197,69,473,45,235,994,647,564,965,508,974,716,187,589,109,168,691,992,778,277,467,184,303,511,260,893,340,833,541,463,910,569,834,149,350,751,329,787,118,370,69,904,912,131,556,826,267,848,444,65,192,820,621,321,538,695,686,889,586,450,220,344,460,838,405,859,545,424,242,825,584,563,185,585,342,457,721,244,596,934,497,210,256,516,276,302,474,583,828,126,586,392,749,913,76,84,799,893,201,967,22,653,343,335,484,772,54,877,361,255,657,224,289,269,560,762,720,863,494,612,836
335,298,599,743,21,180,973,397,226,157,912,181,592,859,336,178,839,169,576,948,754,396,775,417,7,276,380,65,605,519,647,665,414,400,350,63,381,701,806,192,986,70,377,346,796,176,696,686,287,936,242,817,460,18,177,640,488,968,322,376,395,710,875,664,347,491,673,13,801,46,856,496,814,882,599,450,859,811,462,487,87,756,345,458,737,115,640,214,68,502,109,1000,471,524,131,408,321,801,869,458,107,722,722,324,153,111,288,173,143,249,405,881,439,753,904,288,222,69,837,732,175,1000,246,224,583,698,970,633,270,469,821,811,751,875,744,312,614,775,731,604,274,996,884,528,687,0,887,380,667,964,261,855,348,386,921,261,553,400,388,457,436,290,597,44,921,260,635,741,938,777,193,781,508,252,558,363,72,589,608,586,525,680,141,978,1,719,974,311,762,370,214,508,611,123,597,109,176,725,996,736,743,570,580,275,828,18,970,870,940,337,473,121,456,355,602,280,620,347,395,560,318,555,429,564,844,631,959,994,886,460,864,835,528,35,210,997,506,892,529,132,466,741,231,666,195,764,855,93,30,399,873,220,117,169,777,109,604,449,479,646,781,39,107,910,619,562,346,38,330,705,64,789,279,428,50,704,569,967,386,249,190,725,381,132,842,367,830,278,863,561,802,861,621,484,820,749,27,160,457,779,974,795,775,247,263,519,944,404,385,857,842,814,945,97,662,394,204,474,261,296,483,112,56,385,76,653,291,881,740,205,42,436,756,327,5,30,110,296,958,236,316,737,240,819,551,889,451,424,567,486,786,708,566,687,920,672,223,377,92,794,959,451,944,565,121,535,204,351,478,587,451,111,96,377,150,26,261,32,380,615,565,144,521,278,163,994,384,116,393,789,252,96,886,145,171,251,17,773,30,485
552,791,357,28,845,726,858,377,452,854,327,88,379,528,823,365,77,636,989,513,987,584,50,631,453,563,169,1000,751,505,630,891,142,208,410,339,434,366,342,995,283,225,132,418,516,191,892,890,186,313,789,235,590,431,289,593,113,813,552,810,592,852,845,466,130,762,576,874,620,536,540,517,64,485,547,566,752,281,250,307,341,954,103,483,250,272,213,795,81,763,959,898,842,567,234,142,26,217,781,1,116,248,425,364,169,335,278,929,717,145,93,162,339,31,967,533,18,803,994,754,460,26,871,34,377,561,388,63,270,636,431,698,775,880,330,853,860,361,996,760,245,886,126,563,344,742,664,891,92,165,813,681,627,241,596,546,383,950,505,388,574,485,237,893,683,477,11,501,554,86,482,728,87,154,703,403,416,870,910,983,917,629,74,640,723,150,575,752,698,643,672,261,505,397,839,873,298,249,183,800,256,60,764,610,737,149,541,702,632,106,548,932,403,446,92,614,689,82,768,980,959,17,590,123,971,969,572,138,927,297,921,372,386,324,213,915,103,176,204,280,193,719,280,203,797,743,175,679,437,747,627,853,390,101,293,107,211,200,944,107,968,340,668,802,843,218,781,199,13,168,496,2,913,623,374,353,143,604,228,673,498,526,289,651,456,528,656,26,838,879,914,155,801,664,681,178,94,201,897,700,784,940,481,160,886,148,207,374,649,875,709,753,473,725,224,679,376,418,205,997,186,698,849,655,566,872,445,661,85,544,593,950,695,628,743,254,884,403,400,7,937,753,179,88,785,263,318,906,828,513,80,689,972,828,447,819,861,537,682,101,185,163,911,723,810,585,343,505,854,947,806,187,731,790,28,861,396,888,939,465,334,374,140,128,86,849,818,962,767,316,210,525,980,378,438,535,485,906,581,163
464,294,712,897,143,215,783,649,178,473,960,789,13,134,547,952,829,381,722,670,589,465,630,310,620,986,355,850,952,476,237,499,209,204,611,897,827,728,896,323,36,510,105,874,503,117,130,382,997,748,89,186,909,21,921,713,594,868,656,940,529,1,477,408,818,335,931,658,398,954,519,567,496,424,658,28,792,837,598,114,239,520,303,56,4,164,983,940,779,728,765,772,448,247,192,655,792,831,799,999,990,338,39,601,997,16,80,391,794,886,334,473,285,479,698,17,86,410,331,13,930,182,860,986,249,581,471,989,993,687,780,873,446,824,102,980,19,639,780,273,39,888,533,226,168,540,241,424,227,302,140,317,389,591,243,930,235,525,828,325,452,705,340,164,316,828,938,329,404,558,127,366,384,665,757,72,905,624,642,521,827,158,482,825,592,353,920,57,837,482,597,493,620,934,22,901,780,130,98,369,746,96,901,352,232,135,642,418,984,244,347,566,965,741,295,44,753,925,995,457,532,215,176,745,365,7,326,44,266,377,366,381,513,447,215,295,491,825,399,772,435,144,613,276,204,120,569,288,461,786,172,933,145,84,706,411,67,279,629,83,916,460,164,199,860,968,366,945,862,411,925,754,798,379,7,63,434,768,202,142,16,972,449,118,992,508,73,282,853,179,810,866,774,539,736,912,212,337,162,850,749,399,256,581,267,707,304,705,462,668,489,882,669,832,859,400,627,260,921,569,282,958,278,651,733,834,59,992,934,758,939,801,845,808,636,746,704,198,889,612,362,796,62,313,151,751,141,926,747,887,494,283,718,127,692,789,877,581,669,992,531,83,702,377,276,690,498,392,209,226,96,755,714,681,139,130,117,649,936,187,511,379,123,846,154,544,573,212,896,124,335,486,546,775,862,711,82,901,778,913
363,565,801,787,906,517,743,926,249,868,498,189,671,168,443,844,45,528,941,198,709,781,97,984,339,811,885,214,857,75,510,849,47,439,835,599,556,945,359,733,696,374,43,362,31,330,170,415,749,197,446,858,53,220,451,465,781,610,717,728,685,685,514,286,308,597,282,128,989,89,156,348,734,641,923,346,145,435,962,960,30,269,398,269,880,989,37,80,337,972,119,696,473,416,841,139,553,311,988,532,755,166,904,597,566,810,865,14,172,603,42,244,854,706,377,482,486,664,618,72,773,646,772,440,817,443,7,126,196,7,628,210,69,781,27,312,492,285,108,858,398,746,492,175,28,384,145,269,755,467,860,115,396,190,646,362,161,524,882,29,832,356,18,924,827,616,857,201,75,685,145,829,923,297,912,921,926,330,817,716,288,361,399,564,303,498,539,249,380,456,67,688,343,52,749,993,805,717,838,87,428,509,463,186,647,631,705,960,787,299,763,178,925,300,421,886,89,540,647,632,956,465,25,733,208,70,572,14,250,111,693,844,352,653,349,711,410,897,741,319,155,729,707,289,927,144,321,127,388,247,703,233,844,59,929,724,512,819,991,928,338,207,7,233,333,7,454,899,761,20,384,956,909,324,453,988,561,166,71,715,813,523,890,506,138,452,192,622,388,259,244,898,799,446,954,179,91,514,559,223,830,533,353,923,548,277,535,165,141,430,889,529,800,738,615,616,532,221,949,167,376,582,241,224,724,901,929,404,34,165,737,905,233,699,265,653,825,704,776,113,134,342,320,528,770,119,21,264,116,627,184,571,912,718,197,790,341,556,36,269,91,801,553,142,171,295,774,879,439,255,45,308,107,602,12,749,909,276,72,477,414,146,280,274,786,784,874,444,379,411,587,407,356,180,631,752,669,579,414,116
357,202,150,567,729,883,775,284,628,675,464,902,72,254,78,436,549,239,668,816,843,242,254,69,426,540,10,706,436,568,132,591,739,51,443,426,21,973,237,488,715,290,653,872,791,708,187,11,690,291,513,349,292,121,64,269,29,67,40,292,125,88,848,309,651,754,968,415,312,295,877,719,714,471,486,330,332,475,673,955,833,669,954,362,607,702,299,191,472,9,185,438,941,374,399,12,418,902,549,788,260,573,748,848,759,528,586,255,104,391,606,859,594,976,278,352,259,756,737,455,225,298,913,343,758,941,771,929,33,884,969,19,967,26,387,481,184,279,346,574,196,961,171,704,730,756,866,955,135,245,681,250,367,277,182,832,409,866,764,84,209,456,135,813,124,725,307,390,435,960,687,539,779,176,693,532,315,16,286,203,213,368,584,866,579,112,251,193,719,372,565,323,211,390,719,375,799,153,545,495,915,301,453,404,779,83,917,660,584,685,46,793,636,275,400,769,550,268,127,726,625,538,340,657,31,97,41,357,776,281,630,14,885,386,490,242,208,973,775,693,721,103,748,819,221,348,921,585,763,399,189,290,875,223,356,555,16,603,123,445,283,900,318,801,365,135,977,734,602,364,405,728,842,475,295,817,353,125,575,628,431,42,893,102,888,519,762,267,279,939,159,799,218,105,995,853,355,993,14,808,439,978,900,773,510,521,242,865,119,680,616,861,392,105,646,940,184,18,499,230,279,636,353,670,866,279,812,736,918,451,642,971,153,613,226,71,161,173,754,837,372,226,549,454,506,121,740,854,601,477,737,703,523,357,691,721,135,723,495,874,568,621,116,622,382,931,342,511,689,370,601,239,217,935,446,7,510,386,710,354,763,99,661,892,361,132,905,40,729,292,663,713,862,690,468,626,382,789,55,599
851,932,205,800,380,924,197,83,81,641,884,778,493,368,928,122,467,817,862,556,479,258,243,87,473,44,968,622,719,113,535,13,204,59,653,668,313,138,687,569,260,618,730,377,949,717,938,470,108,21,530,159,130,753,157,9,461,965,923,960,373,618,149,667,293,268,40,927,764,845,16,784,326,297,153,106,746,624,930,841,285,854,583,911,839,417,57,449,133,52,973,275,341,498,470,784,930,221,277,126,895,14,38,528,712,324,942,193,63,790,714,771,909,522,352,495,23,435,368,189,603,660,715,431,604,867,116,20,1000,470,415,999,195,239,605,112,55,138,724,685,789,402,701,952,730,900,725,316,200,709,700,649,131,716,332,665,284,313,311,143,493,311,188,447,410,963,993,43,1,497,891,376,200,31,949,308,301,518,920,219,587,308,599,165,706,63,788,646,769,394,357,442,698,960,794,839,364,102,587,307,128,256,830,278,944,317,718,546,326,672,50,86,296,112,289,105,482,895,685,711,619,441,179,986,627,535,321,746,722,686,566,688,62,514,327,516,480,786,495,698,561,0,502,93,916,690,49,802,188,730,326,408,684,534,303,918,36,346,571,707,272,331,194,536,246,583,774,578,912,946,849,722,961,850,780,975,469,953,982,899,438,989,41,738,610,799,880,790,591,160,920,701,621,965,728,294,404,206,543,271,301,102,794,515,254,818,517,931,1000,514,947,35,80,272,328,69,557,331,556,998,184,281,792,502,232,127,337,68,928,763,512,746,676,957,215,361,689,296,589,362,195,961,462,259,873,872,487,875,975,164,584,899,845,443,669,119,523,807,346,938,718,159,554,788,431,371,378,391,322,169,853,960,589,137,321,410,918,739,762,119,427,579,42,671,84,486,274,727,874,206,154,720,262,204,285,886,478,359,30,194
622,999,258,370,949,403,505,549,603,614,506,399,390,765,663,980,70,969,485,205,578,748,276,210,560,41,122,838,589,174,665,26,933,458,789,2,214,134,808,36,615,246,827,701,287,410,137,439,475,386,649,606,624,848,644,872,701,959,981,238,777,849,458,604,141,566,993,177,455,118,929,211,161,338,245,139,160,397,261,152,762,551,352,45,155,218,680,667,614,113,739,683,933,811,883,39,209,550,468,608,942,856,529,789,988,55,767,224,363,808,410,462,848,640,783,345,646,258,16,723,920,804,119,640,139,351,19,674,21,668,443,516,414,833,478,913,863,368,778,844,649,60,569,259,614,462,423,490,161,476,10,592,187,905,767,277,248,151,501,641,189,858,177,987,199,991,879,285,78,303,309,189,542,696,392,909,979,642,820,376,369,945,925,954,608,636,465,309,323,235,31,972,238,803,76,191,114,207,255,233,961,39,348,567,910,319,594,454,733,768,538,303,654,306,829,172,694,415,160,740,850,541,451,143,428,292,916,175,752,279,740,7,96,140,988,882,153,364,94,564,380,905,487,895,689,538,538,350,601,565,278,199,149,758,251,23,418,315,316,797,104,283,441,435,270,257,287,215,330,334,459,505,145,748,937,242,296,13,146,890,912,120,675,340,537,21,451,94,750,315,733,219,896,982,481,464,399,489,885,194,619,384,122,157,848,408,63,311,497,832,537,159,409,82,150,587,868,823,172,252,57,198,389,758,255,696,599,16,924,479,934,103,569,692,628,665,305,219,767,269,345,527,638,804,861,492,363,205,312,966,489,194,914,825,14,538,419,100,586,89,39,771,795,111,573,331,922,312,584,769,369,91,86,264,130,626,7,292,931,574,734,155,9,181,340,278,593,612,923,907,116,782,781,621,267,456,997,595,138,814
372,221,475,878,503,657,755,790,281,648,66,904,688,648,253,829,944,895,72,187,42,151,676,568,583,610,309,291,387,754,34,12,260,614,693,892,999,938,927,254,531,687,522,202,38,180,411,990,866,729,843,17,663,169,296,7,770,368,917,112,779,788,192,127,503,772,694,485,303,448,297,563,138,119,401,849,462,264,661,525,201,594,187,651,552,220,421,883,915,307,872,526,772,271,122,928,644,441,277,328,675,887,921,665,408,913,525,541,923,423,618,975,757,925,473,755,679,604,554,481,123,431,243,189,601,817,868,802,393,309,880,320,700,164,292,63,406,65,596,449,187,30,739,989,161,80,738,65,335,666,35,189,173,772,581,934,964,242,95,680,497,267,868,834,112,706,164,723,353,392,211,56,747,660,982,251,314,531,821,173,103,881,716,625,250,72,716,199,444,760,437,926,299,221,18,951,760,415,906,559,247,764,598,909,438,542,695,987,506,405,953,857,603,382,676,991,488,266,36,899,150,906,435,671,457,772,932,569,894,351,653,50,967,641,869,199,134,441,186,843,134,477,266,687,935,77,64,732,802,810,561,778,840,962,347,935,956,634,212,43,611,393,849,591,289,160,242,220,402,591,816,73,215,205,602,364,137,349,725,228,714,540,124,897,255,341,942,500,381,100,375,384,412,585,444,602,303,679,854,693,475,759,633,821,322,238,553,764,624,610,731,196,470,543,586,2,923,93,313,597,589,792,787,499,359,91,365,926,541,962,635,33,586,955,643,664,418,134,869,44,699,977,514,91,721,927,366,69,26,914,289,35,118,641,765,270,557,114,211,269,994,423,96,815,359,14,332,90,291,708,847,94,294,262,146,814,840,260,226,16,970,541,65,173,555,701,350,587,868,996,471,734,316,670,615,982,679,224,92,485
516,332,546,675,223,571,832,218,263,292,798,636,451,790,82,828,579,683,166,728,855,236,145,789,252,523,987,529,610,894,50,296,476,593,829,808,342,122,763,404,605,767,153,794,535,266,286,857,861,53,565,485,470,221,496,902,3,397,849,322,237,962,667,220,556,622,233,801,900,782,346,479,84,707,415,562,851,450,308,64,721,756,183,24,771,478,178,911,409,969,473,78,478,616,75,37,703,745,752,919,604,87,912,252,355,488,354,675,393,21,458,968,602,812,672,191,111,711,629,263,47,229,782,427,99,220,357,603,838,736,568,367,252,471,56,213,887,153,259,825,753,246,870,985,514,192,429,846,857,147,606,379,765,433,141,98,893,174,57,259,16,997,7,755,493,247,692,438,347,245,497,199,345,824,459,772,589,664,878,810,182,51,89,856,745,675,638,160,656,278,586,533,306,47,26,781,415,716,780,222,782,419,567,190,171,304,341,572,23,590,327,354,794,935,632,806,998,881,867,449,152,372,318,95,511,588,605,349,39,921,561,292,630,918,362,548,700,741,530,345,32,805,896,575,52,28,788,455,110,492,903,442,141,62,311,205,166,416,818,165,629,544,822,760,968,899,281,336,395,49,88,514,434,227,512,383,863,510,423,486,800,92,697,237,801,70,192,323,513,832,955,465,384,947,637,346,351,149,802,586,804,877,678,654,826,105,108,328,876,638,586,316,889,456,878,841,465,830,856,281,951,921,220,804,519,200,679,186,735,689,368,926,908,450,599,133,769,830,359,904,379,415,68,881,863,643,905,679,174,889,925,271,640,440,670,357,467,768,709,182,535,815,91,270,359,631,448,274,186,252,862,52,69,135,907,373,901,394,252,892,186,886,766,759,865,20,580,629,929,537,456,275,950,118,878,412,588,33,319,201
123,352,591,1,793,943,612,175,969,604,35,193,978,812,67,219,991,75,518,58,29,425,482,56,932,676,567,100,66,686,132,359,210,670,295,133,462,698,467,183,656,95,12,864,299,747,773,776,396,601,697,479,907,202,647,880,243,165,970,498,63,920,921,744,883,519,221,185,775,744,901,954,692,642,790,220,783,839,854,780,953,469,741,238,80,674,984,404,395,951,639,347,954,791,60,18,683,681,569,560,230,420,170,760,63,146,464,241,290,918,458,471,946,829,122,647,219,623,54,766,40,561,306,817,9,88,436,980,373,442,747,745,490,776,54,809,217,871,579,796,727,398,71,711,4,405,592,545,333,385,604,122,691,829,19,254,799,957,169,348,834,40,219,934,326,39,468,646,576,34,820,168,932,932,79,306,16,155,446,537,962,397,294,648,195,737,724,583,86,288,673,860,635,576,982,354,883,329,517,244,763,875,893,964,733,282,192,302,36,561,269,368,114,625,151,346,525,777,133,118,242,313,286,881,209,532,525,410,755,466,239,601,194,973,875,358,514,488,668,845,179,36,320,734,843,895,691,962,183,366,705,922,987,611,274,134,568,939,602,839,449,303,455,403,640,50,848,530,970,827,175,908,450,675,335,743,348,42,886,174,995,880,343,645,317,0,41,315,387,319,560,907,774,203,21,840,343,169,381,977,628,129,637,685,428,318,390,610,188,704,369,689,276,50,465,49,26,963,374,330,118,19,525,974,603,669,728,69,980,205,448,393,394,992,808,10,820,667,518,193,264,929,559,871,246,776,859,816,746,671,706,197,148,377,415,210,882,908,136,95,592,838,974,726,338,907,189,618,688,191,272,669,622,852,652,561,680,870,194,927,857,877,131,162,455,175,467,483,944,822,668,742,963,620,62,478,517,137,805,858
757,742,32,662,626,725,257,549,69,291,344,579,266,613,22,375,966,806,848,542,366,59,546,166,255,964,631,276,586,375,630,718,576,287,134,438,88,183,687,525,563,722,989,398,108,201,53,260,898,325,15,503,515,70,401,838,548,130,679,825,795,913,639,492,435,927,778,558,224,626,344,388,438,880,861,747,501,49,986,178,947,522,935,145,103,139,508,240,500,895,74,266,902,633,218,668,682,685,777,391,424,693,460,50,255,50,691,57,408,995,222,777,204,220,979,968,177,957,816,644,635,853,839,231,471,107,183,862,96,374,496,443,894,220,925,29,928,482,765,270,987,712,226,911,500,971,272,801,581,896,462,559,976,635,868,614,249,97,17,374,114,798,705,7,561,697,50,797,327,193,763,334,996,396,334,411,24,659,843,861,286,959,723,402,781,518,893,493,124,910,562,837,655,78,69,716,241,61,726,869,402,704,976,350,468,299,713,478,154,275,911,763,255,6,993,319,569,494,615,861,561,147,495,483,837,280,453,498,390,706,701,298,89,42,104,205,212,153,682,145,774,43,279,960,321,315,828,773,258,613,44,557,771,125,845,785,402,475,387,717,344,844,793,280,107,295,171,917,440,806,989,937,392,331,939,97,385,743,22,378,685,470,56,554,188,649,463,448,361,517,15,613,270,957,468,792,727,985,754,255,813,439,580,390,737,164,321,189,993,767,65,146,959,530,236,469,940,49,826,582,951,628,603,1000,977,655,768,701,608,399,573,48,333,87,722,299,36,753,420,863,936,858,785,879,128,806,533,926,897,600,281,32,197,524,568,861,664,912,457,904,762,876,39,689,930,206,751,586,417,530,5,364,403,464,908,335,834,349,427,389,686,336,794,315,986,331,867,108,646,214,22,399,781,4,875,658,119,891,126,25
0,637,634,317,535,549,38,648,865,67,248,300,303,15,706,690,473,986,375,587,997,353,172,871,567,277,232,791,335,418,986,128,521,120,12,565,386,427,59,952,773,612,723,98,912,111,907,219,228,403,257,234,400,965,431,75,868,410,769,341,976,769,171,918,794,678,520,87,584,327,62,719,464,974,754,696,899,330,168,973,289,88,462,506,930,482,797,593,336,289,127,250,315,572,826,3,449,224,537,458,728,1000,456,366,847,837,263,115,478,262,375,174,435,395,449,319,802,43,505,318,254,101,670,141,319,356,201,391,835,732,459,272,151,673,643,157,190,123,657,802,969,510,440,220,142,119,92,6,826,807,672,565,11,783,29,882,751,399,815,314,681,19,23,36,820,742,672,48,660,559,498,806,11,996,68,970,70,583,34,96,122,284,87,172,601,632,416,680,566,736,447,419,8,934,685,296,917,576,675,126,527,441,109,613,339,46,940,768,635,674,611,280,166,668,506,422,171,51,407,153,266,848,955,342,207,858,671,300,233,103,735,227,35,79,378,776,917,598,356,465,684,660,669,198,162,940,557,487,496,105,14,433,408,995,912,825,834,489,481,73,146,6,313,212,336,710,990,514,877,505,377,645,456,339,600,392,912,143,570,974,807,265,181,582,845,353,263,159,957,518,286,580,655,63,264,183,854,970,147,543,612,381,213,93,842,946,892,193,250,467,647,642,239,193,735,892,900,556,571,449,990,630,664,592,429,16,974,848,73,443,8,283,768,971,552,690,911,665,474,89,445,299,235,399,157,590,498,541,569,936,145,259,849,134,532,869,519,476,506,698,879,503,147,603,89,189,244,548,775,599,764,262,784,611,124,172,558,657,25,893,829,300,639,957,894,996,38,944,841,130,873,747,915,687,335,339,424,668,449,657
426,265,861,248,582,528,195,172,350,909,936,459,75,248,970,274,21,371,407,310,590,257,857,542,770,119,735,905,794,726,965,105,151,268,354,409,830,757,79,487,986,788,556,260,21,759,675,130,305,399,493,240,506,967,957,366,88,50,871,218,390,683,11,48,688,783,612,194,864,941,263,612,0,780,930,168,830,853,484,916,448,441,367,221,823,667,905,914,319,263,961,894,253,455,14,809,714,958,695,933,118,114,184,211,841,673,529,834,588,240,639,830,308,492,424,262,96,380,117,896,879,792,467,470,382,823,411,543,699,936,726,3,47,491,169,740,753,508,551,574,572,298,297,188,928,704,963,816,19,112,718,449,322,702,727,775,368,629,916,356,227,857,341,790,326,611,636,570,38,683,194,415,322,672,738,139,177,403,836,131,603,470,3,340,788,179,105,298,932,899,452,722,656,940,831,923,992,106,224,293,665,469,224,468,909,696,672,988,551,532,588,322,236,621,454,331,130,157,198,421,227,782,70,573,877,214,460,401,696,468,422,803,308,398,282,606,688,402,299,924,129,500,152,743,698,416,532,205,464,848,888,516,997,882,803,318,658,322,805,908,985,390,334,693,69,295,380,563,475,280,75,940,14,744,503,169,581,152,936,143,160,994,377,982,334,57,652,659,388,778,804,370,875,739,508,669,123,520,179,666,73,673,411,808,284,635,278,603,835,957,255,980,717,822,621,78,317,853,385,756,533,919,482,974,793,430,63,912,263,813,930,500,586,227,838,683,940,363,237,91,672,706,952,104,359,623,562,928,427,872,612,860,818,252,679,801,258,587,564,854,876,917,858,594,949,964,864,502,962,999,696,102,694,194,967,458,721,261,884,349,960,834,642,406,212,534,308,842,864,948,100,718,899,723,788,935,446,65,525,63
858,955,874,4,950,325,406,488,896,512,763,733,728,218,479,316,451,666,836,865,429,106,506,274,50,112,699,10,911,229,806,903,647,515,678,154,54,22,244,149,667,875,216,379,439,442,422,375,183,534,78,540,123,250,672,162,523,405,911,437,770,566,36,93,82,663,561,693,964,318,34,532,617,488,820,11,31,844,621,843,969,70,529,922,623,650,674,905,31,585,764,895,293,999,26,877,116,391,666,236,840,719,144,709,217,158,33,416,405,721,269,464,513,983,561,246,840,132,860,392,500,122,630,642,444,204,11,859,206,633,71,616,100,523,170,121,66,451,346,751,199,146,441,338,652,940,871,794,489,174,52,17,727,123,280,445,452,960,700,794,182,179,387,264,139,842,492,402,425,559,483,434,808,867,990,860,256,729,466,904,510,811,301,801,964,952,338,126,398,696,946,42,108,800,107,965,861,180,993,271,715,672,36,236,682,156,67,675,55,534,792,130,273,155,565,461,255,141,503,144,239,319,896,693,621,578,136,830,359,990,438,301,837,854,698,761,170,716,478,427,307,375,566,630,337,281,639,648,863,270,912,224,751,588,448,775,410,216,738,870,987,819,652,268,139,728,449,199,188,729,789,290,276,386,250,943,170,5,135,666,935,607,403,647,349,185,610,736,150,760,164,867,885,971,753,462,623,728,840,121,158,921,506,476,929,921,321,170,594,633,780,967,464,872,442,896,400,157,687,444,222,989,200,393,873,641,851,949,423,785,845,867,283,506,46,973,177,182,343,469,411,323,772,36,820,287,295,718,947,802,966,69,430,125,323,886,595,420,57,867,150,16,398,159,3,520,371,694,872,702,258,31,285,116,44,589,462,730,892,267,708,116,403,753,409,613,712,578,453,127,922,840,194,266,67,329,432,985,842,213
715,741,712,629,453,845,41,713,374,653,105,930,914,983,503,669,756,287,418,174,856,814,836,617,6,495,177,789,371,651,581,396,450,816,728,319,743,204,341,978,973,180,568,720,584,471,471,13,914,467,923,251,248,687,877,108,536,36,397,201,155,116,195,679,607,106,954,825,810,339,993,171,306,559,942,55,559,691,998,894,394,135,47,439,690,704,661,622,639,797,102,725,387,478,193,247,301,904,575,67,916,53,801,342,482,705,675,763,772,344,350,212,844,118,888,518,789,722,282,142,804,526,733,799,101,973,969,213,42,375,621,340,337,762,749,484,871,466,539,510,876,844,530,91,381,929,600,93,428,833,134,936,39,432,61,33,174,728,840,968,220,898,172,860,786,271,331,184,973,935,295,899,988,533,536,594,535,950,474,237,640,592,524,847,59,294,772,125,734,842,867,787,316,473,615,970,620,0,792,327,515,770,729,532,249,235,470,526,470,976,92,455,789,820,429,494,447,852,209,712,652,700,672,276,411,199,128,365,372,947,634,572,63,44,267,254,733,310,212,750,885,440,614,781,583,295,5,559,848,985,837,397,557,47,866,632,887,439,822,661,131,235,72,676,359,108,113,544,163,62,163,786,382,711,444,622,242,193,21,327,332,737,802,491,79,390,694,465,976,37,37,961,856,173,683,503,634,910,886,577,992,595,746,424,800,643,288,815,370,328,610,639,450,273,741,151,960,871,286,876,189,933,220,509,475,320,188,104,123,323,211,430,727,898,786,681,677,382,356,498,649,960,690,993,651,412,694,864,229,156,27,116,565,260,506,95,247,175,956,817,716,351,532,859,190,208,486,831,724,118,194,281,92,582,244,193,809,939,940,403,698,589,170,885,460,171,194,121,600,487,487,381,737,511,790,577,612,815,927,739
434,731,25,206,918,298,161,488,935,939,736,799,281,333,888,554,140,918,845,586,240,16,333,613,178,615,385,621,644,497,509,891,827,921,801,364,154,588,133,594,321,25,491,690,148,789,714,872,342,609,2,868,596,760,431,162,798,851,659,423,444,100,746,569,547,294,150,648,777,726,144,630,660,652,513,173,459,676,755,585,772,361,369,171,614,667,290,37,920,354,697,594,767,739,444,478,43,386,553,405,489,185,859,827,915,125,163,466,67,120,439,386,270,952,616,663,556,639,126,111,404,935,46,435,172,472,266,764,149,861,125,763,635,929,308,982,360,526,960,710,921,679,293,349,557,885,504,54,848,330,915,182,859,995,966,115,206,544,165,240,344,168,888,164,477,477,372,579,475,713,584,199,247,920,35,466,141,129,112,311,479,986,231,567,318,854,217,965,684,704,581,154,446,776,165,858,700,977,941,675,630,458,134,613,988,716,858,744,730,299,663,193,756,682,864,54,878,760,537,171,411,642,843,712,457,875,234,263,960,743,507,671,13,368,693,166,855,689,188,903,315,352,367,496,559,83,507,946,97,41,305,432,763,759,207,482,611,495,31,245,760,373,81,102,747,729,310,179,575,777,927,502,365,252,447,408,69,61,66,330,621,669,520,241,919,426,800,86,154,785,923,289,338,125,227,618,496,449,434,550,416,272,10,331,951,563,989,908,769,228,310,261,258,319,3,330,989,783,490,206,45,499,507,286,827,118,64,517,543,370,797,795,50,416,25,744,765,128,753,332,765,81,831,667,386,193,371,520,537,713,145,238,370,99,851,132,90,893,898,362,708,473,373,699,889,185,848,198,321,911,39,835,369,928,406,473,727,675,957,415,150,956,561,4,708,305,710,482,126,797,357,462,762,903,863,919,534,256,480,282
939,506,774,833,112,336,1,158,989,952,142,626,135,552,317,306,475,400,552,176,411,526,363,359,498,557,510,460,622,550,924,62,669,795,103,386,336,565,809,644,497,935,822,724,87,858,916,936,223,14,591,267,211,279,934,541,786,876,922,177,250,534,985,708,775,120,792,668,965,598,604,165,143,670,902,768,473,170,153,755,487,512,683,319,752,985,258,227,877,979,378,278,211,439,925,244,386,132,730,773,195,279,597,408,977,796,439,830,502,681,468,760,206,315,329,617,705,332,519,744,82,331,717,902,277,308,707,411,712,121,172,809,223,804,202,133,563,823,255,322,931,196,275,920,286,957,876,440,627,308,759,370,58,858,619,375,875,27,680,639,463,836,638,636,344,629,226,551,313,63,380,650,213,782,511,40,935,149,841,602,604,464,541,278,393,101,924,357,607,198,18,131,103,272,883,303,284,495,325,768,218,260,43,402,117,347,909,549,798,218,498,331,891,544,34,147,161,390,945,975,124,17,506,187,644,925,138,173,113,502,297,786,410,522,503,692,625,783,415,320,655,562,609,851,24,734,724,6,305,183,929,590,296,255,388,888,384,155,919,377,112,389,27,603,54,355,751,941,471,771,104,656,165,699,906,823,462,233,849,187,605,629,265,693,130,82,548,91,364,483,181,662,732,271,847,858,904,51,318,322,225,413,270,158,77,595,707,576,868,508,218,541,922,925,156,737,235,97,808,30,223,568,108,838,810,214,351,709,35,17,82,429,186,151,716,686,990,886,654,754,987,83,505,808,897,700,795,901,927,219,384,20,482,728,298,188,666,662,693,704,288,22,10,762,946,326,440,663,818,887,855,474,970,281,452,673,436,781,205,938,55,710,931,605,271,124,828,988,256,551,238,392,615,980,722,264,217,708,62,682
73,428,46,976,798,374,594,467,625,51,157,678,619,676,604,783,160,649,868,696,361,169,554,454,461,320,571,714,84,572,201,631,949,878,738,0,629,433,898,72,350,781,464,386,16,487,158,702,590,834,660,959,895,781,492,670,730,381,636,599,113,922,63,706,594,973,55,16,180,87,299,669,866,364,752,955,1,211,57,579,400,676,91,570,328,1000,494,936,561,648,944,602,244,566,780,541,34,827,487,718,812,420,573,892,339,924,380,319,306,487,832,155,998,546,798,537,501,248,554,413,71,446,800,220,405,601,327,917,326,866,841,89,948,245,981,688,746,621,883,504,829,505,886,489,761,655,263,339,399,82,277,133,926,373,440,138,324,960,863,30,650,367,252,449,581,532,159,346,556,532,203,589,669,39,619,356,75,612,259,568,707,480,517,683,569,598,867,195,597,895,142,966,410,875,941,436,892,323,794,626,352,978,198,748,519,855,303,378,929,253,698,377,338,135,983,42,297,180,209,452,651,293,418,923,101,943,304,123,555,340,238,535,748,724,457,284,560,973,102,564,691,254,109,156,277,244,749,966,81,611,895,45,952,894,96,44,788,670,289,423,587,723,401,180,328,717,180,726,127,788,993,894,182,240,744,144,295,343,713,380,947,289,960,282,630,341,578,280,513,550,332,798,589,282,470,466,993,952,636,595,123,857,861,472,727,148,7,745,514,18,318,531,919,391,35,670,644,620,226,801,452,995,380,6,355,290,832,164,371,805,838,870,993,381,84,1,418,764,679,204,400,467,913,998,38,919,791,478,580,779,872,982,894,906,191,449,116,554,350,896,649,6,193,165,236,448,146,230,161,569,666,205,709,655,827,752,679,286,10,67,757,180,250,368,124,251,440,515,99,685,235,235,302,360,556,424,980,747,346,794
909,238,817,649,698,624,543,686,688,587,950,487,297,671,604,931,449,459,163,203,852,474,757,39,878,588,372,658,8,544,458,485,59,891,317,984,478,615,608,103,509,444,906,773,839,415,638,35,456,787,386,794,432,861,948,517,957,63,972,541,121,229,435,817,897,839,151,16,635,778,531,180,795,78,68,568,12,223,673,268,579,384,575,612,394,547,674,955,318,739,820,91,645,108,420,893,376,354,138,962,469,384,631,455,774,805,371,406,282,734,15,323,250,201,438,740,297,708,298,969,546,480,785,115,665,401,268,37,955,880,686,69,926,734,164,685,930,729,669,541,553,88,747,315,816,32,586,635,869,608,818,571,975,838,989,663,571,413,691,439,350,938,337,100,600,70,3,15,146,920,815,385,913,92,916,337,825,357,448,595,992,974,132,696,580,818,666,466,836,28,939,348,929,398,502,973,368,911,45,36,697,139,979,655,41,583,743,865,687,106,591,537,352,193,920,254,379,33,147,143,686,991,665,887,459,670,201,278,250,226,351,211,782,366,105,102,455,374,969,337,686,453,776,776,715,616,502,963,967,548,920,124,410,954,893,719,131,919,791,443,953,453,929,783,768,874,225,997,422,886,701,834,710,347,309,163,625,979,248,173,873,635,622,465,729,456,581,597,701,407,904,693,930,677,847,142,882,938,813,414,600,537,188,562,800,991,550,835,939,349,285,940,448,665,430,983,860,505,737,465,710,892,713,452,473,877,241,723,987,306,350,344,133,677,230,426,724,859,429,355,587,541,561,397,67,676,832,293,346,489,161,181,449,759,402,937,1000,767,50,55,851,602,373,244,453,536,730,390,401,802,461,719,965,184,697,862,620,524,500,937,868,985,518,33,644,559,449,587,52,732,566,61,744,709,825,400,500,481,783,821
233,202,227,7,592,119,532,435,85,720,984,465,161,518,392,301,639,69,99,53,623,851,793,63,427,371,157,315,446,290,431,505,869,143,772,799,762,687,143,844,299,147,834,51,760,337,512,906,16,893,388,444,9,298,562,69,544,135,424,383,247,291,383,372,972,575,218,813,226,25,434,470,114,489,902,302,592,1000,216,916,170,466,143,364,227,0,592,97,210,386,690,941,369,907,966,134,945,116,5,906,100,773,698,217,319,221,294,390,734,145,894,439,957,145,82,682,81,300,490,546,2,924,14,840,686,794,558,822,460,934,101,453,901,127,972,317,334,961,2,564,328,323,799,428,857,541,405,264,546,236,623,186,747,467,325,773,34,583,880,748,395,38,283,968,784,430,714,996,670,672,385,271,798,272,85,322,70,495,962,921,335,411,456,996,79,337,685,197,225,487,183,746,12,463,576,362,215,310,528,398,777,356,629,428,89,471,405,309,107,278,880,589,325,674,750,640,559,193,153,327,358,993,495,425,249,997,517,805,308,154,68,453,65,166,35,999,597,930,304,901,500,695,397,608,4,677,443,488,614,246,490,806,436,843,691,389,473,25,417,758,189,211,563,74,776,124,812,373,514,232,141,888,508,923,153,68,151,943,65,989,221,79,174,367,242,171,379,388,192,334,472,563,211,286,139,188,517,234,285,636,670,864,861,67,397,128,465,396,251,342,523,94,426,553,961,934,940,602,756,280,584,590,58,127,978,681,673,694,463,674,943,498,497,307,770,970,640,990,924,224,977,850,706,109,350,38,234,560,75,782,506,530,627,596,632,900,966,415,332,364,116,628,692,375,910,354,382,701,550,688,697,315,579,713,297,104,118,599,995,740,266,544,565,14,878,591,642,347,339,8,271,27,598,255,459,75,950,596,524,353
610,743,307,820,572,925,565,22,321,527,177,714,366,106,134,172,58,803,901,575,446,32,647,275,65,773,984,574,860,841,551,609,4,206,42,283,288,290,784,546,692,679,956,743,546,743,582,976,904,146,556,108,693,570,149,699,876,785,368,923,229,129,52,372,462,221,930,319,831,428,36,799,799,611,624,700,522,469,367,784,689,702,835,892,725,552,384,36,962,455,320,243,603,686,802,64,644,317,434,731,432,237,762,365,70,946,631,408,169,236,54,295,580,867,584,466,248,153,624,529,829,76,27,224,79,482,357,38,31,228,900,867,552,736,519,248,365,645,963,457,674,751,596,606,997,267,310,603,712,875,642,370,914,546,757,898,349,843,394,9,792,11,691,7,801,828,462,422,220,211,593,151,993,264,926,226,172,402,940,227,715,76,435,775,15,225,124,17,270,1,752,857,738,558,13,550,144,840,61,498,145,996,616,87,184,802,671,343,180,659,784,310,804,157,641,555,790,322,388,176,327,995,988,32,269,771,521,451,346,484,431,569,897,972,183,485,942,674,141,675,179,776,904,443,733,893,522,335,194,16,21,607,398,395,569,891,944,278,727,98,300,817,920,706,172,138,881,311,942,536,629,99,529,883,556,796,787,741,198,416,10,952,173,105,429,637,865,688,361,479,875,987,531,447,131,257,149,734,490,484,150,231,734,610,957,341,628,130,730,664,785,600,132,196,852,370,240,723,192,832,864,609,893,564,463,853,144,64,435,989,507,759,427,77,953,182,360,666,654,405,522,716,378,985,623,294,374,370,313,586,289,269,282,921,633,266,482,476,458,803,227,988,805,475,605,887,86,380,157,501,231,165,427,505,17,338,350,942,32,659,795,385,564,219,925,195,996,729,885,203,613,158,98,639,945,643,332,618,669,42
574,901,325,6,107,852,48,90,300,678,906,446,849,628,314,829,344,28,258,145,474,728,862,819,774,229,881,908,300,915,116,126,588,393,879,139,844,105,331,341,443,336,243,756,306,973,460,513,210,37,765,349,949,265,147,542,38,569,342,908,739,897,134,608,534,70,322,543,942,163,984,119,168,815,194,288,298,986,927,453,73,540,399,608,65,463,634,699,434,739,494,172,34,163,308,297,196,544,269,828,39,307,598,25,587,505,238,612,955,699,642,775,852,376,180,839,907,218,637,374,523,509,543,796,238,977,283,864,77,745,376,173,998,151,523,441,930,216,757,976,796,595,710,736,611,142,49,865,845,794,569,631,96,644,627,171,211,839,263,519,560,349,234,909,224,352,106,336,407,100,243,370,483,397,317,397,859,822,550,868,25,37,250,197,884,345,320,537,347,7,296,931,745,30,589,734,302,66,143,915,808,666,806,622,357,569,415,141,733,669,204,793,396,262,751,569,481,378,450,29,364,9,467,332,206,382,433,33,754,189,748,788,765,876,925,72,700,19,466,751,595,148,662,856,483,937,737,773,838,9,563,209,33,831,986,105,605,757,201,23,772,720,78,683,423,269,764,491,202,730,974,407,532,742,443,442,934,189,127,464,952,11,200,198,790,118,665,976,675,555,801,704,811,157,95,252,335,8,772,665,417,121,363,40,420,132,367,193,287,775,364,673,931,194,43,704,12,232,400,155,219,951,15,286,968,267,755,924,968,798,508,895,465,143,72,451,272,909,8,877,627,374,260,896,931,813,91,176,402,508,651,535,63,646,531,675,702,745,293,870,503,923,809,627,183,207,456,144,953,844,360,136,759,459,936,809,925,858,522,607,903,518,693,122,791,158,64,649,481,264,195,145,451,880,585,233,92,718,28,554
307,13,771,931,662,291,109,101,579,685,556,451,471,766,972,841,317,327,906,325,708,143,216,725,32,759,192,158,188,11,819,698,511,667,571,238,421,759,515,432,964,811,532,321,801,367,209,329,256,24,411,568,452,719,885,937,410,429,702,426,955,287,957,207,731,662,52,263,822,795,120,777,511,722,905,927,803,363,284,395,907,581,940,354,837,561,411,555,185,433,824,639,321,711,577,741,888,994,495,273,226,810,128,345,744,426,516,769,42,688,376,548,100,273,552,307,662,441,461,466,861,158,806,592,348,42,561,342,532,484,425,554,782,536,379,459,525,689,675,634,134,736,362,807,149,269,188,536,2,316,835,382,470,393,138,642,538,694,956,931,886,324,222,341,917,835,158,181,714,882,274,285,988,864,174,145,920,315,327,968,868,687,101,849,716,30,21,598,242,933,286,205,275,507,826,445,709,703,691,526,402,931,849,260,366,174,313,964,754,585,443,763,608,830,666,342,848,427,542,134,755,918,791,152,773,370,600,815,197,645,966,389,224,520,744,663,819,607,31,907,495,817,322,589,297,359,3,817,903,999,429,144,941,93,228,571,479,710,285,973,433,305,491,562,678,867,280,525,240,703,930,311,652,467,301,356,78,295,119,663,432,77,579,915,183,522,618,762,737,98,969,45,775,949,776,357,870,826,958,244,590,220,936,297,166,663,992,474,568,604,34,55,652,925,251,932,377,114,339,981,184,758,736,841,846,256,383,553,786,308,175,367,864,673,683,473,74,738,963,357,653,679,994,909,896,497,142,76,468,349,139,459,54,220,982,330,401,214,557,55,858,744,638,441,370,194,455,327,922,534,428,592,958,100,795,401,733,106,359,355,31,565,657,286,729,687,851,69,348,448,860,823,464,88,700,276,966,218,773,953
494,410,934,714,186,574,267,559,307,354,320,408,970,25,739,588,891,557,384,333,75,478,429,761,775,500,773,935,821,509,465,580,820,489,615,305,417,911,589,59,401,315,186,38,560,725,12,842,69,912,66,853,751,265,57,424,382,302,219,376,881,33,114,526,284,23,595,558,373,512,627,825,16,469,690,948,497,1,336,363,457,78,151,344,315,969,793,38,876,833,155,635,188,550,678,334,135,798,409,89,6,412,567,683,0,710,541,57,820,392,510,427,534,237,527,240,724,279,219,687,820,268,146,313,831,615,551,997,20,710,983,672,824,129,818,418,93,873,605,979,526,702,637,129,209,191,984,432,331,806,885,765,417,710,327,810,686,684,225,222,210,191,649,198,721,554,450,131,692,668,731,115,151,130,789,990,313,771,675,770,854,378,219,125,893,850,82,405,120,277,17,93,65,891,728,711,234,700,876,372,556,882,760,40,967,433,192,292,697,1000,476,898,310,73,127,101,929,350,47,272,468,178,802,459,745,514,742,547,213,184,518,164,234,943,586,58,5,88,830,869,38,772,778,670,674,536,732,296,48,624,255,91,241,300,402,214,393,544,524,761,307,201,439,122,230,728,527,678,299,770,382,452,642,513,273,841,585,27,457,558,747,931,369,28,56,847,392,198,826,881,478,976,153,949,883,474,161,999,591,873,547,288,264,367,506,274,905,333,374,425,666,822,674,687,121,93,137,426,628,369,211,556,756,352,999,445,65,505,1000,673,487,786,760,17,620,155,58,178,99,888,43,297,201,959,281,176,266,138,633,74,961,256,885,318,66,266,994,328,222,674,333,327,105,86,275,486,397,430,840,858,123,500,377,787,892,891,184,462,617,919,838,478,795,61,258,381,557,118,240,590,568,149,813,330,236,535,930,28,888,722
53,883,564,324,750,757,195,217,120,322,236,93,948,496,270,949,109,102,168,195,486,597,817,269,678,178,279,13,169,21,163,481,782,738,834,828,204,357,93,919,71,359,812,889,833,597,969,149,546,216,659,117,264,453,232,742,981,471,143,995,8,267,857,389,712,604,818,438,62,138,980,642,752,824,600,948,561,989,566,336,793,309,981,509,688,609,318,277,627,100,879,411,679,1000,111,597,908,289,382,623,460,425,275,240,706,190,369,724,776,782,147,335,467,219,833,413,846,758,89,68,774,432,549,703,856,318,969,792,778,156,248,636,493,666,275,725,817,412,208,458,380,655,766,865,250,177,514,508,90,693,605,289,400,814,838,194,738,852,320,177,83,504,316,716,92,684,17,563,125,352,62,232,535,955,513,108,216,412,613,589,495,39,918,443,442,748,42,703,667,631,29,408,165,824,776,605,73,580,766,657,799,985,406,377,955,444,242,0,474,911,51,662,888,732,839,538,38,936,464,481,739,998,322,707,782,752,537,351,248,151,878,726,978,858,213,836,19,459,70,881,522,835,743,120,684,507,302,914,761,277,760,534,880,829,778,477,105,566,185,391,517,99,809,915,667,443,187,984,504,75,190,106,806,472,799,346,611,675,819,461,126,985,39,701,482,407,225,761,74,849,687,404,802,341,341,806,361,530,701,583,720,797,836,480,782,157,696,379,254,470,721,136,335,488,58,907,274,531,792,467,852,230,163,558,369,117,307,931,569,715,534,268,362,349,802,917,181,28,599,649,187,909,205,950,87,585,42,877,438,234,267,360,961,399,300,489,816,841,361,823,296,403,283,50,173,531,485,692,476,924,358,21,110,201,801,681,135,980,809,713,370,559,12,124,90,251,726,317,290,157,170,717,171,677,427,358,35,270,911,567
522,74,275,483,235,869,697,721,262,447,182,310,7,694,160,868,871,813,8,751,636,723,475,423,422,742,462,685,964,708,792,692,180,742,740,153,602,137,28,886,817,411,556,136,405,353,105,745,228,994,910,374,687,674,912,222,345,754,615,851,80,366,183,538,867,39,432,899,808,430,276,788,722,404,116,922,890,925,802,451,163,506,66,926,915,61,692,291,587,914,904,272,629,333,440,813,974,861,970,60,668,91,111,272,31,247,493,789,193,742,642,713,67,696,587,898,360,615,495,648,759,413,356,529,617,88,457,958,966,509,29,400,971,149,161,110,732,990,206,168,649,312,25,990,258,640,956,892,23,636,398,260,771,117,351,830,984,335,343,134,889,963,442,463,197,677,456,901,401,140,617,718,119,925,29,117,0,646,393,876,79,784,814,530,356,371,79,505,849,733,613,700,428,939,596,405,53,144,233,345,878,976,228,846,152,636,912,770,61,862,181,60,314,677,13,930,452,128,892,541,985,837,700,563,697,458,717,850,840,315,137,783,383,63,70,37,430,210,680,625,618,955,797,696,22,764,465,277,644,292,683,160,518,533,799,124,561,26,71,226,610,392,259,0,403,568,115,635,428,606,551,332,835,497,259,413,189,606,969,608,263,231,898,927,976,554,657,745,327,456,722,759,625,492,53,135,352,193,528,248,102,736,654,858,126,421,863,104,472,220,771,788,327,719,726,519,289,55,504,514,677,737,509,501,292,389,142,499,354,697,884,815,87,121,990,346,847,804,738,133,516,268,801,221,638,762,780,651,884,322,967,617,637,629,341,250,181,686,457,879,489,381,141,397,366,765,301,793,523,77,536,275,752,333,169,771,317,468,677,597,103,89,337,412,793,610,475,990,828,322,473,901,678,247,87,807,364,55,26,622
559,45,704,905,282,729,842,894,22,130,346,772,113,405,897,560,884,246,555,949,316,666,684,937,967,444,186,491,113,166,33,61,526,45,677,199,471,766,81,685,211,511,580,289,927,912,514,351,166,805,59,434,117,860,671,965,65,261,661,316,137,711,800,303,815,197,452,665,146,219,34,677,570,638,21,410,27,106,4,713,462,256,606,51,41,990,634,132,433,603,758,500,170,828,73,65,966,218,478,70,237,493,536,176,250,450,865,788,258,960,700,671,796,239,364,132,473,630,585,878,26,498,126,43,714,682,393,590,151,683,166,809,710,526,214,884,641,560,488,536,196,26,529,349,930,29,425,499,971,327,865,314,650,619,5,312,501,129,15,968,764,756,162,907,302,551,812,631,318,767,743,313,852,135,749,114,609,937,675,107,697,322,188,578,27,441,79,174,981,54,17,880,666,588,247,766,846,42,634,650,816,105,494,946,934,880,736,977,946,700,864,328,316,20,766,852,581,306,458,456,960,996,849,364,357,768,800,916,462,910,809,323,541,336,679,328,207,103,280,566,113,566,235,496,301,913,712,740,681,453,717,905,144,675,605,852,861,517,157,667,568,492,855,74,355,589,740,441,56,302,669,125,43,740,141,922,6,602,473,883,60,605,622,238,248,693,274,801,175,730,68,442,369,873,814,935,862,918,455,353,347,877,892,871,589,267,497,315,309,273,503,110,840,862,340,26,624,828,718,260,131,819,641,952,415,129,820,156,795,484,79,763,68,797,240,642,316,382,517,471,684,886,11,548,165,252,632,30,478,130,149,39,370,139,328,489,106,397,617,228,327,201,903,419,451,440,896,882,676,174,958,716,226,479,744,666,164,239,286,77,83,197,970,325,420,994,647,954,350,193,202,799,981,31,729,639,741,751,395,55
667,266,502,725,833,277,461,529,717,727,915,371,898,228,400,258,360,96,159,220,99,873,19,229,784,848,509,261,10,769,391,601,682,310,182,610,334,173,993,407,323,616,536,631,793,794,644,776,699,977,360,83,850,792,31,15,772,257,511,185,957,21,667,326,707,404,741,514,834,565,92,778,267,56,932,627,281,289,659,695,255,853,270,216,461,925,716,249,49,459,521,732,400,330,769,346,700,397,743,919,185,905,866,687,860,752,637,835,154,255,914,6,718,291,152,919,431,635,531,67,895,598,405,349,57,975,855,657,699,286,50,725,297,186,229,88,985,968,726,336,540,167,351,137,14,561,68,470,97,273,103,995,448,681,730,108,598,328,690,385,526,86,93,39,939,621,633,707,709,15,626,404,295,440,64,366,63,675,931,444,722,836,166,880,602,50,489,806,577,464,247,666,692,674,372,484,452,425,655,801,42,175,372,313,325,573,363,843,971,657,767,147,949,198,913,182,338,539,862,621,463,249,269,10,485,756,448,9,537,770,640,359,597,94,950,108,149,263,328,604,637,860,836,161,707,983,953,256,656,78,279,860,340,986,375,0,175,984,412,980,325,737,726,591,792,788,360,639,932,275,926,228,415,164,556,846,884,498,60,836,990,132,341,459,472,756,891,92,506,470,347,252,507,979,410,826,848,809,765,931,858,398,321,651,634,292,351,948,557,544,963,350,518,609,974,192,771,360,749,482,986,658,642,499,893,133,116,699,577,174,318,208,23,353,148,497,53,986,712,832,149,294,341,82,649,59,243,304,195,255,160,973,637,456,60,740,919,244,953,488,417,792,601,670,709,588,900,50,881,514,310,724,513,755,73,367,216,582,196,749,165,24,723,621,510,50,559,759,407,341,351,581,791,17,462,649,979,396,592,931
569,963,586,514,974,761,730,756,62,823,506,388,738,80,609,702,628,449,575,141,326,715,750,475,778,455,870,818,448,493,321,197,726,46,793,352,638,5,730,671,277,913,303,936,271,670,455,939,886,370,494,865,365,438,892,469,6,901,11,403,131,407,728,21,262,42,61,268,352,903,724,150,105,278,754,788,476,922,81,404,705,438,979,581,261,258,952,503,538,920,192,710,460,939,201,952,235,859,25,91,482,319,77,409,971,499,341,326,137,712,235,520,380,881,105,421,690,871,195,295,721,253,211,429,539,318,243,866,524,162,432,230,818,64,798,205,636,77,97,242,239,106,504,705,520,302,837,642,456,646,60,518,119,22,654,722,746,16,982,912,249,74,298,320,744,609,378,658,99,498,821,838,69,570,432,992,442,162,808,71,355,294,807,431,282,318,441,832,42,476,567,148,86,11,327,410,452,424,563,628,814,547,381,65,142,222,347,985,365,879,764,187,597,297,282,558,877,195,797,824,841,1,128,599,926,289,630,614,524,483,355,754,624,70,120,865,711,582,29,662,27,910,63,407,52,186,54,454,288,93,645,763,541,711,454,168,699,420,966,826,460,802,509,875,536,633,460,458,337,54,424,836,308,693,630,864,2,254,601,533,906,29,151,609,271,285,289,518,648,291,923,300,428,796,870,900,527,276,426,746,805,310,861,742,83,629,353,415,946,355,739,194,31,809,547,533,500,358,274,749,37,752,367,196,546,799,656,271,732,536,186,910,148,488,537,22,872,969,175,324,905,794,698,640,344,340,807,548,940,400,692,929,525,698,521,328,359,866,934,651,723,160,146,711,208,779,426,382,28,70,297,815,262,151,164,445,631,544,94,974,523,172,46,969,391,594,384,983,305,908,861,560,564,609,620,671,180,424,984,461
980,390,221,730,692,778,161,256,811,176,379,447,695,116,209,404,315,38,641,99,153,791,355,297,137,168,744,601,279,740,955,447,809,333,128,899,794,434,592,13,365,822,838,104,461,581,574,266,2,455,945,84,439,493,692,44,130,318,822,518,650,857,403,392,355,334,232,439,521,368,412,580,487,928,494,709,135,200,763,458,858,774,531,353,44,189,541,942,649,756,280,679,762,57,978,898,900,147,239,644,674,517,972,987,312,59,723,413,10,695,464,247,584,675,340,293,550,856,974,790,804,300,504,902,783,594,954,103,530,485,888,946,362,888,425,651,719,950,123,714,657,990,895,496,90,793,595,616,592,124,842,748,24,10,391,406,601,527,50,348,463,743,619,253,681,690,858,333,331,134,460,796,366,996,471,260,129,373,556,409,849,686,59,758,304,295,948,453,337,937,431,415,0,716,392,750,34,537,542,408,750,246,970,572,403,51,660,409,748,197,709,94,596,485,915,951,129,677,890,447,628,179,185,468,511,149,478,194,600,234,257,879,586,924,252,726,284,846,372,818,644,377,544,482,833,463,862,136,512,799,405,380,274,258,4,313,405,666,974,200,78,247,608,253,822,577,17,592,988,726,780,895,523,335,688,87,820,452,411,725,569,750,940,427,530,550,64,51,990,89,24,745,467,846,738,25,457,579,306,459,693,420,661,392,119,799,583,744,623,567,838,580,88,43,907,883,368,887,861,646,434,597,454,326,245,385,26,470,137,876,30,64,123,900,710,649,238,599,509,582,925,624,461,93,364,551,845,694,885,919,183,581,37,961,563,840,704,878,966,345,7,627,230,417,56,359,668,762,868,918,350,472,830,85,492,908,890,517,484,713,124,100,250,193,373,782,715,386,737,478,896,632,824,403,773,447,157,642,276,864
828,416,926,512,922,379,683,243,8,45,472,535,518,646,126,626,173,842,472,983,760,368,384,831,824,50,371,565,984,686,167,358,91,631,785,207,128,126,28,222,941,319,956,718,838,809,394,68,561,615,434,472,386,623,155,622,560,538,158,897,560,619,429,665,641,820,590,287,595,719,811,124,750,334,41,329,171,756,167,607,525,58,55,428,248,163,571,774,978,116,155,381,335,656,452,985,213,649,928,330,84,294,482,279,245,296,354,463,823,713,159,246,288,474,5,355,287,967,545,208,747,146,345,27,357,692,761,599,869,210,628,343,965,131,269,175,587,879,262,160,414,663,935,33,756,960,815,590,481,564,523,344,156,700,125,281,152,95,253,409,30,299,482,662,302,570,176,797,521,406,438,217,941,338,152,295,32,593,561,864,781,489,567,405,85,320,544,525,192,882,57,196,993,642,400,632,867,746,223,910,472,58,334,810,164,277,913,817,272,562,799,414,380,667,311,52,914,893,30,684,117,360,883,317,599,830,114,473,593,477,854,935,773,58,476,657,653,178,21,468,819,571,976,832,449,206,99,430,505,161,630,882,694,255,862,551,745,552,34,941,717,696,159,172,700,246,437,787,998,358,158,797,656,907,877,355,95,542,592,368,419,403,765,745,581,384,904,139,803,45,312,638,978,165,448,95,168,981,391,98,651,75,377,631,77,992,650,63,699,699,166,729,536,124,454,169,270,400,765,708,662,701,9,740,260,849,485,958,955,454,473,709,734,759,44,538,802,641,688,22,663,237,543,853,113,454,757,207,132,944,915,841,10,950,155,544,158,967,851,830,329,669,925,971,98,822,943,348,426,423,663,373,575,46,70,769,678,83,260,69,318,145,25,143,724,60,624,267,679,228,417,841,777,583,149,723,660,265,226,472
963,600,865,278,19,330,901,846,46,425,847,679,530,257,926,288,201,642,401,95,970,474,434,31,961,998,587,724,468,626,562,212,91,579,151,705,518,941,905,44,459,675,568,540,552,953,856,903,987,397,378,614,620,73,608,723,264,849,215,237,373,567,912,827,258,187,769,742,359,811,51,403,523,195,89,952,95,36,974,290,370,779,893,372,709,834,112,877,384,283,505,228,245,182,265,339,868,905,335,947,158,326,773,239,273,183,472,796,551,795,311,24,688,202,935,313,922,709,999,201,609,291,163,750,970,85,781,924,630,869,992,239,623,497,740,412,337,157,750,991,92,279,788,904,541,850,701,803,86,391,40,854,11,603,223,335,982,620,786,378,397,20,533,348,486,863,382,270,89,194,532,761,460,242,348,906,976,888,95,500,894,391,870,89,583,216,451,382,846,440,491,884,870,123,463,326,239,648,422,679,102,268,439,109,217,424,154,910,584,93,899,566,386,855,998,333,690,120,354,191,940,578,203,393,18,573,154,204,885,28,656,225,775,323,713,311,773,96,540,301,497,558,834,87,319,800,747,464,737,509,767,939,180,292,885,34,792,316,670,234,47,5,464,48,866,956,309,542,111,948,388,505,948,371,553,848,478,405,798,553,11,224,470,491,512,326,82,58,704,792,12,17,717,474,627,55,763,709,813,537,103,988,130,18,730,873,833,791,452,14,853,270,779,649,972,934,882,943,307,85,491,601,900,792,523,533,359,496,144,317,696,362,952,88,140,455,960,524,522,192,86,863,660,47,189,156,304,394,357,386,492,179,374,775,681,397,105,837,209,484,345,810,341,418,489,204,426,413,145,30,592,255,865,701,623,493,591,719,942,931,972,581,627,941,828,467,261,261,229,571,69,803,402,267,217,178,738,61,136,402
42,349,684,440,916,647,940,735,486,294,837,458,623,599,657,588,931,76,325,835,854,442,791,471,791,901,941,253,360,318,11,834,572,760,881,17,414,946,322,402,942,254,478,361,62,280,626,185,608,115,94,462,141,327,848,401,519,517,942,13,183,367,608,448,700,990,716,744,463,146,714,812,406,993,767,573,431,335,0,591,524,481,744,170,102,952,850,601,855,451,54,939,845,205,61,171,808,41,62,118,835,129,294,275,31,416,987,40,693,434,181,15,390,134,662,836,245,620,63,2,476,294,89,236,626,927,72,476,333,887,918,190,969,266,715,503,506,188,832,317,181,342,570,983,83,74,345,390,889,885,622,438,383,677,230,465,329,750,784,356,288,288,828,964,635,257,736,532,868,7,695,630,424,369,583,390,65,211,110,164,971,226,797,154,52,752,60,883,131,259,239,774,501,229,707,41,415,555,116,282,819,637,645,674,17,206,777,447,413,211,39,436,371,868,301,377,640,38,442,223,468,863,430,596,6,455,198,176,778,554,878,863,856,449,85,766,57,213,349,179,810,205,676,476,309,304,516,940,829,562,627,434,76,979,633,511,20,827,359,240,40,10,808,344,826,755,289,140,376,983,807,495,766,921,841,331,13,568,18,708,588,701,116,523,843,54,203,232,815,28,63,170,774,439,14,956,894,403,893,908,976,942,890,996,530,527,92,320,856,371,691,692,524,125,523,997,201,438,157,573,356,686,569,51,479,963,523,794,461,378,860,216,259,927,793,365,640,394,33,209,328,925,798,138,643,497,512,44,0,245,87,762,73,118,40,361,759,919,252,712,608,762,834,540,64,637,984,935,595,434,507,659,250,883,516,133,411,973,609,375,878,395,990,323,252,972,471,483,801,224,128,963,188,490,514,544,202,697,160,563
50,269,468,8,392,651,119,138,190,596,935,928,295,805,584,796,536,333,814,851,122,595,443,576,222,430,229,55,630,555,545,218,787,211,588,237,43,758,428,999,229,20,189,916,855,498,803,37,811,705,267,305,385,361,456,487,669,377,372,165,91,968,979,913,304,927,757,915,560,790,711,389,12,741,897,961,31,829,883,879,209,982,611,737,23,402,293,342,799,845,605,572,532,982,671,767,347,314,222,829,485,828,888,374,103,71,244,864,80,900,647,204,121,326,956,603,555,387,373,489,960,727,333,92,211,356,548,616,810,881,242,704,660,676,227,169,985,229,157,465,134,646,64,875,707,847,422,914,840,738,84,209,295,601,778,88,841,339,919,455,838,865,704,854,51,911,947,769,462,547,592,342,625,629,174,227,395,221,333,276,256,555,632,414,151,653,979,71,987,368,869,678,824,572,867,369,966,464,603,932,341,80,2,792,615,559,202,208,14,298,410,679,803,15,824,502,351,996,925,703,448,398,570,708,829,546,895,947,431,53,450,389,226,303,290,985,358,842,801,483,305,6,752,129,962,282,367,978,710,435,686,33,12,105,684,427,622,415,118,129,826,221,863,678,196,936,662,504,457,552,87,548,540,605,540,64,253,140,19,133,334,971,872,619,833,427,712,535,52,255,383,694,959,339,786,802,851,965,96,695,248,721,15,609,466,167,47,540,495,598,975,690,400,879,365,312,689,267,605,137,732,903,493,892,153,307,52,588,869,980,740,145,540,625,473,92,498,57,899,183,710,671,862,882,339,903,538,299,9,307,721,822,797,129,212,808,905,995,735,892,982,78,763,511,715,380,951,716,643,806,57,633,835,664,993,600,39,806,114,403,446,524,982,195,625,648,986,209,446,207,519,873,369,594,349,714,414,322,267,546
490,361,319,69,33,30,844,191,571,500,364,721,772,530,816,198,764,925,69,864,963,638,818,348,272,530,764,90,406,772,492,281,846,782,70,779,65,733,680,192,720,692,306,733,491,960,377,323,393,311,335,950,662,949,599,356,80,920,206,900,609,630,106,878,141,299,36,938,585,835,939,634,450,448,451,155,19,676,156,328,952,322,835,132,580,213,97,38,264,58,493,419,755,636,662,149,617,394,281,141,87,448,440,569,479,435,703,981,37,893,304,789,180,544,524,686,898,103,241,816,346,679,168,187,143,197,356,733,806,556,560,937,332,892,871,276,966,76,795,520,576,55,494,858,728,263,28,304,36,69,155,375,179,373,617,275,421,665,839,437,874,272,176,897,713,258,679,131,719,313,439,423,384,206,584,518,48,391,607,711,93,350,843,604,837,831,241,594,261,865,791,465,83,274,324,982,90,781,764,584,438,186,964,249,205,388,573,625,286,433,689,786,268,387,50,816,781,778,965,352,604,630,305,337,251,647,946,727,159,840,424,994,871,387,761,396,584,356,173,653,978,802,286,391,45,125,5,952,445,137,287,65,911,221,815,161,989,723,459,910,46,466,563,118,343,409,125,845,84,541,524,464,281,990,82,608,947,460,346,476,306,738,548,680,700,545,410,684,949,18,605,549,411,655,648,779,721,462,234,135,272,395,646,614,565,994,725,340,852,412,657,353,529,152,254,188,143,549,843,9,684,249,166,566,939,466,849,943,16,586,678,119,522,947,536,143,237,652,45,56,942,960,443,875,525,830,650,890,876,880,29,880,69,303,591,10,11,893,679,205,277,928,535,306,428,959,410,393,521,575,461,173,49,375,188,611,157,826,856,552,215,405,616,28,417,253,551,849,305,305,8,0,397,804,236,835,231,153,691,414
141,694,422,3,560,537,697,260,948,585,55,533,4,377,981,117,699,202,414,905,246,918,614,614,63,552,867,203,468,403,798,752,789,236,312,791,462,632,185,355,748,425,850,559,443,683,457,891,103,92,746,164,273,118,675,423,61,599,783,10,424,605,439,625,428,670,573,650,367,886,155,339,412,49,929,313,844,874,947,69,37,310,617,135,565,21,279,128,692,759,905,299,690,21,346,728,565,896,528,282,710,921,144,104,978,156,880,681,780,489,325,192,304,386,868,780,338,972,973,334,237,678,105,212,402,685,452,416,568,307,976,738,344,194,125,51,989,511,893,842,679,817,110,35,586,642,320,534,489,316,630,346,251,334,659,88,626,234,450,636,418,973,560,768,429,515,378,616,223,920,354,641,443,910,544,952,14,399,238,891,337,783,648,926,519,709,679,788,151,74,949,752,0,212,656,751,671,786,921,570,205,767,747,253,194,524,536,819,940,326,488,961,100,368,181,629,628,748,928,413,734,548,461,873,661,247,579,894,296,555,991,802,126,905,452,265,544,646,705,650,118,890,321,365,953,644,688,588,480,855,197,943,686,1000,87,964,99,940,880,422,855,829,401,884,725,572,97,726,348,639,149,737,852,640,830,23,393,586,220,280,527,271,590,534,780,912,136,885,998,194,145,252,937,416,10,740,892,115,670,722,680,372,918,540,313,295,626,178,636,37,724,451,131,305,666,390,82,751,291,284,499,192,287,278,117,482,785,573,405,525,558,11,991,103,279,563,338,298,226,880,450,800,71,975,882,457,541,691,41,322,663,694,865,822,310,645,285,961,230,678,283,767,656,510,551,272,347,266,415,905,5,349,637,931,750,366,810,378,306,735,987,649,777,92,879,747,455,612,737,638,259,906,922,728,383,11,517,754,433,92
113,622,780,807,988,430,0,270,630,830,117,830,576,841,729,448,112,530,428,837,849,648,279,973,591,756,603,270,257,38,345,463,70,990,31,686,959,474,482,375,446,846,448,484,583,700,328,584,269,499,41,782,580,383,62,72,64,141,766,348,209,504,122,738,41,325,850,802,457,653,94,5,774,204,779,109,666,970,44,811,673,551,642,943,51,707,698,420,885,904,830,769,392,745,689,150,196,621,77,227,121,658,119,513,238,863,645,682,205,582,101,337,185,645,486,400,575,94,212,517,612,433,839,11,392,236,869,546,503,406,19,304,326,178,30,191,706,233,124,756,451,692,367,812,29,607,314,256,912,116,711,773,926,451,810,168,838,321,702,291,122,336,757,587,378,197,431,348,497,819,768,787,498,346,649,250,746,868,790,91,89,368,893,141,763,733,647,91,112,279,758,258,711,194,833,196,554,929,394,990,158,895,487,266,203,748,235,899,305,59,58,484,551,290,750,191,218,818,446,783,738,710,451,683,577,564,396,567,962,192,878,767,874,154,709,567,902,622,191,722,322,295,496,547,560,215,922,77,536,936,374,184,191,408,594,782,163,579,698,847,96,353,819,456,245,130,541,250,90,863,290,543,467,157,996,637,481,44,550,751,80,240,168,858,274,825,413,764,381,733,955,398,242,346,231,543,784,658,830,584,874,480,896,75,907,177,134,351,723,814,954,366,387,931,574,365,498,606,88,166,939,611,987,982,682,787,648,980,558,426,779,255,861,460,949,925,845,537,457,247,792,895,360,795,155,395,706,258,543,676,835,571,741,221,463,202,249,958,595,154,212,456,724,23,719,271,447,641,517,846,46,424,708,699,989,848,352,989,621,912,989,913,490,17,552,857,552,387,921,215,470,284,480,47,960,70,83,502,214,494
237,561,933,711,857,9,540,790,309,134,314,265,811,764,821,73,533,781,879,719,55,142,69,703,780,301,272,450,449,360,150,187,5,62,476,87,954,335,668,665,790,378,828,204,728,784,787,819,315,407,859,979,895,253,171,529,113,241,391,360,61,712,204,114,624,580,479,496,579,191,365,397,817,216,762,697,459,879,111,529,837,641,24,452,577,605,201,20,834,972,791,808,548,723,992,587,307,651,594,739,977,390,437,748,317,896,98,602,466,604,95,591,955,836,976,319,952,214,450,652,96,760,180,307,109,318,629,217,379,300,679,995,316,340,171,96,817,622,540,584,91,547,946,195,212,443,766,761,796,797,767,517,594,342,47,48,333,924,347,26,986,687,832,875,490,842,219,22,371,438,202,436,505,799,716,771,551,889,502,276,975,720,119,960,574,803,867,874,721,450,893,379,860,478,399,820,52,936,119,135,543,941,478,138,852,616,624,30,546,550,600,662,227,860,924,66,786,790,54,100,162,674,534,832,870,82,902,664,760,195,404,982,569,250,781,2,140,517,716,858,737,497,25,62,599,225,907,735,538,138,713,666,440,954,718,273,136,360,828,87,436,303,161,232,456,533,827,833,878,575,52,999,907,503,152,950,97,5,703,306,22,94,619,231,729,275,497,71,423,86,867,420,266,985,803,508,430,931,575,310,592,393,580,707,312,894,765,88,897,945,425,262,214,781,847,620,788,316,832,79,167,60,599,69,252,92,401,112,657,92,341,493,983,791,218,16,471,996,652,104,125,963,665,580,192,769,802,811,662,187,988,638,155,984,976,679,972,207,520,989,907,548,366,630,898,744,866,421,192,472,679,455,672,698,925,939,352,259,535,294,986,87,340,645,800,767,486,582,924,95,395,168,663,606,512,215,822,897,844,888
