51958693,52979696,56956468,52471270,50866723,50841299,50920639,50958528,51080347,51478117,51091641,51277650,52358239,51694161,49385036,52447422,52708915,51020759,50688288,50813317,53109083,52066251,48278418,52284990,53368182,53758889,57986191,56909480,53306397,56836331,51524392,50672789,55203326,53587426,53113244,51620396,52937590,54196920,54757552,49851883,57267420,53822192,54417474,49534692,49151736,50767886,53925521,51691184,50741330,51245400,49612738,51648004,52669809,53698171,53818666,51668668,50555380,49680268,53980471,51675175,49930942,50572069,49216558,53245889,53828741,55684886,50801758,56541392,55874795,53367096,53320308,55905846,53205289,52228020,51462950,55819391,52812911,49380859,53329997,52119637,49729889,50579130,49185270,51597067,51343830,54741338,51969166,53376085,47458456,51682142,50854058,49497138,51716750,54336836,51958547,52301917,54351122,55643085,51572685,52738075,51774099,46833235,49626817,53660574,54369835,53784080,47652179,50644700,49851273,49086500,50538934,55008221,49581043,55827039,54758326,49685686,51852215,55147664,53231818,52914446,49262691,52260940,49007004,51777170,50716106,55068745,51062874,50018029,51096332,51296067,53828087,56904341,53330154,49846693,50474106,49477482,52731182,53062877,54905966,51410691,50539671,55015005,52151647,51401088,53231017,54161100,53184629,52334906,50611807,58430599,55428132,51053583,54972022,51726415,50337437,56315450,51751759,47934650,51161095,53058748,50490642,52076137,55582623,52597587,52628420,53552933,54707581,48973864,48285478,52686532,56492198,50717906,50491027,49938612,49959620,50302782,52764957,55497418,51796650,54728947,48954532,52411422,53906008,47808782,45811653,50132240,54429159,52286848,49605298,53869697,57033236,52796885,51619400,51971320,55189789,55049039,52186785,53288626,49080756,51434475
51291010,52753419,57948996,51281444,49900716,49024306,49982238,51949160,49247172,46992862,53199273,46607285,52627578,52943404,49325838,52014699,55346073,53195599,50156499,52994145,52520667,53061427,49903988,51178561,50981579,53887898,54467985,55882350,51859827,57438059,53209941,50562084,53692252,53556953,52664829,50379277,54135201,56501121,54172405,51279145,55846703,51437155,52185325,49394946,51117664,50993603,51755890,51302533,49461399,50012732,49714603,52339671,51567623,53539105,54427007,51825710,52418944,49223184,52394654,49485844,52218143,50673951,51649653,52897444,53627141,54744822,51768625,54966763,54621050,53283283,54621797,57248169,53574645,48582494,50200019,53672470,50399372,50351689,54667610,51512985,50237510,49082555,48866805,51831402,52101753,55257095,49287894,51510541,48665089,49107833,51339800,48274396,53004481,53370691,52458390,53355452,52862609,56027182,51702974,51468436,51215055,49341654,49354734,53769813,52291370,51565272,45890436,52437796,48833987,48020384,51978813,55131430,48176398,54648875,51925640,51415656,53565270,51599110,54139995,50664437,49325767,52039720,49772592,51004556,52546259,54423795,48800567,52357225,51879282,50138196,53764837,55621916,51210622,50470362,51634898,52631620,51356803,54406254,53500546,51989174,51241642,53352812,51067349,49474045,53011000,53165775,52664774,53574053,53769167,58275285,54990028,51209586,54757860,53298851,50549563,56116716,51554612,48040959,52871019,52988998,50680221,52952058,53944771,50802125,52716211,51647968,54219681,50122062,48839796,51885706,56621952,52449984,49139861,51601986,48575908,48903469,52313059,53580748,49635480,53715668,49468077,50208502,53341769,45825257,46576381,47405929,53201228,51823394,48032599,54848902,56816141,50499045,51389734,53488035,54312838,53072475,52366462,50355418,50575013,49668440
49742987,52265675,54845232,53474501,51004739,51099140,49047194,51269418,50454455,46868474,50896412,50976426,50873067,47675570,49902147,49900317,54298558,50438833,45634810,49820347,51730744,50754375,46501488,49305975,47881613,51777269,56815673,53115036,49707686,54194843,48680326,47664817,53683895,51171336,52883857,50578540,49048887,54240896,56965715,51503289,53640066,50610919,53337581,47109120,51039496,49454443,48924773,49135450,48480348,49526149,50198370,52997237,52366186,52269204,53560011,50235668,49892431,47859909,49622968,51438955,48535447,50771856,50087682,53982826,51700524,55940945,50940395,53775631,55637064,52752550,51269481,49967507,54868790,51373064,47787900,51482586,50418510,47236274,52868713,48586551,51558897,51585640,46819860,50676031,48895948,52872245,49152114,50704147,49090618,49463381,49132842,46602546,51633551,51994661,51905633,50363888,50079649,52433448,50080309,49568273,50866796,50281095,48682153,51960463,51551549,52318712,48382867,51662940,46719309,48042218,49206429,55193453,50609538,53504676,51787134,48763357,54745074,52835023,52898835,48785522,49713401,50668071,48467181,52105009,51230429,55083644,46442850,53333720,51160006,48330668,53981889,55039522,51320907,52636812,50384709,50860109,51683236,52545761,50923767,47633874,48322242,51892057,50935515,49332341,52032704,52320880,51869562,52906623,54118816,55278812,53460989,48160948,52016608,51159181,48890533,52543894,49617557,48036023,53596381,49541911,50047072,51445077,51659514,49983479,54439409,50139203,50931591,47297003,49108957,49006463,54829061,52943628,48426055,50225636,48624507,47123586,50942570,51926772,52390413,49895554,48925716,48765743,53182367,47622787,45758205,46928783,53159410,51835811,48291101,53277406,55133921,50939072,49758941,48898769,52623049,52151305,48282029,49728577,46749659,49926965
47835248,49511548,52056954,46838783,48700597,48768956,45504708,47780673,47617053,48254506,45844300,47662346,48040008,45694950,48513935,48319851,51384193,46878591,45914766,52024188,49624435,47128037,47873277,45795642,49820100,50209731,53943352,55603885,48084274,50153876,47520740,47585554,51476800,47561406,49502540,48655200,47658648,50584340,51020273,48836858,52186886,49532414,48264387,48449725,46076637,46844120,45520647,49030129,47408306,46572078,47235946,48944733,49449133,50442479,52965874,47384285,47077221,44909847,49098039,48322213,47404742,48912901,48051729,51757121,50679729,54537783,50072798,50965496,51104384,49750500,49986815,51259748,48461974,47989761,44536154,52937189,48460562,46509478,49612320,46396522,47958684,45196872,46470337,48711389,47089283,50945031,47061208,46611905,47544095,49066803,44256277,45535337,48276434,48410825,48101413,51540072,49201969,50166735,49125993,46849251,47983479,46098713,43686138,49554053,50187188,51236870,45178581,47476880,46794145,44392162,46656299,49735907,46695488,51524694,50099225,43885541,47699971,50837647,46307387,48795986,45757065,48284202,47227298,48325750,48565883,51235387,45592709,49114306,47233776,49064437,47998150,51457764,49226387,46617996,47336411,48750547,48419931,50350627,48532259,44193520,45688979,48552641,49890959,46777379,50790954,51396192,50670031,49009129,47111984,54597142,49139766,46743471,46902889,50051502,45572345,50933954,48686747,45893910,48392220,46206143,45276400,49278156,49418977,46666028,48133814,51026395,49288162,48432412,44483447,48195741,52656206,50024645,46926451,45705323,45556212,47251038,47272187,50077004,48253179,49468268,46456091,48644585,48841427,43110178,44729404,46706222,50091722,48219753,46903981,51001749,53050808,51301007,46790400,46862788,48179317,51054211,46866030,48628345,43340880,46836637
48281191,50608609,49866508,46413706,45248602,46579644,44385523,44487070,46109007,43897941,46220156,44936382,46990214,44625807,45664670,47329441,49089981,45518110,41743821,46672137,47751604,45191357,42217250,45374533,46066390,49400498,51944348,50555665,44450389,49615456,43581864,45105077,50020720,46804503,46461528,46655199,48652535,49537124,50813688,43904409,50667055,50400875,49977377,45609340,47936966,46108371,45804355,44978890,43011179,46832710,46231031,48261599,47669146,47868371,50713827,45561127,44126710,44323100,47278410,45306920,48179597,48036106,45504089,48064947,49344980,52436441,43685685,48349114,50303602,50523186,46001598,49846984,48062526,46793115,44766659,47924182,45330418,46278379,50578984,46727739,47559230,46228278,44848866,45586801,46564430,48616072,44502984,45652034,45685353,44433947,46120261,44068865,46475181,48243865,46941839,48568152,47129084,50832028,46120792,47153922,46324731,44585428,44439187,47783866,46412271,50543194,43397936,45469862,45072080,42867209,44902709,48525342,46209978,49165718,48918781,43026254,48479242,47922044,47993572,47577617,45631959,46541099,46726701,43725031,44894256,48918657,43688186,46040392,47743228,45621992,50660769,50834859,48857847,43827694,43888438,45460352,45820471,48533172,49178705,45083522,45166106,50037407,46725405,46403932,47009713,49059389,47650245,45856658,48599549,53632630,48915844,46817997,47883984,47451907,45091561,50897782,46025486,44127514,46305636,45357225,45722769,48510337,49079330,45415345,47318230,45452452,47375014,44171432,45179604,46200463,50082189,45346116,45440043,45987461,44262969,46454824,45214515,47918943,47005396,48913217,44237993,45274205,48813421,43296702,43731355,44037310,48631003,45746421,44890524,46746410,49672791,48913723,45666240,46722331,48287538,47489253,45972766,44277100,42816235,44843270
51251460,51254047,54506509,50654215,49295791,50757865,48303559,50679193,48758791,48406962,49682210,46832354,53340804,48135304,50549305,52180928,53974720,49781601,50092674,50311056,50847754,51422110,48821013,51901846,48959755,52928724,54485297,56163786,48867825,56394857,50045683,46792418,53892335,53019259,51757546,54125073,53722451,55489932,55529990,49189996,54192998,52285525,52666809,50898189,49347401,49352446,49748813,49452980,47364170,46848638,49108819,50058512,51379846,50081856,54778081,51132317,49562477,49111994,51132694,49709843,49427585,47107454,50593359,52137679,54498744,50915469,49671661,52154161,54933052,50996588,50968141,54473232,53155691,49550887,48313713,53695286,49262662,47338039,55197254,50861886,51442893,46827125,47779134,50330074,48327569,53434376,48059487,49844822,46942672,49214798,48549087,49091173,49156850,53370772,50925759,51288884,53472701,54935837,49458881,51337995,52633627,49427676,49002206,53483661,51173537,52403252,46942153,49475171,48776052,46174298,49272701,53174587,47813720,54022428,54181198,47159425,53090506,52433231,52136312,51780887,50348944,50264275,50482271,49324565,52158003,54328075,46346999,51958023,50049608,52504273,54365245,55322267,50603195,49542473,51440702,51326280,51124117,52245875,52630830,49857379,48011476,52449240,51810946,47513000,50369212,54937441,52071124,51329025,52116510,55898201,52975170,49460271,51931996,54841885,51190890,53100781,49482918,50321409,49136340,50203941,50975648,51090873,51727921,48169552,50930347,52901005,51741162,49466859,52043441,51261082,54830737,49779246,48726870,50684924,46931090,49848783,50605038,52548837,52207556,53172474,49358287,48369241,51782643,49606804,46670419,47008333,53236557,49212841,49446946,53638399,54967970,50221000,50427844,51914281,54565250,51707969,49240169,50768833,49719392,48352869
46217756,49861975,51115971,46999245,46662125,45682808,45392102,47575473,47897252,44633040,41938252,47150292,49079230,44687587,48901345,49863351,48286354,47838480,43671890,45731408,45666070,46612557,44190016,47884640,48063620,48043390,54178110,51329511,47244588,50819513,46593138,45976853,49758380,47024087,50189305,46191610,47399514,47733319,52503309,46903570,51671028,45741099,46931294,46095076,47940999,48521111,46552109,46447836,45271954,47617857,46356898,45183436,48928997,47373972,49556748,48188969,42147238,44077336,47022391,51373471,47294046,46652379,47050776,48354911,49982945,50148892,45647325,47814561,50492407,48647277,47265652,48437837,48607445,47158492,46930278,49758374,49105592,42927845,50679088,46412390,47326278,45478345,46415603,48125245,46132242,49207064,46023950,46623157,44212885,46735349,46090999,44731881,48565748,50540105,45502504,43774582,48429724,51644835,48215569,50061320,48157734,44851682,44564696,47307707,47341668,47937823,43297408,46395434,44852488,44201265,45459282,50627450,42505890,50004987,48238844,46319142,45424910,49866722,48958044,49445576,46070072,46519431,45231251,47949977,46805201,50016956,44934631,48958208,48166760,46397308,49819142,50951159,46212178,46539039,46984232,46154861,46618436,50512345,50588023,43539633,45360515,47614087,46927715,45989567,47393927,49725342,48045733,47210888,46872484,51794155,50315773,45958781,48766000,49687932,47171520,51246186,46651204,41976655,48319552,46863025,49147103,49782055,49135420,46293548,46996662,51066699,47810951,47036571,45612658,48643992,49799320,48218291,45628494,47841394,43892639,46610355,46894311,50268516,47508344,48439041,44908273,46278651,47185811,42733933,42584464,44178062,48554888,48980914,44541379,51761588,50175247,49115168,47017528,44452660,48543578,47129106,44303741,46942430,44868775,47313784
49173996,51865899,52663393,49888273,46723524,47047826,47545155,48479322,45271133,45590525,46374904,48591947,48603099,46226020,46399490,48780421,48770665,47587639,44563847,49003203,50945551,48527671,45202280,49137361,48083974,49988633,53880945,53290918,45378144,52325932,48600789,46662331,53916053,49252710,50038707,46850112,49208055,50355284,52096399,47073366,52556500,50137241,49989300,44389874,48817942,48120708,49307628,46959429,44287836,49732738,50262654,50329441,47215286,49970004,52407981,49035891,45539726,46997146,47554542,47531620,47331342,47427489,46795876,50582477,51763039,54001931,49095203,49771426,54072808,50425746,49459738,49815983,50842357,48159517,45752367,49427481,48438595,44514124,51730237,44845256,48971337,45959379,44672317,47107163,46114405,51322492,46048037,45797911,47205188,46356024,48476504,45484432,49385027,49498455,48622442,50780312,46798883,49760615,47783157,46420510,48207013,46121627,47286229,50166194,49633644,49568896,46302612,51036161,45551572,44756563,45509063,50462079,47159386,49789040,49413406,44307971,51186717,50892557,50289951,48900904,47951166,48816294,47733162,51011118,46459432,49976448,44483766,50786329,48456011,45485487,52675967,51350350,49247792,48571735,48792631,48239934,48132709,51777550,49243574,46589363,47165461,48680451,49220806,48143346,51635525,51018575,48884495,48900963,48828639,53186980,52345418,46261732,49738517,49271750,46361417,52047673,49461840,44877407,47706890,48121392,47788942,50476325,51022008,47241012,50505591,50767711,51127330,47661966,46878869,49082736,52146990,51883213,46105872,48011238,45841326,47755166,49335336,50049362,47907647,47955157,44382585,47186267,49602191,44885537,45172884,45975285,48916091,49386949,44770897,51117155,52888604,48627551,47710328,46643609,50128929,52772204,45942707,47369078,44079462,45683227
49682409,49139136,53701288,52027944,48417110,46536445,46796159,48546961,48973216,45792906,50012932,46143427,49572010,47753651,48738331,50383834,51796483,51575731,45021775,49762656,49836410,48817904,48447834,48870689,48401048,50082497,54550620,54458878,49027366,54884783,50412449,49346645,52580212,50367755,50667179,50195292,52924525,49923152,54229085,49098908,54721653,51474898,50727864,47343913,47742343,47775877,48053937,49341545,45627719,48606563,48140263,48689801,51680629,51402430,52352494,49818846,48223226,47976292,51128047,50408888,50389965,47050091,48601327,51375163,50804247,51923521,47049557,51284962,53141286,50464448,51189143,53092865,52745820,48338746,47737173,53783401,50631797,46485891,51631325,49641435,51657234,45806247,47981589,48228654,46618592,51759305,47056649,49139994,45645786,49058712,47044894,46358473,49414217,52991411,50054464,49812845,51187077,52607204,49632394,50262103,48721261,47061667,47358342,52676777,51254088,49319910,46747723,46928626,48831788,46618895,47789677,52657176,46579817,53351269,49276236,49720169,49903023,49045665,48968424,51323097,46380727,50800042,47794266,49716429,47127080,51774051,47625760,51218387,48909145,50171527,52054545,53835669,51137267,46644015,48952461,49275093,48147613,51161327,52352335,48539320,46974695,52172166,49789883,48289659,51509607,53408736,50619117,51667367,48238688,54230557,53030095,49591858,50834413,52426492,47747637,53570130,48856440,48203151,48574326,49262035,47557364,50473170,51146266,49090730,49763283,52973335,50447391,47049337,48296603,48915003,54766863,51500159,46398753,48803653,44738572,45602775,48263342,52656855,48867689,52278619,46863108,47920419,49658906,47723715,45977163,46435369,51377859,52788471,46084122,52676456,54272221,48199642,48769657,48954912,51808635,52783644,48534643,47072413,46344002,48975228
51946702,54302317,56097594,53879082,49609296,53516582,54011364,52477930,49762371,49762673,52468611,50536298,55416444,50002067,52198503,51834871,54219374,50290026,48415814,52675874,51638517,51216993,48640771,50725157,51804381,55979008,55753795,58491497,51620794,58017753,51042509,52087915,54648408,52738763,52409297,53242662,54897041,53554128,56553733,51118251,55250219,53110452,53268438,50256019,50688001,52115293,50832818,51707261,50366652,52108453,51091256,53596395,52007475,51085133,56188460,50850075,48165709,49453959,52732448,51838335,50455055,52640504,51555080,52933634,56206267,55138509,51583045,54147214,56426210,53694291,54006282,54659559,55026565,51476359,50520771,54358056,52135426,47987104,56114157,50860411,51218317,51400791,48604335,52141757,49894744,51705543,50037327,50806002,51081253,51305803,53464469,49010990,53621764,52903629,52460898,52781474,54220913,57742911,53820753,51440027,52731195,49977705,52385128,52582021,51025062,54507496,48456045,50422181,48387768,50396160,49266267,55165694,52473267,54285452,53340134,50989331,55219200,51136658,54527116,51646153,51125209,51898823,50844666,51986157,53261833,56173577,48715931,52481818,52305082,51455164,56524496,56400949,52010226,51613241,53147744,53583505,52244580,54939847,54380988,50315290,49896199,54151500,52143225,50993763,53290716,54824594,54404796,52849180,54618751,57206374,53776257,50076790,53745340,53113193,50194626,55501528,50885995,48128087,52033501,50320725,51673200,55101329,55877108,52348938,51873780,53037417,52863981,51713250,52025135,52333950,57590132,51709300,49892127,52526737,49479264,49621287,54001472,54839669,52972070,53655917,50967185,49220755,55123974,47001476,47602505,49418359,55231888,48934044,48842707,53655128,55378223,54382786,51216295,51132609,54933446,55191388,51960593,50644616,50719223,51347175
52760448,53696932,55388543,53309864,52917800,53311815,51187186,51862931,51266304,47731703,49850988,48569727,53377760,48956868,53491416,52741577,55005978,51703677,49291382,51256940,52360314,52384175,49961004,51665020,52759533,55452030,58822594,56051991,51065451,57325702,50642555,52019941,57350534,53345884,56125711,52576901,51683277,56544032,56544062,51614268,56179489,52013466,53565812,49881344,51781202,52415588,49473554,50296156,49798211,51304474,51800244,52523923,54175966,53267230,54435030,52828406,51579406,48367503,54115767,52772967,50194793,51350462,50745882,55794247,56727964,56322154,52503329,54841705,57814475,53917800,54502735,53902312,52824718,52747625,51451943,54430793,51966284,49731635,54876386,51097183,50889198,50143118,49082062,50418499,51156612,54660178,50301169,50852603,50293000,50063304,52475742,51970759,50657558,53980959,52942039,52934245,49876598,55166233,52836822,53336332,55306657,49196594,50272584,53071717,51224328,55585014,46345380,53025365,49241740,47483879,50439327,55390955,48538543,55354712,53916262,48863133,54241861,54978093,54668475,51626239,51815910,52365155,48389874,50299306,54865251,57001653,50620638,52198170,53690608,53005511,55846423,56320875,51691582,51922237,54419650,50993179,51847067,56106288,57370683,48402161,51296810,53689955,54766675,50333566,53864523,52706908,53510634,52055452,54572937,57413314,52383355,51211790,54089055,55674710,50719140,55430906,53363273,50270352,53342062,51226078,55496266,56320373,55069027,51218975,50974795,53283321,54091383,48624864,51665788,53008644,55293699,53952702,51616446,52061547,48554206,50698567,53211559,54563689,52189231,52854245,49458174,51387608,53386008,45756286,49026382,51141977,55986041,53094585,51951164,56341006,55001945,53050169,52425110,53591881,53767970,52150940,50298258,55228431,49285500,50587657
46808749,49462334,50199702,46460853,46934090,46656472,46791867,46975138,44824223,44176374,46266378,45034169,48212556,47233234,46742242,47394450,49426054,48334398,42437478,44221920,46298775,46888044,46414163,45989137,45919044,46690789,51854538,52476239,46564649,51598761,46890589,43723603,49823734,47343264,48156484,45148737,47054919,49835502,49699502,44810529,48558402,47295013,46198019,45022269,43764083,47081386,47172788,46152304,45655648,44001453,45974929,47584820,46356598,47277232,50591331,47302547,45340001,44475338,45002568,45688514,47052520,48446358,47974209,48105491,48486142,52337924,47878404,49499835,50143383,47603332,46129082,50028431,48963762,46028980,46980318,50064811,46847447,43223312,50566646,46729661,44621760,45027744,45826846,46683313,45787512,49432242,45575742,46688898,44720456,46842749,47399752,42960654,47002714,50129817,47568705,48568717,47834373,51437781,46883349,48140917,47568684,44935144,45125388,47621296,47484229,48561302,41456813,47636889,44425036,45599709,45248836,51286146,45775834,48938456,46806639,45715962,47145419,49650077,48128997,48096370,43846681,48857552,47152853,46955255,47109293,49855026,44897283,45630212,47687902,45849909,47080261,51073916,45890543,44687042,45769968,46493003,47290982,49722261,48834690,44837186,44774643,47674455,46637836,46446198,47186079,50597679,47018253,47932468,47360817,51473700,48685599,44590108,50021808,48770433,44933964,51107108,45835654,42543158,49184763,46057260,47208017,49785667,50628088,46163238,47486254,49161353,48439385,44469764,45456264,47702349,50200915,46503449,45681137,47135685,43249225,46438790,47072252,48162725,47021606,47402533,45456630,46313926,47881505,42985551,41779944,44542309,47953917,48105138,45362097,50732128,49646255,48113366,47898184,47102644,49927672,49402934,47713029,47495699,44272202,45730137
48160288,51175544,52364609,48670427,49682062,47321439,44901017,47089762,46049849,47422815,47965725,45727235,49405576,47955376,48498000,50378857,51197392,48057110,45986163,50476309,51675088,48767002,45578737,48373931,49229655,51301095,55252495,53917586,47188499,51919892,49800337,46319690,53452904,50977723,49830091,47018216,50185511,51884480,54184257,48791205,52760569,52893544,51547666,47143877,51442758,46477083,49843058,47601328,46448767,48201464,47824000,49134133,47645233,48557854,51293424,47092244,46237625,46745953,49961722,49534430,49007527,46205030,47113076,51669291,52621331,54275589,45911210,49987940,52749010,52492421,49655667,52488736,50527245,46837385,47652130,50460039,47290705,46586234,50706903,49890115,48621469,45559587,47580556,49461662,50416708,52088047,45133538,47338921,45569789,49832833,46250459,47001977,47797593,53025347,47588134,51458179,52596527,52593143,48009989,50614941,47587486,46711330,48506702,50330168,50328787,50912550,46375960,46083327,48549319,46659990,47851550,51626633,48002591,52571715,49752218,46756525,48752364,50930458,50301548,49833647,47172953,50375996,48174490,47494211,48227033,51862254,44141464,49538384,50201663,49784757,49800956,53202991,51553663,47132390,47705814,49425010,47397726,50378049,52317274,48640815,47944035,48739945,50320757,48356908,48964183,52831865,48522551,49237158,50339311,55786485,52501625,48236924,49990843,49485994,48081064,50993536,49234155,46048949,48122398,48485621,49460344,49891254,51051275,47955760,50469448,49426706,49412740,45473192,47752449,49722326,53002480,49065336,48652976,49254387,46196304,46079100,49507367,50125501,49861892,51078953,46978552,49755589,50063526,44551828,45627659,46574279,52171581,50265534,46325614,51820259,52990016,49295680,49599660,49208175,53680973,52042637,48677898,49139265,46135966,49080861
49983273,48823127,51650119,47995980,46159163,45731694,47697585,46988654,45725309,47217075,47480341,46272320,46119037,46541567,45963083,46688073,50602524,44948646,41255483,48526847,50411443,45689382,44823070,48564319,47723409,49000989,51354294,54707493,47272069,50902078,46474341,44597143,50729405,48928358,48985694,49379151,47189076,49255365,52144015,46698136,52444688,48631479,47987446,47182311,45550838,48192262,47352571,45884205,45801724,46709427,48921740,47363271,47147946,48627321,50003795,49551651,43274948,45749346,48162188,48374187,49379678,47046800,46758833,49604274,50311970,51384818,48658229,51263748,52947737,49144110,47978339,49058656,50125789,47340452,46880598,51147013,47938390,43983250,50287340,47786912,46384543,44396886,45021309,48127840,45309933,49565969,47351196,46333600,44810903,48637058,47013983,43059311,48216100,49168388,46126182,49130594,47081292,51447973,46937627,47071020,49458020,44153808,43840230,49876855,47711566,49334038,45188142,47365524,45988897,44824590,44795087,51072508,44791485,49689751,47915939,46823813,49085873,49931785,48166497,50175370,43922234,45718116,45066017,47906473,46934251,53346863,44512968,49033558,46927786,47336977,50143651,50917443,48182164,46360776,46829654,48235971,46320700,47476870,49409310,44776066,47216480,47705095,48116744,46846375,48710482,51581427,49366164,48262316,47374380,51212804,49614535,46630454,48360485,49499988,46131515,51162195,48745546,42530235,47435735,46602483,47970657,49806506,48651597,45977494,47400373,48317590,48469338,47077116,45577346,47122682,52460682,45844005,44424479,47993846,44680314,44597636,47008425,51104400,46290962,50307594,44743988,47127178,48403624,44131924,44140194,45923810,48330470,46857450,44892829,49543513,53945367,49972678,47128309,46763986,50648936,49467415,45733520,48173343,43396005,45360909
49847583,50745151,55147149,53701854,48246611,50707132,49203688,50992081,47580745,47522263,47662050,50458081,53967322,51753966,49182016,50794720,52448465,51943300,44414498,47318158,52667772,50025048,47106058,47623756,49522493,50527894,55336875,54765039,48048322,54107663,49860102,48195717,54020628,50974157,53349981,50658175,51337008,52104854,56028566,49720616,56407978,53538300,52487119,48856625,50626893,48428066,49884538,50810636,45688431,50108480,50163738,52192422,52395382,52778330,52485826,50232879,48965863,48552274,48495336,50417568,51016844,46539393,47867132,51207499,51605396,52722361,51809535,53460641,53037167,52035594,51664426,52424967,51056488,48787017,48959941,52330054,50204131,46571207,52579869,50369505,48793154,48856489,47785226,48774464,51196159,51582817,47358097,49867508,46800361,49146899,50777281,47156208,50807731,52065078,50271615,50110339,51184350,53709621,47786640,48578260,49622456,49474438,49805467,52235095,50474162,50612244,48329462,50968243,48246843,47257344,48934312,54051716,45900512,54513932,50850104,47779637,51772771,50454394,51419437,50350740,50129360,50696492,46690933,50725727,48654510,52630800,46854490,51060049,51991536,51285228,52348406,54319825,52400943,49913253,48367951,49043372,50177357,51294048,50777450,49832145,48862194,54204350,50826117,49237344,49152204,53334751,50023028,50332736,50340408,56715236,50204159,49670374,53172774,52793019,48574425,54246925,48589304,48258256,53039054,51922014,50644936,52328562,52883151,49130199,52361156,51014753,54317072,49660377,49724236,49349957,54520312,51068766,48913836,50764695,44886987,46307091,49922615,52383756,50742093,50600296,46906217,48184833,51807240,47186110,44517598,46246991,51958054,52974250,48060410,53808441,54199945,49814789,51265229,48182564,53572073,53495634,52260646,49093889,45659425,49754888
50731268,52606978,58236456,49775151,48617008,49873522,49090624,51250508,49081826,51043455,49667646,50905375,53839239,51300682,51837220,51120412,54287322,51025363,47594982,51874977,51603191,49059172,48362399,49812705,50651608,53774749,57550521,57468760,51006021,54439847,50418708,49689506,54000290,52078094,52247754,48797458,51388144,55132262,52557203,50854419,54961130,52796454,51494224,47791882,51610289,49618432,50554956,52353292,49108640,49159051,49455530,49757984,50362145,52055924,52715386,52299744,49237365,50976091,51461535,49956093,51186666,52214641,50432660,52393619,54067075,56508932,52491488,55846687,55896149,53499864,53379004,55122136,54103730,50207389,49142791,53629960,50996698,49095444,53422475,50988238,50167431,48154715,49782888,50474666,49264042,55302366,49621785,50907568,47218250,51899580,49446507,48402678,52972418,51342601,49334340,51870391,52261071,56045568,51000063,50474789,51286723,49804992,48022260,50305473,50388580,55814875,49091310,51494099,47607466,48142604,49951586,52521297,49524321,54836663,52510965,49149657,52466507,52521432,52708505,53286424,49543408,51241550,49016435,51217460,50693337,56925973,47936900,51261080,53276811,49481381,52357840,56208713,53570543,52056656,51933628,51145544,50990091,54993146,52545928,49517910,49677775,52365793,52586318,52813921,52990132,55134102,52219266,51576861,52040055,55866322,54224692,50824455,53571841,52638663,49103084,54372058,50895700,47374367,53453089,52773758,49695240,53271791,54095077,51141796,53128200,51691346,53772139,48013419,48104986,52654819,55305133,51786537,48777271,49315286,46748919,49286284,53403449,53217502,51670458,53654639,48904193,51578938,53164184,48362288,44516422,49054201,51711256,50821886,47715569,54348745,56281377,53635843,49982562,51091666,56116727,55515514,50369131,50553926,48621437,48465241
47201109,47076084,49059115,47825552,45194796,46945652,43996706,48051052,44396409,44596798,44976068,44904368,48255628,43886610,44961664,48146253,48428572,44395374,43369828,43597435,48246318,47404446,44076914,45586601,47201057,46561334,50735855,50747452,45785113,50240112,46197463,44154290,49733689,47249121,46348715,48224456,46908448,48519571,49837743,45592193,51348711,49849120,46584611,46475044,43774233,45597849,46408737,47155619,43870928,45617254,43227918,46745712,48196616,46878508,48141019,46486741,44018926,45588033,46615051,45248450,47200321,44906400,46062790,45816544,48326683,48907170,46734528,47125216,49754532,46737118,47183765,50097997,48397868,46895475,43405504,50188207,47072750,44027542,49644187,45935377,45635363,43929769,41698830,44476792,46825843,46750630,42757479,43954897,44228445,45959884,45483507,43825991,47183680,47616537,43715467,46814052,46705959,48431038,45872188,47585416,45059979,43926502,45241185,46874275,44740467,46454246,44196202,44928611,43685495,43378767,45615561,47442094,43551757,49710748,48900772,44323530,45511539,47205560,47959708,46460678,43700629,45906896,44453805,46293983,44870318,50670928,42616852,48002381,47895577,46254562,48850479,50354400,46287706,45314827,42858565,45358825,44550174,47491725,49321572,44101598,46502722,49505835,44375476,45002268,47089093,49834021,46744265,45117180,47545194,50492336,47304995,44167451,49233477,48894266,45565432,49431679,47645220,44217069,47383020,48586893,46480879,46576987,45869333,45113215,48510059,48435692,48294065,47618725,45865558,46790534,50266023,48472143,46891667,45380624,41915461,44806591,46816213,48482302,47071561,49409083,44347182,44116488,47975092,43906476,40630831,42533435,48355544,48089320,44789414,48431946,51172117,45874351,46577488,45337289,48964849,47474877,46561864,44870806,43315730,43874862
47284362,48032894,52283777,48680882,47038102,47073711,45896075,48718199,47490521,45229994,46984547,44407786,49501586,48269535,47958928,48151197,49587944,47985965,45647176,46732315,51339737,47732781,45168268,47512924,48495867,49971460,51861768,51078719,47404780,52203550,48230673,46170897,51627808,48713915,47858367,46771024,49446334,52835769,52025418,46484653,51754228,50475015,48242051,44671263,46946476,47960863,48275039,49762636,45499431,47778304,47992520,47854477,48630508,47215623,48666101,49455013,46565798,46548167,48426391,47459013,48518401,47111008,47792699,49350750,51747745,52651288,47946081,51523686,51633776,50927483,48776455,53300538,51000975,46864203,45934380,50989701,48184508,44061367,49801172,49290388,45641475,46154020,45190190,48118859,47002833,49950841,44984724,46530893,46919284,47469493,46739004,45617165,49441020,50597952,49344064,48361342,49311820,52703755,46371882,47275992,48362360,47057064,45219159,51083366,47676174,51041296,43197015,48282981,46257458,46480683,47233300,50892204,47694817,51142230,48297847,44190285,50371580,51030082,48505419,47993071,45905581,50015752,45778982,48475326,49214179,51871393,45304089,47898444,48048868,45921408,46946001,52048959,49323118,46400142,46824243,48549471,47844955,49788760,50029983,47114952,45862550,50069789,48129306,48300064,48615678,49727674,49829872,48632480,49837677,53538365,50510738,46747796,50634041,49321367,45184467,52068600,49560684,45381834,47299867,48393369,47428174,48882342,51180953,46056482,48698601,48153411,49899242,45792852,43527812,48725644,51455892,47302237,47681397,47919450,43810931,45434013,47551923,48787762,49161827,49954375,47248800,47716125,48231876,44717413,42887924,46706477,47400936,49628991,45239006,50096277,51666022,49220416,49188273,46847417,51116330,51430814,48459710,47866157,44932792,46421702
51256995,50749480,56011039,52291184,49314620,49078723,48272369,50168428,49111548,48414405,47782331,48537231,52809089,48619189,47460015,50838551,55693064,50430131,45893077,52814795,52319185,48962091,46629816,49349314,48882709,52862711,57510227,55161466,47600434,55638286,50794275,47510336,53736638,51164377,52769151,51630889,53421927,52456343,54744596,50293396,52999254,51727369,52723228,47913249,50047127,47950876,48914524,50460381,47984839,50520344,50889249,51658983,52231471,50505245,54121965,48177424,47619812,49334922,50514149,48978190,47998490,47058941,47712726,52818172,51908646,53980263,50613531,53361914,55759130,54124587,50336423,51866640,52699906,48757177,49812693,51235677,52335354,47369956,54155825,48850476,50137655,44634549,47689477,50713339,49340499,51686600,47347916,49187744,46907204,48611657,47251017,48717879,49594554,52116439,50224202,49845133,52317754,52514206,49370022,50876158,51794340,48502800,47422560,52866458,52421799,51654012,47044472,52161663,47706986,47405671,49479890,52095613,47576312,56010378,49380402,48221604,52502496,52301182,50945054,49411126,48742748,50914399,49252155,48387078,48263520,55319112,46473306,52353416,50764236,50765067,51128188,57355190,52491764,50746126,51627034,49626018,50161935,50754234,51126645,50330667,47087235,53229012,53184328,48186177,50515419,54290328,48906384,52517076,52973910,56253315,53136898,50023107,51499623,51826226,47780985,52641851,49475884,47971516,51319533,50085293,48100326,53069888,53851928,47699401,51808505,51841155,51290794,47025887,48032219,52820800,54849844,54736219,48715497,50536716,47054073,48605955,51228546,51934312,50707622,52239877,48856343,47963343,51795404,47383596,45391219,44696545,54249168,48694173,48342349,51257737,54486551,50827357,50176332,48895145,52520292,54769075,49063668,48863245,47141429,48085690
47348659,52949409,54043372,47938628,47238894,48930086,48960248,50690022,46702936,47093507,49363888,49196603,50413993,48090782,48902792,49471218,52885704,48566622,45356095,48632561,50197691,47868245,46965453,47382918,49128987,49641750,55897588,54499587,49264734,51771364,50574649,46972143,54077413,50825752,50777620,50150551,50400542,51318358,53876052,48055679,54830547,52505974,51146763,46998828,49649689,50168994,50080859,49762603,49396767,48001056,48664770,52268973,51492679,51574248,52330333,52596709,46982799,47620138,51484017,48985830,48420912,49151839,48181324,52094485,51131380,53750213,50452348,50868151,54409620,50543181,51184358,52458993,51674653,48811901,49398921,53081172,51947245,48622042,52872621,48119864,50493718,47465581,47930456,47944099,50731221,48983702,49285025,48052604,46936568,48812265,49838581,47019773,49500042,51402311,51372466,50105536,50464781,51576949,50838351,52165978,49116793,47452241,46969636,49032890,52233615,52010809,45729996,50492379,47167660,47295113,47011949,52575511,48701199,52492908,49653934,46658490,51019802,52251270,51516330,48276504,48147750,50422461,48873927,49983165,46743611,52899954,46345489,51007833,51079854,50514234,51881202,53316823,50557439,49468280,47595549,50356729,48944173,50428575,51168349,45790472,47795792,52896399,51545150,48965070,50601546,53474320,49495041,49945617,52246940,54867306,52358734,49304806,52024594,50510792,46877301,52926473,49701596,45560226,48084706,48925437,50440303,50827810,54041966,49311216,50171769,53969704,51159939,48978771,49250763,51332065,54799899,50062151,48013501,48489190,50169182,47567292,50685964,52079792,48885746,49678736,46383582,48979729,53284503,45817898,44625201,47999014,50130107,49057497,47730395,52346853,55755144,51278973,50879162,49079106,54174873,53857914,51120573,48225776,45792952,48468641
53017074,52707025,55614367,49823492,49666371,52279227,49783888,51122673,49255329,49468252,48861780,48099635,52299169,48939442,51303854,49994460,53622647,49043616,48693762,49984094,54301107,51430915,48021652,51117163,49744906,51751680,58355557,54849198,48223054,54812692,50340200,47744969,54739485,54057953,54747028,50402594,53118176,54058801,55655028,49720092,55008775,52640298,51699709,50525961,49836276,48795241,52420397,51072963,47958075,49361859,50118077,51166566,55654303,53442603,55422002,50475167,48738764,49067314,51436298,52618869,49734638,50832112,49688874,53398382,55530772,53457034,53283044,52326262,53809406,55672931,52504868,53947705,54445063,50896566,48991927,53904801,51580623,46474937,51430740,53529490,50402594,45818078,47086922,52764573,49190288,54468603,46354433,48250326,48183662,51191193,51264790,47028716,51085865,55130040,50760807,52360815,50402151,53884770,49978339,50450368,51695499,49384420,48528377,53146290,53086381,53624947,47125241,49115985,51082894,46907096,51672787,55049535,46860439,54823000,54046892,50298806,53481574,53460264,55087343,50550065,49579499,53059703,49216752,51506539,50272574,53583590,47201513,51293471,50769862,49904502,54749241,57522166,52449116,52357432,49189588,52516971,50429460,53133810,51706096,49297621,49883928,52399117,54560997,50080149,52006012,54546088,51535991,53562813,51168221,57182600,53851502,51249896,55160386,54766942,49537410,52953165,52039710,49701154,52853384,49059193,49820173,54050425,54884165,53647372,50536387,53200876,53341407,49606370,50164700,53545563,54540574,50992337,48804806,49432755,49099303,50731989,51183007,52607771,51278209,54555367,47848291,51947102,52829489,48471306,48219896,48780849,52035179,51588768,50078912,53254347,54398407,51762458,50401338,50780480,54580662,54095203,52498725,49942451,49965460,48236741
43549495,49315332,49461887,44169124,44362072,45717811,43140866,43672700,41569035,42889971,44801148,42896122,44873999,43906510,45486169,46990465,47575867,44541334,40979469,46737201,46649547,44514685,43645922,46240133,45161682,48585038,51414068,50858488,46740729,48775581,45604632,44035446,48094283,46569932,46204943,44772168,46316921,48204574,48306373,45661110,48244406,45049082,46972034,45538742,44756723,46591395,44741493,44544978,43908371,42319733,43390261,46791606,43900783,47279160,49072085,46856483,44724407,43034551,43878048,46200026,44481517,45483480,44141228,47895922,49021011,48169360,45199680,47007186,47593998,47785414,45586546,50027134,46999286,44277255,44703249,47716250,46112448,46060098,48648775,44606877,46050054,43513821,43332616,45715498,44776294,46973829,43070940,44962168,43504887,46784600,42558325,43024796,46872360,45014259,44630671,45473044,46736950,46927180,46538967,44699903,46415846,42429808,43288907,46082375,45167551,47751333,41310400,45455471,42215285,41830647,41518489,48951189,44517771,46889096,46100935,45054650,46925943,47090495,47966257,45673468,42797866,44147384,43945887,45696206,43537080,47115534,43206269,47387399,49393176,44259326,49916765,47080039,45632828,44684170,45531316,46549071,43417493,47326703,47919472,40880265,44189568,46573165,45463902,43169880,46474304,46744029,46419605,44136031,46933897,50335723,46822330,45880866,49243249,48438321,43675849,47495158,44886377,41230162,46281200,46330216,44388225,48132809,46194935,44963053,45709240,47143365,46616977,41999704,40935818,46691279,49579547,46434710,44084397,45434795,43578214,44086456,46079193,46077838,44363567,48400841,43228719,44713649,45959867,40975273,39844196,44575749,44224076,45353321,43070522,49562317,49269399,47646587,44022712,45455783,47955938,48175886,43975572,45901979,42510149,44639680
50533159,52168277,55189845,52478341,50006722,49715128,50137921,50867126,49634454,48186734,50213102,49107505,49876038,47249675,48218890,50495991,52549917,49354657,46601193,51371114,51626889,51426386,46245969,49369393,49204611,51265473,55679504,56778967,52689587,53827953,49713244,48412719,53903607,50515532,52230176,49647466,52279337,52353655,54250161,49298567,55683918,51046449,49900505,45277971,51810022,49114600,48290139,50164415,47262654,49779807,48365336,50216899,50051198,55103984,53560211,51190433,49423199,46709043,50226999,50217293,47944620,48362810,47144079,52987318,52334520,54611237,51767517,53460640,55934325,52287785,52623454,53672258,51282660,49263671,48907794,53419195,51781774,47594660,53731322,48142006,51115115,49053188,49699614,47502114,49464990,52205250,48642542,48850762,47799114,49536836,48312190,48152248,52121477,49774958,51873551,49620129,48357951,52332400,50605190,48717187,52526405,48484688,47209476,50142045,50628255,53649926,48459846,50255840,46482248,46122081,47849182,54628287,46660716,55039695,51103515,49900707,51022984,51713403,53772219,50352948,48601988,51022684,48097778,49829883,48422993,54058334,48478083,51390000,50567378,50690817,52548585,52802734,51351277,50565077,49104768,50983804,50611159,54960468,53774444,49591692,50699421,51881483,53000638,49732740,51055834,53245171,50699738,51450659,48676509,55395949,52762113,49126208,52667752,52459206,47798004,54350731,49391887,48136611,50103392,49794231,50254506,53275900,51132706,49885153,50894865,53237120,51197097,47445292,49310974,50424019,56503281,48718681,47810034,51406250,48059395,48977520,51003200,55306460,53317210,51879860,48506939,50861706,53228254,48145497,46202868,49196549,53726394,48525660,47443685,53457084,55152765,48246623,48905876,50016073,52313299,53063686,48902681,50359019,47675487,51960952
50466961,50822236,55108858,50030621,47657403,49814871,49855996,50002114,48942121,48458058,49843251,49643780,51368672,49396135,48653418,48896593,53500155,48532865,44822730,49992548,50622865,50623417,46807738,50879907,50769809,50058285,55494527,56399440,51012375,53148768,48492376,47711363,51493764,50591441,51113233,50690402,48734994,50256240,54220418,48670049,53460223,52772119,52887435,48036064,49586816,48923810,48867318,50085784,46439614,49977049,46706768,50497512,49766496,51239090,55536909,50293487,48651860,47707536,50675267,48698998,49466763,49891407,47992880,53541947,52053367,50385833,51291893,52026820,54581959,50662892,53315109,54598969,51909273,49701762,48170721,53948521,49869116,47624792,53572989,49432467,50340332,47018233,48274836,49877136,49222669,52492130,48884710,48925152,47923929,47818776,50925855,46010997,49605732,52111861,50096556,50409956,51570966,53989363,51277473,50689846,50358206,47998904,48176086,51051942,51522871,51960197,46359192,49278974,48646655,46116652,48330723,55877558,47101464,52035639,50053767,47251951,52128852,52598135,52541109,50358610,47555891,49892903,46911069,49276695,50810647,52730652,48206853,49885656,49800185,50044742,51335710,53404766,50314907,49911924,50996718,50478653,48683235,51515614,51692878,50338600,47699559,52841884,50780529,48179852,50196912,54632572,49218869,51624224,50713233,57280772,51522695,49585061,51115900,52159769,49218195,52991099,49025330,45420733,49769557,51003855,50659168,51171491,53004556,49303977,50807403,52036111,52691590,49034605,49518878,51266637,56061438,51171829,48702938,51508492,45755598,46896004,49726816,53655619,50327007,50263161,48310485,49671975,51357763,45589138,45874777,47489081,53232730,51500206,47599860,54829106,54678640,53051481,51239774,49087314,54270236,50786295,49805919,47891543,46594293,49287344
53479163,51732754,55317754,52497609,50105766,53548429,48931174,53601470,51464272,50535225,52274421,49720030,53401257,48916397,50572096,52053241,54078168,49333104,47913896,52478192,53003138,51346523,50070924,53577335,52972617,52847673,57514779,55869503,50011207,56702780,51055996,48707967,55731945,52136002,53028238,54020381,52845971,52443560,53721910,51489342,56679069,55909579,53436751,50387046,51344625,51782413,52393360,52857530,49684741,50088799,47706367,52198964,53227062,52069232,54682024,53756170,51873042,49787843,50491096,52276900,51776044,50494501,51023598,54426675,54912610,53630811,52260377,55113513,56365242,54963550,51687114,56500146,52277122,51687648,48412863,55065439,50953171,50060098,54809653,51682456,53397616,48604687,49989090,49185082,48462637,53241270,51039136,51245122,48063870,51432521,50201535,51021199,53196205,53788022,52393010,52239511,53110294,55838168,49221431,51662791,54590380,48669911,49552448,55975938,54312419,53065729,49072630,50916244,47380295,50128316,52215556,57417659,48880696,56310147,51298630,52102137,55201671,53682729,55692890,52658259,50354963,54574502,51632584,52033145,50070612,54119633,51670954,50952011,53128691,52138661,55174904,57147148,52279770,51900113,49885058,51235330,51968266,53929948,53925740,48903838,51354882,52573140,54823170,51214850,51038061,56545223,52898700,51668599,50786568,58057677,53039432,51284814,54282470,54453969,50777682,55148270,52576660,51328304,50468699,51874359,52461481,52370303,53197882,51788099,52574870,54365370,52428696,48887716,51749417,53535430,56170683,52272848,52168301,52143552,49669672,49928524,52035203,53514830,53226891,55663116,46775968,51550475,54037145,46193525,47306560,48731749,54229627,51821772,51630296,53872563,60160380,51675137,51704031,50558892,53468557,55613473,52351442,50273379,48207730,53347613
48691849,49406872,53567378,51768961,49746396,45468557,48091934,49178725,48907871,45158900,48740140,47011315,49626666,47425563,45036013,48555331,53632175,48354187,46139009,51632051,50987017,49740949,44481576,48113334,47173589,50822906,55284293,55210690,50435227,52031157,50829882,47868312,53925012,49840061,50336214,49529149,46986853,51124806,51985215,50003000,55024829,50220448,51347829,47283418,47993234,49762013,44483041,47035943,45515103,47279555,47095332,50635271,49792223,51254447,54056337,51196868,48743760,45823837,47581064,49060878,49887018,49178704,52322087,51102739,49447388,52416311,49575487,51636555,51710177,51793475,50926790,52899098,49326785,49078664,45755564,52832914,47682519,47577780,51423774,49975392,49054155,47304288,47896620,47663047,47478271,50569342,47989888,46729923,47823366,48303700,48275713,44582794,48947165,51242469,48193408,49063280,47772816,52142818,48256482,48508263,47581144,46543519,46980603,50090739,51525349,51619018,44817099,50043078,46760941,45563297,46136564,52312123,48168518,50339160,49080926,47730343,52519554,51467520,49757667,49822881,44420286,48452614,46500881,50351040,48250321,53102730,45410668,49357108,51040030,45839911,50554118,51453399,50705607,49411745,45876932,47065196,47608790,50891340,49628115,47652736,47185527,49254378,50115043,47964997,49296048,48679890,50354023,49451838,48969724,55489694,50391885,47567528,51909391,50931424,47853248,52115511,50588739,47932944,52229220,47930895,49176747,49933754,49870878,48621553,50968310,50246877,52038492,45963401,47298873,49182280,53591637,48021589,46131928,47387504,47081428,47350122,51335430,50247996,50870730,50668970,43521398,47699850,51589320,46338591,43436466,45550393,50731615,49575197,45368701,53209416,53714041,48574737,49907904,49599134,53753760,52583407,48189695,48893320,45572880,47420304
51194285,53687909,55542472,51910029,49924837,48991403,50989057,50388559,49277947,49627977,50100262,48720269,52206500,49085253,49989343,51395857,55214483,50387422,46576302,50750312,51743368,50980620,46418461,49508723,50611551,51788544,54707048,56437863,49552846,54807269,51155409,47755603,53860027,52621918,51841560,50151980,52279127,52592306,53829981,52251581,54106490,52152477,53329164,48021736,50196644,49983951,50118295,50095070,47189302,50859114,47825293,52547641,47439430,52190796,53628587,50430021,48691399,48562857,50878386,51396437,51017628,48766761,48572396,52210993,54490902,53887352,51150708,52854270,55967677,53036376,53210927,54314014,52640920,49557236,50430291,54059635,51535423,47930345,53473861,51505979,51666039,48380014,48954007,49500213,49216590,52884808,48569062,48329103,47813291,49661205,48330968,49037295,51265105,51877172,51147252,50223822,51011165,53766970,51019072,49339252,52235606,51194128,49745686,51665251,50815138,53787791,48595978,50403714,50569853,47567496,48212673,52411392,47069397,52409314,50492642,48722724,53537110,52545419,52737379,50092587,49819089,51317353,48426275,52644115,50743232,53972348,47034973,52679807,49907355,49258544,52622183,53804595,52401502,50363564,50583094,52481686,49881687,51641456,53010106,49189266,48413405,52937538,52170229,48806405,52393641,52263518,50385158,51717629,51529300,56789259,53163327,50744714,52202964,53635459,49447270,54526279,51628751,48381117,51033058,48105234,50512111,51478080,53539243,49623477,52058316,52208134,52855351,49779885,50814729,51236104,56573150,51502169,49900863,50614039,47149576,48295535,50864695,52026871,50902336,52109861,48449142,50588527,53775975,45949365,45828951,49257423,53447188,52463833,48544130,53552997,55300326,53954299,51504576,49880016,56529626,53748307,48447135,49681698,46470038,49523334
45785125,50258807,52295658,48323367,47782845,47360744,46501440,47217389,46456693,46478959,47832318,46069431,48754269,47688134,48793925,47806368,50432769,48380382,43628451,47729917,49657959,49277247,45304092,47449838,45293980,47163078,53279971,53963154,47542410,51771468,49235823,43920083,50182609,50407201,49313154,50361145,48114981,50224500,52891162,47665679,50930193,49000628,51727392,46849905,46313607,47413937,47697272,46918255,44326909,45397186,45561052,49542393,48718017,49984025,51874214,50050729,48412831,45719895,49455961,50281168,48917991,48842368,47428422,51839907,49138674,50854178,50382124,49550189,51770456,49216399,50452390,51117006,49967046,48297714,46967277,50694664,50549743,45820237,50907101,46025025,48637463,46990092,46449157,48816910,49588666,50537963,45639146,47711458,47162027,48688994,47134072,46782405,49867008,51014812,47009318,49896767,48910995,49906454,51518285,49936351,50399893,47522093,46763413,48015456,48016480,49829276,44201324,47452645,45880575,45277960,48400484,50435554,45154426,50101873,49795332,44786374,47766819,50886351,50049134,49540850,46866318,49085157,47818792,49357508,49516094,51598500,48264122,48967304,46036130,48763177,50387313,52150255,47656920,46776228,46410698,45714315,47719943,50825795,50432559,46140082,46511243,49235615,50296150,47111713,48192359,51218183,48480859,51155909,47158532,51470348,48104316,46827165,49932697,50773160,44350171,49397100,48252589,44521562,48395889,48819184,48332379,51232723,49350937,48022668,50860058,52506967,49566743,45592638,47500707,49366360,52498450,50085623,47168203,48810218,47429507,47571359,48293755,50315863,49984074,50641032,46529355,48029241,49937315,46099411,43821523,45465462,50494079,50182721,46477895,53635096,52470305,48914196,47880369,47584577,50162831,50352223,48096974,49543596,44068685,45481438
50007860,51934691,57129589,53414460,49439664,50665670,48719307,52745768,50143776,47396544,50812851,50385576,51868606,47441526,48544737,49930478,54177512,50519346,48801779,50628479,52929324,52139040,48224281,50185745,49637512,50144661,56980878,53598386,50207558,54238860,51254888,46631937,54976589,52263592,53701264,52324312,53409629,55496073,54549154,48840765,56063884,51885992,52974350,49247224,48649774,49469742,52420371,51204813,49422535,50579810,48645532,51301113,51609728,53507337,55885183,52238850,49346693,48350925,50717458,50795643,50457336,49733781,49901380,54997045,52666922,53584224,53555524,52072041,57583286,56193860,53310753,53712408,53871556,49508345,47574731,53639065,50801926,47781438,52651253,52102309,49656080,48704850,46617139,49775209,48943861,54636745,49372772,50720823,48550035,49052751,50756670,46767270,52804765,51262582,50642093,50728238,51658852,55666311,51699914,50633640,51050886,50637508,49056492,53405544,52858215,52746774,47276284,52204576,47487235,48596236,50899699,53192532,49570232,54871129,53713602,49210835,51771267,52109673,53872710,50779800,48209670,49561891,49651368,50613994,48807335,53394532,48178706,52451551,52481633,49748902,52608779,56320714,49643561,52529222,50026741,52548640,52427031,51793140,53678245,48778632,48627801,52055233,54018702,50473835,52279927,54470641,54041875,53895471,53256010,56451323,53452689,48601720,53350358,53458658,48956653,56499309,50873041,50624450,51696499,51803692,47908863,52745813,53672108,52775727,53601045,53873612,52808245,48730631,49217296,52914412,54312642,50030305,50232002,50381113,47664876,49963683,50703781,52415146,52778917,53393112,49508444,50508504,54038800,44847193,43318226,47987004,53414774,52195636,48999552,55234413,55758870,52701738,50444858,50620660,53890980,53010475,50775332,48969318,48438369,48923743
44940687,48438495,53341227,49621199,48118746,44955914,48138864,48765735,46281094,46058947,48429126,45677489,48055730,45146533,45585111,45993074,50262950,45755429,42670940,47042137,47554869,46998005,44447152,47577225,48219249,47997018,51829183,53209834,46964930,51257183,45431200,45152064,51659418,48133531,48312607,49107176,49265579,49240376,52277597,48793877,51997483,50613743,50012699,43989879,46070022,46374480,44963076,47270569,43430795,45803954,46500896,49641851,47661681,47273735,48927993,49449939,44610160,45233324,47133170,46374763,47318651,45929569,45754404,48709331,45572865,50944662,47531298,50214481,52860166,49099520,48408256,49970162,50249925,49208317,44350571,50820778,45436223,43679240,48421076,47410037,45720825,46924804,45322867,46296366,44875376,50531961,46533620,46014060,45241751,46736896,45451102,43811588,48606105,50114197,47129404,49246546,48263539,50703405,46931867,46546818,46870847,46099658,45926390,48073183,48931033,50750306,44535971,47582223,44689464,44062922,46079239,50100073,44985770,49704557,48486517,42000750,49780982,50106734,49662394,45897349,45342090,48446037,44790271,48061548,47308742,52244197,46855342,48319955,47301791,47572433,49796395,51591945,47305651,48745007,47432716,47324221,46933059,47021609,49116169,45432521,45720261,49214860,50012488,47660880,50183686,46777447,46578393,48343170,47741809,50659614,49890875,47303496,50353387,47839607,46912450,51343765,45892220,43242412,49977733,46391136,47355648,50072198,50054976,46937543,49572707,49786111,49133266,47654520,47065829,48911004,53551170,47390170,44817518,46758644,46021488,46077158,46428407,51590892,49032959,49255084,45184783,46565360,49031803,46347588,42158615,45355532,49892702,49116522,45728589,49073331,51046327,47639473,49951364,45401040,50585307,48971040,46523826,48469622,43078186,45216230
53644669,55379447,57335956,52811650,52303352,53296197,51880639,51839534,51267502,48547830,49122518,50922690,54951362,50250687,53062006,55027530,56407636,51460101,50384682,48917411,52587465,53794551,51320782,52006731,52866994,55283919,58440989,55560717,51678943,55523801,50528639,49718756,58242033,54723318,54064610,51557610,55067306,55376062,57124437,51939507,57127097,54100138,54526583,50403294,53171312,51577046,51097887,52225976,50821863,50545380,51222707,53745515,54252756,54811050,55253266,51805817,49559907,50135131,52262691,53135250,51867238,50386349,49853068,54366924,55372329,57236143,52839432,53305113,58294079,54530988,55209521,54474683,54873851,52050655,51372936,57257154,52168830,49563275,53318059,53848605,52574841,51173570,50653308,50524645,52158209,52907643,50731098,53225075,48094509,53241418,50187263,51451864,52555641,51752423,51156979,53451902,53539226,58189517,51369930,52580667,51860491,49823166,51692752,53342271,52287415,57093566,49986759,51656189,48957753,51652423,51254689,55804301,48582611,58416390,54634976,49296086,53227843,53255358,58334436,54302870,52051089,53546101,51597320,51279132,53051208,55001974,50589674,52787022,54636875,52681339,53558269,60225465,54357125,55497484,51855243,51715027,53479688,54926964,54935952,50927425,48990291,52006174,56420413,49789737,54521709,53997800,51587163,54426660,52790460,58977816,55765649,50914652,54650081,55167068,48957656,56110278,51330651,49545373,54830214,51880840,51777040,55795373,55519231,54424365,52534040,53007820,55152111,50566158,51525561,54912523,56474256,51889342,52014916,52609817,49847437,52070866,54289087,54270591,55112380,54977641,49845348,53322142,52849085,48315262,46146310,48919147,54866078,52186593,52936645,54782256,58694027,52322766,53311052,51171240,55352285,54870195,54434317,52152696,49830413,51656927
49108821,46110655,50713263,50962814,47931600,46676793,45194950,47569551,46691778,45588001,48613549,47158609,49725974,47274214,46007719,48277624,52129612,47946730,45289175,46820208,50497330,49864583,46656649,45626706,47352833,48150462,53719954,54749775,45947163,50833029,48454495,46737894,52014290,48764496,50609959,47964801,51733273,49285124,52526649,44823133,50601730,48624796,51597104,47041482,47223393,47872929,47102593,48344969,44758685,47874941,47581321,48825102,48845278,50077874,51670199,46879727,46888197,45649848,47612475,48561482,48921356,46877875,45829187,49631163,51553758,52035766,48573601,51230979,50519803,50621419,49803319,52081473,49650917,48890503,49730082,52607710,48243464,45314126,50873885,48791716,47118367,45391784,44901030,47713853,46892973,50194993,46345316,46872941,45421424,46019500,46572318,45022378,47035900,49343591,49350493,47292455,48573430,50730111,48804316,47725991,48291415,45569658,47578239,48966484,46274875,50550953,44025823,48194259,47211335,46063957,46398810,52008005,44992591,52792608,48373420,47220114,50027138,49734883,49057826,47926433,46837342,50024862,47140350,46511246,47638582,50665299,45495352,48513546,46529392,48265152,50078943,51844303,49709843,46439705,48267080,47099256,45806914,49107268,50103544,48663158,49244565,51391188,48663402,47017557,48583839,51277663,50048929,49633511,47521600,54602960,51205072,46441013,51545646,50211597,46388506,51630431,48258459,46419409,52022686,47590004,49030975,50634013,50697615,48872664,48843591,48462077,50291603,47657951,49692207,47718808,53305289,50297862,46118223,47464197,46425306,44711351,48779999,49997565,49048891,50825007,45886699,49262795,48892650,44265388,45662757,45626462,49268887,48112479,45662982,49732482,52524455,47171258,50319375,49739306,52003766,52305389,48601218,47912924,43260870,45866109
52411085,54401489,55817584,50992674,53034647,52024233,52379472,52021140,50491234,50194614,54020430,48013193,52668471,51829502,52115725,52694188,54341656,51919222,46687064,54158119,52343093,51445694,51153480,51899863,52657270,54709058,57368155,59529108,53050615,57852693,53940890,51732161,56259660,57873921,54172577,53830213,55543332,55848053,59656708,51785025,54584716,52947323,55584562,49769879,51858384,53864412,51309416,52450095,50297225,49881249,48899237,51812182,54272187,53297546,55770844,52340906,50369032,48496354,52934839,52285567,52622008,52448204,50107001,55730239,56703842,54580320,52432038,55346501,57472063,53708838,53407937,54199200,57252671,52484633,51181328,53976160,53494946,51595774,56403811,53076240,52137147,49935645,51036195,51182213,51729666,55378660,50941277,51736202,53016671,51270356,51947437,51496308,54153933,53199035,50048545,52558095,54142422,56259267,52610191,53996165,55993540,50182764,50694429,54032324,54785607,55371451,50258685,52158706,49605830,50175639,50734335,56226777,51991331,55427588,53688324,52981550,54717619,55206997,54153340,53466855,49776473,52601697,52645936,50960153,53447597,56977404,48850747,52411905,52391940,51734587,55297907,56507269,53227390,51185477,53440769,53079096,51809933,55190661,55782034,51643169,51622530,55731199,54163538,52701719,53322669,54399725,53297267,53111727,54525604,56250893,52791043,52391927,54940075,55378339,52176285,56410012,51416951,50039084,52885175,51614020,52648037,56111286,54879202,52382060,52232897,56191434,52512344,49172431,50102309,51922970,58815326,53121782,53116868,54379921,51001283,52275837,55020421,54543439,53760840,55392970,49930668,51783764,52733446,50639988,49477328,49076145,54898003,53291054,48943950,55640704,56797949,54960216,51500966,51983986,54971307,53941148,53295255,51086517,50491191,51580371
51339875,52512277,57136802,52760960,50631777,51716097,50903314,49346564,50817821,50162594,49417672,48637091,53252777,47848225,48318368,49095170,54807268,51743065,48826510,50399606,51898389,52311375,48010691,50244381,52040727,53531523,55341833,54247688,50005788,55609486,49325127,48516877,55416262,51965180,52314710,52023466,53236435,53949218,53830626,50990152,55554649,53920911,51688084,50663568,51807958,49834035,49302458,49961790,49778916,49516909,50232466,50799248,53960631,53620795,53482847,50898929,48784619,50117192,52137650,51211829,52313972,49742592,50621794,53542760,54610606,54520060,51858605,53410368,55092885,52379052,51958167,54641208,52190749,50604933,46893270,53248039,50493601,50765298,53999430,52969169,50124497,48363042,47293440,51124519,48850663,54099197,48803157,50137297,49747865,50971785,48810444,47620151,51768744,51050825,51793479,52226995,52637890,54105890,49235059,48877634,51229245,50284769,49470840,51855274,52999356,53059650,46656840,50884256,48145140,47591420,48494020,54980998,45987589,52266015,52862262,49419948,52384076,51641649,52543985,52715838,48291681,51130672,49564619,51283544,49714370,54647905,48035689,51256575,51371240,51327913,55248662,54956880,53027662,51291600,49445145,51238975,51913110,53042865,53801478,48084663,50887001,54360431,50769740,49143321,54289022,52503973,52275286,51539245,50499792,55947522,53595820,50052598,54099497,53304802,48878468,52928479,51918420,47539664,52203270,49985180,51028943,55498307,54747819,52446691,52980362,52114567,54041283,48165667,48994371,52801400,53659825,51586420,49190411,51031426,49669608,50606667,53032618,55198620,51971921,52497876,48586107,48075099,55368703,48181182,44945230,47537295,53116679,48201025,50542175,51469592,56446408,52039340,51750592,52974175,53624042,53708673,50940727,50708129,47473547,49662633
50332275,52929452,51435035,50606193,47506134,50083542,47967829,48586713,45707366,46363096,48428962,49064804,48894791,48826381,49369897,51062919,51513422,49202283,47249970,47458395,48551471,49052857,45913019,50582377,48102606,50118440,55421411,54676322,46203122,54905767,51542695,47151628,52764002,49989843,51634879,49756892,51179577,51207235,54363033,48864576,54147111,50558281,53008741,46708881,48108810,48447237,48462084,49886373,46668135,45911915,48360057,52507682,50037442,51987557,54129470,47481190,48257376,48127772,52737985,50556836,48832021,48097865,46572691,52014642,53181448,53622085,47532669,48862694,53433798,50324810,51512258,48951129,52735832,49068326,47932435,51728365,50587257,47574600,51822152,49055426,49359938,47545719,46134070,47082492,48456518,49478090,48142859,50146892,47486161,49502448,51844244,47407622,49508727,51123365,48977385,48493731,48400395,54139677,49508576,50737815,48326585,47520121,49161506,50322338,50378478,52114234,45724081,47307254,50054295,47040262,46897890,52750483,46511366,50121094,50917895,47764655,51294497,52426419,50397057,50891144,47661964,49082445,47089946,51291004,51629685,51425065,46703428,51706289,49297927,46869226,51297099,53284342,49524974,50074323,46336260,49715597,49425576,52653888,49783611,48586569,47824176,52188490,51069479,49119850,50596044,51698436,49944195,50315567,50998208,54048229,51709225,46263670,51578284,51583619,47376432,51821852,49220834,48190687,49689442,48304755,50058582,52130580,52002946,48073348,50101307,51585889,51522495,46963444,47928574,48245082,54093478,50918006,50179780,49439314,46737770,48159655,49801927,51741111,51054627,49690024,45387521,46931686,51409433,45797233,44181352,46916306,50308753,50504971,48726038,52972080,52673361,49351133,48672762,50074514,50950111,53172625,48759912,47940757,45914509,48033643
50071326,52010778,54476998,50122633,49729589,51396179,49402070,51065288,46616149,47769043,51996130,49431977,52501166,47092271,49839505,50722268,54731439,49003063,47003187,51349355,52415129,49739159,49248954,51404368,50736696,51828338,56538252,53789265,49862599,56800874,50583006,47560036,54309292,51686950,52964578,52725717,54124990,53360117,54359280,52341520,54931553,53770485,51807582,48028774,51041741,50989446,50208374,50735450,48371956,49252306,49562447,50701281,52271596,55423731,55512778,53616809,51367169,49449104,52758027,50287726,50413917,49954675,51779695,52072319,55181262,52256965,46809429,50786320,55727723,51141007,51302880,54675742,54140855,48553102,47678779,52108491,51238646,48846458,55667224,50887506,50748549,50273549,46653530,49760852,49094383,51226645,48063353,51220505,50219652,48050990,50054452,45416123,50183619,50113554,51865962,52213655,53268163,54601951,50330529,49775577,50695266,50809119,49022534,52426705,48941618,52180927,46381662,50047882,47895703,50325119,46685222,53983445,48198915,54244549,53304953,48146611,52863663,51554016,51812892,50010764,47679755,48288237,50063749,50657168,49326827,53906896,47493046,53407827,50543201,50259981,53189431,53468530,52160220,50351109,52287960,51369369,50585028,50910071,53973811,51594059,47080428,52391301,51526924,50279481,51071722,53349474,51160924,50694563,52729539,56946809,53545160,49935152,53278940,51454246,48325210,54264297,49746728,47751740,50561966,50916173,49089030,52086577,50906402,48866003,52365978,52478431,53496925,49202740,49009648,52227504,57237665,51333304,50961692,49545045,47576652,48623291,50207447,51827566,50230383,53731446,48964009,50196741,53012445,44929175,46019926,48005870,52043995,51286079,50187209,53711923,57574913,49664039,52154202,49940769,54326188,53893922,50879099,51945297,47187897,49033007
52724923,52244018,56201810,53117673,49555403,48523167,49356818,50867892,51320059,48115796,50770220,50347103,52179324,50690180,49998278,51199638,55515926,50874834,46769234,50903000,50313690,52496910,48274195,50335701,50828176,51140524,57424559,56602537,50732141,55984112,48723352,48823728,54050945,52572818,51537172,50596825,52161157,54272413,55969990,49572458,56691278,53354526,53564734,50093740,50519615,51392493,51558223,49522924,49699266,52339548,51057287,50431220,51950809,54592272,54387364,49685629,49183077,47466481,52647536,52967567,53273245,50767355,52308709,51982949,54515306,54787705,50084432,52672200,54634404,54318068,51620074,54707471,52775381,51339620,49143295,54182478,49604009,47328737,57297352,50632483,50242748,49036344,50033984,50213055,51457406,52722286,50428534,52355458,48716470,50033930,52628790,47963200,49552390,55115265,52280746,52131191,53401282,54499287,50217284,51241099,51809788,49951272,49543498,51344341,52832755,53782370,46845739,51324912,49647422,47862467,46859269,55144068,49829456,54091937,52961118,51083541,53668611,53199349,52663680,52375061,49303168,51110001,49842794,52008896,50180922,54343481,45169250,51432819,53225765,48379819,55277605,55068392,53741904,49436199,52409325,51361787,50244070,53945957,52079956,48491669,49790578,51726220,52826294,51114931,51890356,54681267,50995656,52588802,52536816,57569967,52685697,49824411,52239939,54180503,49984655,55091710,51838733,48054289,52200214,48349314,50637114,53817629,54552882,51050526,51285844,53407792,53973064,48872794,48391920,50919265,55891276,52019057,50071072,50851681,46467056,49111154,49328849,52889955,50448748,52016040,49201772,50388627,53636685,46606496,48595825,49608516,51972002,50790607,48494385,53754010,56070651,52766085,52119918,50385613,56066961,53133503,52664336,50891332,48582472,49341522
52273065,48919579,53773133,48916011,49655714,48584210,47202967,50698072,47656755,44928928,47488461,50845827,49036602,48346072,49964140,51924650,51163598,50506788,46140214,50446082,51373307,47972990,46346470,48790792,47733508,48720377,55278952,53592732,50167018,54139370,47855571,45752407,53184294,50794581,50587000,49758288,51230789,51721937,54301692,49917914,53389780,50964481,50924330,48203529,49580435,49976169,52051300,49934523,47319636,48624849,49010080,49198158,51513416,50648661,51881519,50745738,48534102,47156653,49459154,48916812,48993520,49279209,48745611,53759552,52598549,53434994,51754002,51591972,55707479,52635789,51394909,51931097,50430126,48174503,50435524,52999480,50886673,44908223,52174232,48771844,49397291,47852125,47086231,51082327,48425704,53832567,45962417,50373932,47600812,48538878,48912770,46121145,50323427,52320654,50363467,47580146,48764399,51591104,51325965,48755964,50621279,49700450,46741254,49551327,51636025,53255614,47072625,48365993,47323241,48262193,49615996,53497347,49043394,53930271,52361415,48863561,51498527,51231068,51642572,49326112,49071754,51736463,48248393,48145019,48292359,51991844,46841822,51897511,50635985,48942113,54764981,54836633,51741578,50494378,47512938,49460130,51597580,50888108,51912507,46670341,46394036,52076661,52333441,48738899,51246286,53836448,51802615,52472874,50324902,56120012,51289053,47513822,50504323,52160953,47056786,51678120,50119181,46442057,50990755,48376198,49511775,50674842,52534911,50631981,51778542,49115899,49039569,49106175,48816353,49933347,52671495,51017176,47577615,49981573,46833919,46649691,48709659,53102297,52726208,53062211,46791616,48777286,51024393,47948515,44834124,48552970,49908464,50513551,50640682,52124278,56926143,49032678,47934966,46887486,49200311,54507946,49984360,48909336,47474560,48323976
47055593,47926195,52187751,46116174,46452163,46542961,46626556,47197601,44765488,45854770,46824801,46305790,49736063,45795666,48094244,49051674,49523510,47249862,46481242,46452607,48815052,46546841,46152008,49024524,47756034,49242254,54022722,52811897,48616549,51965617,47526792,45636176,49789141,48340373,47467841,47295254,48728253,51166726,49331586,48025686,51849161,50214468,49093950,46727780,47076626,47541757,47207412,47955206,46847808,47763554,45806410,50865344,49892899,49200385,50262908,48867467,45640578,43997926,45765169,50569347,45456070,46847827,46061818,48963494,50602964,49583959,47028914,49420772,51024762,47498011,50024464,50618097,48999155,46627226,45576185,48358174,46657109,46816906,48883518,46209795,45946933,46929126,45186917,46601165,47835133,49574126,46042749,47596606,46350225,47318534,45578687,45520547,48042039,49600205,46873891,49539270,47724973,49435402,47251194,47519506,47014643,45043848,47475307,48240396,47671070,49463020,43578339,46701433,47687096,44163465,46891012,48547332,44507257,51140855,48254691,44603835,48954124,50814666,50606788,49434307,46013334,46748364,45457005,49160498,48553157,50640449,42202197,48624243,49852271,47053206,49467678,52063853,48063893,46397680,46684811,48640228,46374141,49691135,49055000,46655294,44780470,49789327,46855544,47767856,48307473,48949471,47712278,50010389,49350672,53100577,49353882,46633129,51837697,48097798,46533589,51675693,46097514,45592903,47331961,48266278,47877963,51267497,50077957,47252018,50112648,48544151,51668894,46176409,46229273,49686080,52254139,48614274,47625676,48353184,45393484,45110933,47633940,49857199,48607985,49722373,45979474,45252495,49222853,44307927,42864998,45589326,48762539,48743822,46606548,51038995,53033177,48450845,47209759,45406538,52909342,51377029,49505093,46685157,45291655,44814061
46637378,49284605,52184271,47789059,49196536,48796705,49754454,45351465,48315583,45876362,46448523,46355073,48712854,46105688,45529416,48798181,50253851,46356758,44310774,49315221,48518123,46284091,46640594,46615321,48011551,50680602,53445355,52960382,49003238,52556250,47377856,45798062,51714142,50807470,52620793,48595311,49658984,50279609,53256275,48768316,50546358,48959196,49337896,45515146,46639554,46519077,46041076,46378193,46967434,46411135,47100510,50056964,49258699,50182808,50856364,48382489,48432453,45329340,47917945,47997598,47612931,46331309,45857068,50870886,50190766,53442902,47636807,50240900,50714868,47852382,49812991,51580531,51036968,47594095,45659398,49146458,49979383,45055294,51361489,45888181,48973826,44954658,47337378,47186463,48816706,49915075,46431515,47922212,45681691,50284378,47406575,48404296,48677610,50908753,48681429,51127100,49052209,51124521,50549897,47963265,50560168,45332081,44678405,50391200,50895862,49705572,45692688,46901920,45234764,46589137,47019127,50757466,46501594,53449477,48609289,46064775,47964303,46692207,48352804,49167359,45665456,46976840,46289841,48779097,47271512,52086883,45623384,52425231,48882227,47222234,49185910,54755550,47821292,46413628,47952387,46728451,50373174,49628303,50535817,45176907,44484952,48845891,48484611,46446619,51042535,52541102,49471588,50036089,50426582,53988493,49958855,47690387,50287534,49721724,46001905,51867051,48721889,45787206,47589279,48736198,47747909,49685852,48655341,46744133,50354038,51780130,50181743,45053896,48058522,49110145,51816712,48767473,44770546,46433513,46222816,45937055,47458201,51710482,50748783,49767880,45872999,49406106,49046307,45219350,42359192,48551625,50222073,50482721,46306116,50023022,52672690,47705753,46802489,46452221,50640969,51282816,47885927,48984754,44484982,46635929
48703820,50424328,53397687,50463225,48967795,50343446,48463410,50960502,49458244,47933316,47711072,48885460,50554573,46616564,48585021,50963276,51266353,50944280,46326300,49179929,52648468,50432672,44567085,49965338,50336759,50347932,55954205,53901183,48126673,53993221,49311022,47767779,51714080,50470937,54533429,51485776,51185052,52115508,55523603,47612915,54638630,53879545,51195761,48551106,48242732,48531799,49700577,49254147,49330209,50807485,51252701,51124635,50794738,51353877,52500345,50680324,48932735,46909524,49171962,49699601,49096336,48452754,49276514,52038416,53615690,53736930,51142350,53284944,55218699,51471958,50982381,51682024,50295669,49595283,49285150,50471664,52546025,48947148,53533183,48697234,48789035,48619199,49085284,49114268,47887137,52937651,49040739,49894306,48237624,50193475,48877791,47720559,52802226,52140434,50900024,51644471,50264832,54571123,49588721,51354585,51202409,48456960,47441633,53142109,51472602,50992967,46160794,50227738,47636241,48492991,48786388,54720088,48020139,52376231,51201152,48859044,52797029,50668459,50770471,51109266,49010275,50364566,48442724,50137925,49546249,53602159,45833118,51560263,49917884,49916856,53506254,53625775,50301109,50207531,48236886,50610872,50939648,52862215,51205296,48407173,48554460,51448989,50789349,49501272,52059475,52637725,52636367,51322983,51053267,52972789,51351052,47336157,50512173,50872970,46690340,53307060,49115813,47990980,48909579,47881140,49551087,52522728,53447793,48605764,50175279,50014425,50952228,48635177,49871100,48706937,53819831,49708419,47659499,50244504,46558898,49721760,50674878,53447697,51068525,50752690,46416676,48800682,51823264,46418488,46324965,49756785,51576261,51271567,48287489,53147514,56690187,51586691,49746531,49234043,51808327,52005028,49010109,49581796,46397823,48985318
49946150,52164976,55098144,50904853,47801213,48255916,48317350,47762659,47427148,46785847,48152137,48208757,48798331,48134238,46845296,52411903,53056799,51237840,44193371,49742377,52414974,49249564,45897990,50338188,50619617,51384612,54113268,53131560,48172705,52255686,48768009,48028577,53003792,51765966,52679954,50503766,51563339,50296367,52305284,48192374,53469094,51236129,50951155,47671283,47560093,50597632,49174440,50377054,46717667,48583049,48846282,49567822,49260137,51712975,52200102,51010399,48852222,50298620,48307248,47816046,49678285,48235250,47101401,50500901,52467638,51692828,47767487,49969618,54080354,49940004,49228238,52616783,51874803,47247284,46116709,50567915,50206107,48308409,51540214,48646007,47754361,48148196,46994823,49180365,48808511,51353029,48994744,50242511,45313639,50001790,48414767,46035367,48805683,50567786,47580008,49668596,49970456,55432826,49257066,46862235,50823105,48031923,48032889,50050982,49166698,50273853,46357145,49334517,48043684,46255875,47471557,52363010,46768648,54087516,50608826,47268188,49683029,50979725,50027343,49412878,47316157,49572558,47881556,49341800,47249321,52807564,45383194,49739829,50744474,46372027,50857817,53946860,51101758,48022485,47239073,47161514,48106191,49109715,53000850,48548107,47923068,51502531,49988746,49366233,49379356,50929129,50890624,49020331,51062898,55732260,51869825,47820602,51611383,50522542,46909461,53731490,51362527,44719583,47513005,48855175,49034805,50482263,51449421,47933210,50938286,49605388,50675802,48348472,47260508,50715875,54445270,50218057,47725767,50131707,44444444,46451601,49705616,52247325,50269698,49997240,45716979,47254552,52196177,45633875,44492614,45682896,50099528,50930087,48450941,52362004,54787393,49444994,50391065,48084329,52713590,51651709,47356134,48218941,45273104,46179680
48963604,50725448,55130233,48269609,48067333,48220561,46268219,49941489,50418120,47934977,48698937,47864798,49328803,50170401,47862054,49547511,51001860,50227783,47518678,48709143,48680493,50449448,46803798,50710439,47755746,50426878,55565273,52580535,47063000,53117108,50580620,47961022,50790041,52871508,51594915,48150427,53118991,52523955,54313244,48104092,53413352,51131591,47856685,46253583,48248599,47399652,48443082,47770350,45664449,48806521,47694278,50801323,51656199,49806924,52823464,47458106,47356744,47607412,52309302,47636184,49250468,48253338,51472470,52837715,51862972,54295205,51383528,52460960,53800767,52434728,51778341,50691881,53199069,48870656,47540494,51222417,48881252,48953649,51778483,48822159,48394884,46241158,47977834,49293435,48477068,51131757,46624212,48623661,44999148,48872593,47947237,48816133,50171978,50954632,51039641,48215577,51531807,52960571,49103341,50584772,48498519,48795193,47418986,51096262,52024415,50584493,47391134,50135446,49238393,44466915,49469379,53451933,46035303,51983657,50790963,47297539,52160813,52539833,49412033,48789620,48354505,50671827,46445757,49060421,49365352,52389656,46163921,52378010,51487297,47246999,54228170,53113138,49333228,47630524,46672244,48179459,49573351,53393393,49888379,47751356,47690530,52242238,50288627,46182868,53076794,50600902,48465842,51483540,49544697,52743902,53569712,49703733,49673302,50637824,47894124,55120198,49848439,46949186,47001152,49393413,50105830,51653206,51628102,49439929,50073474,51478904,50491815,46816404,47168498,49876336,52782433,51435609,49156851,50797280,45636177,49293548,50403984,52507661,48989767,50055293,44833487,46869643,50635277,48004995,47112462,47695079,52268188,49072080,47085289,53812402,54951851,50337580,47779605,51675408,51813322,50211386,48942144,49189632,47736757,48433744
48829067,50736260,56520495,52939890,49440655,52597016,48327606,49884380,49195274,46380286,50149656,46662931,51754221,48043094,49827766,51693718,54894704,51354427,48297852,51565984,51624745,51008464,49107169,50143966,50234778,52240907,54597248,56719938,52722204,53771237,47954175,48839488,53959535,50911453,52073591,51741383,53087649,52421132,56073805,52634019,57428052,52451191,52348808,49451636,52610188,52709333,49604190,49751328,49791354,49137427,49323156,50489103,49671522,51395536,54654026,49998408,50381749,49244082,52581037,51829891,53534359,50348711,48201489,53821865,53952492,54993027,51197019,52954239,54733760,55199187,52144451,53277924,50871033,52805765,51006621,54875118,51126696,51510895,54438011,49704933,51282516,47928984,49859555,50566712,49854843,52604353,47539774,48481618,50828872,51173967,47632785,50432779,51989629,53211432,50963839,50760663,52075111,54276234,49099229,51898551,52800054,48770841,49850900,53847803,51351567,53697711,46653016,50148242,48593170,48614031,50707363,54918330,48291004,54897784,52853769,49079931,54534848,51800459,53883330,50777451,51019228,52352939,49744970,50789654,49274608,55422371,46089333,52366993,50839966,51887017,52315992,55336610,54243867,50370901,49344419,51146922,51500958,53420106,56156719,48417843,50449424,51904978,52179648,49090436,52313733,52859300,51237507,52452977,52846493,55542286,52316122,49986997,57051726,52177580,48116053,55024515,50345334,48568182,53398501,49465497,50554100,53343767,52125360,49724837,54371878,50390703,54272462,47079613,50276571,48095928,57040284,50039777,51478814,52532411,47911341,48718943,51364793,52398516,52839592,52840889,48530519,52595845,53733865,48425412,46537329,50872847,53298595,52494620,49418925,52394044,55911804,48686888,49124686,50551797,53954533,53640832,50771767,52638218,47899467,49369670
50798144,47170642,52848833,50394974,46975922,50161994,45764171,49713455,48176190,47659217,48150051,45904395,49617642,45182019,45440942,49366040,50515682,48539403,43271453,49258753,50482590,49033633,46523399,47797739,49082588,50031658,53037113,52779871,47316397,51691486,48942801,48272388,55628955,50896961,51817063,51218972,49963723,49287796,52036138,48971578,52460481,50804475,51225174,47054832,48676190,47477958,47233169,48669569,46336337,49567853,48692483,47956445,52035263,50971551,51901813,47403215,47557692,46694275,49019988,49652334,49187731,46103147,47779693,50346459,51783108,51081166,49269554,51433031,52253016,51009676,48637838,50104785,51564399,48668537,44460242,51415886,48450359,46908792,50374406,49419283,46826531,45205941,46480838,46983990,45901370,50698126,46587372,48387930,45587690,48310631,48285909,46891130,47982123,48837803,48142511,49492817,50258997,52532065,45600237,47625769,49295624,46741327,48519800,51248487,50808939,50057136,47432211,46758650,46781947,45371456,47030739,52939423,44267196,52727607,49753550,47318512,49410729,48750361,48697439,48131468,48861955,50342352,47623223,49857420,47868603,51430166,45860070,47869930,48207028,48859939,50949630,52376923,49300991,46700163,48287826,47804771,46958686,50158719,50538502,49671910,46437910,49783780,48564910,47156161,48595488,50971847,51752527,47862017,50213535,53032152,47880583,48127240,48592827,52007642,46977252,52454924,48777451,46547681,47820432,46913519,49712603,50229264,50598421,49561397,49344962,51492415,49431011,46990450,49376399,49092623,52149414,49458901,47870829,46788958,45258884,44862549,47530716,51175643,48937634,51605196,45658380,47517546,50998717,43648508,46414446,46025418,52135132,47059019,48452030,50838871,54728082,48537162,47805867,47829880,53519414,49224051,49585667,46564868,47558095,49750114
53091889,54205597,55141370,50074757,50719046,50732849,49855937,50274944,49682323,47468792,51380512,48057530,49493890,50098765,51505243,51424580,53165493,52925696,46153259,51685462,49699411,50085113,46522897,50279834,49057727,52511796,56443275,53264561,46625506,56132542,52213817,49931818,54273380,53190025,51928276,50076589,52971556,54471340,56578849,50468494,56199131,54470991,54267292,48466101,52053251,49733910,51452550,50215713,47238023,49010700,51610219,52718851,54577724,53645706,52842242,52490375,48894195,47972230,53123935,49391787,50605794,49056796,49239387,53758088,54205178,57247741,50862680,52068952,56886577,53054850,49647655,53956380,54679604,52088028,50367022,54335130,52644612,48256205,54600785,51355293,52305403,48213080,48313964,51270994,50213605,53730866,49574446,48556379,48063150,48988594,49405975,49858372,52597536,55391619,52982466,51143659,51902821,55374969,50993595,51617511,50923954,49428030,51321916,53269663,52492445,54850781,50064532,52205512,48794119,47881381,49278839,53831466,50099209,54238782,53368505,47209204,53160302,52775544,52512841,50332461,49791702,55549424,50374743,51527322,51445337,54352558,47799024,53371529,52959657,50388824,54185860,58862320,51117997,50892892,49528239,50640787,53334801,53213014,53593814,49476467,48546220,52725296,51942088,50343383,50769744,55470620,51207438,53914655,52604215,58338241,53596661,50595600,52211376,54979599,49454753,56457219,50519550,50623817,53634857,49152517,50914786,54384532,54883663,50571243,51028177,51619108,51144597,47348527,49339723,52037033,54825288,50246454,48580521,52282182,50138130,48764313,52115759,52916058,52018000,51524732,47035387,49597932,53018782,49941104,45674590,49150127,53648463,52767067,49199741,54926178,57025065,53024476,51198489,50558988,54320790,54199005,50611313,49546346,49467817,50027161
48496649,49230756,50640473,50369328,49066909,49503452,46778433,47526115,46111599,47322935,46367276,47406864,46754731,46697781,48007851,48010527,52795775,47378003,45695269,48460002,47415814,49356748,44315476,48078830,50631113,50714358,51344693,51159682,47395608,52730233,47170180,46746551,50760922,48167392,48010447,48897293,49129242,49685283,50350428,47103526,52568868,50071692,49383609,46198908,49388398,47914546,48051740,46912421,45294955,45077687,45822455,48334232,46983637,48508512,50603819,48110414,45108936,43818604,50109138,47638295,47307176,46810950,46298822,51398743,51041345,52236812,49562343,51114882,51762161,48631180,48590104,49343611,49755725,47819154,48180275,48344195,49606432,45693726,52421278,49033723,48371449,46605370,45881216,48489043,46591548,50982501,47846927,46672642,44014363,46995935,47205507,46958396,47781551,47806598,48881155,48110651,48970279,52188610,48141911,47733501,49228125,43603754,45136977,47705584,47703146,49917787,45610172,46286448,44311655,45685281,47089483,52202599,46451262,50488291,49713467,48025789,50159402,46686370,50685821,48135897,45306393,49834142,44761991,48168477,48237574,49670597,45542460,48553955,49332890,45468517,48898318,51412175,50153311,47603789,44895844,45158990,47130461,50418315,49033966,46530936,47763456,49149747,48811121,45693151,49028191,51613373,46870319,48874244,50254283,52034228,49361432,48662637,49649743,50859200,44987154,51493580,46660780,44504783,48980589,45207619,49308809,50643629,50218803,48000459,47058429,49700996,47014127,42891481,47500750,48558124,52763229,48865791,48125773,48859437,46348078,47505587,48046213,51809460,47114915,49736650,44996754,48641313,49666050,44093563,43134531,48029797,49535562,47330814,47521708,50223071,52169287,49883404,48253622,47100813,49958629,51650734,47909831,48532155,45520698,47531526
48820001,50965862,53022226,49424691,49145022,48590716,47305532,48435755,48753371,48284263,48553285,47720176,50030274,48213963,47684011,51241072,51020316,48611250,45832059,49542723,51040628,49731309,46130736,48018655,50978436,50773665,56060589,56703475,50673055,53136703,48982430,47709304,54269274,51397450,53399522,49991224,50144435,50878022,53597012,48696972,54630509,51944436,52519220,48282850,47500639,48438497,48029957,49900811,48899000,49555764,47725678,49741466,50379521,49849439,51167861,50176542,48926980,48955299,47204959,48330823,48070229,48348353,46696940,52467689,53034151,52943389,49109057,50654854,53716607,52493258,52374549,52774958,53037298,48819255,49743844,50302245,48168224,50365514,52164830,49204690,47849943,46540010,47804552,47348711,50540255,50324883,48610972,49630784,47185446,50759565,47416733,45079554,49863212,50373989,46346526,49142238,50973759,52989430,48779886,49723826,49500271,47346140,47664804,51546457,53145944,50348292,44970316,47806352,48015614,46484574,47362947,51226609,45861968,53264708,49943994,47698634,51110949,51540647,50837595,51044853,49435950,48089908,48861208,48514356,50043314,51871802,46223581,52360829,49419458,47180812,49704968,55040031,50545105,50530224,48211547,47591236,48712725,52407019,51671578,49460679,46975610,51683599,51064764,47107578,51801736,51859940,51262112,50802211,49641524,54793997,50838750,48138711,49601763,48249659,46603420,51990542,49726040,44677390,47937076,50396214,48342917,49440728,49963840,47683986,49664907,52611100,51366193,47337930,49514874,50131479,55142250,50147475,48992435,50822714,45994920,47541002,51523016,52673028,50443120,52961840,45884945,48289312,52059041,44212908,47013726,45494110,50340515,48183052,46545586,53769158,53892727,49986601,49038611,47559228,53138030,51794847,47598586,48413699,44836180,48120367
51177949,49578007,55641056,52386521,50013071,48159846,48031941,48752920,50542460,47188591,49333959,48709611,48795898,49905148,50793095,50669544,53877289,49447189,46532909,48483691,51371304,50303268,46881558,50447927,51797593,49434413,55862355,56240663,48574380,55504612,47321180,47285541,54754063,52238756,54260204,50933819,52771571,50999545,54084112,47252274,52908552,51992699,52103917,47082117,51599711,50981840,48378769,49552208,47304552,51110361,48666715,54130572,51020222,51730153,52658365,51500185,48782056,48208914,48110723,49279134,48412191,48427662,49605369,52067640,54307252,56184036,50694910,52553652,54398972,52423963,51238982,53622394,53922408,50943714,48723082,52280824,50360838,45502958,52517740,49445455,51517221,48136189,47822785,50168128,49319165,52949759,48447559,50236892,49177945,47598440,48969479,47239855,51183993,52849222,49868581,50272575,48616081,54338877,49555740,49042569,51288361,49909074,48131924,51492076,51572488,52884677,47856299,51710275,47331278,47951399,49971260,53288114,50317375,53127711,50817885,48993661,53535593,51812282,51382966,50926952,48385784,50167122,47004468,50336658,50665019,53861937,47062764,52316385,53106037,48833570,52152935,55987654,50994141,48303542,49127971,50593935,48053451,51871568,51470895,47435161,48236544,51466873,52629201,49237675,52095947,52241482,50517872,50219840,51431410,55638471,53157458,49874891,52033741,49969870,47472324,53229332,49591488,46602745,51713749,48641244,52078143,50230437,53118232,48221446,53286484,50647511,51486653,47468367,47882597,51000601,55851801,52299529,48275636,52306815,47640018,46798746,49021089,53063995,52083865,52648236,47695638,49872141,51846570,46031760,45343413,45695424,50504683,51898031,48635085,52696207,55898542,51203946,49910284,50192879,54117633,53689088,48200189,48289058,46272335,48176929
51522320,51332124,55886599,52217665,49891299,49558478,48576265,49870099,47933153,47027469,47920298,47336625,48927809,49163504,50579665,51213099,53259608,50144430,45614454,49414690,52850215,50339714,46702227,49202867,49518367,50266255,56964521,56483420,51294910,53557246,48229416,47047481,53630725,52111038,51408857,49673137,50418005,52136912,54563137,50564402,55059059,52347152,53864976,47735950,50083926,50433449,49407438,48248935,45660201,48165150,48442203,52611458,50603889,50745892,53503524,48546755,47858594,45228436,49536645,49561710,48364645,49627982,49109967,51780349,51715782,55775583,49477981,52964664,50984562,50488051,51124587,50167123,51870212,49347768,48557093,52836459,49158003,47915248,51156269,48673764,49590103,49567481,47834110,51094755,50399483,51037006,46989315,48463826,44572499,50633830,48388380,49236737,48404959,52742831,48422458,50064536,49531046,54084289,49594412,49435787,49453000,49808477,49462647,50159438,51367365,52775076,47480565,49968172,47681521,48093217,49854928,53342216,49313958,52336872,50631369,48691277,50849728,51130065,50819047,50310285,48451165,51807331,45904877,49246480,50024787,53018603,46800123,52000299,51097565,51091449,52853457,54991391,50982240,49908349,47824616,50017665,47462984,50732103,51115252,46528208,47814300,50504340,51366094,48873153,53256562,53371970,49232145,50436056,51861280,54742981,50692458,50295213,51329807,51918821,47737356,52686223,47955889,46011249,51034655,47759922,50111668,51770668,51602395,48465029,51831576,51261185,51516196,47517457,47472725,51634000,54439402,49938949,48086280,50292134,46836503,46358405,49280451,53149761,50705694,52170365,48030127,46812639,50830902,48194523,45696029,47124255,52119948,50004100,47762154,53204383,54476796,51045658,51225879,47973702,53830795,51867940,47696119,51236699,46387918,48762955
51617319,55939557,58255879,53785015,52592395,55476223,52566989,51596978,50832211,50175431,53626097,51448476,52896674,51562179,52252643,54655161,55955392,51710104,49223538,53027928,53674380,52441540,50635937,55451488,52493029,54677791,57822269,57286897,54476442,57675474,52691113,50191667,56791283,52450466,54588011,52466763,55234953,56691047,55463087,53002785,57636574,53584937,53997275,51325565,50778754,51804777,51368203,52246454,49367852,52254759,51191875,53400759,54766691,58018533,57310089,54298300,53235787,48644550,50711535,53095082,51354179,52218505,52729521,53379019,55440072,55563672,53434555,54455563,55596893,54031536,54393432,56471136,55826161,52680815,51568266,58713813,52823950,52677361,56135536,53472494,52182667,50855771,50312879,50474307,52135807,54517550,50384295,52719311,53037294,51572429,51612693,49675232,53490658,54397711,54506350,52345316,54939618,56601931,53238597,52469074,53242399,49765160,50000447,55043898,53043976,54507587,48512328,53524166,51170598,48267131,51274378,57378135,50791232,55207032,52518687,51836431,54330335,55476883,55117823,54351621,51329898,52278052,51793354,53179661,52357355,55094432,51578251,54750693,54531164,51668687,53965949,54742662,52676801,51991694,50641242,55457734,51806082,54691417,54205137,51578867,48640396,53527649,53680935,51161528,51986069,53839985,53880275,54970546,54694786,57896803,52638344,51335693,56400888,56192246,51499448,55067025,51886299,51609976,52467188,52984717,53315423,56276314,53833300,51030758,54362659,54832726,55110753,50749556,50834281,54678234,58793257,50964494,53449517,53481311,50062469,52008856,51654577,53671617,53879425,56408224,50203956,51312600,53929469,48246237,49349010,51641422,56906754,50948206,51769720,58306297,58904473,52938397,51387911,52518719,55742614,55829606,55615524,53965183,52548240,52538613
48223534,51996988,52807221,48375711,48828229,47240531,48659802,46084750,46616263,44782318,46555463,46031608,48526154,44277821,47684134,49581044,51752361,46904407,44196158,46988915,49958630,47506083,46270591,47399262,50566083,48566514,53529708,54025735,48781903,51281061,49079624,47794434,52706510,49449669,49370805,49590027,49435042,51098406,54121069,47689501,54307114,50488228,52638710,46697993,49314090,50218432,48601652,46821442,45326851,48915796,48810998,48610637,50212233,50391144,51227176,47406954,48502954,46737103,50483359,49176951,48379433,49156694,48716689,51126765,54492201,53053993,48033372,48633720,52724257,49009178,50203529,50309683,51978436,48127816,48851834,50764757,48746366,45627557,51984317,48366547,49417061,46492595,44633508,47529470,48508636,49113215,46411889,49169189,48611602,47171546,47332045,49356424,49903147,49521857,47609854,49363550,49442330,51307731,48427875,47498372,50597755,47931871,46170585,48407564,49368012,52146864,47053569,46138754,47723444,47886460,45801273,51037951,46848123,49686914,49734297,44858617,49885317,49230713,49371475,49295827,46742484,48241488,45885413,45992601,47882220,51968077,47038187,50812292,49042437,48850980,50641858,52015762,50338428,48512446,48428471,45500235,49947900,51885164,52082234,45507651,45016868,50703254,48301601,47507459,47961303,49880498,48287367,48127820,50644018,55100912,50146763,47353552,50854932,52115844,47105321,51298755,50735466,48055886,47951074,48258823,49200031,50143294,51519360,48360795,49345431,49550309,50426507,45588622,46211122,48778908,51871378,46611045,47860334,47938465,47287446,48301423,50726327,50996192,50002280,51194348,47071911,48060099,49136081,43665524,43783618,46841014,51361331,49293008,48789039,50793554,52872792,51822915,47790820,47100768,51299480,51994517,46183109,48696788,45867638,45718558
49572832,53121851,54376294,49467086,48778458,49060190,50522706,48656115,45940566,47185766,47502179,47434165,50375800,45209510,48642617,50328611,50110251,48232565,45250680,49256853,51760871,48013205,44625906,47931622,50530150,50605085,54765269,54433446,49009817,51612634,49669262,46094124,51644771,48872842,50312500,50798623,49396738,52988896,54183720,49348217,51991153,51359184,50458415,47920157,49099243,49979471,49223709,45936739,46704787,48039881,48046439,49127801,48918355,49150312,52187965,48883528,47127076,48215968,51065743,50914311,49009706,46848013,46888491,50389175,50583853,54420549,49074033,51542735,54315449,53292170,47866176,50447410,53710215,49612415,46963913,50460871,51112269,45984727,50024501,49365054,48768397,47350773,47755755,49640352,45615385,49904842,48230446,47879145,47859771,49104965,46729534,47132132,49409719,51000777,46926745,50069332,51058564,50401825,47942553,51355853,48368886,46338688,48123313,48251579,51392320,50801061,47783947,47381948,48065746,45898328,45629165,52996755,47665638,52364415,48990672,46914517,50821047,52215277,50155034,48761895,48206506,47701455,47435567,48575067,49653108,54081028,47157860,50136853,47525891,47899910,52115424,53541806,51507371,49657401,47451660,46955579,48390205,50854870,50591320,47056650,46956580,51261598,52109102,46926154,49248578,52929981,50525146,49534511,50401446,54123425,51784926,47582473,50120305,49770567,48632000,50315231,49127302,46368050,48503735,48731549,50656307,49977687,50545426,48207935,51045888,51851347,47345084,47572512,48982769,47357581,53236890,50772864,49015255,48846389,47444065,49617516,48944162,51286018,52078643,52611185,47846606,49812705,53928284,45965934,44547232,46483476,53272302,49069317,46398692,51685867,53787793,50866851,48497556,49000502,51332607,53235991,47839145,47972043,45897595,48321386
54444862,53601012,60399223,56202716,55015729,53174229,52543961,55566400,55841485,51859953,55107969,53542497,55885210,51998848,53838162,54548850,58018476,53972343,50259693,58064299,55326723,53665780,53945296,53427509,54745189,54939774,61091233,61062943,55021657,56647539,54834789,52215162,58738945,57265231,56742996,56313373,55982548,57944069,60268171,54164205,57902421,57507747,57686736,51817137,54820161,54591445,52671495,54500927,50738184,53758981,52670023,55372791,55585398,56332308,59435987,55492632,55581730,53942489,55865122,55793144,53659952,52802382,54171063,56663759,57824391,59001842,56163358,56192474,59704267,57799761,56057939,57872487,58503123,55561522,51846702,56460474,55825234,53079225,57502017,54160394,56137378,51215310,54394690,55360683,54008726,57232051,54118422,52997876,53107491,52878632,53618998,52175466,56524064,57714538,56750986,55468709,54197392,58084765,55238175,56130693,58074060,54590726,50734469,56394374,56325076,56286858,51554533,54192480,52090334,50049160,53233308,60729090,52948996,56909552,56393680,52040306,56876063,55886479,55020707,54252947,53665649,56661955,53092109,55209075,54743285,57569945,50568633,55537901,54632700,55713648,58213826,57966394,55158592,52546042,54351954,53575894,53273474,58126758,56865185,54824504,54113453,56739026,55844327,54589873,55724092,57165098,56607293,56884078,56920193,60784290,56936734,52344510,56257837,57453525,52783747,57769865,53917960,51848917,54980833,54084831,55153071,55034892,57457292,54204096,55731362,56745788,56646750,52326353,53244573,55593532,59429444,55013425,53144405,54642725,53003219,51032557,54697350,56139894,56236936,56439744,52240966,56434723,56464439,49400349,48699177,53384340,58005094,54564959,54547639,59045304,61136799,55069334,53561097,52696732,57747980,56827319,53905280,54097521,50450324,52917850
50859669,51463135,54958913,51594631,50038396,50890003,51666427,50957472,50811296,49814357,49874518,49430896,53274973,49027775,50276047,52446814,52645862,49894825,47002333,50680933,51029817,49504523,47563957,52121369,52835762,51803347,54007236,55604831,50585962,56506815,51546804,48151745,53788582,52039390,53294069,48762968,51613978,53023726,51668937,48340344,53772782,52576944,51382327,49654073,46690741,51501897,50146959,48419135,48325262,49767415,49332749,50896394,50533403,52223935,54138132,51705386,51835393,49551937,48552870,49992057,51467057,49874622,49178058,50295980,54869399,55752284,52763476,52845672,51919978,52362574,52561758,54519878,54882603,50912018,49942450,52960257,53021240,49344166,54329782,48813857,48116973,50439641,50563004,49466761,49742712,53280757,49907070,48894326,47697999,49252883,50687015,47825201,50845204,51285807,51548656,50975329,51457170,54821044,49867707,50857256,51123045,49029030,47184696,51255405,52334712,52601777,45303353,50410303,49834487,47599647,49172806,53780771,48901607,53555252,50943955,49356719,50960043,51832962,52635829,50489447,49180419,52840891,49416751,49052612,50771088,53514894,49158463,50587879,50182142,49434537,51525351,54932426,53109658,50786322,50325335,48565187,49947107,53941070,51421565,48548891,48387067,52240908,52886166,50335803,51860842,52941780,49820644,50949889,51459115,54871967,53511114,47765426,55386589,52563657,49251569,52792260,52464031,49657451,50328701,51367354,51961279,52185547,51860708,48682821,52585444,53807917,55180261,51475631,49771688,51640722,54237624,50678780,51617215,50606361,46579904,49333673,50480655,54376175,50259397,53149502,48765984,50835271,50798464,46855109,45918413,49136618,52173175,50618721,50064476,54331675,55955497,50217833,51385714,51347919,53364983,55306890,53035573,51745894,46336725,49677206
50522306,52880782,51290948,46930952,46350760,49407034,46537237,50024993,47762414,49402338,47964111,46905756,49545693,47213205,47605412,51324312,51934414,49749599,42472362,49054139,49486532,49717423,44835248,47336522,48384589,51745086,54303129,53966157,47182423,53052668,50324546,47676257,52000422,48506851,52707928,47877995,48770707,52293359,54450361,50974665,50371934,50998386,51817012,47802490,47433413,46683448,46218587,47158837,47187266,48315270,49382322,49006358,52210242,52092018,52056891,46181551,48925435,47194109,48175996,49709883,49649636,48666320,47812745,50595618,51691958,53695399,49111150,50369388,53616834,52573449,48418799,50219078,53452403,49275350,48047963,51037769,47378016,47811360,51876191,48911613,48029896,46690619,47096979,49398972,48126993,50421692,47904801,47835325,46864215,48122789,47961955,48481838,51834838,50850986,46780361,46543806,50774506,51682218,48428597,48259518,49890446,45336547,47409494,51181980,50446822,50313119,47466276,47171376,47853356,46020600,45577709,52318761,45632309,50754344,47060800,46968059,49939641,52262130,48974019,49189625,47502160,48357846,45135461,49111514,47769322,52565722,47206016,48386468,46617098,47683373,51222229,52330284,49135631,48388682,49370977,46291349,48105261,52357578,50307608,49709563,46246426,51433013,45967926,46785502,50787791,49799488,50793520,49972450,49529001,51755656,51087500,47325350,49778634,51124650,49318883,52116147,47846168,48543123,49606591,49424997,47554817,50225555,50475598,48559488,48957832,49387704,49417723,46112649,47040563,49142893,53434375,48386380,45391790,45819187,48236652,44579808,48141208,51961441,49880645,49486961,45890664,46814019,51511488,44905942,44243955,46128226,51190914,49520120,44613732,53941093,53853655,51388054,47590008,47423592,52481768,49858680,48106773,49411973,46177864,48473127
52123548,52712974,57075710,52175233,51852697,52532555,51989226,50033689,48812890,48938440,51992329,49147846,53761003,50621366,51849525,51759786,55290083,51674460,46640373,52933427,54495136,49883795,48652128,50441874,52581997,54534046,58723203,53848649,51022043,56587564,50620379,49828068,55471254,52282514,54566953,50307982,53197848,53949450,56700608,51119209,55979452,54785863,55423541,47848402,53105338,51091939,49850667,54048063,50375090,49958579,50976917,51926528,53035504,53475409,54014120,52981230,52745677,49790571,51455542,51502176,50033390,50470056,49726340,54387534,53852825,56874966,49548875,54899213,53842379,54318311,52331837,54487826,54100789,50163224,51728682,52399083,51522392,51494571,56967781,53612427,51157477,47775439,50449069,53212780,51223838,53553750,51703262,50235369,48446726,51488793,50801672,49263073,53417040,55876914,51310650,55148988,53656827,56613663,53542176,53940318,52472720,49643988,48817414,52750741,53840343,54577813,49386969,50702937,49300451,47555253,50893440,55006153,49749067,54992006,52559535,48121121,52272364,52972925,53703932,52499274,46996702,52871720,49831221,51062735,52669743,53887736,50126259,52226964,52277612,50787101,54768082,55634072,56081454,50266768,51093377,52048003,51967095,52142542,51707698,51583033,48557265,52975623,54487995,54978766,54280933,53263678,51340298,52538248,52499447,59446399,54912975,51878654,54653448,56132949,51516520,55449461,53164010,49232390,51137410,51838305,52185952,53043456,56999851,48593955,51893999,52630041,51451934,49700534,50096613,51582370,54267452,50494704,49728416,51296295,51411638,51374270,49712955,54122834,53574342,53351366,47765712,53449842,54268752,45655074,50191079,50143004,54016830,53607981,49862645,53477992,56842078,52392860,53652403,47913703,54321061,54542954,53507072,52079792,48500787,50591848
51492767,52432958,55124208,52986447,52601116,51476934,52126227,49533868,50925065,51123511,48716600,49091549,54049851,48380418,50416464,51570083,52219246,49142154,48229685,50932167,53947187,51338275,49040863,50882187,51292757,52332874,56172741,58332318,51455105,53656616,47884256,48758939,53523060,51530865,52183749,50400912,50505312,50117961,56587463,48887661,54704207,52190048,52490384,48378643,47757727,50352253,50096929,48590173,47869669,49722884,48132071,52348327,50950475,51680372,55412690,50404958,49114443,47875849,49707897,50658769,50289207,51092535,50505544,52659407,52718184,56175805,50073298,53008440,52560929,52578430,52621297,54909705,52303602,52003013,50331484,53267324,50769533,49412961,53251698,51108466,50404467,48019789,48443634,50190803,49442435,52290592,49728675,51232466,48007924,50035544,51052911,49462275,50788582,54100435,51628795,53444338,51454712,53692068,51600570,51597031,51884870,47523863,48702904,51030115,52022506,52938164,47432112,49815200,50477269,47612925,47788763,55629577,50528970,52079418,51182629,48464889,51331762,50570535,53884612,52417795,47418749,50503153,47820740,50189488,52240514,54675685,49737957,50270751,52385528,48877196,53611170,55133161,51904557,48004483,47316785,51303294,49181718,52455558,52038692,48757791,48942444,53051333,54169566,47859717,53649760,53858531,51907196,49266270,50224701,56822087,54414127,47472039,52480663,53411034,49086068,53923095,51225986,45560697,50845683,49100092,51581072,54234956,55671462,50788443,53353150,52168972,52230315,51086657,49109503,51420971,54229454,50250330,48872885,50216040,48822161,50584906,51408368,54078039,50309032,52382020,48247812,52571452,53027792,45284052,48848933,51459728,53561100,52034538,46735809,54509395,56130405,52669712,51211338,50339103,54113611,53168947,51153833,50020538,45755873,51161806
50409747,53123584,54775481,53616583,50944594,51576835,49575865,50503931,49698546,48239461,50824989,50256972,52041937,48311036,51850315,50567303,53012937,49702342,44544118,51389049,53439660,52068600,49118863,48315221,50994892,51318735,55178372,57268988,50245783,53951766,48328454,47671068,55560402,50132039,52187469,52194440,51955451,54842509,54779542,48737946,54695098,51734911,52124091,47982072,49264780,49669217,51610893,48027282,47935678,49689139,48162477,51891137,52615959,51485256,54531424,51523836,47503759,47105396,51209144,48612110,52377379,50559181,50678833,50219623,53393681,54199884,50480023,54225849,54972136,53339261,50352128,53842087,51851013,50445143,49619842,54828365,48456204,46836836,53609108,50804932,49820734,47817819,47283372,50177695,49841792,53961233,49683755,50221312,48842949,49260819,51775137,47032899,52357310,51504293,51140947,53099954,53578904,53979485,50206867,50958604,49150810,48836092,49963776,51430814,49561003,54279563,46467408,49138486,46778350,47107176,47045293,55068836,49256120,52654516,51602456,49303194,51654229,51549904,52071152,51207437,47399350,51659333,49569672,50623654,49109575,53297003,47203754,49668975,52771598,50126598,53982746,54073998,50651106,50158738,50237510,51243888,50348641,50732041,52537017,47234875,48028173,53324185,51129185,50428020,51769242,55290410,51987889,51627617,51939379,56847770,53274568,48272287,53733211,53758121,49452891,53707571,51587532,47953260,52101195,48618707,50900383,53900802,54765569,50087471,51277024,50530309,51934909,48830765,51166799,51450382,53766829,50201331,48355560,51784466,46982341,49122148,49584661,53007727,50141252,52472982,48065022,49518450,51880849,44977590,45941643,48533545,53709784,50305225,46335710,51775706,53951745,52740179,50944341,51361376,54335787,52847222,51019225,48653586,47450211,50052423
52060833,49989157,54102493,50190890,47509445,48499963,47518998,50869481,49014971,48309537,48044867,46738499,49948521,48525328,47556910,49215273,52114272,49218392,45560276,48627228,50628354,51277233,47131180,46806270,49620665,49719151,54943524,56104868,49891315,54400303,49809703,45564008,51986102,49993003,50098961,50902347,52842748,52008577,52545617,46908196,54625155,51683523,52675156,48468984,47944948,47531553,48914178,49574070,48189081,48811786,49998328,50240679,53272566,50528785,54387396,47533168,48884922,46576065,47283829,50657973,49623867,46947032,47159836,50492672,51232973,54852495,48396956,53285480,53570169,51711356,52135459,51453242,51343705,48612175,48210504,52709773,48622903,45600392,52654989,50054872,48770309,48508595,46910525,48825178,47302639,51915466,46913433,49053759,46418412,49863778,47942852,44135734,50453437,50253390,48212628,49039909,50894882,53090808,47478673,49245029,49632432,46737608,50344613,52934053,49788718,52514445,44053571,49169958,45489921,45970043,47672744,54232015,46121105,51090778,50103127,49086098,52589257,52754264,51070688,51409926,47810941,51008572,47600396,47030600,49515756,51449452,48156269,49693967,49546568,51258904,54844640,53586684,49533941,48211642,48332512,48722714,49846042,54028630,50252132,48158983,47988371,52700940,49986770,48355914,49566585,52016166,50033117,50796002,48963835,56126023,53139380,48255689,50516104,52042325,49795717,52323547,49215880,48231777,49179230,49705400,48955947,51017682,50890005,48770187,50443700,51592372,50734624,47709289,47521101,49048026,54906868,49304850,48074224,49616347,45853181,45849096,47915647,50015893,51601943,53324467,47422064,45754960,50329851,44785609,43430918,45033877,52622450,48212291,48284510,53141408,53834513,50789853,48842567,49863078,52110748,51231007,48853176,48298121,45124883,48318369
49968573,51860217,54954102,50415230,49939916,49705668,49460762,51088468,48500354,48645827,49628659,48439855,51727579,49747647,51614431,52649665,51802698,51124320,46907288,50075689,53053101,49626878,48480492,50760045,51570624,51385666,55571702,55253220,51748933,53835595,52369646,48498272,56781195,51433600,51828687,50876749,50045051,52816445,54761898,49476106,53228255,51741247,53786036,47296360,49682538,53206597,51573737,50594345,49722969,50219909,49409518,48624630,49347875,53875607,54292040,50703556,49963953,48763442,48987168,52467444,49629998,49419409,49054126,49993124,56131028,55555824,52023647,55587423,54442465,50306965,50116763,55146477,51819218,49891556,49509708,55097237,53798091,48959726,54440035,50366834,49135450,50533707,48019242,48721974,48409657,52398379,50156670,50553689,48417816,50179305,49878103,47229027,51864892,51800677,48866476,50917977,51969103,54821551,49907289,51516075,50167932,50699264,50971179,49778718,51006734,52705156,47636270,49772701,50521159,50089295,48304456,52290960,49106093,52751514,51576808,47709837,50658356,52209023,54186109,51495349,48983817,51269497,49854025,52692636,50968949,53760480,47814209,51303496,49669166,50998807,51687005,52935368,52196708,50315583,49427381,51254217,50044972,51955925,51866442,48649072,48251734,52238697,51179764,49832767,50664426,51388216,53181390,51324280,51611700,55982310,52491262,48344884,52606658,52445942,46429967,53750107,49371543,47414135,52302614,52765756,51750581,51282807,51646242,48889151,52229942,52061463,52024564,49603281,49367808,51753648,54610792,51567534,49297625,49766001,48690470,48396099,51520050,51629877,52218937,55114909,50061741,51244589,53500721,46517953,47808125,46601602,51255303,50812964,47675935,51103531,57290741,52894834,50439138,48668347,53565479,53296743,49048293,50297390,48156550,50248807
48917658,51021051,52548966,48917523,48999672,48209959,47910036,46957771,48053594,46816967,48592963,46294973,48099196,46804785,45591094,46530969,50403076,46275369,44190960,48100848,48529579,49534297,44131091,47015539,48143035,48635607,54027302,52924213,46229998,51779698,48453626,45985309,51691820,49916612,52651153,49062032,48561865,49708004,52520602,48116055,52450728,49451761,47866555,46652914,46011975,45929282,46366906,46135420,44911051,47032450,46806982,48572801,49138844,50242265,50883567,48642386,47115871,45250526,48793722,46302111,45232002,49121302,46167584,49413127,50418484,52285826,48898037,50954254,50148912,49079401,50273614,49350525,52020056,48243607,44565212,51097894,47108587,44149763,51077625,46724076,47501234,45051533,44412526,47570834,47407923,48704339,46612113,49108658,45928693,48380229,49839841,45796564,48893727,50189759,49165366,49491553,50161671,52039874,46096573,46811558,50246786,45711957,44906166,50741516,50384521,49423586,45486527,48477126,45198893,47247244,47727043,52210136,46472693,49439247,49284230,48133085,48868490,49789689,49505020,49145999,46107272,47278053,47705817,48719613,45051214,51533675,46635283,50238341,47917664,46774460,51183683,52937512,46377668,48241862,45952609,48370807,48337320,51055251,47093666,45823711,45688881,48496887,49617283,47831271,48386072,50977664,49285821,48900526,48398763,51437166,49944202,44929814,51115207,49978526,47994133,50856388,49298875,45974798,48270073,47131268,46459641,48999694,48695671,47883615,49156232,50664948,48249712,48229690,45971684,47506109,53014536,48019358,46904115,47447276,44582782,45327213,47422358,49527407,50929212,50038130,44158107,45692307,50547448,46350869,43925469,44881850,50145903,46552599,46302630,51032090,53231509,48229774,46016637,47392273,48372604,51834503,45940752,47630609,45254793,45673820
51624507,50720250,55363860,49263144,49484399,48056711,50589921,52364665,47395941,47214824,49561148,46080511,52142525,49784672,49472479,50369253,54071931,47438929,45646086,50824729,52643655,51120814,47647377,49381783,50101369,48588749,56252957,56445457,48743276,53565153,50962766,49074409,54245295,51393379,51392409,51613573,51495516,52845585,55484411,51041106,54275742,52248501,51483931,49110075,50290192,51373843,50036232,49540443,48355491,46553304,48352294,50855881,49923464,51888201,53092934,50125528,48782475,48838171,50035061,49382271,50878103,48767854,50359610,49885239,51974398,51652025,51826907,52300054,54817089,51549049,52343248,54354144,54141853,49117238,47156256,53496787,50379568,48166952,53307967,48460533,50718705,47887421,48701068,50546212,48604894,51900940,49568744,48809694,46547237,50590265,45811564,46352422,50046653,51509997,48017334,53359261,51818354,52066375,49001946,52586211,49077961,49734819,49331385,53327399,50676732,51507652,47750158,48938080,48588822,48934479,48347482,55874409,48694286,53846083,49873107,48410031,51398440,52244242,51106826,51654698,47426635,51327917,49242486,50195034,47434601,52847352,44906097,51621813,50716508,49354849,54475723,53372918,50854573,50614205,51227795,51648807,48310113,52281790,51368198,49173170,48495031,51826470,51985983,51282760,50035439,52321547,50516917,51896586,48985715,55467815,51109077,49928983,52081898,52431591,50056481,53186568,49763059,50572690,49817019,49152231,51436573,50694257,51663249,50366323,49945055,49791875,50526278,50127465,48912772,50323898,56722479,51867423,49248145,49725346,47565823,45927185,51142798,52229618,53368708,52664111,47650216,51295251,50083350,47576516,46344600,45659395,55237313,50604930,47416473,52043420,57796244,50715509,49802389,51466499,52938860,53114855,51368912,49418170,47826232,48816455
50946333,54244538,56824596,49245138,50398395,50282760,52066893,51522575,51871873,50522641,50347883,49616385,51874373,49666583,49644653,50746971,54400624,48945213,46288988,54642628,54804926,51389870,48261918,53159537,50015321,52838309,57059126,57288319,50722678,52294226,48487715,48580335,55764708,54267657,52868691,52181429,50909863,52797928,55996563,48683812,58869730,54622440,54975697,49014634,50940493,51164475,51869145,50606674,48372270,49449066,50239794,50923850,51457105,52961264,56916942,52042002,48208609,49169840,52805504,50175614,49833552,51949061,48785128,54031849,53689109,56668148,51260605,55599823,55516230,54465937,55290826,54009733,51839060,51451973,49501480,53555535,52195014,49093255,52749717,50433166,52783184,48969564,50330660,49823464,49920106,51030064,51455542,49835047,48805660,54021056,50115190,48505154,51689603,51270417,50032307,52190193,51621388,53324775,48617531,52135073,51391474,50131163,49374677,50407957,51922422,55190139,49409405,51022696,48419352,48207500,47853394,54922746,49010323,54028091,52408025,48689819,53981096,51086717,54262064,52722239,48369291,50765802,49247558,52286074,49845336,53566477,48898684,52080471,51142249,50850197,52800127,53982209,52929650,49675263,49695569,51293389,49988154,53915675,52690841,49841774,50459222,51793329,54045585,52567945,52771220,52950272,50732283,51458727,53195462,57609061,53964679,49837637,53790595,54008398,49835287,53983596,50651632,46426164,52729777,51765528,50772546,52661515,53535521,51185487,52451294,52487043,54363282,46521478,51074850,52364734,56588049,51489084,52385135,50745508,49508761,50581193,50021559,51188848,53767431,51958130,47658399,53092523,52683887,49392825,48047748,50061288,53241664,51216509,49160047,52967908,56882054,51254737,53576154,51813556,54645973,52596657,49299133,52238690,47317393,50276748
49340311,52665543,54817852,51592048,50783065,48825302,48788265,49403635,47796807,46150729,49327894,49980087,50504379,46961279,50029667,52322773,55022083,48511973,46455208,50114024,52410590,50442417,49637409,49764773,49416262,49648507,58637228,53107732,50559721,51084475,49469090,45505896,53615491,50210432,51079078,50409058,49956957,55311548,54522127,49019888,54023896,54115698,53139496,48584652,51011960,51945801,50286223,48568544,47796125,47515012,50879221,51481583,50795408,53717333,53310220,50667210,49682267,48176706,49694620,50207594,50051417,50129273,47630780,52534097,51258483,54524832,49059865,50591027,57201219,52140337,49993013,53796416,51431521,50141254,50376627,53364584,51181090,48890452,53263880,48829694,51985557,47884345,46105703,49456780,47677575,53815531,48975656,48796971,48867502,49738042,45494404,46375068,50457968,51058030,50151003,52047002,51780607,52150440,50108604,50650716,50274452,48031661,47226717,50441187,49181330,54382277,49739451,48923751,47785222,47069358,47837544,52093483,48525853,52826346,52283534,46649549,51601465,52490818,51788398,51852365,47960007,51436103,49026317,50277805,50572375,52695526,49243845,53914741,50149260,49874908,53203988,54837171,51255681,50207514,50040455,47817319,50355972,52523334,52719867,50313403,49884816,51476690,50229474,49385159,50663124,54194843,50273344,51974513,52558514,57344653,52238199,48934775,50896392,53027295,49151148,53854430,50348825,47506856,49933274,49786107,51438854,53322704,49095613,50620746,50702395,53172612,51705224,47709985,50210639,50265306,54948498,50336517,48443840,50668632,48358724,47607298,49232172,51008497,51849973,51057115,49579923,48563078,50062590,47036527,45295954,46465654,52441108,48990342,49068225,52316611,56317401,52195486,49795566,50062138,53896203,52625841,49204851,49838171,47691191,48621047
55243214,53716234,57660518,51398512,48313143,51184511,52555201,50554298,46014155,49216547,50229983,48686495,53064894,48002712,49830924,51441622,55509206,50046053,47163212,51519051,52903456,50253304,46917652,52272457,49926484,52794405,57061253,57311755,50776719,56263675,49554415,47672936,53975205,54319276,52581397,50968974,53075310,54047237,55352146,50031609,56576143,52084563,51090791,49648278,49890592,49640621,52069605,48726621,46476067,50101427,51339394,50648031,50335303,51642053,54648969,50294226,50417925,50422243,51513158,50600141,52560960,51325403,48532705,53576098,51624118,55670416,51929205,52853219,55838491,54702299,52101081,54842231,53013624,50910087,51255713,53059851,50824686,47185204,54424204,54077394,48652596,47757523,48657608,52185215,49888966,50516468,47501489,50454620,47343234,49951452,51647684,49975954,49016737,53406703,51526472,51481906,51945208,56059437,52338766,51664168,51984774,47615033,50039642,52467702,52032366,52362780,47514941,51900460,49109178,49149245,49811216,54765162,47086968,55256320,53211183,49519838,52504383,53062309,51002729,52946220,49047855,52328670,48765587,50965552,49890618,56382908,50159015,52016393,52615145,50460545,53294288,56376181,53359648,50050943,49099147,48718958,51357320,53908454,54129447,50849396,48210096,51349820,51546092,49035279,51285922,54496659,51556737,50533403,53046537,57272101,53164822,50200324,54695671,54455998,50622635,52347210,51261747,47756628,48006674,50663310,52086633,53449649,55013637,50090766,52971446,50981701,52994462,49519860,47942111,51168639,54926961,50244863,50151838,50877593,48645434,48737722,51747754,53377657,51680582,53404029,46214712,50510699,52697721,47385810,44460055,48714838,55169453,52167823,48391363,56310716,55725970,53189499,49938117,48580155,54494657,54613789,51220895,53141647,48440031,46969671
49079579,50449760,54876358,50914528,48367498,48374762,48231147,47518222,47066926,44512606,47532514,45258850,50040347,46517279,47238679,46858636,51444242,46905789,45886284,48626857,49818368,47926941,45430363,46590906,46888201,49523404,53776867,52185693,47998122,51350691,47295077,46191810,48714548,51359621,51418378,47231145,49280622,51448814,51798554,45874551,53996937,50322003,48162179,44793503,47483857,46859286,48648282,46954914,45746123,47333598,46939722,50194748,49120364,49368469,51831723,48407798,45847178,47182828,48629896,47641503,47737702,47039843,48459245,49030942,51033893,53991494,48881872,50024649,50927297,49238666,51732455,51137662,50258430,49952596,44967795,50610905,47160883,44580851,51073709,48332568,50122777,47223215,45609813,50077330,47478705,51089452,46957075,47967651,46076479,49572873,47822131,45657182,49487465,49929972,46800982,52680856,51006113,52578574,47276584,48095861,47648860,48057948,46320181,49149496,49547514,49826990,45374033,48330483,45347641,45599997,48429518,50728988,47060999,49964438,50788592,46438879,50349239,46860560,51293978,48100944,45615792,49376267,46364519,47860006,50349156,50184272,47468506,49548726,51032539,48515570,51591819,52056470,49274095,47962956,46413466,49617946,49409467,50644598,49696541,45599886,47283031,48392063,49847218,48559543,49733422,53236292,49830504,48550889,50342010,54065877,49591244,45513956,52532647,49744559,47524721,54434826,47704345,45259142,48913664,47316993,48422976,51095386,51998800,48724002,49118678,49199218,52811293,45756622,45572970,50450006,50944516,49044572,47431075,50935791,47251451,47990410,45496550,50780445,48674881,47632940,44596930,47712260,50603434,43851928,43630381,45405555,50933691,49524308,46352924,50301003,53060634,49251771,48189908,49000960,52107318,49528379,51438798,46829576,46873966,46401871
48075006,49612846,53303537,51966439,49153807,48681329,50323460,49061416,46356536,48888098,48025155,49348046,50241373,47094664,48426353,51346438,52910628,48627958,45548339,47743164,49118608,48491747,46348237,50100425,48630331,50200123,53033898,54240286,45910075,52249232,48135644,44688298,53294375,51666985,52011778,53140119,49031124,49773304,52449406,48555630,52291757,51343477,52680829,48145718,47976244,47967918,47606814,49285075,45364151,48368101,48432514,51406956,49571726,49900523,53238773,50040217,46414586,46967444,51130308,49252376,47671784,47609484,48380033,49908508,50611306,52797683,50940347,53595919,52194008,50276466,50888387,51311989,52298420,48148367,47121427,52259486,47111531,47118897,49964881,49647615,49409842,49533770,44985903,49737346,49379072,49001412,47061878,48330559,45841045,48828400,49367806,47575979,48238612,49070399,49533899,49679003,50898113,52426735,48177505,49664743,50111868,46396882,46505606,50144655,48638079,51101428,47671064,49081167,47335929,47176931,48143387,53999761,46371961,51372617,50797887,45812303,48748173,51657739,50828073,49773286,50400387,50075051,47045204,49922564,48873542,52228637,47848475,48772323,49170885,48223492,49937145,52280491,48517586,46453800,47516374,47040275,47325358,48071806,51740582,48544775,46207122,51174796,51780291,47087236,48705096,50897271,49906292,50133562,50941451,52713284,49112957,48287529,52411517,50230296,47310989,51447226,50260516,45115032,50504533,49399460,48198263,50529693,51418519,46840965,50164625,50346392,51385686,48248178,47279545,51446116,54972568,49805710,50725331,48714031,44558700,46377576,49565331,49646734,47674416,50407199,47906067,48371802,50336611,44552731,43099568,46775008,53284594,48658201,50237699,52875301,54777175,50818500,48280924,46668469,51581614,51557208,48136846,50117047,45407767,47664382
47692228,51156718,50865782,46216710,45834898,47874754,47428885,45486370,45021124,46243351,45490731,45595340,47085259,44438890,46385871,48198906,49038139,45919394,44387987,45474699,50870345,45967175,43452741,46600245,46802687,47739192,51325024,52336411,46390093,50614564,44297649,43980168,50602857,47521808,49785037,48418903,50480745,50032925,50895365,47391665,49249253,48677593,48459748,46386067,45926798,47924946,45660841,45783210,45364228,44660097,46731877,48346908,48786830,49568232,51920401,47224564,45696499,45869216,47157430,47201923,46695281,47157668,44895421,47388745,48602768,53470312,46802125,47696989,49891409,50544168,46480495,49756074,48649826,48049506,47072667,50485689,46430028,45443074,49273542,47163419,45765528,45834612,45397385,46222793,44471751,48499983,45704486,46776002,47756930,46435276,45526559,42939163,48756444,48980292,46670305,48206824,49594150,51564106,47412416,45139812,47335078,45581934,45718908,48966271,46103955,48708693,43149763,47181478,45277881,44628349,45385545,48951131,44757394,50325896,48043204,44617579,47521712,48562800,47266096,47459081,45489997,48229406,45079792,45262477,45988794,50908279,44723346,49976026,46369229,46459833,49701911,52469803,47727708,45719855,45717143,46537553,47232108,50010743,48569693,44624507,43799380,48578560,48998139,44597942,50009397,48846933,47488865,48637135,47055956,52085785,50656160,45926486,49382176,46864823,45628880,49407308,48489012,44126356,46666963,45190651,46782013,49740507,49668289,44168711,48858446,46774897,49027936,46200679,45180350,46943764,50672432,47590760,44480481,47275937,45270092,45322653,44743875,49484411,47028463,51000082,45127980,48321505,49194209,43295889,41237894,43985564,49575263,47462929,45041088,48745537,52614379,48893263,46465421,47240262,49514202,49831859,46944316,45834515,43122654,45050024
47288823,51973984,50705610,48903901,47570056,49261681,48016893,49530221,47774863,47429534,45153659,50887612,47916849,47689581,50338813,51269644,51351229,47916112,44322801,47393470,49361580,47581467,46906821,48513211,48628482,49501281,54055775,55294313,47905827,52179255,47055023,45783706,53964723,51333627,51009910,48937059,49855991,53231552,50493008,47805553,52346096,48412776,49146707,47241920,48436231,49095288,49828885,48332947,45824537,46980683,47903891,49187439,49297334,50932581,50566376,49121866,45532829,47287317,45716645,48512856,47983197,47436957,46529934,53415290,51446694,51798892,47668113,50921167,53231969,47824660,48927671,51806256,50973336,46039693,47515859,51418213,47814499,47007898,50078488,49586687,48262807,46297023,45558214,46843823,46414630,50518595,47737208,46690478,46147493,46394184,45882596,45253372,48871426,48012822,47583685,46526382,48673624,51528310,49527448,45640920,47587249,45478684,45770584,49174501,48418286,51251924,47389887,49633085,44648738,44255649,45482238,49749203,45916935,52029698,49745772,45051531,50425691,50710857,50930279,51389002,48545483,49752509,46190455,48929500,49416233,53002684,43427708,48959506,49177924,48166032,51954303,51760926,48430740,48014775,48641240,48402186,50263949,49381732,51532112,45557012,47576058,50420553,48634906,46493000,48079913,51079087,48823788,50078993,48803782,53031624,51470665,47732533,49365337,51347151,45084044,50264595,49286864,45961337,48980476,48809704,51030240,51715216,50959020,47431475,49083745,50579695,48825903,46062706,48210713,51005000,54677845,50121877,48160623,49909881,45687474,47508625,48610428,50282985,50570464,49847191,45675415,48717705,46560139,46262257,41008638,43787698,50190406,47439648,44881075,52450687,53104794,50259214,47505672,46673040,50791573,51330870,47141045,47631425,46291767,46649126
51948716,52528540,56574679,50562936,52072922,51421155,48883948,49435889,48991089,48030832,49098139,47662086,53346662,50677311,51698768,51132116,54504389,50846052,46422871,53199005,49906578,47428093,48356995,48255291,50333309,52761248,57347441,56457098,49264092,55833503,50615093,47754639,55084633,52192945,52233379,51418024,49632440,52923281,56535920,48863187,56687132,51251242,55361247,49269715,49998543,51040613,48689119,51351957,49561906,48539604,49663323,52214726,52694901,50683453,52076236,51118385,48336072,46883603,50978866,52199861,50657619,49547373,49868792,52684501,51237902,55247772,49894422,52012720,55319641,52505972,52994863,52826671,54441679,53997769,49037441,51935935,50345887,49868926,53232697,50397200,51485823,49950084,48545995,51225503,51589141,51915263,48846928,51351753,48454861,49752650,49908477,51866547,50700236,54560552,51071806,53377520,51926599,54110780,50512772,50746092,52332712,49421443,49552621,52361092,50947513,53247508,46623707,50631972,49544769,44673614,49560320,54755181,50821138,53709186,51332114,47948452,54492190,53574548,53238513,50883848,49851978,52693773,50494624,51635577,50842620,55073305,49225044,51073288,52633504,48826257,54286888,57104969,50654682,50098533,50278322,51106746,52997973,51522255,52032394,49144921,50040406,51744324,52166652,50462929,53621166,53713127,50738034,53450809,53849958,56182446,51333491,49598855,51909751,53565709,49557461,54000075,51557563,48023453,52901419,49532915,52309704,51950787,53913395,49183399,50832562,51987808,52326623,47620553,51129177,52285881,57852383,51619079,48147317,52017203,49454932,47772130,51636876,53370743,53323255,52292643,48079611,49130255,53741534,48252087,47795346,49879402,53102859,50691063,48882960,53334098,53285371,50957997,51527677,51761934,53787735,52876348,50655245,50743925,49684728,48213466
48889901,48216631,53110263,48429211,47935316,46165355,49819692,48398555,46875483,45785427,47399423,44803895,50957765,46961929,46966809,47780257,51348554,46741162,43340462,48422733,47677356,46449884,45964445,48176288,47468836,50031209,53017045,52211048,47476997,53272139,48040903,46213441,51397000,49007891,47456640,49719473,48269892,49716470,53799800,48771284,51712860,50414094,51434850,46717642,47657430,48885521,45347401,48588188,45207851,47756704,48913256,48622557,47237461,49416815,51300135,49530756,47065783,44387545,47666057,50417805,46265680,47241596,46062578,49924752,51496090,51648808,48176162,49787715,52053205,48239987,50161971,51602523,49593324,48700205,45795403,51796716,50019973,45603426,50236028,46908503,49105895,45615938,46968657,47682069,45048462,50546255,45701565,47334348,48369469,48205178,48067906,46116567,49927535,51362226,47780467,49947321,50613767,52812563,49113006,48056016,51894608,46436036,45207201,50464120,50842684,48438723,45372845,47893186,45157162,46329500,47620558,51589164,46358582,49570985,48807408,44695228,49379435,48537981,51620770,49229221,46798752,48941274,47842200,48603103,47258206,49500187,47244855,49726982,47451763,49954893,51670421,53050170,48494289,47344640,50193593,48527409,47145445,51950829,50649790,45610235,47428620,50823805,48225905,48972797,49634369,51283560,47957548,50886486,48843124,52986148,48298282,46080209,51475577,50148028,45994146,53093716,47181526,45051040,48728278,47894271,47002984,49237979,50041286,48041425,48735894,50413509,52534647,47572752,47739761,47931550,54019557,51301320,43983988,47712261,46517648,43836700,46519767,49870068,50986529,48496980,47172164,46864563,48263636,45390491,44358636,45969446,50850819,50473824,47271401,50797405,51878651,48627077,48163173,45674840,49388479,51072228,49322186,48676694,46165030,45379497
50354008,51486614,54789644,50951809,52111219,50172184,48780764,51126670,49161150,48206861,47816830,48754383,50730755,49566518,50063214,52377948,52514214,51874031,45853225,49227750,52445512,51181437,46883671,48860388,51264319,54234645,57231975,54491651,48258527,51942356,51606089,47617113,55040477,55500747,52335925,51000312,49865712,55204891,55648135,49601537,55652003,51784082,52503305,49257640,51264211,48578713,49543375,52047738,48133891,46970870,49109136,50062391,50551787,50358376,53837692,50991743,50348618,48877481,51530667,50704715,48862696,47697766,50696201,53173301,54825132,55037628,52536433,53476317,55856163,51327534,52991724,52776763,53680186,49791628,46882560,51622297,52149419,49226894,53560174,53260525,50657110,48006874,49288410,50010463,49135015,53962867,50157253,50317860,47496925,50568975,49383638,48222529,51955708,51447826,52572492,53323950,51119126,55169157,51631152,50090989,50619203,46811444,48841386,52573778,52305404,52228741,49475877,51743290,48128049,49401850,48147271,55354475,50964319,53220327,54201549,47805193,53632559,54978311,52258284,51551162,49927814,52532816,49899035,51165626,51395451,55309230,47496000,51081521,52147557,51212100,50572679,55932019,51264380,52149873,49875044,50267562,51536159,53000423,53113048,49756560,49185212,51705633,52416528,47689128,52765036,54765139,52266518,52066281,53065822,55040995,53336156,49518467,50131592,52705524,48102497,53647398,50896250,48414970,51889487,51348772,49835227,51434637,52155054,50583747,51055103,51534922,51405264,46392390,48163346,50505255,56074999,51151306,49602389,51091799,48133785,49282569,53413962,54415208,52186459,51053564,47972731,51618028,52232082,47869620,45961026,47433103,52707709,51606176,48567785,53287086,54040326,51261533,48723108,49686916,52617680,54375815,51936877,50255714,47469146,48265534
50723789,53009633,55588294,52862112,52440514,51466041,48921378,50476819,49197828,48745115,54812352,50076833,51955664,50295584,50702312,50581028,54814026,52544454,48540973,51682559,50014566,51412569,49417755,53909404,50381658,52556856,57134384,57151762,52049268,57908578,51573431,51941705,54719123,52610482,51926072,52033483,52451341,53445456,56862379,52361331,55754017,54386687,52452167,48616499,51820991,50890966,50190898,50113372,49244064,48448285,50687317,54617384,52158404,52154562,53940077,50760663,50528306,48591064,52308204,50328457,51262475,51489567,50591010,53975987,52773064,54678166,52671900,52228841,54934642,52620316,53165072,52000945,52137732,52158456,49530009,54941034,49696427,50482497,56135591,49994250,53470334,50343987,50533812,50504324,50758611,53293457,48772374,50159596,50675271,50038192,51193660,48649100,52301099,53016145,50076413,50084317,54088197,54977426,50768920,53625658,52479467,51718962,51704255,53340126,53705878,54127939,48056632,51563209,49520642,48678019,50365196,55271346,48551984,55276316,49614732,49015051,53141374,55139633,54141769,51444098,49793317,53175950,50648237,49077874,51478905,52908919,48495539,52368169,52846667,50243947,53316779,55810726,54072039,53171967,50826637,51788451,51859394,54437490,54686258,51087606,49590152,52292226,53385471,49990968,53319747,53138455,49515830,53678005,54218160,55392184,52181882,52050145,54805667,52633105,49468770,55617933,50598982,49168410,51836549,50306669,51608196,53895521,53657783,50103230,51531417,52020873,54030358,48677980,51401496,52086735,56396684,51898311,49513565,53275951,46797256,48976219,54019937,53180496,52179259,51592038,48805732,49170346,51489636,50304617,47769050,46678440,54165775,49098864,49029918,55634165,55369432,51036618,51004924,50074424,56410896,54055532,50194172,49525020,50586317,53319719
48597667,50407674,52493577,48510992,47503931,49295302,48009196,50093003,45117296,46992482,47324772,47824641,48944867,47194335,47294311,49466720,52281547,49459723,43787998,46373284,48849749,48637811,47159643,48343528,49523979,49317328,55497277,52943377,48072741,53354465,47837663,45616913,52324929,48012064,48706549,48672314,48016961,52106045,51534831,47535081,52963846,50836507,50404740,44925163,47504978,48679349,45693814,47870349,45725662,48890763,47235216,50241407,47759745,48569952,50821208,50937461,47432790,45823163,49715362,47569108,49147345,49539891,48799073,49169426,51305355,51782369,51236872,50701084,53479858,52419010,47532974,50536706,51875656,49339396,46426613,48800000,48505192,45575404,50264361,47378634,47396025,49498011,47264854,46272532,46690872,48771979,46021419,46463829,48412112,46043294,46650437,47937872,48618314,51180377,48728729,47687295,47333419,49657192,47836655,50364099,47101270,44958537,46253655,48600570,49174185,50724785,45013404,48782381,48841784,45817711,47841489,52816760,46202849,50319406,48266519,44997686,50309180,50800488,49025614,49698249,46332584,47859501,47548300,48492527,47223838,51080215,47664846,48685026,49323232,46721831,49204245,52413043,47725903,47550818,47379576,44959764,47857523,50710358,49398474,45347940,45968196,51921137,51093703,48418579,49170437,50660515,48350363,49545063,47622944,51137599,50246212,46165626,49127758,47699258,45463383,52566673,47623875,44164555,49975560,49145577,50624592,50364563,50990915,46945441,51040737,49373476,48671268,45885088,47486795,49794671,53715568,49443786,48298941,48558511,46015433,46414834,46448268,50557606,44489560,51565454,47638824,46183320,51653653,43610269,43803016,46282589,48951266,50183693,45927474,53991262,52623018,48931591,48744481,44587939,49504175,52639421,47231522,47739539,44219088,47853982
52768046,49229961,53528764,49857349,46797414,46201198,46157886,50886046,48037463,45263845,47398162,46860014,48618417,48333414,48950691,49489496,48330518,46209646,43766258,48340280,49883539,46258016,47102125,48395779,49038346,49994444,54181005,52074413,46133483,51759186,50398101,47553695,50009874,51877565,50041936,47247072,49789985,53516373,53720692,45686518,52073942,51598308,49023905,44887605,45711007,48538019,49430157,45428429,45995093,47337432,48310892,48635810,50341498,50097316,51636957,49075746,48306884,46023157,47930289,48702928,48450298,48499845,47434383,48833418,52603644,54644961,47003510,49347895,53733625,50836712,51238879,51246570,51323118,49637297,45738195,51728503,48069686,45306892,51796109,47934961,47113649,48264260,47064507,45968322,46104362,50938411,48271352,47869282,46295902,46461859,48991692,44626646,47576309,49180077,46872882,47994371,48817985,50339756,48240067,48997223,47895194,44840518,44546890,51887194,49985467,50317473,45381587,47535481,45258890,44326760,46037734,53165306,47918202,50810339,49382238,47753608,49952431,48842427,49293221,50734386,45909410,48813665,46642530,47928019,49325754,52373611,45534079,47263056,47952414,46708507,52744268,53503516,50590362,47843461,47456817,48263275,48215697,51784522,51267661,48615874,48624095,50377354,51026348,46788373,49392249,52332323,49393518,48805742,49794175,51983292,51165604,46069360,49193311,49949486,47010605,52077145,47336486,47095969,47551785,48544078,48591477,49316734,48515636,48710712,49204124,49793244,51100731,47638247,45806350,47464430,53384532,48159072,47149598,50557347,45589829,44609996,47860660,52180520,49273664,47818956,47397411,44270444,49891072,45499650,44483624,44226563,50138014,49223614,45078274,51796681,53628296,49276563,47849851,49401579,51821121,50668019,49060120,48133879,45342365,46662883
53497738,58859490,59872238,52264368,53950896,53871714,53151468,55116798,52703661,51607255,53287161,52116321,54746591,52990584,55423263,53185819,55480549,52010168,49232351,54685392,54914754,53126056,52028860,55391085,54818629,54564161,60076992,60142832,52937277,56723208,55168170,52601776,57023532,55040487,55774570,54408438,55119168,55805324,58409732,53227196,59374155,57101029,57113125,53146452,54446249,54913537,53495427,53463790,52452273,53352530,51710231,53521545,55231994,55758182,59478704,52858632,52252009,53058220,56485090,56074664,54522035,53070035,51590148,58378514,56200152,59019579,57449332,57901613,57178258,56894889,54690165,56660336,57070824,54829279,52753537,56027093,55321030,53507030,57861869,52971648,54612945,52666542,52483157,53462410,54671712,55162803,52550247,53425298,51015478,55646147,54168242,53734814,56086661,55671730,52637635,54902770,55087294,57858931,53435364,55491409,54524907,51613257,53040007,54677056,55417950,55354734,51036583,52434667,54824528,51200093,52950662,57850741,51490388,56551393,55087530,52624495,55573019,55806676,55609037,54122445,55168152,54198865,53754002,55656151,54918931,58345845,50203783,55933436,54095356,52993411,56828379,58660361,55176264,54174211,51836840,53018221,53274142,56606677,55389669,51855794,51847945,57324653,55332295,53965938,56916435,55432402,54952647,53642205,57026344,60348247,55890290,53184977,55970715,56857620,53457981,58153932,52281673,49653801,54485875,56090991,55347774,57454475,57551672,55082298,55655391,55890859,55849195,52730991,53894838,56766147,61339879,54016826,54512841,54184918,51597746,51895736,54476073,57238789,55172501,54785234,52407609,52436057,58262858,49230461,50581984,52123957,55329190,55439954,53056058,56868901,59662579,57947300,55910857,51868391,58741753,54989592,52458482,55371354,50148990,54176113
52279237,50662295,54727546,50787893,50413385,50944721,49347861,49970518,49062142,50134416,50061996,47913974,50588197,49649421,46999864,51221329,53503298,51351544,48633090,52251943,51099928,48680696,49927190,49998973,52503358,52427987,55834780,55245163,51308082,57780107,50498009,50531082,53301867,51231456,52878166,51755990,52304925,50592139,52183365,51539979,56027918,52752911,51259234,47833127,48362481,50632501,50381705,50345149,49371282,50501656,49699283,52300475,50458521,53734064,52179539,50153004,51654704,49171459,51454327,49245088,50398288,48129353,49637265,52068979,54526896,55438276,50289968,53426911,55001891,50020152,51928918,54532993,52263987,49828198,47875304,54726195,51173341,48932124,53359780,51700472,49837020,48739815,48313493,51680351,50063808,52283402,51583653,52217678,45473923,51563087,49532156,48756962,51815467,51541240,48970612,53201532,52003228,56072617,51054481,50557462,51055342,47695484,47419147,52074876,52104690,53679081,45949879,48989862,47393472,46049118,49813925,53603658,48948560,55167121,52439209,47325032,51789319,51799244,53364806,52272227,48389118,51662976,49036772,50881663,49675877,52113457,48002767,50249885,51749299,51240955,53816926,55048507,52238691,52005317,49990898,51146927,51025364,53500140,50190268,47546960,47128983,51819580,51462246,49882999,53059401,52827003,51519023,51813392,49713871,55461722,53105085,49001963,55202526,52797358,47650929,55169506,52909918,47834386,51476124,48403017,48516504,52472873,53287442,47516585,49830058,54871073,54411780,50802152,48673946,53444400,55035041,50018359,48811944,48555297,46687302,49544820,49447705,53860042,50985249,54429029,47939660,49751097,52118518,45878625,45780767,48459688,52468548,49508358,49782887,54942695,55703123,51673887,50122709,50612894,52922786,53382443,51255391,51537954,48432454,48344188
44538009,46677018,51124641,45927217,43737070,44004590,44662307,45784775,45063497,43761862,44602375,44847952,47343049,43723312,43669261,45246791,47159253,45763632,43876329,45143596,44954129,45336481,44728669,46144569,44925869,45875143,48157078,50841076,46548206,47124166,45006553,42796460,47632416,46005771,46670354,45636425,48657909,49946247,50218015,44792038,50268495,47159324,47161352,45917694,44502002,46643181,45531560,44489748,45414869,43649995,45242150,44312492,48403382,49109232,47812006,44948177,45178744,43484296,45740967,49050996,45607915,46121682,46244170,48033076,48756266,49888141,46711036,47048399,50783835,49763994,45782597,46411152,46441032,45950237,45032415,47722465,44886233,43769361,49013198,46165338,45667898,43242552,43563400,45687531,44615858,47492543,44821021,44411183,41442574,44356894,42733706,43181567,46782238,45857135,46329815,45755298,48650839,49289617,44629482,47488689,45588894,45159535,45107348,47602591,47623198,48322503,41701477,45587893,43849811,43328149,44230517,48686814,43017416,47393917,48461643,42530359,47606266,47324961,47534618,48279842,44907382,47258011,44887131,44188351,46070805,49347238,46295638,44380758,46936160,46310272,48507152,51161689,45555053,47163471,45018980,45662835,46332194,48544191,47050235,44941591,44752814,47483131,45978399,45107356,45502284,49348160,46572772,49172091,47045666,51484959,47834400,44033943,46980862,48795151,47023911,48124048,46153264,45519912,45642497,47316796,47023797,47166612,47040966,47902969,47447912,48577719,48131642,45371590,44113288,45151991,49786925,45264326,45093585,45370621,43404748,43457238,46298999,47656512,48408602,47378440,44857680,45177992,47794530,43967207,40184938,44019253,47347241,45692621,43783529,47937002,51377630,47134578,45665792,46561203,49307307,49176836,45646147,45379291,43692279,45333555
49044670,49116149,52854267,47552927,49358022,47971172,49556724,48050745,49102676,46278016,46205507,47449162,49475341,48861275,47752701,50464022,51482794,51436701,44072899,49498643,50132343,47988036,46697339,49461555,48344123,49718020,53989272,53429240,48679145,51694518,48066757,45521846,50479107,51963046,50165728,48836995,51808489,51527663,52887542,48106533,54779654,50552027,51623800,46914580,46740155,50097521,47728928,47971773,47250683,47386116,49268350,47666843,51138943,51568189,52759710,48089716,46187645,47826196,47785960,49472646,50609197,47632231,48854888,49853500,50064470,52692502,49413732,51727876,51804286,51134021,50159498,52522268,49978348,49338557,47023118,51881737,51537792,45946329,51025335,49567343,45833974,48007993,48951630,49507438,48334529,51911445,48492651,47061383,47266062,48053187,48554751,46445553,49876083,51498923,47870989,48267581,51137922,53495562,48832335,49834804,50071205,48538353,46549604,52256833,50351006,48673542,44814464,50077769,47652139,45559622,45968034,51966903,45324391,50675635,48595160,46906155,48369055,50595386,49086325,50384142,46330058,51597733,47798765,48101172,47485264,51543871,47101585,52286233,50262231,48830066,51856619,52575718,47340500,45994464,49773001,45545525,50495214,51071346,50399741,47305671,45759337,51266231,48604925,49009535,48445894,50194166,50191947,50817505,48811938,52942577,51921649,49021824,52774228,52308871,47907952,53748737,48218235,44238230,48282100,50938490,49264169,48894462,50895939,47229703,49616573,50027167,52374630,47945767,45658259,49438992,53401860,47428154,47306614,47924443,45948623,48164120,49908035,51115146,50819032,50181941,46892732,47658242,49460608,46830702,44434096,47235647,49545439,49805547,45733330,51311997,55683842,50220515,48545271,47796016,53640893,50241598,49718240,47359595,46925228,47810951
48478665,48523129,51956497,48978102,46206851,48551111,46377783,46492422,45074741,42362294,45970410,45091766,48485471,42490971,44974960,44117005,49568046,46849920,45469023,47490096,47184707,48519973,45875309,45915832,48779107,48299248,51999099,52365723,47102783,51155348,46022730,47529313,50578632,47478531,47191498,46577806,49560348,50980435,52199741,48101202,51267420,50277677,47852950,43851392,48381518,44707985,46095952,46713374,43713535,47894783,48313029,48137639,46340443,49668869,49987382,46979499,45852400,44267163,49383615,46804423,48126288,42834263,46351995,50751731,51059117,50735517,47313804,47571480,51666773,48870840,47553107,48073665,49911248,46942619,45277238,50371450,48367979,41971967,50165347,48119300,47544422,45390196,44196105,46564474,46266778,48314592,44223886,46280652,43309764,47494507,46983317,45698102,48693599,49018253,49123998,46542132,47141282,49091994,45686103,46870306,45132954,44857480,45509836,47528901,49336459,49665315,43542736,46679802,45725006,45007122,47522388,52639591,44229548,50717611,48946257,44015755,49119055,45637745,49883168,48574381,43978052,46663913,44943881,47274838,48049780,50820870,43946216,49207806,47784038,47430416,50121065,52146737,47467863,48811409,45566454,47236071,47102633,49793769,48717249,45006993,45063040,47676104,47939364,46282905,47838533,51690976,45993276,49460537,47279883,51888614,49927416,46267761,47513189,47875560,44330579,49864911,46251444,45980514,48868759,44914431,46604966,50225210,49632419,48345640,48448342,49942046,49486540,44730248,47081900,50035344,52197216,44953663,46655572,45712371,44836511,46490406,47372854,49724542,47828258,48342227,45283133,44625083,47783582,43820612,42495655,45237324,49515384,47412572,45662162,51430187,53891297,46461532,46050320,46714137,49782201,50537580,47603172,46879643,43974285,44653741
51509805,52456841,55092869,50973277,48979834,51119752,48977941,51412006,48782836,50385120,51325313,48012323,51294294,49679645,50099513,49415564,54413954,48314853,46190631,48876443,52087622,50886939,46449294,51506988,49015760,52097078,56188071,54912740,51492061,54322752,50398230,47431541,52514240,51147322,52660933,51154618,52660709,51964680,53489010,51360803,54529285,52042112,52793350,49107302,50658800,50730008,50529649,49110760,48592099,49340803,50479633,52109543,50565288,51962745,53896040,50898075,47626321,48796081,50490278,50229263,51572941,49921597,47686207,55721311,50897590,54792157,50536488,52903200,53714372,54171582,52470715,54421929,53067409,52460707,51700233,52546606,50358105,47551192,52651582,49295848,51911518,48770415,47711971,49143616,48573656,52243784,48856832,49790563,48682763,49386441,51566050,47185222,50644383,50225658,50656080,49713188,52515092,54709868,50932664,50610903,51577321,45866673,48768922,49942911,49928555,54034529,47378652,50583360,48210357,47713189,48750577,54513992,49660151,54480121,51978099,50344223,53864468,52569206,53283290,50810716,49051575,50540076,50288866,49720770,51559288,54489163,49756367,51693670,51331836,49986365,53599602,56129673,54136351,49576426,46679213,48914205,49083319,52307985,51981757,48542775,48017028,52532956,53857930,48072521,54145634,54002938,48926948,51352933,51481434,56853494,54083534,50912399,52360047,51277247,49609154,53497858,49476000,44406013,50793885,50972145,50639438,53538188,53312958,51063226,51643162,52473700,52981655,49418376,48245658,50210233,54745798,51282033,48435397,50862016,46778382,49393379,48475743,52858907,48375917,54841257,48580816,51061307,53233172,45993118,46012514,49645018,51175122,47771881,48752250,54848948,54843383,51631218,50492190,51268264,52789401,52731382,51533069,49573360,44726799,51902000
45198096,47360000,49490841,44824109,45182487,43375024,45395798,45477952,44625957,41488320,44786937,43987392,45820036,42416091,45591374,44787421,47143765,42608726,41336738,43867287,47034460,45135721,43329962,45200712,44608415,46077847,50804216,50300079,44348086,46413225,43798760,43146592,48361337,46188475,46083751,44171820,44842148,48429313,49877729,44474496,49790841,47238128,47333525,44142751,45837205,45626015,45414737,43705258,42381090,45802043,45127522,46779792,47542362,46851020,46676691,46005434,42188186,45355643,45832511,43749028,43823932,44331579,44810096,46976439,49614594,49728286,44033501,48072651,49705421,46053114,46410568,47452342,47697782,43827303,43984101,48221030,44670612,43115738,47940059,43438544,46194733,43188793,42025690,44541221,45255943,45509141,45405366,45348809,44987843,45351267,43637621,42797346,45124717,46095750,42775622,46189277,43931570,46205145,44220935,45048431,44450990,41990351,41872940,45053374,46927631,47644043,43252102,45135054,43648291,42768243,42867895,47245205,43371047,48350142,44726527,40275298,46842410,47600857,46942798,46614719,45570842,44643101,44104743,43179758,46097704,48419945,43432313,45256792,44751602,44700826,46391965,48637072,47097976,42716872,42755012,45779508,42911431,46688635,47977351,44184366,44561033,47805427,45860165,43914390,45435537,46489450,46964234,44531918,44449428,50823412,46654049,43968980,47092858,46049911,43669057,49416736,45579046,41026726,46043659,46296518,44269646,46902175,48392683,44404431,45992795,45792640,47208618,43991110,43836524,44473140,48954932,44752391,44214875,46983340,42424788,42355289,45716827,47509573,46353622,45958482,41867466,45107057,46115021,42338327,42810275,41582767,45244165,45364606,44379795,49987774,50461320,46857831,45621435,44496921,47362684,48594337,43827516,45351668,41855030,44397767
46898209,52511591,52321701,48547609,47408672,49147454,46514131,49235547,47063141,49784476,46880452,47016823,48747377,47308493,48360242,50277443,52769510,46021058,45474515,49275111,49835020,49803392,47324606,50447695,50141932,49032496,54725591,55183889,49342358,53188370,48072652,46008892,49814851,49748347,48887106,48606216,50474495,52335297,52239677,47104274,52885837,50201919,50206025,45830866,49516068,49831553,48021574,46963079,46425745,47283580,47240608,49688207,50024956,50542212,53283600,46178508,46475503,46926502,48565271,46015678,47736412,50362765,47977394,50570465,50801787,51288315,47520246,51494572,52685060,50529369,50143809,52334367,51237769,46866490,46963870,49119626,47607965,47805553,48598837,47735657,47389166,44534727,46527802,45562161,47636686,51084065,44725689,45486928,47503015,50413291,49029248,46624080,49118078,50522483,48145192,48642247,49069944,53442515,46735616,48236734,46371781,46835944,45569819,50800762,48591404,51341620,44503321,49337035,47527314,46278496,45914153,50238308,46840461,50168813,48712606,47107684,48134757,50411903,51736412,47695711,47132671,48466291,46285665,49978265,48316382,50812228,45219900,48285317,50168832,47741502,49743121,53110629,49973549,48952923,45141576,48510702,45542764,49360389,49265838,46582081,46825378,50982080,49884236,48002893,49928055,50000692,47555775,48657552,50510364,54415436,51294492,49735193,53034931,47334297,47415058,52956335,48187342,44073803,49528910,48445393,47928804,50910968,50315477,49666736,51398033,48559117,50417514,47060734,46531398,48301332,52296093,50134295,49777259,49066321,44678170,47506805,49087664,50355317,49680917,47843015,46743398,45327909,50849308,47029641,43989358,45818300,50510444,49179889,45320221,51114662,53183921,48437240,48949529,48556750,51916942,50222574,48047009,47140696,44499463,47251571
50547674,52327229,53960871,49200790,49941307,49833639,47103332,49595525,49622107,49252034,50906954,47135506,49305081,48743546,48566636,50660131,53526407,48188822,44714420,49699486,49579434,49803702,48125911,49784725,49340324,51284185,53925802,56105393,49626066,53709334,48950552,46176134,50800561,51891204,51169082,51359676,51626273,51308150,56889285,49871740,54844883,51682632,54249378,47197390,49882265,48899206,48344736,49026551,46661883,48794057,48892307,50693845,52306805,52336122,53611597,48865403,45978311,47809980,52448862,49637906,49763767,47896294,46517029,52684336,49640994,52779561,48500002,50968291,55244737,51400411,51942601,50808198,53258008,50044887,48316097,51269050,47581562,48160533,52213277,49118148,50496365,49590734,46687550,49891731,50181711,51674843,46983035,48679182,46160460,50615390,50772549,45987391,52170541,50628624,46069515,48605043,52175924,52851232,50122327,50955235,48148938,49055516,48623342,53064100,49821096,52453549,46553138,50436504,47913840,46073622,48121558,52429148,46702989,52671899,49928725,45549502,52106477,51581116,50630916,51766198,48903061,51322809,48692241,46939386,50551265,52539660,49041424,50623586,50082588,49042425,53278935,53446355,51278987,47932245,47638980,50754828,50972061,50879886,52330292,46295943,47200907,52095220,52037677,47195714,49976059,52268112,48497764,52249459,51860777,56548256,53869655,49944388,50397634,51858469,49034264,53146998,49129635,45724877,49711253,48712226,49955764,51177949,52001325,48644952,51594860,47621149,52582820,50909038,48782820,49764968,54730815,50099086,50177651,51656278,45796827,48101404,48910267,51415797,51114776,50189011,46144612,47542041,49504062,47077568,45619703,46635751,53033519,47211332,46682019,55558980,55790245,51581877,48856157,50879773,52801555,51104075,48606234,48621224,45547273,47643550
53627223,51969008,55092925,52700518,52001230,49455681,50405305,49982941,48546970,48960365,51292694,47056641,52009770,49282885,49697478,50573375,56767240,50517368,47047202,50532127,50865277,51902132,48658237,49201144,50241078,52567231,58063074,54255997,49894938,54130607,49905303,50931315,54712165,50943372,53495092,52661329,53052702,52326653,52966688,51162441,56997202,53294082,52109450,48024155,50444850,48248080,50354369,51894073,49622908,48059024,50663916,50117933,50581781,52986786,54532118,51139384,49369930,49091976,50427503,50577516,48595046,48714160,48146426,54481472,52702540,54534808,52257601,53388957,53086382,50750154,52709125,52034079,53108270,51819391,49237381,53069596,52628890,49286163,55370015,50567882,52628508,47532988,48273942,50149345,50476841,51934050,49300553,50704800,47437100,51493919,50983225,48152971,51331050,52167687,50814365,55075641,55156560,54931292,51154232,51058938,53800524,47820381,50284166,53848712,52845961,52312362,48695471,49244255,46002847,48412553,49474913,56060495,48505619,53880478,51915003,48689975,53983077,51487205,52340674,52043727,48284924,51252427,52802646,52892235,50410549,52147273,50142361,51348084,51112520,52223973,54362423,56263660,50146891,50237032,51606558,50039253,49882232,54211680,51994401,48862577,49598716,52386470,51784508,52100668,53354405,55801811,50932854,52594852,51774819,57881302,50608962,49881201,52517405,53699838,50951824,55458262,50354400,48917364,49493289,52035711,50996609,51850244,52585348,50058375,49105786,54537680,52898463,47855284,50818936,51537426,56119421,52596884,50662509,50351238,47799418,49318239,50042478,53089886,52206848,53756710,48452369,50489405,53579796,45780076,47608976,48577040,53988987,49627084,52072302,53518426,56100857,51631242,50777378,49439294,53368680,54866944,52353551,51174006,48545012,50408946
49076153,49812982,51979275,48235322,46349500,46962989,46510252,47754119,48414431,43523434,47825423,43936262,47512182,46937060,46470041,47669367,50892162,46033820,44452055,46848049,49288638,47390413,45335676,48351223,44875691,47011671,52520696,52253545,45121803,53154879,46633431,45221239,52111005,46929507,49083755,47642800,49339083,48612161,50796916,46521274,51156944,47839603,47939903,44038861,47373577,47439116,46260435,46550001,43687041,45479198,44711217,48815500,46850574,50282659,48920887,49292873,45696293,44231815,48805304,45031828,44937501,47307099,48193432,49872585,48090253,50804634,46038057,47969660,52649568,49977893,47019292,51906905,50440210,47316116,46176263,48848940,45979478,43532363,51022569,45813541,48130932,44050141,44951264,46667205,47019182,47751554,44525046,45928516,45760904,46233073,45811123,43587522,47547575,48856249,48799104,49105398,47401175,49591805,45990135,48291811,48141384,47976044,44971496,47820891,49313967,51541580,45117198,48076408,45385184,43765985,43853017,50851682,45926139,51506116,45268990,43779079,49442001,50528353,49175039,46401337,45443901,48203335,44533923,46166394,47139970,50562547,47841232,49723395,48279538,46400417,52505017,52535004,47210635,46546330,44577535,48464018,45554141,50839461,47850522,45557883,47153799,49375857,49076615,46769762,49952710,48407205,46101165,49628607,48062703,53093387,51274877,46532238,47941978,47619740,46413097,52439072,48069743,44823710,44810095,47039116,48185840,47627548,49561678,46494774,49175283,47490383,47019594,45838619,44673908,48195166,52515676,47698934,43782592,46678086,44471742,46657637,46379451,48371758,47761047,47357998,45497578,45398558,49470893,43261591,43570640,43807624,49002552,47306295,44585551,51807295,51050091,48510571,46636799,48405307,49996638,50246631,44709716,46588854,45179213,46853064
53672589,52017460,55817690,51661676,52096965,50698769,52005965,51798196,49222611,49264667,53200656,48731451,54258261,49673509,52552376,52407854,53440670,49971970,48652407,51597169,51734502,51667494,49298040,50842490,52504616,53937934,56155361,57233233,50208318,54584294,51573485,46687247,56318515,55641765,52028926,52800031,54582676,55386733,55376309,50150424,54570098,52089821,54467395,49760395,51361221,51034532,51206746,52723607,47948725,48840046,49912778,51985130,52946585,51658910,53576401,54686125,49875668,48812075,52818121,50467513,51337232,52541610,51023376,54506006,53697745,56114112,49946373,55031420,55469787,54531417,53967554,57901746,54868934,51367082,48008608,52778874,51978762,49489403,53964909,55123325,50562857,48272345,49302857,52721802,52823721,52993126,48464372,49857555,50229564,51651394,51907596,51003577,53903991,53809687,51880189,53864617,52579202,56834311,49925857,52577443,54138374,50000870,48822847,53828395,53131441,54735390,47479414,52420659,47620577,49420125,50730135,55711088,49743377,55188987,52594737,48794779,52354975,52153863,53676600,52218191,49316033,50498058,49811768,51969592,53227337,55411905,52216412,51119534,50462121,51355548,53667094,57724579,50994743,49718747,49849487,51279206,51848048,51651374,54714425,52535168,50167780,53679994,51938086,51346047,49643078,55293979,51309281,51850523,54023508,56527101,55907321,50266858,52710053,53620858,51225056,55662447,52947539,46758582,53822296,52380684,51728449,52258348,54700961,52419675,54792246,53077488,50300106,48867335,51128930,51984258,56793547,52817277,52236720,54340663,50125983,50713012,51838399,53607898,54045295,55305990,47941810,52884224,53959828,47964919,46562820,49046616,52049269,55580594,49338467,55175354,55235941,53014344,51584517,51830314,54957469,54747209,53615633,47812549,48136554,50592045
54466179,55047857,59561618,53501403,53148823,56243338,52683337,54172413,53305141,51809887,53317362,52446710,54265599,54306353,52307125,56161730,55648565,53405639,50084441,54674340,56944432,54254173,49695370,54773684,53014786,56827346,58578969,61508901,54783311,58932500,54893390,52970493,58675469,56778176,57171682,55307531,55940895,56327025,58763324,54254229,57942880,55904377,56146593,53867743,53071749,53636901,53440870,52233122,50616586,51919267,51428549,54454969,55992335,56152390,59359400,55831706,52480969,51260497,54893282,55292994,54289807,52241599,52446992,56882111,55766119,57868813,55246658,56775200,59302183,56372167,57808884,58382177,56720021,55099569,53779064,57581958,52258520,50180322,58883389,53968827,54323174,52148314,53514037,53729362,54725470,57000319,53262363,55172612,50507711,51812247,53419777,50057959,53205382,54254276,56484930,55667229,57378680,57711663,55022998,55117669,54400749,50549664,52699988,54792254,54126920,57824294,50830935,55334590,53714498,51120532,50871036,59293326,53218764,58889040,55336675,52073063,57564513,57848572,54767187,54593865,53496080,55549865,51940768,55022382,53507083,59266819,51058896,55608276,55114864,53898471,56607862,57715523,53539790,54560766,52349043,54461761,54289481,55293779,55682983,52905030,50396529,55403186,53553893,51787387,58255243,57592411,56580038,56744649,56889925,60597987,57731086,52115508,55436130,57598078,53611836,57449770,56355022,51461463,55283858,54021470,54290922,55880896,55216997,51497029,56531245,54392042,55571977,52798168,51843588,55012872,59504899,55141487,51460655,53336870,50160128,52380045,54294136,57350587,54628684,56368865,53355580,53412805,54663685,49553527,48272874,52762936,56495255,52692201,51245313,58068860,58699802,56018110,53295919,54849631,58904382,56691397,53925118,55528098,49378050,52769244
51278843,54760317,57201150,52836358,52294252,51029748,49672455,52695538,49251463,49850538,51199019,50732214,51422351,50139270,52293071,54668553,55028793,51219496,50523920,53385377,53800524,52234533,51246199,53642040,53096122,55328691,61527229,58038802,52062460,55883631,52759444,46877754,56386755,52377041,52763965,52650728,53395295,56340048,54814801,50381991,56021827,54252940,54202542,50697538,51400119,51948991,49031453,52050842,49576009,49743041,50187647,50462704,53189237,54875989,56712829,51555789,50528347,49757566,51914725,51395666,50636088,48816726,51723784,53749903,55311251,55424772,50737124,53788395,53638001,54833509,51969659,56494124,53322810,51851224,49542723,55050552,53087849,50881246,53981770,51478832,52066305,48915063,48764296,49786444,50774618,54036624,50282657,49560142,51014296,50697072,51266472,49737397,52640455,54504670,50360125,51221844,55678284,56338564,50871285,51746711,51892640,48853084,51772629,53422711,52001633,52848924,48591258,51475719,50568095,48647994,48855487,54643416,49611721,54820357,52889784,50026281,52521469,55398885,52183873,52813136,50444996,52580304,52692194,52763807,52803507,54949166,48908853,52329129,53011731,52788500,54613535,56889701,52404900,50943263,50893385,49529985,48632645,54356343,52898829,51659873,51123692,55977878,53185902,49840774,50725934,54671287,53845858,53431515,53417648,56874723,55900872,51397595,56118686,54025276,49665554,53186155,51489543,51020186,51431043,51104518,51517702,52181574,53068432,51248050,52755741,54914111,53157357,50144082,51127064,51802596,58248013,53205901,49792604,52886825,47738085,50124573,51540418,52260345,52668890,54934227,49380182,49430125,53785542,48548291,48279300,48503963,54143555,51502234,48558113,55609963,55280265,52099859,48824942,52068965,54180539,55316871,50436891,50174309,48188680,49891393
49893296,53450586,52708307,48310643,48072515,48778927,49086742,50520813,48942506,45277595,49457350,49535442,49446448,47068071,48940829,50768148,54189945,49643518,44772446,48265781,51080175,48810935,49134873,50735560,50888900,51307079,55709701,55635022,49456847,52391599,47655128,46156308,51945198,51262181,50919018,51788360,51950245,51854512,57324940,50777276,55297793,52448733,51371690,48202762,47257554,48437371,48042280,49844038,47941638,45534124,46586906,50064269,50609269,51836247,52849187,48509528,47402872,50439364,51463980,50071917,49116785,48167640,47618046,50889200,52422027,51940509,49293407,51166680,53299336,48881488,52136770,53053679,51197577,49036360,47637635,51822904,52052130,46890342,53741280,50960908,50959589,48261698,49637826,48275596,48670948,49601833,48593656,50904069,48302507,50053396,48458126,47024661,50416272,50828003,46260222,49137832,51680684,52419599,48391273,49578407,49697082,48468623,48203879,48978089,50011492,51681624,44850128,50473498,48254142,47443053,48437890,52755597,48482295,50944250,49121978,45526901,50676799,50287588,50685896,50758789,46915083,48929847,46941611,49157076,48234430,54114128,47727203,49565277,49675848,52323153,50330797,55979263,48220784,46529590,50786495,48831999,49188159,51148147,51895851,46627427,45824328,53252265,49983125,47973931,48275660,52916801,50677182,50105574,51195259,53670337,48240009,48772101,50928064,51170427,46588434,50646085,47490046,46350107,48161452,49335623,47515142,51272784,50693835,46054748,49751871,53960958,50056040,48782077,45468466,49167885,54242892,50521382,48352796,50753836,47443218,48232071,48537941,52499554,50969318,52322026,47508521,48992053,50651887,45375317,44605171,44495393,51349406,50446945,46480705,52658857,55090981,51414999,48593419,47954424,52902795,51196935,49615333,48436971,47013078,48363784
49806110,51309817,53354406,47829101,47808557,47432678,46460282,48628444,45859000,48093387,49010690,46613586,50873649,46870940,48508626,49349941,52389717,46725669,44874222,49933857,49885438,48526451,46289851,48511659,50051479,50292103,55564431,53646652,48606228,54114820,46515842,45387787,51222257,49673998,48722636,47429462,49028792,51713431,51583583,48937232,52890139,50674372,51124842,46929202,47519574,48062617,47603661,46939515,44271046,49065299,46253752,49102306,48907696,48993828,52456014,46222360,47409470,45089760,49013306,49273917,46868582,49594802,47861639,49677194,52057136,53135344,49058170,50007468,53042031,49484671,46999214,50327733,48325745,47988362,47024803,51792418,48606029,47435086,52423945,48159203,47986533,44342937,46294559,51052904,46843072,50362511,45752708,46520423,46669325,46218325,47994062,47066180,49985986,50488873,47460729,49486816,48512017,50964844,50117460,48594651,49137155,45406373,45951223,48334474,48821374,49923691,44204098,47570041,45576640,42597543,46072948,51754445,45840040,49150359,48980221,47523097,50492705,51054665,50414170,50714237,46203295,48520965,46369476,48317657,45698300,50109712,45946057,49058659,48754716,48138880,52097090,51472864,50840327,48487287,48315661,50448580,49458432,52394811,49718830,47196107,47299177,51415976,49588255,45191242,51419738,50908840,45645853,50831481,49944915,54069952,49777961,48804606,50799059,51176280,46311824,52015058,48729160,47011924,48807527,47301136,47971728,52030196,52730073,47037172,48779449,47565546,52736485,47617982,48469848,49966783,52050140,48349361,46801187,48006993,45485765,47290985,47286283,52461740,49283940,49932053,45467417,48262432,49163594,45119016,43403514,46221782,51992365,50166779,47467468,51412787,50170278,50125516,49104972,46869581,50556714,52274415,47881421,49760927,46124612,46161668
49432065,46882762,50811655,46935473,48530471,47972171,47699703,47926559,43929733,44688770,47824928,45883230,49107432,44683606,47051818,48194614,48301726,46096626,44328956,46906382,50457164,47792402,45199949,46804679,49309734,51101024,50861661,53514674,48770303,50259178,47079983,44774666,53661058,48083970,47583913,48371895,48668699,49476558,51927371,46445639,51728464,49257851,47762662,46612232,45998253,47998623,46366998,47368337,46392835,46366990,46801924,48627371,47746830,49390969,49992004,50125568,46948232,45602795,47993446,46353695,48297044,47962182,46489094,50726690,49263265,51737425,46316752,49355396,51255901,50671616,48018857,51893768,49165764,46856951,47278437,49253776,48363920,45151719,51613858,49358301,45387685,45520698,44470547,47550928,45855337,48258478,47000325,48817238,47069662,47326904,46771505,46075384,47230739,48778220,45828384,49057982,49081911,50800937,46477468,48538110,49397586,44426284,46089382,48313790,48563780,51513498,44120082,47606941,42796261,46045675,46597660,51975674,45260193,50356186,48217373,46375417,49874913,49038979,48523229,48033505,45608719,48645610,45154092,46271624,47059178,50796475,46283247,46594720,49341138,46608236,50484303,51689874,50309214,47956633,45525539,45069880,48006234,50113273,50468793,46793543,45315844,48492651,48268057,46899773,49087772,49456412,48548247,45985072,48818868,53679661,49885983,44526952,49505376,49586667,43669392,51428919,49048797,44315612,46307476,46706148,47734795,47173664,50422763,47601202,50106883,48521893,49184557,45812055,47236642,46236608,49426630,47313193,45425504,47656325,46902951,46085604,48368097,48309890,49336100,51752602,44621617,46004191,50629140,43482459,43007915,44225232,48627508,48002919,45712331,48853638,54624865,48059180,47082579,47876930,49225253,50116719,49110826,47378156,43233819,47581371
51690872,54572178,52731734,48788740,50743806,48602164,50225087,49793950,48227988,47570750,49203151,48435669,51672659,49608817,50606592,51428794,51810822,48381419,45138552,49517311,50636251,48552389,49521923,49310540,48866049,52795585,54000780,57078891,48932351,51509668,49274572,45294064,53983839,50593492,52440971,49469953,51316600,53446832,56550493,49924393,54695046,52799275,52560861,46693514,50882662,50341606,49581471,49769581,48908268,48644266,51106540,52550272,50055283,53052459,52733865,50424286,48352686,50183382,50901917,50099942,48317046,51392536,47497603,52066384,50210229,55303078,50483428,55224058,56137206,51225619,51438087,52713497,53283945,50102332,50205592,51065868,50787872,48474566,51271276,50246083,49356741,46015120,48721767,49015570,48209211,51381844,49577551,50669459,49617229,49187373,49456780,48784364,52185454,50749228,50774821,54544811,48441932,50283873,51965190,50294369,51011999,48813083,48861607,50377357,50630934,52867073,46863374,48824004,47339272,48086895,46679189,52681176,48473457,51615665,49509672,47381574,53651691,51330967,52598360,52155648,49886822,50502210,51891660,48850849,50854754,54524305,49003099,50089773,48067615,49120128,54384515,54687498,49743677,49126846,49093555,50878835,50459858,53510614,52855149,47417370,48973267,50505077,50911656,50562263,52599862,51453611,52544559,52720079,52149565,58426367,52141379,48748491,51866950,51668129,49290450,52885529,51127672,46553881,49484250,49975942,49695643,52525337,52619581,51885768,51345419,51886503,50858139,47435300,50778388,48897680,54363263,52126185,49253514,48653046,50251194,48785299,49309182,51926226,52558924,51944441,46535989,50670671,51958869,46410781,45183921,49350909,52107545,50416895,51874588,51636646,55079954,51954848,52995881,50967555,52798365,55361865,48458196,52908245,45923725,48253214
52467898,55584597,55148218,51191796,51102593,50963708,51454464,51888045,51399218,52207525,51975654,50667282,53934318,51310610,52922775,51784862,56267746,51131932,47180660,52175499,53290359,53120041,50506944,52988663,52666314,53028121,56639573,57929772,52121236,56197040,51223194,47032158,55042510,54611185,54010754,54019573,55810473,54606349,56540008,52215309,56679909,57269704,55926351,51057812,51493728,51681581,51613945,52815683,51007005,50422771,49687947,53769593,53298821,54952005,54575581,54408589,49827625,49246826,52516615,53200985,50992629,51516354,52529082,54882834,57167377,56715104,53829596,55350076,55957945,56637975,53905874,56868217,53587160,52895135,51957269,54973261,51915122,49342142,54358348,52944544,53745933,50933022,50987820,51572885,51720951,54085042,49846760,50001353,49996527,53484770,51447207,51475641,54969570,54625702,51711502,53795572,54660136,56423275,51342898,54257612,54856212,51316733,51780898,54142366,52029378,53817481,47959474,52179704,49502791,49535955,49526469,54534928,50246077,54187522,55148785,50788473,54772264,52625223,55569270,55590114,50851327,53921150,52120377,50556060,49228191,55870445,50695859,52095618,54457559,54144083,54479626,57298135,52541305,50049153,52124455,52443856,52661283,54385053,54972060,49051692,50376650,54864458,54155180,51631835,52373128,56847720,52211955,53681656,52431868,56132271,54909479,51908826,55275430,55150588,51085463,55111299,54766575,49990450,52067802,52656942,53520396,53049908,55394442,52912075,54316874,55251857,55067505,48930733,53625157,52706099,58863545,52999464,49935000,52690037,48610312,50558985,53020745,55803400,52193407,55511001,49765921,53738025,53907899,48911773,49493733,50002459,55005772,52252597,49125864,57550367,56311956,53388523,50801572,54956620,55781685,58307859,52354495,52214279,49833988,51933465
48948582,51002866,53741761,50948915,47193490,48536712,46846695,50347546,45820681,48725185,47943206,48317679,50954293,50013043,48461865,49847817,52570563,48786301,46253595,47810412,51420406,50402675,44251204,48727551,47384819,50266055,56224661,54844233,48761404,54005383,50573798,47084925,52275331,51412868,49453739,49192195,50535905,53868930,53307750,48329377,51724322,48563031,50819360,47219837,50339996,49067173,49349937,47356864,46886004,49764371,47748663,50368133,49420684,51537546,53167822,50627401,46954655,46435041,51650809,50335210,50666126,47993665,49520993,51775784,51744914,53347347,48247130,51326243,52222631,50882807,50074673,51055347,51291063,50595061,49731156,54536127,50308315,46327399,53119789,49194794,50001328,48593483,46707370,49048551,49231665,50603168,48471660,48744301,48115512,49749450,49303351,48195915,48813354,51471930,50464958,49514206,50254256,52000682,50277901,51346876,49066554,50317730,48242182,50287791,49865060,51070577,45588835,50458671,47695441,45917363,49126222,54287781,46961084,53371932,50312696,48624966,50252390,52920047,49509583,48658398,47928265,48459517,47409048,50672863,50066404,52658243,45337136,50299552,48923211,49394248,51838465,51083917,52223914,47946112,48618700,48551984,47451159,51717826,51900582,47991176,49123874,53348686,49442446,48382144,49221519,52793512,50107067,50217274,49042913,52913076,53751147,48752604,52031849,50604629,46375767,53287254,48239299,46067484,50119945,50506120,52199959,51501923,52641053,49023611,52249944,50874968,50234980,47433737,46323232,49751798,54261320,51695627,48537027,48849160,47720405,48504385,49619292,51381232,49219922,51653040,49719225,48814081,52228735,47181774,43300435,47382449,53417398,47859022,47709212,51231328,55740151,47504637,48095661,48625918,51385082,52057245,48212436,49491194,46514750,49637348
51716455,51898654,54781336,49363723,51812314,51279212,49325020,51733704,50046779,48515996,49156052,48174034,53096784,48967948,50356871,52258757,54752960,49913158,48414271,52523472,52428355,51988016,48652712,50532770,53016467,54195108,56187744,55179449,52085604,54884978,51014186,46862656,56198333,53370695,54491461,50202406,53573903,53884643,54756251,50629170,55547292,50634924,50630315,47792947,50823851,52114673,50910446,49680841,47884115,49569290,50255613,50976969,52805569,54067182,55645836,50859700,49016157,49184116,50537316,51141206,51866370,50068297,50447045,53977143,52180537,55236289,48815335,55921056,53514464,52859450,51640571,55267332,53475981,48415655,50782545,53116483,53034638,49897586,51229478,51684751,50911736,49427107,49138067,51762660,49762471,54203138,49147362,48709362,48605441,50495505,48425972,47938855,51030686,52693100,50762452,50855756,53812545,55746664,50084216,50700534,52819743,50462197,48201270,52995677,52069699,54365801,47815153,51143060,49227109,47916982,50000531,55496415,46572836,55234721,50691307,50081144,52540515,52658216,53865159,50837389,49517943,52550371,48794989,50692819,49935523,54068244,47866265,51692528,50066967,50872681,54076182,56334331,53681146,49961871,48864015,49498736,50685381,51178762,53939231,51203661,49809915,52639918,53343000,50267065,54061822,52285893,51330434,51315512,51831741,57681756,55569854,52118787,54856184,53458863,47158105,55505524,51797790,47626599,50193478,49324311,51554464,51199756,53113236,52159187,52145299,53476199,51627218,50906355,50038696,51697144,55142779,50441939,47524026,51476515,47040327,50378471,51496855,52831376,50453067,55160877,49231775,50794794,51649185,46470308,46598116,49014108,52597647,50026829,48911757,53953417,58753939,52632710,51621833,51777563,55055653,51782178,49549828,50878907,48249488,51922479
49452636,52480361,54831694,49836452,48615171,49990723,47418848,48444241,49086925,47207692,49463114,45437924,51308262,48467085,49087258,49410873,53438839,49466298,45235140,50790683,50623077,48682143,47666498,49143000,49997947,51192188,55538330,56263926,48164546,54345308,48038935,47160163,53228670,50656618,50151976,49905987,50470157,52793881,52854045,48635235,53939119,50600838,54479548,46670122,49311558,50254169,49295496,47931988,47406728,50316487,49977153,51454781,51450633,51399871,51965031,51324382,47837194,47870415,49556989,50212179,49993162,51477402,48291509,50191783,53884491,54886855,49434572,51148053,53754505,51887916,48422624,53429779,53731752,48791384,47812469,53864775,47550110,47339765,53830662,49005909,50386155,47523164,47726506,49020154,49286037,51149632,47905700,49316465,47149183,47982347,49227247,45969212,48637020,52755728,48872795,49015383,48867828,52434135,46521677,50384625,48685994,48528186,46305303,51593597,51027514,52014634,46304505,53016953,47747484,45985908,48841446,51844814,48193490,52079366,52299131,45798756,51242178,51292360,52572513,50438349,50000662,47316721,49889481,48613753,49575995,55214696,45803373,50781680,50330364,49456565,50805005,53700619,49723716,48918611,50168265,51861148,48754005,49809994,52067890,46990441,46643622,49737563,49849214,48425684,49314150,50409296,50675482,50392996,52730489,55464091,50732227,49128164,51969857,53303043,49204164,53838068,49301684,45666500,52614423,48160328,49107677,50128447,52413701,48601031,51689905,51831483,53027972,46689356,47747222,49638402,53789399,50532917,50182223,47170948,45136285,46122043,50277782,50854774,49971065,52909691,47328764,47807867,49893826,48051826,45197541,45624255,51683540,48729088,48877113,52253705,53381570,50565212,51411576,48573436,54424046,51033801,47704231,49495818,46128225,45278778
49575185,51308613,53945091,50717518,49921273,53280593,49127396,48653727,49589928,46452216,50912447,46716308,52919219,48250088,47420748,50046896,55454012,48787501,47878602,50849590,50265664,48979068,49650121,50916152,48591096,51468710,54212980,54879895,48342690,56165532,50030905,48242764,54956185,51092786,51958179,52043880,50237920,51060824,55845754,49634473,54161461,50841672,51276054,48323661,49636505,49906061,48155326,50376977,49786481,47560987,47466471,51847354,50785704,50503797,52723544,51326371,50422925,49676503,51930425,50494651,49803846,50017746,50634025,50930447,52231403,52698330,50885627,52388893,51668673,51236527,50826660,53686491,52561622,49204601,47152483,52905727,50118572,48478038,52798944,51543981,50667035,47165734,48680581,49497392,50358040,51475836,47341483,49322729,49412625,50141565,49755756,47304274,51280481,53670681,52435824,52863623,52363187,54829892,48265808,50166633,51434251,48602304,48719117,54435827,52332806,50460624,46847775,49358190,47146533,48735966,49729193,53849527,47633808,54900013,50079615,47685544,49449781,51453665,51376926,48750629,48081500,49140138,48368569,50040475,49347946,54264377,47626401,51489807,49050776,51585428,50146089,55049330,48341741,48511749,51071553,50567944,50027289,51611730,51515078,47403867,47929981,49711337,49756502,49969001,51250865,52928112,51701934,51733414,52859954,55565133,52969858,50101828,51711179,49722453,49728844,52334926,50756874,49036328,49395965,49635716,50256431,48058707,52379377,49635601,53319607,51699757,52603462,46724158,48190621,49929356,55167528,50229789,47921756,48269551,47204596,46296665,51906782,52477756,48999666,51218465,48077137,51005628,52854824,43653952,45577462,48105890,51398251,50462398,49445628,52337098,56041070,49811680,51200323,51153546,54447630,52556382,49246653,48927652,49047148,49457764
51384340,51440546,54236206,48387857,46031882,48260054,49641463,49355163,48371215,46457018,48292588,47219543,48875085,47778969,48620991,51158050,52644442,49226705,44727495,49716903,52628685,48357657,47314936,49016245,49587338,51643673,53328004,54351762,49694455,54118933,49968847,46520307,52596684,49052759,51064467,48850160,50414645,51300176,51379743,49533388,52618093,48785743,49196179,46598835,46784738,48214232,49041022,47026432,45831964,50296473,49919285,49638534,51739195,52091957,52951993,47691878,46713552,45127952,47340685,48452491,49779828,48874753,47907170,51341729,52369338,52668245,49693090,52237089,52625672,51195488,51246017,51086402,52769391,48842753,47214938,53991628,48725359,47750939,53595748,48842063,47584866,45957754,46559743,48851914,49010407,49957486,45961367,47454659,47782567,48095651,47120667,46615262,49159168,50746171,46745919,49666438,50345226,52478114,47720799,48835347,49852254,47951362,47598929,51033697,48407037,49378988,44904258,49291154,45513151,45651467,45784685,51747563,45321287,54543329,48026098,47130351,51055918,51206575,47805651,50418604,47903428,49283944,46411205,48005869,48743291,51638428,45607895,49640491,48848363,47746131,51560870,51561954,48762629,48516671,47098701,48666144,47612377,51900817,49696781,47355299,47349828,51253983,47520762,47840216,49095447,52042113,50373174,50798506,48550170,53094196,51624607,47099845,51927564,51404651,46749265,53877636,49665497,47283882,48497650,50875805,48542787,51437186,50614877,44309780,49109544,50109697,51016826,46610792,45564287,48635570,53627986,49432278,47717937,48473233,44120674,48187398,47045413,51696567,49642192,51399271,46632444,49481715,50095276,44974899,45517639,47081520,53026718,49798027,47142415,53344827,52886386,48857899,48476503,49656227,50835891,51956012,49932624,48777696,45598750,49166970
54874822,53208660,56217805,53155018,52413592,51920046,52471930,53141451,51135696,50632357,53472612,50880678,54181758,49775692,51643759,53247447,56409169,52285834,49600952,52353505,53342159,53207682,49086024,53996387,53031174,52045092,59168138,57581377,52077623,58470786,52040012,50348634,57241544,53772099,54215092,55600015,54210452,54910901,56802702,51665424,57216083,53660615,53290442,50017232,51059746,52584781,52541741,51527774,49720455,52226144,50776385,51209733,52249291,53121029,55503601,53013196,52395602,50016658,51908381,51564363,51574440,53558304,52971343,54909489,54114595,55000350,53286533,56336367,57042109,54050957,55374556,56893106,54140333,51395941,50870966,55927598,52017658,48946050,56922939,53748455,50224806,48411894,50539008,51842834,50465499,55343574,50325758,54756230,48680123,50754367,53290997,49922678,52296999,55264212,53512974,51187385,53548720,55963908,54050831,51702801,53656800,50870889,50796010,53235127,52512688,53781368,47284641,51877745,49342617,50621562,52300039,57106175,48974581,56066185,52737957,53517413,52892955,54932776,54675545,54202117,49013214,52003446,50514614,50433835,52079604,55999218,50277155,53684508,51777910,52253822,56292296,55181539,51612821,53056904,52661385,52378075,51778135,53062280,54802345,50208115,50244233,55106884,52321718,51384284,51511049,55874438,54441696,53460481,51572873,55999107,56259372,52265167,55410118,56375529,50953474,55206227,51261474,49648492,52641688,52269111,52071710,54864503,53974077,51211633,53351664,53644086,53236049,51258612,51794322,55894766,56750047,51351897,50684775,50754347,49774290,49299535,51706299,55575111,53229679,55347775,48564618,51568774,53391769,48056077,47622311,48766217,55772361,52801574,51141701,55694110,58028000,52189198,52618616,51172066,55046924,55766749,51956914,52687752,48924209,51506734
52456437,52157633,54713215,51207014,46747578,49927969,50377796,51685165,47844847,48732841,47030781,48757572,50155796,49258867,50570078,52418290,53213024,50370739,46063644,50191182,49876081,50185296,48806873,50414539,50593498,50224683,55559788,55585492,51572997,54414601,49292656,46346146,53295149,52059836,52118939,50752127,52222670,52895608,54517585,49775029,53676921,52799607,52519792,46995668,49199860,50062292,48854017,50368202,48919394,50046886,49919778,52109206,52873984,53585922,55060184,51114113,49049000,47987539,47954017,49474085,49759581,48047963,48312548,52813635,53824785,55686715,50573929,54913301,54771633,51032697,52992035,53566042,52435105,49648857,47709530,52947156,51995312,47897431,52407485,49686541,50328412,49202466,49836262,49777826,48831216,54022856,49897542,50732892,47289679,50172463,48567796,45995247,52858190,49508469,48942779,50293667,49410303,53817471,51658612,50319761,50035954,47303019,48068536,51327430,54026512,53471619,49282357,50312033,47068872,47034889,46694164,53023854,46903542,52805765,50131768,50190445,51336923,52157368,52389582,51818826,47851087,50507621,48366719,50971567,51156183,53018665,47728801,52763715,51314465,50283818,52350465,55018682,51242681,51115319,51219806,49694008,49159537,54122099,52721755,47908078,47667663,52931120,51857787,48386971,51394105,52826463,50876543,50568064,49663401,53923452,53974300,49463362,52344018,52836852,47947023,54167659,49981030,48762664,49583087,52336691,48793256,52381669,49708186,48315234,52084990,53388099,52798311,48892310,47592607,50595741,55936297,51218648,49090784,48509850,48442016,48612559,47824449,53165092,51273446,52378646,47571216,48760414,51382623,46867295,45241815,49413514,53270220,51272460,49930095,54540687,56757831,51126095,50073002,48723523,52833103,53470509,49699300,50097423,46805463,49018181
51385085,53476394,55171896,50370257,50295811,50703105,50390846,52728215,48999011,47716434,50405879,48416114,50807451,47359096,49774091,48852235,52728576,48658714,43633020,50023712,52269001,49567819,47445481,52172433,49314060,53909139,57091913,54325497,48546838,54571322,50712495,49077024,54629289,49808865,53263718,50912257,47830931,54815290,56584432,50453926,55606075,53141665,52876711,50957263,49356325,48334427,49076634,48577456,48410575,49561324,50669969,52867377,53730513,52577234,53145377,50529142,47680067,47666376,50942298,50415962,51202464,50083097,50304768,53795992,54270203,53626969,49999380,52882463,54711147,52521269,51224542,53076075,53632344,49772923,47033276,52025061,48462433,47631902,55336839,51309149,50769140,50035650,48636946,49521008,49247876,53186374,48783633,49748568,48519926,49712690,49435542,47737666,51229776,52507242,50465348,52103818,51722143,54378961,51194370,50783273,49811585,46823604,49289933,51708527,52307930,53173883,49521466,49709621,47785746,49683972,48916251,53873134,48937780,51633175,50926457,47156390,54320614,53480353,50468205,51754970,49732914,51179371,48904338,49203617,51852979,54609974,47811640,50506271,53912298,50404892,54982594,53002737,49119839,50156585,50032646,49050195,50415269,54806853,53854678,48836137,49744189,53172600,50148700,50513105,51279436,52650746,51948636,49624029,51762845,55528486,53039041,48660308,51637036,52673310,50532570,54113420,51292699,48589253,49161769,51277727,49901540,53153001,51771257,49294641,49945119,53001760,52287753,47151739,47595139,49590395,54647177,51171325,47734457,49586177,48853106,48332656,51871616,53743306,49935812,51308973,46996202,50115543,52961200,44647422,47962759,47649408,54360426,51191398,47937501,53580410,55503082,52815988,50431251,50156781,54314248,52381882,49340334,50639508,47514605,50927384
49432861,50710149,52452432,50223448,47307079,47694942,49651347,47805049,48150297,44942004,47529411,43604808,50514174,47267728,48197342,49478652,53235447,50220029,42831040,47425991,49827716,48844502,45216032,47390028,50153750,47398714,55926107,52588409,46580652,52402738,52428363,45226601,50794189,49974333,49246053,50162953,50796275,53169885,51729491,47560560,51877983,49121962,52037655,47294934,48381785,47840657,48488648,48417747,45502989,47727218,49889458,51153729,47812423,50888954,51346625,49029048,47967867,46713853,48109243,49278671,49448096,48501722,47155362,49436531,52628253,53832983,49980371,50844106,52112511,49638891,49961179,52368975,54219480,48961339,47167321,53039484,49911536,46382785,52313577,48471325,48193999,47739672,46089588,47719861,46438794,48036894,47085705,49208060,46396001,48078562,46935668,46435766,48723739,51100420,48041280,49071748,51068335,52082660,45446820,50116554,48489958,48720836,47711354,50486649,49514762,48924695,48360181,48258048,47292954,45217538,47255064,51242329,46047615,49953343,48531853,47294709,50215903,50290335,48899503,50358994,47459034,48196441,46241170,48675227,50060363,53009177,44868613,51312532,47204031,48300855,52931030,51845424,49500718,48467664,48029576,46882321,47832201,51110041,50557198,47305516,46584779,50959991,50234352,49447180,48834886,52691529,49148910,50287121,48142375,53314333,51453602,46032083,51662873,51084115,48682051,53096096,49940001,45092806,49605856,46968588,49804574,49120263,50211972,47711401,49210147,51069320,51215049,47841114,48437885,49524719,54314800,49395388,47306206,49949338,46167226,43516388,46962375,50022065,48805365,51823889,47692307,47487508,49241160,45839323,43341757,43677707,51885674,47394297,47431500,50231534,53301517,49280455,48635870,47745363,52390699,51027955,49110405,47526216,45440531,47981395
51067211,52735185,54419325,49249604,49933056,48399293,48719725,50443460,46632170,47261799,47920339,48924435,51814515,48674991,48352817,49470855,51270254,50640525,48402504,50170477,49976861,48263409,48037470,49493343,50107354,51447631,56440614,54843471,48722013,54797625,50259468,47553846,54096552,51642065,49476211,49026929,52144902,53542028,54879417,49427500,54603868,51141039,50930666,45647666,48454921,48735614,50675750,49144133,47743505,47562498,49289909,50112541,50630472,51655965,52093105,49147827,47561272,47902942,50992312,48302300,49879495,48708041,50075503,50610897,52290426,54609244,50171542,53771784,55496197,49976062,51462287,52281844,50570180,49154149,48717885,53079117,49683283,45746589,53035520,49880646,49235253,45610845,47410625,48602123,49621394,54604437,48861944,50401158,46994551,48372375,50250377,47225628,50041608,51385552,50789885,51375502,50330973,52130289,50641705,49950922,48259687,48631538,46957151,51174969,51510193,51203444,45864084,49663489,48578756,48579299,47690314,53127118,46911824,50841858,49343579,46728106,50876427,51032234,52400386,49357622,47708201,50846535,47889706,52610791,48681457,54527270,47434455,52031719,52276671,47241764,51934703,53978897,52490970,50221218,48768166,49447724,50748028,50989599,52429724,48392266,46142100,51413742,50025275,49606455,54043279,51438834,49316114,49903333,51125056,54252535,53186716,48160510,54376496,51856363,48415101,52285844,50013344,47369795,50782025,50878789,47751565,52017917,53617340,49430023,49907327,51519453,52482027,47125465,46609912,51532856,52116555,49355673,48068439,48178912,44100201,49035342,52045615,52539478,50732685,50249826,46279563,47915212,52186417,46220647,43297554,48441383,52626498,51231117,48163634,52100528,55480860,50867487,51371493,50039834,52958397,53111517,50648378,49661208,48822443,47216547
48598417,52477679,54933697,52434724,49957247,48812163,49728508,49628228,46769209,46172440,49893020,51803523,50502247,48664759,50529162,51138432,53869798,54008250,46572567,47851577,51808126,51194746,47897490,49561291,48500588,52892424,56710508,54136978,50100864,52825903,51491557,47629252,56104336,53412015,52296474,51282513,52136758,54305136,54290709,50575256,54555942,50563493,51816161,47957236,51059182,49571136,51006432,49257989,47015510,48579065,49567434,52962623,51183541,51705394,54473054,51322942,47526278,47849238,52811406,51937868,50202907,52593586,50098467,53649231,53342252,53731082,54050693,52286339,54859855,52329428,55235501,51891512,50423235,51104262,49302940,52863839,49421022,47639679,53478838,49918895,51889537,50065565,47535365,49817373,49500550,50077417,48780588,49478392,49524436,48894967,51160142,47016148,51806413,49143316,48549757,51889103,51381649,51183971,51796995,51040660,51019001,48704898,49433426,48915583,51170010,52139449,49474919,52111922,48341326,48459306,50844442,54044800,49455989,54271782,51358794,47404404,54279591,52508554,51006229,50968814,48981308,50466122,50559072,51600633,50832441,54361227,48434950,52425778,49653475,49079621,52498803,55523068,51641196,47775088,50410835,48102948,50408278,52524685,52986314,47874754,47426329,52697459,50759743,50404355,53724226,54386186,51771298,52009923,53098657,55530310,53690981,48871885,51569009,51426164,48205480,53676247,52198542,46456606,52281220,51266765,51652121,52013144,53787361,51202272,53050420,53076692,51273706,47407657,51209969,50939369,54582068,53355847,49385189,52942034,47904685,50428283,50246494,53569150,51580015,51991830,48684003,52045115,55086327,46751357,44589952,47127259,53652671,48875953,47445888,53776398,53115780,51097208,51619917,49174568,53447692,53548985,50048904,48924099,47329468,49094714
49366826,52317623,55518076,51074691,50051658,51164910,51524060,50379498,47499043,47846476,49078433,49400093,53377823,49184282,51367262,49870137,51613073,49152127,47065765,50910850,52355779,50177481,46696024,50503180,49325350,52304710,54425074,55041628,49215745,53839077,50343495,48308181,53978056,51488056,54255139,51927542,50847979,51265873,53055804,51142005,54046544,52260133,52068020,49703267,47034412,49605982,51314707,49477919,50183492,49702632,48028953,51503032,51180922,50825535,54228476,51034361,48273891,47553860,50198018,49690796,49490293,51546356,48622634,54194645,54176894,54662400,51983280,53816147,52474731,52571459,53474377,52415508,51318034,50778559,48437599,55281432,52230482,48640992,54106134,51518464,49360368,47424332,48510771,52021215,47301975,52476908,48136589,50195004,46914481,51524282,50282997,47560722,54102201,50207643,49765409,52638839,53543280,55053723,49819096,50589931,52159815,49229025,50110558,52288941,52054140,52335746,47438520,49211067,47308183,50004270,50412735,55050340,47858363,53458431,51318110,49582915,52114816,51514988,51616042,50980477,48330412,51952092,49960666,51030789,50531465,52691674,48252907,50144230,50723333,50092283,53426067,54889541,51142514,49532799,47959204,51289972,50748198,52945090,51392744,48027739,48396704,52476748,49877239,50795725,49336632,53096748,50363341,50807811,50073077,54693365,52622747,49556419,52579129,54660399,49442699,52921291,50123825,48627830,51052476,50329122,50098287,51068355,52997395,51827814,51958285,52672501,51463913,47650354,49359074,50946785,56219142,52256828,48897296,51000507,46398857,48473585,50898479,51620886,52424467,52448746,46672383,50227630,53180048,46259693,44490100,48773801,55602411,50278835,48884143,53533893,55150884,50233539,51257376,50747522,54498703,54112341,53101787,48457250,46936185,48884036
52590986,51328029,54526014,52874904,51019842,49918347,47909155,48994336,49797682,47168447,49642196,47215409,51339299,49297482,50885012,53235079,54652174,50953626,45707866,48754887,52238597,52611636,47326628,49698442,51901698,51639912,56191978,54786058,50410965,54936571,50131432,48270054,55467915,52793411,54454114,52697110,52608202,52300305,55109809,51157725,57310848,52091003,53579056,48083799,50756252,50697783,49719154,51711743,46724299,50763063,49186956,52599201,52977578,52181291,54622837,51186907,51240154,49100482,51370559,50261891,50742776,50673680,50374479,54421204,53070463,56504126,51489656,53126178,54870858,53090818,52818257,54559977,52783157,50768718,47595767,53902426,49869785,48669181,53519279,51837827,50656006,49230600,46891768,49023031,50766582,52892118,47427310,53772384,47531922,50578197,49698586,48365493,51631571,51759510,49245951,52786402,51274004,53571259,49262273,49353495,51132900,49519603,49094387,52294909,53989438,54856663,48709773,48925373,46660019,47070233,49182211,54683231,47391011,55398991,53338951,49943993,51614478,53657881,55055054,51363840,46570458,50336226,47704650,49661975,51428613,53052131,48273730,52006386,51072281,49908780,50923305,57303011,51820434,49918588,50050966,48938328,50498180,53886863,54701765,48975887,47934511,53195070,55058556,49347795,51766176,54234484,50910338,52650716,50955987,58990942,52741630,49723171,53793875,53904252,49508947,52751171,50736956,49130623,53222110,49690972,51355303,54335743,51679891,50541274,55923711,51899994,53044328,48808259,48119910,50917623,56133297,51742656,50868249,50766219,48959416,49111737,49871765,55199977,55802718,54380967,49324541,49877777,54242007,47592596,46563008,46381664,53846175,49568445,50158652,52479053,55255475,50351380,51404233,51772253,54617846,53411136,50925796,50617839,47514416,49291575
46267027,49487776,47718677,46289281,46836703,46059156,44313106,46296308,45098788,44261582,44189271,45060203,47995507,44696781,43396274,49471831,49395123,45548133,42291637,47659418,46311971,45649726,44314516,46398166,44897129,49832820,51687862,50656194,45802477,50235927,45921407,44479241,49468295,46663688,46318739,46812398,48552551,48583661,51406758,47378960,51739251,48103653,46513633,43277075,45536788,44962128,43530303,44784503,43466888,44283086,45125889,46155751,47517079,48585655,49454563,45985689,45405778,45635777,47148297,45900379,44852299,46015520,46743233,46147262,48145182,49178260,47028790,48260618,49084378,47857885,46322279,45623942,48499677,44575534,44646310,50361187,46304643,45354209,48897334,47242990,48097612,42079090,46475365,45868188,46028521,47154792,43663389,44748418,43830574,46457920,42526806,44043086,48021089,48501523,47348653,46854293,49345523,47701862,44608818,48127307,46179305,43659345,44355651,48246801,46145548,47819113,43441149,45258183,44821624,43910878,42372836,50421008,44988825,50021514,45227070,43922558,44373481,50245627,48169754,45672011,43448043,46965694,46268027,45900371,44374302,48356945,43631188,47586151,45463993,45446601,47207494,50489533,47035496,48000515,44518694,45816803,46218415,48985236,46583817,44246461,41544446,47866703,48066828,44346285,46150396,48494263,46687246,49283818,47577859,50884636,47538789,44890080,47517763,48603686,43272463,49754171,45189297,46846422,46003644,44274141,47449987,49051572,45998009,45599874,47167975,47936117,45812004,43562503,44476983,47766382,50117398,45403942,46380065,44920601,42759822,47242371,46431760,46877033,47076537,47451210,45548653,43897497,45972750,45746648,40898056,46128778,48411903,42621683,45858737,48131930,51653144,46021116,46007474,45965254,49174284,50088264,47244280,46225757,43401468,43989778
49390832,53405830,54463990,48512323,47748367,51126404,47255481,49182212,48703326,48934868,46403066,45238697,51497965,47900775,49780495,49536545,53120034,49414918,46115596,51685897,50195636,50288828,45902739,47431977,48190456,49876428,55466565,56232434,47210949,52832686,49215633,46724638,50776341,49353180,51004408,50211867,50951722,53210814,51966236,46506683,54267981,48822378,48962112,49126608,47941934,48809271,49131926,47687041,47756769,47538123,47964547,49157088,50288735,50726631,54286707,48783260,48778636,47756402,49982797,46981785,49626406,50187977,47775027,49534502,53594131,54111519,49452304,50751792,53057533,51351384,50610827,53414184,51139778,49474236,48242208,52772159,48578670,47334183,53293010,49391859,48011655,44520736,47147210,48437355,47834118,51660032,49440529,47178382,47546470,49281275,46971845,44962437,48552239,50743190,49694144,50526923,51902730,52072068,48265613,50020449,48434514,48691488,47349855,51137968,47967218,52526142,44712456,49473237,46525301,46319513,45331185,51064617,48179577,52757080,48990798,46877904,50163506,51288688,49883911,49579075,47028804,49898509,46610428,48864361,48877877,53650024,43749454,49238641,50172384,48680175,52742660,54560013,50278945,48251633,48139658,50437247,49523631,53409977,50214010,44742396,47348311,52557675,50226198,47860612,51357560,53333444,50847157,49874525,51406976,54012842,51810283,46926316,53159625,52311589,48942102,51700525,49362521,48334840,48989376,48920054,48929353,50760167,49985706,47246061,48744832,51466747,51832968,46740492,47799805,48861008,54169572,49454521,47924273,49674371,49065113,48735365,50692044,49514767,48939308,48771018,47558393,47466686,50996754,45143219,44020193,45549720,52513641,46478462,47435124,51590274,53291854,51158291,49331741,52076479,53021438,51562605,51813839,50567361,44863377,44868085
48287473,48090001,51625383,47419707,47054007,47558693,46777557,47077770,45073427,43593883,46070635,44084732,48210046,44985827,46326636,47564283,49324532,44384695,40846190,46846526,49530317,47751983,44536868,46016373,46737776,48512283,49046626,49488105,47695297,50289888,45136487,45071300,51993126,47319567,48231511,47627267,48104213,46339767,49660322,46150854,52580952,49485863,49922986,45244569,45947778,46254404,44883194,45885350,44516220,46507711,45891964,47462258,50579769,48875084,49822411,48073788,42922168,42977147,45844696,48157985,48286917,46064707,46349832,48413962,48835539,49461310,45713755,49314646,50968795,48623248,47111256,50856757,47503722,46921901,44384211,51916336,46412718,42545326,51421018,46586094,46191253,45853192,45269419,47190577,47376976,49125938,44381431,45798030,43979501,45983708,45907791,46194605,47903425,48483000,46504317,47248953,46565937,51814695,46852239,46444904,48026374,46240611,44775121,48064453,46712380,49727028,43960937,46579802,42950182,43454575,43656338,51316387,45430071,49964422,47255459,46156527,48953686,46703741,47846387,47835230,46189998,49946163,45262081,46749481,46545171,48988859,45223578,48104122,47164386,47855034,51300111,51650386,46219266,48386745,47482843,46421093,47876229,48432394,48747205,46550372,45117755,49122555,46021108,46095096,48594977,48324524,48241250,46959806,48775732,53066080,48100584,43977005,48061760,49553230,46878705,51847147,48612968,44614080,47451212,47381523,47944848,49477154,48832869,46297291,47746420,46895241,48714698,47091416,46086197,47478438,50956857,44375214,44253313,46236591,45729716,45785215,47358549,51475560,49797489,48293710,46134888,45495034,48396548,45119797,42568823,45283321,49375653,46263395,45202746,47992617,51653350,47728265,48151508,47472797,52135382,48725525,48088486,44819856,43626587,47893463
53065050,53369847,55855720,51554134,50390420,50325053,53530251,50723228,49936806,51259723,51068349,47177579,51831279,50410229,48667977,53333959,53229584,49122424,45749498,49391662,52333137,52547075,46851786,51304461,49857937,51849994,55995140,57305619,51890749,56208629,51791059,48940094,53097615,54123230,52804170,51803397,52956155,52386480,53899643,50195196,55373517,51455672,53447955,48534126,49495333,50886293,49097856,49415001,48093422,51598604,50205952,52168771,52752689,53676490,53829666,52259479,51295423,48451349,50895028,50054034,49739793,50751190,51062813,51739204,55366220,54424435,51779146,52541308,55595674,52067337,52644299,55123436,54917716,52813004,50181340,54582233,50323672,49879930,56282390,50690824,50877229,49798596,48733922,50209539,50383548,51025270,50683991,51093604,49388999,49566156,50456791,49815666,50324319,52510969,51803484,52508914,53746728,54006716,50328595,52485109,51161961,49638116,50651014,52485722,51821083,53854102,47311677,52809704,48137369,46974010,50343624,53787545,49700823,53136899,53372868,48396659,52961848,54129421,52488222,51557200,50037108,53099890,48635641,50244149,51783371,54565342,50511814,50875227,51689246,48949568,53326768,57070179,51029383,49980837,51239151,50475396,52156005,52698061,53625717,50372326,46670245,54001967,53091569,49092847,52873099,55594987,52225706,53548749,51138748,57854329,54477989,49364783,53039768,52368788,51057809,54909471,51737218,48297886,50759696,52418653,51735391,53878096,51424802,48165677,52892764,54798621,53032855,52901181,48639042,51523182,55833080,51281689,50623330,52193468,47528358,49977725,52167378,54570322,51520507,53284360,51095914,49085622,53435495,46645421,46299118,49766479,52296959,50615747,48818624,54998160,56877490,50834787,50518927,51475559,54746696,52850715,51026922,49844557,48349464,50828160
49218786,50339569,51082860,49096607,48471894,46923218,47784903,46987852,46411366,45536656,46252266,46971545,46827715,43427375,44005139,49190272,52750899,47008785,45665806,47575501,49270914,48428099,45312696,47203895,50654354,48604850,54400365,51976755,47096794,49675710,46641696,45468681,49281722,47745053,49621125,48755985,48523828,49653453,53155316,46788430,52312524,49840006,50102977,47830135,45530035,44679760,47413040,47318840,44603298,46726280,49622311,49658695,48996813,49675987,50445231,47396241,47230891,44341899,48433117,45811705,47567475,46575749,48010561,50637830,49750598,51612889,50280276,50472776,52547041,49514329,49704799,48739005,50785538,48763101,46493948,52337615,47900595,45930803,51961986,47715174,47667629,45412875,43776014,47541733,48214894,49803478,44298611,46825374,45145555,49842899,45864149,47879996,47608189,50032170,46778746,49129970,49485109,49566412,47455566,47812150,47694117,45582424,44900264,49369884,47270298,49746313,44520821,47460952,46725674,46510329,45098106,51726902,46319060,50578930,48329931,44182057,48173458,49623261,48469780,49349434,44271688,49562090,44156405,47673185,46898917,50174742,47503681,48909464,49929030,45847804,50712736,52604047,48459939,49626579,45041367,45100553,47518525,50267117,49254244,45269555,44883606,48730008,50307974,46220039,49058361,51379503,47897065,47595315,48389815,51961513,49447375,44313373,49707292,49821274,48109640,51476146,51291381,45494209,49519503,47739875,46011560,49803779,49430162,46305714,49150734,49618901,48482381,46430445,45462059,49552248,53462601,48196803,47758321,49099619,44548733,47121014,49021231,49822838,48167118,48876025,45497395,48201481,49592595,44796954,44134420,45804035,49298580,50527408,45111494,52461896,53601834,49896459,46921867,47037132,49115627,50950753,46712091,47678572,44141959,46766104
51715644,55233870,58664173,51779402,48917060,51588316,52762944,52745851,49865146,50364487,51907913,48826757,51729291,51954011,51833858,51058128,52847413,49831501,47126295,52468034,51337959,50358139,49466099,52064482,50502506,54099531,57519758,58963435,49824240,55609769,52737091,51137990,52614939,54528716,53387455,52616869,52983607,56826597,56218975,51281596,57777457,53889525,54109384,48063945,50766091,50137639,52225658,48880892,49007701,51914092,50655297,50491751,54204663,53132821,55615582,52095739,50134552,48540692,51412913,52078144,51498181,51803460,51493019,52372361,53116761,57522792,52463319,55846785,55999368,54188529,54971853,54515178,54813727,52462547,50661720,55432958,50735489,49224985,52670784,52728930,50604540,50532925,50287450,49791714,50626471,53553251,52136174,51854633,48257197,52938962,50648908,51043139,51447712,54075240,50641503,50357117,53129816,54505629,51452184,51801715,50740193,49826983,51037017,50432397,51789136,52286281,48010527,51803824,51610488,48883652,49688393,54863158,49453310,55686900,50195524,50092833,52177603,52084340,52888059,52980088,50964466,51629294,51114863,51748621,51024570,54621968,50006871,53210110,52164780,52363906,53130768,57239043,52368352,49354171,50929015,51365843,51614090,54762925,54882319,50186956,49324591,54323910,52403995,51111976,53023708,56441765,53702422,52160679,52784971,55396137,54135356,50978985,54140242,54890835,51659258,54586233,52268555,48103504,52268130,55286743,51176074,53859106,52553173,50029287,53700201,55843498,54507762,49132697,50572826,53086255,55206108,52017147,50300823,51509195,48171043,48893513,51143534,54250663,50645793,53939279,50888196,49642043,56082342,47387065,47866544,52784789,56006158,51954613,49504211,57192702,58337030,52842464,51242629,51441362,56143070,53467041,51636030,51876710,48765818,49580063
51402384,56203433,56064394,51343821,49744094,50915614,49171851,52017488,51622888,47853355,52303524,49409809,52575538,51164929,52155210,51232668,55852165,48842787,47339587,52574008,54401839,50934981,48780674,52160420,53046785,50925388,55944883,57129351,48980147,56377956,50856786,48873383,55056979,51320283,52423196,51655276,51416417,57113840,57199778,49855982,57123001,53372523,53266835,48390055,49818059,50199324,52042436,50853252,49346531,48688663,50904121,52161710,51677340,53412735,53463789,52222060,50814515,48789104,52130881,50686969,50126690,52947164,51387962,53405668,54545260,57628916,50181025,52721222,56434239,53551572,53542095,54646801,55044683,50007098,49865305,55605344,50979945,48011630,56194040,50495095,52174715,49551445,49269979,48245635,52351508,53925621,50575966,51957848,48774877,51413445,49157689,49031501,52464835,53487556,51200378,53377477,51383978,56384837,51442710,50705740,51620474,50894129,48034933,54862060,50058023,54552528,47083005,51416758,47550198,50015620,50132988,55045040,51677475,53434472,51198687,48367405,51461649,53663140,54626411,51311905,48372538,51296988,50275410,49942526,49557298,56810767,47742805,52983965,52424174,50984903,53119254,54736204,51828476,53079705,52043808,50909693,52838600,55141812,52909363,47889848,51548397,51957369,52753162,51384529,51999267,53071823,53238967,51962287,53560565,56626276,53413988,50324250,53950049,52064819,49290502,55239506,53044495,49588198,50593341,50136579,50578129,53075526,53487092,50071556,51311032,50519421,53452372,48889337,48644896,54618509,56654659,49475467,50908471,52181463,50062714,48222994,50901922,53632673,53502414,50115733,49172897,50508589,53244698,47654718,45553773,49029260,54325002,52073756,49794960,53575313,56977047,53256940,51868660,52006192,54527249,54427151,50320773,54168922,47779726,48370496
54463586,56290296,57622615,52240347,52435709,52736257,52581610,54072943,53640741,51736866,54854707,51961473,54803647,52078250,51153695,53700842,58648475,51533472,49180163,52948936,55090467,51701086,52024000,52929559,52863010,55181649,59219735,60663362,51772867,58119347,54596939,50137048,55682812,53953196,56373866,53468093,54237599,55792717,58548294,54210260,57550820,54353219,57130707,52956832,52142333,53730406,52311520,53472818,52619619,52271128,51102795,54581588,54637658,55379519,54979899,54717207,53613768,50745607,54858543,53638429,54895243,52408483,52936389,56934021,56347233,57316622,54453385,57409037,58044252,57835761,55094563,58162107,57268126,54556890,51034081,57611786,52956507,53735921,57523903,54752950,54661213,48986870,50580643,52452789,55091170,56090765,52605948,53098301,51527299,52301663,51589666,53157378,55752399,55797441,52681327,55565399,55182499,56158402,52020457,55326804,57038662,51643258,51050967,56137745,54652689,55235724,50229445,53301547,50840399,50428297,52699768,58325148,48791476,56856074,51488459,51039755,54066658,56061882,55967406,56425952,51815269,54331266,51544895,52205560,51680826,57594564,51763125,51376632,54878817,52515177,57441879,59101178,55036938,53628160,52217007,54208458,53322518,55786656,56925276,51028984,52408163,57146650,55727692,52943473,53638389,57069121,54618074,56218451,53375224,60174812,53924082,53677429,58706051,57131982,53367834,56451906,54441956,50348444,55149229,54034464,54511551,56404948,57499579,54529793,55670991,55288338,55823719,51709530,49828474,54209101,58837332,54190617,53617227,53091359,51683523,52070878,53212126,55829600,53171314,57490816,50439698,55180943,55221223,47133484,48243572,49820960,55280881,55240259,52551141,55962001,59306962,53921450,52478800,53611870,57312146,57035714,55781392,54055040,50771471,52187132
50349642,52142533,56274673,52650631,51899526,51118900,50530020,50826455,49962171,48226473,51503665,49898904,51176685,50716061,50866130,51504148,52625452,51126191,47111995,51357414,54048062,51898238,50437683,48482058,51194068,54189560,57239749,56345775,50814818,55089991,49070517,49109395,55584529,54143325,52216501,50599297,52468678,53861198,56408060,51910739,57053279,53720705,53389702,49465467,52267654,50205947,50372957,50148403,49258499,50642775,52231963,52792189,56284608,53007597,54451973,53162213,49242007,48983454,51717104,51822072,53679704,49427522,52902619,53243287,54525581,55938910,51165546,52715406,54131531,54748476,53713214,53328119,53818294,53378649,50420088,54187573,51730896,49973789,52541197,52565539,52892918,51349230,47945968,52221359,50617210,54571033,49573321,48834589,50037228,48393126,50220323,49036658,51241475,55539297,52565583,52447538,53463188,54762120,50320418,51167052,51144371,48286945,50460588,55290116,52282111,55008749,47498004,52056568,49327130,48148698,50990038,54915334,50048185,54349025,52165582,49167008,53141659,54207174,54064919,50241083,49900938,54616682,51948118,51178008,51247619,55024425,48208320,50549821,51954703,52519041,56934509,57434730,52359164,49610791,51080837,50698669,51631002,50994504,54579226,51938107,50374986,54346462,52619982,50294820,51711056,54248163,52721342,52388442,53974736,57013604,55468357,50556760,53931249,53284423,49594402,54153321,50713870,51898107,52502723,52219497,53040899,53583859,55512481,52016804,52503903,51210914,52602194,49222687,51126484,52812644,56185095,51084882,49305215,51099744,52450985,48648391,51246535,55411839,53364330,54272882,50954508,50906075,53874756,50011670,47203849,49774004,53781874,53191139,48910140,53214715,57474374,52453007,52339238,51791686,55219472,55766742,54850920,49655088,48807962,50609355
48925791,53436483,55579717,50533595,49348969,51143526,49540620,49676844,48684615,47844481,48932307,47556976,51052267,49408598,51744232,51345170,53241960,48798852,46621966,49312527,53559787,49352422,48281857,51109886,52827632,53854608,55998640,57138635,51605472,56465298,51114550,50170995,53867674,50197241,51744053,50483543,52594565,56548416,57834011,50043098,57085277,55449166,52664276,49788506,50875506,50117788,50783878,49096114,49086938,49132521,51025643,54280173,52551179,52433245,52913988,51297827,48963890,48658212,50207812,51854599,51111153,50729921,49509838,52530708,56236031,54804399,49265492,52982639,54953519,53671756,51715767,52907177,55194151,50561889,50768770,52536743,50769352,48213250,53769278,50117075,49435147,48879429,50265531,47951128,51968802,52371284,48288579,50036190,51296425,51750404,49575289,49066661,54694990,54194812,48232293,52533973,51020886,54111242,48780189,50503328,51444240,50608082,48054195,52880667,53510467,54403633,47467906,47985345,49705783,47752761,49153960,55951798,50443906,51439605,51944050,46924244,51788333,50982136,53533862,50770845,50902031,50821075,48210720,51774781,50174286,53659550,47058314,53043294,51273563,52191964,54008122,54833953,53224942,52080363,49371457,50584665,51892461,54967886,52906489,46514676,50564697,52270190,50123834,50428878,51459864,52102281,51269385,52569199,52257703,54988599,50006949,49539084,53098925,51564214,48649858,52812319,48728677,49344785,52679501,48379892,51679154,54279299,54848326,48799854,50785662,51672520,52783609,48930917,47851580,49663893,54645964,47664283,50080440,51330933,48479256,49051603,51332950,54886905,50447208,52846753,50309339,48793122,51519550,46317046,46697213,49607459,52155619,50161522,49276491,53583834,54413824,52486152,51648913,49965719,55110875,52363935,49462323,52733376,48796490,49539274
51263515,50494182,54608373,47733210,50332205,49022064,49923043,51001801,49406403,48620241,48028191,51056214,48814386,46812019,49439079,50662614,51743164,50654896,48278791,50515408,49535433,50261297,46353374,48770387,52621852,50636232,57475302,57844459,49440342,54225779,49059482,48214795,53917782,53227669,51473592,50848153,51941741,52678586,54498804,47443436,54744548,50749018,54471204,46738945,50108803,52573671,48500163,48281993,48775836,51165790,49916798,49798787,51361743,52457898,53735686,50826725,50067446,48135827,49931600,51679991,49102983,50321436,49340385,52837039,53996995,56852160,50282066,51857504,54274542,51658867,52049457,54834266,50704388,52454613,48248137,53648774,52525056,47831883,51590189,50178780,50219956,49642001,49216509,49526732,48944422,52660085,49854771,49863500,49988671,48324898,49530289,47160074,49753298,53010222,51978693,49748808,49456161,52176473,50805375,52222786,50811919,47838853,45560283,51356064,52455022,53723156,43936309,51909017,47829555,46972480,48569505,54416695,48726326,53450717,52547807,48861773,52822706,52462473,52255900,51474111,49686250,51540315,49306725,50693494,49157533,53360850,46732873,49473443,51469938,49497089,53007564,56308244,51819476,49387597,50371126,49975655,49100527,51555441,53630733,48115583,49135039,52789204,51520337,48122936,52297243,53216546,51552730,51682909,51414602,53355750,52201036,49916813,51551068,51576245,48879522,53698386,48984415,45986570,51856036,49878385,50867015,50570577,53558492,50912683,52245401,52840041,52880220,48066838,49196222,51074373,55319392,52534096,51947287,49313742,47415285,49673876,48758607,53076078,51673715,54224936,48192872,49802924,52089947,46465291,44475211,48244850,52286829,51943619,52076820,54078116,56568726,49770259,50278082,48561206,53477423,53457075,50614174,50116766,45272435,47207847
51730084,51934036,53019328,49762511,47531811,50530852,46983423,48554978,45304317,46091047,48620615,46320365,51655620,47062068,48053616,49626954,52733465,50767787,44813607,47221689,50676437,47168767,48173376,48210809,50194769,49568954,55279141,54166697,49481343,53413684,49140929,45488314,53530481,49449885,49176658,52195010,51091845,54730772,52288115,48062197,52835211,51301993,51081850,47361218,50328435,50398667,48856710,47933159,45524280,46817484,48372454,48722552,50413284,48582702,50125552,48549274,49247157,47026368,48297410,48910388,49582018,47186804,46869540,51166819,52756275,53138853,51399702,50795124,54971526,51263768,47860451,51019742,53803620,49771230,48837624,49874804,49803913,45797977,53058209,49080474,47004414,47508297,45627206,49641973,48241572,49765472,46373573,48263857,49258073,46117106,50110681,45835306,50666504,50152340,48804845,49353301,51705334,49621552,46393747,49068737,50055698,48938378,48587910,50559816,48860838,51461165,47293746,47926453,47575250,46106129,47691135,53278996,47559671,53059040,50193738,46177835,49443699,51665354,48580775,47903500,48063911,49939518,45760061,50546383,48888340,53205437,47100797,49523008,50565333,49264898,54479228,54588013,49240116,47970704,48314574,45432109,48261747,53052947,51251646,47203098,47733650,51436209,50388044,48259770,50982151,51740003,49270628,50468989,52359899,52520923,51273906,48337585,51387719,52000618,47812398,51591895,47853603,45446310,49120428,49408787,49823813,50457513,51107703,48165903,51429316,50614610,48199721,45324746,44938449,48882547,52533937,49543205,47440149,50968570,43409427,47188440,49359894,52275599,50450453,51648512,48019818,46458375,52524131,45052964,43930109,44757504,50189192,48610906,46208634,51757499,51234232,49234115,47947150,49073703,51142253,52902691,48118867,47868123,47788315,47623527
51161882,53520351,54438912,49669464,48627824,48816312,50517327,49804248,47105840,47058333,48671657,50183009,51765375,51080240,51277435,51776350,52215432,50162467,45784333,48815154,49417574,49125985,47556533,49591867,51926791,49661128,56766411,54523381,49635546,56009197,49595035,47207753,52484099,51991019,54528629,51948158,52572997,53223721,56372641,50479203,55327543,52409633,52526591,50280394,49175895,50784491,50778063,49273764,49605758,48855251,48199327,51014226,49723445,51046577,53211094,50441588,46819353,49415789,51942475,50818162,51665694,50685267,49687241,51920636,52938435,52745839,50154939,51729863,56277704,53199676,52510323,53682653,53445371,50702428,49545565,51757683,49934552,47642984,53136427,50707097,49060129,50244702,48909030,49206892,50068827,50829420,50277233,49809188,47767967,50477362,49831729,48384301,49572123,51424686,49090754,49476619,52048430,54432627,51011895,53734284,50666498,48846186,50285150,51208909,51484198,50857671,45770338,49425556,47812118,48207362,47514291,54369656,46745472,52753150,54208186,49424703,54381491,51493406,52118338,51368972,49088086,50089809,51249713,48320914,49621022,53474211,47068110,50545517,52940160,49545394,53936996,53611960,51343675,49924480,49668460,48819322,50118979,50676203,52864065,47110226,47917677,52141965,53255277,51261028,51016344,54089943,50765480,49942220,49318142,56434872,53845325,48748803,53719087,51639238,49581385,52448680,50419341,45176359,50100126,50399772,52022913,51717422,54578262,49970247,50464782,52606781,52188790,50933706,48592562,49627757,56063076,51274299,49506402,49822398,47290393,49271815,51311516,54168030,52092199,52692610,47047615,50291065,51796325,45489368,45076617,47135850,51841927,51029565,48262851,54711570,56022210,50023470,50348486,49893769,51996598,53833222,50374384,52087106,47569281,50908861
48670223,49254070,51612851,46974217,46599568,45830243,45190640,46081256,45895262,44090830,46697294,45953615,46710675,43820165,45538672,48800441,49346567,45910706,45793993,47126380,49513480,47676388,42676745,44923227,49596458,47082147,55751427,51802885,46629757,50888154,47391925,45268337,50814411,47730481,49151684,47756335,45973288,50486848,52293944,48076067,51516379,49460139,49004629,45715957,46775110,46399342,44999569,46835111,43612929,48618073,46352159,46550654,48552016,47860403,48075716,47806567,44352872,43446261,48601351,46798807,44922894,44153524,47006608,49604182,50032657,51279114,45696869,48342827,52465041,48829423,46904844,48817213,48182213,48588646,45228001,49696872,47757652,44882264,49743016,46713547,47669153,43923629,43793141,46730868,46752568,49730464,44985088,45982881,45856821,47837062,46021237,43786153,48298367,50834336,45559490,47823006,48623185,49358358,47129075,48511346,47343433,44569613,43154876,50101459,49826079,48172386,44960575,44149805,45099296,43504230,44875371,49071921,45116113,50952303,48938151,45546588,48896633,51861523,48051662,47938114,42869172,47890940,44940217,49041425,47004339,50502548,42278492,49865860,49005079,45809785,50222548,51411841,48205516,48859169,48213598,45897962,46068314,51166667,49286204,45936017,46836597,48655947,47739907,46262531,48897218,50910209,48236129,47476556,47412631,52229878,49850520,44543230,47014987,49200852,46567946,50040025,47738198,44562216,45216994,47026477,47159097,48210704,48744781,44504437,47148749,49076161,48422261,46263719,44731138,47487168,52316815,47818415,46310950,46801248,44543500,46186106,46003393,49807040,49881080,50493926,42609098,45933025,49265419,43513936,43274764,44780100,50030605,49963887,45066821,50804430,52480201,47621954,45903093,45091767,49780031,51005965,44106144,47926856,45156859,44426417
52194459,52033924,54178395,51521625,53702784,49238026,49303580,49884186,48295730,47936540,52006477,49269023,48140582,48699960,49770935,51692235,52034079,50579647,45575904,52096200,52571360,50084142,49186847,50799344,50892536,54060359,55172202,54530510,49714192,53266779,50485636,48700006,56377367,50575227,51123994,51943340,51892195,51628089,55522584,49003425,54623519,52228024,53523962,48213919,48716609,50022889,51799489,49939501,49048350,49621046,49437905,51578616,50010156,53107320,52152473,52169340,50496398,49085129,51480077,49206425,50938328,48716186,49396796,53483545,54484229,54685817,50266199,51769508,55484885,51134900,51994730,53466150,50260521,50516770,49168388,53793422,50547769,50440820,53791925,49314955,51237046,49350015,47030236,49678654,50583011,52597040,49656313,52040493,48144854,49195965,51160728,46598476,51923192,50306356,50911032,51508095,50934173,53756257,51221874,49425840,51297815,47532629,48909136,50689934,51081033,55312146,47501452,51678727,47634123,46882359,48922328,53773355,48439350,52881994,51076928,49457005,51971346,52176386,53419919,50489068,47997197,50826678,50404238,49620711,50161199,53763163,47953348,51638228,52232908,49897092,54194593,55490067,50844203,52073985,50854959,49714098,50953895,51952463,56394794,49904338,51352157,52537236,49965738,49548822,51116655,52393368,51496598,54116988,52026831,56697826,53215092,50371359,52851802,53896484,49748756,54610476,50829357,49437304,51582268,49564212,50668740,54302083,53525660,50523858,52004409,49235815,52043303,48104347,52002953,51237640,56650411,50474308,48404036,50053222,48618823,47468196,51123816,53395957,52471480,51812135,47200234,48715195,50530253,46938535,46957109,48571145,53429642,51677916,48155200,52692955,55135702,51524306,50361575,49436600,54142132,54569675,49991010,50341967,47611079,46755532
48235869,48899727,52426499,49474197,45932657,47598465,47724332,46290336,46547501,45113527,48922296,44433612,50587464,46525478,45396384,47628740,49949036,48158352,46024768,48533068,49795833,48442660,47357282,48163650,45132457,49396234,52180526,52923692,46509583,50009221,47181791,47253689,50896139,49472610,48114498,48962631,50313121,48162669,50910603,47492991,52049166,48366607,48822071,46368971,45731791,46857569,46772896,46974718,45060418,45464637,48114978,48182658,47900576,50655481,52699829,49124521,46125199,45569336,48481863,46788593,47798252,47666683,47309770,49662177,50058356,49451290,46669219,48297153,51466690,49880853,47681243,50755376,50326390,48065014,47324211,50091840,47927712,47111579,50784268,48443311,46331409,44560629,46618552,47331290,47014989,48533939,46602636,45972752,46975006,44491391,48519619,44412913,47960911,50265302,48404831,50764804,48353260,51561671,45927333,49826473,48664694,45842017,45526096,50725755,49404470,49163130,42956443,46823663,46284139,46066528,45530157,51979129,47121309,50077758,47856707,45064697,49865193,49107282,47790147,48325889,44940170,48341501,47581949,47676773,47640538,49756298,46574829,48142197,46765093,48447470,51236155,51094874,47719636,46322846,46566921,48301656,45932221,50235807,50878131,47233699,46149106,48974274,48457837,47944119,47012588,47735327,48805336,47764391,47149161,52380163,49729303,45066891,50077972,50652248,44960049,53055019,46526295,43260146,47809724,46797889,47663051,49934709,51409078,48353471,49133593,48259249,49482934,45707129,46195238,47084886,51848773,46133617,45357284,48787414,46158692,46930425,47061067,48005625,47548380,49242715,44766359,45864186,48904454,43227759,44817005,45668860,50542932,47447426,44598596,50398396,52079609,47074350,48768910,46430373,50401284,49909687,49110469,48733553,43882417,46806820
52084713,51922340,55951981,51607948,51791180,49609636,49242969,52229274,50385828,51538514,51022451,48382180,49912753,48491719,51177647,52646947,53243592,49966412,47706081,51350974,52192983,53267393,49536872,49524961,52785486,51554965,58851647,56506141,48566453,56287815,51780832,50886666,55104911,51379847,53176369,50562715,50158949,53396244,54312948,51410738,55141012,52478941,53787016,46664743,51922675,50449540,50275391,51857066,49852727,52586891,50419556,53038554,52954473,52714900,54636340,52849496,51507679,47989037,49795403,51467100,49712053,50327449,51639234,53678502,54777988,57014451,52928149,53738562,55780012,50048069,51651419,54080177,53709723,52677747,48851123,52765037,50303587,50244264,54161567,49510147,50870913,49246363,47344238,49375891,50117139,53039810,49318745,51112288,51303465,50741200,50137091,50636112,53474657,55272256,51772605,51916313,50527792,54559490,52474443,50449843,50809032,46582089,48433951,52842719,51787091,53631907,44636682,52162143,49652272,47030840,50899661,55452327,48901623,52210529,49643009,49065440,50889680,55379036,53658711,52157139,48431802,51130541,50104826,51538259,49189766,52282227,49619322,52291848,52732231,49493495,54629044,53413536,50170112,50653984,49433714,51975839,48307031,53845424,54642434,48569412,50116579,52525946,52106176,50923419,53993395,51326557,51521449,52015515,50238048,55388215,53176278,50652079,53310991,51822520,51573547,54853858,53167850,50211438,53037472,51241964,50133517,54699756,51997337,50699264,53127963,53542621,53302254,49735681,51118711,53668885,56217111,51116800,50718558,50798939,49147515,48123928,50089841,54342824,52401991,53133253,49633193,48799303,54108106,46680452,46247594,48865030,52761559,52362326,49219411,56427238,57191678,51220966,53383596,50572948,54519311,54230613,49841997,51915651,46544040,48709460
47426782,51647710,57070607,51405789,48466761,48947752,48186910,49666128,48198331,49387911,50477507,49248026,51248620,47453126,46668175,47853384,51363561,49154652,45261838,49481023,49030498,50081748,48244843,49436544,49824149,50345410,53404053,56147864,51616947,53562103,50464007,48449908,53050869,49944065,50941902,48877950,51302931,52176169,51540234,49433718,55496553,51764637,49481376,48792120,49139014,49822230,48799051,48647802,48727657,50064015,48499791,50487959,52501828,53291857,52898082,50130382,49451585,48081522,49413052,48815041,50503079,50290460,49466257,51111771,52619327,51983807,50499615,51206526,53811255,53102629,51671350,52399185,51684382,49140350,46873137,52608906,47419526,49467896,54347889,49971439,49749694,46549216,47221386,47976527,48656536,50536355,48978358,48987563,47498394,48586249,48860095,45892145,51896810,50930415,49470755,49938798,51017692,53722246,47877042,49726905,50422647,48276309,45750971,51884284,51654563,51249425,44452064,50495792,46353186,47163689,48795757,54094439,47159187,52003692,50662709,46871567,51973587,50794596,51504700,49696758,48312769,49352428,48214246,48008683,49494942,50725308,46800370,49363403,50786488,49349888,51561089,54361203,48834948,51461371,48878721,48963537,49328222,53743499,51643804,48247232,46648437,52568768,50971004,47813259,48406932,52420237,50578855,51460121,49336724,55928929,50640077,48211821,52386022,51859498,49435225,53545615,49226257,48090268,50420947,49694020,49275890,51338895,51204248,50607086,50054032,53231596,51431243,47663002,47878913,48968426,55410263,48773874,48077078,49890226,47119255,48554177,52087440,53294851,50364376,52296493,46919296,49561943,51283513,47036290,43916801,46037236,53181457,46642536,46102008,53165902,54089496,48075400,48511218,48968324,53870300,52194578,51364092,47884615,46236192,48013345
50043428,51393409,53387418,50562555,51392366,51231257,49361429,49009787,47976066,46784715,48080035,47807338,51321640,47996973,48795655,51536074,52269828,47844797,47322339,49664776,52076122,48995340,48626115,47773522,50151892,49427849,56363475,54780320,49539958,54124181,49407496,45589819,51892297,49901199,51781315,49791918,51583222,52005081,52937941,47298329,54955833,53119008,50528497,49312000,48531993,50603823,51078332,47401995,48456398,47099059,48562626,50758263,51130262,51202502,49561740,51310506,47588188,46040105,47648586,49543768,49941490,52133383,48662379,49608678,51403228,55999657,48930325,52702708,55142274,50924516,50707604,52799813,50686481,48987185,51605914,49545767,48058831,47800619,52430303,49657095,47086964,48770475,46831409,51562744,50053468,51718367,48434277,49705926,46760943,47495649,50092679,47648302,50644170,51744974,50774112,51434524,49947999,53752901,47293830,50960404,50038285,46703497,47093503,49132050,50636048,51905217,44148948,48789665,48386209,44487912,49718425,53121334,47723659,51792965,49853039,50516910,51524574,49652990,52929790,50329471,47988964,49787524,49820330,47769078,50409724,53286489,49054577,50724602,50125822,50785001,55193039,54424450,48529353,49507964,48637185,49823635,49293649,53351229,50174142,48613509,49446880,52427498,48772779,49577999,51343027,52088253,49347214,50235143,51251092,54601252,53483256,48400433,53209538,50972747,49253622,52169918,49728594,47222615,47672795,46843681,50284773,51645230,52892598,49187490,48349080,51925514,49232112,48416057,50557574,49664758,54011093,49080385,47489556,50526554,47056556,47867542,49244301,52655974,50068277,53511852,45987734,46462582,50198970,44580377,46868302,47624475,52799513,48650013,49239222,53636076,54330422,50666548,50133165,51378147,52471583,53189295,50049242,48740828,48030303,47782486
51828585,54044805,56071111,52311703,50990058,48762103,49080081,50520965,49116594,48326554,51777436,51485673,52036637,49468549,47258152,51899970,54623345,49692835,46493274,50260466,51987252,50380031,47818429,50651655,50936467,51837787,58250076,54616141,48002980,55602022,52433980,47538990,53643367,50314250,52609056,50961812,52599316,53018098,55040835,52036845,55616068,51393924,52744345,49513483,49623250,50925181,49518829,48599299,48376152,51133559,50504507,51111617,52059966,50021644,52581559,52108996,48337398,47713921,50330367,51849207,51248229,48908200,50567444,51295250,50583070,55259375,52315528,53040433,54640058,52078260,50900689,53948409,51982438,52699502,48271689,55319881,50189309,48635925,53165142,48569497,50968156,48930837,47804318,51614928,51116659,51255984,50842810,49872858,47251100,48155523,48665508,49952127,50105887,52487716,51600679,51965143,53042218,53711342,51479923,52616789,50687628,48247947,47706412,53412109,51578855,52866139,47156409,50857855,49126965,45886739,48763022,54780080,48342720,57241894,49125296,47819060,53375923,54538280,51911884,51013520,47930723,52084500,51371842,51507348,51366488,53135929,47950030,49399000,50632670,49587524,52599799,55690767,50000501,49836994,49764154,49392803,49927168,54094506,50939406,49832797,49151148,52189747,52879155,50644166,53407283,53373336,53167619,52646439,50178627,56745755,53974150,48624859,51992292,54186853,50944892,55025871,52094911,47332589,50930856,49856525,50343445,51827223,55189788,50910492,50740404,52996423,52008837,50418919,48939401,51544278,55697357,52585221,48884841,50362692,47084603,49360507,50534607,55238481,51398456,52002269,48283567,50908621,52544467,47367026,47875338,49198484,53298925,50152833,48052551,54819521,54011142,51631354,50802419,50425452,53533565,54580939,51096713,51008682,47115248,49189387
50137555,49771373,51387481,47599783,45622274,46294503,46284283,48831972,45853307,44733376,44882365,44982016,47546207,43740811,48313940,47267520,50615265,48681985,42362845,44735623,50636212,46179259,43942553,46749629,47716258,48919241,55169746,52495612,48256921,52543954,46156421,45123470,51088948,47671576,50668822,46188021,47266695,51836580,51319260,48331795,53176307,49388192,50405574,45443331,46531236,48253910,47751830,46371714,45475824,48186043,47193010,49633765,47653879,50983154,51351886,48484529,47732778,45665852,47669025,47729009,47107682,47146474,43934531,51502935,49969452,50752939,46802964,50124882,52418977,49096348,47310349,48705737,50528272,48150849,46836702,50622584,47291106,46550968,51329410,47058941,47647951,45895070,46521284,46535680,46617445,49605308,45926190,47069964,44114098,45812505,45913455,44891293,47088502,48536556,48746714,47979682,47265333,51693805,48621568,47585219,47144162,45447562,46340902,49283029,50246957,49930425,45306900,47555668,45873711,46929521,46688520,49512227,47137229,50482441,49435484,44431864,50116572,51324247,48306534,47862217,48904971,49865631,46530062,46913976,45926743,51475349,46834941,48910427,49105005,47958555,52155877,52120203,48107209,49257056,45286488,48516058,49401007,50366830,50493658,43116534,44718060,48615498,50796571,45895280,48921127,50640560,47739019,47656213,47971214,52659542,48931805,47325860,50431632,49338598,45215863,50138650,49472566,45885074,46579381,49085310,47669442,49806162,49209143,45557206,48072095,50530739,49424257,44984625,45056647,46055719,49250371,47030453,46661189,46394242,43855741,47580069,47936422,51168535,49013864,48680819,43317267,47486302,48755792,46369883,42289077,45299132,50046841,46596225,45354169,50761757,52048834,48658714,46973496,44994812,50189310,51658696,46489589,48880970,44231120,46351759
50295215,51204575,54137169,49163940,49066656,48658876,49176104,48746591,49688805,48325355,48795942,46098914,48685643,46406545,46375276,49645727,52185035,50697889,46455997,50183475,51560539,49793342,48485363,49760474,49708106,50147048,57134988,53932344,47885634,53620465,49767047,48623992,54120192,50616571,50996199,52005605,51538604,50092940,51715101,49081688,54914786,49545642,52184960,48845141,47306238,49674994,47536144,49007882,47409147,48560783,48490637,50252112,53766836,50863057,53170185,48415182,49212559,49409705,49945630,47901628,49198211,49807289,48959900,50427957,53716787,53337837,49808781,50446189,51950923,50357315,52725437,52086732,51429007,49848959,47467189,52647069,50094766,48519507,52205515,46655192,48980129,47530945,48960998,46997589,48485392,49146811,48447844,49054991,47955144,49503679,48849909,47007881,51853997,50330297,49508911,50885655,49819424,52073947,48726246,49238917,50274143,48179939,47237732,51905760,51715387,52962380,44166875,49976373,46752784,46766414,48201298,53350159,49571072,53055681,48206670,47223913,52223895,53667662,49210461,49689877,48240398,51049061,49708105,47838462,48316706,51606860,48474926,51285563,48080905,49368056,53171219,55434671,48669591,47550150,49308237,49456814,48911923,51844133,50799609,46738671,47271894,53059764,50367702,48216388,51420064,50822908,51240563,50663712,49448781,55620373,52553860,49489287,52469958,50720628,48959985,55337949,49663939,44801494,51127095,50035759,49793123,50375566,52109445,47514677,50234550,51039120,51139613,49110559,47187823,50402376,56204798,49355857,46386453,48591052,46515347,47072293,49962523,50717055,50674782,51091016,47025983,46251268,50000305,44967454,46572221,46157444,51785371,48352803,47261646,52886625,53823379,50530777,48591318,49111713,52505831,49912437,47655411,48634074,45371886,47305614
52111211,49842341,52787282,51010920,49244512,51186213,48607891,50664000,48772595,46813899,49660848,48939301,52295837,48133418,48723918,50958626,52959822,50347710,48667517,50240362,52109776,50380442,49159386,49441534,51589200,51692806,54374444,54372546,48465514,54422383,49163945,49123395,53061015,50377592,51873107,52212718,52797924,52614472,53384597,50045860,54649338,51514880,51026366,47977007,49651960,49496337,50335534,50499936,48734166,50409228,49859206,50876717,52717199,50711271,53608106,48524538,48694871,47417277,49327371,49408239,49389324,49137636,48889004,52613293,56333109,52447502,50080724,52132753,54262223,52167227,50661991,52995797,52851040,50238027,49200381,55011643,52951177,47868176,54168692,51615404,48360864,48963031,46546913,50088336,48110213,51247019,47459573,49123335,47549167,49699656,50727699,47710341,52496184,50293777,49090491,50190198,49432236,54732123,47613234,50314944,51853795,49136308,48137699,53414073,50039332,51451200,45454837,49677002,47071634,47537384,48440221,55390228,46906099,52005219,51235701,49754780,52777871,51199285,50753354,50226596,49862676,50515816,49424551,50151066,50483389,53513528,46691131,50806523,47945943,50187602,53804021,54250144,49799205,49658829,47789843,49677277,49776380,53870832,53312344,48978905,49014183,51242332,49355655,48851745,49895439,52488905,53249464,51507559,51039523,55260724,52102650,47186035,50992458,52012248,48367268,54794821,50818412,48941332,48594664,50306060,51367560,51517469,54389830,48463031,50523714,50603426,49611660,48843157,48859965,49514773,56950971,47251739,50190989,49485162,45003596,50279973,52994307,54467615,52915277,52065630,48861797,50124460,53042530,44797995,46290189,48634011,51810803,47905898,49241878,52666405,56014675,48301156,49297241,50396181,52536078,54087825,49499800,49172035,46514949,50693943
46602317,50124479,50371651,47371977,46781032,46296948,46425860,46961238,47298033,44412788,46352833,46172419,47435975,45776539,47059805,47075853,47697685,47668174,42525087,48806027,49019855,46369971,47270307,46807438,46454856,48573690,52895730,51978860,46662787,51086368,46501534,44786545,51996251,47811076,50047084,47719534,50853167,47669089,52646721,46452273,50957041,50745023,49167021,45044023,47474998,48777226,46607734,46691101,47304838,44857569,47546687,47082864,51380805,51325240,50636158,46373962,48080121,45820853,47044674,46728631,47580226,46859752,44889733,49663821,47804509,50451168,47266523,49657788,50540160,49067956,47881239,48431846,49276724,46505864,47079210,50328039,48659558,45705624,48868257,46998493,48913629,45541299,45403031,47337687,45827794,49700448,45062712,47665547,43515728,46278715,44830700,43587067,49139526,50502858,45777670,47300034,48485129,48711315,46181125,47858403,46920206,45869082,46610720,49087825,49262559,48952878,45501749,46221299,45466412,44679348,45851578,51004186,44521353,51569748,49141103,45652730,47049998,48076471,51761153,46511120,45896448,48388932,47710279,46727224,45859857,48049556,43235924,46981806,47593570,46724268,49698910,53000560,48538461,45388687,46367337,45654605,46826152,49324135,49641172,46464427,44439756,47841161,49701276,48239518,46638595,50240694,48680946,50307165,46935285,54785915,47844545,46060134,50957089,50865830,46510868,49758777,45296280,48968692,47295449,46469609,46153795,51453029,49103307,48225150,47068000,48197980,47252564,44530871,47573698,46992105,51782523,47559041,46799331,45884702,44967509,44871744,47415855,48837865,49556057,47878514,44753236,45859793,49287474,43730396,45384982,45891811,50476582,45823001,45014870,50447245,52894550,47145488,47204902,47119677,49689166,49299617,48304182,46390750,43418824,46153947
47048728,50624985,50401204,46290624,47631081,47431571,47338444,46749648,46337476,46074742,48037814,45930694,50167408,45458711,44740784,47426070,50164829,46086951,44937607,49048089,50180634,47738105,47101479,47330439,47166832,48585044,54186325,55089466,50256511,51631121,48116686,45557828,51723014,50917064,49227990,50346937,50332357,50681656,54044438,48798134,51342110,47345465,51365963,47351665,46860601,48052103,46053789,48921103,45813947,44919176,46372870,48352226,48951868,50539146,51282819,50553951,46102621,43901836,45967926,48382327,46273709,47684060,48682647,50666088,49375934,48050073,46686519,50036872,52048972,50008599,49255444,52504305,48765285,47666508,46412632,50113060,46533728,45824711,48573443,49054947,46407218,46397887,45713063,47642047,47059318,48541006,46961478,47597221,44374307,46849050,46195227,45522844,47975832,50036424,48251605,48692717,49549837,51788516,46819219,47030810,48391607,46808270,47730035,49099835,47199511,49842982,42613128,48271226,45765998,46236893,44770867,50315037,45656626,50311027,49041975,46785599,50419503,47013926,48921371,47621988,44257760,50130945,47609294,47500163,47199640,52420463,46412466,48316791,49726472,46967613,50093159,51599706,47670856,46722719,45532422,47405441,48862826,49189143,49630435,45945657,44503159,49065210,48066170,48400118,47949244,51093157,49177862,46678234,48785629,54588464,49400554,46586984,48816915,49874667,44937115,50171972,48269227,46028769,49332384,47784567,47325407,48814375,51114688,49302831,49866009,48221769,46500818,46499247,47666788,49975458,52662353,47399044,44727408,46771745,45340819,47066433,49693372,48728200,49970572,48268221,45887012,46008445,49922883,43404463,44386978,45160954,49200093,48345778,44682980,50680951,53184981,48140754,48291057,49943439,50013092,50431734,46438441,46066662,43522727,45039564
48981285,51265323,52044420,48914986,46907953,47631301,46499392,48592441,48183798,46969529,47060773,45540816,51027156,44498767,47998476,48969240,52245752,47370119,43549204,47701319,48769876,47297804,44419914,46498875,48178158,49265864,54288644,54248978,47401898,52851065,48377783,44995956,52509386,47943273,50113220,50428311,46780214,51269608,54022262,48902359,52313848,49721152,53549383,48388642,47934659,47550441,46001950,49205156,45939369,47447957,46988864,48501282,49912409,48453694,51036640,48401560,45358789,44489812,47242868,49705214,47381331,47592507,44940734,49215266,49866599,50711188,49150780,51545951,53276191,47521177,49192042,50215971,51357984,47730797,46269586,51629223,45128795,47972368,52173593,46868261,47145474,46146370,45950286,47622170,46978951,48708768,46552297,47544726,45285445,49332432,47009200,46671313,50452578,50529494,48081952,48599349,48592313,51605204,47799698,47248642,49323524,48507802,47431414,49612045,47861615,51821861,43778869,48967072,44069607,46454451,44704583,49662489,45536688,50270477,48527121,44642561,50609251,51225693,50074166,50181844,46422287,47433836,44770890,47686941,49274481,54698648,44406394,47558329,49233086,46952569,49285205,51438187,49620976,49517008,47472323,49948130,49144293,50187302,49553629,44509801,46196031,49695998,49341671,46783455,50256848,50697909,48756217,48905717,49734815,54189966,46849681,47373592,48647393,51166986,47572258,50432870,46771614,46069397,50463443,48423148,48638373,51637832,51298346,47306130,48409679,47426852,49644458,46484056,46705761,49405145,53099620,48670638,46489635,49403606,46320697,45715663,51418144,50218124,51200501,48215081,44467349,47089155,48703145,44997385,43127822,45105241,52167060,47728430,46737905,50994367,53690155,50355581,49691407,47480779,52279393,50595099,47236409,49403439,44546454,44863493
50692699,47258750,52646176,50147210,46250129,46972508,47535832,47924948,42934241,45818677,46038214,45092191,52676609,42923556,46858468,47855839,49869264,46063949,45091000,46993680,49025469,49054524,44509156,47702551,49104580,50828778,54128484,53501305,48142631,50428451,47572725,44723193,52010396,47865114,48830262,48227408,48199621,50846915,49877164,46664288,51532906,49939762,49306008,46524742,48651490,47368205,45564949,45991000,42057953,46469281,48706438,45796755,47726179,47386393,51333880,49395855,47296435,46166250,46126909,47468022,47048575,44814293,46574401,48785830,50987329,50634177,45702623,49504928,51807040,48218305,47158437,51389330,49599877,47587863,46730763,49563364,48954789,45154912,50915367,47434001,47039157,45760016,44698602,47297947,45165346,48957130,47442868,46936152,44775097,45246778,46448897,44878224,46460010,47755681,47106950,48498683,50375978,50027269,45123195,47448438,47450085,44647510,47736443,47957061,48596224,50169922,45344698,47021379,43801861,46975232,46100426,51261854,45110622,50886219,51350221,45397966,49411840,50010134,48946241,50105931,46051492,47343101,44832047,48231861,47563795,50481341,46735811,47385574,45728264,47718347,50030219,52325021,49380081,48009204,48076321,44530139,46397461,50106252,50875092,48694798,47767242,49534310,50747736,46945258,47469719,51995774,49042273,47590797,47950866,51599449,50058795,46481962,49334254,47817544,46163660,49957472,46402884,45433648,48991453,48749361,48797631,50375282,49799321,47189707,48361766,49269683,50779617,46461919,47109541,48599127,49917670,49124907,46338523,48451693,45947835,45561721,48098751,51982604,48069083,49789625,42931559,47428134,48696071,42597943,45972048,44094265,48935016,48283439,45273924,50203409,51663969,47739815,48145035,47545297,49282440,51012246,47852914,48557119,44283843,48288373
48473496,51828721,52444012,50282702,47599978,48052534,47986755,50187532,46850137,46444075,46725347,46818230,49617122,47510019,51255561,50861184,52367975,49287587,45093539,48713291,50445005,50998312,48832466,46654985,51052104,49574024,55595946,53094817,47118244,52508198,49823509,45219000,51363299,50369086,51142927,49403518,48810570,53694917,53927990,48932278,54263969,51853497,52535351,46282701,49498194,48284042,48242502,47287157,47540275,47069503,48564229,51069964,51443264,50844356,53054871,48982536,47612554,46144943,47772898,49659099,49539056,48190350,46616813,51324274,51243812,54279443,48378988,52271417,53093548,49273415,51722616,52482340,51398568,50087223,47699874,52741073,47770442,45273966,50163913,48880970,48669240,48120501,47606718,47763317,49113410,50779888,48341980,46451561,47908368,51005714,49385613,48205039,51051432,51185933,48944495,50347290,50686073,52248224,49199680,49664287,49846664,48482156,49647036,50294452,47500765,51166910,43889296,49153217,47722811,45524900,47807001,52409330,45232755,51449871,49921204,45401137,48308104,51924775,51571137,50393764,46917263,49309199,48277849,50193448,48545558,51754231,46973617,50745268,49456230,50404952,51079753,53768906,48623381,47334993,47655009,47113061,49132191,51957867,50928210,46411155,47931960,51211660,51047935,49000931,50404175,51065394,49265072,51664211,50468570,54196351,51597566,48648668,51872777,49475495,47336483,51878863,48295069,47270443,50971610,48854387,51206143,51965494,49812003,49172067,50888620,50501418,50709944,47483225,48756842,50584299,53161494,48345987,47596836,49178922,47264117,45880959,46263495,50582467,51146219,49929502,48184077,47400748,49711270,46101385,44560932,46378184,51867657,50012173,46155051,51989630,53709708,49031792,49201706,49420399,51365971,50621725,49166908,50539211,45220458,49191477
54968545,53952867,57245231,54188264,51280319,54317452,52658118,52502163,50368595,53339540,50947164,50614304,53587068,52363131,50663000,53512382,54544638,53479012,47976580,53320737,54971981,52802672,50100203,51703857,53500175,55772000,60970898,57469419,53314465,58820227,50247260,51046446,56750468,54890206,57090009,54318481,53290446,54974983,57086142,54078241,57921919,55642867,55679550,50264995,51699784,52562578,51710376,52318420,52023426,52433500,54098898,53757791,54789453,52377072,55784445,54384593,52902236,51177751,51452237,53347286,53005397,51558930,51765467,54042073,56604022,57278276,56094717,56556719,56820662,53994612,56159255,53021575,54184820,57372271,51564484,56969648,53719743,51139732,56195978,52228296,53704659,51726069,51788175,52923602,49619077,55785303,51980605,52074504,49992899,52096986,52988670,50990566,52625414,56469016,53184592,53535081,53850739,56729660,54089606,52314473,52610633,49347514,53049027,55051142,53306404,53830309,47822142,52595055,49907430,48889908,54072980,56276056,51959806,57317153,57091608,52258607,57434086,54823584,56260345,50968629,52737061,54501213,52139763,52155400,55665031,56629602,49899030,52708811,52934001,53591247,54932323,57790233,56797568,52669885,53530216,53850733,52976777,52696662,53709084,50746723,49470044,54048643,55392674,52641879,56662614,57308339,54328659,52721647,53666318,59990015,53312424,50569329,57141290,55491913,50937910,56135392,51188430,48337456,55334551,53223081,54898179,56307791,57086950,51878626,53573028,54291488,57024935,52824947,53689174,52811101,55720127,54039625,50488831,52280769,50237281,49727532,53354058,57727693,53925021,56077447,50142568,52003455,54678222,48430008,50162850,52261780,55492912,51516379,51604730,58250814,58330470,52375954,54004476,51185433,56827984,55925232,54473011,52691046,50987055,52432566
51166886,50062151,53023611,49213986,47356553,48681755,48397821,48372128,46644246,46730608,51003205,50622865,49905187,49193605,47572303,50423083,51540804,50024743,44595295,48588643,50797875,47196870,45029475,48652708,48612728,50021066,54290724,53334268,48026526,53243906,48454684,45569530,50392876,50451861,51263923,50053431,50255956,50586210,52725175,47231072,54162546,52764551,50626745,47000257,48442968,47589787,49919284,50027144,48452447,49649407,48922670,49858950,50200363,52237319,50729505,48545441,46866065,47195731,49342813,46119327,48780097,49437476,49591810,51113111,51420361,54398314,50079788,52602268,53788154,52598594,49738020,52899906,50287431,49533191,49138317,51175943,51864083,46887059,51983166,49364500,46819404,48259449,46755913,48090877,47331446,51639660,47521609,50695018,48677848,48466547,51822810,46889771,49798551,52167916,49141174,49750383,50115423,52359489,46960791,50551775,48934336,47550014,47099139,49507277,50596093,50306123,45367481,48951213,46713867,45966104,47457848,53412268,47535816,53632441,51007738,49553065,52323204,49662196,50495531,50601229,47051192,49171500,47262416,49727980,49439087,52104589,46006956,51306524,50607398,47563390,52815204,53166098,51156816,48058662,47253796,50299248,48932906,51332866,50247242,49173675,48831771,51144106,49537970,49119378,49179131,52159180,51217239,50884581,50882065,54255188,51255045,46231349,51116672,52061108,46804316,51976051,48378059,45257839,50619010,49476159,48027517,51229882,52130806,47335348,50695867,48639375,52525699,48169062,48558178,46259388,51882808,50930669,47107984,50338860,45829959,48049033,48458215,50546294,49955009,50814498,46990755,47081913,51614397,45740060,44902869,46674906,50960361,49649437,47622911,52455374,54037428,49005836,50356686,50441671,51403432,53468071,50402418,47318442,48613899,49360672
49910180,53142567,53856285,52428590,49628172,51000691,49504136,48246483,47025352,49230181,51099795,46357041,49352106,47539496,49847202,48686170,54787527,49526457,44925364,50521667,49596066,50292480,49390288,50222223,49945167,50453008,54845370,55626055,48522723,53116994,46579965,48639250,55532607,51433604,51645780,53771086,52700987,53593995,54895679,48149090,54038917,53554911,53550132,48547849,49949758,48657496,50782949,50952408,46302612,47881455,49835006,50357984,50819266,51275302,53452040,50271232,48327067,48427831,51789387,49216078,48700179,50889693,49592028,51689310,52113639,54992913,51979187,52668581,54736310,49542959,50919622,51382106,52552458,50766923,48297357,53691571,48738078,46467108,52875721,48665923,49465758,46843875,46699551,50224187,50297987,50466518,46655498,48925758,47798233,51436042,51866780,48368557,52773987,55013988,52065564,52963354,49078357,53135418,50492259,50712519,51597387,50376299,49147787,51450277,49078383,51292685,44472378,49555302,48089077,46868761,48684950,53816430,49550979,51588378,52236228,48852080,52331212,50520437,51862671,50619208,48351316,51499890,51335943,48627904,48876999,53495317,49294900,52489694,51176210,50437532,51818101,53862683,50632018,49887634,50553126,50835281,51201549,51190284,53617072,48485519,48934983,51636465,51933233,50158006,51292738,53534691,47818876,50382269,51829878,54681882,53428591,49358034,52617348,51357246,49491172,55130970,52294939,45346127,51820461,50659420,50062794,52876620,53857730,49264492,51992406,50986682,52414068,48659203,51252688,53914566,55693352,49233903,49371623,51329690,48508753,47896540,50693632,52235166,50540665,51765189,47611817,50269437,52554934,47610343,46828860,47464862,54778447,50286214,49833932,52670716,54822673,49692130,49540902,49926170,52037865,52136896,48670533,48707557,47249389,47647466
54745810,56359877,59934580,56030746,54279757,54199570,53119568,54393797,53413152,52301210,53971711,53933863,55446600,52064458,53935934,55264389,59664364,53377606,49493867,54293677,54912718,54148039,52973390,53400677,54328283,54151887,60684196,60088357,55633215,58249951,53176167,51553272,56402217,56276613,55120376,55411541,56657156,57977911,59798853,55384107,58056943,57824566,56718675,52290664,53553820,54634837,54884112,53593960,52320437,54113170,52761064,54932078,55444511,55659603,57415744,53676867,53092918,51363110,54792299,54806172,52562713,56156736,54301174,57924541,56711544,56884212,55087069,57564093,59700657,55230303,55238833,57867538,56111347,52605409,53695151,56965763,51927745,53411059,56468330,54448781,53356762,51800217,53494027,55612285,52979198,58825559,52454838,53441726,51655008,54749297,53950818,51556950,55306085,57422569,54273997,56370691,52939736,56547568,54229828,55562400,55471250,54901238,51982583,56359830,54906487,56374579,48863160,52737969,51232909,51316444,52829674,57575824,52295342,56684966,56044106,50737078,57059926,56429406,54170802,56171555,53867708,54387952,54132145,54535430,54196406,58078141,49660554,56221601,53416654,53215343,58768684,59223188,54057241,54419748,54154622,55605093,55179211,56062821,57235675,51354268,52859579,57750647,54796501,55219202,55278399,55397447,57040790,58216697,56913335,59987494,56249825,54680534,56102741,56436739,53662724,59441244,54449474,52232670,53576205,53833651,54876323,54984085,58332498,55764056,54457283,55961455,56463781,52313925,54554664,53423209,59623508,54546417,51462903,54751529,50644866,53058371,55394200,58262831,57405428,54899453,51679414,54929945,53912189,51767097,48385079,53064958,56919771,52233336,54027523,57785428,58942636,55634978,54326268,52873990,57071952,56263151,55144857,54926558,50719300,51324191
52915732,54552029,57119554,55766693,53763435,51810779,49614056,53348814,51303819,49688535,51240423,51722429,53180970,49257484,53195097,53667393,57199046,51053440,49890458,53957104,56061615,53905704,52549953,53545847,52024519,54113647,58411962,59072071,51975473,54809018,51161947,50161020,57366178,52743968,55277100,54184557,52702310,54741030,57706267,52116492,57551917,56223599,54812109,51966638,53754717,54081972,51489201,52240147,50275581,52670912,53431443,56032216,54230047,55923672,58171914,52762323,50455089,51360998,53853743,52740416,52799887,52345205,51812559,56083084,56535115,58575155,50610473,55862111,57518403,55535858,51922880,55712548,56290430,51848201,50257130,55515706,53417721,50800150,57005310,52037596,52739763,51153125,47843659,52207645,52910264,54749318,50587087,53786681,50484037,54736865,53550893,48253180,53789584,55419855,52406954,54886040,52884675,57267416,49595642,53387375,52731326,51107077,49890948,53417310,53646744,56850624,48805792,54504888,49474061,50750780,50590379,56109817,53499649,53311662,54569858,51702059,53521879,54555905,54159744,55183273,50876588,52184225,50683265,50723293,51927613,54989132,49083114,53547389,54356279,53679515,58048625,57721998,52728107,51094424,51042377,53833949,52664619,55738366,53820951,48852748,51256600,56230099,53775852,51988679,52862866,54908269,53748758,52856266,53277289,57765198,55175270,52707558,55704232,54584728,50618129,56720671,53218990,50122948,55385354,52965217,52475306,55985112,54307230,51397095,54816368,53031167,51946505,50845247,51261510,52748452,56953050,52465864,52218252,51586360,49441838,50674362,51411193,54075124,53980107,54068926,49753149,49720848,52280994,49987952,49011308,49560547,54002443,53212297,52315330,55675607,58901250,54206281,52850626,54110268,55148841,55705594,52421568,52337189,47877897,51178838
51320308,52348447,55117289,49654757,49601736,49900214,48038173,50550141,48892065,45858581,50167377,48634972,51503806,48597674,49823940,51004683,53191310,48917653,44760572,50583744,51217836,49197628,47882550,50628064,49414682,50381664,55797352,55100487,48178740,56335353,51945144,46302711,54481466,50259531,51549039,50560755,50253901,52552040,53566114,50448766,53543056,51157282,51469091,49184967,49530069,49705092,50249780,50858307,46128434,49193487,48262509,51552739,50369365,52241621,51959822,53297996,49152789,47493832,49420227,53792379,50690747,48525794,50544299,51283843,53079555,53954319,51556439,50373450,55398137,51653340,49991666,54332149,52082897,50678924,50085988,52162343,49018321,47564788,52030471,50929396,51227416,48946633,48585133,50453635,49452477,49407840,47723948,49771947,47501829,49297348,48768804,46089221,50246430,52415477,49864872,49514803,51025523,54073591,48831047,50877922,51512955,49420265,46402307,51461225,50121906,50796857,45927356,51907654,48038685,46497745,49448712,54197521,48890814,53226978,50698150,49619335,51876106,53449578,53954030,49667692,48046081,50656668,46153548,49333046,49626936,53937626,48118882,51023645,51059180,50493225,53599383,54628778,48873348,49811591,49524807,51229041,50229368,51890938,51879037,48441140,48165214,52166452,51459526,49010726,49918992,53479625,49752084,52409022,51530286,54686636,50996292,50100800,52379599,53467671,47649945,51535669,49410760,48366039,52887386,50219301,49745806,52373571,51489599,48829951,50376990,50901233,51144250,48538767,46550912,51869362,54782136,51202789,49138800,50119421,47492076,46909232,48295614,53036313,52354497,51238332,48934887,48561802,49555135,44686651,41832600,45477510,54353038,52014430,48747106,52667589,54190099,52044127,50140135,48172804,52258555,52469992,50073232,52346429,47547481,49118679
51766388,52328715,55632121,54886380,51106109,52044953,50074294,51636427,50723367,50286160,51781198,49361901,52715970,48618034,50143218,51193743,55184220,49320096,47002891,50672432,52615813,52765153,49444681,48562419,50481389,50826747,58992540,58124472,52993604,54594969,51065165,49508669,55110568,52155155,53144487,53830487,53409122,54200071,54615207,50626819,55538189,54418530,56110542,51871611,51670780,50108107,50417017,51075061,49947864,51621656,49966363,54240890,53491609,53831732,54021436,52379848,49319817,47910828,53202271,51484515,50338426,52190083,51396103,54939514,55127304,55372304,53751470,54962050,57968552,53809200,53590816,57697798,55367935,52315412,49487391,53539272,51246618,47785998,55352225,50457720,50829578,50312243,48758268,51407267,50876173,53791755,48863336,51128519,49061960,50814055,50837156,47863914,54270973,52266764,50725930,54456601,52001778,51997968,52588072,51964676,50684907,49726668,51091058,52460702,50970795,55246109,48736732,50729458,47974604,49827625,49480281,54398105,50933527,55442329,54949709,50028934,55535546,53032552,53386139,51624867,51363050,51052684,51618681,52062824,50415361,57713110,49889320,52160001,54332026,50513295,55600295,58915240,54352747,51945364,52370340,51335392,51525769,54551672,53992939,50828664,50223080,53803789,53595989,50453204,53628698,55457815,53905537,52264203,51891544,56776127,53578331,50486644,54817666,53382730,51369995,57433179,52168176,47912941,53417838,52175733,52335838,55673414,53617628,54756771,54755948,52643022,52940765,49754811,52062209,51878586,57890049,53726377,50286305,51314820,50656015,48904277,53404965,54679757,54000161,53639148,48944349,50160822,54578952,45664019,47084573,49826665,55153229,50997795,51080356,56759163,54298044,53642535,51252381,51990023,56466664,55783001,51522916,51272883,47687125,49758646
49220699,52410370,54273432,48222264,49046384,48677953,49341866,49021764,49195207,47288206,46510875,47251109,49724844,50068170,48069957,51674973,50820248,51380763,46468376,49841180,50765533,48827133,47138745,48526987,49457771,50941270,53562371,52874684,48032186,53716572,49036430,47047197,52030143,49154353,51819419,49773577,51675606,53555941,52802903,50157673,51492915,50640870,52422672,46954324,47087213,48375273,50867832,49605412,48401758,47678448,47549110,50572482,50774460,49192831,52856319,49393256,48703730,48915811,49643263,48132617,47717976,47048295,49736789,51606000,53301572,54208138,50011821,51713775,53636207,50502169,49580595,49930030,52881370,49669744,48115862,51884165,51328980,47511847,50114227,47962980,48845014,46129076,46983966,51558065,48907270,50938938,48211679,51002271,47906408,49030645,48454516,47243243,51396547,51387557,51290285,50429793,52749967,54721824,49912128,48467739,51715519,47047745,46976568,50282151,51477766,52136975,47052733,48752468,47005986,45052373,48733198,53856645,47827267,48506778,50972447,46121942,50270320,52912248,48738095,50224646,48629868,48154485,49290314,51338413,48280829,52328457,48210173,52100002,48988420,48359472,51992883,55063797,46869192,48939255,49402673,49626318,49236483,52342071,50407990,47219939,45468554,52960149,49825291,48252550,52335532,51040517,50896808,51763067,51803063,56074350,50385097,47332707,50340985,51386859,49347376,52296455,50246989,44494156,47361784,50637756,49128521,50665933,53617747,47650524,50007220,51820786,49628880,49179308,46884353,50134290,53012913,49413874,47920586,47973753,46499536,47995103,47571279,51694792,50956203,51651572,47887607,48769402,51870334,46692305,44417721,48223926,50955507,51653514,47126371,52141373,52220342,51561554,48437058,49759614,50522047,51752480,47251478,49691413,48348414,47102193
51037081,52971927,54896432,49460891,47630895,51217458,49882598,50765860,47300687,47812894,48923515,46812118,51990302,46855388,50294971,51316479,51981007,51085177,43218454,50109579,51759089,47961111,47085553,47527223,49528313,51442361,57272628,55284580,47356460,54985033,50854718,46772108,53199942,52471324,53691729,48444513,49892049,54465789,54526688,48394617,52980119,51426923,51461972,47059219,50688226,47076362,49625557,48613152,46835504,48110109,49375851,49974887,50780522,51329678,53241410,51004054,50827783,48377672,50249115,50334175,51853723,48603397,47708714,52141272,51688426,53234413,49187633,49997861,53094422,52569162,52737680,52041331,52255009,48131424,49614022,51790216,50161120,48264407,54006785,51801257,51130601,47760622,47645702,52676222,46440231,51871254,48700250,48701324,47365610,48862383,47890540,46677189,50297652,51112634,49364607,50335147,51402137,52184525,49686569,49283967,49758640,48893528,49799899,50431262,50821221,53335590,47195605,50408074,46945110,46618144,47568457,55463893,44677926,54135990,49524850,46337891,50948952,53315770,52229478,49763562,48000884,49355710,47643662,46895686,50702345,54604628,46684665,51268434,49810115,49015596,54225615,53350789,51303072,49554601,49331522,49940068,50556497,50905662,52743205,47567331,47897757,51757313,50613027,47645489,51222341,51320781,50038457,52117979,52167335,56716531,53159522,48400054,53336286,52682524,47333041,52173609,49337347,47742366,50249931,50324442,53062181,52805772,53188078,49265176,51366416,49013693,50899390,48775377,47005276,49630629,54435175,51456017,47920744,48872763,49478639,48387296,49259865,52651532,50389678,51974791,46018305,48654973,49147626,43850812,45172157,45507718,52560402,51602800,47779364,53695139,54177040,51028932,51145297,50174023,52774613,51428494,51701148,50204912,46601523,48196265
48479622,54368767,55962160,52640895,50426478,52419867,49661119,52197481,49797096,49211466,52328994,51163530,53820441,50212832,52345966,52901761,53978117,50641984,47920708,51843523,54563404,51476723,49104898,53794163,52545627,54290467,57489872,56600236,52676808,55420464,52694668,49769784,55168247,51375299,54582400,52985550,51488287,53259362,58201623,52850509,56756282,51844244,54723446,51529679,50933051,51796850,52690734,50672980,50746900,50763244,51760261,53543257,51820314,52093848,54582610,52353161,51309325,49740324,49574315,54823710,50986061,52871465,50684169,52471082,54539343,54700173,53818487,55314052,53613316,53869969,53383395,54428746,53389121,52676731,51310413,54067975,52737268,50425793,55646591,50419001,52037567,51708523,49193176,52848278,51374237,53146437,49121086,52694059,49625876,50977570,49078619,50864242,54803065,53463275,51776719,53236362,55121613,53258626,51132551,53973896,53192657,49650993,51322149,52181172,50847142,54234466,47731173,48743213,50154421,48983629,49743011,55712256,50647140,55164297,51566612,51063402,53258558,54570101,54149350,53910505,49481681,51669109,49886935,52638388,50913590,57097671,47659202,51953335,49465839,51075379,53786413,56975094,54219388,51534147,51445934,52107252,51304389,54364565,52804870,50317283,50660704,52673552,52263993,52303764,51495270,54553149,52631710,53028209,54983940,55280790,51844890,50034429,54231762,54117008,48065065,52086431,50339772,49398818,52760150,52734888,52311770,54568320,53309326,50883992,53611271,51512238,52213618,49409032,51478958,51992231,56164826,52265659,50353052,53168330,49112994,48383396,51511149,52024722,53562752,53723762,50904626,51835932,53568897,47583270,47907920,48307008,52922651,52407562,50089742,54154798,56598315,53053090,50287799,51847542,55809739,55315907,51619249,52238115,48797276,51231725
48508581,49225996,51927970,48589843,45388345,47119501,48127919,45937696,45181554,45376615,47896327,48751745,47646171,44366873,46474465,49461452,49032565,48728350,45359043,48858800,47317301,46636039,44511302,44943138,45991449,49807435,53188526,52544305,45031050,53008187,49666620,44760544,51583969,49817861,50496449,49258610,47003770,48588486,54614769,45647357,50566997,49128022,47905925,45376289,47003483,45645987,45493027,45091915,43602718,45698757,46719672,50022451,47168308,50182651,52323142,49536166,45963562,46008284,49301501,47209970,47671033,45825341,46619432,49086004,49830095,50649400,47008655,51003925,51987853,48332261,50818842,50158391,49473556,48809479,44624393,48459272,48050182,45742593,49077786,47942374,48169345,45813644,45998204,47442279,47126649,48709731,45808528,47382860,46360287,48278957,46862724,44560372,48773461,48648957,47594752,50650219,49444153,51606642,47575330,50104075,48761258,47204913,47710615,49696472,49147661,49913165,45254622,46267904,45822252,46475213,44849857,49338516,44037344,49928208,48303512,45006226,49596823,49898827,47878902,49010340,46619976,49205022,45832412,47907854,48065500,50410222,43584655,50089829,46420562,46965886,50895890,50926356,46946674,47417080,46983519,46915247,48395124,51994799,50159722,46463355,46002286,48832365,48266758,47897445,49416198,48958948,47464764,49513254,49984566,51026392,50264195,45474051,49036657,46805480,42955865,50397363,48024654,46858536,45998495,45925477,46057716,47950029,49256730,45587234,49618122,49258316,50398986,45998022,46205494,47431176,52852652,50064378,47091128,46941472,45390205,46254883,47978116,47662166,47337020,50047741,45109617,47959418,48563137,43836246,41106929,42881728,49950987,49888506,44834383,49483470,52392558,48255518,46199711,47911027,49664668,50752459,44876714,46390137,44444072,44559821
47740097,49954896,52839670,49861938,51209320,50451530,49053062,50015548,47436649,49880662,47778129,47353471,50798925,46700226,48257302,50406761,52336603,47375588,44977847,50120463,47612892,48821250,48448205,52328969,50364404,50141666,54676684,56862592,47263112,53703988,48078421,47681836,54680503,51010798,50227404,53891289,49089520,50359540,54234936,47983752,52635373,50458018,52513307,49906204,48821244,49238736,46355668,48188020,46473753,48595193,47857867,51083054,49451587,49688324,54571780,49318282,46986768,46230799,49159486,50749140,49679142,47714940,48054367,51609582,53722361,53170726,49516045,51666463,53343655,50095755,49895874,53622127,49825497,48363845,47624686,50345471,48829964,47734860,51910772,50902246,50139201,48057841,47245842,47076520,47213515,51813233,47432438,48804693,47210405,49963002,47687808,49270694,47108318,51708360,49410027,51355712,49716850,52657593,46165679,51156644,51054306,46823122,47476790,50751282,50865166,52747963,45739053,50244265,48789479,45038541,47321226,53637876,46754769,51576301,49840004,46770630,51736743,53391209,50420678,50366379,46751912,49547216,47682151,49459273,49158472,53226033,46730807,48834948,51574534,49193449,51044662,53720980,49622272,47452509,50553822,48655092,48973719,52258577,54197734,47649133,48578886,52088246,51159063,48841680,48853038,50306817,48297651,47822886,51180960,52404627,50798411,48944135,51658560,51454324,48130404,53698573,50929069,47339425,49945874,47924331,50696687,51559612,51917419,48552110,51637807,52448659,51810883,46700530,50288931,50747294,56558656,51079548,49917913,49775806,48587518,47734161,49991765,50224192,49813404,51040313,46789150,48666820,48885716,45578968,46278527,46591458,53989366,50160573,49415206,52248559,52654080,49500774,46939536,50607199,53540383,50870653,49136592,50258749,46780861,46659553
48808680,48151330,52380402,46989589,48157826,47927195,47040018,49843959,46852896,46437500,50741923,45701040,48452944,46929032,49233890,46870262,50453075,48018877,46901175,50137261,50049939,47615261,47211805,49497933,49157732,50927016,53084702,55718541,46189431,51875044,46131229,47861259,53737335,50403885,48836114,50592959,47606061,51588071,52004376,48604670,53777178,48557115,52068906,44668916,47988812,48563932,48714327,48452987,46034218,46494604,47405751,50125400,51214909,47432410,49929512,48723264,46459033,46700873,50492684,45690304,46839402,47749054,47680547,50413739,50412463,52294249,50295888,51233797,51284036,49992924,49386851,51892589,48986512,48154768,45170802,51732091,47511189,46124011,48997457,46943762,47831363,46148776,46691256,49212230,47914608,50584918,46676793,47382357,47786494,48238429,45479909,46202803,49278689,49428823,49283008,50632481,48288909,50443648,46239087,49266012,47189220,45726880,46410398,49491749,49065956,50505617,45297296,48245904,43588557,46296153,47470822,49849423,46855058,51253337,49212519,46668992,49797718,51047891,49654560,49712769,47712421,50406519,46384871,48193105,49369555,49821009,45389226,50671947,48455110,48137872,49017766,52345974,49223584,48740207,48311462,46430437,49880459,50668486,51471536,49688332,47378854,48716795,48616997,47499087,49893245,51970140,49948280,49837221,48768388,51863493,50723139,46338003,51453723,48936605,48156690,51247271,49109340,46581567,50658998,48950487,48689854,49727053,49737941,47292857,51979966,48321500,52682970,45935865,48713077,48394699,54990478,48439574,47771025,47131587,45049772,46016112,51440928,50648048,49438066,49668694,44646987,48528410,50731537,46399912,44602927,46491185,49280119,49307240,46335110,49504616,54476056,47089277,47101750,49053665,51579354,53898276,46080871,46735253,46096095,47177885
51615768,51006589,53684503,47226575,47704662,49566391,49419317,49086136,46692393,47490364,50075512,47509829,51048595,48460021,49523486,49748467,51932994,48220903,45507367,49386853,50477999,49795241,47296392,49146575,50386216,50551168,55641773,53024561,50142435,53456103,52190676,47215241,52982442,52399431,51468946,48892656,50062507,51789728,52882631,49699952,54785040,51055527,52774448,48467998,49764805,50151608,47505505,49993933,45350627,47833720,49297640,51457222,50144439,53446460,53921919,50738247,47074768,46368052,48922011,51088732,49289455,49608041,45822533,53490273,51948637,51784055,50486166,51559469,54454451,50605448,50300939,51981144,53623777,50224684,47556149,50849715,50792870,48033187,51917577,48937225,48199191,47512060,48600871,50889398,48713568,51235819,47788340,48707622,48000334,47722127,49457503,45304550,50719488,50862201,48657939,51247202,48885135,52218219,49602807,49693897,49540703,47825090,49364825,51138010,52390415,50656103,45464547,48570889,46537636,44799130,47938750,53950673,47128540,52760331,51000222,47569844,53252490,51899870,49521173,50787630,47707601,50236736,49777318,50386406,50545034,50791091,46004343,52016097,49649536,47324637,53005412,53649418,49745337,50931265,51037616,48592432,49858225,52790771,49090489,48244787,48679634,51401527,51484388,49533580,51045448,51445430,49235197,51507542,50621844,55061152,51022075,49256768,51752927,50784296,48007941,52624230,47375990,46893945,49442212,48750428,50332206,50898566,51822366,49708804,50169737,52254612,51782055,48523822,48574868,49305359,55526147,49672801,48331363,49471517,47065219,48032385,49733831,52223727,50202976,51255054,46571002,48435323,48936188,44931877,46437669,47589869,50441059,50716824,46882001,54257743,53950755,52001831,49485678,50740110,54336394,52039403,50290973,49364422,45454184,49333799
48644550,50564570,54413603,48123975,47331074,47965436,50531617,47155086,47353007,46816192,49763188,49249599,50739539,48098936,48973642,48827190,52421834,49458244,44844811,50252808,50513414,48602418,47963512,49398564,49891827,49429074,57273208,53864418,48498046,52827514,47003453,48762239,53211918,49999769,50471660,48685073,49867696,51141748,52163569,48093187,52558508,50749051,51170857,46987885,48559353,50026169,48926319,47526232,47766187,46373500,47301958,49571954,48643485,50958822,52602529,48667376,48983673,47514698,48379264,49649264,48466297,49235448,47950683,50434843,52169402,51833039,49617210,50672173,51648293,50784812,51064439,52220169,52369322,47607964,48203833,49717448,50037774,48325924,49376983,48585101,47677865,46934401,48645501,46240632,46428208,50523149,48546866,47727865,46285625,49460470,48557971,45940101,49086273,52516878,48875670,50074075,49586028,52551777,47395298,48178945,48722409,46974324,49174946,50967101,48295752,50271935,43842895,49141527,47700012,47135823,46985808,52109832,47244030,51729100,51267419,49570883,49051419,51186709,50366384,50787583,45223228,50152284,48331534,49408960,46331219,52786261,44911116,50204322,48960716,48266295,51743221,52615679,50635413,46882127,49376444,48333468,47289761,51895650,49528427,49795858,47848219,50607630,50483037,48684924,48314455,51025852,48795567,48497450,50298285,52778998,51357247,49404935,51583455,50764625,46555737,52423992,47494723,47215651,48574349,49828961,51785822,52194401,50847324,49595675,50715588,51496687,50388119,45982058,48985043,49428315,54294628,49250677,47352425,47968126,46664521,46852800,50810468,50692082,51265565,49162959,46532213,48469940,51594061,46060942,46909914,46589368,51296853,48716555,44758489,51181523,55105699,48744411,49473789,49804717,53504487,52601508,48788322,47465844,47088571,47206894
54326520,55482901,57726853,54008053,51086882,52515949,52688877,53033353,53047127,48258149,53672158,51238863,53845556,51929450,54918996,53599068,58633567,51538902,51226064,53039651,54617341,53481636,51016917,55438951,52899989,54088343,58048522,58758101,51657347,57948783,52074831,50623686,55568688,55439070,54861964,55840759,55278422,56913106,56636316,53676090,59876540,55731974,53309692,52178915,53240072,54830758,52857436,51628213,50833227,53729011,53839025,55870309,53737869,55064327,57463847,54818117,51048378,51904731,56258013,53224041,53008644,52821585,52988718,58104447,54613580,58520391,54345484,57567288,56770182,54251600,55134472,59048184,55913481,53219646,52179410,55869585,53052057,52204016,55348700,54442298,52686791,50327509,52781339,52890471,51319202,55292962,53279646,53953592,52365622,54277079,51470726,50747332,52010665,55554074,54770238,55603404,54400766,57004532,53042874,53425053,52784001,53495814,51140939,53222453,52664596,53610924,48702161,55322489,50001003,48917548,51589557,55563408,51526171,58398780,53304512,53101270,57411262,55464305,52108987,54293575,51303133,55137917,50474948,49838940,53235860,55712297,49855139,55848716,55268936,51718411,55196311,56189171,55084439,51062780,51680280,55256854,54679736,55290260,56360910,52892389,51369595,53177405,56423684,52257407,54429002,56148357,52680314,53947865,54927660,57345334,55403160,53499277,56162448,56444438,50632139,56842259,54135466,49729831,52748485,53178507,53657380,55682534,55578673,50242782,55993792,54936483,55527585,50167796,51697072,53498927,57612189,52689196,52121767,53231144,48900936,53644557,51618558,54442092,53721357,54954461,49845406,52868806,54035141,49906789,47332556,51535143,55290746,53346432,54066465,56240196,60339052,53746293,54936606,54733940,57697256,56644533,53279941,52600762,51451321,50344595
50232913,52193767,55058522,49616672,51274464,50679721,48955990,48968537,50039858,48934655,51400866,47007340,50260501,50984618,48807377,51499644,51404607,48865183,46981690,48668182,50901029,50400364,47761866,50273313,50503157,54086468,55268396,55245825,50531269,54856555,50851796,49500327,53116892,52571507,51473272,50385118,51592256,52910351,55495302,48714761,54320899,52361914,52050271,47269164,47987695,48026181,49996015,50518790,48125228,48845744,47615148,49154659,50293018,50710368,51335409,50878996,48441080,48647371,51395882,49585552,48790881,49321423,47928030,54542153,51713385,53649033,49947118,54029993,54235438,52411319,51792819,53682941,52429367,51028499,49732342,51881816,49747183,48809085,52024236,49537494,47955691,47991710,49031388,49714076,50989640,52346042,47152741,48636648,48637353,50775487,49610196,48739537,51953745,54450993,49605622,50285218,52880488,53318333,49451180,52984509,52117860,47006811,48784517,51746002,52794938,52452469,48613170,47787526,48874420,46423994,47677824,54762765,48589423,54860683,49863305,48349822,50005309,52779614,52099816,51165929,48085758,51951545,50156627,52112267,50656507,52966183,48010109,50292336,49066884,49333089,53462130,56501933,49411401,47344799,47129162,48292916,49554735,51760025,52651366,49116972,50102856,51357947,50694839,50499927,52247240,53584876,52067258,51422626,50511118,55897939,52976105,48808001,50365627,51689673,50956760,53799892,50521342,46539644,50022660,51536515,50611906,51899820,51405893,49627025,51768956,52469668,50442495,47851814,48995897,48361150,54136576,51405438,49055118,51930120,46652375,49097686,49634899,53008578,52328798,52341411,48765017,48558777,53412794,47573532,46889925,49303493,51463157,51771244,46983212,54099311,53871027,51546063,50725633,51181745,52576484,53360882,49956833,49089593,46573942,51013873
50933552,49222844,53808054,48962513,49410038,49726431,46696905,46453052,48222179,44539225,49405739,46876109,50032721,46591517,47335611,48326449,50107815,49249603,44114057,47669716,49134499,47122320,47263069,47746157,49521499,49684177,52622071,50240329,46767264,54011557,49944187,46260601,51476741,49541112,49862032,47936599,49328675,50950973,54170541,47036011,51318775,52409407,49918026,47177303,47268444,48130683,45626894,46312007,46800306,47402053,45890809,48047472,48626106,51436188,51937454,45931280,47411078,45871139,49489480,47480638,50157017,46842125,47911063,50982614,51872906,53608106,48787988,50993041,51427189,51951306,50368029,52932526,50579505,48458897,47164359,51996780,48532450,47612656,49647352,50251272,47473075,46996195,45514580,49178445,46314803,51002170,46608627,47975238,48213386,47000164,48879637,46823497,49301625,49507280,44880918,48186040,48067855,53979890,48611764,49793239,49084801,48029511,47067146,50379425,48585708,50578717,46366255,46226489,47521047,46554917,46178582,50973526,45017223,51864824,50615961,45404812,51081120,50196086,50106863,49573823,46460213,47530173,47806020,46735331,48370173,52273852,47427530,48259378,48662474,48428488,49735013,52746870,49868290,47916591,47418542,47798857,47436477,49577644,50848158,48818461,47144328,51026333,48557809,46335129,50565438,50977705,50466381,48165546,50436870,54349692,48609599,48605033,50609965,52435347,46313692,54338628,46884153,46318667,48396522,48195961,48178565,50096210,50952331,48674539,48295349,48304682,52569762,48474183,46124010,46960598,53252770,49022740,47224145,48752314,44345737,45614762,48334714,50721724,49836146,51840841,45628163,47838204,47368269,45139715,44510244,44221615,50343925,49131589,46147463,52343045,53178138,50558820,47003652,50154496,49314643,51038372,48975016,47993477,47738532,48196802
52159433,55579503,56442770,52748404,51070959,52111440,51348479,52050804,50013484,50474401,50812521,48951381,53487661,49192840,50251019,51889584,55120457,49602335,47862831,53100409,52126946,50910464,49393557,53251236,50711621,52150201,55836738,58259364,50458969,56721028,50402184,49541705,55208280,52603917,50818930,53474173,51947263,54118434,54884884,50982314,57209353,56321532,50814404,50468641,52842877,52812512,52660811,50744131,50280885,50647227,49884612,52187688,53724227,52392939,54968606,50862484,48271393,49271053,54230837,50922680,52032943,50783507,52240327,55897277,52409099,56377439,51229446,54582292,56368897,53483618,54061963,57095141,53313767,50234119,50043036,53623722,51655867,49797689,54886059,50892802,50688552,48911129,49716273,53240179,50901805,53749907,48090732,51442341,49761159,50609738,53708069,50715201,53617676,54553472,52496454,51916147,52859384,55919096,49171697,50905869,53431769,50657455,49204712,52339606,52009156,51481545,48173924,49985498,50697698,46742687,49876466,54129530,49651174,56056710,52729343,50326948,54622170,51820228,55957584,51407297,51175971,52676430,49263151,49973990,52034435,54558848,47803113,52861907,52692539,50913405,57664407,55214773,53302369,48504638,48597453,52778624,52529015,55492931,54089788,50992028,50183407,52175582,50344468,50107529,52219830,55268752,51011341,52215940,52728255,56542527,56695779,51201688,53916695,54676340,50691345,55474114,52786006,50276790,48873784,50289952,51392702,54096359,54091210,52311425,53833351,52989191,54658584,50779639,51084908,53336025,58271477,51155929,51205404,51467778,48754396,50094487,51288886,55525014,52829793,53023819,49040966,50893151,53733621,48599454,46800126,50652286,53782768,50995024,50063978,54067467,57778445,50992324,52779485,53871047,53806544,53180466,51117973,51386784,50563901,51663333
50872019,53806953,55760018,50040049,51137094,51636736,52415431,50562817,48427870,49498371,50018707,48095690,51052522,47140318,50645164,52309924,55245113,51281570,49884609,51220007,51544272,50452102,50355180,51283255,51982349,54874586,54952972,55756477,51288409,56480800,50427468,50454825,53486064,52047847,52102287,48991787,52489289,53320062,54080073,52601769,55445349,52388579,51140485,48549810,48558475,52140650,49723328,50149687,49605382,50234382,51032060,52208654,53872596,53981452,54888241,50529846,50534218,48638641,50366075,51260657,50443102,52761291,49589787,54478090,55126474,56179511,50336352,52334612,56547892,53356099,52011688,54625767,53214844,50203751,50028524,55205736,50631720,50333123,54114984,50044893,49319114,48672518,48409997,48571979,49659911,51024404,49428510,48120115,50166791,52317686,49611017,50237203,50480100,52885937,50645094,51083456,51152079,56074625,50711384,52074088,53096393,49841863,48218295,52796023,52501047,51613078,46194794,51495126,49721174,48479746,49173045,54147780,49073548,55832293,52109875,47852391,52128296,53117150,52019672,53082376,48882036,52708850,50281532,51127577,50910242,53810653,47749033,53387704,52336980,49542572,51221111,56363359,51615938,49906055,50211438,50261223,53321625,52993782,54236185,49336160,48459023,54531218,52722787,49921346,51739295,53829049,52951107,51529767,51849904,57710050,54685007,50371510,54519771,50993900,50565274,55889910,53178942,50146076,51739496,51776933,52032956,51619807,51735363,50435988,50853777,53915714,54692681,49020439,49431136,49373598,55638109,50228311,49430215,49809387,45794651,48981241,51333805,52333082,52041138,52246081,49145682,52277544,53067882,48611691,46559833,51238818,55046877,51310110,49203521,56267709,55163445,50081250,50388886,50764231,55560974,52602362,53149045,51000578,49697016,51228237
55009875,55320126,57525105,55622482,55038972,55083960,51214760,56314937,53930873,52380143,54236389,54383509,55574811,53151920,53572154,55413726,56947825,55181067,50860855,54520660,56825630,53799702,54235513,54843110,53712203,57408773,62963819,59761185,54060738,58973406,52260450,49579977,60319041,58375469,57839467,56632238,58693343,58733700,59891452,51694652,59529521,57679862,57988520,52974307,54840129,53117256,55966240,54100376,51436666,53535601,52973804,55579303,57726843,57329088,60354928,55873162,54165702,53345126,55813863,55661996,56992440,53393014,53939479,58195281,57743143,59303539,55151432,56680495,59270289,56590013,56865824,57261402,57107412,55305326,52334100,57775957,54747276,51871434,58293853,53765211,54546468,53996582,50910669,55776186,54355818,57927879,54389124,55178306,53327382,54968871,54608051,52648176,56142154,57210217,55005211,55855751,58187896,58525998,55455807,55447667,55514496,53423797,55735516,55163329,54729090,58703867,52492320,56448577,51618812,52268787,53733200,58474546,51053643,59152748,57724011,52768975,55702075,57646527,57794992,56818670,54473437,55061744,52872509,55917618,54587970,59168890,53993413,55069863,56085921,57651217,61012487,61193967,54182138,52467289,54401879,54328140,53726576,57046085,59318890,53945104,55060246,57435946,54981952,55337881,55771183,59582943,57102718,56737324,57029472,61025799,59396822,53533639,58260528,57091925,52541018,60017262,55091631,50380640,54391186,54358159,56472505,59951147,57160652,55675987,55139121,56071486,55745290,53126104,53753029,56545714,58453453,57724344,54445562,55746351,52316682,52482902,53749325,57085765,56078309,58175577,52972565,53754221,57627448,51854296,50060596,50314479,57496522,55224158,55263578,58873396,61980929,55346179,54597513,54983483,57819652,55404489,54316646,54892700,51266521,53753586
46597298,49422488,51556772,46722073,45600043,47201459,45254553,48386246,46876088,46461719,48102965,45272379,49443882,48583914,46261558,47114886,50953434,49022464,44244912,49899874,48576437,48072921,44109480,48987372,47188201,47784541,53858942,53725209,47519745,52158369,49782599,45075173,48946056,50810073,50797379,49664222,51770077,50460903,51702478,45449417,52730154,49448867,51999215,45970475,46321473,46417922,48646196,48265831,45496569,47740072,47870567,48141890,49313025,49302630,51267376,48327877,47862234,46823865,46817820,47981331,48984815,49273231,46201400,51308696,49433169,53418337,47500235,50408792,50840720,47822986,50350971,53501710,49633060,49248585,46527372,50405816,49751002,45073007,53193338,46542708,47825995,47876278,46524101,47558752,48701240,51517093,44754707,46312108,47356968,46771306,47475919,44894035,50966481,50514529,48403053,47117056,49192125,51384883,48361516,48973014,50167016,48529962,47289455,47835567,48042032,49843320,43277306,48832685,46443670,45342188,45013865,52629678,47047995,50447129,47708835,46255156,49494681,49011915,48453210,48163060,46593215,50040522,45939025,49339851,48762713,50948393,45129826,49830962,47155595,49782677,50248196,51522809,49655795,43985392,45495166,48021264,46600022,50779814,52809664,47248453,47891853,48954728,48917232,49373684,49460311,49585799,49014975,47934321,50289778,53080774,50180592,44826657,50611488,49584945,47342491,51084839,48218591,42812629,46930434,47952370,48521038,49766155,49396455,48087436,51457710,50735981,50833013,45390650,45234506,47816042,52090662,48913988,44902680,50096556,46017716,46321161,47815297,50507518,49173679,48030124,45959159,46904190,50113207,43286770,43863150,46843451,50247806,47586239,43790925,52637302,53176757,48137164,49206876,48521950,52684407,49930862,46827620,48571908,43672886,47520863
54020138,55930077,56430787,56944481,53345528,53971818,53026563,53880480,53159693,53275536,54281219,50848172,55017730,53981244,54358867,56934072,57025729,54550070,48372218,53882909,56100197,55590095,51474138,52552974,52760490,54253731,60198764,61068642,54175957,59021906,55320522,51088567,56190918,57135556,56184013,56361571,57152042,55142675,57658436,55422614,61120065,56636201,54843256,53803442,51587677,54645120,53760263,52847254,53857060,53331020,55283154,55604011,56703520,54981729,56531915,53864531,52132719,52127048,55057881,55045440,54867297,52188160,51780558,53967343,55217180,59393670,54651783,57442990,57250365,55698620,56095983,58621252,57509711,55509937,51803205,59945994,55689468,52112824,57789476,54171539,51830253,50671175,51813536,54145900,54158965,56775013,53388041,53189995,49482091,55659287,53783548,51840469,55960300,55152371,55364758,56347414,56936498,57596395,54675775,55049728,55032846,54380920,52994697,56328593,53346277,54781457,49300701,52793186,52354405,48995480,50504099,58092031,52281214,58855449,55065519,53574414,55135175,56706927,57904089,54425846,54029592,57938741,52065294,55622669,54491126,57645812,48902902,56458797,54166210,55249161,59886941,60817411,56428939,52048663,53485351,54789927,55138501,57207404,56318610,51073718,52141667,56647113,56495037,53085551,58330381,58163023,57759276,57214579,55629800,59155298,56987123,51272385,57227734,57535478,53428175,57373851,56058887,53015583,54199742,53064665,54691946,56260923,57204828,52770248,53883104,55924129,56426507,53977504,52494645,55376780,59826825,54971728,53600031,53386402,50734627,51176235,54359304,58116520,55211448,57570149,52648745,54586200,55111416,51078295,48361169,53848550,56342575,52467611,53605860,56964721,59464208,54752439,53466368,52618026,57731943,58029924,55074004,53522131,50487052,54040822
50481384,50496673,50401721,50999672,49668604,47228767,48811769,47534434,46330067,44537016,47764686,46602469,49040704,47088820,46577516,49060878,51543645,48243497,45712026,47291800,49995084,48828761,45544087,47930652,47142940,48203105,55864624,54884160,48569608,51234770,50269064,46125998,51690856,48295986,51181786,50697548,49585060,50891469,52363862,47826479,53570442,49808897,51100697,48216059,46440325,48149792,49820383,48459205,47039267,47151229,47549693,51629160,47454973,51709756,52361257,48874123,46904106,45246579,48926149,49992933,48085654,47980754,47729150,51480630,50138227,50232357,47940357,51524027,53548794,50317453,48910942,53667200,47094799,47696779,48185885,51611776,50133062,45968820,52453759,48625596,47556486,44996147,45450156,48082302,49872592,50973696,47080163,48786369,48184899,47708927,48411493,47299541,48336578,52500954,46995184,49373847,47380879,50103233,50916926,51410419,49886184,46339631,45816428,50664522,49983696,50108601,42999458,49017164,45943394,46788391,47434405,52087296,45937956,49456831,48246681,46479439,50112163,50790203,49306270,49663825,44394916,48032892,46510659,47056707,47015314,52396962,48026994,49200086,49138343,49089829,50739939,52832948,48112492,46440244,46951815,47450444,48955440,50798705,52289430,47211763,47305506,50784226,49612767,48579878,48796179,51983263,49895523,49497532,48345344,55381699,47388017,47309186,50666801,51291286,47571777,54257770,49552354,45592266,48218197,48345641,48467916,51086484,51664178,48543213,48266380,50356657,51373481,46358479,46082801,49203547,52467482,49429277,47785015,49460142,47872690,47120396,49005799,50932151,49090454,50274660,43400210,47837742,49900713,42746477,43815922,45703316,49752471,51030927,45659966,53697327,52771417,52085805,46871784,50803435,50833252,51855741,49047726,47452899,45353781,48213040
49801252,49430177,52381324,48859205,49434567,47964063,49268444,48525868,46715160,45895769,48827471,47084435,50075864,46202107,45206214,48805574,51345539,46877465,46664092,47588530,51217477,48965835,45360010,48784756,47700827,51375266,55263261,53013171,46946845,51703745,46807989,46466428,52014068,49183371,49751445,48122862,49293412,51763160,51833711,49385509,51601459,52093375,50429131,47555954,46360847,46955868,46523993,47264179,46037487,45659671,48562718,51531185,47636490,51438771,51437699,47606071,46744631,47737888,48887568,47976789,47995805,45808460,46040789,49062961,52899621,50451378,49801525,51831437,51644903,52057853,47073695,53570006,51035887,46875000,46142404,51305394,48548822,45310672,50974726,50119859,47350483,46151383,46043899,49369217,47901706,51496330,46217229,46301365,45873291,48656708,47120602,45290361,48355001,50653250,48415877,48635244,48882378,50592347,46813131,47749671,46556774,45558524,47140764,51021043,48962299,49393647,43495970,48763422,46766654,46765509,48188233,50183425,45249012,51057894,50728554,45474958,49439009,50475539,48043314,47573065,45702835,50562563,46676214,48660166,46142885,52508578,46650695,48889185,49501006,48238590,48585088,53219977,49292156,48322947,47741264,46857770,49334809,50508475,50638246,48662385,46774403,49475461,48922775,46885379,47788894,50192323,49507394,49412807,49653671,52221744,50045346,48119246,51024122,47501265,46661054,51574613,47583948,50576671,49050811,47371016,46888999,50526821,51026756,47000881,49933825,49803909,53003155,44572446,46780681,50160147,51433088,47105035,47807985,46636110,45460231,45997157,49406217,50549343,47705167,49877936,45313260,48639203,49544944,44916037,43134141,45432134,49521051,50292896,46170150,50247707,53729287,48997015,47822908,50099562,51589986,51849448,50004098,47786656,45874962,46569404
49637106,52433750,53085862,47946397,50594221,50205065,47752324,48985530,45316835,43912185,47753305,48029878,52133669,47368552,48669088,49886897,50440858,47767824,48163527,48515486,50784971,46677959,46402523,47594074,48360236,50635580,55750764,54870042,49124984,53458144,51754862,46340830,55043925,51336445,50805160,48997076,47533762,52180983,54874354,48287343,53862171,50572462,51377580,49511902,47056193,48242317,48297751,49554848,47182862,45554089,51296186,50349868,50692117,51174857,50688909,49171873,46251129,46770144,46278499,51922879,47838953,47755314,46361542,50707708,51523357,53011604,50687324,50144130,53569713,51252231,49444873,50844669,51149729,49166602,48178224,51078498,50378326,45478312,51913207,51018622,49818136,47314349,46383215,48252950,47610703,50809104,46902374,47449932,48414244,48129763,49556600,47357793,49008852,51477231,47576611,49522926,50798224,52589973,46900205,48463943,49514047,44840431,46768500,53154855,52307084,50169949,46373692,49254134,47267469,47172490,48369864,52877857,49398917,52097438,49484763,45717005,51496307,51402458,53514990,48247822,50018393,51128145,48461784,50487318,51100717,53154847,47253012,49353570,50460285,49207317,50231747,55181091,50414967,52697739,49148504,50134945,51239631,48841352,49445357,49008340,46423814,48150730,49139183,48685438,51517522,52712147,51320087,50289729,52136482,53384841,50112552,45502937,50938949,51598160,46270450,49997471,47380437,49455076,50087661,48489566,48096505,49396296,53109820,48701343,47817204,51618407,53438603,46179479,49351774,51288853,54645813,48195090,47533043,49238383,45987262,47111764,49644843,52835135,50135437,50341775,46230451,46545261,51465432,45354626,44362830,47367691,48256896,50363680,47439881,53262907,52692118,51685209,48520804,46094479,52494114,53271431,49237149,50029850,46375675,48594383
51125851,50216963,53913310,48327791,50252148,49878010,50115448,52210037,46424801,48594451,48984204,48185681,51523241,46708417,50188614,51861085,53091024,50670739,47685688,50513036,51622213,49322915,47601029,49086217,48948464,52901524,56295423,54246746,50041743,51838105,52559743,47856566,52391406,53909503,51880622,49975451,52055593,54253056,54212708,50141932,53612528,51438602,49472652,49432246,50586976,49697880,47329624,48006045,45347892,48361728,49070502,51900756,52563401,51020685,54462021,51462518,47989762,47039826,50147302,53325867,49783928,48834569,50187951,51494513,52284087,53617491,51489004,51441189,53359822,51809403,50661292,51597996,52717566,49783892,49550277,53402849,50094672,47042937,50728323,52419044,49135209,47669091,47795920,50735913,44107491,52530669,48823108,46298863,49427341,48792842,49531864,46066402,48895278,52566697,48868175,48978695,51968557,52459229,50483541,50207259,50595387,46946887,47927734,52889126,52615654,50922099,47822071,48471459,47312286,45893701,50329202,54936681,45214674,53028070,53531206,49277447,51767222,52186592,50905687,51919707,49035721,51996993,47675608,49653817,51049123,54453455,46906386,52200044,49787543,50428235,54253957,54074824,49340501,47757583,50272156,49227616,49626843,54427940,52467463,49257838,50401916,51730802,51420785,47212680,51035211,56035480,49981755,53452308,51382740,54486645,52331235,48455453,51920408,53919693,50075949,53078416,48257606,47796422,49709681,49211009,52443082,54339395,53101220,49244664,50341653,52597231,50204250,49077448,49984460,49123039,53586190,50923962,48869275,49359099,49390646,48119782,49908925,53310838,49054143,51981842,47534839,50305015,48321451,47415469,45820858,47419072,53974305,50969640,49347708,54649086,55339869,50033451,49573924,48731608,52890179,52944219,51516659,49766423,48872711,49886252
48689386,50672663,52365013,49834641,46120042,50342360,47531076,49880603,48918617,48151884,49009343,47741797,47975611,46412555,52139080,50342259,52618222,48500852,44511274,50671624,51172288,48064840,46119225,48662413,48685972,49239367,56940426,52209190,47196496,53615899,46673954,45846033,52221015,50291086,53501209,48996743,48943988,52295885,53812540,47664954,55288223,50251733,50162609,46787325,45679324,49112006,52068961,46968373,47688177,48629957,48377793,49451744,50993630,52242796,52180791,50247310,48251293,47204175,49549638,49860453,48090121,50202957,46421874,49961924,53744076,53257641,48229425,49578337,53292209,51895925,51058252,51031757,52346369,48623056,47643057,49783632,49565437,48159660,51118927,45505422,49549786,47890063,44813840,48845643,47378213,49853857,47895404,47599934,46105833,49033919,45073506,47040266,49064505,50124249,50021393,50349450,48123889,51920488,48195712,49458378,48750826,48042392,47026961,48379833,48378660,50704077,42960922,49946560,45861655,44997919,46039544,51857971,45765241,51345397,49050114,48303587,50271353,49658923,49496473,51510117,46274196,48143819,46905817,49430585,46367610,52029312,45365497,52139840,49017274,49564261,50062631,52649474,52269682,48265585,49477410,48174433,48097899,50343333,52105158,46355189,47916168,49962427,48584505,49515762,49104117,51859145,49808572,49545135,50045742,53036764,49852644,46233286,53636663,48498210,46346439,50057353,49565080,46403678,48694113,47072771,50700910,50879851,49144843,47761030,49993816,49396093,52127124,46571187,48217935,48172111,52165408,49908751,48257963,50914697,45327543,45690302,47326206,50812710,48585850,51095958,48055590,46347348,50824657,45698478,45024085,45018934,51681230,47985025,45075635,53353411,53441552,50077261,46635029,50077636,51827421,50565085,47343902,49061139,47141184,46054360
45017456,50079297,52520763,49614944,47957820,49397062,46203024,47618514,45090346,46836769,46152534,47305383,48642361,47535429,48170427,48607822,50458395,48994814,42995923,49022328,51144126,48349818,45494028,47484517,45656331,49668161,53181545,54510241,48670960,51058671,47665865,45949173,51195431,50694046,50196574,48888918,50777519,50378516,52519045,48799971,55004345,50778657,50043652,48448751,46946104,48030561,47703218,48378917,46543799,46696991,48625797,47230254,51088512,49387131,52694079,48351185,45695776,46565407,49585298,49421414,48897595,48132590,49643350,51019297,51285662,52671245,48834189,49727158,50892195,53617608,48880930,49449613,50162422,48604447,46336648,50257241,49565117,46186628,50555896,49878458,47659215,45674296,47154708,49834586,47054059,51964397,46578593,45027062,47740706,47810305,47438023,44803680,49567575,51429400,47566813,47451672,51007120,50777025,47752917,51459971,47978365,47421311,46297886,48421533,48733370,50108147,44015624,47646430,49449892,46065405,49434657,50607479,48568002,49727485,49842093,46947942,49243713,49629169,49980449,48381380,46335538,50756606,47130203,47616885,47376772,51243852,47705300,49896737,49046242,50128231,49920589,52547847,49395531,47631930,46454229,47811982,46543862,50031579,51338922,46959066,46683617,50957615,49319222,48180081,47623416,52754480,50972135,50805838,48580728,52717665,49645816,46804788,50431492,52814836,47981487,50783668,47762309,45813428,48691468,47069193,49113161,51544213,50514783,48304091,50107964,52065905,48795489,46172110,45927925,48897683,53252631,48665012,47709063,47487352,47904353,48089574,49416480,49498562,48679737,52702626,47140398,47908150,49213836,45569619,45772698,47750945,50396503,48253667,46205798,52630226,53408990,48330252,48179174,46384361,50586185,52577021,48337801,48429626,46156116,47110377
47544640,47282086,52981502,48199531,46359443,47964647,47937851,48019706,44942732,45977694,47569019,46841466,47633714,44889326,48284624,49527359,49498275,45397944,45690181,47701432,49320724,46237487,46155550,45648390,46554757,50547730,53154647,53195797,49459629,51658523,48755811,47155066,50814469,48917304,47906288,45928646,45845844,49075106,51270101,47277653,52946078,47488903,48274403,45072883,46888587,48321199,45155055,45762506,46007729,46972697,47146405,48202130,46571427,50018671,50576413,49331688,46737158,44279579,47104385,47044252,48614381,48249008,45634581,50127823,50956902,52582358,47801891,51030005,51769303,50434065,48890050,50697753,47448289,48726787,47504024,49077881,47769955,46326930,53448546,47884373,45829104,46638994,45842983,45967966,46288750,50406811,47257127,45629965,44715798,46288144,47722266,47091954,47255615,47592058,49167105,48866000,46395858,51906004,50634456,48972632,47329093,43165787,46266549,47977389,48137374,52557292,42066071,45938886,44982798,43366572,46334791,52325021,46734988,50695807,49534805,43780779,48165864,51102364,50405606,48824523,45409502,48823511,47150622,47269484,46443501,51241637,44717754,47431074,48387912,46237726,51378128,49746049,50470392,47914606,45345204,47456629,46419131,48674376,49441776,43209306,46523133,48210194,49175949,46598350,50549479,48767933,48765011,48773456,48231439,51985171,48651782,48464891,52188562,48456666,45080981,50861658,48473196,46230856,48554279,47515878,47770810,49145950,50297254,45085838,48599729,47491210,51823831,46138237,47468188,48426552,53292298,44718726,47227003,47357189,43911205,46125113,47729427,49737846,45632869,48999719,44409050,46317272,49883838,41835202,44014023,49312763,47616127,49738358,45320613,52423051,49828029,47489584,48115387,46917759,51011982,51074233,47307305,49718882,42661316,46302826
51188826,52918926,55642797,53208774,50979941,51349167,48825892,53056194,50311802,49282648,51560563,49298349,53133400,49965088,51137739,49715034,53232124,48104188,47079857,49396799,51106836,52557452,47112846,51715726,50678113,49607651,56880500,57261624,50987435,56288687,51707661,48586827,53223788,51670535,54336801,51788708,51803689,54163563,55311085,50077703,57254653,54992513,51877727,49090093,50013639,50069979,51578653,50357124,48994118,50292588,48723388,52203535,51109481,53603629,53850218,50023934,52010355,50607111,51063116,51872705,49717410,51923899,50419089,51216721,54559542,54588702,51495014,54490229,53943538,53454013,51213906,54538163,53877058,50318838,47469126,54249948,50722135,49209308,57116954,49412044,52164719,48732625,49485542,50024219,50621705,52905675,50280862,50289168,50117139,51689776,50406601,51270960,51884257,51596968,50772458,51923266,51494712,54921290,50694362,52715788,53915310,49784293,50084944,50819110,52187705,52979128,47682510,50423601,47749476,49416426,49718775,55386777,48633161,53170604,50910791,50434572,54748087,53855937,53439748,52167836,50447746,50461868,48806230,51187973,53078910,55724603,47385790,51567236,52484854,50097365,52830343,55488296,51688908,53550295,50336660,50155804,52259441,55102906,52697526,50929132,51532157,52848471,53472511,52006415,52444721,54222976,53720533,50595799,52282522,55981420,52581171,50058292,53570171,51149191,50694198,53803134,49747217,49327308,51700304,49475710,51153640,51514455,52888937,50056342,51421438,53293041,52563017,47726040,50212978,51673678,57384575,51951476,52385800,53703927,47847543,50844579,53692650,54374984,52388431,52670450,49208202,51863230,53189473,45980243,46930758,48597666,52938870,52065301,50120596,54245718,55594187,52827088,51408212,50199955,56593006,53553020,50259346,51561118,47602239,51054627
53505224,53640838,56753355,53599545,52909733,50960648,51423709,51324056,50569098,49158168,52567015,51505146,52184633,49978915,50334767,51557564,55742723,54171953,49898301,51694910,54169595,55139267,49698433,51218411,53364244,53174633,59584509,58514056,52175575,54800943,50576469,49620533,56904564,52892183,54059104,52711810,52181608,54333206,54915709,50726859,56448594,55491903,52172516,49543108,50983936,50491986,51995084,50981634,49493301,53450529,51957610,53087295,51031827,55320124,56332859,52897868,53470177,52915269,54377474,50887269,53157253,51425679,52319191,56048956,53976472,54959483,54343976,54505895,56643497,55507971,53885238,55971556,56175119,51825039,52556613,56092700,51926610,50237967,54290973,55730474,50426895,50926092,50430706,51978167,50583971,54458050,50412454,53290312,49992012,52759183,52534483,48131530,51840033,55368138,53049327,54211157,51985141,53916900,51216968,52381348,51981577,50254539,50892483,52120372,52296054,55371206,48640098,51719632,51356445,49502433,50342241,57103669,50010400,54841300,55449437,50918826,54267561,56361721,54354813,52779134,50476607,53338694,51202420,52326623,52344311,56254225,48957101,50036154,51219710,50287614,56067111,56856076,53188310,51124699,51005362,50875761,50929686,53378809,55910679,53190047,49775618,51905571,54629742,51782933,53453942,54408998,55929450,51638500,54009320,56986958,54917191,49427883,52579118,57515309,47629460,57293972,52711628,49209773,52023392,52306685,52906415,54224547,55617307,53272318,53789990,54582600,53197675,50042594,51750566,53430161,56780548,50239526,50112199,50172345,50361779,51932618,52046947,55205906,52798152,53844023,50761010,52098072,54240045,48542347,47417572,49051142,53908909,52300707,50512094,56486964,57970131,53958298,53643465,53275861,57886359,54803401,52693663,54305020,50097791,50400587
49640704,51759501,52540197,49552902,49201557,49183270,47629294,48186125,48744942,46449961,48774004,47361203,49301164,47937119,47905812,51076926,53596617,48817421,46139646,49900304,51381036,48663794,48919091,49455931,50479801,51356003,55972077,53538810,50742859,54490708,49892924,48915411,54810997,49255245,50715945,50520148,51146949,51530395,51793120,50274649,53203361,52298401,52412288,48379157,48823164,50857293,49448644,49746093,48842716,49021416,49175404,49934501,50863601,52457560,51312923,50930714,48445388,46089396,48371867,51851324,47176433,47278155,47925409,52253165,52400358,54013602,48915134,51363601,51855567,50783292,49592443,53812805,51834643,50347275,49705984,52349470,51117253,48374025,52360891,48988447,49759659,48923627,47651394,47182917,49231914,49782369,47482867,51296940,45376183,49186716,48375860,46199780,49968401,53087698,52662106,51993039,51962232,53276034,46420878,50087351,49355777,45992411,48605087,49171817,49568464,52810591,46708914,51622010,47692287,46351132,47088039,51260649,49257711,53674271,51310049,49551502,53009077,51826698,50560188,50121732,48509541,50008684,48946126,51035109,48660038,53580391,47077645,50199130,50914877,49732366,51416764,55369313,50237079,49449775,47431482,51653482,48804457,51907420,49846775,49752550,47618608,51392155,49588450,48590384,51755622,52426200,48951229,49929526,52859640,55824727,51179600,49776815,49735257,51554777,47005085,54834296,50590445,46331351,48694587,50336703,50476880,51741006,50868510,48069627,48885557,52266784,50918669,47694683,47862811,50405631,55027128,51165632,48243502,47931869,45136329,47702875,48297036,52697697,49098906,51267395,49043597,48437367,51352472,45952529,47552586,47506213,50412381,49492777,46825240,51566463,54869603,49677214,47651917,51387111,51620917,53732010,48893355,47330765,47101507,47764866
48497932,52562499,54134635,48588918,48882468,48113212,48859903,49994625,46821463,47183108,51056800,47456860,49102719,49334447,48583010,48388002,51799110,52082682,45451924,49072592,51089973,50609187,49662006,48674400,47713597,50620144,54449430,54039512,47876863,54035405,50514094,47925071,52830358,51475915,51308019,50290619,51132159,52557042,55211932,47940787,52640954,51310642,51346656,48031386,49608099,49854488,50364777,48556722,49157149,49331229,49010557,49832721,50674373,53205845,53194622,50958990,49017432,46471123,50098128,50806262,49000969,49141801,48584240,52004735,53600648,53235709,50189784,52097368,54012584,51442429,50336351,53114285,54061513,48297713,48893541,51888047,49759769,47419772,54037657,51294049,50478411,48069833,48010922,48559462,49049037,53021188,47314174,47856544,47690453,48440643,48142574,46743593,51133292,53717022,52780320,52325290,49474471,52566026,48838355,51671781,50621288,47983331,48726403,52166039,50329373,52534079,48119288,51192233,47989005,46594242,47004595,52237963,47069578,51206896,50627213,48451682,51234007,51180933,52746622,49540342,48525277,50735538,49832604,51619877,49057684,52532289,46038749,49544072,50528034,50982487,53065159,54111425,47754442,47617806,51504619,52176277,52486360,52307007,52352828,46393504,47471763,50636518,49827128,49857380,50847881,54082797,51888860,50475660,49895300,55414261,55012134,48444527,52001849,53157913,49809503,54780479,49740389,47743144,50749338,50214005,49580411,52294310,50669972,49839433,51236265,53694326,49167888,45577860,49130250,49523553,55022241,50094335,47011123,49074555,49478992,47507993,49362711,51639615,48374127,47904141,50671566,49474398,51425757,47128586,46783790,49551742,52457535,51902824,45667107,53662097,54830409,50619830,47956102,51343797,54038513,53213455,48942216,48590824,48418762,48893453
50215675,49682689,53573810,50694762,49396766,49840540,48077903,51050928,47793897,48583493,51607888,49701640,48866903,47599982,49727803,51577763,51232015,49242780,46756382,51102732,52044811,51627604,47931185,49928113,53037655,52162271,56461825,54683328,51793201,52500090,48707966,48031015,54640599,52767958,52488069,49777271,49798177,51092849,51204005,49307686,55774093,50882435,51248003,47789393,49473327,49496214,49267116,49629839,48217813,47522633,48790720,49786923,49801326,52975830,51861312,53210857,48619060,49305449,49540915,49565732,49577540,49611157,48409967,51984897,53725050,53868066,50035898,51749403,52415392,52728832,51944850,52124408,52021595,51633955,49286124,51192431,50571202,47667952,53497071,50689474,49588808,50015081,48564253,49272671,48143535,52028227,49234088,47521985,47674808,50282093,49235093,47518369,48217792,50156073,50240213,51095817,50246878,53250264,50759675,49665538,48912747,45865421,49297681,50177829,50018029,53161714,46934261,47649112,47571864,46472898,48703214,53129307,48469898,53043737,53946147,50192889,50539621,53462449,52064432,50506466,48243544,50992407,50894170,50573557,49906050,53260915,46880412,49579187,48481304,50852533,50401946,52684590,51768504,46651929,47632326,49900959,47482375,49766536,52644979,50408825,49672392,48471458,50718959,49898544,51396209,51481685,51541743,49173131,50945197,54220891,52316181,47033500,54142804,51350930,45720435,53889624,49885547,44926973,50061570,50255622,50133126,51566383,51667985,49002144,53419557,51563134,51646707,46917491,51513100,51608089,52814156,48751420,49998546,49768544,49522653,48911149,48226100,52351243,49328598,52879128,47864292,48368729,53022253,46132240,46728829,47805327,52572334,49325724,48641139,53505344,55068223,50788175,51347086,47444750,53714864,52456345,48200955,51271298,45365808,50862877
51965100,50294702,57024498,49552065,50555824,51720844,49514274,48555531,49547948,47934590,50261659,47253551,53215228,49063512,49974750,49804214,53468098,51053681,47040800,50293061,53008611,50441644,47132152,50395846,49793098,51869401,57254337,56616045,48947074,52546842,51169835,47303637,55477332,53172891,52801505,50449612,52048881,54196795,51440194,50670419,54872510,50728755,52178811,52519745,51580209,50663767,48732432,50358912,47000424,49719505,50494474,52005732,51074598,51655904,52671536,51657954,49666458,49337663,51398523,51452725,52313713,49611092,48829935,53410910,53192057,56209512,51316220,54273809,53125503,51892456,52128472,55548466,51847169,48996657,46602796,53625925,51639613,48121814,54119442,50709276,50245470,46927875,47903120,51409269,49148477,52773457,50446497,51997164,47743562,49447700,49542282,47473602,51651253,51252391,50131952,53185655,51191616,54510294,49902607,49489399,51691218,47675997,48506704,51945821,51983097,52575209,46936089,50595783,48019387,46628151,47871327,54986566,47525385,55312777,50766224,50023888,52000918,53644044,52156197,53625643,48471378,51189114,49346367,52352172,50524225,55048120,47234543,52859300,52351042,49591866,53716195,56096516,51199022,49597972,50902503,48274187,48547379,54567117,52718551,49241896,49949344,51911296,52733506,49991382,51439612,54939932,51801645,52267856,51200408,56453816,53027053,52112535,52530101,54630267,48368287,53488727,51619319,47630413,51913192,51063470,51146635,52634098,54721541,50587460,51299279,51699041,53907318,47820389,48333938,51967363,56434058,51927177,48685026,50275552,47245134,48266363,51648435,51416070,53556379,55078295,46912187,52222281,51545795,46413031,44443399,48525828,51946940,50342776,49467248,52943476,55920516,51800886,49136918,50803910,54778378,52813731,51571587,49248719,46289872,49021558
47518341,48144898,53781669,48479776,45658191,49567317,46266564,46287504,45935960,45718551,46802914,47676354,51820353,44866690,49390531,47570515,49947500,45019890,47160481,48387668,47871026,46132742,46948692,47604904,44954117,49510338,53685490,52743377,49062047,50401858,45119117,45215176,50504765,49642653,49056426,47899835,48759229,50045340,51183886,45147166,51232540,49064131,48765888,45071487,45717487,46933315,47539862,47993400,44635431,46201926,46163309,47719334,49666929,47428563,50575474,50382078,47095257,45582929,48369531,47753617,46350452,47336718,47938157,48216234,49523547,52380002,46993544,48489110,50683887,47279395,48637251,49641422,48143013,49067751,45181887,50131763,48519857,45119021,50907107,46895025,48632421,45501285,45751541,48838027,45460050,49704721,45078685,48637642,45454192,47307127,47105102,45239396,48670449,50108720,48761304,48776293,49382630,49894904,48263025,49281096,47981623,46349920,46451224,47792260,48035907,49081056,42758168,46689106,44407811,44114098,46607545,50239968,46539872,51673063,50118370,45689498,48364790,47620312,49097589,49364270,44711050,49195962,46072079,48836776,50143353,48989081,46063884,48910736,49777065,47023639,49450528,52762484,48227580,45626426,46757727,47239540,46533529,50239665,49794560,46803982,47425755,50469793,48971083,48530740,46075162,53287136,49498403,48574392,48257597,52861253,50553791,46237266,49144524,50654273,48011694,49448824,47076264,46399191,47295829,47616806,49421108,49791016,50574185,46920415,49483894,50433143,49355711,44792379,45119135,48972590,51072324,49528187,45998377,47570274,45698455,45595346,48325388,49895762,48115282,50404337,45223204,47292078,49763159,41856532,43067492,45990963,50801600,47550111,46420400,52554408,53100237,48613801,46321307,46491445,51405321,51471740,49591455,46194388,44214270,47264672
49395070,52192758,55556893,50263230,51350105,49459424,48534331,49129962,47276075,49750381,51350217,47778736,50040413,47733610,48638954,48692736,51293643,48489208,48618730,50768300,51625406,50855852,49031186,48902732,48917415,54077027,56811343,57298447,50340090,54958710,50012070,48741579,56812312,52535532,50954990,49832011,50300156,54098070,54086023,50998777,54957571,50855491,50674558,46259144,49296513,46387830,50736872,50211216,48131840,50140371,48237449,50536919,49262380,49425938,52708248,51135477,47471060,47002631,52181260,50355113,50228654,47029829,49636545,54790828,52853834,53300178,50891214,52686343,52275560,53066709,53369993,53394339,50907578,49130325,47760738,52017791,48728428,47135487,53023903,50406318,47735533,46607763,47031784,52142049,51298864,51325456,45929395,49616607,45604704,50201718,49081048,49085973,51848986,52366877,50308067,51706495,52000817,53139491,48793862,50017157,51582523,47927070,48298976,50289164,52733762,52699999,45528422,48783210,48378216,46962333,47657817,53149807,48221576,54787608,50228584,47023885,52693753,52318314,52244635,49772495,47834044,51332459,48488703,52554903,52189666,53705903,46721443,53087417,49772081,48633367,52835997,55345658,51041929,48717117,47890655,50808070,51865775,52087645,52502962,48231681,46979903,51168899,51235131,47186024,52263278,52950589,51228081,49603606,52689536,56429610,52471319,48858626,49529249,51957587,49054678,53644367,50273487,47839498,50358439,51554157,51564634,52327541,52865041,49183858,50041273,52491149,51413019,47768019,48187114,52018542,55012360,49550315,51571020,49417746,47800658,49498441,50087824,52317854,51597178,52671283,48799967,50663525,53716386,46265763,46645775,48917175,52388961,49790462,45627280,51886352,53922625,51077297,49155896,49364306,52973130,51741125,50591254,51084486,48818364,48865525
50567770,55256145,52817483,50689063,48503121,50399753,49196353,48784130,47337137,50039429,47514560,48066394,50872775,48003635,48983295,52158778,53584191,49430402,46828382,51137304,49216585,51061417,45875435,50799348,48399809,49050143,55708482,55393636,48216098,55136574,50505680,45759644,52658575,51212240,52330653,52431015,52536804,54193312,53432138,48675955,57211165,51686735,49878419,51926745,48477705,49667021,49097939,50512396,47193156,48119920,49679246,50598963,52799208,51440080,54821355,50208398,47581534,49010356,52113905,50748702,50716375,50386615,50316926,51008425,53306714,52827859,49591738,51619822,56116911,53432522,53244923,51653714,52430567,48578259,47858137,53749656,50122718,47036565,52436047,52384391,48333988,46098761,49089079,49023124,47501139,53031550,49947754,48544740,46575547,50177781,51929936,48535313,51087974,53717660,50813440,50377017,49483602,57052916,50903123,49678388,49499776,50558995,48610917,52361300,50677244,53934283,45220430,48756808,48289131,48898851,48256325,51691712,46708053,53816692,51377518,50041578,51393624,53386289,53167143,50274194,48259611,52112289,46069216,49389885,50865491,55889197,48048636,48810980,52301366,48925499,52997791,54650219,50068316,49609450,48440588,49157047,53205303,53282528,52547661,45971792,47995971,52819341,53456305,50982279,51477001,53221649,51663394,49118798,50478674,56159327,54219275,50400310,54148741,53871227,48657898,54467429,51300626,49765766,49366644,50343510,49726638,52126138,54780209,50325983,49543788,51626070,51020260,49119826,47588806,50630427,53799237,49991270,51219795,50125558,48581648,48692254,53612188,51302389,51440900,51677538,47925718,48876010,52181322,45662859,43130084,48536569,53822373,50440857,50898911,53900151,55997227,50519617,49260227,50458519,52834063,51512706,51039002,49374201,48380723,46400267
49815255,51457505,56458752,50952603,49663959,49313572,47420009,50839313,47950056,46570776,49301871,48321495,50345813,44783827,47252772,50753883,53842710,47961400,46190267,50692881,51156492,49456718,48016081,49401136,48635027,49363429,55341503,53903198,50534966,51728932,47586308,44936149,52777348,49266428,50012975,49923922,49398930,52349862,52472527,49542772,53735218,49487866,49893008,49331461,47670235,48574014,48705890,49100824,46206955,47275410,47652924,48487527,50537637,50392837,51994203,51696693,48626300,48770459,49200000,47000977,49146877,49653691,49148893,50859695,50678741,49985239,49853470,49367430,53591788,51735676,49524693,54121290,51523794,50167612,47268640,52341182,49232107,47143251,53719087,47670006,49106580,47247298,45764833,49289743,47506452,52097455,46662989,49996428,47231182,48385177,49736551,45742253,49051224,52617206,50895379,47374100,50882861,53327788,48679738,48250721,50509969,48483654,47845540,50754612,49530690,52441852,45337225,49742990,47277250,46942034,48862350,53547820,48228804,53591679,51139510,48101372,51085996,50908850,52134371,49303440,47508955,48867318,48251058,48928270,47570904,53827467,46265107,48468236,51828141,47788223,52446183,55237638,48678631,48108297,47663092,48240240,48518880,52035463,51664039,47495586,47375790,51119231,50786119,48858775,50914747,52526280,48501083,50558092,51320755,54441015,50300612,48254442,51816075,50558981,47702705,51815841,50169383,45172138,48789061,49052355,47038565,51594842,51164279,49621701,52364524,50981885,51958323,49310461,48083324,50781967,53796232,49291525,49318922,50456573,45935921,47731551,50055314,51367578,49106981,52546643,46615793,48557851,52952277,44621104,45846322,47405591,49504999,49025881,47704171,51824062,53207541,47783948,51622859,51035451,52263074,51729131,50546323,47193805,46084551,48233178
51195008,53229417,58315266,53854609,50864970,50447497,51385921,51610410,50169380,49554501,50228203,47918156,54151496,48767776,48404539,51861493,53882608,48213008,48827921,51590106,51204986,50649581,48953705,51029721,50769977,53751144,56334931,56709501,52028097,55565141,50733342,49889998,56152824,53019499,52373818,51155153,53425563,55086764,58839555,48794133,55526708,52812793,53795074,48897094,51804130,50634405,49504452,48548203,48843290,52905296,49760914,51492085,51526261,51627840,55364513,49180796,47944899,48812324,50863553,52222062,50115186,48374839,49592408,52218972,54731122,54652544,53109316,55333805,54307449,52810404,51884081,53644369,53452532,52280909,49051820,53707856,51557103,50945569,54644085,51263210,50559221,47359952,49534510,50813932,49876126,52779792,49217703,50430823,50782697,51368496,48860272,50248196,53868976,54074287,51076598,51282165,54927230,53943723,51026085,51155925,51675166,50705083,49350234,53849745,54837745,52690445,47783648,50419411,48014473,48725056,50642380,53409802,48567970,54387759,50128335,48676743,52592539,52010834,51842084,53045239,50720721,52236761,51052442,51047845,51725850,54790675,47250338,50977677,51539968,49175911,52641169,56643109,54774535,51077087,50476035,51683611,52362487,51963218,52993515,49301480,49288799,53722481,52336683,49791645,52119533,53747597,50144182,52716529,51722592,57348005,53073388,49257951,52917609,51339066,49181252,54949075,49501434,49223910,51171948,50256475,51271632,52526438,54591154,51841873,52127910,54588992,53358885,49556987,49595975,51016938,55583256,52119862,50830333,53274020,48016566,51249716,53569321,55087616,52789267,55712678,48418202,50872326,54146907,48254792,47837163,48224219,54937910,51816256,49205752,53385572,56447863,52590822,52288298,50816101,54272045,54841430,51577339,48961154,49348786,50230462
47797737,49886040,52047383,46401612,47617319,47941949,45215862,46597760,47617560,45056240,46458374,46444499,50580039,47278572,45820587,48808640,51629325,50310572,46520845,48986354,49078665,48812532,46826372,45796745,48085793,48966435,54953003,55096975,48806027,51150544,45585612,45170524,52148739,51035676,49144308,48175766,51909869,53237792,52252785,47654468,53102799,50123314,49282400,47139862,48130298,47677219,48571046,47925894,47175590,47312005,47293054,47836185,50262301,50091002,52419796,48624850,46938554,48102504,49815386,46290972,47552609,46760919,46614261,49931316,50438339,52034289,46916636,48648397,51832150,49481759,48954300,51022744,50687955,46383220,48366237,51264721,49074974,45294130,50340194,46050852,46818358,45405684,46080719,48938814,49284007,50146334,45097154,49486624,45976716,48890663,46572811,43881091,48569964,50865031,48861475,51323162,48275188,50254816,47050425,47339562,47326921,47188433,47508824,49012016,49914765,51265639,42454025,46932424,45795589,45082944,45039117,50573052,46955451,53721041,50987011,47818677,50581802,50605318,49690188,48994216,46882147,49161822,47409247,49031951,47561829,49530635,45122798,50954677,47868523,48997843,51200410,52776419,49621797,47141990,47219169,48881042,49282066,52522779,52019608,46555696,46849271,49195680,50373050,46421456,49744898,51974668,49992787,49663265,47926596,56229300,52916253,47309467,48934761,49065498,47103947,52218968,48133581,45040641,46420707,47463009,49499447,50052559,51018984,48500801,48893428,49789105,50298597,46880689,47847341,50228236,51454891,49471358,47239828,48230605,45378491,48336062,47786238,50712596,49140757,50845150,46576817,46593710,50749481,46689378,43602560,48304196,47720457,48565719,46840920,48826015,54050772,47577464,51101018,48539379,49213150,52658623,45993562,49299180,46063881,46923608
45894546,47788101,50840201,45039751,45356834,46958344,46174044,46843898,44127864,43680662,45830598,43535298,47418806,45300098,46759299,45819171,50215603,47958220,41940460,46942882,45859016,44952127,43992810,46094870,46634671,50093194,51311926,51199018,45622642,52443013,45499665,45071727,48614450,46952182,46995874,47137324,45125833,49302065,49870502,47820504,49737984,49273287,48559210,44197193,45696177,44403440,45239512,44801858,45861699,44431977,45649906,45957446,46127099,49210713,49381736,47106078,43657818,43890848,46506732,48095699,47021588,46020597,46214812,49364541,48669277,49895085,46938055,48794331,47789593,47202464,48327983,49254572,46987802,46643504,46431802,49685781,46792366,46232335,52945404,46728890,46849306,45485673,44474154,46268040,44621806,47082517,45236158,44337377,46444656,45306019,46574315,43549869,45296340,49540236,44679471,46349893,47791614,49567009,45804426,49293855,49382729,44530278,44642425,48844371,46689051,45812350,42965180,46797255,44274222,42950661,43714146,49598993,44232549,47009172,46415353,44097881,48844981,47414882,47948139,47300484,45248358,46676501,45085484,46554096,46933608,50151359,44521175,46814506,47760811,45901999,47888227,48498201,49148529,44449063,46592024,46710389,44802352,48370181,49469566,45261582,45195146,46589699,44601347,47174849,47889172,48215868,46741040,46605230,48399771,50388737,46710973,44434755,48491400,50079206,43785479,48022938,45824539,42279756,46479368,46255371,47595487,47348038,49986720,45160356,46703367,49185381,51291163,44800259,45859563,46569997,51261327,48640336,44694872,48073523,43889783,42591697,45657766,48161418,46069702,48212916,43861060,46762743,47576006,43969209,41479985,44311156,50272378,45256381,43573167,50103704,52083037,47350735,46093711,45428396,47567633,48319788,47043530,47086461,43880699,46260523
49707784,54432582,59065383,55227892,53383089,52313388,50834286,51390684,50094636,49881070,53695938,52058551,52546875,53135256,51744643,51891396,54651445,49745645,47461538,51095094,55191424,51871125,48144699,50688810,51665239,54037650,58292059,58083788,50668647,56907007,51254100,49495488,57973434,52076082,52458081,53451039,51426059,55712743,56382085,50446404,58689537,54414420,54127535,50387503,51971643,51974582,51136053,49414818,49834646,50394320,50829852,54210237,52922085,52210031,53896974,52197841,50046970,49625770,52432329,52232901,53913335,50980201,52302429,55011666,53333134,57699836,52592613,54642884,55399637,54343239,52329987,54032942,53742592,52049103,51299422,55663842,51699023,50364643,54511339,51915291,52672201,47927274,51039582,52841363,50148822,52407931,50572279,51582838,51366939,52652372,50793905,52081895,51874908,55549907,51986038,55129013,54415009,55478350,53162700,51263073,51333809,50656956,50708363,52644983,51798220,55086524,47986970,51080472,51591329,47869499,51884680,54680697,51451612,55012814,51045415,48470701,53338074,55279439,53209992,53718793,50612530,50564807,50663329,52425393,53670431,55382438,49612038,53788312,53531846,52284800,56115322,55319578,52970150,49675755,49592589,51335842,49744655,51811292,53293173,49919087,51885663,53342110,52048186,52646684,54770663,53610269,54504174,51617217,54837910,57417948,54158119,50129915,54448687,53450071,50310800,55586901,52137357,50067529,52628290,50922413,51615780,53158085,55671514,50953252,54105199,55354006,54279919,48648307,51240085,54240006,58726351,53035237,51131307,53106210,48114279,48778865,50931725,54847665,52837891,54012663,52450530,50861818,57179804,46749149,47338432,51297816,54994834,52393729,49921437,54524085,55344064,54217918,53525617,53158238,57088293,54221456,51323355,52080732,48694316,52072483
51511737,50872144,56564568,52447909,47166016,48659877,49571293,49968131,46131491,46989131,49644026,47794984,52712598,48705709,49194805,52040444,53395423,50247471,48727601,47587064,51167005,52478248,47279432,48351082,50752032,50184718,56153003,57419642,49035876,55417496,51443483,48202029,51975850,51286457,51148095,51329711,50833701,55015947,55532095,50067734,55365341,50807713,51727063,49088405,50343918,50448090,49785915,48915712,49126951,51053536,51780186,51215572,51102698,49994036,51546648,52221999,48523990,47344991,51578639,49814127,52368656,48897933,49226502,50167325,54819338,55207226,50907582,51757807,54010510,52397080,52253309,54448481,53830211,53845419,50218820,52972759,50969869,47482681,55622732,50913269,49018121,48517681,47808917,48304251,49256213,50252644,48037306,49402605,50174014,47316721,51283822,49008333,51822915,52080822,52108411,49128272,51735982,53843095,48495453,52440627,50600462,47947400,48848174,51776070,50896525,52982023,45832351,51417460,47143489,48990655,47398385,54925844,48215525,54072855,50084725,47671662,53891652,51667482,50460090,50485600,49895408,50681512,47400419,50789376,51987647,53261210,47796916,51537857,50672091,48039978,52373562,53842626,52675670,50280293,49548449,49200668,50419089,54200314,52625577,47960608,48017707,51624446,50399702,48602928,50865601,52746369,51066514,49303021,51972862,54253323,50523061,47647440,50838156,53119683,49242490,53960856,49733020,48062628,52251041,49898706,52969221,52099466,52953707,49243573,50477582,51525105,54520719,48767629,50150954,48164737,55079353,50583727,50529373,51029942,46384110,47810588,50324053,52493035,50938270,54243517,48225926,46331957,50642391,45876478,44406014,47831779,50623937,49638700,48789818,54992281,54789168,50594345,50903857,49657642,53141413,54840762,49872951,51571420,47348345,50122150
45372396,47468931,48674195,46504547,45299737,46476726,43174626,45955268,43860106,44295862,42348481,43136973,46124509,42931735,46111747,46100359,47378985,42141427,42876312,45992197,45400160,44872281,42321704,46433098,46222335,44777638,49309349,51550659,47104776,47088827,44077269,42484277,47567239,45258453,45647899,46715425,45797471,47740742,48563120,43854093,49439797,49335920,46879207,45331751,45338536,44350378,44412506,47090621,43237248,44226903,44750960,46722242,45635635,46480902,47815841,44874409,42071294,43391980,45137771,43867720,44273405,46216120,42640056,48031579,47734943,50957570,44515994,48397966,48695120,49859788,45540580,49607398,45594445,44613793,43726453,47140927,44553276,44529281,48028036,46772554,45243516,43355762,44492288,46554648,44505090,48443393,42782065,43126038,42496511,44959813,43989697,41241217,44912167,46072827,46479858,46714109,46527670,49775633,42839795,45383044,45441788,43716680,42643559,45058824,47393997,47832604,43763283,44988431,42935233,43202533,42621910,49269071,45099437,48144498,45785241,41185769,45698171,48361983,47600907,47917691,42800289,46024512,41819756,43770279,44087335,49123522,43531796,45863699,44632052,46416152,46143627,52011502,47539435,42874663,41154418,45179881,45228781,48024802,47038671,42255483,43010478,47846485,46870783,45560412,47642656,48800339,43634874,45697645,44455287,50107113,47624641,45499973,47443839,45738897,43326803,47100925,46209700,41858892,44558618,44514630,45567749,45026055,47022758,43030206,49152601,45622721,45985157,42266499,43720842,44689756,51276876,44885317,43535465,46205519,43126344,44456185,43102226,49158669,45632051,47755753,43100354,43922024,45436053,40324587,41054945,44366467,46792461,47006183,43959391,47798409,46961447,48027180,45374339,44999833,46783951,48217988,45057182,45389345,40524797,44495827
45514505,47562804,52080502,47537553,45740003,49160426,44074525,47833357,44975981,43031536,44201400,45565087,47694485,44598850,47996198,48083602,47617045,46348557,43383963,46958148,47646266,47233002,44545243,45161703,47786899,50030610,50894126,53167209,48181444,48169212,47843934,44160706,49639314,48216660,50401955,46430069,47366067,49956367,51589872,46356747,50078489,48187132,48957880,45575611,45856739,46977867,45539185,43948614,45509192,44437937,44976847,46061080,49424267,47020000,50365588,49189728,44690198,44378334,46267096,44182021,48144749,45472412,45342088,48871953,49413899,51197886,45497636,49636640,49790179,49507931,49922153,49499881,47941171,46230644,43714881,48963077,45484726,46465865,50944312,47001007,46657198,44880393,46714422,45367507,46666885,49763537,46705746,45132171,43200742,45566978,43942873,42374532,48033985,46652209,45064539,47316486,47107055,49073443,46904272,50684786,45197080,45411577,44201370,48853129,47739582,50954668,44061575,45657947,44263039,44913762,43645158,50333971,44512803,47948366,47821368,44812281,46951672,47460546,48706411,48594938,43792291,46331919,46040842,47590560,46960441,48006467,42720920,46075450,47555486,45629788,47114377,48949565,47739686,47859649,45211840,44829258,45269249,48039889,49164138,42999860,44312424,49919291,47123106,48059223,49019287,49764076,49129272,46346039,45036055,49940169,49537735,45098289,50506711,49261216,45689414,50239418,46440678,43365171,46966128,46953008,47865041,46549899,46887734,46608324,47489408,47906804,46964088,45082996,45530083,46083290,51671920,46849294,47019732,46658817,43630410,45000493,46930252,47899500,47006911,49193813,42352021,45470760,50484982,43261599,43820979,45549432,49401728,48445770,43334419,49813112,52445611,45357891,44358416,46956740,48039914,47507262,44848576,45849212,40535790,45978902
48443982,50670445,57001771,49849207,50476646,50646697,47803431,50001966,49797290,49180372,49379674,48249886,51999639,48441995,46849819,50021669,53501299,46538452,48126226,50485014,51093016,49434600,47231891,50507257,49836036,53059008,55485174,56284126,48951460,50988470,50441058,46802591,53943279,51167589,53042911,50808961,50120625,52809249,54884106,48232269,53070549,50469608,51134070,48264736,50261413,49383986,47681687,49331740,46456521,47495242,49345898,49651207,52132893,49847082,53769536,51651565,49195522,49517242,51120925,50644175,50048949,47226745,49101090,51519123,51377814,53541817,50447123,52533851,52848400,52577445,51414270,51080011,53932250,49766114,47730208,53113127,49469962,47536446,53159364,49924990,51926691,46499153,48216011,50142969,49120398,51523055,47949370,50650012,47311304,49974949,49148909,47348429,50464292,52002396,51150590,51060084,53773918,53841397,47878869,49472305,50574138,49634388,47887020,53035566,51755040,51301754,45466484,49280444,48707067,48271409,48902204,56570003,47853942,55321209,51400214,46979524,51576529,50881899,52390261,51431638,49504676,51018240,49161237,50276272,49264564,52786551,46128717,50070350,50324350,49136503,52348460,55819950,51812530,52201469,49606827,48011683,49388737,52034428,51857567,47888828,48697870,51439289,52470145,49808940,51349763,53363878,50424562,52620401,52533683,56362361,53251317,48193477,52009561,52551051,49294441,50636024,51220890,48436110,50028936,48438789,51308444,51695245,53442595,50409565,51782770,49326628,52481045,49326697,49419554,51240585,55022777,52369414,48213397,51076301,47234704,46998642,51212675,51503296,50544391,53433209,47560247,50528175,50054364,46577140,45319926,46543267,51475028,49120542,47395763,50875146,56649881,49161972,50828105,50093736,53882081,52975231,49305699,51108133,48151686,47467389
50163001,49794579,52797361,48801343,48059081,48447325,46743148,49332421,45585919,47129292,48343512,45829263,47808025,48117795,45872548,46931868,49356414,47087729,44329979,49573106,50089371,47450813,44462020,46879321,50169711,47375991,55453681,52456534,47013961,53293857,48719407,45478954,51057857,48848324,48920511,48158619,48926410,48318422,52375026,44613969,52749695,50005277,50535306,45611739,47427193,48628828,48558757,47219205,47506820,47956174,46532083,47397284,49016633,48082714,49762130,48608702,46638965,44078582,48480635,46431415,47367636,46366793,46612920,50321738,51944871,52270580,47693338,49063964,51947756,49034112,47385928,51482105,50637882,46558194,47918268,52481690,49277989,46834217,52169724,46987455,47951192,45640148,45697702,48234403,46076535,48394699,48244077,45216280,46834191,44852187,45928028,47368817,48229669,51323431,49245156,46791769,48614525,51812332,48935472,48091619,47571790,47086997,48902272,51448396,47566691,50596854,46411955,46987969,45809527,46027628,45342112,50401110,44926944,52321183,49128869,45817666,51807306,49872403,48254334,48508981,46120007,49103233,48285623,47919670,48192100,53611285,42695199,49113157,48183121,47578231,50976788,51814758,49280326,48450233,45191185,49049339,46813700,47428937,49229683,46943638,50082500,48034617,48692275,48571104,48345680,50941303,48145857,48960370,48112120,54049930,53196723,43911756,50107919,50745329,47893453,52442505,48654480,44989410,47692988,45176717,47907366,48565157,51624464,48310996,49696592,48776618,51214262,46355335,49277092,48670802,55583634,48172354,46708494,48994746,45567879,44753639,48307127,51313733,49214427,47494895,43719692,46504598,48899057,43960175,45191280,47410370,49472833,49651933,45280102,53097337,53450133,49035424,50546063,45799506,52213852,51035497,46648315,48367710,44989609,46122016
49922097,53910384,55448690,50027942,50778645,50718213,49838299,48945302,48360803,50571344,50479656,46434351,50240174,49959104,48529245,49800204,52394721,49923209,45225685,52058792,52101336,50769525,47970090,52107287,48904874,51455087,55770694,54993495,48850739,57776224,49314520,47380186,54669529,51786915,51052733,51090449,51942964,52288159,55365311,51118023,55042968,53706338,53910383,47677197,50617393,50099004,51131036,51710502,50496525,50398938,48399045,50980465,50465338,50971384,51413287,51230323,48864601,47729782,51221330,50531562,50137124,50151252,49148248,52735447,55100505,53177861,47932819,51392565,55738223,54607666,52561039,54232013,52181182,51573903,49476891,52866539,52087583,47557399,55067899,50097498,50900794,47958848,48288858,51942788,49398712,50652075,49042029,51196302,47497747,49958263,47986596,48843693,53890564,52795947,53091751,51214048,52108034,52941668,50025829,51006171,52597250,50814094,48577038,51476725,50179415,52223374,45647193,51959837,47663803,47583752,47916123,53890181,50345669,51725460,51428211,48942874,55486954,53266815,55261947,49845004,48143716,51528429,49358933,50993947,50597523,54256666,48591769,52895297,51023429,49550440,54631844,56523865,50097508,48348550,51231234,50094958,53489579,51436218,52175541,47878583,48452488,53592868,50298430,49680808,50090456,52482134,51392467,52128829,50198776,56593125,54408930,48963742,54153878,51337687,49096349,53476957,52019853,46468358,52336777,50435433,50190801,52357414,52675909,48862133,50529532,51223227,51843838,48488210,48486976,50076204,56143918,51530249,49648839,50905524,48318661,49540092,51447032,52668463,53649837,52620050,48204464,49362472,52797287,47197114,44952775,48529909,53730277,50306974,47819506,52654005,54316362,50006574,49686440,50094532,52769779,51884735,50718643,48944576,48306166,48105772
52231044,53384808,55769531,52941832,50925741,52621552,50494109,52655820,49900137,49487874,48976966,50428725,53970018,50114211,50862995,52571411,53037503,50830663,50201611,53585133,51349665,50595940,50227891,52707359,51894133,53703184,55357532,57944431,51156568,56233477,50458860,50688693,53207155,53093581,52001041,52372222,55104412,53699611,56279416,51064837,58158689,55068597,54658528,52371774,51320247,50405009,50088894,52256506,50455328,51502371,50021788,53206402,52905420,52259371,57113737,48834980,49037856,50477094,53244413,54504325,51818227,51121292,52202039,55369071,57128725,56747152,54277628,55253956,55135564,54535846,51989006,54054397,54038367,52033805,50308043,52717690,51809690,51482719,53544714,54712245,51148373,48094867,51290802,53488179,49051281,55016400,49961775,49313839,52565095,50198144,49484475,49832749,54547874,54978744,52362222,53011959,55416258,56072261,50163184,51324888,51723807,50204694,50545185,53024601,53474498,52594174,49483426,51992785,50193173,49269091,51522987,53640770,48375186,53603565,52908611,49397953,53590978,53730275,51312293,51938607,50200109,52209359,49630687,50784900,52561490,54833445,49680325,50981566,51300860,53164979,53787572,59746284,52117885,50354816,51343642,51609311,51118938,54594650,52653768,50289256,50816419,56298212,53611932,51100377,51275175,55032744,51690013,53998404,53536083,57342596,54213393,51591189,53540519,52916062,51351395,55066062,50662079,50500801,51248063,51135562,51190715,54228274,54826987,52331859,51753436,54916436,52053840,49518576,50599693,48886422,55966658,53493144,51372422,52613462,49525863,54189640,52082972,54411247,52659640,55669743,49961618,51601052,51421710,48337669,46802589,48935866,54755457,50996077,50581297,54063395,55855165,53190787,50585979,51773221,53503992,56877321,55609170,48659384,49518797,49620776
52515507,54130759,58053552,51753932,52349950,50292439,50740739,51360146,50081297,47573787,53379642,50495332,50280208,49210643,49317508,51512344,54232239,51629966,49828915,52804842,55715648,51948526,49085471,53028271,52777551,54410451,56923393,55934611,50371804,56827012,53974799,50635790,54892341,54033404,53707927,52811628,51730848,54737601,56049983,52157471,55583408,53421038,54732039,50071879,52939100,53357440,52772440,50991961,50121008,51767217,50642805,55040194,54125770,53867125,53714811,53146120,50072027,48895693,55046567,49651685,51143629,52255315,52062223,55583978,56036387,57121525,53480832,53754779,55316214,52393276,51141511,54622444,53792070,52510231,51428905,54693188,52514357,50985609,55589753,53180868,52264693,49448650,48753644,53035964,52256998,51942340,47736812,48745796,50822494,50154065,50992768,48136113,53037989,54983746,52885536,52947342,54447213,56872241,50864654,54352522,52643025,49223959,50389442,51973584,54571740,54665061,49547497,52591230,49421370,49732980,51137806,55085392,53330569,53937159,53954790,48354150,55453197,55712799,51830523,52581839,49619538,52796170,51357943,51019869,51391470,54054539,48608261,54331270,53977547,49106596,55776187,55912346,51613123,51955465,49203556,51421998,50425730,54412100,54501950,50440272,50196941,52772851,52659269,52698666,53221002,53951844,51349757,51929275,55821465,57125169,53811896,51955315,53814173,54656487,53074975,52995685,53972371,49445341,51955657,50776453,50809075,53002476,53080693,50957858,53025007,54721759,52476231,50325848,51513328,50710713,58691631,51669139,51352088,52288331,49106962,47774359,52222528,53354793,52843327,52760029,48055000,50917494,53684570,49666828,47105185,47336774,54974612,52362803,50950426,54867186,55992562,53418456,51179338,52328348,56897324,55997683,51047189,51626550,49458077,49752797
48771781,52475996,53480425,47687492,47493789,47718302,47107887,49303914,47206572,49727971,48173736,49436511,49382903,48971604,46956776,49378793,52751788,48716175,47367647,50464807,50606452,48445590,48065613,50951475,48751266,47866473,56020294,55790539,49415852,53389377,49699873,46533863,52348151,49911843,50745550,49089515,50002874,51479042,52840420,49092843,53733945,50847877,50056247,48207082,50157167,48729721,49139023,49521882,47733889,48613608,48495438,51109343,50734681,50665377,52231625,47857497,47392139,47710925,49065320,49434777,47832303,48417793,48757336,53207621,51824916,51933741,49748604,50997423,53355713,52228831,50197313,53216828,50383788,48273209,48754936,52530713,49040045,47129983,49067848,48614636,47898746,45373552,48191231,47777485,47680931,51686748,47349091,47468186,49018563,48219259,48798520,47053473,49470259,51445872,47234830,48907666,50790490,50275893,49953482,47275499,48875163,46479654,45209985,50145424,48862082,51970412,47393369,46796222,48629883,45034797,47997377,50066053,46370260,51237907,49025208,46817848,49988304,52022701,49783321,50898414,47518159,50785908,44256561,48741980,47316595,52047830,46435701,49834872,50174037,49878253,52906041,52165380,49273987,47890405,47740888,49932550,47552492,52645947,50595652,46441677,48186545,51416270,53765144,46674439,51221329,50872888,51357999,51139804,49252441,54545917,52309213,48206194,52929830,52305389,49008784,52326871,50185402,44981506,49881760,50208242,47672078,50706215,52639974,48873541,51333538,51960542,52137113,47897051,46878050,51285615,53955295,49928965,46778691,48058982,45421931,45915712,46846698,50944946,49673885,50187550,47265263,50311518,52823623,45409413,44736362,49148480,48792997,49357634,45629780,53176217,53340823,50153279,48466062,47178843,51190159,51438391,46651202,49994481,46305870,47376239
50419043,50566876,54621959,48783806,51390364,48070610,48541106,49280879,47164249,47625612,49312064,48943257,51059585,45298124,49280238,51795849,53282870,50303235,47391406,50605639,50404257,50282610,47998598,50435067,48929673,52000935,55058259,52977573,48478273,52497832,50612304,47979738,54487207,50017899,52490902,51985605,51535269,51635526,54027541,51616933,52917920,52333148,54580086,48685395,50532309,51779756,48026329,49509986,48681490,49620414,49214244,50317101,52771856,53022820,53936128,50038644,49340859,48390540,51126613,49486926,48188886,49767359,48730558,52558756,52857384,52767891,51280983,53577088,52660157,51755001,51524559,51827600,49894609,48822988,48024207,54668239,49048512,49324094,52042938,48954719,50464466,49317543,45877161,49832011,47883655,52054651,47035752,49245496,47789435,50995204,47509857,45791864,51464749,52105030,45712048,51575467,51029326,50267312,47388989,51644994,50729626,48756629,49132029,50846048,51125800,53033831,48982737,48187486,46080887,48704390,48306501,53255945,46197006,53835499,51640137,48870698,52771761,52441686,51800545,52450293,48731158,51704166,49619923,47592131,50465201,52078603,46118869,49339459,49693996,47461181,52368435,55301805,52897641,48987344,50441659,48703878,49909472,51676028,53552621,50006981,47524497,50649138,52492837,52680739,50691828,53060685,50139240,51448241,48609667,54073260,52067754,50587612,53319076,53620682,49120277,53127915,49336357,48890827,51887412,49641677,50487204,52424705,51587328,52628183,53860936,50871345,51023562,49027596,50866755,49189390,55720870,50972396,48396677,49859584,47495645,47689332,52978632,52317604,51401572,50642229,46599229,48070875,51133819,47076781,44728472,44014005,50572931,49534015,51420089,54153180,57340845,51106390,49710702,50624563,55649720,54799180,50437896,49033840,45915502,49080148
51080267,52019661,52270693,51491408,47422851,50191917,48051765,49788484,47373520,47843713,47478087,46297811,51190471,48818176,51129866,51874947,51563688,48743312,44685754,49839627,52267537,50391702,47327347,49116048,49193378,51272528,54747031,55562711,50052337,53909672,48618383,48561834,54776969,51296840,52862031,51106771,52304926,52107505,54609435,47995632,54836927,54004689,50129979,47487569,48885870,50308566,50408414,48293451,48750046,50124592,49317278,51201603,52107793,51552062,54029308,50006478,47439291,48570431,50824164,50722906,49496498,51237509,49523638,53066432,50971665,54807766,48440865,53688518,56630109,52031578,52759731,54035966,51577453,49750381,51684064,53516983,49930968,47564127,51900255,50894229,49114242,48670439,47810691,51068633,48675887,51197342,49356858,52029510,46811766,52277387,49109121,46063162,50702984,52424960,49188619,51243177,52009504,51398506,50257977,50244753,49265671,47158274,47020777,50570231,48806084,51968788,46400908,48587215,48907997,44747077,49935110,53838038,46941378,53354551,52388229,49247559,50459316,52672811,55504634,50648232,49255496,51784918,48023942,50198334,48604245,53031391,47292474,50789722,49484382,49674001,53616395,55512234,52836380,50016910,48795261,50738496,50527852,50085932,53791719,48737792,48068492,50112913,52248463,48696793,51101758,51947705,50571076,53425535,49283819,56173338,54151288,48397464,53965646,52067336,46568299,52648106,50707733,47513501,50535221,49313316,48204890,54246310,53136269,48951815,50545291,49647661,52127860,49835039,49363258,52798561,54050262,49825461,48901715,50308789,49154754,47868366,49652331,52118746,53355623,51645244,47928823,48914860,51344279,46754084,44259540,46645811,52843333,50008111,48930778,52871285,56606394,50278174,52017232,48987465,52132953,51406476,50576038,50801551,47765286,47682245
46768764,47951011,52987408,49525687,44336797,45962795,45311157,46749221,43225369,42493904,46300633,42789345,47758999,42870711,47623288,47240033,49511564,43518668,44351439,46062417,47894180,47102563,45738987,48577712,45279632,46893107,51417693,51902504,47838752,50724986,46133383,43894959,50532486,48657842,45606751,47434248,48908299,48685971,51786762,46059405,51452099,49648996,48235788,45310035,45848522,46529626,47185038,45225330,44566574,45688205,46137138,47060099,47030934,48251319,50379371,46414196,46347710,43353496,47594967,49965334,48754352,46452269,46912061,47715607,48768509,50580299,45779379,48802802,50538190,48983037,47594878,49228154,46841132,47197220,45181465,49009823,46338979,47648004,51245736,45812941,47498539,46855512,45739596,47021494,47290894,46104267,43054778,45667907,44493454,45757496,45519274,45517012,48418288,48742890,47468735,48577340,48530882,50024039,44310407,48630716,48280996,46887491,44421465,49959703,47037191,48756511,42983753,47866340,45321434,43564497,44692281,51404971,42793146,48371011,47980063,44683938,46112130,47965841,48001009,46785548,45526378,49051061,45238598,47493604,45829564,49184698,44098098,48363114,46158826,46817084,48497667,52029150,48815125,47712888,45803121,46748548,47196686,49061543,48638609,45970948,45316625,48878523,48094220,43873478,45613068,48467663,45896768,48843930,48242945,51213502,47778190,46100154,50043218,47403747,43758109,49848147,45959234,45592713,48371889,46574601,47780437,49262975,47595680,44930027,49115717,46446719,50022195,46548910,44816719,46249445,52040209,45772440,45960875,46273737,41577699,45301541,45829449,47919099,47340004,48679910,44699769,45127489,47602033,43450177,44034272,45816353,49964722,47710026,45132545,47498974,51928284,46987352,44622564,46224122,49146252,46509624,48233426,45468038,43646883,43823725
51464648,49307287,54772666,51113459,49652348,47351935,46890058,50200120,47466833,46878693,48637693,46982527,51752869,48473955,50541679,50795368,52026294,49851829,44384531,47922056,52151595,51743226,47621022,48894357,48523044,51725675,52621657,54155506,50279989,52882948,49514964,46427932,52107148,51539851,49363465,48855568,51154373,53151820,53663661,50201583,52891224,51101207,50059138,46536663,51137274,49118232,50162491,48544069,47806327,49901157,49009417,51744669,50492489,51378473,51967719,51302223,47981012,48125707,50303929,48400929,49287668,49967607,49196879,50588918,53814167,53988865,49590710,51248098,54152481,50208079,50022015,51902210,52742559,48174880,48232459,52452740,48145794,46929687,53099343,48528149,49754264,47327327,46426811,49919497,49293828,52072194,46144413,51372207,46879812,50772561,48894157,49084257,51095186,50135883,47898939,51120149,50922644,53152774,48787975,51599993,51365607,48966016,47770626,48372954,50275049,53196859,46463456,48998112,45324726,45676903,48457692,53371694,46738510,51063414,51691220,46989746,49935767,49892708,53982955,51994080,47354988,48210631,49426659,47474450,48099864,50118646,46539148,48890930,51947545,48139356,52266817,52770117,48878877,49616875,49616647,48818223,49991655,53005241,52410598,47052526,46431730,52701375,49779261,47818734,50349884,53410120,49745431,49811811,49195508,54549523,51652015,48917908,51837720,51190299,48358200,53090244,49601473,45881392,49878349,49283617,48710398,51760783,52906900,49952075,50203754,49246411,50192263,47413971,49369411,51174149,53339422,50081262,47898059,49767724,47211221,47385391,50233208,53331428,51266624,51218744,47453525,48009510,50562884,47130600,44701830,47173854,50790151,49416274,48582521,52762366,54554312,50096265,47876971,49417600,51542754,54556739,49187763,49219849,46877643,49838679
52309905,55064155,52146899,50493884,50673255,51589067,48616251,50193391,47563021,45580015,49327791,49061902,50477544,46949011,51713291,51469710,54984315,48005875,46884891,49149512,52675284,52069211,47432967,52587067,50505831,51954686,55426446,55282350,50149133,53241821,49638619,46011439,53602112,51701367,50601441,48948751,50694287,54183518,55831770,48290809,56428683,52039476,52148856,48883661,48029813,50625035,51175166,49633843,45802603,47468867,50410495,52221459,50138536,50973146,55310816,48700119,46047987,49025707,51886460,47881963,49063150,51010444,48742584,52098367,53432312,55046274,49079950,51983736,54011378,50602611,50820944,53591801,52480073,49081931,48558159,54113977,48552677,46832646,52329806,51359613,51382977,47485500,47952184,49114929,49848778,51794951,47254022,45941157,48044916,51109785,50971744,46978845,49242286,52792310,50559289,51594324,50223897,53662134,48680735,50189760,47571424,47918026,50931854,52767685,50616525,52098808,46653355,50517624,49424679,48033351,47700035,51274876,48424151,50617589,52531604,45739806,50553984,51701578,52484046,50307027,47715988,52099717,48058054,51399801,49735892,53227035,47536980,51375912,51120249,48928844,51517305,55035858,49797166,48404536,46300694,49821941,50920834,50415607,51023732,46665257,47441391,50545930,49879271,49560335,51782984,53988823,51980915,51147767,53264690,55885454,54789852,48425473,52790201,51911601,47960371,53877960,49678558,49184891,50577449,50056870,49661757,51215894,51843579,49950406,52741905,50787256,51362005,48549830,47736583,49569656,52573380,49955790,47584677,50095416,47802977,48520739,49901075,52523075,50254531,49635567,46461917,48715277,49862096,47210822,45649687,47121266,51036689,49455088,48322963,51953622,54829015,52415303,49733522,49799768,53627291,51740220,48295397,50780777,47620167,49277018
50830152,53617976,55965458,50235861,47637153,50031001,48786641,49349762,49046483,47382706,49378640,48207991,52186641,48974055,50308943,52310659,54495664,48184298,45948347,51474419,52209230,48855297,47118674,50334903,50409269,52076829,55644235,55224948,51746082,52589015,50852158,47320585,51189268,51325225,51901057,50477426,52850633,53363839,54954686,50703408,53794347,53940817,52765320,49011967,48952104,49888465,50307796,50697840,47048279,49538831,47641218,51537263,49877861,50737342,53080149,51246229,48631772,45993349,51424063,51088730,51428502,47515254,48409352,51249942,52867479,53225431,49382066,52199397,54541012,53564869,50425657,52319495,52058954,51237401,51834228,53712784,53982956,49915396,52802704,48445735,52373616,48208605,47080042,50722484,51285798,50547636,46966396,49017987,48277239,49616646,48184498,51270373,51883948,53129668,51067485,48689803,50907320,55003059,50903416,51529610,52106473,45732853,47976366,52542214,50357410,50078947,47196223,49343875,46717359,47398648,47662605,55044246,48961942,54589284,52768325,50292505,52427973,51403883,49447607,50494143,48175850,50391686,48897371,51491452,48650075,53333323,46312165,52337336,50504784,50157453,52353945,54608254,52891735,48820218,47606183,47838586,49697519,51716660,52722489,50560001,49475179,52504602,50039129,48878088,51690860,54857213,51633938,50990652,52642856,55409568,51730835,47465146,51517340,51731579,48365052,52590644,48877388,47832186,51030734,50208034,51650197,53217435,51251461,48905109,51499737,51748205,52593030,47355464,49119398,48718184,56510004,49323881,48378638,50659842,46148824,47011713,50015422,53777632,50347624,52719303,46473991,49045868,51866241,48424853,46009968,49755564,51037129,50440415,46265009,53540993,54721172,49989516,48289918,51567423,51851921,53393053,51423724,51379524,47748851,49644116
48650069,48217333,49764601,48385338,47647937,47243447,47828166,46794885,44913445,43760689,46333489,46772161,48197379,44436750,47117179,50190574,51786961,45391822,43291229,47537066,49743442,47046482,44864043,48729995,46982219,48946454,52861760,50507983,49986292,49473806,47845132,44816517,50411873,48977107,49387138,47789244,47456005,49910870,50884752,47258645,49375617,48695762,50700814,45652503,46087593,49671117,49310538,45800368,47524277,47218473,46847362,49665847,48246437,48422532,51375211,47292719,46541962,45396685,45265669,49732216,46746385,47347973,43774874,48509034,49344132,49901058,48373516,47044156,51135355,48927332,47754455,49772659,49675552,45980798,48111360,49511178,49498471,43443113,50646928,46589717,48284116,47482476,45401365,48167737,45854131,48970049,44935544,47762319,43634663,46872611,46060650,45993225,47668290,50341161,44933044,47721406,46346097,48793307,47143346,46673177,49741726,43615177,45953331,48847178,48532137,48962913,44631964,45060283,44804970,43810006,45665089,49634650,45678960,50227051,48570758,49190055,48472270,48332924,49562971,48755849,44615646,47129806,46999116,46655031,46680771,50356115,46307476,49328334,47136235,45457808,48747826,53478141,50242313,46984950,47865342,45963874,48384732,49383442,49686060,46199569,47005205,48983755,48290687,47056574,47315734,50809136,47357163,47522596,50171453,52639457,48196822,46468226,50862079,50343587,47064668,52042649,48161123,43731320,45914904,47873588,49822581,49158740,48003242,47927862,47975097,49883753,47189676,45928010,48032023,47115216,50553263,46676129,45595996,48028907,46983150,44433446,46575062,51682600,49558779,47710861,45768897,46678055,50811713,44622582,44426116,44691570,47979898,46214886,46246957,47267165,53114669,49492177,47453535,46660220,52054558,49545626,49261679,46388960,45292541,46101058
51348116,49803183,52547949,49229603,50557977,48184355,48254039,49969958,48981420,46089084,47761131,47309019,48612963,46343400,47327910,48974431,50561922,47205005,46051883,47926188,49732594,47209258,44658519,49567232,49889393,50772558,52788323,55270807,50170375,51999921,48303344,47603292,54446154,50404428,51872246,47778123,48762871,51178932,55011517,47883973,52548481,51385331,51134855,48579678,49836157,47802433,48115823,50865346,47009423,50480004,47660414,51158033,50445061,49837534,51565576,50431956,46378279,47229998,50107550,49161885,45419768,46677938,47757117,54076233,54632622,56372621,49725837,51575955,52940915,51193864,49844659,51695505,51684721,50753761,49260802,50590409,49251956,45165856,53288349,49567474,50431670,47160008,46655647,48093957,49512850,51794575,47840527,47673340,47890572,46286902,49631648,45452663,51530799,51285512,49701847,49877697,48986639,53139645,49868051,48462399,50846083,45844773,46244670,49113207,53197996,50943154,46451620,49564703,46161914,46287877,47044300,53739256,49428152,51094358,51092176,46248593,52771642,49887998,49185333,49387362,47438605,51633622,48016834,46858848,51588247,54414683,47693116,48592311,50215500,49619815,49936341,54447637,49841719,47857155,46483485,49565564,49236809,53392110,51983176,45454398,47373432,50381786,47621529,48098436,51730341,53990270,48343477,52122058,48820613,55578414,50815883,47140907,47747587,50891587,48171260,51704020,51492451,45839251,48750554,48212709,51095647,50868414,53213438,47575354,49444521,51930248,50377797,45730161,47909949,47998098,53217610,48921907,48558688,50298561,47285883,49026740,48213576,53637890,49155823,50447101,46482249,50258465,50479351,44456099,44039397,47524573,50572791,51011735,48717496,52107965,52681140,51539659,49367170,47930473,50593307,52925847,47475733,50553630,44620589,48832933
51846102,54701770,56115514,51886829,52236474,53326962,50405326,54314089,52421999,50287212,50879514,52748953,54625687,51721887,54641768,55197583,56085994,50696194,50227326,51437667,54779411,53633503,50617294,51538979,51111633,55182530,59613640,60264119,54376287,56851115,52877884,49579682,56802720,54243090,56230368,52360523,54582668,56765243,57925710,52503064,56943689,55394904,53427211,52349480,50657201,51803238,51654804,53668750,51235175,52526277,51850350,54436501,54364561,54535819,57379665,54418640,50127025,51087761,53073896,53380659,52317761,52941123,51779882,54654563,55679012,56407572,53285242,56654476,57165405,54274363,54762119,56009613,56818396,52253844,50721669,56951696,53501737,49900164,55816006,50582690,52260339,49788648,50972689,51559274,52334982,55437545,49275724,52466083,52811913,53535623,53732140,48639343,53932848,55107845,51993446,52274981,55129501,55309840,52070608,51593021,54909013,48661284,50495950,53470964,53091212,55635163,49098149,52841004,50901677,51496378,52358179,55588700,52054378,56671499,55443249,52027896,54356868,56215970,55188243,53920464,52181746,53230702,50970851,52791517,53938085,58118586,50442496,53682485,54500493,52486372,54927487,58307710,54896562,53328071,52291418,53227997,52757400,55696567,55022939,51599031,51008207,54807975,54066360,51474421,54282937,56388640,53096980,53342588,53567426,57514381,54975606,50578951,54532914,55494952,51398769,54275519,51755217,50998089,53796390,53437120,51862755,55170402,53827109,52076376,53986223,56608142,54010494,51536346,52093683,52592272,58761356,55518711,53632942,53131950,49154912,51403376,53349695,54466635,54248794,57097934,50233880,51463485,52547683,49729474,49568065,50667034,54419113,53730733,52011772,56891520,58384589,54843358,52484570,51098534,55337666,55952967,53988117,53642056,48619894,51520829
54127139,55588781,60521974,55191497,53432350,53118151,52345857,53578905,53466178,49972876,50895496,50681198,56941378,53601200,54907602,54182371,56752772,54286122,51135112,56000542,54238749,53054178,51861349,53004501,54184135,53977143,59210387,60542639,53897352,58873404,54323948,53762947,58526332,53860492,56710243,56104811,56513204,56928262,59220410,53582554,58668006,56704548,57290992,53512758,52255981,52136482,53368806,54702195,51987470,51279204,54485398,54558043,55951369,54937104,56302504,55913040,53658508,51095917,55307200,54243229,56272583,52264636,54233761,55316408,55824029,59494686,54723783,56785014,59371406,57710968,56120529,57071966,57895043,54146424,53190004,57122914,54423952,51949096,56870900,54706015,53332380,54073086,52193222,53590582,54256956,55954539,53113216,54487078,50265343,54063531,51008324,51986869,54440124,55689185,52492178,55793067,55936478,57278849,51970590,55287330,54600792,53667702,53241806,57721662,57496616,55653487,51020733,51518781,52865777,51179238,53520138,60073397,51622380,56318555,55609015,52577851,55662710,56379828,56681375,54375465,52601143,55929893,53411961,52907555,53081784,58716960,52783922,56070628,53742903,52225518,57424859,60608213,57138836,53368450,52998133,52656763,54247592,56172201,57174417,54013846,52275521,54423204,58632700,53201049,55219703,58145807,55794443,55769949,53295081,59072833,56508598,52324265,57310085,56892890,51681328,56194912,54472368,51299833,55892327,53955116,54896521,57275519,56026628,53987056,56857031,56111069,53443015,51162000,52841013,55199959,60496184,53520799,51092938,56353021,51806305,50889056,54366284,57057775,58189338,55951874,50524956,52233649,56933988,49710625,49744455,50611259,58111404,53950851,53213756,57211051,59341117,54132666,55768053,54135531,57080887,56171793,53778591,55239776,52283192,53607051
51276641,49902872,53915775,47431855,48953869,47768907,49029276,48023580,46578769,46578313,48024363,46593079,50684552,48067600,46966667,49324616,51510494,50136632,46218063,49025020,49409392,48926672,46011791,49114196,47298142,49979110,53938797,51749060,45289768,52198338,47875318,47715082,53259932,51920326,50969132,49252219,51976594,51140224,53768413,48671253,51276995,51808106,50911058,48121774,49464929,49264924,46943985,47517565,47004144,46780558,48358526,48603575,52561528,50446398,54101111,47854852,45545098,47640028,51160122,51079157,49704746,47685488,47649338,52585569,51023964,53609090,50256797,50260875,52061863,53195837,49484950,50042362,50828944,50528373,47740500,51800549,49708443,44703348,52093100,50049040,49124361,47622207,47865994,51311476,46745136,50995091,47580873,48078193,47220048,48636013,49522183,44889184,49413146,49997641,46763663,48350067,50580720,51491145,47510450,49161624,50633878,48579151,47382624,49901697,51050229,51504729,45384115,48938721,47876454,45355239,46635107,53679279,44939310,53902803,50291063,47133355,48987326,51575147,49480882,49711429,46595024,49051228,47636054,45416867,48915937,51409360,46352987,49200164,48300468,49715792,51690023,56038959,50374833,43254669,50628420,48399428,48890775,53663493,51338240,47664658,46426652,50662412,49512040,48296487,50670560,49748427,47963230,50647440,49099387,54548256,50491374,49688849,49990109,54045105,48863172,53704443,47608191,47694463,47925550,48128330,49617875,52938726,54518054,50723927,48425992,50201768,50504336,47575251,47522679,47781174,52322999,49089430,48103079,48016101,44700087,48160703,48354386,50836683,50337808,49248815,46398180,47638462,48330755,47543430,42782280,46535672,51190611,49004991,47123998,53121089,55654972,50542727,50798164,50130561,51513528,51201349,49624503,49030337,46555708,47932859
